dataset,acquisition,nfp_percent,trial,duration_unit,n_configurations,required_duration,required_pool_fraction_pct
MIT,random_selection,92,1,cycles,11,6818.0,40.4040404040404
MIT,random_selection,92,2,cycles,15,6788.0,32.323232323232325
MIT,random_selection,92,3,cycles,14,6802.5,40.4040404040404
MIT,random_selection,92,4,cycles,14,6254.0,40.4040404040404
MIT,random_selection,92,5,cycles,14,10197.0,48.48484848484848
MIT,random_selection,92,6,cycles,14,10143.5,52.52525252525252
MIT,random_selection,92,7,cycles,15,5039.0,32.323232323232325
MIT,random_selection,92,8,cycles,14,11110.5,60.60606060606061
MIT,random_selection,92,9,cycles,14,8845.0,44.44444444444444
MIT,random_selection,92,10,cycles,15,10451.0,56.56565656565656
MIT,random_selection,95,1,cycles,11,6818.0,40.4040404040404
MIT,random_selection,95,2,cycles,15,6788.0,32.323232323232325
MIT,random_selection,95,3,cycles,14,6802.5,40.4040404040404
MIT,random_selection,95,4,cycles,14,8104.0,48.48484848484848
MIT,random_selection,95,5,cycles,14,10631.0,52.52525252525252
MIT,random_selection,95,6,cycles,14,10666.5,56.56565656565657
MIT,random_selection,95,7,cycles,15,5039.0,32.323232323232325
MIT,random_selection,95,8,cycles,14,11110.5,60.60606060606061
MIT,random_selection,95,9,cycles,14,8845.0,44.44444444444444
MIT,random_selection,95,10,cycles,15,12301.0,64.64646464646465
MIT,random_selection,98,1,cycles,11,6818.0,40.4040404040404
MIT,random_selection,98,2,cycles,15,7803.0,40.4040404040404
MIT,random_selection,98,3,cycles,14,7340.5,44.44444444444444
MIT,random_selection,98,4,cycles,14,8104.0,48.48484848484848
MIT,random_selection,98,5,cycles,14,10631.0,52.52525252525252
MIT,random_selection,98,6,cycles,14,11784.0,60.60606060606061
MIT,random_selection,98,7,cycles,15,11189.0,64.64646464646465
MIT,random_selection,98,8,cycles,14,11110.5,60.60606060606061
MIT,random_selection,98,9,cycles,14,9561.0,48.48484848484848
MIT,random_selection,98,10,cycles,15,12301.0,64.64646464646465
MIT,diversity_oneshot,92,1,cycles,11,8863.0,40.4040404040404
MIT,diversity_oneshot,92,2,cycles,15,4069.0,24.24242424242424
MIT,diversity_oneshot,92,3,cycles,14,10072.5,56.56565656565656
MIT,diversity_oneshot,92,4,cycles,14,8744.5,48.48484848484848
MIT,diversity_oneshot,92,5,cycles,14,9425.5,52.52525252525252
MIT,diversity_oneshot,92,6,cycles,14,9290.0,48.48484848484848
MIT,diversity_oneshot,92,7,cycles,15,4883.0,24.24242424242424
MIT,diversity_oneshot,92,8,cycles,14,5742.5,32.323232323232325
MIT,diversity_oneshot,92,9,cycles,14,6647.0,40.4040404040404
MIT,diversity_oneshot,92,10,cycles,15,5193.0,32.323232323232325
MIT,diversity_oneshot,95,1,cycles,11,8863.0,40.4040404040404
MIT,diversity_oneshot,95,2,cycles,15,4069.0,24.24242424242424
MIT,diversity_oneshot,95,3,cycles,14,10072.5,56.56565656565656
MIT,diversity_oneshot,95,4,cycles,14,9865.5,52.52525252525252
MIT,diversity_oneshot,95,5,cycles,14,10660.0,56.56565656565656
MIT,diversity_oneshot,95,6,cycles,14,9290.0,48.48484848484848
MIT,diversity_oneshot,95,7,cycles,15,5880.0,32.323232323232325
MIT,diversity_oneshot,95,8,cycles,14,11629.0,56.56565656565656
MIT,diversity_oneshot,95,9,cycles,14,6647.0,40.4040404040404
MIT,diversity_oneshot,95,10,cycles,15,9620.0,48.48484848484848
MIT,diversity_oneshot,98,1,cycles,11,9114.0,48.48484848484848
MIT,diversity_oneshot,98,2,cycles,15,4806.0,24.24242424242424
MIT,diversity_oneshot,98,3,cycles,14,10072.5,56.56565656565656
MIT,diversity_oneshot,98,4,cycles,14,10221.5,56.56565656565656
MIT,diversity_oneshot,98,5,cycles,14,10660.0,56.56565656565656
MIT,diversity_oneshot,98,6,cycles,14,9290.0,48.48484848484848
MIT,diversity_oneshot,98,7,cycles,15,10585.0,64.64646464646465
MIT,diversity_oneshot,98,8,cycles,14,11666.0,56.56565656565656
MIT,diversity_oneshot,98,9,cycles,14,6647.0,40.4040404040404
MIT,diversity_oneshot,98,10,cycles,15,9620.0,56.56565656565656
MIT,diversity_iterative,92,1,cycles,11,15116.0,72.72727272727273
MIT,diversity_iterative,92,2,cycles,15,7575.0,32.323232323232325
MIT,diversity_iterative,92,3,cycles,14,7802.5,40.4040404040404
MIT,diversity_iterative,92,4,cycles,14,11821.5,52.52525252525252
MIT,diversity_iterative,92,5,cycles,14,8836.5,40.4040404040404
MIT,diversity_iterative,92,6,cycles,14,16690.0,80.8080808080808
MIT,diversity_iterative,92,7,cycles,15,5868.0,32.323232323232325
MIT,diversity_iterative,92,8,cycles,14,8161.5,40.4040404040404
MIT,diversity_iterative,92,9,cycles,14,7372.0,36.36363636363636
MIT,diversity_iterative,92,10,cycles,15,6099.0,40.4040404040404
MIT,diversity_iterative,95,1,cycles,11,15247.0,72.72727272727273
MIT,diversity_iterative,95,2,cycles,15,7575.0,32.323232323232325
MIT,diversity_iterative,95,3,cycles,14,9334.5,52.52525252525252
MIT,diversity_iterative,95,4,cycles,14,11821.5,52.52525252525252
MIT,diversity_iterative,95,5,cycles,14,8836.5,40.4040404040404
MIT,diversity_iterative,95,6,cycles,14,16690.0,80.8080808080808
MIT,diversity_iterative,95,7,cycles,15,7668.0,32.323232323232325
MIT,diversity_iterative,95,8,cycles,14,8161.5,40.4040404040404
MIT,diversity_iterative,95,9,cycles,14,8225.5,40.4040404040404
MIT,diversity_iterative,95,10,cycles,15,9733.0,40.4040404040404
MIT,diversity_iterative,98,1,cycles,11,17187.0,80.8080808080808
MIT,diversity_iterative,98,2,cycles,15,9007.0,40.4040404040404
MIT,diversity_iterative,98,3,cycles,14,9828.0,56.56565656565656
MIT,diversity_iterative,98,4,cycles,14,13809.0,64.64646464646464
MIT,diversity_iterative,98,5,cycles,14,9093.0,40.4040404040404
MIT,diversity_iterative,98,6,cycles,14,17214.5,84.84848484848484
MIT,diversity_iterative,98,7,cycles,15,9170.0,40.4040404040404
MIT,diversity_iterative,98,8,cycles,14,8161.5,40.4040404040404
MIT,diversity_iterative,98,9,cycles,14,9734.5,48.48484848484848
MIT,diversity_iterative,98,10,cycles,15,13808.0,64.64646464646465
MIT,coverage,92,1,cycles,11,6604.0,40.4040404040404
MIT,coverage,92,2,cycles,15,4641.0,24.24242424242424
MIT,coverage,92,3,cycles,14,6253.0,32.323232323232325
MIT,coverage,92,4,cycles,14,7722.5,40.4040404040404
MIT,coverage,92,5,cycles,14,5897.0,32.323232323232325
MIT,coverage,92,6,cycles,14,10954.5,56.56565656565656
MIT,coverage,92,7,cycles,15,4005.0,24.24242424242424
MIT,coverage,92,8,cycles,14,8803.5,52.52525252525252
MIT,coverage,92,9,cycles,14,8375.0,44.44444444444444
MIT,coverage,92,10,cycles,15,5244.0,32.323232323232325
MIT,coverage,95,1,cycles,11,6604.0,40.4040404040404
MIT,coverage,95,2,cycles,15,6142.0,40.4040404040404
MIT,coverage,95,3,cycles,14,6713.5,36.36363636363636
MIT,coverage,95,4,cycles,14,8540.5,48.48484848484848
MIT,coverage,95,5,cycles,14,7456.5,36.36363636363636
MIT,coverage,95,6,cycles,14,10954.5,56.56565656565656
MIT,coverage,95,7,cycles,15,5641.0,32.323232323232325
MIT,coverage,95,8,cycles,14,8803.5,52.52525252525252
MIT,coverage,95,9,cycles,14,9158.0,48.48484848484848
MIT,coverage,95,10,cycles,15,6671.0,40.4040404040404
MIT,coverage,98,1,cycles,11,6604.0,40.4040404040404
MIT,coverage,98,2,cycles,15,6142.0,40.4040404040404
MIT,coverage,98,3,cycles,14,7219.5,44.44444444444444
MIT,coverage,98,4,cycles,14,8540.5,48.48484848484848
MIT,coverage,98,5,cycles,14,7504.5,40.4040404040404
MIT,coverage,98,6,cycles,14,11177.0,56.56565656565656
MIT,coverage,98,7,cycles,15,8797.0,56.56565656565656
MIT,coverage,98,8,cycles,14,9986.0,56.56565656565656
MIT,coverage,98,9,cycles,14,9791.5,52.52525252525252
MIT,coverage,98,10,cycles,15,8555.0,48.48484848484848
MIT,exploration,92,1,cycles,11,5989.0,32.323232323232325
MIT,exploration,92,2,cycles,15,8634.0,40.4040404040404
MIT,exploration,92,3,cycles,14,7033.0,40.4040404040404
MIT,exploration,92,4,cycles,14,5772.5,32.323232323232325
MIT,exploration,92,5,cycles,14,11402.5,64.64646464646465
MIT,exploration,92,6,cycles,14,4667.0,24.24242424242424
MIT,exploration,92,7,cycles,15,4855.0,24.24242424242424
MIT,exploration,92,8,cycles,14,4117.5,24.24242424242424
MIT,exploration,92,9,cycles,14,7274.5,48.48484848484848
MIT,exploration,92,10,cycles,15,7392.0,40.4040404040404
MIT,exploration,95,1,cycles,11,5989.0,32.323232323232325
MIT,exploration,95,2,cycles,15,8822.0,56.56565656565656
MIT,exploration,95,3,cycles,14,7033.0,40.4040404040404
MIT,exploration,95,4,cycles,14,5772.5,32.323232323232325
MIT,exploration,95,5,cycles,14,12520.0,68.68686868686869
MIT,exploration,95,6,cycles,14,4667.0,24.24242424242424
MIT,exploration,95,7,cycles,15,5024.0,24.24242424242424
MIT,exploration,95,8,cycles,14,4117.5,24.24242424242424
MIT,exploration,95,9,cycles,14,8015.5,48.48484848484848
MIT,exploration,95,10,cycles,15,9574.0,56.56565656565656
MIT,exploration,98,1,cycles,11,5989.0,32.323232323232325
MIT,exploration,98,2,cycles,15,12149.0,72.72727272727273
MIT,exploration,98,3,cycles,14,7033.0,40.4040404040404
MIT,exploration,98,4,cycles,14,6693.5,36.36363636363636
MIT,exploration,98,5,cycles,14,15588.5,92.92929292929291
MIT,exploration,98,6,cycles,14,7818.5,44.44444444444444
MIT,exploration,98,7,cycles,15,5187.0,24.24242424242424
MIT,exploration,98,8,cycles,14,4935.5,28.282828282828284
MIT,exploration,98,9,cycles,14,8250.0,48.48484848484848
MIT,exploration,98,10,cycles,15,12320.0,72.72727272727273
MIT,exploitation,92,1,cycles,11,8606.0,48.48484848484848
MIT,exploitation,92,2,cycles,15,8392.0,40.4040404040404
MIT,exploitation,92,3,cycles,14,7067.0,40.4040404040404
MIT,exploitation,92,4,cycles,14,10187.5,60.60606060606061
MIT,exploitation,92,5,cycles,14,13393.0,76.76767676767676
MIT,exploitation,92,6,cycles,14,10493.5,56.56565656565656
MIT,exploitation,92,7,cycles,15,5058.0,24.24242424242424
MIT,exploitation,92,8,cycles,14,10516.5,64.64646464646465
MIT,exploitation,92,9,cycles,14,7905.0,40.4040404040404
MIT,exploitation,92,10,cycles,15,10719.0,56.56565656565656
MIT,exploitation,95,1,cycles,11,8676.0,48.48484848484848
MIT,exploitation,95,2,cycles,15,8392.0,40.4040404040404
MIT,exploitation,95,3,cycles,14,7067.0,40.4040404040404
MIT,exploitation,95,4,cycles,14,10712.0,64.64646464646465
MIT,exploitation,95,5,cycles,14,14209.5,76.76767676767676
MIT,exploitation,95,6,cycles,14,10493.5,56.56565656565656
MIT,exploitation,95,7,cycles,15,5058.0,24.24242424242424
MIT,exploitation,95,8,cycles,14,10516.5,64.64646464646465
MIT,exploitation,95,9,cycles,14,7905.0,40.4040404040404
MIT,exploitation,95,10,cycles,15,13575.0,72.72727272727273
MIT,exploitation,98,1,cycles,11,8676.0,48.48484848484848
MIT,exploitation,98,2,cycles,15,8412.0,48.48484848484848
MIT,exploitation,98,3,cycles,14,9141.5,52.52525252525252
MIT,exploitation,98,4,cycles,14,10712.0,64.64646464646465
MIT,exploitation,98,5,cycles,14,14209.5,76.76767676767676
MIT,exploitation,98,6,cycles,14,11006.5,60.60606060606061
MIT,exploitation,98,7,cycles,15,5405.0,24.24242424242424
MIT,exploitation,98,8,cycles,14,10880.5,64.64646464646465
MIT,exploitation,98,9,cycles,14,8876.0,48.48484848484848
MIT,exploitation,98,10,cycles,15,14810.0,88.88888888888889
MIT,hybrid,92,1,cycles,11,6369.0,32.323232323232325
MIT,hybrid,92,2,cycles,15,5322.0,32.323232323232325
MIT,hybrid,92,3,cycles,14,3845.0,24.24242424242424
MIT,hybrid,92,4,cycles,14,5749.0,32.323232323232325
MIT,hybrid,92,5,cycles,14,4423.5,28.282828282828284
MIT,hybrid,92,6,cycles,14,9571.5,48.48484848484848
MIT,hybrid,92,7,cycles,15,4871.0,24.24242424242424
MIT,hybrid,92,8,cycles,14,4795.0,28.282828282828284
MIT,hybrid,92,9,cycles,14,7782.0,40.4040404040404
MIT,hybrid,92,10,cycles,15,5539.0,32.323232323232325
MIT,hybrid,95,1,cycles,11,6594.0,32.323232323232325
MIT,hybrid,95,2,cycles,15,5322.0,32.323232323232325
MIT,hybrid,95,3,cycles,14,3845.0,24.24242424242424
MIT,hybrid,95,4,cycles,14,6763.0,36.36363636363636
MIT,hybrid,95,5,cycles,14,4423.5,28.282828282828284
MIT,hybrid,95,6,cycles,14,9571.5,48.48484848484848
MIT,hybrid,95,7,cycles,15,4920.0,24.24242424242424
MIT,hybrid,95,8,cycles,14,9893.0,56.56565656565656
MIT,hybrid,95,9,cycles,14,8438.5,44.44444444444444
MIT,hybrid,95,10,cycles,15,5824.0,32.323232323232325
MIT,hybrid,98,1,cycles,11,7095.0,32.323232323232325
MIT,hybrid,98,2,cycles,15,5884.0,32.323232323232325
MIT,hybrid,98,3,cycles,14,4497.0,24.24242424242424
MIT,hybrid,98,4,cycles,14,7019.0,40.4040404040404
MIT,hybrid,98,5,cycles,14,8155.5,44.44444444444444
MIT,hybrid,98,6,cycles,14,9987.5,52.52525252525252
MIT,hybrid,98,7,cycles,15,8423.0,56.56565656565656
MIT,hybrid,98,8,cycles,14,10054.0,56.56565656565656
MIT,hybrid,98,9,cycles,14,8838.5,48.48484848484848
MIT,hybrid,98,10,cycles,15,8732.0,48.48484848484848
ISU_ILCC,random_selection,92,1,weeks,14,346.65636243386245,66.32124352331607
ISU_ILCC,random_selection,92,2,weeks,13,275.10171089616404,58.03108808290155
ISU_ILCC,random_selection,92,3,weeks,15,211.86768311838625,33.160621761658035
ISU_ILCC,random_selection,92,4,weeks,15,321.46128265542325,58.03108808290155
ISU_ILCC,random_selection,92,5,weeks,15,329.31304894179897,66.32124352331607
ISU_ILCC,random_selection,92,6,weeks,13,270.0903224206349,58.03108808290155
ISU_ILCC,random_selection,92,7,weeks,12,117.09382688492065,20.725388601036272
ISU_ILCC,random_selection,92,8,weeks,15,231.21775876322755,41.45077720207254
ISU_ILCC,random_selection,92,9,weeks,11,155.89173900462964,33.160621761658035
ISU_ILCC,random_selection,92,10,weeks,13,108.27945105820106,24.870466321243523
ISU_ILCC,random_selection,95,1,weeks,14,385.84174024470906,74.61139896373058
ISU_ILCC,random_selection,95,2,weeks,13,275.10171089616404,58.03108808290155
ISU_ILCC,random_selection,95,3,weeks,15,211.86768311838625,33.160621761658035
ISU_ILCC,random_selection,95,4,weeks,15,350.0880882109788,66.32124352331607
ISU_ILCC,random_selection,95,5,weeks,15,398.2699830522487,74.61139896373057
ISU_ILCC,random_selection,95,6,weeks,13,314.8645271164021,66.32124352331607
ISU_ILCC,random_selection,95,7,weeks,12,117.09382688492065,20.725388601036272
ISU_ILCC,random_selection,95,8,weeks,15,269.3470825066138,49.740932642487046
ISU_ILCC,random_selection,95,9,weeks,11,351.5503228339948,66.32124352331607
ISU_ILCC,random_selection,95,10,weeks,13,108.27945105820106,24.870466321243523
ISU_ILCC,random_selection,98,1,weeks,14,513.0126471560847,99.48186528497408
ISU_ILCC,random_selection,98,2,weeks,13,275.10171089616404,58.03108808290155
ISU_ILCC,random_selection,98,3,weeks,15,211.86768311838625,33.160621761658035
ISU_ILCC,random_selection,98,4,weeks,15,350.0880882109788,66.32124352331607
ISU_ILCC,random_selection,98,5,weeks,15,436.4271159887567,82.90155440414507
ISU_ILCC,random_selection,98,6,weeks,13,314.8645271164021,66.32124352331607
ISU_ILCC,random_selection,98,7,weeks,12,141.285966848545,24.870466321243526
ISU_ILCC,random_selection,98,8,weeks,15,269.3470825066138,49.740932642487046
ISU_ILCC,random_selection,98,9,weeks,11,351.5503228339948,66.32124352331607
ISU_ILCC,random_selection,98,10,weeks,13,108.27945105820106,24.870466321243523
ISU_ILCC,diversity_oneshot,92,1,weeks,14,289.81818700396826,58.03108808290156
ISU_ILCC,diversity_oneshot,92,2,weeks,13,254.89606688161376,49.740932642487046
ISU_ILCC,diversity_oneshot,92,3,weeks,15,116.21007357804235,24.870466321243523
ISU_ILCC,diversity_oneshot,92,4,weeks,15,136.33459408068782,24.870466321243523
ISU_ILCC,diversity_oneshot,92,5,weeks,15,259.21788318452377,41.45077720207254
ISU_ILCC,diversity_oneshot,92,6,weeks,13,186.43671461640207,33.160621761658035
ISU_ILCC,diversity_oneshot,92,7,weeks,12,267.19781208664017,49.740932642487046
ISU_ILCC,diversity_oneshot,92,8,weeks,15,61.08568287037036,8.290155440414509
ISU_ILCC,diversity_oneshot,92,9,weeks,11,97.6294188161376,16.580310880829018
ISU_ILCC,diversity_oneshot,92,10,weeks,13,132.67653852513226,24.870466321243523
ISU_ILCC,diversity_oneshot,95,1,weeks,14,285.0133736359127,58.03108808290156
ISU_ILCC,diversity_oneshot,95,2,weeks,13,254.89606688161376,49.740932642487046
ISU_ILCC,diversity_oneshot,95,3,weeks,15,188.7483482142857,33.160621761658035
ISU_ILCC,diversity_oneshot,95,4,weeks,15,136.33459408068782,24.870466321243523
ISU_ILCC,diversity_oneshot,95,5,weeks,15,335.72578827711635,58.03108808290155
ISU_ILCC,diversity_oneshot,95,6,weeks,13,226.85871031746035,41.45077720207254
ISU_ILCC,diversity_oneshot,95,7,weeks,12,267.19781208664017,49.740932642487046
ISU_ILCC,diversity_oneshot,95,8,weeks,15,61.08568287037036,8.290155440414509
ISU_ILCC,diversity_oneshot,95,9,weeks,11,97.6294188161376,16.580310880829018
ISU_ILCC,diversity_oneshot,95,10,weeks,13,132.67653852513226,24.870466321243523
ISU_ILCC,diversity_oneshot,98,1,weeks,14,287.07988405257936,58.03108808290156
ISU_ILCC,diversity_oneshot,98,2,weeks,13,254.89606688161376,49.740932642487046
ISU_ILCC,diversity_oneshot,98,3,weeks,15,283.3333841765873,49.740932642487046
ISU_ILCC,diversity_oneshot,98,4,weeks,15,136.33459408068782,24.870466321243523
ISU_ILCC,diversity_oneshot,98,5,weeks,15,349.00791708002646,58.03108808290155
ISU_ILCC,diversity_oneshot,98,6,weeks,13,226.85871031746035,41.45077720207254
ISU_ILCC,diversity_oneshot,98,7,weeks,12,267.19781208664017,49.740932642487046
ISU_ILCC,diversity_oneshot,98,8,weeks,15,80.6054803240741,16.580310880829018
ISU_ILCC,diversity_oneshot,98,9,weeks,11,97.6294188161376,16.580310880829018
ISU_ILCC,diversity_oneshot,98,10,weeks,13,132.67653852513226,24.870466321243523
ISU_ILCC,diversity_iterative,92,1,weeks,14,456.1947354497354,91.19170984455958
ISU_ILCC,diversity_iterative,92,2,weeks,13,218.14844328703705,41.45077720207254
ISU_ILCC,diversity_iterative,92,3,weeks,15,269.9916278108466,49.740932642487046
ISU_ILCC,diversity_iterative,92,4,weeks,15,208.6028368882275,33.160621761658035
ISU_ILCC,diversity_iterative,92,5,weeks,15,333.4761235119047,58.03108808290155
ISU_ILCC,diversity_iterative,92,6,weeks,13,92.76211805555556,16.580310880829018
ISU_ILCC,diversity_iterative,92,7,weeks,12,433.0716739004629,78.75647668393782
ISU_ILCC,diversity_iterative,92,8,weeks,15,61.08568287037036,8.290155440414509
ISU_ILCC,diversity_iterative,92,9,weeks,11,224.97852141203705,41.45077720207254
ISU_ILCC,diversity_iterative,92,10,weeks,13,330.89884672619047,66.32124352331607
ISU_ILCC,diversity_iterative,95,1,weeks,14,466.3071775793651,91.19170984455958
ISU_ILCC,diversity_iterative,95,2,weeks,13,396.2170874669312,74.61139896373057
ISU_ILCC,diversity_iterative,95,3,weeks,15,326.2412582671958,58.03108808290155
ISU_ILCC,diversity_iterative,95,4,weeks,15,212.05714740410053,33.160621761658035
ISU_ILCC,diversity_iterative,95,5,weeks,15,336.9610367063492,58.03108808290155
ISU_ILCC,diversity_iterative,95,6,weeks,13,92.76211805555556,16.580310880829018
ISU_ILCC,diversity_iterative,95,7,weeks,12,433.0716739004629,78.75647668393782
ISU_ILCC,diversity_iterative,95,8,weeks,15,61.08568287037036,8.290155440414509
ISU_ILCC,diversity_iterative,95,9,weeks,11,224.97852141203705,41.45077720207254
ISU_ILCC,diversity_iterative,95,10,weeks,13,412.3978050595238,82.90155440414507
ISU_ILCC,diversity_iterative,98,1,weeks,14,491.371363260582,99.48186528497408
ISU_ILCC,diversity_iterative,98,2,weeks,13,432.6241075562169,82.90155440414507
ISU_ILCC,diversity_iterative,98,3,weeks,15,326.7958407738096,58.03108808290155
ISU_ILCC,diversity_iterative,98,4,weeks,15,212.05714740410053,33.160621761658035
ISU_ILCC,diversity_iterative,98,5,weeks,15,491.5610226521164,91.19170984455958
ISU_ILCC,diversity_iterative,98,6,weeks,13,92.76211805555556,16.580310880829018
ISU_ILCC,diversity_iterative,98,7,weeks,12,482.671374834656,91.19170984455955
ISU_ILCC,diversity_iterative,98,8,weeks,15,90.47009093915348,16.580310880829018
ISU_ILCC,diversity_iterative,98,9,weeks,11,224.97852141203705,41.45077720207254
ISU_ILCC,diversity_iterative,98,10,weeks,13,412.3978050595238,82.90155440414507
ISU_ILCC,coverage,92,1,weeks,14,237.8273408564816,49.740932642487046
ISU_ILCC,coverage,92,2,weeks,13,222.43362144510584,41.45077720207254
ISU_ILCC,coverage,92,3,weeks,15,232.3188024966931,41.45077720207254
ISU_ILCC,coverage,92,4,weeks,15,237.77318245701056,41.45077720207254
ISU_ILCC,coverage,92,5,weeks,15,167.15876322751325,33.160621761658035
ISU_ILCC,coverage,92,6,weeks,13,185.3978158068783,33.160621761658035
ISU_ILCC,coverage,92,7,weeks,12,415.52584780092593,82.90155440414507
ISU_ILCC,coverage,92,8,weeks,15,171.6949772652116,33.160621761658035
ISU_ILCC,coverage,92,9,weeks,11,121.13969370039682,24.870466321243523
ISU_ILCC,coverage,92,10,weeks,13,187.46353215939152,33.160621761658035
ISU_ILCC,coverage,95,1,weeks,14,269.6321354166667,53.88601036269429
ISU_ILCC,coverage,95,2,weeks,13,246.5842580191799,49.740932642487046
ISU_ILCC,coverage,95,3,weeks,15,232.3188024966931,41.45077720207254
ISU_ILCC,coverage,95,4,weeks,15,237.77318245701056,41.45077720207254
ISU_ILCC,coverage,95,5,weeks,15,184.62994874338625,41.45077720207254
ISU_ILCC,coverage,95,6,weeks,13,185.3978158068783,33.160621761658035
ISU_ILCC,coverage,95,7,weeks,12,438.8701605902778,82.90155440414507
ISU_ILCC,coverage,95,8,weeks,15,182.693927744709,41.45077720207254
ISU_ILCC,coverage,95,9,weeks,11,121.13969370039682,24.870466321243523
ISU_ILCC,coverage,95,10,weeks,13,219.45788318452372,41.45077720207254
ISU_ILCC,coverage,98,1,weeks,14,269.6321354166667,53.88601036269429
ISU_ILCC,coverage,98,2,weeks,13,274.9571829530423,58.03108808290155
ISU_ILCC,coverage,98,3,weeks,15,253.70563533399468,41.45077720207254
ISU_ILCC,coverage,98,4,weeks,15,237.77318245701056,41.45077720207254
ISU_ILCC,coverage,98,5,weeks,15,184.62994874338625,41.45077720207254
ISU_ILCC,coverage,98,6,weeks,13,185.3978158068783,33.160621761658035
ISU_ILCC,coverage,98,7,weeks,12,438.8701605902778,82.90155440414507
ISU_ILCC,coverage,98,8,weeks,15,342.1468113425926,66.32124352331607
ISU_ILCC,coverage,98,9,weeks,11,121.13969370039682,24.870466321243523
ISU_ILCC,coverage,98,10,weeks,13,267.8562189980159,49.740932642487046
ISU_ILCC,exploration,92,1,weeks,14,168.77649718915345,41.45077720207254
ISU_ILCC,exploration,92,2,weeks,13,218.4563140707672,41.45077720207254
ISU_ILCC,exploration,92,3,weeks,15,222.6295812665344,41.45077720207254
ISU_ILCC,exploration,92,4,weeks,15,278.99381365740743,49.740932642487046
ISU_ILCC,exploration,92,5,weeks,15,182.0417861276455,33.160621761658035
ISU_ILCC,exploration,92,6,weeks,13,193.32449735449737,49.740932642487046
ISU_ILCC,exploration,92,7,weeks,12,439.1256824570106,87.04663212435233
ISU_ILCC,exploration,92,8,weeks,15,324.6373350694445,58.03108808290155
ISU_ILCC,exploration,92,9,weeks,11,166.73886532738095,41.45077720207254
ISU_ILCC,exploration,92,10,weeks,13,237.0680493551588,41.45077720207254
ISU_ILCC,exploration,95,1,weeks,14,204.3703125,45.59585492227979
ISU_ILCC,exploration,95,2,weeks,13,246.2732146990741,49.740932642487046
ISU_ILCC,exploration,95,3,weeks,15,237.9288917824074,41.45077720207254
ISU_ILCC,exploration,95,4,weeks,15,278.99381365740743,49.740932642487046
ISU_ILCC,exploration,95,5,weeks,15,220.17110987103172,41.45077720207254
ISU_ILCC,exploration,95,6,weeks,13,193.32449735449737,49.740932642487046
ISU_ILCC,exploration,95,7,weeks,12,489.4133599950397,95.33678756476684
ISU_ILCC,exploration,95,8,weeks,15,324.6373350694445,66.32124352331607
ISU_ILCC,exploration,95,9,weeks,11,166.73886532738095,41.45077720207254
ISU_ILCC,exploration,95,10,weeks,13,237.0680493551588,41.45077720207254
ISU_ILCC,exploration,98,1,weeks,14,267.7516633597884,58.03108808290155
ISU_ILCC,exploration,98,2,weeks,13,279.3338306051587,58.03108808290155
ISU_ILCC,exploration,98,3,weeks,15,271.0138611937831,41.45077720207254
ISU_ILCC,exploration,98,4,weeks,15,278.99381365740743,49.740932642487046
ISU_ILCC,exploration,98,5,weeks,15,281.25679274140214,49.740932642487046
ISU_ILCC,exploration,98,6,weeks,13,193.32449735449737,49.740932642487046
ISU_ILCC,exploration,98,7,weeks,12,498.65271474041,95.33678756476684
ISU_ILCC,exploration,98,8,weeks,15,337.0228149801587,74.61139896373057
ISU_ILCC,exploration,98,9,weeks,11,166.73886532738095,41.45077720207254
ISU_ILCC,exploration,98,10,weeks,13,247.1535672949736,58.03108808290155
ISU_ILCC,exploitation,92,1,weeks,14,224.30445023148144,45.59585492227979
ISU_ILCC,exploitation,92,2,weeks,13,254.8033387070106,49.740932642487046
ISU_ILCC,exploitation,92,3,weeks,15,266.20110573743386,41.45077720207254
ISU_ILCC,exploitation,92,4,weeks,15,362.7536702215608,74.61139896373057
ISU_ILCC,exploitation,92,5,weeks,15,234.06553075396823,41.45077720207254
ISU_ILCC,exploitation,92,6,weeks,13,244.2473263888889,49.740932642487046
ISU_ILCC,exploitation,92,7,weeks,12,344.0235842427249,70.46632124352331
ISU_ILCC,exploitation,92,8,weeks,15,292.929496114418,58.03108808290155
ISU_ILCC,exploitation,92,9,weeks,11,374.5674466765873,74.61139896373057
ISU_ILCC,exploitation,92,10,weeks,13,227.081710896164,49.740932642487046
ISU_ILCC,exploitation,95,1,weeks,14,292.98837880291,58.03108808290156
ISU_ILCC,exploitation,95,2,weeks,13,259.57771453373016,49.740932642487046
ISU_ILCC,exploitation,95,3,weeks,15,317.4767534722222,58.03108808290155
ISU_ILCC,exploitation,95,4,weeks,15,362.7536702215608,74.61139896373057
ISU_ILCC,exploitation,95,5,weeks,15,380.7060007440476,74.61139896373057
ISU_ILCC,exploitation,95,6,weeks,13,258.55575066137567,49.740932642487046
ISU_ILCC,exploitation,95,7,weeks,12,344.0235842427249,70.46632124352331
ISU_ILCC,exploitation,95,8,weeks,15,292.929496114418,58.03108808290155
ISU_ILCC,exploitation,95,9,weeks,11,374.5674466765873,74.61139896373057
ISU_ILCC,exploitation,95,10,weeks,13,292.68974495701053,66.32124352331607
ISU_ILCC,exploitation,98,1,weeks,14,312.62349847056873,70.46632124352331
ISU_ILCC,exploitation,98,2,weeks,13,304.15711929563486,58.03108808290155
ISU_ILCC,exploitation,98,3,weeks,15,367.0172085813492,74.61139896373057
ISU_ILCC,exploitation,98,4,weeks,15,398.3419150958994,91.19170984455958
ISU_ILCC,exploitation,98,5,weeks,15,380.7060007440476,82.90155440414507
ISU_ILCC,exploitation,98,6,weeks,13,258.55575066137567,49.740932642487046
ISU_ILCC,exploitation,98,7,weeks,12,344.0235842427249,70.46632124352331
ISU_ILCC,exploitation,98,8,weeks,15,292.929496114418,58.03108808290155
ISU_ILCC,exploitation,98,9,weeks,11,390.1536487268518,74.61139896373057
ISU_ILCC,exploitation,98,10,weeks,13,292.68974495701053,66.32124352331607
ISU_ILCC,hybrid,92,1,weeks,14,235.97402943121693,58.03108808290155
ISU_ILCC,hybrid,92,2,weeks,13,220.0683110119048,49.740932642487046
ISU_ILCC,hybrid,92,3,weeks,15,316.46527571097874,49.740932642487046
ISU_ILCC,hybrid,92,4,weeks,15,231.62103463955023,41.45077720207254
ISU_ILCC,hybrid,92,5,weeks,15,203.62315848214288,41.45077720207254
ISU_ILCC,hybrid,92,6,weeks,13,115.74532076719574,24.870466321243523
ISU_ILCC,hybrid,92,7,weeks,12,259.5730634093916,41.45077720207254
ISU_ILCC,hybrid,92,8,weeks,15,220.3093444113757,41.45077720207254
ISU_ILCC,hybrid,92,9,weeks,11,174.98877604166668,33.160621761658035
ISU_ILCC,hybrid,92,10,weeks,13,150.5266364914021,24.870466321243523
ISU_ILCC,hybrid,95,1,weeks,14,235.97402943121693,58.03108808290155
ISU_ILCC,hybrid,95,2,weeks,13,223.47335069444443,49.740932642487046
ISU_ILCC,hybrid,95,3,weeks,15,339.9356196263228,58.03108808290155
ISU_ILCC,hybrid,95,4,weeks,15,290.2257022982804,58.03108808290155
ISU_ILCC,hybrid,95,5,weeks,15,222.8031890707672,41.45077720207254
ISU_ILCC,hybrid,95,6,weeks,13,115.74532076719574,24.870466321243523
ISU_ILCC,hybrid,95,7,weeks,12,259.5730634093916,41.45077720207254
ISU_ILCC,hybrid,95,8,weeks,15,242.514617228836,49.740932642487046
ISU_ILCC,hybrid,95,9,weeks,11,174.98877604166668,33.160621761658035
ISU_ILCC,hybrid,95,10,weeks,13,191.75158854166665,33.160621761658035
ISU_ILCC,hybrid,98,1,weeks,14,269.9164283647487,58.03108808290155
ISU_ILCC,hybrid,98,2,weeks,13,223.47335069444443,49.740932642487046
ISU_ILCC,hybrid,98,3,weeks,15,339.9356196263228,66.32124352331607
ISU_ILCC,hybrid,98,4,weeks,15,314.7657122189153,66.32124352331607
ISU_ILCC,hybrid,98,5,weeks,15,246.4336983300265,41.45077720207254
ISU_ILCC,hybrid,98,6,weeks,13,115.74532076719574,24.870466321243523
ISU_ILCC,hybrid,98,7,weeks,12,259.5730634093916,41.45077720207254
ISU_ILCC,hybrid,98,8,weeks,15,273.49198660714285,66.32124352331607
ISU_ILCC,hybrid,98,9,weeks,11,174.98877604166668,33.160621761658035
ISU_ILCC,hybrid,98,10,weeks,13,255.4350086805556,49.740932642487046
LSD_Primary,random_selection,92,1,cycles,15,7813.0,72.41379310344827
LSD_Primary,random_selection,92,2,cycles,14,5483.5,46.55172413793103
LSD_Primary,random_selection,92,3,cycles,7,3577.0,31.03448275862069
LSD_Primary,random_selection,92,4,cycles,14,4062.0,41.37931034482759
LSD_Primary,random_selection,92,5,cycles,12,6822.0,62.06896551724138
LSD_Primary,random_selection,92,6,cycles,11,3548.0,31.03448275862069
LSD_Primary,random_selection,92,7,cycles,11,6566.0,72.41379310344827
LSD_Primary,random_selection,92,8,cycles,14,7355.0,62.06896551724138
LSD_Primary,random_selection,92,9,cycles,12,2829.5,25.86206896551725
LSD_Primary,random_selection,92,10,cycles,11,6568.0,62.06896551724138
LSD_Primary,random_selection,95,1,cycles,15,7813.0,72.41379310344827
LSD_Primary,random_selection,95,2,cycles,14,5483.5,46.55172413793103
LSD_Primary,random_selection,95,3,cycles,7,4531.0,41.37931034482759
LSD_Primary,random_selection,95,4,cycles,14,5411.0,51.72413793103448
LSD_Primary,random_selection,95,5,cycles,12,6822.0,62.06896551724138
LSD_Primary,random_selection,95,6,cycles,11,3548.0,31.03448275862069
LSD_Primary,random_selection,95,7,cycles,11,9123.0,93.10344827586206
LSD_Primary,random_selection,95,8,cycles,14,7955.5,67.24137931034483
LSD_Primary,random_selection,95,9,cycles,12,3546.0,31.03448275862069
LSD_Primary,random_selection,95,10,cycles,11,9350.0,82.75862068965517
LSD_Primary,random_selection,98,1,cycles,15,10124.0,93.10344827586206
LSD_Primary,random_selection,98,2,cycles,14,6045.0,51.72413793103448
LSD_Primary,random_selection,98,3,cycles,7,4531.0,41.37931034482759
LSD_Primary,random_selection,98,4,cycles,14,5411.0,51.72413793103448
LSD_Primary,random_selection,98,5,cycles,12,8003.0,72.41379310344827
LSD_Primary,random_selection,98,6,cycles,11,3548.0,31.03448275862069
LSD_Primary,random_selection,98,7,cycles,11,10556.0,100.0
LSD_Primary,random_selection,98,8,cycles,14,9817.5,87.93103448275862
LSD_Primary,random_selection,98,9,cycles,12,3546.0,31.03448275862069
LSD_Primary,random_selection,98,10,cycles,11,9350.0,82.75862068965517
LSD_Primary,diversity_oneshot,92,1,cycles,15,3509.0,31.03448275862069
LSD_Primary,diversity_oneshot,92,2,cycles,14,3716.0,31.03448275862069
LSD_Primary,diversity_oneshot,92,3,cycles,7,3489.0,31.03448275862069
LSD_Primary,diversity_oneshot,92,4,cycles,14,4458.0,36.20689655172414
LSD_Primary,diversity_oneshot,92,5,cycles,12,2650.5,25.86206896551725
LSD_Primary,diversity_oneshot,92,6,cycles,11,2006.0,20.6896551724138
LSD_Primary,diversity_oneshot,92,7,cycles,11,3803.0,31.03448275862069
LSD_Primary,diversity_oneshot,92,8,cycles,14,2006.0,20.6896551724138
LSD_Primary,diversity_oneshot,92,9,cycles,12,2440.5,20.6896551724138
LSD_Primary,diversity_oneshot,92,10,cycles,11,3546.0,31.03448275862069
LSD_Primary,diversity_oneshot,95,1,cycles,15,3509.0,31.03448275862069
LSD_Primary,diversity_oneshot,95,2,cycles,14,3716.0,31.03448275862069
LSD_Primary,diversity_oneshot,95,3,cycles,7,3489.0,31.03448275862069
LSD_Primary,diversity_oneshot,95,4,cycles,14,4458.0,36.20689655172414
LSD_Primary,diversity_oneshot,95,5,cycles,12,2650.5,25.86206896551725
LSD_Primary,diversity_oneshot,95,6,cycles,11,2006.0,20.6896551724138
LSD_Primary,diversity_oneshot,95,7,cycles,11,5015.0,41.37931034482759
LSD_Primary,diversity_oneshot,95,8,cycles,14,2070.0,20.6896551724138
LSD_Primary,diversity_oneshot,95,9,cycles,12,2440.5,20.6896551724138
LSD_Primary,diversity_oneshot,95,10,cycles,11,3546.0,31.03448275862069
LSD_Primary,diversity_oneshot,98,1,cycles,15,3783.0,41.37931034482759
LSD_Primary,diversity_oneshot,98,2,cycles,14,3796.0,36.20689655172414
LSD_Primary,diversity_oneshot,98,3,cycles,7,5132.0,41.37931034482759
LSD_Primary,diversity_oneshot,98,4,cycles,14,4582.5,41.37931034482759
LSD_Primary,diversity_oneshot,98,5,cycles,12,3104.0,31.03448275862069
LSD_Primary,diversity_oneshot,98,6,cycles,11,3817.0,31.03448275862069
LSD_Primary,diversity_oneshot,98,7,cycles,11,5015.0,41.37931034482759
LSD_Primary,diversity_oneshot,98,8,cycles,14,3453.0,31.03448275862069
LSD_Primary,diversity_oneshot,98,9,cycles,12,2440.5,20.6896551724138
LSD_Primary,diversity_oneshot,98,10,cycles,11,4508.0,41.37931034482759
LSD_Primary,diversity_iterative,92,1,cycles,15,2280.0,20.6896551724138
LSD_Primary,diversity_iterative,92,2,cycles,14,4159.0,36.206896551724135
LSD_Primary,diversity_iterative,92,3,cycles,7,4506.0,41.37931034482759
LSD_Primary,diversity_iterative,92,4,cycles,14,5030.5,46.55172413793103
LSD_Primary,diversity_iterative,92,5,cycles,12,3503.0,31.03448275862069
LSD_Primary,diversity_iterative,92,6,cycles,11,3342.0,31.03448275862069
LSD_Primary,diversity_iterative,92,7,cycles,11,4219.0,41.37931034482759
LSD_Primary,diversity_iterative,92,8,cycles,14,1937.0,20.6896551724138
LSD_Primary,diversity_iterative,92,9,cycles,12,2968.0,31.03448275862069
LSD_Primary,diversity_iterative,92,10,cycles,11,3489.0,31.03448275862069
LSD_Primary,diversity_iterative,95,1,cycles,15,2280.0,20.6896551724138
LSD_Primary,diversity_iterative,95,2,cycles,14,4159.0,36.206896551724135
LSD_Primary,diversity_iterative,95,3,cycles,7,4506.0,41.37931034482759
LSD_Primary,diversity_iterative,95,4,cycles,14,5030.5,46.55172413793103
LSD_Primary,diversity_iterative,95,5,cycles,12,4233.0,36.20689655172414
LSD_Primary,diversity_iterative,95,6,cycles,11,3342.0,31.03448275862069
LSD_Primary,diversity_iterative,95,7,cycles,11,4432.0,41.37931034482759
LSD_Primary,diversity_iterative,95,8,cycles,14,2537.5,25.86206896551725
LSD_Primary,diversity_iterative,95,9,cycles,12,2968.0,31.03448275862069
LSD_Primary,diversity_iterative,95,10,cycles,11,4309.0,41.37931034482759
LSD_Primary,diversity_iterative,98,1,cycles,15,2953.0,31.03448275862069
LSD_Primary,diversity_iterative,98,2,cycles,14,4159.0,36.206896551724135
LSD_Primary,diversity_iterative,98,3,cycles,7,4506.0,41.37931034482759
LSD_Primary,diversity_iterative,98,4,cycles,14,5715.5,56.89655172413793
LSD_Primary,diversity_iterative,98,5,cycles,12,5985.0,51.72413793103448
LSD_Primary,diversity_iterative,98,6,cycles,11,3342.0,31.03448275862069
LSD_Primary,diversity_iterative,98,7,cycles,11,5678.0,51.72413793103448
LSD_Primary,diversity_iterative,98,8,cycles,14,3256.5,31.03448275862069
LSD_Primary,diversity_iterative,98,9,cycles,12,2968.0,31.03448275862069
LSD_Primary,diversity_iterative,98,10,cycles,11,4440.0,41.37931034482759
LSD_Primary,coverage,92,1,cycles,15,3395.0,41.37931034482759
LSD_Primary,coverage,92,2,cycles,14,4928.0,51.72413793103448
LSD_Primary,coverage,92,3,cycles,7,4263.0,41.37931034482759
LSD_Primary,coverage,92,4,cycles,14,3017.0,31.03448275862069
LSD_Primary,coverage,92,5,cycles,12,2265.5,20.6896551724138
LSD_Primary,coverage,92,6,cycles,11,2387.0,20.6896551724138
LSD_Primary,coverage,92,7,cycles,11,4322.0,41.37931034482759
LSD_Primary,coverage,92,8,cycles,14,1732.0,20.6896551724138
LSD_Primary,coverage,92,9,cycles,12,2628.0,31.03448275862069
LSD_Primary,coverage,92,10,cycles,11,1996.0,20.6896551724138
LSD_Primary,coverage,95,1,cycles,15,3395.0,41.37931034482759
LSD_Primary,coverage,95,2,cycles,14,6206.5,56.89655172413793
LSD_Primary,coverage,95,3,cycles,7,6740.0,62.06896551724138
LSD_Primary,coverage,95,4,cycles,14,3032.5,31.03448275862069
LSD_Primary,coverage,95,5,cycles,12,2265.5,20.6896551724138
LSD_Primary,coverage,95,6,cycles,11,2387.0,20.6896551724138
LSD_Primary,coverage,95,7,cycles,11,5539.0,51.72413793103448
LSD_Primary,coverage,95,8,cycles,14,1732.0,20.6896551724138
LSD_Primary,coverage,95,9,cycles,12,2628.0,31.03448275862069
LSD_Primary,coverage,95,10,cycles,11,2827.0,31.03448275862069
LSD_Primary,coverage,98,1,cycles,15,3571.0,41.37931034482759
LSD_Primary,coverage,98,2,cycles,14,6847.0,62.06896551724138
LSD_Primary,coverage,98,3,cycles,7,6740.0,62.06896551724138
LSD_Primary,coverage,98,4,cycles,14,3121.0,31.03448275862069
LSD_Primary,coverage,98,5,cycles,12,2265.5,20.6896551724138
LSD_Primary,coverage,98,6,cycles,11,2387.0,20.6896551724138
LSD_Primary,coverage,98,7,cycles,11,7057.0,62.06896551724138
LSD_Primary,coverage,98,8,cycles,14,2841.5,31.03448275862069
LSD_Primary,coverage,98,9,cycles,12,2628.0,31.03448275862069
LSD_Primary,coverage,98,10,cycles,11,2827.0,31.03448275862069
LSD_Primary,exploration,92,1,cycles,15,3665.0,41.37931034482759
LSD_Primary,exploration,92,2,cycles,14,4676.0,46.55172413793103
LSD_Primary,exploration,92,3,cycles,7,5707.0,51.72413793103448
LSD_Primary,exploration,92,4,cycles,14,3095.5,31.03448275862069
LSD_Primary,exploration,92,5,cycles,12,2298.0,20.6896551724138
LSD_Primary,exploration,92,6,cycles,11,2701.0,31.03448275862069
LSD_Primary,exploration,92,7,cycles,11,4226.0,51.72413793103448
LSD_Primary,exploration,92,8,cycles,14,1606.0,20.6896551724138
LSD_Primary,exploration,92,9,cycles,12,2479.5,31.03448275862069
LSD_Primary,exploration,92,10,cycles,11,1977.0,31.03448275862069
LSD_Primary,exploration,95,1,cycles,15,4455.0,51.72413793103448
LSD_Primary,exploration,95,2,cycles,14,5091.5,51.72413793103448
LSD_Primary,exploration,95,3,cycles,7,6755.0,62.06896551724138
LSD_Primary,exploration,95,4,cycles,14,4063.0,36.20689655172414
LSD_Primary,exploration,95,5,cycles,12,2298.0,20.6896551724138
LSD_Primary,exploration,95,6,cycles,11,2701.0,31.03448275862069
LSD_Primary,exploration,95,7,cycles,11,7305.0,72.41379310344827
LSD_Primary,exploration,95,8,cycles,14,2235.0,25.86206896551725
LSD_Primary,exploration,95,9,cycles,12,2479.5,31.03448275862069
LSD_Primary,exploration,95,10,cycles,11,2371.0,31.03448275862069
LSD_Primary,exploration,98,1,cycles,15,4455.0,51.72413793103448
LSD_Primary,exploration,98,2,cycles,14,5091.5,51.72413793103448
LSD_Primary,exploration,98,3,cycles,7,6755.0,62.06896551724138
LSD_Primary,exploration,98,4,cycles,14,4063.0,36.20689655172414
LSD_Primary,exploration,98,5,cycles,12,2298.0,20.6896551724138
LSD_Primary,exploration,98,6,cycles,11,2701.0,31.03448275862069
LSD_Primary,exploration,98,7,cycles,11,7305.0,72.41379310344827
LSD_Primary,exploration,98,8,cycles,14,2909.5,31.03448275862069
LSD_Primary,exploration,98,9,cycles,12,2479.5,31.03448275862069
LSD_Primary,exploration,98,10,cycles,11,3483.0,41.37931034482759
LSD_Primary,exploitation,92,1,cycles,15,6129.0,62.06896551724138
LSD_Primary,exploitation,92,2,cycles,14,6140.5,51.72413793103448
LSD_Primary,exploitation,92,3,cycles,7,8428.0,72.41379310344827
LSD_Primary,exploitation,92,4,cycles,14,4036.0,36.20689655172414
LSD_Primary,exploitation,92,5,cycles,12,8396.0,77.58620689655172
LSD_Primary,exploitation,92,6,cycles,11,4051.0,51.72413793103448
LSD_Primary,exploitation,92,7,cycles,11,8290.0,82.75862068965517
LSD_Primary,exploitation,92,8,cycles,14,7572.0,67.24137931034483
LSD_Primary,exploitation,92,9,cycles,12,5102.0,51.72413793103448
LSD_Primary,exploitation,92,10,cycles,11,8699.0,82.75862068965517
LSD_Primary,exploitation,95,1,cycles,15,7886.0,82.75862068965517
LSD_Primary,exploitation,95,2,cycles,14,6140.5,56.89655172413793
LSD_Primary,exploitation,95,3,cycles,7,8428.0,72.41379310344827
LSD_Primary,exploitation,95,4,cycles,14,4329.0,41.37931034482759
LSD_Primary,exploitation,95,5,cycles,12,8396.0,77.58620689655172
LSD_Primary,exploitation,95,6,cycles,11,4969.0,51.72413793103448
LSD_Primary,exploitation,95,7,cycles,11,8546.0,82.75862068965517
LSD_Primary,exploitation,95,8,cycles,14,7896.0,72.41379310344827
LSD_Primary,exploitation,95,9,cycles,12,5102.0,51.72413793103448
LSD_Primary,exploitation,95,10,cycles,11,8699.0,82.75862068965517
LSD_Primary,exploitation,98,1,cycles,15,8195.0,82.75862068965517
LSD_Primary,exploitation,98,2,cycles,14,6415.0,62.06896551724138
LSD_Primary,exploitation,98,3,cycles,7,8428.0,72.41379310344827
LSD_Primary,exploitation,98,4,cycles,14,4329.0,41.37931034482759
LSD_Primary,exploitation,98,5,cycles,12,8691.0,82.75862068965517
LSD_Primary,exploitation,98,6,cycles,11,4969.0,51.72413793103448
LSD_Primary,exploitation,98,7,cycles,11,8546.0,82.75862068965517
LSD_Primary,exploitation,98,8,cycles,14,8980.5,77.58620689655172
LSD_Primary,exploitation,98,9,cycles,12,5102.0,51.72413793103448
LSD_Primary,exploitation,98,10,cycles,11,8699.0,82.75862068965517
LSD_Primary,hybrid,92,1,cycles,15,3270.0,31.03448275862069
LSD_Primary,hybrid,92,2,cycles,14,5129.5,41.37931034482759
LSD_Primary,hybrid,92,3,cycles,7,6054.0,51.72413793103448
LSD_Primary,hybrid,92,4,cycles,14,2350.0,20.6896551724138
LSD_Primary,hybrid,92,5,cycles,12,2317.0,20.6896551724138
LSD_Primary,hybrid,92,6,cycles,11,4019.0,41.37931034482759
LSD_Primary,hybrid,92,7,cycles,11,3910.0,41.37931034482759
LSD_Primary,hybrid,92,8,cycles,14,2557.0,20.6896551724138
LSD_Primary,hybrid,92,9,cycles,12,2830.5,31.03448275862069
LSD_Primary,hybrid,92,10,cycles,11,1996.0,20.6896551724138
LSD_Primary,hybrid,95,1,cycles,15,3336.0,31.03448275862069
LSD_Primary,hybrid,95,2,cycles,14,5347.0,46.55172413793103
LSD_Primary,hybrid,95,3,cycles,7,6054.0,51.72413793103448
LSD_Primary,hybrid,95,4,cycles,14,2350.0,20.6896551724138
LSD_Primary,hybrid,95,5,cycles,12,2317.0,20.6896551724138
LSD_Primary,hybrid,95,6,cycles,11,4019.0,41.37931034482759
LSD_Primary,hybrid,95,7,cycles,11,3910.0,41.37931034482759
LSD_Primary,hybrid,95,8,cycles,14,2557.0,20.6896551724138
LSD_Primary,hybrid,95,9,cycles,12,2830.5,31.03448275862069
LSD_Primary,hybrid,95,10,cycles,11,1996.0,20.6896551724138
LSD_Primary,hybrid,98,1,cycles,15,4343.0,41.37931034482759
LSD_Primary,hybrid,98,2,cycles,14,5347.0,46.55172413793103
LSD_Primary,hybrid,98,3,cycles,7,6054.0,51.72413793103448
LSD_Primary,hybrid,98,4,cycles,14,2350.0,20.6896551724138
LSD_Primary,hybrid,98,5,cycles,12,2317.0,20.6896551724138
LSD_Primary,hybrid,98,6,cycles,11,4705.0,41.37931034482759
LSD_Primary,hybrid,98,7,cycles,11,4190.0,41.37931034482759
LSD_Primary,hybrid,98,8,cycles,14,3367.5,25.86206896551725
LSD_Primary,hybrid,98,9,cycles,12,2830.5,31.03448275862069
LSD_Primary,hybrid,98,10,cycles,11,1996.0,20.6896551724138
LSD_Second,random_selection,92,1,cycles,15,5346.0,51.72413793103448
LSD_Second,random_selection,92,2,cycles,11,7230.0,82.75862068965517
LSD_Second,random_selection,92,3,cycles,15,3966.0,62.06896551724138
LSD_Second,random_selection,92,4,cycles,13,5802.0,62.06896551724138
LSD_Second,random_selection,92,5,cycles,12,3069.0,62.06896551724138
LSD_Second,random_selection,92,6,cycles,11,6532.0,62.06896551724138
LSD_Second,random_selection,92,7,cycles,15,3662.0,31.03448275862069
LSD_Second,random_selection,92,8,cycles,12,5848.0,72.41379310344827
LSD_Second,random_selection,92,9,cycles,11,6805.0,93.10344827586206
LSD_Second,random_selection,92,10,cycles,8,2845.0,41.37931034482759
LSD_Second,random_selection,95,1,cycles,15,6162.0,72.41379310344827
LSD_Second,random_selection,95,2,cycles,11,7230.0,82.75862068965517
LSD_Second,random_selection,95,3,cycles,15,6730.0,93.10344827586206
LSD_Second,random_selection,95,4,cycles,13,5802.0,62.06896551724138
LSD_Second,random_selection,95,5,cycles,12,3069.0,62.06896551724138
LSD_Second,random_selection,95,6,cycles,11,6532.0,62.06896551724138
LSD_Second,random_selection,95,7,cycles,15,3662.0,31.03448275862069
LSD_Second,random_selection,95,8,cycles,12,5848.0,72.41379310344827
LSD_Second,random_selection,95,9,cycles,11,6805.0,93.10344827586206
LSD_Second,random_selection,95,10,cycles,8,2845.0,41.37931034482759
LSD_Second,random_selection,98,1,cycles,15,6638.0,82.75862068965517
LSD_Second,random_selection,98,2,cycles,11,7230.0,82.75862068965517
LSD_Second,random_selection,98,3,cycles,15,6730.0,93.10344827586206
LSD_Second,random_selection,98,4,cycles,13,6243.0,72.41379310344827
LSD_Second,random_selection,98,5,cycles,12,3069.0,62.06896551724138
LSD_Second,random_selection,98,6,cycles,11,6532.0,62.06896551724138
LSD_Second,random_selection,98,7,cycles,15,3662.0,31.03448275862069
LSD_Second,random_selection,98,8,cycles,12,5848.0,72.41379310344827
LSD_Second,random_selection,98,9,cycles,11,6805.0,93.10344827586206
LSD_Second,random_selection,98,10,cycles,8,2845.0,41.37931034482759
LSD_Second,diversity_oneshot,92,1,cycles,15,557.0,10.344827586206897
LSD_Second,diversity_oneshot,92,2,cycles,11,7106.0,72.41379310344827
LSD_Second,diversity_oneshot,92,3,cycles,15,3184.0,41.37931034482759
LSD_Second,diversity_oneshot,92,4,cycles,13,2891.0,31.03448275862069
LSD_Second,diversity_oneshot,92,5,cycles,12,5219.0,72.41379310344827
LSD_Second,diversity_oneshot,92,6,cycles,11,5614.0,62.06896551724138
LSD_Second,diversity_oneshot,92,7,cycles,15,2293.0,20.6896551724138
LSD_Second,diversity_oneshot,92,8,cycles,12,3270.0,41.37931034482759
LSD_Second,diversity_oneshot,92,9,cycles,11,6383.0,82.75862068965517
LSD_Second,diversity_oneshot,92,10,cycles,8,3710.5,36.20689655172414
LSD_Second,diversity_oneshot,95,1,cycles,15,557.0,10.344827586206897
LSD_Second,diversity_oneshot,95,2,cycles,11,7106.0,72.41379310344827
LSD_Second,diversity_oneshot,95,3,cycles,15,3659.0,41.37931034482759
LSD_Second,diversity_oneshot,95,4,cycles,13,2891.0,31.03448275862069
LSD_Second,diversity_oneshot,95,5,cycles,12,5219.0,72.41379310344827
LSD_Second,diversity_oneshot,95,6,cycles,11,6406.0,72.41379310344827
LSD_Second,diversity_oneshot,95,7,cycles,15,2293.0,20.6896551724138
LSD_Second,diversity_oneshot,95,8,cycles,12,3622.0,51.72413793103448
LSD_Second,diversity_oneshot,95,9,cycles,11,6383.0,82.75862068965517
LSD_Second,diversity_oneshot,95,10,cycles,8,4167.5,46.55172413793103
LSD_Second,diversity_oneshot,98,1,cycles,15,557.0,10.344827586206897
LSD_Second,diversity_oneshot,98,2,cycles,11,7106.0,72.41379310344827
LSD_Second,diversity_oneshot,98,3,cycles,15,4047.0,51.72413793103448
LSD_Second,diversity_oneshot,98,4,cycles,13,2891.0,31.03448275862069
LSD_Second,diversity_oneshot,98,5,cycles,12,5681.5,82.75862068965517
LSD_Second,diversity_oneshot,98,6,cycles,11,6406.0,72.41379310344827
LSD_Second,diversity_oneshot,98,7,cycles,15,2293.0,20.6896551724138
LSD_Second,diversity_oneshot,98,8,cycles,12,5717.0,77.58620689655172
LSD_Second,diversity_oneshot,98,9,cycles,11,6383.0,82.75862068965517
LSD_Second,diversity_oneshot,98,10,cycles,8,4167.5,46.55172413793103
LSD_Second,diversity_iterative,92,1,cycles,15,557.0,10.344827586206897
LSD_Second,diversity_iterative,92,2,cycles,11,5836.0,62.06896551724138
LSD_Second,diversity_iterative,92,3,cycles,15,3559.0,62.06896551724138
LSD_Second,diversity_iterative,92,4,cycles,13,2656.0,31.03448275862069
LSD_Second,diversity_iterative,92,5,cycles,12,4686.0,67.24137931034483
LSD_Second,diversity_iterative,92,6,cycles,11,4810.0,51.72413793103448
LSD_Second,diversity_iterative,92,7,cycles,15,2421.0,31.03448275862069
LSD_Second,diversity_iterative,92,8,cycles,12,6490.0,93.10344827586206
LSD_Second,diversity_iterative,92,9,cycles,11,5806.0,82.75862068965517
LSD_Second,diversity_iterative,92,10,cycles,8,9313.5,93.10344827586206
LSD_Second,diversity_iterative,95,1,cycles,15,557.0,10.344827586206897
LSD_Second,diversity_iterative,95,2,cycles,11,5836.0,62.06896551724138
LSD_Second,diversity_iterative,95,3,cycles,15,3752.0,62.06896551724138
LSD_Second,diversity_iterative,95,4,cycles,13,2656.0,31.03448275862069
LSD_Second,diversity_iterative,95,5,cycles,12,4686.0,67.24137931034483
LSD_Second,diversity_iterative,95,6,cycles,11,6646.0,62.06896551724138
LSD_Second,diversity_iterative,95,7,cycles,15,2421.0,31.03448275862069
LSD_Second,diversity_iterative,95,8,cycles,12,6713.0,93.10344827586206
LSD_Second,diversity_iterative,95,9,cycles,11,6429.0,82.75862068965517
LSD_Second,diversity_iterative,95,10,cycles,8,9313.5,93.10344827586206
LSD_Second,diversity_iterative,98,1,cycles,15,557.0,10.344827586206897
LSD_Second,diversity_iterative,98,2,cycles,11,6257.0,62.06896551724138
LSD_Second,diversity_iterative,98,3,cycles,15,4652.0,82.75862068965517
LSD_Second,diversity_iterative,98,4,cycles,13,2656.0,31.03448275862069
LSD_Second,diversity_iterative,98,5,cycles,12,4686.0,67.24137931034483
LSD_Second,diversity_iterative,98,6,cycles,11,6755.0,72.41379310344827
LSD_Second,diversity_iterative,98,7,cycles,15,2421.0,31.03448275862069
LSD_Second,diversity_iterative,98,8,cycles,12,6756.5,93.10344827586206
LSD_Second,diversity_iterative,98,9,cycles,11,7057.0,93.10344827586206
LSD_Second,diversity_iterative,98,10,cycles,8,9313.5,93.10344827586206
LSD_Second,coverage,92,1,cycles,15,4380.0,51.72413793103448
LSD_Second,coverage,92,2,cycles,11,4333.0,41.37931034482759
LSD_Second,coverage,92,3,cycles,15,2791.0,41.37931034482759
LSD_Second,coverage,92,4,cycles,13,5612.0,72.41379310344827
LSD_Second,coverage,92,5,cycles,12,4523.5,62.06896551724138
LSD_Second,coverage,92,6,cycles,11,3469.0,41.37931034482759
LSD_Second,coverage,92,7,cycles,15,5465.0,62.06896551724138
LSD_Second,coverage,92,8,cycles,12,3862.5,51.72413793103448
LSD_Second,coverage,92,9,cycles,11,5015.0,72.41379310344827
LSD_Second,coverage,92,10,cycles,8,2927.0,31.03448275862069
LSD_Second,coverage,95,1,cycles,15,5278.0,72.41379310344827
LSD_Second,coverage,95,2,cycles,11,4333.0,41.37931034482759
LSD_Second,coverage,95,3,cycles,15,3747.0,62.06896551724138
LSD_Second,coverage,95,4,cycles,13,6325.0,82.75862068965517
LSD_Second,coverage,95,5,cycles,12,4573.5,62.06896551724138
LSD_Second,coverage,95,6,cycles,11,3469.0,41.37931034482759
LSD_Second,coverage,95,7,cycles,15,5465.0,62.06896551724138
LSD_Second,coverage,95,8,cycles,12,3862.5,51.72413793103448
LSD_Second,coverage,95,9,cycles,11,5015.0,72.41379310344827
LSD_Second,coverage,95,10,cycles,8,2927.0,31.03448275862069
LSD_Second,coverage,98,1,cycles,15,5387.0,72.41379310344827
LSD_Second,coverage,98,2,cycles,11,4774.0,51.72413793103448
LSD_Second,coverage,98,3,cycles,15,4501.0,62.06896551724138
LSD_Second,coverage,98,4,cycles,13,7852.0,100.0
LSD_Second,coverage,98,5,cycles,12,4782.0,67.24137931034483
LSD_Second,coverage,98,6,cycles,11,3469.0,41.37931034482759
LSD_Second,coverage,98,7,cycles,15,5852.0,62.06896551724138
LSD_Second,coverage,98,8,cycles,12,3862.5,51.72413793103448
LSD_Second,coverage,98,9,cycles,11,5015.0,72.41379310344827
LSD_Second,coverage,98,10,cycles,8,3584.5,36.20689655172414
LSD_Second,exploration,92,1,cycles,15,3908.0,51.72413793103448
LSD_Second,exploration,92,2,cycles,11,5145.0,62.06896551724138
LSD_Second,exploration,92,3,cycles,15,4696.0,51.72413793103448
LSD_Second,exploration,92,4,cycles,13,3690.0,51.72413793103448
LSD_Second,exploration,92,5,cycles,12,5455.0,67.24137931034483
LSD_Second,exploration,92,6,cycles,11,3484.0,41.37931034482759
LSD_Second,exploration,92,7,cycles,15,6376.0,72.41379310344827
LSD_Second,exploration,92,8,cycles,12,4162.0,56.89655172413793
LSD_Second,exploration,92,9,cycles,11,5905.0,72.41379310344827
LSD_Second,exploration,92,10,cycles,8,6471.5,86.20689655172413
LSD_Second,exploration,95,1,cycles,15,4062.0,51.72413793103448
LSD_Second,exploration,95,2,cycles,11,5145.0,62.06896551724138
LSD_Second,exploration,95,3,cycles,15,4699.0,51.72413793103448
LSD_Second,exploration,95,4,cycles,13,3690.0,51.72413793103448
LSD_Second,exploration,95,5,cycles,12,5455.0,67.24137931034483
LSD_Second,exploration,95,6,cycles,11,5826.0,62.06896551724138
LSD_Second,exploration,95,7,cycles,15,6998.0,72.41379310344827
LSD_Second,exploration,95,8,cycles,12,4356.0,56.89655172413793
LSD_Second,exploration,95,9,cycles,11,5905.0,72.41379310344827
LSD_Second,exploration,95,10,cycles,8,7188.0,100.0
LSD_Second,exploration,98,1,cycles,15,4357.0,62.06896551724138
LSD_Second,exploration,98,2,cycles,11,5145.0,62.06896551724138
LSD_Second,exploration,98,3,cycles,15,5360.0,62.06896551724138
LSD_Second,exploration,98,4,cycles,13,3690.0,62.06896551724138
LSD_Second,exploration,98,5,cycles,12,6189.0,77.58620689655172
LSD_Second,exploration,98,6,cycles,11,5826.0,62.06896551724138
LSD_Second,exploration,98,7,cycles,15,7326.0,82.75862068965517
LSD_Second,exploration,98,8,cycles,12,4356.0,56.89655172413793
LSD_Second,exploration,98,9,cycles,11,5975.0,82.75862068965517
LSD_Second,exploration,98,10,cycles,8,7555.5,100.0
LSD_Second,exploitation,92,1,cycles,15,4781.0,41.37931034482759
LSD_Second,exploitation,92,2,cycles,11,1861.0,41.37931034482759
LSD_Second,exploitation,92,3,cycles,15,3471.0,31.03448275862069
LSD_Second,exploitation,92,4,cycles,13,6296.0,82.75862068965517
LSD_Second,exploitation,92,5,cycles,12,6146.5,93.10344827586206
LSD_Second,exploitation,92,6,cycles,11,5536.0,51.72413793103448
LSD_Second,exploitation,92,7,cycles,15,4703.0,41.37931034482759
LSD_Second,exploitation,92,8,cycles,12,5152.5,67.24137931034483
LSD_Second,exploitation,92,9,cycles,11,6398.0,93.10344827586206
LSD_Second,exploitation,92,10,cycles,8,1829.5,41.37931034482759
LSD_Second,exploitation,95,1,cycles,15,5013.0,51.72413793103448
LSD_Second,exploitation,95,2,cycles,11,1861.0,41.37931034482759
LSD_Second,exploitation,95,3,cycles,15,4497.0,51.72413793103448
LSD_Second,exploitation,95,4,cycles,13,6296.0,82.75862068965517
LSD_Second,exploitation,95,5,cycles,12,6213.5,93.10344827586206
LSD_Second,exploitation,95,6,cycles,11,5536.0,51.72413793103448
LSD_Second,exploitation,95,7,cycles,15,4762.0,41.37931034482759
LSD_Second,exploitation,95,8,cycles,12,5152.5,67.24137931034483
LSD_Second,exploitation,95,9,cycles,11,6622.0,93.10344827586206
LSD_Second,exploitation,95,10,cycles,8,1829.5,41.37931034482759
LSD_Second,exploitation,98,1,cycles,15,5928.0,62.06896551724138
LSD_Second,exploitation,98,2,cycles,11,1861.0,41.37931034482759
LSD_Second,exploitation,98,3,cycles,15,4506.0,51.72413793103448
LSD_Second,exploitation,98,4,cycles,13,6784.0,93.10344827586206
LSD_Second,exploitation,98,5,cycles,12,6609.5,100.0
LSD_Second,exploitation,98,6,cycles,11,6049.0,62.06896551724138
LSD_Second,exploitation,98,7,cycles,15,4762.0,41.37931034482759
LSD_Second,exploitation,98,8,cycles,12,5420.0,72.41379310344827
LSD_Second,exploitation,98,9,cycles,11,6622.0,93.10344827586206
LSD_Second,exploitation,98,10,cycles,8,1829.5,41.37931034482759
LSD_Second,hybrid,92,1,cycles,15,4067.0,51.72413793103448
LSD_Second,hybrid,92,2,cycles,11,5883.0,72.41379310344827
LSD_Second,hybrid,92,3,cycles,15,3065.0,41.37931034482759
LSD_Second,hybrid,92,4,cycles,13,3187.0,41.37931034482759
LSD_Second,hybrid,92,5,cycles,12,3386.0,41.37931034482759
LSD_Second,hybrid,92,6,cycles,11,4891.0,51.72413793103448
LSD_Second,hybrid,92,7,cycles,15,4972.0,51.72413793103448
LSD_Second,hybrid,92,8,cycles,12,3925.5,46.55172413793103
LSD_Second,hybrid,92,9,cycles,11,5413.0,62.06896551724138
LSD_Second,hybrid,92,10,cycles,8,7392.0,77.58620689655172
LSD_Second,hybrid,95,1,cycles,15,4269.0,51.72413793103448
LSD_Second,hybrid,95,2,cycles,11,7284.0,72.41379310344827
LSD_Second,hybrid,95,3,cycles,15,4275.0,51.72413793103448
LSD_Second,hybrid,95,4,cycles,13,6136.0,62.06896551724138
LSD_Second,hybrid,95,5,cycles,12,3386.0,41.37931034482759
LSD_Second,hybrid,95,6,cycles,11,5020.0,62.06896551724138
LSD_Second,hybrid,95,7,cycles,15,5460.0,62.06896551724138
LSD_Second,hybrid,95,8,cycles,12,4525.5,56.89655172413793
LSD_Second,hybrid,95,9,cycles,11,5413.0,62.06896551724138
LSD_Second,hybrid,95,10,cycles,8,7392.0,77.58620689655172
LSD_Second,hybrid,98,1,cycles,15,4489.0,62.06896551724138
LSD_Second,hybrid,98,2,cycles,11,7583.0,82.75862068965517
LSD_Second,hybrid,98,3,cycles,15,5280.0,62.06896551724138
LSD_Second,hybrid,98,4,cycles,13,6273.0,62.06896551724138
LSD_Second,hybrid,98,5,cycles,12,3386.0,41.37931034482759
LSD_Second,hybrid,98,6,cycles,11,6663.0,62.06896551724138
LSD_Second,hybrid,98,7,cycles,15,5662.0,62.06896551724138
LSD_Second,hybrid,98,8,cycles,12,4525.5,56.89655172413793
LSD_Second,hybrid,98,9,cycles,11,5413.0,72.41379310344827
LSD_Second,hybrid,98,10,cycles,8,7550.5,82.75862068965517
HUST,random_selection,92,1,cycles,15,19528.0,77.41935483870968
HUST,random_selection,92,2,cycles,15,12144.0,48.38709677419355
HUST,random_selection,92,3,cycles,13,13064.0,58.06451612903226
HUST,random_selection,92,4,cycles,15,19871.0,77.41935483870968
HUST,random_selection,92,5,cycles,13,11178.0,48.38709677419355
HUST,random_selection,92,6,cycles,15,7196.0,29.03225806451613
HUST,random_selection,92,7,cycles,15,16392.0,67.74193548387096
HUST,random_selection,92,8,cycles,15,6720.0,29.03225806451613
HUST,random_selection,92,9,cycles,15,9595.0,38.70967741935484
HUST,random_selection,92,10,cycles,15,7433.0,29.03225806451613
HUST,random_selection,95,1,cycles,15,19528.0,77.41935483870968
HUST,random_selection,95,2,cycles,15,12144.0,48.38709677419355
HUST,random_selection,95,3,cycles,13,13064.0,58.06451612903226
HUST,random_selection,95,4,cycles,15,19871.0,77.41935483870968
HUST,random_selection,95,5,cycles,13,13520.0,58.06451612903226
HUST,random_selection,95,6,cycles,15,9656.0,38.70967741935484
HUST,random_selection,95,7,cycles,15,18158.0,77.41935483870968
HUST,random_selection,95,8,cycles,15,6720.0,29.03225806451613
HUST,random_selection,95,9,cycles,15,12246.0,48.38709677419355
HUST,random_selection,95,10,cycles,15,7433.0,29.03225806451613
HUST,random_selection,98,1,cycles,15,22019.0,87.09677419354838
HUST,random_selection,98,2,cycles,15,14635.0,58.06451612903226
HUST,random_selection,98,3,cycles,13,15721.0,67.74193548387096
HUST,random_selection,98,4,cycles,15,22179.0,87.09677419354838
HUST,random_selection,98,5,cycles,13,15970.0,67.74193548387096
HUST,random_selection,98,6,cycles,15,9656.0,38.70967741935484
HUST,random_selection,98,7,cycles,15,18158.0,77.41935483870968
HUST,random_selection,98,8,cycles,15,6720.0,29.03225806451613
HUST,random_selection,98,9,cycles,15,12246.0,48.38709677419355
HUST,random_selection,98,10,cycles,15,7433.0,29.03225806451613
HUST,diversity_oneshot,92,1,cycles,15,9388.0,38.70967741935484
HUST,diversity_oneshot,92,2,cycles,15,11860.0,48.38709677419355
HUST,diversity_oneshot,92,3,cycles,13,6838.0,29.03225806451613
HUST,diversity_oneshot,92,4,cycles,15,14833.0,58.06451612903226
HUST,diversity_oneshot,92,5,cycles,13,9990.0,38.70967741935484
HUST,diversity_oneshot,92,6,cycles,15,20059.0,77.41935483870968
HUST,diversity_oneshot,92,7,cycles,15,7625.0,29.03225806451613
HUST,diversity_oneshot,92,8,cycles,15,7618.0,29.03225806451613
HUST,diversity_oneshot,92,9,cycles,15,5329.0,19.35483870967742
HUST,diversity_oneshot,92,10,cycles,15,7454.0,29.03225806451613
HUST,diversity_oneshot,95,1,cycles,15,10271.0,38.70967741935484
HUST,diversity_oneshot,95,2,cycles,15,14215.0,58.06451612903226
HUST,diversity_oneshot,95,3,cycles,13,6838.0,29.03225806451613
HUST,diversity_oneshot,95,4,cycles,15,14833.0,58.06451612903226
HUST,diversity_oneshot,95,5,cycles,13,9990.0,38.70967741935484
HUST,diversity_oneshot,95,6,cycles,15,22289.0,87.09677419354838
HUST,diversity_oneshot,95,7,cycles,15,7625.0,29.03225806451613
HUST,diversity_oneshot,95,8,cycles,15,12787.0,48.38709677419355
HUST,diversity_oneshot,95,9,cycles,15,9921.0,38.70967741935484
HUST,diversity_oneshot,95,10,cycles,15,7454.0,29.03225806451613
HUST,diversity_oneshot,98,1,cycles,15,10271.0,38.70967741935484
HUST,diversity_oneshot,98,2,cycles,15,16296.0,67.74193548387096
HUST,diversity_oneshot,98,3,cycles,13,10212.0,38.70967741935484
HUST,diversity_oneshot,98,4,cycles,15,17527.0,67.74193548387096
HUST,diversity_oneshot,98,5,cycles,13,15966.0,67.74193548387096
HUST,diversity_oneshot,98,6,cycles,15,24050.0,96.7741935483871
HUST,diversity_oneshot,98,7,cycles,15,7768.0,29.03225806451613
HUST,diversity_oneshot,98,8,cycles,15,14789.0,58.06451612903226
HUST,diversity_oneshot,98,9,cycles,15,9921.0,38.70967741935484
HUST,diversity_oneshot,98,10,cycles,15,7454.0,29.03225806451613
HUST,diversity_iterative,92,1,cycles,15,17297.0,67.74193548387096
HUST,diversity_iterative,92,2,cycles,15,11582.0,48.38709677419355
HUST,diversity_iterative,92,3,cycles,13,15276.0,58.06451612903226
HUST,diversity_iterative,92,4,cycles,15,17643.0,67.74193548387096
HUST,diversity_iterative,92,5,cycles,13,17325.0,67.74193548387096
HUST,diversity_iterative,92,6,cycles,15,16526.0,67.74193548387096
HUST,diversity_iterative,92,7,cycles,15,9847.0,38.70967741935484
HUST,diversity_iterative,92,8,cycles,15,23581.0,96.7741935483871
HUST,diversity_iterative,92,9,cycles,15,9629.0,38.70967741935484
HUST,diversity_iterative,92,10,cycles,15,7333.0,29.03225806451613
HUST,diversity_iterative,95,1,cycles,15,21816.0,87.09677419354838
HUST,diversity_iterative,95,2,cycles,15,12258.0,48.38709677419355
HUST,diversity_iterative,95,3,cycles,13,20406.0,77.41935483870968
HUST,diversity_iterative,95,4,cycles,15,17643.0,67.74193548387096
HUST,diversity_iterative,95,5,cycles,13,17325.0,67.74193548387096
HUST,diversity_iterative,95,6,cycles,15,17706.0,67.74193548387096
HUST,diversity_iterative,95,7,cycles,15,10457.0,38.70967741935484
HUST,diversity_iterative,95,8,cycles,15,23581.0,96.7741935483871
HUST,diversity_iterative,95,9,cycles,15,9629.0,38.70967741935484
HUST,diversity_iterative,95,10,cycles,15,7333.0,29.03225806451613
HUST,diversity_iterative,98,1,cycles,15,22287.0,87.09677419354838
HUST,diversity_iterative,98,2,cycles,15,13924.0,58.06451612903226
HUST,diversity_iterative,98,3,cycles,13,20406.0,77.41935483870968
HUST,diversity_iterative,98,4,cycles,15,19375.0,77.41935483870968
HUST,diversity_iterative,98,5,cycles,13,17325.0,67.74193548387096
HUST,diversity_iterative,98,6,cycles,15,22003.0,87.09677419354838
HUST,diversity_iterative,98,7,cycles,15,11467.0,48.38709677419355
HUST,diversity_iterative,98,8,cycles,15,23750.0,96.7741935483871
HUST,diversity_iterative,98,9,cycles,15,9815.0,38.70967741935484
HUST,diversity_iterative,98,10,cycles,15,7333.0,29.03225806451613
HUST,coverage,92,1,cycles,15,15204.0,58.06451612903226
HUST,coverage,92,2,cycles,15,11918.0,48.38709677419355
HUST,coverage,92,3,cycles,13,7300.0,29.03225806451613
HUST,coverage,92,4,cycles,15,15324.0,58.06451612903226
HUST,coverage,92,5,cycles,13,4708.0,19.35483870967742
HUST,coverage,92,6,cycles,15,17547.0,67.74193548387096
HUST,coverage,92,7,cycles,15,12822.0,48.38709677419355
HUST,coverage,92,8,cycles,15,11143.0,48.38709677419355
HUST,coverage,92,9,cycles,15,10309.0,38.70967741935484
HUST,coverage,92,10,cycles,15,19331.0,77.41935483870968
HUST,coverage,95,1,cycles,15,19622.0,77.41935483870968
HUST,coverage,95,2,cycles,15,13894.0,58.06451612903226
HUST,coverage,95,3,cycles,13,7300.0,29.03225806451613
HUST,coverage,95,4,cycles,15,15324.0,58.06451612903226
HUST,coverage,95,5,cycles,13,4708.0,19.35483870967742
HUST,coverage,95,6,cycles,15,17547.0,67.74193548387096
HUST,coverage,95,7,cycles,15,17531.0,67.74193548387096
HUST,coverage,95,8,cycles,15,11143.0,48.38709677419355
HUST,coverage,95,9,cycles,15,12892.0,48.38709677419355
HUST,coverage,95,10,cycles,15,23580.0,96.7741935483871
HUST,coverage,98,1,cycles,15,19840.0,77.41935483870968
HUST,coverage,98,2,cycles,15,14272.0,58.06451612903226
HUST,coverage,98,3,cycles,13,7461.0,29.03225806451613
HUST,coverage,98,4,cycles,15,15324.0,58.06451612903226
HUST,coverage,98,5,cycles,13,4708.0,19.35483870967742
HUST,coverage,98,6,cycles,15,22291.0,87.09677419354838
HUST,coverage,98,7,cycles,15,22123.0,87.09677419354838
HUST,coverage,98,8,cycles,15,18237.0,77.41935483870968
HUST,coverage,98,9,cycles,15,17240.0,67.74193548387096
HUST,coverage,98,10,cycles,15,23833.0,96.7741935483871
HUST,exploration,92,1,cycles,15,10216.0,38.70967741935484
HUST,exploration,92,2,cycles,15,16268.0,67.74193548387096
HUST,exploration,92,3,cycles,13,7636.0,29.03225806451613
HUST,exploration,92,4,cycles,15,16936.0,67.74193548387096
HUST,exploration,92,5,cycles,13,9188.0,38.70967741935484
HUST,exploration,92,6,cycles,15,16653.0,67.74193548387096
HUST,exploration,92,7,cycles,15,12799.0,48.38709677419355
HUST,exploration,92,8,cycles,15,13277.0,58.06451612903226
HUST,exploration,92,9,cycles,15,11922.0,48.38709677419355
HUST,exploration,92,10,cycles,15,9973.0,38.70967741935484
HUST,exploration,95,1,cycles,15,12486.0,48.38709677419355
HUST,exploration,95,2,cycles,15,16337.0,67.74193548387096
HUST,exploration,95,3,cycles,13,7636.0,29.03225806451613
HUST,exploration,95,4,cycles,15,17145.0,67.74193548387096
HUST,exploration,95,5,cycles,13,9188.0,38.70967741935484
HUST,exploration,95,6,cycles,15,16653.0,67.74193548387096
HUST,exploration,95,7,cycles,15,15267.0,58.06451612903226
HUST,exploration,95,8,cycles,15,13277.0,58.06451612903226
HUST,exploration,95,9,cycles,15,17199.0,67.74193548387096
HUST,exploration,95,10,cycles,15,9973.0,38.70967741935484
HUST,exploration,98,1,cycles,15,17288.0,67.74193548387096
HUST,exploration,98,2,cycles,15,18083.0,77.41935483870968
HUST,exploration,98,3,cycles,13,10321.0,38.70967741935484
HUST,exploration,98,4,cycles,15,18792.0,77.41935483870968
HUST,exploration,98,5,cycles,13,9188.0,38.70967741935484
HUST,exploration,98,6,cycles,15,16653.0,67.74193548387096
HUST,exploration,98,7,cycles,15,17277.0,67.74193548387096
HUST,exploration,98,8,cycles,15,13277.0,58.06451612903226
HUST,exploration,98,9,cycles,15,19489.0,77.41935483870968
HUST,exploration,98,10,cycles,15,18463.0,77.41935483870968
HUST,exploitation,92,1,cycles,15,13532.0,58.06451612903226
HUST,exploitation,92,2,cycles,15,16269.0,67.74193548387096
HUST,exploitation,92,3,cycles,13,10285.0,38.70967741935484
HUST,exploitation,92,4,cycles,15,17189.0,67.74193548387096
HUST,exploitation,92,5,cycles,13,7158.0,29.03225806451613
HUST,exploitation,92,6,cycles,15,11620.0,48.38709677419355
HUST,exploitation,92,7,cycles,15,19447.0,77.41935483870968
HUST,exploitation,92,8,cycles,15,17305.0,67.74193548387096
HUST,exploitation,92,9,cycles,15,14988.0,58.06451612903226
HUST,exploitation,92,10,cycles,15,19028.0,77.41935483870968
HUST,exploitation,95,1,cycles,15,13532.0,58.06451612903226
HUST,exploitation,95,2,cycles,15,16333.0,67.74193548387096
HUST,exploitation,95,3,cycles,13,10285.0,38.70967741935484
HUST,exploitation,95,4,cycles,15,21264.0,87.09677419354838
HUST,exploitation,95,5,cycles,13,7158.0,29.03225806451613
HUST,exploitation,95,6,cycles,15,16727.0,67.74193548387096
HUST,exploitation,95,7,cycles,15,19447.0,77.41935483870968
HUST,exploitation,95,8,cycles,15,17305.0,67.74193548387096
HUST,exploitation,95,9,cycles,15,17032.0,67.74193548387096
HUST,exploitation,95,10,cycles,15,21423.0,87.09677419354838
HUST,exploitation,98,1,cycles,15,16347.0,67.74193548387096
HUST,exploitation,98,2,cycles,15,16333.0,67.74193548387096
HUST,exploitation,98,3,cycles,13,21154.0,87.09677419354838
HUST,exploitation,98,4,cycles,15,22272.0,87.09677419354838
HUST,exploitation,98,5,cycles,13,7158.0,29.03225806451613
HUST,exploitation,98,6,cycles,15,16727.0,67.74193548387096
HUST,exploitation,98,7,cycles,15,21217.0,87.09677419354838
HUST,exploitation,98,8,cycles,15,21498.0,87.09677419354838
HUST,exploitation,98,9,cycles,15,19748.0,77.41935483870968
HUST,exploitation,98,10,cycles,15,21423.0,87.09677419354838
HUST,hybrid,92,1,cycles,15,14303.0,58.06451612903226
HUST,hybrid,92,2,cycles,15,9909.0,38.70967741935484
HUST,hybrid,92,3,cycles,13,5157.0,19.35483870967742
HUST,hybrid,92,4,cycles,15,16733.0,67.74193548387096
HUST,hybrid,92,5,cycles,13,4708.0,19.35483870967742
HUST,hybrid,92,6,cycles,15,17187.0,67.74193548387096
HUST,hybrid,92,7,cycles,15,18931.0,77.41935483870968
HUST,hybrid,92,8,cycles,15,10054.0,38.70967741935484
HUST,hybrid,92,9,cycles,15,12194.0,48.38709677419355
HUST,hybrid,92,10,cycles,15,12061.0,48.38709677419355
HUST,hybrid,95,1,cycles,15,15046.0,58.06451612903226
HUST,hybrid,95,2,cycles,15,14287.0,58.06451612903226
HUST,hybrid,95,3,cycles,13,9954.0,38.70967741935484
HUST,hybrid,95,4,cycles,15,17172.0,67.74193548387096
HUST,hybrid,95,5,cycles,13,4708.0,19.35483870967742
HUST,hybrid,95,6,cycles,15,18672.0,77.41935483870968
HUST,hybrid,95,7,cycles,15,18931.0,77.41935483870968
HUST,hybrid,95,8,cycles,15,11449.0,48.38709677419355
HUST,hybrid,95,9,cycles,15,12194.0,48.38709677419355
HUST,hybrid,95,10,cycles,15,12061.0,48.38709677419355
HUST,hybrid,98,1,cycles,15,16937.0,67.74193548387096
HUST,hybrid,98,2,cycles,15,14371.0,58.06451612903226
HUST,hybrid,98,3,cycles,13,11781.0,48.38709677419355
HUST,hybrid,98,4,cycles,15,17172.0,67.74193548387096
HUST,hybrid,98,5,cycles,13,7365.0,29.03225806451613
HUST,hybrid,98,6,cycles,15,24252.0,96.7741935483871
HUST,hybrid,98,7,cycles,15,22363.0,87.09677419354838
HUST,hybrid,98,8,cycles,15,11450.0,48.38709677419355
HUST,hybrid,98,9,cycles,15,18100.0,67.74193548387096
HUST,hybrid,98,10,cycles,15,21635.0,87.09677419354838
KIT,random_selection,92,1,EFC,15,7198.094360073053,45.45454545454545
KIT,random_selection,92,2,EFC,11,7853.273876925899,36.36363636363637
KIT,random_selection,92,3,EFC,11,14129.1604724691,63.63636363636363
KIT,random_selection,92,4,EFC,14,6641.099977350721,40.90909090909091
KIT,random_selection,92,5,EFC,10,10038.002906657208,45.45454545454545
KIT,random_selection,92,6,EFC,7,17874.963408868567,81.81818181818183
KIT,random_selection,92,7,EFC,11,14668.75207610982,72.72727272727273
KIT,random_selection,92,8,EFC,9,7632.314452850072,36.36363636363637
KIT,random_selection,92,9,EFC,11,11208.182044304682,54.54545454545454
KIT,random_selection,92,10,EFC,8,18903.23171346813,90.9090909090909
KIT,random_selection,95,1,EFC,15,7198.094360073053,45.45454545454545
KIT,random_selection,95,2,EFC,11,7853.273876925899,36.36363636363637
KIT,random_selection,95,3,EFC,11,14129.1604724691,63.63636363636363
KIT,random_selection,95,4,EFC,14,6641.099977350721,40.90909090909091
KIT,random_selection,95,5,EFC,10,11972.145654835813,54.54545454545455
KIT,random_selection,95,6,EFC,7,18571.06536901048,90.9090909090909
KIT,random_selection,95,7,EFC,11,16509.43519642854,81.81818181818183
KIT,random_selection,95,8,EFC,9,7632.314452850072,36.36363636363637
KIT,random_selection,95,9,EFC,11,11208.182044304682,54.54545454545454
KIT,random_selection,95,10,EFC,8,18903.23171346813,90.9090909090909
KIT,random_selection,98,1,EFC,15,7198.094360073053,45.45454545454545
KIT,random_selection,98,2,EFC,11,7853.273876925899,36.36363636363637
KIT,random_selection,98,3,EFC,11,14129.1604724691,63.63636363636363
KIT,random_selection,98,4,EFC,14,6641.099977350721,40.90909090909091
KIT,random_selection,98,5,EFC,10,11972.145654835813,54.54545454545455
KIT,random_selection,98,6,EFC,7,18571.06536901048,90.9090909090909
KIT,random_selection,98,7,EFC,11,16509.43519642854,81.81818181818183
KIT,random_selection,98,8,EFC,9,7632.314452850072,36.36363636363637
KIT,random_selection,98,9,EFC,11,11208.182044304682,54.54545454545454
KIT,random_selection,98,10,EFC,8,19963.48774594496,95.45454545454544
KIT,diversity_oneshot,92,1,EFC,15,7817.088034995134,36.36363636363637
KIT,diversity_oneshot,92,2,EFC,11,7099.239372591699,36.36363636363637
KIT,diversity_oneshot,92,3,EFC,11,12620.08333696079,63.63636363636363
KIT,diversity_oneshot,92,4,EFC,14,6046.345138250666,27.27272727272727
KIT,diversity_oneshot,92,5,EFC,10,3095.0885000111493,18.181818181818183
KIT,diversity_oneshot,92,6,EFC,7,6062.668357696546,27.27272727272727
KIT,diversity_oneshot,92,7,EFC,11,4574.9386230789805,27.27272727272727
KIT,diversity_oneshot,92,8,EFC,9,7866.084853141682,36.36363636363637
KIT,diversity_oneshot,92,9,EFC,11,5045.175895845061,27.27272727272727
KIT,diversity_oneshot,92,10,EFC,8,10379.308604971267,59.090909090909086
KIT,diversity_oneshot,95,1,EFC,15,8672.48224943785,45.45454545454545
KIT,diversity_oneshot,95,2,EFC,11,7099.239372591699,36.36363636363637
KIT,diversity_oneshot,95,3,EFC,11,12620.08333696079,63.63636363636363
KIT,diversity_oneshot,95,4,EFC,14,6046.345138250666,27.27272727272727
KIT,diversity_oneshot,95,5,EFC,10,3095.0885000111493,18.181818181818183
KIT,diversity_oneshot,95,6,EFC,7,6062.668357696546,27.27272727272727
KIT,diversity_oneshot,95,7,EFC,11,6756.815985327055,36.36363636363637
KIT,diversity_oneshot,95,8,EFC,9,7866.084853141682,36.36363636363637
KIT,diversity_oneshot,95,9,EFC,11,7319.721630180009,36.36363636363637
KIT,diversity_oneshot,95,10,EFC,8,10379.308604971267,59.090909090909086
KIT,diversity_oneshot,98,1,EFC,15,8969.118269771527,45.45454545454545
KIT,diversity_oneshot,98,2,EFC,11,11135.940791334193,54.54545454545454
KIT,diversity_oneshot,98,3,EFC,11,15132.024659214683,72.72727272727273
KIT,diversity_oneshot,98,4,EFC,14,6046.345138250666,27.27272727272727
KIT,diversity_oneshot,98,5,EFC,10,3095.0885000111493,18.181818181818183
KIT,diversity_oneshot,98,6,EFC,7,6062.668357696546,27.27272727272727
KIT,diversity_oneshot,98,7,EFC,11,6756.815985327055,36.36363636363637
KIT,diversity_oneshot,98,8,EFC,9,7866.084853141682,36.36363636363637
KIT,diversity_oneshot,98,9,EFC,11,7319.721630180009,36.36363636363637
KIT,diversity_oneshot,98,10,EFC,8,10379.308604971267,59.090909090909086
KIT,diversity_iterative,92,1,EFC,15,6959.044763207112,36.36363636363637
KIT,diversity_iterative,92,2,EFC,11,8401.924237452167,45.45454545454545
KIT,diversity_iterative,92,3,EFC,11,11982.119822340454,63.63636363636363
KIT,diversity_iterative,92,4,EFC,14,8153.590307192674,40.90909090909091
KIT,diversity_iterative,92,5,EFC,10,3577.5702144066167,18.181818181818183
KIT,diversity_iterative,92,6,EFC,7,5041.882185248789,27.27272727272727
KIT,diversity_iterative,92,7,EFC,11,6968.401274734782,36.36363636363637
KIT,diversity_iterative,92,8,EFC,9,9301.566900527749,45.45454545454545
KIT,diversity_iterative,92,9,EFC,11,10937.298945477252,54.54545454545454
KIT,diversity_iterative,92,10,EFC,8,18978.607018991373,90.9090909090909
KIT,diversity_iterative,95,1,EFC,15,6959.044763207112,36.36363636363637
KIT,diversity_iterative,95,2,EFC,11,9810.890278571986,54.54545454545454
KIT,diversity_iterative,95,3,EFC,11,12262.907617735273,63.63636363636363
KIT,diversity_iterative,95,4,EFC,14,8214.859303973912,40.90909090909091
KIT,diversity_iterative,95,5,EFC,10,3577.5702144066167,18.181818181818183
KIT,diversity_iterative,95,6,EFC,7,5041.882185248789,27.27272727272727
KIT,diversity_iterative,95,7,EFC,11,7382.740726933673,36.36363636363637
KIT,diversity_iterative,95,8,EFC,9,9301.566900527749,45.45454545454545
KIT,diversity_iterative,95,9,EFC,11,10937.298945477252,54.54545454545454
KIT,diversity_iterative,95,10,EFC,8,18978.607018991373,90.9090909090909
KIT,diversity_iterative,98,1,EFC,15,7795.336049318176,45.45454545454545
KIT,diversity_iterative,98,2,EFC,11,9810.890278571986,54.54545454545454
KIT,diversity_iterative,98,3,EFC,11,12262.907617735273,63.63636363636363
KIT,diversity_iterative,98,4,EFC,14,8214.859303973912,40.90909090909091
KIT,diversity_iterative,98,5,EFC,10,3577.5702144066167,18.181818181818183
KIT,diversity_iterative,98,6,EFC,7,5041.882185248789,27.27272727272727
KIT,diversity_iterative,98,7,EFC,11,7382.740726933673,36.36363636363637
KIT,diversity_iterative,98,8,EFC,9,9301.566900527749,45.45454545454545
KIT,diversity_iterative,98,9,EFC,11,11773.31494987518,63.63636363636363
KIT,diversity_iterative,98,10,EFC,8,18978.607018991373,90.9090909090909
KIT,coverage,92,1,EFC,15,8598.459874119422,54.54545454545454
KIT,coverage,92,2,EFC,11,6635.851942840093,36.36363636363637
KIT,coverage,92,3,EFC,11,12040.827071816915,63.63636363636363
KIT,coverage,92,4,EFC,14,5348.00098208794,31.81818181818182
KIT,coverage,92,5,EFC,10,3314.521720127387,18.181818181818183
KIT,coverage,92,6,EFC,7,12677.932381439688,63.63636363636363
KIT,coverage,92,7,EFC,11,10086.010460926733,54.54545454545454
KIT,coverage,92,8,EFC,9,3180.879023393974,27.27272727272727
KIT,coverage,92,9,EFC,11,6558.698884142611,36.36363636363637
KIT,coverage,92,10,EFC,8,9612.312886794747,54.54545454545455
KIT,coverage,95,1,EFC,15,10755.576110585173,63.63636363636363
KIT,coverage,95,2,EFC,11,10383.380753821702,54.54545454545454
KIT,coverage,95,3,EFC,11,12439.41527184311,72.72727272727273
KIT,coverage,95,4,EFC,14,5348.00098208794,31.81818181818182
KIT,coverage,95,5,EFC,10,3314.521720127387,18.181818181818183
KIT,coverage,95,6,EFC,7,13760.42289629781,72.72727272727273
KIT,coverage,95,7,EFC,11,10086.010460926733,54.54545454545454
KIT,coverage,95,8,EFC,9,4395.102280306444,36.36363636363637
KIT,coverage,95,9,EFC,11,6558.698884142611,36.36363636363637
KIT,coverage,95,10,EFC,8,9612.312886794747,54.54545454545455
KIT,coverage,98,1,EFC,15,10755.576110585173,63.63636363636363
KIT,coverage,98,2,EFC,11,10383.380753821702,54.54545454545454
KIT,coverage,98,3,EFC,11,14413.101032611736,81.81818181818183
KIT,coverage,98,4,EFC,14,6197.59021676573,36.36363636363637
KIT,coverage,98,5,EFC,10,4019.004740687296,22.727272727272727
KIT,coverage,98,6,EFC,7,13760.42289629781,72.72727272727273
KIT,coverage,98,7,EFC,11,11121.50563343982,63.63636363636363
KIT,coverage,98,8,EFC,9,4395.102280306444,36.36363636363637
KIT,coverage,98,9,EFC,11,8376.541487436996,45.45454545454545
KIT,coverage,98,10,EFC,8,9612.312886794747,54.54545454545455
KIT,exploration,92,1,EFC,15,6906.998925809367,45.45454545454545
KIT,exploration,92,2,EFC,11,5009.913314738742,36.36363636363637
KIT,exploration,92,3,EFC,11,15066.406074912711,81.81818181818183
KIT,exploration,92,4,EFC,14,6661.927729065317,40.90909090909091
KIT,exploration,92,5,EFC,10,4045.340882762287,22.727272727272727
KIT,exploration,92,6,EFC,7,11861.901191103138,63.63636363636363
KIT,exploration,92,7,EFC,11,7589.438630347521,54.54545454545454
KIT,exploration,92,8,EFC,9,3928.647383096507,27.27272727272727
KIT,exploration,92,9,EFC,11,12497.666342582072,72.72727272727273
KIT,exploration,92,10,EFC,8,15025.824044203848,86.36363636363637
KIT,exploration,95,1,EFC,15,8898.026170608731,54.54545454545454
KIT,exploration,95,2,EFC,11,5381.446061744524,36.36363636363637
KIT,exploration,95,3,EFC,11,15066.406074912711,81.81818181818183
KIT,exploration,95,4,EFC,14,6661.927729065317,40.90909090909091
KIT,exploration,95,5,EFC,10,4045.340882762287,22.727272727272727
KIT,exploration,95,6,EFC,7,11861.901191103138,63.63636363636363
KIT,exploration,95,7,EFC,11,7589.438630347521,54.54545454545454
KIT,exploration,95,8,EFC,9,4414.643650063606,36.36363636363637
KIT,exploration,95,9,EFC,11,12497.666342582072,72.72727272727273
KIT,exploration,95,10,EFC,8,15025.824044203848,86.36363636363637
KIT,exploration,98,1,EFC,15,8898.026170608731,54.54545454545454
KIT,exploration,98,2,EFC,11,5381.446061744524,36.36363636363637
KIT,exploration,98,3,EFC,11,15066.406074912711,81.81818181818183
KIT,exploration,98,4,EFC,14,6661.927729065317,40.90909090909091
KIT,exploration,98,5,EFC,10,5385.831277789077,31.81818181818182
KIT,exploration,98,6,EFC,7,13855.799032702243,72.72727272727273
KIT,exploration,98,7,EFC,11,7589.438630347521,54.54545454545454
KIT,exploration,98,8,EFC,9,4414.643650063606,36.36363636363637
KIT,exploration,98,9,EFC,11,13182.894266348205,72.72727272727273
KIT,exploration,98,10,EFC,8,15025.824044203848,86.36363636363637
KIT,exploitation,92,1,EFC,15,7116.524077245952,45.45454545454545
KIT,exploitation,92,2,EFC,11,11783.261860387269,63.63636363636363
KIT,exploitation,92,3,EFC,11,9019.858873089295,45.45454545454545
KIT,exploitation,92,4,EFC,14,8128.411066635139,45.45454545454545
KIT,exploitation,92,5,EFC,10,13615.849358085652,68.18181818181819
KIT,exploitation,92,6,EFC,7,17162.322603295324,90.9090909090909
KIT,exploitation,92,7,EFC,11,9720.24723658077,45.45454545454545
KIT,exploitation,92,8,EFC,9,11948.671241073836,63.63636363636363
KIT,exploitation,92,9,EFC,11,10762.03371268842,63.63636363636363
KIT,exploitation,92,10,EFC,8,6062.022737573647,31.81818181818182
KIT,exploitation,95,1,EFC,15,7116.524077245952,45.45454545454545
KIT,exploitation,95,2,EFC,11,12443.69920398441,72.72727272727273
KIT,exploitation,95,3,EFC,11,9019.858873089295,45.45454545454545
KIT,exploitation,95,4,EFC,14,8128.411066635139,45.45454545454545
KIT,exploitation,95,5,EFC,10,13615.849358085652,68.18181818181819
KIT,exploitation,95,6,EFC,7,17856.383868804132,100.0
KIT,exploitation,95,7,EFC,11,11534.368481148684,54.54545454545454
KIT,exploitation,95,8,EFC,9,11948.671241073836,63.63636363636363
KIT,exploitation,95,9,EFC,11,13574.760368512065,72.72727272727273
KIT,exploitation,95,10,EFC,8,6062.022737573647,31.81818181818182
KIT,exploitation,98,1,EFC,15,7116.524077245952,45.45454545454545
KIT,exploitation,98,2,EFC,11,12715.544151874748,72.72727272727273
KIT,exploitation,98,3,EFC,11,11689.902254880306,54.54545454545454
KIT,exploitation,98,4,EFC,14,9599.849392356376,45.45454545454545
KIT,exploitation,98,5,EFC,10,13615.849358085652,68.18181818181819
KIT,exploitation,98,6,EFC,7,17856.383868804132,100.0
KIT,exploitation,98,7,EFC,11,11534.368481148684,54.54545454545454
KIT,exploitation,98,8,EFC,9,11948.671241073836,63.63636363636363
KIT,exploitation,98,9,EFC,11,13574.760368512065,72.72727272727273
KIT,exploitation,98,10,EFC,8,6062.022737573647,31.81818181818182
KIT,hybrid,92,1,EFC,15,10093.384622853791,54.54545454545454
KIT,hybrid,92,2,EFC,11,8047.876801556286,45.45454545454545
KIT,hybrid,92,3,EFC,11,11947.307592995452,63.63636363636363
KIT,hybrid,92,4,EFC,14,5581.8759639624095,27.27272727272727
KIT,hybrid,92,5,EFC,10,4459.9145547683565,22.727272727272727
KIT,hybrid,92,6,EFC,7,10314.945550036284,54.54545454545454
KIT,hybrid,92,7,EFC,11,7719.999600061335,36.36363636363637
KIT,hybrid,92,8,EFC,9,2874.1962135169133,18.181818181818183
KIT,hybrid,92,9,EFC,11,13476.718504292608,72.72727272727273
KIT,hybrid,92,10,EFC,8,20226.64895189272,100.0
KIT,hybrid,95,1,EFC,15,12891.410517324137,63.63636363636363
KIT,hybrid,95,2,EFC,11,8047.876801556286,45.45454545454545
KIT,hybrid,95,3,EFC,11,11947.307592995452,63.63636363636363
KIT,hybrid,95,4,EFC,14,5581.8759639624095,27.27272727272727
KIT,hybrid,95,5,EFC,10,4459.9145547683565,22.727272727272727
KIT,hybrid,95,6,EFC,7,10314.945550036284,54.54545454545454
KIT,hybrid,95,7,EFC,11,7719.999600061335,36.36363636363637
KIT,hybrid,95,8,EFC,9,2874.1962135169133,18.181818181818183
KIT,hybrid,95,9,EFC,11,13476.718504292608,72.72727272727273
KIT,hybrid,95,10,EFC,8,20226.64895189272,100.0
KIT,hybrid,98,1,EFC,15,12891.410517324137,63.63636363636363
KIT,hybrid,98,2,EFC,11,8047.876801556286,45.45454545454545
KIT,hybrid,98,3,EFC,11,11947.307592995452,63.63636363636363
KIT,hybrid,98,4,EFC,14,5581.8759639624095,27.27272727272727
KIT,hybrid,98,5,EFC,10,4459.9145547683565,22.727272727272727
KIT,hybrid,98,6,EFC,7,19311.64407124431,100.0
KIT,hybrid,98,7,EFC,11,7719.999600061335,36.36363636363637
KIT,hybrid,98,8,EFC,9,4447.269754877644,27.27272727272727
KIT,hybrid,98,9,EFC,11,15936.037959529998,81.81818181818183
KIT,hybrid,98,10,EFC,8,20226.64895189272,100.0
Formation,random_selection,92,1,cycles,15,6721.0,49.31506849315068
Formation,random_selection,92,2,cycles,15,5499.0,41.0958904109589
Formation,random_selection,92,3,cycles,15,7116.0,49.31506849315068
Formation,random_selection,92,4,cycles,13,11111.0,82.1917808219178
Formation,random_selection,92,5,cycles,11,5405.0,41.0958904109589
Formation,random_selection,92,6,cycles,15,3121.0,24.65753424657534
Formation,random_selection,92,7,cycles,15,5843.0,41.0958904109589
Formation,random_selection,92,8,cycles,14,2941.0,24.65753424657534
Formation,random_selection,92,9,cycles,14,6475.0,49.31506849315068
Formation,random_selection,92,10,cycles,9,4346.0,32.87671232876712
Formation,random_selection,95,1,cycles,15,9243.0,65.75342465753424
Formation,random_selection,95,2,cycles,15,5499.0,41.0958904109589
Formation,random_selection,95,3,cycles,15,8033.0,57.53424657534247
Formation,random_selection,95,4,cycles,13,11111.0,82.1917808219178
Formation,random_selection,95,5,cycles,11,5405.0,41.0958904109589
Formation,random_selection,95,6,cycles,15,4229.0,32.87671232876712
Formation,random_selection,95,7,cycles,15,9529.0,65.75342465753424
Formation,random_selection,95,8,cycles,14,2941.0,24.65753424657534
Formation,random_selection,95,9,cycles,14,6475.0,49.31506849315068
Formation,random_selection,95,10,cycles,9,4346.0,32.87671232876712
Formation,random_selection,98,1,cycles,15,10318.0,73.97260273972603
Formation,random_selection,98,2,cycles,15,7958.0,57.53424657534247
Formation,random_selection,98,3,cycles,15,8033.0,57.53424657534247
Formation,random_selection,98,4,cycles,13,11111.0,82.1917808219178
Formation,random_selection,98,5,cycles,11,6538.0,49.31506849315068
Formation,random_selection,98,6,cycles,15,4229.0,32.87671232876712
Formation,random_selection,98,7,cycles,15,11777.0,82.1917808219178
Formation,random_selection,98,8,cycles,14,2941.0,24.65753424657534
Formation,random_selection,98,9,cycles,14,6475.0,49.31506849315068
Formation,random_selection,98,10,cycles,9,8721.0,65.75342465753424
Formation,diversity_oneshot,92,1,cycles,15,3505.0,24.65753424657534
Formation,diversity_oneshot,92,2,cycles,15,4382.0,32.87671232876712
Formation,diversity_oneshot,92,3,cycles,15,5775.0,41.0958904109589
Formation,diversity_oneshot,92,4,cycles,13,4535.0,32.87671232876712
Formation,diversity_oneshot,92,5,cycles,11,5519.0,41.0958904109589
Formation,diversity_oneshot,92,6,cycles,15,3493.0,24.65753424657534
Formation,diversity_oneshot,92,7,cycles,15,4444.0,32.87671232876712
Formation,diversity_oneshot,92,8,cycles,14,4787.0,32.87671232876712
Formation,diversity_oneshot,92,9,cycles,14,8744.0,65.75342465753424
Formation,diversity_oneshot,92,10,cycles,9,10145.0,73.97260273972603
Formation,diversity_oneshot,95,1,cycles,15,3512.0,24.65753424657534
Formation,diversity_oneshot,95,2,cycles,15,5311.0,41.0958904109589
Formation,diversity_oneshot,95,3,cycles,15,5775.0,41.0958904109589
Formation,diversity_oneshot,95,4,cycles,13,5658.0,41.0958904109589
Formation,diversity_oneshot,95,5,cycles,11,6398.0,49.31506849315068
Formation,diversity_oneshot,95,6,cycles,15,3493.0,24.65753424657534
Formation,diversity_oneshot,95,7,cycles,15,4444.0,32.87671232876712
Formation,diversity_oneshot,95,8,cycles,14,5493.0,41.0958904109589
Formation,diversity_oneshot,95,9,cycles,14,8943.5,65.75342465753424
Formation,diversity_oneshot,95,10,cycles,9,11893.0,90.41095890410958
Formation,diversity_oneshot,98,1,cycles,15,3512.0,24.65753424657534
Formation,diversity_oneshot,98,2,cycles,15,5311.0,41.0958904109589
Formation,diversity_oneshot,98,3,cycles,15,5775.0,41.0958904109589
Formation,diversity_oneshot,98,4,cycles,13,6758.0,49.31506849315068
Formation,diversity_oneshot,98,5,cycles,11,6398.0,49.31506849315068
Formation,diversity_oneshot,98,6,cycles,15,3739.0,24.65753424657534
Formation,diversity_oneshot,98,7,cycles,15,4444.0,32.87671232876712
Formation,diversity_oneshot,98,8,cycles,14,5673.5,41.0958904109589
Formation,diversity_oneshot,98,9,cycles,14,10018.0,73.97260273972603
Formation,diversity_oneshot,98,10,cycles,9,13339.0,98.63013698630137
Formation,diversity_iterative,92,1,cycles,15,5662.0,41.0958904109589
Formation,diversity_iterative,92,2,cycles,15,6637.0,49.31506849315068
Formation,diversity_iterative,92,3,cycles,15,9592.0,73.97260273972603
Formation,diversity_iterative,92,4,cycles,13,4562.0,32.87671232876712
Formation,diversity_iterative,92,5,cycles,11,3371.0,24.65753424657534
Formation,diversity_iterative,92,6,cycles,15,4244.0,32.87671232876712
Formation,diversity_iterative,92,7,cycles,15,5765.0,41.0958904109589
Formation,diversity_iterative,92,8,cycles,14,10544.5,78.08219178082192
Formation,diversity_iterative,92,9,cycles,14,9783.0,73.97260273972603
Formation,diversity_iterative,92,10,cycles,9,12210.0,90.41095890410958
Formation,diversity_iterative,95,1,cycles,15,6665.0,49.31506849315068
Formation,diversity_iterative,95,2,cycles,15,7084.0,49.31506849315068
Formation,diversity_iterative,95,3,cycles,15,10153.0,73.97260273972603
Formation,diversity_iterative,95,4,cycles,13,4631.0,32.87671232876712
Formation,diversity_iterative,95,5,cycles,11,4446.0,32.87671232876712
Formation,diversity_iterative,95,6,cycles,15,4244.0,32.87671232876712
Formation,diversity_iterative,95,7,cycles,15,6859.0,49.31506849315068
Formation,diversity_iterative,95,8,cycles,14,11018.5,82.1917808219178
Formation,diversity_iterative,95,9,cycles,14,10335.5,78.08219178082192
Formation,diversity_iterative,95,10,cycles,9,12210.0,90.41095890410958
Formation,diversity_iterative,98,1,cycles,15,7622.0,57.53424657534247
Formation,diversity_iterative,98,2,cycles,15,7084.0,49.31506849315068
Formation,diversity_iterative,98,3,cycles,15,10774.0,82.1917808219178
Formation,diversity_iterative,98,4,cycles,13,5519.0,41.0958904109589
Formation,diversity_iterative,98,5,cycles,11,5656.0,41.0958904109589
Formation,diversity_iterative,98,6,cycles,15,4637.0,32.87671232876712
Formation,diversity_iterative,98,7,cycles,15,8001.0,57.53424657534247
Formation,diversity_iterative,98,8,cycles,14,11018.5,82.1917808219178
Formation,diversity_iterative,98,9,cycles,14,10914.5,82.1917808219178
Formation,diversity_iterative,98,10,cycles,9,13107.0,98.63013698630137
Formation,coverage,92,1,cycles,15,5764.0,41.0958904109589
Formation,coverage,92,2,cycles,15,8980.0,65.75342465753424
Formation,coverage,92,3,cycles,15,4675.0,32.87671232876712
Formation,coverage,92,4,cycles,13,8798.0,65.75342465753424
Formation,coverage,92,5,cycles,11,6869.0,49.31506849315068
Formation,coverage,92,6,cycles,15,5701.0,41.0958904109589
Formation,coverage,92,7,cycles,15,8555.0,65.75342465753424
Formation,coverage,92,8,cycles,14,5768.5,41.0958904109589
Formation,coverage,92,9,cycles,14,6755.0,49.31506849315068
Formation,coverage,92,10,cycles,9,9849.0,73.97260273972603
Formation,coverage,95,1,cycles,15,5764.0,41.0958904109589
Formation,coverage,95,2,cycles,15,8980.0,65.75342465753424
Formation,coverage,95,3,cycles,15,6671.0,49.31506849315068
Formation,coverage,95,4,cycles,13,9761.0,73.97260273972603
Formation,coverage,95,5,cycles,11,6869.0,49.31506849315068
Formation,coverage,95,6,cycles,15,5701.0,41.0958904109589
Formation,coverage,95,7,cycles,15,10584.0,73.97260273972603
Formation,coverage,95,8,cycles,14,5786.0,41.0958904109589
Formation,coverage,95,9,cycles,14,7215.0,53.42465753424658
Formation,coverage,95,10,cycles,9,10895.0,82.1917808219178
Formation,coverage,98,1,cycles,15,6745.0,49.31506849315068
Formation,coverage,98,2,cycles,15,8980.0,65.75342465753424
Formation,coverage,98,3,cycles,15,7714.0,57.53424657534247
Formation,coverage,98,4,cycles,13,10768.0,82.1917808219178
Formation,coverage,98,5,cycles,11,6869.0,49.31506849315068
Formation,coverage,98,6,cycles,15,5803.0,41.0958904109589
Formation,coverage,98,7,cycles,15,10683.0,82.1917808219178
Formation,coverage,98,8,cycles,14,7675.0,57.53424657534247
Formation,coverage,98,9,cycles,14,7735.0,57.53424657534247
Formation,coverage,98,10,cycles,9,10895.0,82.1917808219178
Formation,exploration,92,1,cycles,15,5562.0,41.0958904109589
Formation,exploration,92,2,cycles,15,6463.0,49.31506849315068
Formation,exploration,92,3,cycles,15,4586.0,32.87671232876712
Formation,exploration,92,4,cycles,13,8802.0,65.75342465753424
Formation,exploration,92,5,cycles,11,4478.0,32.87671232876712
Formation,exploration,92,6,cycles,15,4634.0,32.87671232876712
Formation,exploration,92,7,cycles,15,9152.0,65.75342465753424
Formation,exploration,92,8,cycles,14,4720.5,36.98630136986301
Formation,exploration,92,9,cycles,14,7653.0,57.53424657534247
Formation,exploration,92,10,cycles,9,2332.0,16.43835616438356
Formation,exploration,95,1,cycles,15,5562.0,41.0958904109589
Formation,exploration,95,2,cycles,15,7505.0,57.53424657534247
Formation,exploration,95,3,cycles,15,5163.0,41.0958904109589
Formation,exploration,95,4,cycles,13,8802.0,65.75342465753424
Formation,exploration,95,5,cycles,11,4478.0,32.87671232876712
Formation,exploration,95,6,cycles,15,4634.0,32.87671232876712
Formation,exploration,95,7,cycles,15,9549.0,73.97260273972603
Formation,exploration,95,8,cycles,14,4897.0,36.98630136986301
Formation,exploration,95,9,cycles,14,8827.5,65.75342465753424
Formation,exploration,95,10,cycles,9,9791.0,73.97260273972603
Formation,exploration,98,1,cycles,15,5562.0,41.0958904109589
Formation,exploration,98,2,cycles,15,10751.0,82.1917808219178
Formation,exploration,98,3,cycles,15,6662.0,49.31506849315068
Formation,exploration,98,4,cycles,13,9951.0,73.97260273972603
Formation,exploration,98,5,cycles,11,4508.0,32.87671232876712
Formation,exploration,98,6,cycles,15,6361.0,49.31506849315068
Formation,exploration,98,7,cycles,15,11151.0,82.1917808219178
Formation,exploration,98,8,cycles,14,4897.0,36.98630136986301
Formation,exploration,98,9,cycles,14,9228.0,69.86301369863014
Formation,exploration,98,10,cycles,9,9791.0,73.97260273972603
Formation,exploitation,92,1,cycles,15,8939.0,65.75342465753424
Formation,exploitation,92,2,cycles,15,4044.0,32.87671232876712
Formation,exploitation,92,3,cycles,15,7768.0,57.53424657534247
Formation,exploitation,92,4,cycles,13,5630.0,41.0958904109589
Formation,exploitation,92,5,cycles,11,4472.0,32.87671232876712
Formation,exploitation,92,6,cycles,15,4324.0,32.87671232876712
Formation,exploitation,92,7,cycles,15,6509.0,49.31506849315068
Formation,exploitation,92,8,cycles,14,5275.5,41.0958904109589
Formation,exploitation,92,9,cycles,14,10890.5,82.1917808219178
Formation,exploitation,92,10,cycles,9,4302.0,32.87671232876712
Formation,exploitation,95,1,cycles,15,9109.0,65.75342465753424
Formation,exploitation,95,2,cycles,15,4450.0,32.87671232876712
Formation,exploitation,95,3,cycles,15,7768.0,57.53424657534247
Formation,exploitation,95,4,cycles,13,6232.0,49.31506849315068
Formation,exploitation,95,5,cycles,11,5580.0,41.0958904109589
Formation,exploitation,95,6,cycles,15,4324.0,32.87671232876712
Formation,exploitation,95,7,cycles,15,6509.0,49.31506849315068
Formation,exploitation,95,8,cycles,14,5830.0,45.20547945205479
Formation,exploitation,95,9,cycles,14,11805.5,90.41095890410958
Formation,exploitation,95,10,cycles,9,4302.0,32.87671232876712
Formation,exploitation,98,1,cycles,15,9929.0,73.97260273972603
Formation,exploitation,98,2,cycles,15,4450.0,32.87671232876712
Formation,exploitation,98,3,cycles,15,7768.0,57.53424657534247
Formation,exploitation,98,4,cycles,13,6626.0,49.31506849315068
Formation,exploitation,98,5,cycles,11,5580.0,41.0958904109589
Formation,exploitation,98,6,cycles,15,4324.0,32.87671232876712
Formation,exploitation,98,7,cycles,15,6509.0,49.31506849315068
Formation,exploitation,98,8,cycles,14,6449.0,49.31506849315068
Formation,exploitation,98,9,cycles,14,11805.5,90.41095890410958
Formation,exploitation,98,10,cycles,9,5564.0,41.0958904109589
Formation,hybrid,92,1,cycles,15,9213.0,65.75342465753424
Formation,hybrid,92,2,cycles,15,8460.0,65.75342465753424
Formation,hybrid,92,3,cycles,15,6744.0,49.31506849315068
Formation,hybrid,92,4,cycles,13,7590.0,57.53424657534247
Formation,hybrid,92,5,cycles,11,4332.0,32.87671232876712
Formation,hybrid,92,6,cycles,15,4808.0,32.87671232876712
Formation,hybrid,92,7,cycles,15,7084.0,49.31506849315068
Formation,hybrid,92,8,cycles,14,4301.5,32.87671232876712
Formation,hybrid,92,9,cycles,14,6631.5,49.31506849315068
Formation,hybrid,92,10,cycles,9,6596.0,49.31506849315068
Formation,hybrid,95,1,cycles,15,9817.0,73.97260273972603
Formation,hybrid,95,2,cycles,15,8460.0,65.75342465753424
Formation,hybrid,95,3,cycles,15,6744.0,49.31506849315068
Formation,hybrid,95,4,cycles,13,8654.0,65.75342465753424
Formation,hybrid,95,5,cycles,11,4332.0,32.87671232876712
Formation,hybrid,95,6,cycles,15,9052.0,65.75342465753424
Formation,hybrid,95,7,cycles,15,9257.0,65.75342465753424
Formation,hybrid,95,8,cycles,14,4304.5,32.87671232876712
Formation,hybrid,95,9,cycles,14,6631.5,49.31506849315068
Formation,hybrid,95,10,cycles,9,7656.0,57.53424657534247
Formation,hybrid,98,1,cycles,15,9817.0,73.97260273972603
Formation,hybrid,98,2,cycles,15,11216.0,82.1917808219178
Formation,hybrid,98,3,cycles,15,6744.0,49.31506849315068
Formation,hybrid,98,4,cycles,13,8772.0,65.75342465753424
Formation,hybrid,98,5,cycles,11,4332.0,32.87671232876712
Formation,hybrid,98,6,cycles,15,13280.0,98.63013698630137
Formation,hybrid,98,7,cycles,15,10242.0,73.97260273972603
Formation,hybrid,98,8,cycles,14,4304.5,32.87671232876712
Formation,hybrid,98,9,cycles,14,7144.5,53.42465753424658
Formation,hybrid,98,10,cycles,9,7656.0,57.53424657534247
TRI_Tesla,random_selection,92,1,EFC,13,2833.227400010217,37.38317757009346
TRI_Tesla,random_selection,92,2,EFC,15,6650.715952122883,74.76635514018692
TRI_Tesla,random_selection,92,3,EFC,15,5472.234572271377,67.28971962616822
TRI_Tesla,random_selection,92,4,EFC,14,1771.922518764358,22.42990654205608
TRI_Tesla,random_selection,92,5,EFC,14,1921.722710649776,22.42990654205608
TRI_Tesla,random_selection,92,6,EFC,14,4872.03632716002,52.33644859813084
TRI_Tesla,random_selection,92,7,EFC,12,2485.477462371339,29.906542056074763
TRI_Tesla,random_selection,92,8,EFC,13,3707.119776597188,37.38317757009346
TRI_Tesla,random_selection,92,9,EFC,14,4830.372007553596,52.33644859813084
TRI_Tesla,random_selection,92,10,EFC,15,8310.467672429764,89.7196261682243
TRI_Tesla,random_selection,95,1,EFC,13,2833.227400010217,37.38317757009346
TRI_Tesla,random_selection,95,2,EFC,15,6650.715952122883,74.76635514018692
TRI_Tesla,random_selection,95,3,EFC,15,7071.081564899656,82.2429906542056
TRI_Tesla,random_selection,95,4,EFC,14,2089.677150136183,26.16822429906542
TRI_Tesla,random_selection,95,5,EFC,14,1921.722710649776,22.42990654205608
TRI_Tesla,random_selection,95,6,EFC,14,4872.03632716002,52.33644859813084
TRI_Tesla,random_selection,95,7,EFC,12,2485.477462371339,29.906542056074763
TRI_Tesla,random_selection,95,8,EFC,13,3707.119776597188,37.38317757009346
TRI_Tesla,random_selection,95,9,EFC,14,6258.917541950632,74.76635514018692
TRI_Tesla,random_selection,95,10,EFC,15,8310.467672429764,89.7196261682243
TRI_Tesla,random_selection,98,1,EFC,13,4817.731471480009,52.33644859813084
TRI_Tesla,random_selection,98,2,EFC,15,6650.715952122883,74.76635514018692
TRI_Tesla,random_selection,98,3,EFC,15,7694.070934081281,89.7196261682243
TRI_Tesla,random_selection,98,4,EFC,14,2407.4317815080085,29.906542056074763
TRI_Tesla,random_selection,98,5,EFC,14,3546.396274607593,41.12149532710281
TRI_Tesla,random_selection,98,6,EFC,14,6196.907842942959,67.28971962616822
TRI_Tesla,random_selection,98,7,EFC,12,2485.477462371339,29.906542056074763
TRI_Tesla,random_selection,98,8,EFC,13,4318.133848306461,44.85981308411215
TRI_Tesla,random_selection,98,9,EFC,14,6258.917541950632,74.76635514018692
TRI_Tesla,random_selection,98,10,EFC,15,8310.467672429764,89.7196261682243
TRI_Tesla,diversity_oneshot,92,1,EFC,13,4883.245021526722,59.813084112149525
TRI_Tesla,diversity_oneshot,92,2,EFC,15,5259.484118654858,67.28971962616822
TRI_Tesla,diversity_oneshot,92,3,EFC,15,3799.904562593317,44.85981308411215
TRI_Tesla,diversity_oneshot,92,4,EFC,14,2389.399368407325,29.906542056074763
TRI_Tesla,diversity_oneshot,92,5,EFC,14,1964.3782361780293,22.42990654205608
TRI_Tesla,diversity_oneshot,92,6,EFC,14,5059.91826459378,63.55140186915887
TRI_Tesla,diversity_oneshot,92,7,EFC,12,4264.355562827239,48.598130841121495
TRI_Tesla,diversity_oneshot,92,8,EFC,13,1908.1066953620068,22.42990654205608
TRI_Tesla,diversity_oneshot,92,9,EFC,14,4564.032550897891,56.07476635514018
TRI_Tesla,diversity_oneshot,92,10,EFC,15,2691.2940763878605,29.906542056074763
TRI_Tesla,diversity_oneshot,95,1,EFC,13,5404.779243117952,59.813084112149525
TRI_Tesla,diversity_oneshot,95,2,EFC,15,5480.47659376388,67.28971962616822
TRI_Tesla,diversity_oneshot,95,3,EFC,15,3799.904562593317,44.85981308411215
TRI_Tesla,diversity_oneshot,95,4,EFC,14,2389.399368407325,29.906542056074763
TRI_Tesla,diversity_oneshot,95,5,EFC,14,2205.018270015982,26.16822429906542
TRI_Tesla,diversity_oneshot,95,6,EFC,14,5854.269013901414,71.02803738317758
TRI_Tesla,diversity_oneshot,95,7,EFC,12,4281.001159574389,48.598130841121495
TRI_Tesla,diversity_oneshot,95,8,EFC,13,1908.1066953620068,22.42990654205608
TRI_Tesla,diversity_oneshot,95,9,EFC,14,4564.032550897891,56.07476635514018
TRI_Tesla,diversity_oneshot,95,10,EFC,15,2691.2940763878605,29.906542056074763
TRI_Tesla,diversity_oneshot,98,1,EFC,13,5686.453658581656,67.28971962616822
TRI_Tesla,diversity_oneshot,98,2,EFC,15,5480.47659376388,67.28971962616822
TRI_Tesla,diversity_oneshot,98,3,EFC,15,3936.9788431643415,44.85981308411215
TRI_Tesla,diversity_oneshot,98,4,EFC,14,3348.9289159430946,37.38317757009345
TRI_Tesla,diversity_oneshot,98,5,EFC,14,2847.6331345453927,29.906542056074763
TRI_Tesla,diversity_oneshot,98,6,EFC,14,5854.269013901414,71.02803738317758
TRI_Tesla,diversity_oneshot,98,7,EFC,12,4602.279169322845,56.07476635514018
TRI_Tesla,diversity_oneshot,98,8,EFC,13,1908.1066953620068,22.42990654205608
TRI_Tesla,diversity_oneshot,98,9,EFC,14,5838.869759505076,67.28971962616822
TRI_Tesla,diversity_oneshot,98,10,EFC,15,3574.5768371601253,37.38317757009346
TRI_Tesla,diversity_iterative,92,1,EFC,13,6015.690284560767,59.813084112149525
TRI_Tesla,diversity_iterative,92,2,EFC,15,8339.005114703585,89.7196261682243
TRI_Tesla,diversity_iterative,92,3,EFC,15,5476.616761241296,59.813084112149525
TRI_Tesla,diversity_iterative,92,4,EFC,14,4928.794740267778,56.07476635514018
TRI_Tesla,diversity_iterative,92,5,EFC,14,2990.9788465646766,29.906542056074763
TRI_Tesla,diversity_iterative,92,6,EFC,14,6650.5260885400585,74.76635514018692
TRI_Tesla,diversity_iterative,92,7,EFC,12,5863.255755914252,67.28971962616822
TRI_Tesla,diversity_iterative,92,8,EFC,13,5129.400294220119,52.33644859813084
TRI_Tesla,diversity_iterative,92,9,EFC,14,5717.106688906891,59.81308411214953
TRI_Tesla,diversity_iterative,92,10,EFC,15,5921.40492566673,59.813084112149525
TRI_Tesla,diversity_iterative,95,1,EFC,13,6040.10048921349,59.813084112149525
TRI_Tesla,diversity_iterative,95,2,EFC,15,8464.410402098914,89.7196261682243
TRI_Tesla,diversity_iterative,95,3,EFC,15,5476.616761241296,59.813084112149525
TRI_Tesla,diversity_iterative,95,4,EFC,14,6150.122065327787,63.55140186915887
TRI_Tesla,diversity_iterative,95,5,EFC,14,3161.079346753754,33.64485981308411
TRI_Tesla,diversity_iterative,95,6,EFC,14,7106.89420972123,74.76635514018692
TRI_Tesla,diversity_iterative,95,7,EFC,12,6427.442752810054,74.76635514018692
TRI_Tesla,diversity_iterative,95,8,EFC,13,5129.400294220119,52.33644859813084
TRI_Tesla,diversity_iterative,95,9,EFC,14,5819.260714344564,63.55140186915887
TRI_Tesla,diversity_iterative,95,10,EFC,15,6471.131060357933,74.76635514018692
TRI_Tesla,diversity_iterative,98,1,EFC,13,8797.365230141731,97.196261682243
TRI_Tesla,diversity_iterative,98,2,EFC,15,8464.410402098914,97.196261682243
TRI_Tesla,diversity_iterative,98,3,EFC,15,5739.423426161845,59.813084112149525
TRI_Tesla,diversity_iterative,98,4,EFC,14,6150.122065327787,63.55140186915887
TRI_Tesla,diversity_iterative,98,5,EFC,14,3169.846847633782,37.38317757009346
TRI_Tesla,diversity_iterative,98,6,EFC,14,7692.643502559747,85.98130841121494
TRI_Tesla,diversity_iterative,98,7,EFC,12,6427.442752810054,74.76635514018692
TRI_Tesla,diversity_iterative,98,8,EFC,13,7648.218730846072,82.2429906542056
TRI_Tesla,diversity_iterative,98,9,EFC,14,6582.450836254865,74.76635514018692
TRI_Tesla,diversity_iterative,98,10,EFC,15,7136.953837905251,74.76635514018692
TRI_Tesla,coverage,92,1,EFC,13,6326.031408779353,74.76635514018692
TRI_Tesla,coverage,92,2,EFC,15,5062.10085800349,59.813084112149525
TRI_Tesla,coverage,92,3,EFC,15,4524.546213980936,59.813084112149525
TRI_Tesla,coverage,92,4,EFC,14,1963.005034125893,22.42990654205608
TRI_Tesla,coverage,92,5,EFC,14,1508.7868778624495,22.42990654205608
TRI_Tesla,coverage,92,6,EFC,14,4735.528402517311,63.55140186915887
TRI_Tesla,coverage,92,7,EFC,12,4103.240442336085,56.07476635514018
TRI_Tesla,coverage,92,8,EFC,13,2341.775092554105,29.906542056074763
TRI_Tesla,coverage,92,9,EFC,14,2804.5028358787217,41.12149532710281
TRI_Tesla,coverage,92,10,EFC,15,2929.743197254595,29.906542056074763
TRI_Tesla,coverage,95,1,EFC,13,6326.031408779353,74.76635514018692
TRI_Tesla,coverage,95,2,EFC,15,5062.10085800349,59.813084112149525
TRI_Tesla,coverage,95,3,EFC,15,4960.5632572345085,59.813084112149525
TRI_Tesla,coverage,95,4,EFC,14,2342.9005124917394,29.90654205607477
TRI_Tesla,coverage,95,5,EFC,14,1884.954829385456,22.42990654205608
TRI_Tesla,coverage,95,6,EFC,14,4735.528402517311,63.55140186915887
TRI_Tesla,coverage,95,7,EFC,12,4103.240442336085,56.07476635514018
TRI_Tesla,coverage,95,8,EFC,13,3351.4254207974736,44.85981308411215
TRI_Tesla,coverage,95,9,EFC,14,3240.975494111821,52.33644859813084
TRI_Tesla,coverage,95,10,EFC,15,3944.88484999638,37.38317757009346
TRI_Tesla,coverage,98,1,EFC,13,6944.374521080791,82.2429906542056
TRI_Tesla,coverage,98,2,EFC,15,6822.389376786294,82.2429906542056
TRI_Tesla,coverage,98,3,EFC,15,5301.064010349985,67.28971962616822
TRI_Tesla,coverage,98,4,EFC,14,2560.003173807116,33.64485981308411
TRI_Tesla,coverage,98,5,EFC,14,1884.954829385456,22.42990654205608
TRI_Tesla,coverage,98,6,EFC,14,4735.528402517311,63.55140186915887
TRI_Tesla,coverage,98,7,EFC,12,4103.240442336085,56.07476635514018
TRI_Tesla,coverage,98,8,EFC,13,3351.4254207974736,44.85981308411215
TRI_Tesla,coverage,98,9,EFC,14,5234.101872558286,71.02803738317758
TRI_Tesla,coverage,98,10,EFC,15,3944.88484999638,37.38317757009346
TRI_Tesla,exploration,92,1,EFC,13,5206.981986441331,82.2429906542056
TRI_Tesla,exploration,92,2,EFC,15,5072.529539654431,74.76635514018692
TRI_Tesla,exploration,92,3,EFC,15,4211.533279710703,52.33644859813084
TRI_Tesla,exploration,92,4,EFC,14,3738.102296296572,52.33644859813084
TRI_Tesla,exploration,92,5,EFC,14,2281.6843385437805,29.906542056074763
TRI_Tesla,exploration,92,6,EFC,14,6208.520474768631,85.98130841121494
TRI_Tesla,exploration,92,7,EFC,12,4869.15236381063,71.02803738317758
TRI_Tesla,exploration,92,8,EFC,13,3044.1901219858364,44.85981308411215
TRI_Tesla,exploration,92,9,EFC,14,4625.71237476288,67.28971962616822
TRI_Tesla,exploration,92,10,EFC,15,3726.770745136291,44.85981308411215
TRI_Tesla,exploration,95,1,EFC,13,5206.981986441331,82.2429906542056
TRI_Tesla,exploration,95,2,EFC,15,6673.135395671642,82.2429906542056
TRI_Tesla,exploration,95,3,EFC,15,4609.420917351488,67.28971962616822
TRI_Tesla,exploration,95,4,EFC,14,3738.102296296572,52.33644859813084
TRI_Tesla,exploration,95,5,EFC,14,2281.6843385437805,29.906542056074763
TRI_Tesla,exploration,95,6,EFC,14,6377.381668241832,89.7196261682243
TRI_Tesla,exploration,95,7,EFC,12,5870.163238316731,82.24299065420561
TRI_Tesla,exploration,95,8,EFC,13,3155.871357863013,44.85981308411215
TRI_Tesla,exploration,95,9,EFC,14,5891.893949661268,74.76635514018692
TRI_Tesla,exploration,95,10,EFC,15,5369.548405986335,59.813084112149525
TRI_Tesla,exploration,98,1,EFC,13,5539.065989814279,89.7196261682243
TRI_Tesla,exploration,98,2,EFC,15,7145.229652437277,89.7196261682243
TRI_Tesla,exploration,98,3,EFC,15,4767.578166493401,67.28971962616822
TRI_Tesla,exploration,98,4,EFC,14,4452.7870989537605,59.813084112149525
TRI_Tesla,exploration,98,5,EFC,14,2281.6843385437805,29.906542056074763
TRI_Tesla,exploration,98,6,EFC,14,6377.381668241832,89.7196261682243
TRI_Tesla,exploration,98,7,EFC,12,5870.163238316731,82.24299065420561
TRI_Tesla,exploration,98,8,EFC,13,4005.5101271126928,52.33644859813084
TRI_Tesla,exploration,98,9,EFC,14,6084.548310743377,82.2429906542056
TRI_Tesla,exploration,98,10,EFC,15,5657.586263884052,67.28971962616822
TRI_Tesla,exploitation,92,1,EFC,13,5526.405327123304,74.76635514018692
TRI_Tesla,exploitation,92,2,EFC,15,5762.069740490738,67.28971962616822
TRI_Tesla,exploitation,92,3,EFC,15,3709.451996866385,37.38317757009346
TRI_Tesla,exploitation,92,4,EFC,14,2815.2892045990384,41.1214953271028
TRI_Tesla,exploitation,92,5,EFC,14,3763.001742694824,48.598130841121495
TRI_Tesla,exploitation,92,6,EFC,14,3805.197374460901,52.33644859813084
TRI_Tesla,exploitation,92,7,EFC,12,3134.1297379028183,33.64485981308411
TRI_Tesla,exploitation,92,8,EFC,13,4331.513670630169,52.33644859813084
TRI_Tesla,exploitation,92,9,EFC,14,4879.318567767239,63.55140186915887
TRI_Tesla,exploitation,92,10,EFC,15,5220.380207489747,67.28971962616822
TRI_Tesla,exploitation,95,1,EFC,13,5843.516356255807,74.76635514018692
TRI_Tesla,exploitation,95,2,EFC,15,6231.766994071356,74.76635514018692
TRI_Tesla,exploitation,95,3,EFC,15,3722.3838373787007,37.38317757009346
TRI_Tesla,exploitation,95,4,EFC,14,2921.8454388741025,44.85981308411215
TRI_Tesla,exploitation,95,5,EFC,14,4065.97729613234,52.33644859813084
TRI_Tesla,exploitation,95,6,EFC,14,3805.197374460901,52.33644859813084
TRI_Tesla,exploitation,95,7,EFC,12,3894.939989703324,41.12149532710281
TRI_Tesla,exploitation,95,8,EFC,13,4988.590929992223,59.813084112149525
TRI_Tesla,exploitation,95,9,EFC,14,5069.864909899794,67.28971962616822
TRI_Tesla,exploitation,95,10,EFC,15,5413.5214524232815,67.28971962616822
TRI_Tesla,exploitation,98,1,EFC,13,6453.231837609425,89.7196261682243
TRI_Tesla,exploitation,98,2,EFC,15,6368.611577403078,82.2429906542056
TRI_Tesla,exploitation,98,3,EFC,15,3722.3838373787007,37.38317757009346
TRI_Tesla,exploitation,98,4,EFC,14,3938.3124567008417,59.813084112149525
TRI_Tesla,exploitation,98,5,EFC,14,4465.815741748863,56.07476635514018
TRI_Tesla,exploitation,98,6,EFC,14,3805.197374460901,52.33644859813084
TRI_Tesla,exploitation,98,7,EFC,12,4062.173154953583,41.12149532710281
TRI_Tesla,exploitation,98,8,EFC,13,4988.590929992223,59.813084112149525
TRI_Tesla,exploitation,98,9,EFC,14,5645.680816272256,74.76635514018692
TRI_Tesla,exploitation,98,10,EFC,15,5413.5214524232815,67.28971962616822
TRI_Tesla,hybrid,92,1,EFC,13,6265.356033633093,74.76635514018692
TRI_Tesla,hybrid,92,2,EFC,15,4676.607626456467,59.813084112149525
TRI_Tesla,hybrid,92,3,EFC,15,3457.276282065907,37.38317757009346
TRI_Tesla,hybrid,92,4,EFC,14,2076.149690757745,29.906542056074763
TRI_Tesla,hybrid,92,5,EFC,14,1597.055211932367,18.69158878504673
TRI_Tesla,hybrid,92,6,EFC,14,5573.544115851548,67.28971962616822
TRI_Tesla,hybrid,92,7,EFC,12,4041.210505945389,48.598130841121495
TRI_Tesla,hybrid,92,8,EFC,13,2350.775655641149,37.38317757009346
TRI_Tesla,hybrid,92,9,EFC,14,2804.23607105208,37.38317757009346
TRI_Tesla,hybrid,92,10,EFC,15,3381.1040728952803,37.38317757009346
TRI_Tesla,hybrid,95,1,EFC,13,6610.047423652283,82.2429906542056
TRI_Tesla,hybrid,95,2,EFC,15,5622.036108655903,67.28971962616822
TRI_Tesla,hybrid,95,3,EFC,15,3768.0024395509936,37.38317757009346
TRI_Tesla,hybrid,95,4,EFC,14,3388.4135750669275,41.12149532710281
TRI_Tesla,hybrid,95,5,EFC,14,1659.2070910048333,22.42990654205608
TRI_Tesla,hybrid,95,6,EFC,14,5573.544115851548,67.28971962616822
TRI_Tesla,hybrid,95,7,EFC,12,4041.210505945389,48.598130841121495
TRI_Tesla,hybrid,95,8,EFC,13,3512.678477087797,37.38317757009346
TRI_Tesla,hybrid,95,9,EFC,14,4016.5408884590433,48.598130841121495
TRI_Tesla,hybrid,95,10,EFC,15,3381.1040728952803,37.38317757009346
TRI_Tesla,hybrid,98,1,EFC,13,7440.065468747184,82.2429906542056
TRI_Tesla,hybrid,98,2,EFC,15,6637.637877598975,74.76635514018692
TRI_Tesla,hybrid,98,3,EFC,15,4183.534821009751,44.85981308411215
TRI_Tesla,hybrid,98,4,EFC,14,4012.8480735466046,52.33644859813084
TRI_Tesla,hybrid,98,5,EFC,14,1778.7964860564266,22.42990654205608
TRI_Tesla,hybrid,98,6,EFC,14,6589.235750247824,74.76635514018692
TRI_Tesla,hybrid,98,7,EFC,12,4041.210505945389,48.598130841121495
TRI_Tesla,hybrid,98,8,EFC,13,4831.347141309215,52.33644859813084
TRI_Tesla,hybrid,98,9,EFC,14,4161.2272455485245,52.33644859813084
TRI_Tesla,hybrid,98,10,EFC,15,5668.606689037586,67.28971962616822
