dataset,feature_set,model,acquisition,mean_alc_mape,median_alc_mape,sd_trial_alc_mape,mean_alc_area_mape_fraction,n_trials,min_checkpoints,max_checkpoints
Formation,set1_dQn_m,AE_ENet,coverage,12.539357198010666,11.924079674052049,1.8018329698420281,5.153160492333151,10,6,6
Formation,set1_dQn_m,AE_ENet,diversity_iterative,11.414666288495594,11.757088333118878,2.340543342905134,4.690958748696819,10,6,6
Formation,set1_dQn_m,AE_ENet,diversity_oneshot,12.2140021251907,12.118510848597975,2.2316857401639982,5.019452928160562,10,6,6
Formation,set1_dQn_m,AE_ENet,exploitation,12.779545039776973,12.334948076259005,2.651158817636685,5.251867824565879,10,6,6
Formation,set1_dQn_m,AE_ENet,exploration,12.854177031876187,12.11705960022557,2.0245479317259094,5.2825385062504875,10,6,6
Formation,set1_dQn_m,AE_ENet,hybrid,12.776626574426784,12.098895611164924,2.052377311165125,5.250668455243884,10,6,6
Formation,set1_dQn_m,AE_ENet,random_selection,12.110287343903007,11.482595619920193,1.6834283960050531,4.976830415302605,10,6,6
Formation,set1_dQn_m,GPR,coverage,13.3341629371822,12.551367504429587,2.4749767724181884,5.479792987883096,10,6,6
Formation,set1_dQn_m,GPR,diversity_iterative,12.713003880246472,12.650510725103299,2.9086572436458153,5.224522142567043,10,6,6
Formation,set1_dQn_m,GPR,diversity_oneshot,13.101628240661274,12.85966807307333,2.764612024801644,5.3842307838334,10,6,6
Formation,set1_dQn_m,GPR,exploitation,14.151835424882876,13.043650847269696,2.742250522109714,5.815822777349127,10,6,6
Formation,set1_dQn_m,GPR,exploration,12.921309806031053,12.13367222830943,2.6088312864658216,5.310127317547009,10,6,6
Formation,set1_dQn_m,GPR,hybrid,13.574464668386687,13.305733835602851,2.326164126101079,5.578547123994528,10,6,6
Formation,set1_dQn_m,GPR,random_selection,13.803256934152213,12.716106146766863,2.6924178246860127,5.6725713428022795,10,6,6
Formation,set1_dQn_m,RF,coverage,14.318651159046084,13.424792549274246,2.7141029457024106,5.884377188649075,10,6,6
Formation,set1_dQn_m,RF,diversity_iterative,14.00045467312153,13.425048295035811,2.3214457058000835,5.753611509501999,10,6,6
Formation,set1_dQn_m,RF,diversity_oneshot,14.32864582916803,13.718306370530454,2.703342816418235,5.888484587329327,10,6,6
Formation,set1_dQn_m,RF,exploitation,14.818682286314399,15.089352223488417,3.672844345066978,6.089869432731944,10,6,6
Formation,set1_dQn_m,RF,exploration,15.001345939741388,14.57709256949693,3.549565157782013,6.164936687564953,10,6,6
Formation,set1_dQn_m,RF,hybrid,14.312624206974107,13.49954378262324,2.724846893943582,5.881900359030455,10,6,6
Formation,set1_dQn_m,RF,random_selection,14.73183961120478,14.12987566201626,2.959891549271841,6.05418066213895,10,6,6
Formation,set2_early_soh,AE_ENet,coverage,19.20127183276721,18.215557229122126,4.027335455558011,7.890933629904332,10,6,6
Formation,set2_early_soh,AE_ENet,diversity_iterative,20.906315927318236,20.629476321243708,3.504002239767311,8.591636682459548,10,6,6
Formation,set2_early_soh,AE_ENet,diversity_oneshot,19.24090689263118,19.46372472286766,2.9752010707978886,7.907222010670347,10,6,6
Formation,set2_early_soh,AE_ENet,exploitation,19.08196917497188,18.691552323443943,2.630030732130654,7.841905140399402,10,6,6
Formation,set2_early_soh,AE_ENet,exploration,17.36965535180396,17.295373265065773,3.2653991656520343,7.138214528138613,10,6,6
Formation,set2_early_soh,AE_ENet,hybrid,18.299315033841236,17.833940101449198,2.919023457636053,7.52026645226352,10,6,6
Formation,set2_early_soh,AE_ENet,random_selection,18.777583603570594,18.687380930189484,2.13930778743197,7.716815179549559,10,6,6
Formation,set2_early_soh,GPR,coverage,19.48815071079192,18.334681856782375,3.357265685118739,8.008829059229557,10,6,6
Formation,set2_early_soh,GPR,diversity_iterative,20.142696343857658,19.104275734962474,3.419803598847079,8.27782041528397,10,6,6
Formation,set2_early_soh,GPR,diversity_oneshot,19.585638040328547,18.739240359881887,3.4812176052974757,8.0488923453405,10,6,6
Formation,set2_early_soh,GPR,exploitation,20.360596999840986,20.144398850748264,2.3136964691632627,8.367368630071637,10,6,6
Formation,set2_early_soh,GPR,exploration,18.263207300610517,17.347912483585958,4.035521161433943,7.505427657785144,10,6,6
Formation,set2_early_soh,GPR,hybrid,18.812257105062244,18.457462743788305,2.6484903869772163,7.731064563724209,10,6,6
Formation,set2_early_soh,GPR,random_selection,19.816436128434276,19.052684660835332,2.528852441574292,8.143740874699017,10,6,6
Formation,set2_early_soh,RF,coverage,19.84859291244168,18.110917104134494,4.380953624625974,8.15695599141439,10,6,6
Formation,set2_early_soh,RF,diversity_iterative,20.594528489787713,19.75307583469492,3.484445039004203,8.463504858816869,10,6,6
Formation,set2_early_soh,RF,diversity_oneshot,19.852813325520813,19.27711027181614,3.367188167528494,8.158690407748278,10,6,6
Formation,set2_early_soh,RF,exploitation,19.189331345778736,17.655470112381757,4.098912427745834,7.886026580457015,10,6,6
Formation,set2_early_soh,RF,exploration,20.288482425515653,19.811194894655905,2.944042007735444,8.33773250363657,10,6,6
Formation,set2_early_soh,RF,hybrid,19.926057190272335,19.185634765795662,3.9275426754964444,8.188790626139314,10,6,6
Formation,set2_early_soh,RF,random_selection,20.24707737321163,19.15955251538966,3.5304042572781564,8.320716728717109,10,6,6
Formation,set3_features,AE_ENet,coverage,11.559057750427046,11.414343515203345,1.418063606606952,4.750297705654949,10,6,6
Formation,set3_features,AE_ENet,diversity_iterative,11.407979948963462,11.579763900533543,1.8143183971203463,4.688210937930189,10,6,6
Formation,set3_features,AE_ENet,diversity_oneshot,11.02698972907857,11.254436699559609,1.0624597988004623,4.531639614689824,10,6,6
Formation,set3_features,AE_ENet,exploitation,11.188187681004782,10.976644344985026,1.0514372880527276,4.59788534835813,10,6,6
Formation,set3_features,AE_ENet,exploration,11.602503178447943,11.3032148823608,1.5838368631030844,4.7681519911429895,10,6,6
Formation,set3_features,AE_ENet,hybrid,11.088218493833633,11.088011106886617,1.5016428414581278,4.556802120753548,10,6,6
Formation,set3_features,AE_ENet,random_selection,11.179938092280508,11.408180267142749,1.3501406712347872,4.594495106416646,10,6,6
Formation,set3_features,GPR,coverage,11.87831235414937,11.517381407255183,1.6838145466377543,4.881498227732618,10,6,6
Formation,set3_features,GPR,diversity_iterative,11.481886805324601,11.717437259597048,1.9695775483169355,4.718583618626548,10,6,6
Formation,set3_features,GPR,diversity_oneshot,11.072797162422567,11.378648366371557,1.4697919669314659,4.550464587296945,10,6,6
Formation,set3_features,GPR,exploitation,11.851124608806826,11.422528424076159,1.9962151578755185,4.870325181701435,10,6,6
Formation,set3_features,GPR,exploration,12.164311685579463,11.603712903005542,1.9452232135183871,4.999032199553204,10,6,6
Formation,set3_features,GPR,hybrid,11.810909132891823,11.230689150151468,2.102373779883062,4.85379827379116,10,6,6
Formation,set3_features,GPR,random_selection,11.48343631958466,11.616475834745458,1.4005567910000938,4.719220405308764,10,6,6
Formation,set3_features,RF,coverage,13.718230391669323,13.710784766848274,1.5139312404201852,5.6376289280832825,10,6,6
Formation,set3_features,RF,diversity_iterative,13.25355517646933,13.563265032008857,1.4107708899906821,5.446666510877806,10,6,6
Formation,set3_features,RF,diversity_oneshot,13.208442914270687,13.511294090225261,1.7946301477125033,5.428127225042749,10,6,6
Formation,set3_features,RF,exploitation,12.250850635136779,12.642427634260027,1.5703005160372716,5.034596151426073,10,6,6
Formation,set3_features,RF,exploration,12.106731533706114,12.316188990027761,1.4925114327748856,4.975369123440869,10,6,6
Formation,set3_features,RF,hybrid,12.408991072501232,12.262590325062867,1.5338996859392904,5.09958537226078,10,6,6
Formation,set3_features,RF,random_selection,12.413569002318564,12.758053735489876,2.6843093269674423,5.101466713281601,10,6,6
Formation,set4_features_metadata,AE_ENet,coverage,11.891771066536089,11.647467982341162,1.8304829360581467,4.887029205425789,10,6,6
Formation,set4_features_metadata,AE_ENet,diversity_iterative,11.87702798999461,11.448920849051945,1.365224286112253,4.8809704068471,10,6,6
Formation,set4_features_metadata,AE_ENet,diversity_oneshot,11.154313855388471,11.098321306403733,1.1884620530319927,4.583964598104851,10,6,6
Formation,set4_features_metadata,AE_ENet,exploitation,12.342645881672386,11.6453494042555,1.67832287085757,5.072320225344816,10,6,6
Formation,set4_features_metadata,AE_ENet,exploration,11.764337554275917,10.971495534738171,1.697209083486768,4.834659268880513,10,6,6
Formation,set4_features_metadata,AE_ENet,hybrid,11.521219733643168,11.650181479324257,1.5873110014036547,4.734747835743767,10,6,6
Formation,set4_features_metadata,AE_ENet,random_selection,11.687398297864226,11.894125170246795,1.4812104002309847,4.803040396382558,10,6,6
Formation,set4_features_metadata,GPR,coverage,12.106193483904255,11.460426739343822,2.2078529222630645,4.9751480070839404,10,6,6
Formation,set4_features_metadata,GPR,diversity_iterative,11.740900667208013,11.541960710165647,1.5047694377433056,4.825027671455348,10,6,6
Formation,set4_features_metadata,GPR,diversity_oneshot,11.225871416133518,11.061410550715934,1.2772499694308916,4.6133718148493905,10,6,6
Formation,set4_features_metadata,GPR,exploitation,12.301797366588733,11.971012764040387,2.0190285921544358,5.055533164351534,10,6,6
Formation,set4_features_metadata,GPR,exploration,12.490181078010776,12.110618118488583,2.1714083829165305,5.132951127949634,10,6,6
Formation,set4_features_metadata,GPR,hybrid,12.320028340066466,11.510728964341522,2.6347997674526376,5.063025345232794,10,6,6
Formation,set4_features_metadata,GPR,random_selection,11.601995046117311,11.69207232389466,1.6246064887465588,4.767943169637251,10,6,6
Formation,set4_features_metadata,RF,coverage,13.749423845514974,14.015349566933484,2.20607597731635,5.650448155691084,10,6,6
Formation,set4_features_metadata,RF,diversity_iterative,12.680958015481027,12.893389728828119,1.625369976823277,5.211352609101792,10,6,6
Formation,set4_features_metadata,RF,diversity_oneshot,13.046486798515549,13.065712731908484,1.7999018077993016,5.361569917198169,10,6,6
Formation,set4_features_metadata,RF,exploitation,12.839570822985724,12.517752202363196,2.4618614697028303,5.276535954651667,10,6,6
Formation,set4_features_metadata,RF,exploration,11.78158031583217,11.59936612515781,2.119998315049403,4.841745335273494,10,6,6
Formation,set4_features_metadata,RF,hybrid,12.18206450680334,12.423213180138598,2.193801054665917,5.006327879508222,10,6,6
Formation,set4_features_metadata,RF,random_selection,12.361080528844045,12.884973895204906,2.671469248956743,5.079896107744128,10,6,6
Formation,set5_features_metadata_corr95,AE_ENet,coverage,11.92705156201318,11.76893128632067,1.732175419029898,4.901528039183499,10,6,6
Formation,set5_features_metadata_corr95,AE_ENet,diversity_iterative,12.529186900329183,11.9487047962656,1.5832551235090848,5.148980917943499,10,6,6
Formation,set5_features_metadata_corr95,AE_ENet,diversity_oneshot,11.01449865376343,11.159713757045438,1.2922371160413435,4.526506296067163,10,6,6
Formation,set5_features_metadata_corr95,AE_ENet,exploitation,12.038150007766905,11.545055085948835,1.611734415882526,4.947184934698727,10,6,6
Formation,set5_features_metadata_corr95,AE_ENet,exploration,12.309677424542258,12.258020697485879,1.9470603028088542,5.058771544332434,10,6,6
Formation,set5_features_metadata_corr95,AE_ENet,hybrid,11.625822575086193,11.408683976991181,1.6893763779873696,4.7777353048299425,10,6,6
Formation,set5_features_metadata_corr95,AE_ENet,random_selection,11.694194165186826,11.874845777280548,1.4362254614019214,4.805833218569928,10,6,6
Formation,set5_features_metadata_corr95,GPR,coverage,12.255720408972888,11.844391387508589,2.0036938701134996,5.036597428345023,10,6,6
Formation,set5_features_metadata_corr95,GPR,diversity_iterative,12.234019115460054,11.86811341164686,1.8811712345500136,5.027679088545228,10,6,6
Formation,set5_features_metadata_corr95,GPR,diversity_oneshot,11.272723008411571,11.417383664600518,1.3970529718384588,4.632625893867769,10,6,6
Formation,set5_features_metadata_corr95,GPR,exploitation,12.261481926564604,11.333988121261891,1.9683773488162004,5.038965175300523,10,6,6
Formation,set5_features_metadata_corr95,GPR,exploration,12.42169176608744,11.803933396753571,2.1691736002756548,5.1048048353784,10,6,6
Formation,set5_features_metadata_corr95,GPR,hybrid,12.51273077548549,11.17655659916181,2.891987974806051,5.142218126911845,10,6,6
Formation,set5_features_metadata_corr95,GPR,random_selection,11.78136406709923,11.680537387246995,1.623824921518579,4.841656465931189,10,6,6
Formation,set5_features_metadata_corr95,RF,coverage,13.93222877485922,13.977480952471144,1.9835612361746457,5.725573469120227,10,6,6
Formation,set5_features_metadata_corr95,RF,diversity_iterative,13.112856990196647,13.845627195355847,1.850452842712596,5.388845338436978,10,6,6
Formation,set5_features_metadata_corr95,RF,diversity_oneshot,12.696220275764073,13.333611180524793,1.5753825750686945,5.217624770861947,10,6,6
Formation,set5_features_metadata_corr95,RF,exploitation,12.488182986273364,12.181681797517076,1.7645053810005236,5.132129994358917,10,6,6
Formation,set5_features_metadata_corr95,RF,exploration,11.681338751399005,12.248671724216848,1.717887835070991,4.80055017180781,10,6,6
Formation,set5_features_metadata_corr95,RF,hybrid,11.74321404712335,12.321664195006925,2.2548218260870274,4.825978375530143,10,6,6
Formation,set5_features_metadata_corr95,RF,random_selection,12.391763999871536,12.714715277895273,2.6389143878003383,5.092505753371864,10,6,6
HUST,set1_dQn_m,AE_ENet,coverage,14.28586307303649,13.615996649523602,3.781308549334188,5.530011512143159,10,5,5
HUST,set1_dQn_m,AE_ENet,diversity_iterative,15.97779053339776,13.929411828781191,4.683098811530107,6.184951174218488,10,5,5
HUST,set1_dQn_m,AE_ENet,diversity_oneshot,13.207124918614046,12.337797759982834,2.616502405258922,5.112435452366727,10,5,5
HUST,set1_dQn_m,AE_ENet,exploitation,16.31969172718839,14.785836633762209,4.549076156205532,6.317300023427763,10,5,5
HUST,set1_dQn_m,AE_ENet,exploration,13.859522766360328,12.55260402568209,3.3435079746923013,5.364976554720128,10,5,5
HUST,set1_dQn_m,AE_ENet,hybrid,13.919165848233146,11.793678990009887,4.319602476693299,5.388064199316058,10,5,5
HUST,set1_dQn_m,AE_ENet,random_selection,13.862237515053831,12.717512400552913,3.4340467167645263,5.3660274251821285,10,5,5
HUST,set1_dQn_m,GPR,coverage,15.45354941480303,14.195019811518474,4.766149247495082,5.982019128310851,10,5,5
HUST,set1_dQn_m,GPR,diversity_iterative,17.540031090125606,16.30395870770402,5.847746502652905,6.78968945424217,10,5,5
HUST,set1_dQn_m,GPR,diversity_oneshot,14.192473116031413,14.65971395134531,4.090354049907196,5.493860561044419,10,5,5
HUST,set1_dQn_m,GPR,exploitation,15.86514240820301,16.422599289051178,3.984227013826027,6.14134544833665,10,5,5
HUST,set1_dQn_m,GPR,exploration,15.017868477049612,14.644666482294586,4.708304398452615,5.8133684427288825,10,5,5
HUST,set1_dQn_m,GPR,hybrid,15.598803779068955,13.35357038939014,6.205764174307553,6.038246624155726,10,5,5
HUST,set1_dQn_m,GPR,random_selection,16.033267236816073,16.479174819637777,3.899344250749351,6.206426027154609,10,5,5
HUST,set1_dQn_m,RF,coverage,14.750096121440857,14.772017978064689,4.644823441482904,5.709714627654526,10,5,5
HUST,set1_dQn_m,RF,diversity_iterative,17.216543331457693,16.12538570968485,5.67092159648739,6.66446838637072,10,5,5
HUST,set1_dQn_m,RF,diversity_oneshot,14.198458600406122,14.118630978515316,4.690739161220761,5.496177522737854,10,5,5
HUST,set1_dQn_m,RF,exploitation,15.117075048894781,14.672741164524297,4.369568554884806,5.851770986668948,10,5,5
HUST,set1_dQn_m,RF,exploration,15.793273952551989,13.882164817625261,6.032264480237421,6.113525400987866,10,5,5
HUST,set1_dQn_m,RF,hybrid,14.83321641099919,13.517069331506878,5.065632316108605,5.74189022361259,10,5,5
HUST,set1_dQn_m,RF,random_selection,13.884470034771521,12.25307932795711,5.099957937801229,5.374633561847041,10,5,5
HUST,set2_early_soh,AE_ENet,coverage,21.72873804107462,19.46116284245911,7.301580329468512,8.411124402996629,10,5,5
HUST,set2_early_soh,AE_ENet,diversity_iterative,18.97491544311915,18.82198283769029,5.188620928469783,7.3451285586267705,10,5,5
HUST,set2_early_soh,AE_ENet,diversity_oneshot,21.099693982294347,21.503989090306014,4.8769521400410065,8.167623477017168,10,5,5
HUST,set2_early_soh,AE_ENet,exploitation,25.62959436975719,26.1289113204341,6.47647919714516,9.921133304422138,10,5,5
HUST,set2_early_soh,AE_ENet,exploration,21.773126719589435,21.574982869680216,7.213003419502582,8.428307117260427,10,5,5
HUST,set2_early_soh,AE_ENet,hybrid,21.355018758218087,19.770083664941925,7.306479523155319,8.266458874148936,10,5,5
HUST,set2_early_soh,AE_ENet,random_selection,21.169818764669536,19.7956786018501,5.955096589297929,8.194768554065629,10,5,5
HUST,set2_early_soh,GPR,coverage,18.60653737023832,17.730168805223855,6.668617949063223,7.202530594930963,10,5,5
HUST,set2_early_soh,GPR,diversity_iterative,19.40085681713546,20.51356237072255,5.042913904234677,7.510009090504051,10,5,5
HUST,set2_early_soh,GPR,diversity_oneshot,18.146320585365636,17.260967626096676,4.368062415525607,7.02438216207702,10,5,5
HUST,set2_early_soh,GPR,exploitation,16.901062665874854,16.326192740207574,4.286563917717216,6.542346838403169,10,5,5
HUST,set2_early_soh,GPR,exploration,18.308705444731924,17.05757512328806,6.9499809820650995,7.0872408173155845,10,5,5
HUST,set2_early_soh,GPR,hybrid,18.48913395691906,17.037017480915875,6.673907879711665,7.157084112355766,10,5,5
HUST,set2_early_soh,GPR,random_selection,17.49416468383592,17.395475084674455,4.8761593592772865,6.771934716323583,10,5,5
HUST,set2_early_soh,RF,coverage,21.070304104718655,19.016596707633454,7.683432363314448,8.156246750213674,10,5,5
HUST,set2_early_soh,RF,diversity_iterative,19.57119866468257,20.233505505655046,5.474803785823576,7.575947870199705,10,5,5
HUST,set2_early_soh,RF,diversity_oneshot,20.729980001393393,21.179192136364538,5.488175021234141,8.024508387636152,10,5,5
HUST,set2_early_soh,RF,exploitation,19.16322524472408,19.888781293661022,4.4895080053110945,7.418022675377065,10,5,5
HUST,set2_early_soh,RF,exploration,19.793043750217418,19.82704251689224,6.936495423104817,7.661823387180936,10,5,5
HUST,set2_early_soh,RF,hybrid,20.672558334848183,20.30831376407256,6.468137669556758,8.002280645747685,10,5,5
HUST,set2_early_soh,RF,random_selection,18.022638528693815,17.99027406370081,6.1080436857477975,6.976505236913735,10,5,5
HUST,set3_features,AE_ENet,coverage,11.749171000473424,11.27759326489651,2.6151321138740427,4.548066193731648,10,5,5
HUST,set3_features,AE_ENet,diversity_iterative,11.29165979059959,11.341389149559273,2.280420247177706,4.3709650802321,10,5,5
HUST,set3_features,AE_ENet,diversity_oneshot,12.167545237358478,11.213595072408175,2.5582766494250246,4.710017511235541,10,5,5
HUST,set3_features,AE_ENet,exploitation,13.593428272776851,11.423150479351566,4.727917206205622,5.261972234623298,10,5,5
HUST,set3_features,AE_ENet,exploration,11.949905932191093,11.16990435413943,2.937759438397839,4.62577003826752,10,5,5
HUST,set3_features,AE_ENet,hybrid,11.602752524098719,11.769611936264287,2.0342456469592305,4.491388073844666,10,5,5
HUST,set3_features,AE_ENet,random_selection,12.196173118926996,12.49356169498984,2.9097947578524144,4.721099271842709,10,5,5
HUST,set3_features,GPR,coverage,13.815019604511287,13.709395669476727,3.531395626332153,5.347749524326951,10,5,5
HUST,set3_features,GPR,diversity_iterative,14.575667514259061,14.219699690462313,2.8420604551997775,5.6421938764873785,10,5,5
HUST,set3_features,GPR,diversity_oneshot,15.329713332628558,15.50915268941305,3.0947398458258957,5.934082580372345,10,5,5
HUST,set3_features,GPR,exploitation,15.623822607794605,14.487760956974181,3.7819051902207286,6.047931332049525,10,5,5
HUST,set3_features,GPR,exploration,13.92800628403306,13.815642645302578,3.253641978582299,5.391486303496669,10,5,5
HUST,set3_features,GPR,hybrid,14.219174950817415,13.986957325562713,3.766705041065913,5.50419675515513,10,5,5
HUST,set3_features,GPR,random_selection,14.348361636945706,12.921607777920745,3.562779882254493,5.554204504624145,10,5,5
HUST,set3_features,RF,coverage,13.933589756279275,13.042086197222876,3.199286290169785,5.393647647591978,10,5,5
HUST,set3_features,RF,diversity_iterative,14.395975652395899,13.724517237142313,3.5475042119081555,5.572635736411316,10,5,5
HUST,set3_features,RF,diversity_oneshot,15.018632450061592,15.222007218285526,3.261695334671266,5.813664174217392,10,5,5
HUST,set3_features,RF,exploitation,16.21982598290598,14.641180500844154,6.242222100129636,6.278642315963607,10,5,5
HUST,set3_features,RF,exploration,13.63104840471604,13.257005001171432,2.3132483929227265,5.276534866341693,10,5,5
HUST,set3_features,RF,hybrid,14.75411912868629,14.579786081922611,3.1081454469730105,5.71127192078179,10,5,5
HUST,set3_features,RF,random_selection,14.730740859455722,13.594398087691582,3.7330516358005528,5.70222226817641,10,5,5
HUST,set4_features_metadata,AE_ENet,coverage,11.355308886101655,11.647400200926576,2.4640750766931068,4.395603439781286,10,5,5
HUST,set4_features_metadata,AE_ENet,diversity_iterative,10.98950342495792,11.480741477804056,1.2693905260192524,4.254001325790163,10,5,5
HUST,set4_features_metadata,AE_ENet,diversity_oneshot,11.128406628249131,11.68192487415588,1.4718418965461286,4.307770307709342,10,5,5
HUST,set4_features_metadata,AE_ENet,exploitation,14.706784263419516,13.604751904213614,4.694467978531303,5.692948747130136,10,5,5
HUST,set4_features_metadata,AE_ENet,exploration,11.602634351673773,11.917462909594214,2.3097537484312927,4.491342329680171,10,5,5
HUST,set4_features_metadata,AE_ENet,hybrid,11.17731388686063,11.094721787003046,2.0215488781003534,4.326702149752502,10,5,5
HUST,set4_features_metadata,AE_ENet,random_selection,12.366272269645288,12.189867251976505,3.0675078064522143,4.786944104378821,10,5,5
HUST,set4_features_metadata,GPR,coverage,15.547085944439052,14.790536069410148,3.7740615251756973,6.018226817202215,10,5,5
HUST,set4_features_metadata,GPR,diversity_iterative,14.466248340322972,14.827581386336215,2.3650362895843196,5.599838067221796,10,5,5
HUST,set4_features_metadata,GPR,diversity_oneshot,14.872531928438534,15.05368640257987,2.95580090034907,5.75710913358911,10,5,5
HUST,set4_features_metadata,GPR,exploitation,14.506925242100971,12.983400693792088,3.4602707905893677,5.615583964684247,10,5,5
HUST,set4_features_metadata,GPR,exploration,14.529732730104026,14.479521509649128,3.186245441980186,5.624412669717689,10,5,5
HUST,set4_features_metadata,GPR,hybrid,15.667459655427146,15.974253069453784,3.786416427733415,6.064823092423412,10,5,5
HUST,set4_features_metadata,GPR,random_selection,15.05104677816377,13.860538669282253,3.4655342342991236,5.8262116560633945,10,5,5
HUST,set4_features_metadata,RF,coverage,14.072179754485902,13.084298261992025,3.0382365466722665,5.447295388833253,10,5,5
HUST,set4_features_metadata,RF,diversity_iterative,13.636777116952123,13.899521443020138,2.4397881165152198,5.278752432368565,10,5,5
HUST,set4_features_metadata,RF,diversity_oneshot,15.053604832463929,15.026071493982064,3.733886873461914,5.8272018706312,10,5,5
HUST,set4_features_metadata,RF,exploitation,14.697754941943561,14.80358224255177,3.7636950398240456,5.6894535259136365,10,5,5
HUST,set4_features_metadata,RF,exploration,14.081441500756151,13.450919641125871,2.5766797758857827,5.4508805809378655,10,5,5
HUST,set4_features_metadata,RF,hybrid,14.883742543090303,14.167019500513714,3.7839573398385062,5.761448726357537,10,5,5
HUST,set4_features_metadata,RF,random_selection,14.725563601727975,14.051462308185533,3.66836758369495,5.700218168410831,10,5,5
HUST,set5_features_metadata_corr95,AE_ENet,coverage,10.935742522018431,11.786824122815736,2.1192542863089,4.233190653684554,10,5,5
HUST,set5_features_metadata_corr95,AE_ENet,diversity_iterative,11.613338718036811,10.34983913505109,2.5446060680730413,4.495485955369089,10,5,5
HUST,set5_features_metadata_corr95,AE_ENet,diversity_oneshot,10.15469162200284,10.165112377167095,1.3749850759735909,3.9308483698075514,10,5,5
HUST,set5_features_metadata_corr95,AE_ENet,exploitation,13.832052458255472,14.112077385041733,3.8257433771134712,5.354342887066634,10,5,5
HUST,set5_features_metadata_corr95,AE_ENet,exploration,11.264393394178386,11.840329909602577,2.240186256245492,4.36041034613357,10,5,5
HUST,set5_features_metadata_corr95,AE_ENet,hybrid,11.215106483323257,10.922408654124823,2.185773822389466,4.341331541931583,10,5,5
HUST,set5_features_metadata_corr95,AE_ENet,random_selection,11.919621907541876,12.198633376247319,2.6457713376712215,4.61404719001621,10,5,5
HUST,set5_features_metadata_corr95,GPR,coverage,14.461369544049882,14.050556820274881,2.502824516570524,5.597949500922536,10,5,5
HUST,set5_features_metadata_corr95,GPR,diversity_iterative,14.335449283952562,15.056310715498038,3.1846639203170217,5.54920617443325,10,5,5
HUST,set5_features_metadata_corr95,GPR,diversity_oneshot,14.668182359772828,14.490571863214587,2.923588566846239,5.678006074750773,10,5,5
HUST,set5_features_metadata_corr95,GPR,exploitation,14.837667085880508,14.800213195547421,3.4501380809838937,5.7436130655021325,10,5,5
HUST,set5_features_metadata_corr95,GPR,exploration,14.731799095905519,14.954436517758273,2.80344994653107,5.702631908092459,10,5,5
HUST,set5_features_metadata_corr95,GPR,hybrid,14.50469152755791,14.073877175632768,2.9218275456939238,5.614719300990159,10,5,5
HUST,set5_features_metadata_corr95,GPR,random_selection,14.68550977734589,13.740738008947973,3.243088133038729,5.684713462198411,10,5,5
HUST,set5_features_metadata_corr95,RF,coverage,14.451422834225962,13.290583046991753,3.2598743804217314,5.5940991616358575,10,5,5
HUST,set5_features_metadata_corr95,RF,diversity_iterative,14.422495899831489,13.905812724985186,3.3169430449660977,5.582901638644447,10,5,5
HUST,set5_features_metadata_corr95,RF,diversity_oneshot,15.41603609757179,14.135287821684594,3.5190985459560062,5.96749784422134,10,5,5
HUST,set5_features_metadata_corr95,RF,exploitation,15.082772121319561,14.988504853186448,4.2130342987862734,5.8384924340591855,10,5,5
HUST,set5_features_metadata_corr95,RF,exploration,14.880442661424837,13.849445451014809,3.2587841270514066,5.760171352809616,10,5,5
HUST,set5_features_metadata_corr95,RF,hybrid,15.62634483254302,15.279933689002672,3.8175124327843837,6.048907677113427,10,5,5
HUST,set5_features_metadata_corr95,RF,random_selection,14.822865603950698,14.29976075849143,3.49198347468407,5.737883459593819,10,5,5
ISU_ILCC,set1_dQn_m,AE_ENet,coverage,22.911999048087846,23.16180546896655,4.122785603637536,9.497201677963872,10,6,6
ISU_ILCC,set1_dQn_m,AE_ENet,diversity_iterative,24.478656155966924,24.414144756675334,4.4281638397419965,10.146593225271264,10,6,6
ISU_ILCC,set1_dQn_m,AE_ENet,diversity_oneshot,23.1479989445959,22.046709683700534,4.577883832538651,9.595025469262549,10,6,6
ISU_ILCC,set1_dQn_m,AE_ENet,exploitation,23.593818230662457,22.15143086819524,4.205605631851598,9.779821028253867,10,6,6
ISU_ILCC,set1_dQn_m,AE_ENet,exploration,23.282333497813266,23.114750365723214,3.996307201933379,9.650708185622078,10,6,6
ISU_ILCC,set1_dQn_m,AE_ENet,hybrid,22.631761714889386,22.72892575589409,4.1455372189687045,9.381041125342747,10,6,6
ISU_ILCC,set1_dQn_m,AE_ENet,random_selection,23.913232744356463,22.542440022875677,4.972258508752145,9.912220826676252,10,6,6
ISU_ILCC,set1_dQn_m,GPR,coverage,22.69938090816985,22.43822019262543,3.3913835210948564,9.409069806495271,10,6,6
ISU_ILCC,set1_dQn_m,GPR,diversity_iterative,24.942539027090742,23.44394019459588,6.0006825050566155,10.338876280659374,10,6,6
ISU_ILCC,set1_dQn_m,GPR,diversity_oneshot,22.98779926419443,23.16777536120923,3.5604242260381875,9.5286214566609,10,6,6
ISU_ILCC,set1_dQn_m,GPR,exploitation,30.990871913356614,27.427989920461318,15.135498449757907,12.845957269785123,10,6,6
ISU_ILCC,set1_dQn_m,GPR,exploration,23.088248463302296,23.049465681759806,3.9451805783168847,9.570258430384369,10,6,6
ISU_ILCC,set1_dQn_m,GPR,hybrid,22.761442916915733,22.21321593536232,4.090437088413484,9.43479499146766,10,6,6
ISU_ILCC,set1_dQn_m,GPR,random_selection,23.70965781187278,23.481562655295882,2.9809408225461778,9.827837434973171,10,6,6
ISU_ILCC,set1_dQn_m,RF,coverage,29.239146137750527,27.185964297201245,6.802462956504976,12.119853321347366,10,6,6
ISU_ILCC,set1_dQn_m,RF,diversity_iterative,32.433179622981086,30.684733107217767,8.78935011210348,13.443805025069878,10,6,6
ISU_ILCC,set1_dQn_m,RF,diversity_oneshot,29.590527527958052,29.555453370836297,6.9686560045927814,12.26550363853183,10,6,6
ISU_ILCC,set1_dQn_m,RF,exploitation,33.987735886240294,30.745975930093813,13.513725353991076,14.088180678234314,10,6,6
ISU_ILCC,set1_dQn_m,RF,exploration,33.25926943499228,30.546141523830748,14.007200326565975,13.786225672535656,10,6,6
ISU_ILCC,set1_dQn_m,RF,hybrid,31.747751353037312,29.35430041582719,10.905946653538848,13.159689680015465,10,6,6
ISU_ILCC,set1_dQn_m,RF,random_selection,30.603227604050268,29.460859154417683,10.37612385006301,12.685275690798035,10,6,6
ISU_ILCC,set2_early_soh,AE_ENet,coverage,33.478601257595145,33.87404574609682,5.271369863114094,13.877140417656017,10,6,6
ISU_ILCC,set2_early_soh,AE_ENet,diversity_iterative,32.76664733190078,32.76789807380199,5.006906765651242,13.582029982135035,10,6,6
ISU_ILCC,set2_early_soh,AE_ENet,diversity_oneshot,33.56181181830418,34.01128150890128,4.796342739388042,13.911631841784114,10,6,6
ISU_ILCC,set2_early_soh,AE_ENet,exploitation,35.399289389355104,33.60969676606476,8.350152581098508,14.673280575898488,10,6,6
ISU_ILCC,set2_early_soh,AE_ENet,exploration,34.540971170780345,34.47362714228137,6.219597859774052,14.317501003432266,10,6,6
ISU_ILCC,set2_early_soh,AE_ENet,hybrid,34.01132908322415,34.470647959981434,6.009435675324655,14.09796024175094,10,6,6
ISU_ILCC,set2_early_soh,AE_ENet,random_selection,32.51983044188321,31.936287095167813,5.127473259040356,13.479722462956769,10,6,6
ISU_ILCC,set2_early_soh,GPR,coverage,36.34641567873349,34.60090126662267,9.362252107768219,15.065871783930978,10,6,6
ISU_ILCC,set2_early_soh,GPR,diversity_iterative,35.99387178727292,36.08554286223291,7.031199447843819,14.91973960094214,10,6,6
ISU_ILCC,set2_early_soh,GPR,diversity_oneshot,35.98458294294518,36.65744031582936,7.163046537927655,14.915889302775202,10,6,6
ISU_ILCC,set2_early_soh,GPR,exploitation,44.03094557435456,40.98472720921787,17.314216687893953,18.251169149991522,10,6,6
ISU_ILCC,set2_early_soh,GPR,exploration,37.87030818672588,35.967037179329424,10.32045433345034,15.697537072217978,10,6,6
ISU_ILCC,set2_early_soh,GPR,hybrid,36.14866877617798,35.01168687022506,8.220046515208217,14.983904155928693,10,6,6
ISU_ILCC,set2_early_soh,GPR,random_selection,38.63672565121871,36.542778045602944,12.05059872265458,16.015223067862674,10,6,6
ISU_ILCC,set2_early_soh,RF,coverage,39.61653364568508,38.15492865346175,11.507831942755654,16.421361096657026,10,6,6
ISU_ILCC,set2_early_soh,RF,diversity_iterative,37.87389190097699,40.2771219465037,8.500580020447432,15.699022549627767,10,6,6
ISU_ILCC,set2_early_soh,RF,diversity_oneshot,38.36949244260186,39.29559684959841,7.633162214487206,15.904452825948955,10,6,6
ISU_ILCC,set2_early_soh,RF,exploitation,39.633567802328756,38.113317342571236,11.892326857894727,16.42842188697565,10,6,6
ISU_ILCC,set2_early_soh,RF,exploration,41.07407919269328,37.059153369424536,14.374686113571805,17.025525053966124,10,6,6
ISU_ILCC,set2_early_soh,RF,hybrid,40.86342906892627,35.40084593785055,12.658834937334042,16.938208940487574,10,6,6
ISU_ILCC,set2_early_soh,RF,random_selection,39.791759767328884,39.74109920013963,10.255959654037872,16.49399368593943,10,6,6
ISU_ILCC,set3_features,AE_ENet,coverage,24.03039459436348,22.6035555260476,6.150866269330206,9.960785324088487,10,6,6
ISU_ILCC,set3_features,AE_ENet,diversity_iterative,25.35592800456838,23.170332299878268,5.6255924551166165,10.510229224691555,10,6,6
ISU_ILCC,set3_features,AE_ENet,diversity_oneshot,24.03995734897656,22.706301670903294,5.522322840210173,9.964749160197536,10,6,6
ISU_ILCC,set3_features,AE_ENet,exploitation,24.254734262043915,22.75661835600787,4.4046734906901746,10.053775859914575,10,6,6
ISU_ILCC,set3_features,AE_ENet,exploration,24.15335221982983,22.83636669757449,5.362969351761604,10.011752215473503,10,6,6
ISU_ILCC,set3_features,AE_ENet,hybrid,24.01633904343162,23.153229394577608,5.434368140655398,9.9549591889872,10,6,6
ISU_ILCC,set3_features,AE_ENet,random_selection,24.33122573866334,22.431906372234803,6.026567467882381,10.085482171466667,10,6,6
ISU_ILCC,set3_features,GPR,coverage,24.163661604098863,24.474185597477373,6.116868098822798,10.016025535377764,10,6,6
ISU_ILCC,set3_features,GPR,diversity_iterative,25.102447484592368,25.86823347550439,4.372392233773462,10.405159579105641,10,6,6
ISU_ILCC,set3_features,GPR,diversity_oneshot,24.085798135878868,24.052409269923782,5.465632275286299,9.983750522644087,10,6,6
ISU_ILCC,set3_features,GPR,exploitation,27.948879929933906,27.26231940171104,8.729096405717735,11.585027950231668,10,6,6
ISU_ILCC,set3_features,GPR,exploration,24.377749959151497,24.5417050489624,5.976040154114435,10.104766822446214,10,6,6
ISU_ILCC,set3_features,GPR,hybrid,24.451686984882663,24.552076920233652,6.429522906396429,10.135414294251877,10,6,6
ISU_ILCC,set3_features,GPR,random_selection,25.445482636511194,23.68860777873364,6.139972985381589,10.547350315652306,10,6,6
ISU_ILCC,set3_features,RF,coverage,30.003169793415186,29.765796664927002,7.274453275362731,12.436547064628055,10,6,6
ISU_ILCC,set3_features,RF,diversity_iterative,31.48577358424128,31.36058349943744,6.829856360459596,13.05109785875286,10,6,6
ISU_ILCC,set3_features,RF,diversity_oneshot,30.681429293797244,30.138975407288168,7.268095311885385,12.71769089898331,10,6,6
ISU_ILCC,set3_features,RF,exploitation,31.30892465077894,32.159370874892204,8.54239221668297,12.977792601359145,10,6,6
ISU_ILCC,set3_features,RF,exploration,31.803530298159593,30.163096355442672,9.258226160235093,13.182810486283765,10,6,6
ISU_ILCC,set3_features,RF,hybrid,29.291298310542857,27.1678737123737,8.418023690429127,12.141470802297555,10,6,6
ISU_ILCC,set3_features,RF,random_selection,29.873451780218243,28.96765678727789,8.099033984115609,12.382777939986834,10,6,6
ISU_ILCC,set4_features_metadata,AE_ENet,coverage,19.969990946260157,20.76940518397893,2.8829298855787644,8.277716454408353,10,6,6
ISU_ILCC,set4_features_metadata,AE_ENet,diversity_iterative,20.14426352615269,19.911102823996217,3.0894759522823785,8.349953793223913,10,6,6
ISU_ILCC,set4_features_metadata,AE_ENet,diversity_oneshot,19.864133026463456,19.532587011757755,3.124978012628975,8.233837523922674,10,6,6
ISU_ILCC,set4_features_metadata,AE_ENet,exploitation,22.10593472241373,21.227162988078668,5.241949741537356,9.163081750223306,10,6,6
ISU_ILCC,set4_features_metadata,AE_ENet,exploration,19.192883686476378,19.330880557072977,3.1451373107406164,7.955599455534248,10,6,6
ISU_ILCC,set4_features_metadata,AE_ENet,hybrid,19.462094845227423,19.868118136756117,2.5163439863320622,8.067189573151262,10,6,6
ISU_ILCC,set4_features_metadata,AE_ENet,random_selection,20.47044084476749,20.19624126776958,4.258357693953004,8.485156826846627,10,6,6
ISU_ILCC,set4_features_metadata,GPR,coverage,21.17140323862629,21.640171307131773,3.7002019958057155,8.77571118699535,10,6,6
ISU_ILCC,set4_features_metadata,GPR,diversity_iterative,20.512025001729302,20.77169946527726,4.026898159814846,8.502393783100228,10,6,6
ISU_ILCC,set4_features_metadata,GPR,diversity_oneshot,20.94180811132366,21.4390263407509,4.463139746171556,8.680542222310326,10,6,6
ISU_ILCC,set4_features_metadata,GPR,exploitation,25.24316341828826,24.26993362585518,8.382875747274221,10.463487427269744,10,6,6
ISU_ILCC,set4_features_metadata,GPR,exploration,20.965063997293488,21.097931557549174,3.0195476474298553,8.690181967790044,10,6,6
ISU_ILCC,set4_features_metadata,GPR,hybrid,20.146669008026826,20.729608880101488,3.845958465925679,8.350950884156195,10,6,6
ISU_ILCC,set4_features_metadata,GPR,random_selection,21.95433789773805,21.421584159273092,3.9611264371023416,9.100243688181573,10,6,6
ISU_ILCC,set4_features_metadata,RF,coverage,25.56657446923441,25.622570304498694,4.1932972900002214,10.597543821444313,10,6,6
ISU_ILCC,set4_features_metadata,RF,diversity_iterative,25.84454980571105,27.231238488702964,5.032880177713945,10.712766758843959,10,6,6
ISU_ILCC,set4_features_metadata,RF,diversity_oneshot,25.216794459573357,25.7415140595006,4.357984865668566,10.452557288942323,10,6,6
ISU_ILCC,set4_features_metadata,RF,exploitation,27.356430757099737,28.48953325218158,4.361309939377495,11.339453163564656,10,6,6
ISU_ILCC,set4_features_metadata,RF,exploration,26.367534723359018,25.901046346434768,6.18114574031336,10.929548071858658,10,6,6
ISU_ILCC,set4_features_metadata,RF,hybrid,24.537745352984736,25.421515047689716,4.067065341898518,10.171086156677607,10,6,6
ISU_ILCC,set4_features_metadata,RF,random_selection,25.62716913607296,26.240827784033403,4.9165181726458735,10.6226607817919,10,6,6
ISU_ILCC,set5_features_metadata_corr95,AE_ENet,coverage,19.969990946260157,20.76940518397893,2.8829298855787644,8.277716454408353,10,6,6
ISU_ILCC,set5_features_metadata_corr95,AE_ENet,diversity_iterative,20.14426352615269,19.911102823996217,3.0894759522823785,8.349953793223913,10,6,6
ISU_ILCC,set5_features_metadata_corr95,AE_ENet,diversity_oneshot,19.864133026463456,19.532587011757755,3.124978012628975,8.233837523922674,10,6,6
ISU_ILCC,set5_features_metadata_corr95,AE_ENet,exploitation,22.10593472241373,21.227162988078668,5.241949741537356,9.163081750223306,10,6,6
ISU_ILCC,set5_features_metadata_corr95,AE_ENet,exploration,19.192883686476378,19.330880557072977,3.1451373107406164,7.955599455534248,10,6,6
ISU_ILCC,set5_features_metadata_corr95,AE_ENet,hybrid,19.462094845227423,19.868118136756117,2.5163439863320622,8.067189573151262,10,6,6
ISU_ILCC,set5_features_metadata_corr95,AE_ENet,random_selection,20.47044084476749,20.19624126776958,4.258357693953004,8.485156826846627,10,6,6
ISU_ILCC,set5_features_metadata_corr95,GPR,coverage,21.17140323862629,21.640171307131773,3.7002019958057155,8.77571118699535,10,6,6
ISU_ILCC,set5_features_metadata_corr95,GPR,diversity_iterative,20.512025001729302,20.77169946527726,4.026898159814846,8.502393783100228,10,6,6
ISU_ILCC,set5_features_metadata_corr95,GPR,diversity_oneshot,20.94180811132366,21.4390263407509,4.463139746171556,8.680542222310326,10,6,6
ISU_ILCC,set5_features_metadata_corr95,GPR,exploitation,25.24316341828826,24.26993362585518,8.382875747274221,10.463487427269744,10,6,6
ISU_ILCC,set5_features_metadata_corr95,GPR,exploration,20.965063997293488,21.097931557549174,3.0195476474298553,8.690181967790044,10,6,6
ISU_ILCC,set5_features_metadata_corr95,GPR,hybrid,20.146669008026826,20.729608880101488,3.845958465925679,8.350950884156195,10,6,6
ISU_ILCC,set5_features_metadata_corr95,GPR,random_selection,21.95433789773805,21.421584159273092,3.9611264371023416,9.100243688181573,10,6,6
ISU_ILCC,set5_features_metadata_corr95,RF,coverage,25.56657446923441,25.622570304498694,4.1932972900002214,10.597543821444313,10,6,6
ISU_ILCC,set5_features_metadata_corr95,RF,diversity_iterative,25.84454980571105,27.231238488702964,5.032880177713945,10.712766758843959,10,6,6
ISU_ILCC,set5_features_metadata_corr95,RF,diversity_oneshot,25.216794459573357,25.7415140595006,4.357984865668566,10.452557288942323,10,6,6
ISU_ILCC,set5_features_metadata_corr95,RF,exploitation,27.356430757099737,28.48953325218158,4.361309939377495,11.339453163564656,10,6,6
ISU_ILCC,set5_features_metadata_corr95,RF,exploration,26.367534723359018,25.901046346434768,6.18114574031336,10.929548071858658,10,6,6
ISU_ILCC,set5_features_metadata_corr95,RF,hybrid,24.537745352984736,25.421515047689716,4.067065341898518,10.171086156677607,10,6,6
ISU_ILCC,set5_features_metadata_corr95,RF,random_selection,25.62716913607296,26.240827784033403,4.9165181726458735,10.6226607817919,10,6,6
KIT,set1_dQn_m,AE_ENet,coverage,26.26786177994927,27.984987985828674,7.1858828090739655,9.55194973816337,10,5,5
KIT,set1_dQn_m,AE_ENet,diversity_iterative,26.67129207801192,25.728381061124402,9.520974778957807,9.698651664731605,10,5,5
KIT,set1_dQn_m,AE_ENet,diversity_oneshot,23.791767699633954,20.190793503101467,8.644737531989447,8.65155189077598,10,5,5
KIT,set1_dQn_m,AE_ENet,exploitation,27.534984578095116,26.785905546671884,9.721633462170418,10.012721664761859,10,5,5
KIT,set1_dQn_m,AE_ENet,exploration,24.411426102727425,21.131686113796018,8.405493169850669,8.876882219173607,10,5,5
KIT,set1_dQn_m,AE_ENet,hybrid,22.59463645780676,20.044840672853056,7.731639203734257,8.216231439202456,10,5,5
KIT,set1_dQn_m,AE_ENet,random_selection,27.392455400555935,27.882228831774967,7.488875322144746,9.96089287292943,10,5,5
KIT,set1_dQn_m,GPR,coverage,37.19357082146995,34.994865013842144,7.611913508867842,13.524934844170886,10,5,5
KIT,set1_dQn_m,GPR,diversity_iterative,36.007203921300786,36.98074098014864,7.81032348033072,13.093528698654827,10,5,5
KIT,set1_dQn_m,GPR,diversity_oneshot,31.826781824498006,32.472818622188186,3.595270388770297,11.573375208908363,10,5,5
KIT,set1_dQn_m,GPR,exploitation,32.69650151645659,35.44889600097862,6.143369306129437,11.889636915075124,10,5,5
KIT,set1_dQn_m,GPR,exploration,32.409102253700006,32.99526830364555,6.738629279512823,11.785128092254546,10,5,5
KIT,set1_dQn_m,GPR,hybrid,33.43866516572911,34.43551401392784,5.236256367742463,12.159514605719675,10,5,5
KIT,set1_dQn_m,GPR,random_selection,30.83397787526378,30.777854682017477,9.186808476373653,11.21235559100501,10,5,5
KIT,set1_dQn_m,RF,coverage,33.86755219901019,32.5516796602806,3.9810357530603886,12.315473526912793,10,5,5
KIT,set1_dQn_m,RF,diversity_iterative,35.79590522925361,35.83875554224619,6.542331039013682,13.016692810637675,10,5,5
KIT,set1_dQn_m,RF,diversity_oneshot,31.302828465448023,30.90989056035839,3.894371222978603,11.382846714708371,10,5,5
KIT,set1_dQn_m,RF,exploitation,34.74796066358416,32.382781896232785,10.415676680582326,12.635622059485149,10,5,5
KIT,set1_dQn_m,RF,exploration,33.49439697307392,33.67634880258835,5.877213797211814,12.179780717481425,10,5,5
KIT,set1_dQn_m,RF,hybrid,34.90507323848779,34.44555773939574,4.614845757308929,12.692753904904647,10,5,5
KIT,set1_dQn_m,RF,random_selection,36.39214277407756,35.69848944346242,9.833227970488066,13.23350646330093,10,5,5
KIT,set2_early_soh,AE_ENet,coverage,31.611857442366624,29.957865973506742,6.155097366996693,11.495220888133316,10,5,5
KIT,set2_early_soh,AE_ENet,diversity_iterative,27.75895347809928,27.14614429075329,3.5138619143657808,10.09416490112701,10,5,5
KIT,set2_early_soh,AE_ENet,diversity_oneshot,31.457085954203905,30.85475879963574,6.5376936013439355,11.438940346983236,10,5,5
KIT,set2_early_soh,AE_ENet,exploitation,29.71011490426131,29.134072855579355,5.88890598303303,10.803678147004112,10,5,5
KIT,set2_early_soh,AE_ENet,exploration,31.894861616826432,28.461962751635888,11.519254393350693,11.598131497027792,10,5,5
KIT,set2_early_soh,AE_ENet,hybrid,33.02479494891419,30.96790967426825,9.381481136149295,12.009016345059704,10,5,5
KIT,set2_early_soh,AE_ENet,random_selection,30.155110794436677,30.3002895121539,3.6545409660286463,10.965494834340609,10,5,5
KIT,set2_early_soh,GPR,coverage,37.26179907241337,34.84392512323426,10.089940313516534,13.54974511724122,10,5,5
KIT,set2_early_soh,GPR,diversity_iterative,31.184129166410496,30.685045770332422,6.391238264504295,11.339683333240178,10,5,5
KIT,set2_early_soh,GPR,diversity_oneshot,35.06997823263018,32.79883290455639,7.447659112023213,12.752719357320064,10,5,5
KIT,set2_early_soh,GPR,exploitation,38.080297129049534,37.869285670596845,11.95435708906205,13.84738077419983,10,5,5
KIT,set2_early_soh,GPR,exploration,41.24293906076793,37.78907206034148,9.581502020346047,14.997432385733791,10,5,5
KIT,set2_early_soh,GPR,hybrid,34.30684404383196,34.41267051213873,6.035740062790465,12.47521601593889,10,5,5
KIT,set2_early_soh,GPR,random_selection,33.56441095528977,31.69558620226821,6.605365618324773,12.2052403473781,10,5,5
KIT,set2_early_soh,RF,coverage,39.25466521331887,37.854875220255835,11.122152621666173,14.274423713934135,10,5,5
KIT,set2_early_soh,RF,diversity_iterative,40.58078119630291,39.68037226072778,10.843206954004177,14.756647707746513,10,5,5
KIT,set2_early_soh,RF,diversity_oneshot,41.25327448359546,38.42246518309656,10.951236377212915,15.001190721307438,10,5,5
KIT,set2_early_soh,RF,exploitation,42.61784832071102,40.801126539043295,12.314284327426016,15.497399389349459,10,5,5
KIT,set2_early_soh,RF,exploration,32.7502505052029,32.39394367658488,5.995135962629253,11.909182001891963,10,5,5
KIT,set2_early_soh,RF,hybrid,38.043444476926595,37.49033893384515,8.720524327053957,13.83397980979149,10,5,5
KIT,set2_early_soh,RF,random_selection,42.59145844487013,39.948977757252024,13.507722438957627,15.487803070861862,10,5,5
KIT,set3_features,AE_ENet,coverage,20.70680195340541,19.53644681153672,4.064080104509227,7.529746164874693,10,5,5
KIT,set3_features,AE_ENet,diversity_iterative,23.45727954039853,23.3761466195952,4.36301646268991,8.529919832872192,10,5,5
KIT,set3_features,AE_ENet,diversity_oneshot,21.305545089897475,20.262733914348388,5.983914822873035,7.747470941780899,10,5,5
KIT,set3_features,AE_ENet,exploitation,26.568146672712345,23.315480972419955,9.363026437901363,9.66114424462267,10,5,5
KIT,set3_features,AE_ENet,exploration,25.49831301097786,23.82651705492748,8.760285257918019,9.272113822173765,10,5,5
KIT,set3_features,AE_ENet,hybrid,24.835866235011416,21.667745787667826,11.472578384853618,9.031224085458696,10,5,5
KIT,set3_features,AE_ENet,random_selection,24.143023454634932,23.817508029743628,6.857362651978588,8.779281256230883,10,5,5
KIT,set3_features,GPR,coverage,20.8704848628016,21.592024217429575,3.8123599419264744,7.589267222836945,10,5,5
KIT,set3_features,GPR,diversity_iterative,22.58964861207051,21.475376580753398,4.346545735452342,8.214417677116547,10,5,5
KIT,set3_features,GPR,diversity_oneshot,19.677995961661846,17.28156550327978,5.238110994762373,7.1556348951497615,10,5,5
KIT,set3_features,GPR,exploitation,24.544621036869355,25.60414246359683,6.304299353232711,8.925316740679765,10,5,5
KIT,set3_features,GPR,exploration,21.030816679678132,21.45997534421042,3.8775366266081974,7.647569701701139,10,5,5
KIT,set3_features,GPR,hybrid,21.104409131048392,21.044533422012798,2.803974241999248,7.674330593108505,10,5,5
KIT,set3_features,GPR,random_selection,21.24583577086752,21.636725131613026,4.9951545117550955,7.725758462133642,10,5,5
KIT,set3_features,RF,coverage,26.147264924139723,24.50517057550187,4.060120536494165,9.508096336050807,10,5,5
KIT,set3_features,RF,diversity_iterative,25.601189206554004,24.803057040707962,4.769701440837221,9.30952334783782,10,5,5
KIT,set3_features,RF,diversity_oneshot,23.636173353599617,23.899132833554503,3.082227589435457,8.594972128581677,10,5,5
KIT,set3_features,RF,exploitation,26.980284684335498,26.337571606955677,5.283716601486179,9.811012612485635,10,5,5
KIT,set3_features,RF,exploration,25.479370203478204,25.148055847112886,5.42192457693719,9.265225528537528,10,5,5
KIT,set3_features,RF,hybrid,24.002147387202236,24.495171389941397,4.0210061276626705,8.728053595346267,10,5,5
KIT,set3_features,RF,random_selection,24.857890590691788,24.535997305253037,4.908831573677533,9.03923294206974,10,5,5
KIT,set4_features_metadata,AE_ENet,coverage,26.277070874944695,23.494391344321617,10.777794140694688,9.555298499979887,10,5,5
KIT,set4_features_metadata,AE_ENet,diversity_iterative,32.50365791474224,27.667449647300923,15.32685034420959,11.819511968997176,10,5,5
KIT,set4_features_metadata,AE_ENet,diversity_oneshot,27.18590389722973,26.085752616405234,11.770350579829106,9.885783235356262,10,5,5
KIT,set4_features_metadata,AE_ENet,exploitation,34.6857868823351,33.39189613082255,11.543842901070533,12.613013411758217,10,5,5
KIT,set4_features_metadata,AE_ENet,exploration,24.16694623553006,24.14408037578424,5.522908246460564,8.787980449283657,10,5,5
KIT,set4_features_metadata,AE_ENet,hybrid,26.866815738738943,22.468960448916157,10.825809452396017,9.769751177723252,10,5,5
KIT,set4_features_metadata,AE_ENet,random_selection,27.658163257061336,25.431621052645653,8.353668465849537,10.057513911658665,10,5,5
KIT,set4_features_metadata,GPR,coverage,26.84981040726346,26.649616976304088,4.676833057447487,9.763567420823074,10,5,5
KIT,set4_features_metadata,GPR,diversity_iterative,26.792384679295985,27.248949407813406,8.917878465412048,9.742685337925812,10,5,5
KIT,set4_features_metadata,GPR,diversity_oneshot,26.378586902057947,25.141402033890028,4.0991705055328325,9.59221341893016,10,5,5
KIT,set4_features_metadata,GPR,exploitation,26.633785864890104,28.722776051487063,6.576575644454566,9.685013041778218,10,5,5
KIT,set4_features_metadata,GPR,exploration,27.013095979562593,27.51358588417159,6.735752520648011,9.822943992568215,10,5,5
KIT,set4_features_metadata,GPR,hybrid,27.811075471665287,27.40311252181826,5.617686768692624,10.113118353332831,10,5,5
KIT,set4_features_metadata,GPR,random_selection,26.51319947954422,24.277907956619075,5.754840745361575,9.641163447106988,10,5,5
KIT,set4_features_metadata,RF,coverage,27.883928723793538,27.8275656512548,5.017646768567245,10.13961044501583,10,5,5
KIT,set4_features_metadata,RF,diversity_iterative,23.95467657443096,23.961149512852103,4.931268392098906,8.710791481611256,10,5,5
KIT,set4_features_metadata,RF,diversity_oneshot,23.890302896676815,24.378757430670994,4.103770247821093,8.68738287151884,10,5,5
KIT,set4_features_metadata,RF,exploitation,28.603003572415513,28.270596952601835,5.223883598555246,10.401092208151095,10,5,5
KIT,set4_features_metadata,RF,exploration,26.809595175710417,26.97521305213643,3.0651690202775494,9.748943700258334,10,5,5
KIT,set4_features_metadata,RF,hybrid,25.73302658728673,25.195602053708907,3.904134083052476,9.35746421355881,10,5,5
KIT,set4_features_metadata,RF,random_selection,25.191282252292964,24.622606536240696,4.880368393389584,9.160466273561077,10,5,5
KIT,set5_features_metadata_corr95,AE_ENet,coverage,29.058717948993102,26.701792408095592,10.715460393072426,10.566806526906584,10,5,5
KIT,set5_features_metadata_corr95,AE_ENet,diversity_iterative,47.82314441423033,43.552536948153666,29.79008882076321,17.390234332447392,10,5,5
KIT,set5_features_metadata_corr95,AE_ENet,diversity_oneshot,33.30749648344702,35.87766985492915,12.102253575754027,12.111816903071642,10,5,5
KIT,set5_features_metadata_corr95,AE_ENet,exploitation,36.97188111640828,38.732893516790526,7.686887120598106,13.444320405966645,10,5,5
KIT,set5_features_metadata_corr95,AE_ENet,exploration,29.636379148147,27.64881887743639,11.578692189700384,10.776865144780725,10,5,5
KIT,set5_features_metadata_corr95,AE_ENet,hybrid,27.925090821379484,25.390392246084645,8.47409412061194,10.15457848050163,10,5,5
KIT,set5_features_metadata_corr95,AE_ENet,random_selection,31.093997830993793,29.962573029262927,8.302940651966505,11.30690830217956,10,5,5
KIT,set5_features_metadata_corr95,GPR,coverage,27.412185786588545,26.912671185829474,4.8124165852707215,9.968067558759468,10,5,5
KIT,set5_features_metadata_corr95,GPR,diversity_iterative,32.656915201469204,28.439203025841827,12.222452456484241,11.875241891443343,10,5,5
KIT,set5_features_metadata_corr95,GPR,diversity_oneshot,29.103183179569204,29.150048178096895,3.5727767032715656,10.582975701661526,10,5,5
KIT,set5_features_metadata_corr95,GPR,exploitation,28.75081915821665,29.167864254249697,9.479089181599916,10.454843330260598,10,5,5
KIT,set5_features_metadata_corr95,GPR,exploration,27.4348287299012,25.3007841915173,7.041746555256843,9.976301356327708,10,5,5
KIT,set5_features_metadata_corr95,GPR,hybrid,27.627634604202406,25.76917028796263,5.588031431423439,10.046412583346328,10,5,5
KIT,set5_features_metadata_corr95,GPR,random_selection,27.703864831026134,26.196839953807725,5.86395732673988,10.074132665827685,10,5,5
KIT,set5_features_metadata_corr95,RF,coverage,26.779152372966443,26.311603389880318,5.512397731892796,9.737873590169615,10,5,5
KIT,set5_features_metadata_corr95,RF,diversity_iterative,27.59714735792308,24.554948510202856,8.17749904044592,10.035326311972026,10,5,5
KIT,set5_features_metadata_corr95,RF,diversity_oneshot,29.46883836889028,29.608675607736977,6.287166970766422,10.71594122505101,10,5,5
KIT,set5_features_metadata_corr95,RF,exploitation,31.018310492997223,31.560366266962347,5.466013024188309,11.279385633817169,10,5,5
KIT,set5_features_metadata_corr95,RF,exploration,26.8421160495395,26.349118753466165,5.186575908213932,9.760769472559815,10,5,5
KIT,set5_features_metadata_corr95,RF,hybrid,27.13092699384503,27.460568677710732,4.300834436356249,9.865791634125465,10,5,5
KIT,set5_features_metadata_corr95,RF,random_selection,27.50783449928425,27.658233813517114,5.064801015190594,10.002848908830634,10,5,5
LSD_Primary,set1_dQn_m,AE_ENet,coverage,32.298560752562175,30.608494885357153,7.047822057077464,10.023691268036538,10,4,4
LSD_Primary,set1_dQn_m,AE_ENet,diversity_iterative,31.060430731250033,30.474981740763997,3.55293664270438,9.639444020043115,10,4,4
LSD_Primary,set1_dQn_m,AE_ENet,diversity_oneshot,34.00781655668263,32.255290615989324,7.587694720632949,10.554149965867024,10,4,4
LSD_Primary,set1_dQn_m,AE_ENet,exploitation,79.3797803904095,32.83344115566798,117.16984600765356,24.635104259092607,10,4,4
LSD_Primary,set1_dQn_m,AE_ENet,exploration,33.69810316873158,31.30307208034229,9.574919622914106,10.458032017882218,10,4,4
LSD_Primary,set1_dQn_m,AE_ENet,hybrid,35.19180116215442,32.03575891318492,7.066332390005366,10.92159346411689,10,4,4
LSD_Primary,set1_dQn_m,AE_ENet,random_selection,65.64721996610243,31.962514371967657,63.730509990892934,20.37327516189386,10,4,4
LSD_Primary,set1_dQn_m,GPR,coverage,34.86602795563409,28.89090357036112,13.559612056614203,10.820491434507133,10,4,4
LSD_Primary,set1_dQn_m,GPR,diversity_iterative,35.239132571571375,32.39669635012628,6.717584876024349,10.936282522211808,10,4,4
LSD_Primary,set1_dQn_m,GPR,diversity_oneshot,32.02750336563321,30.780382460290994,9.450764409593965,9.939570010024102,10,4,4
LSD_Primary,set1_dQn_m,GPR,exploitation,104.49109507488329,99.9651604095184,64.31625645619593,32.42827088530861,10,4,4
LSD_Primary,set1_dQn_m,GPR,exploration,30.888551197342622,30.06007182584399,9.507676069294291,9.586102095727023,10,4,4
LSD_Primary,set1_dQn_m,GPR,hybrid,31.87246189109988,28.389735713727696,7.968998149063068,9.891453690341345,10,4,4
LSD_Primary,set1_dQn_m,GPR,random_selection,76.06670108025396,59.6344690036821,55.53227432097429,23.606907231802957,10,4,4
LSD_Primary,set1_dQn_m,RF,coverage,32.46033212041022,34.265499325133,9.310017262399075,10.073896175299726,10,4,4
LSD_Primary,set1_dQn_m,RF,diversity_iterative,31.090663022767764,26.8635967344035,10.368780509668976,9.648826455341721,10,4,4
LSD_Primary,set1_dQn_m,RF,diversity_oneshot,28.678255832336454,27.99997924604534,10.652150055569505,8.900148361759591,10,4,4
LSD_Primary,set1_dQn_m,RF,exploitation,57.342657789422404,59.94208756286393,34.1600691059008,17.795997244993163,10,4,4
LSD_Primary,set1_dQn_m,RF,exploration,42.96522853305194,44.98294072924583,25.040110650420523,13.334036441291985,10,4,4
LSD_Primary,set1_dQn_m,RF,hybrid,35.49812134830148,32.75467703206682,11.771569791321618,11.016658349472875,10,4,4
LSD_Primary,set1_dQn_m,RF,random_selection,45.92126315945603,42.715904390956474,23.737879255838706,14.25142649776222,10,4,4
LSD_Primary,set2_early_soh,AE_ENet,coverage,35.296673158279425,36.65777661900216,6.468087111011886,10.954139945672928,10,4,4
LSD_Primary,set2_early_soh,AE_ENet,diversity_iterative,37.98777285339189,39.818557253603174,8.567055515274365,11.789308816569902,10,4,4
LSD_Primary,set2_early_soh,AE_ENet,diversity_oneshot,35.5734490244722,36.481056442958305,8.30177635646131,11.040035904146546,10,4,4
LSD_Primary,set2_early_soh,AE_ENet,exploitation,38.69854271480601,37.05403409218753,10.00450111753254,12.00989256666394,10,4,4
LSD_Primary,set2_early_soh,AE_ENet,exploration,35.78081608311241,36.4039480069446,7.706683399073121,11.104391198207301,10,4,4
LSD_Primary,set2_early_soh,AE_ENet,hybrid,35.927330451280326,37.54757481381313,7.605668297460818,11.149861174535276,10,4,4
LSD_Primary,set2_early_soh,AE_ENet,random_selection,38.180473510447555,38.25818489711885,9.159413941054748,11.84911246875959,10,4,4
LSD_Primary,set2_early_soh,GPR,coverage,40.91760731111618,38.327942359973825,8.100005238450871,12.698567786208471,10,4,4
LSD_Primary,set2_early_soh,GPR,diversity_iterative,39.27174374910079,40.58074525578072,7.684573602781111,12.187782542824385,10,4,4
LSD_Primary,set2_early_soh,GPR,diversity_oneshot,38.274057411995685,38.51230991794759,7.7942961221116,11.878155748550387,10,4,4
LSD_Primary,set2_early_soh,GPR,exploitation,82.7618318356733,77.58410454645377,47.41224247478619,25.68470643176069,10,4,4
LSD_Primary,set2_early_soh,GPR,exploration,46.235974963562064,42.44476380503846,15.267090240705512,14.34909567834685,10,4,4
LSD_Primary,set2_early_soh,GPR,hybrid,40.67387861032216,38.13807493111506,7.1686102433743,12.622927844582744,10,4,4
LSD_Primary,set2_early_soh,GPR,random_selection,87.03712873843043,55.529425041430585,58.88758626202936,27.011522711926695,10,4,4
LSD_Primary,set2_early_soh,RF,coverage,45.3706237360107,40.71364384232796,12.47120021421424,14.080538400830909,10,4,4
LSD_Primary,set2_early_soh,RF,diversity_iterative,44.698347356341785,39.18934637018812,16.070002776651595,13.871900903692282,10,4,4
LSD_Primary,set2_early_soh,RF,diversity_oneshot,45.579608551551324,46.41839115072669,12.428586824758147,14.145395757378001,10,4,4
LSD_Primary,set2_early_soh,RF,exploitation,80.01811022607954,70.46095509315018,38.83320589070881,24.83320662188676,10,4,4
LSD_Primary,set2_early_soh,RF,exploration,72.49057167625143,51.23330847316346,54.71201516436121,22.497073968491826,10,4,4
LSD_Primary,set2_early_soh,RF,hybrid,50.83185680676425,45.91532147681319,20.649854839305593,15.775403836582012,10,4,4
LSD_Primary,set2_early_soh,RF,random_selection,71.24186313541556,56.16839422868464,40.74350523758924,22.109543731680695,10,4,4
LSD_Primary,set3_features,AE_ENet,coverage,61.12898472285845,31.259952377384213,94.25850537773455,18.971064224335382,10,4,4
LSD_Primary,set3_features,AE_ENet,diversity_iterative,71.21819783663622,24.739078656763013,139.77839731452346,22.10219932861125,10,4,4
LSD_Primary,set3_features,AE_ENet,diversity_oneshot,37.35376556251662,29.765471943907915,25.601097730143834,11.592547933194817,10,4,4
LSD_Primary,set3_features,AE_ENet,exploitation,125.60036077426278,54.742693985813396,143.72653147926763,38.97942230925398,10,4,4
LSD_Primary,set3_features,AE_ENet,exploration,72.271923851682,29.492125340884613,124.48728625754582,22.42921774707373,10,4,4
LSD_Primary,set3_features,AE_ENet,hybrid,65.80673761603387,30.679818393617587,100.60424120588291,20.42278063945879,10,4,4
LSD_Primary,set3_features,AE_ENet,random_selection,95.99230068572884,47.515309067883095,102.13580152401964,29.790714005915852,10,4,4
LSD_Primary,set3_features,GPR,coverage,37.517560211146424,38.721283897148936,11.404971406545835,11.643380755183376,10,4,4
LSD_Primary,set3_features,GPR,diversity_iterative,41.883622629820046,41.90993947608393,16.34189903720965,12.998365643737259,10,4,4
LSD_Primary,set3_features,GPR,diversity_oneshot,38.89980839136672,39.583884878114986,13.636713859918418,12.072354328355193,10,4,4
LSD_Primary,set3_features,GPR,exploitation,77.84640999017088,86.10550058366032,43.526757148334966,24.159230686604758,10,4,4
LSD_Primary,set3_features,GPR,exploration,38.03706949171836,41.12280946243351,11.728742822457805,11.80460777329191,10,4,4
LSD_Primary,set3_features,GPR,hybrid,37.76497659196586,39.700736675219304,12.537922384733676,11.720165149230787,10,4,4
LSD_Primary,set3_features,GPR,random_selection,55.91535518091791,49.23649913592054,37.33515378695098,17.353041263043494,10,4,4
LSD_Primary,set3_features,RF,coverage,32.816649008968014,30.175666553286366,7.647589155200904,10.184477278645247,10,4,4
LSD_Primary,set3_features,RF,diversity_iterative,37.19804490793391,37.383340474081876,10.162646846247378,11.544220833496734,10,4,4
LSD_Primary,set3_features,RF,diversity_oneshot,33.62974836760392,31.976245204773328,8.964005445585158,10.436818458911565,10,4,4
LSD_Primary,set3_features,RF,exploitation,52.67322968327858,48.873691503403066,18.87149789549567,16.346864384465768,10,4,4
LSD_Primary,set3_features,RF,exploration,37.13423439452997,34.318987335671416,9.192095246515063,11.5244175707162,10,4,4
LSD_Primary,set3_features,RF,hybrid,34.50133157989448,30.766555667052906,9.187462934775633,10.70730980065691,10,4,4
LSD_Primary,set3_features,RF,random_selection,47.20131933237794,41.102807805091466,24.104364702687437,14.64868531004833,10,4,4
LSD_Primary,set4_features_metadata,AE_ENet,coverage,34.25990043578838,32.446623547814966,8.182875220347446,10.632382893865362,10,4,4
LSD_Primary,set4_features_metadata,AE_ENet,diversity_iterative,44.39792407832441,30.053537576158625,35.39417280379644,13.778666093273097,10,4,4
LSD_Primary,set4_features_metadata,AE_ENet,diversity_oneshot,27.17707582486518,22.818178396781043,12.359370563924415,8.434264911165059,10,4,4
LSD_Primary,set4_features_metadata,AE_ENet,exploitation,128.00463503171645,36.51375320906959,150.97447693699533,39.72557638915339,10,4,4
LSD_Primary,set4_features_metadata,AE_ENet,exploration,30.15913941380138,28.49989501998528,6.1634070077514815,9.359732921524568,10,4,4
LSD_Primary,set4_features_metadata,AE_ENet,hybrid,31.890765390037508,27.64950772901686,13.813449871561783,9.897134086563366,10,4,4
LSD_Primary,set4_features_metadata,AE_ENet,random_selection,101.75839883242683,33.52042294728066,121.3144433221149,31.580192741097996,10,4,4
LSD_Primary,set4_features_metadata,GPR,coverage,38.56236456585726,40.88222873859203,11.371447988196852,11.967630382507426,10,4,4
LSD_Primary,set4_features_metadata,GPR,diversity_iterative,53.50185476785625,54.80836617125112,16.828945184935815,16.604023893472636,10,4,4
LSD_Primary,set4_features_metadata,GPR,diversity_oneshot,34.31936747125617,33.878342101326034,12.104269914852006,10.650838180734677,10,4,4
LSD_Primary,set4_features_metadata,GPR,exploitation,90.78627212350473,79.48065465545648,60.054247266882165,28.17504996936354,10,4,4
LSD_Primary,set4_features_metadata,GPR,exploration,41.33186638747087,44.88725192290687,14.634576642184216,12.827130947835789,10,4,4
LSD_Primary,set4_features_metadata,GPR,hybrid,37.113147200876504,36.49696723074955,12.039262541301564,11.517873269237539,10,4,4
LSD_Primary,set4_features_metadata,GPR,random_selection,66.9957046252033,45.980560135803145,49.83601142571924,20.791770400925166,10,4,4
LSD_Primary,set4_features_metadata,RF,coverage,33.21717478089069,29.87988127383771,7.3870349563272075,10.30877838027642,10,4,4
LSD_Primary,set4_features_metadata,RF,diversity_iterative,34.68832002818182,33.25542803003784,8.617945562185161,10.765340698401257,10,4,4
LSD_Primary,set4_features_metadata,RF,diversity_oneshot,33.07440829670524,31.859768097740485,6.559995233399,10.264471540356803,10,4,4
LSD_Primary,set4_features_metadata,RF,exploitation,70.0724036500141,46.874559412869516,75.70961954270638,21.746608029314725,10,4,4
LSD_Primary,set4_features_metadata,RF,exploration,45.039337096437905,48.02213140003191,14.4780577060761,13.977725305791077,10,4,4
LSD_Primary,set4_features_metadata,RF,hybrid,34.60669852505704,35.15410555546042,8.755075902152724,10.740009887086671,10,4,4
LSD_Primary,set4_features_metadata,RF,random_selection,47.98517171920706,41.67715190763437,25.22284065321265,14.891949843891851,10,4,4
LSD_Primary,set5_features_metadata_corr95,AE_ENet,coverage,32.18661257586111,34.13062368124291,6.6489348239023265,9.988948730439658,10,4,4
LSD_Primary,set5_features_metadata_corr95,AE_ENet,diversity_iterative,37.35242306349781,28.739980235874278,22.310290912842508,11.592131295568288,10,4,4
LSD_Primary,set5_features_metadata_corr95,AE_ENet,diversity_oneshot,30.064391495787124,25.911202403229098,16.637879415914,9.330328395244283,10,4,4
LSD_Primary,set5_features_metadata_corr95,AE_ENet,exploitation,123.92792508144842,43.53047700046372,144.65026899529389,38.46039054251848,10,4,4
LSD_Primary,set5_features_metadata_corr95,AE_ENet,exploration,31.073279638683506,28.842260080929485,9.287867790414001,9.643431612005227,10,4,4
LSD_Primary,set5_features_metadata_corr95,AE_ENet,hybrid,31.94637541824742,30.59912913532004,8.101988869069855,9.914392371180238,10,4,4
LSD_Primary,set5_features_metadata_corr95,AE_ENet,random_selection,95.10355740976495,35.32954684144455,115.08709123548606,29.51489712716844,10,4,4
LSD_Primary,set5_features_metadata_corr95,GPR,coverage,43.365370400195395,45.291847228489864,16.595680990933722,13.458218400060641,10,4,4
LSD_Primary,set5_features_metadata_corr95,GPR,diversity_iterative,60.79517615934327,61.08470223154431,22.643554427685576,18.867468463244467,10,4,4
LSD_Primary,set5_features_metadata_corr95,GPR,diversity_oneshot,35.63511289790331,38.04741208108558,9.746118936005043,11.059172968314824,10,4,4
LSD_Primary,set5_features_metadata_corr95,GPR,exploitation,89.70463964878081,86.14648304711743,61.68051284261935,27.839370925483706,10,4,4
LSD_Primary,set5_features_metadata_corr95,GPR,exploration,46.25245177116482,50.17509158143446,17.77452476489561,14.3542091703615,10,4,4
LSD_Primary,set5_features_metadata_corr95,GPR,hybrid,39.50503564157219,37.1265717793388,14.016423877081655,12.260183474970683,10,4,4
LSD_Primary,set5_features_metadata_corr95,GPR,random_selection,68.12746815871576,47.47651984845035,51.49282193176542,21.143007359601448,10,4,4
LSD_Primary,set5_features_metadata_corr95,RF,coverage,34.82872729073354,32.134508069550236,7.362832641645263,10.808915366089721,10,4,4
LSD_Primary,set5_features_metadata_corr95,RF,diversity_iterative,36.094016368701986,34.755633038434766,7.770073626886367,11.20159128683855,10,4,4
LSD_Primary,set5_features_metadata_corr95,RF,diversity_oneshot,34.72416764887758,35.168383407282995,6.658315572377284,10.77646582206546,10,4,4
LSD_Primary,set5_features_metadata_corr95,RF,exploitation,55.12829495936613,55.82855327104065,23.48035679897303,17.108781194286045,10,4,4
LSD_Primary,set5_features_metadata_corr95,RF,exploration,41.47862767516475,41.98720977965195,12.969294955064997,12.872677554361477,10,4,4
LSD_Primary,set5_features_metadata_corr95,RF,hybrid,32.6800167959578,29.59558376328762,7.671406003214308,10.14207417805587,10,4,4
LSD_Primary,set5_features_metadata_corr95,RF,random_selection,48.45541376395988,43.413446977215294,24.434746138721803,15.03788703019445,10,4,4
LSD_Second,set1_dQn_m,AE_ENet,coverage,31.651294510444888,30.29997879301331,7.99950065574615,9.822815537724278,10,4,4
LSD_Second,set1_dQn_m,AE_ENet,diversity_iterative,29.315688959169215,28.34442679491229,5.599491841992206,9.097972435604243,10,4,4
LSD_Second,set1_dQn_m,AE_ENet,diversity_oneshot,26.8917996520776,26.58192372412799,4.966397469569411,8.345730926506842,10,4,4
LSD_Second,set1_dQn_m,AE_ENet,exploitation,25.958429661320423,26.155887026751593,5.923834226362779,8.056064377651166,10,4,4
LSD_Second,set1_dQn_m,AE_ENet,exploration,35.66990574328374,35.40097327771832,9.708942450107182,11.069970747915647,10,4,4
LSD_Second,set1_dQn_m,AE_ENet,hybrid,30.622316819251154,30.480090078398494,9.68809910313596,9.503477633560705,10,4,4
LSD_Second,set1_dQn_m,AE_ENet,random_selection,26.971825951274063,27.35512277540039,6.461613142127211,8.370566674533332,10,4,4
LSD_Second,set1_dQn_m,GPR,coverage,18.962686411459252,19.240144319996034,5.493286579412809,5.88497164493563,10,4,4
LSD_Second,set1_dQn_m,GPR,diversity_iterative,25.988955924112467,26.172755042610653,7.646355849325404,8.065538045414216,10,4,4
LSD_Second,set1_dQn_m,GPR,diversity_oneshot,18.9076531593283,19.24728128752372,4.218675434690864,5.8678923597915436,10,4,4
LSD_Second,set1_dQn_m,GPR,exploitation,25.45313165255552,23.855494752305717,5.015109779420816,7.89924775424137,10,4,4
LSD_Second,set1_dQn_m,GPR,exploration,20.621030829957455,20.614420786709896,4.958972451450137,6.399630257573004,10,4,4
LSD_Second,set1_dQn_m,GPR,hybrid,18.426834578082595,17.764474567552185,4.473916468582462,5.7186728000946,10,4,4
LSD_Second,set1_dQn_m,GPR,random_selection,21.56683870038436,21.935018171750798,5.759722885193877,6.693156838050319,10,4,4
LSD_Second,set1_dQn_m,RF,coverage,32.658048309837206,33.92355632815104,10.032922326345144,10.135256372018446,10,4,4
LSD_Second,set1_dQn_m,RF,diversity_iterative,27.415910765855404,26.52922993586017,5.824875309808563,8.50838609974823,10,4,4
LSD_Second,set1_dQn_m,RF,diversity_oneshot,29.21870354764685,29.49212663269397,5.531281128627659,9.067873514786957,10,4,4
LSD_Second,set1_dQn_m,RF,exploitation,36.528671865747434,32.330004603601054,16.700247119585754,11.336484372128515,10,4,4
LSD_Second,set1_dQn_m,RF,exploration,47.24896329741731,36.61114424224041,35.2689134077723,14.663471368163997,10,4,4
LSD_Second,set1_dQn_m,RF,hybrid,31.23597731542541,31.552692637907022,6.271328426442934,9.693923994442368,10,4,4
LSD_Second,set1_dQn_m,RF,random_selection,35.2551042847874,33.7273637316259,10.008933843562184,10.941239260796092,10,4,4
LSD_Second,set2_early_soh,AE_ENet,coverage,37.83659620335156,34.21874864965003,13.071089883123012,11.742391925178072,10,4,4
LSD_Second,set2_early_soh,AE_ENet,diversity_iterative,36.52789912062596,36.648309440207626,6.644569486172789,11.336244554677025,10,4,4
LSD_Second,set2_early_soh,AE_ENet,diversity_oneshot,38.78727274195766,37.80068050854975,8.215923417821575,12.037429471642033,10,4,4
LSD_Second,set2_early_soh,AE_ENet,exploitation,43.278139194026686,42.65625100418941,9.342418898427505,13.431146646422079,10,4,4
LSD_Second,set2_early_soh,AE_ENet,exploration,43.11138317201695,38.23227507478471,18.568571881525425,13.379394777522503,10,4,4
LSD_Second,set2_early_soh,AE_ENet,hybrid,39.69806692084184,35.66159342096057,15.614025413394359,12.320089734054365,10,4,4
LSD_Second,set2_early_soh,AE_ENet,random_selection,43.69679303056405,40.20016423844862,12.264997956684653,13.56107369914057,10,4,4
LSD_Second,set2_early_soh,GPR,coverage,34.035696561264004,32.25211114414008,5.7708395724694315,10.562802381081934,10,4,4
LSD_Second,set2_early_soh,GPR,diversity_iterative,34.8123062108238,31.33661540162139,11.212507961906619,10.803819168876354,10,4,4
LSD_Second,set2_early_soh,GPR,diversity_oneshot,39.32284147693955,35.0635604740177,11.271141944632342,12.203640458360551,10,4,4
LSD_Second,set2_early_soh,GPR,exploitation,31.03139349181091,30.08993622815722,3.654281249474762,9.630432462975802,10,4,4
LSD_Second,set2_early_soh,GPR,exploration,32.61343137092042,30.05237559247886,7.153270302009129,10.121409735802894,10,4,4
LSD_Second,set2_early_soh,GPR,hybrid,34.04359984452914,35.32189760459549,5.0857432699967315,10.565255124164217,10,4,4
LSD_Second,set2_early_soh,GPR,random_selection,38.515474915974394,38.26694741257717,7.870731639868212,11.953078422198953,10,4,4
LSD_Second,set2_early_soh,RF,coverage,38.277988620315185,34.51665443051091,11.682296306966645,11.879375778718508,10,4,4
LSD_Second,set2_early_soh,RF,diversity_iterative,43.567621027336806,40.638331958417396,11.867425503157435,13.520985836070045,10,4,4
LSD_Second,set2_early_soh,RF,diversity_oneshot,41.16100586830963,40.23025129567134,6.200782557636278,12.774105269475406,10,4,4
LSD_Second,set2_early_soh,RF,exploitation,40.264362448248406,39.67184240388094,9.75649413474416,12.495836621870199,10,4,4
LSD_Second,set2_early_soh,RF,exploration,38.93039932065407,34.45990089457197,12.455369614483349,12.081848065030574,10,4,4
LSD_Second,set2_early_soh,RF,hybrid,39.36628502553258,39.110845638433986,9.312512638002518,12.217122938958388,10,4,4
LSD_Second,set2_early_soh,RF,random_selection,51.969414903961,51.979637556851046,17.047964906438317,16.128439108125832,10,4,4
LSD_Second,set3_features,AE_ENet,coverage,28.188590933642292,21.86797409599063,13.956622320525595,8.748183393199334,10,4,4
LSD_Second,set3_features,AE_ENet,diversity_iterative,28.809988921692998,26.587985824000455,7.651359139368335,8.941031044663344,10,4,4
LSD_Second,set3_features,AE_ENet,diversity_oneshot,25.84274756785617,25.34811390786708,8.476498291161215,8.020163038300192,10,4,4
LSD_Second,set3_features,AE_ENet,exploitation,27.480815124301436,27.834667994656694,4.1836144347769295,8.528528831679758,10,4,4
LSD_Second,set3_features,AE_ENet,exploration,25.927520276032045,21.96539249729728,9.446778923043608,8.046471809803048,10,4,4
LSD_Second,set3_features,AE_ENet,hybrid,25.31928624038676,22.22204112962892,7.805464475845868,7.857709522878652,10,4,4
LSD_Second,set3_features,AE_ENet,random_selection,24.66955577415805,24.76225651157636,6.899217090407489,7.656069033359397,10,4,4
LSD_Second,set3_features,GPR,coverage,24.253123550334973,18.46211748741504,13.801372747361238,7.526831446655683,10,4,4
LSD_Second,set3_features,GPR,diversity_iterative,24.73397078250554,23.68616768740587,5.367184017824622,7.676059898018963,10,4,4
LSD_Second,set3_features,GPR,diversity_oneshot,22.275230117088864,22.76402071568552,5.537709676422272,6.913002450131029,10,4,4
LSD_Second,set3_features,GPR,exploitation,23.8555297039429,24.498337687774,6.760893180116756,7.403440252947798,10,4,4
LSD_Second,set3_features,GPR,exploration,21.665301775330576,21.032581951764627,5.724432056769657,6.723714344068111,10,4,4
LSD_Second,set3_features,GPR,hybrid,22.718396005976285,20.509480019625112,6.007729635886552,7.050536691509883,10,4,4
LSD_Second,set3_features,GPR,random_selection,23.3481861421349,22.993627103366492,5.326967221180383,7.245988802731522,10,4,4
LSD_Second,set3_features,RF,coverage,38.03824190821613,31.02595623123336,17.623466565682666,11.804971626687768,10,4,4
LSD_Second,set3_features,RF,diversity_iterative,32.64034969290711,34.399235007772134,7.772068663889259,10.12976369779876,10,4,4
LSD_Second,set3_features,RF,diversity_oneshot,31.52850337295531,30.269116459280845,8.82451352222671,9.784707943330961,10,4,4
LSD_Second,set3_features,RF,exploitation,38.829596541189346,31.036075609853746,21.03352084894619,12.050564443817384,10,4,4
LSD_Second,set3_features,RF,exploration,32.68888239168514,28.87259479731386,12.123394788234707,10.144825569833321,10,4,4
LSD_Second,set3_features,RF,hybrid,34.23224199115096,27.80667008525855,13.814391989599821,10.623799238633058,10,4,4
LSD_Second,set3_features,RF,random_selection,34.75902067050817,28.100801187547276,13.530329669187996,10.787282277054263,10,4,4
LSD_Second,set4_features_metadata,AE_ENet,coverage,30.85105544909002,27.144022317172336,9.974648575139211,9.574465484200351,10,4,4
LSD_Second,set4_features_metadata,AE_ENet,diversity_iterative,25.459143987819026,24.67121709100432,6.406854062160114,7.901113651392114,10,4,4
LSD_Second,set4_features_metadata,AE_ENet,diversity_oneshot,28.431963693701782,29.937637480801875,6.82158859932358,8.823712870459177,10,4,4
LSD_Second,set4_features_metadata,AE_ENet,exploitation,25.591384870153917,23.600611995685966,6.324783751367006,7.9421539252201825,10,4,4
LSD_Second,set4_features_metadata,AE_ENet,exploration,30.29180044613974,28.064702642307118,6.585309272771608,9.400903586733024,10,4,4
LSD_Second,set4_features_metadata,AE_ENet,hybrid,30.409303289083404,26.013063492221434,9.553080442902443,9.437369986267266,10,4,4
LSD_Second,set4_features_metadata,AE_ENet,random_selection,27.24187308309172,28.089107918008054,6.932080957957382,8.45437440509743,10,4,4
LSD_Second,set4_features_metadata,GPR,coverage,23.476187940797267,21.101502444742678,8.113480153332187,7.285713498868118,10,4,4
LSD_Second,set4_features_metadata,GPR,diversity_iterative,22.055473537275276,22.24353225944114,5.650006913453982,6.844802132257845,10,4,4
LSD_Second,set4_features_metadata,GPR,diversity_oneshot,23.002123599508547,22.687316975701776,4.599521822639809,7.138590082606103,10,4,4
LSD_Second,set4_features_metadata,GPR,exploitation,22.15818191148994,21.030786241144316,4.023177578545608,6.876677144945155,10,4,4
LSD_Second,set4_features_metadata,GPR,exploration,25.102199536787317,22.75944205162643,7.977595271629845,7.790337787278824,10,4,4
LSD_Second,set4_features_metadata,GPR,hybrid,22.92329667401626,20.653405574732986,7.3514906598727565,7.114126554005049,10,4,4
LSD_Second,set4_features_metadata,GPR,random_selection,21.51534785930371,21.20640878793401,4.217264998951194,6.677176921852878,10,4,4
LSD_Second,set4_features_metadata,RF,coverage,37.33460341461612,30.641025080049047,18.013492229355638,11.586601059708451,10,4,4
LSD_Second,set4_features_metadata,RF,diversity_iterative,27.599083225246922,27.386083091036376,5.207107560127073,8.565232725076632,10,4,4
LSD_Second,set4_features_metadata,RF,diversity_oneshot,32.10558196410262,31.155039505393994,9.613555282581071,9.963801299204263,10,4,4
LSD_Second,set4_features_metadata,RF,exploitation,36.61830342922694,29.94998469715344,19.035746395319453,11.364301064242847,10,4,4
LSD_Second,set4_features_metadata,RF,exploration,32.8834861516609,28.437662763131897,13.921917790748564,10.205219840170624,10,4,4
LSD_Second,set4_features_metadata,RF,hybrid,34.61993063875518,29.81166214966979,15.600829380728758,10.74411640513092,10,4,4
LSD_Second,set4_features_metadata,RF,random_selection,33.67445604378514,27.124465268804574,13.321689048635053,10.450693254967806,10,4,4
LSD_Second,set5_features_metadata_corr95,AE_ENet,coverage,33.45312388771097,30.020350075596156,14.801369457850242,10.382003965151684,10,4,4
LSD_Second,set5_features_metadata_corr95,AE_ENet,diversity_iterative,25.223219775752902,22.093629553121914,7.227089470986866,7.82789579247504,10,4,4
LSD_Second,set5_features_metadata_corr95,AE_ENet,diversity_oneshot,28.64373702485785,26.33417516865463,6.995529842032914,8.889435628404161,10,4,4
LSD_Second,set5_features_metadata_corr95,AE_ENet,exploitation,23.481854058655877,23.32417033362546,2.9328650549004096,7.287471949238032,10,4,4
LSD_Second,set5_features_metadata_corr95,AE_ENet,exploration,29.60840141946671,28.382907648895674,7.993822553493503,9.1888142336276,10,4,4
LSD_Second,set5_features_metadata_corr95,AE_ENet,hybrid,32.598159566181955,29.852657870589944,11.846765636300727,10.116670210194401,10,4,4
LSD_Second,set5_features_metadata_corr95,AE_ENet,random_selection,28.561406417463548,29.74323610114856,6.734682437250083,8.863884750247312,10,4,4
LSD_Second,set5_features_metadata_corr95,GPR,coverage,24.253180370142633,21.24781767494897,9.368576751717118,7.526849080389094,10,4,4
LSD_Second,set5_features_metadata_corr95,GPR,diversity_iterative,22.88950724021222,22.997077442728546,5.883714092990574,7.1036401779968985,10,4,4
LSD_Second,set5_features_metadata_corr95,GPR,diversity_oneshot,20.618324932637844,18.998201788305096,4.020906425863673,6.3987904963358835,10,4,4
LSD_Second,set5_features_metadata_corr95,GPR,exploitation,22.004994209790794,21.953901126971466,5.446852518544098,6.829136134073006,10,4,4
LSD_Second,set5_features_metadata_corr95,GPR,exploration,24.180980980129792,21.338926209034824,7.204275342603194,7.50444237314373,10,4,4
LSD_Second,set5_features_metadata_corr95,GPR,hybrid,23.503961970304122,20.61818814882112,8.224785333586368,7.2943330252667975,10,4,4
LSD_Second,set5_features_metadata_corr95,GPR,random_selection,21.121227343769938,21.75037543277396,4.469886737325771,6.554863658411362,10,4,4
LSD_Second,set5_features_metadata_corr95,RF,coverage,36.23895422758055,29.941146000611255,17.00208717660717,11.24657200166293,10,4,4
LSD_Second,set5_features_metadata_corr95,RF,diversity_iterative,31.003888215048732,30.64194158682255,8.957610593414334,9.621896342601334,10,4,4
LSD_Second,set5_features_metadata_corr95,RF,diversity_oneshot,33.6985397745636,31.76341425620591,11.081593672824896,10.45816751624388,10,4,4
LSD_Second,set5_features_metadata_corr95,RF,exploitation,38.62049169003434,27.65775092515506,22.524325244072728,11.985669834838248,10,4,4
LSD_Second,set5_features_metadata_corr95,RF,exploration,33.70134200123177,27.234377076564627,16.31558269572937,10.45903717279607,10,4,4
LSD_Second,set5_features_metadata_corr95,RF,hybrid,32.85873256275195,27.57217684497739,14.327215841483435,10.197537691888538,10,4,4
LSD_Second,set5_features_metadata_corr95,RF,random_selection,33.89619621809855,27.251752038138925,13.107352682517668,10.519509171134036,10,4,4
MIT,set1_dQn_m,AE_ENet,coverage,19.61654028951748,13.733172003427452,18.85269684166436,7.925874864451506,10,6,6
MIT,set1_dQn_m,AE_ENet,diversity_iterative,17.1109404318941,13.038724696781868,12.467202578161569,6.913511285613777,10,6,6
MIT,set1_dQn_m,AE_ENet,diversity_oneshot,18.4680615181653,12.415667106804253,17.049578336360597,7.461843037642545,10,6,6
MIT,set1_dQn_m,AE_ENet,exploitation,20.9202043732908,15.436558621516365,18.410709786918602,8.452607827592242,10,6,6
MIT,set1_dQn_m,AE_ENet,exploration,17.97183414304342,14.876531189766535,12.346258723336334,7.261347128502392,10,6,6
MIT,set1_dQn_m,AE_ENet,hybrid,18.038589654156283,14.12508862523934,14.39152719849955,7.288319052184356,10,6,6
MIT,set1_dQn_m,AE_ENet,random_selection,15.282433520127398,14.245001570568569,6.635359770439439,6.174720614192887,10,6,6
MIT,set1_dQn_m,GPR,coverage,13.641647006860183,12.727086430456986,3.78774674404229,5.511776568428355,10,6,6
MIT,set1_dQn_m,GPR,diversity_iterative,14.646794753941952,13.545723254840432,4.71415623138985,5.917896870279576,10,6,6
MIT,set1_dQn_m,GPR,diversity_oneshot,13.200623821088062,11.991792976278088,4.737470690156307,5.333585382257802,10,6,6
MIT,set1_dQn_m,GPR,exploitation,15.322530985554014,15.212848523486647,4.404584876696341,6.190921610324853,10,6,6
MIT,set1_dQn_m,GPR,exploration,13.83352122494397,12.996580203576038,3.94604930452588,5.5893015050278665,10,6,6
MIT,set1_dQn_m,GPR,hybrid,13.14016102228673,12.7648868111152,3.5705377179675346,5.309155968600698,10,6,6
MIT,set1_dQn_m,GPR,random_selection,13.952656937172065,13.03191715436579,3.7301558267290735,5.6374371463321475,10,6,6
MIT,set1_dQn_m,RF,coverage,15.804267002517946,14.819980965825032,4.055539179089303,6.385562425259776,10,6,6
MIT,set1_dQn_m,RF,diversity_iterative,16.64284875705231,15.363294196118737,4.082484732116835,6.72438333618275,10,6,6
MIT,set1_dQn_m,RF,diversity_oneshot,16.27019823953484,15.451979712474163,4.01148377529063,6.573817470519126,10,6,6
MIT,set1_dQn_m,RF,exploitation,16.864395963290185,14.732816738417684,5.469418738656283,6.813897358905125,10,6,6
MIT,set1_dQn_m,RF,exploration,15.864987328724855,14.653704438107493,3.52533808350176,6.410095890393879,10,6,6
MIT,set1_dQn_m,RF,hybrid,15.129024735779907,14.536204445601582,4.017103778936698,6.11273726698178,10,6,6
MIT,set1_dQn_m,RF,random_selection,15.75329447233151,14.865689849185252,4.061689598259386,6.364967463568286,10,6,6
MIT,set2_early_soh,AE_ENet,coverage,17.728025580454137,16.692175518951103,2.6584916441348767,7.162838618365306,10,6,6
MIT,set2_early_soh,AE_ENet,diversity_iterative,18.631798479538222,18.295426340042393,2.4042705844686667,7.527999385672007,10,6,6
MIT,set2_early_soh,AE_ENet,diversity_oneshot,17.016277484438895,16.01118898415199,2.6393942779760637,6.87526363007632,10,6,6
MIT,set2_early_soh,AE_ENet,exploitation,18.772908492006707,18.287996000164576,4.73914825438128,7.585013532123921,10,6,6
MIT,set2_early_soh,AE_ENet,exploration,17.96130655539543,17.48534523708824,2.6415635212663844,7.257093557735526,10,6,6
MIT,set2_early_soh,AE_ENet,hybrid,18.09597991858836,17.733051904279534,2.7600505712245993,7.311507037813477,10,6,6
MIT,set2_early_soh,AE_ENet,random_selection,17.201692977706696,16.423280954174295,4.950432211031038,6.950178980891593,10,6,6
MIT,set2_early_soh,GPR,coverage,17.58984183103659,15.631288910036579,6.754624098175139,7.107006800418825,10,6,6
MIT,set2_early_soh,GPR,diversity_iterative,19.18824785482809,16.670524752711778,8.80464576725494,7.752827416092157,10,6,6
MIT,set2_early_soh,GPR,diversity_oneshot,15.937201371446585,13.408845570091094,6.3788662532182965,6.439273281392559,10,6,6
MIT,set2_early_soh,GPR,exploitation,27.16469395160481,21.22063970002673,13.673904051947163,10.975633919840325,10,6,6
MIT,set2_early_soh,GPR,exploration,20.214961921128086,18.46383026557215,7.809106231740666,8.167661382273973,10,6,6
MIT,set2_early_soh,GPR,hybrid,17.992835441539203,16.731397819658508,7.242844842931857,7.269832501632,10,6,6
MIT,set2_early_soh,GPR,random_selection,19.163235279715728,17.394831742361724,5.553376369966379,7.742721325137666,10,6,6
MIT,set2_early_soh,RF,coverage,23.385681096282735,22.117064174274525,6.607436263064457,9.448760038902114,10,6,6
MIT,set2_early_soh,RF,diversity_iterative,25.80269252181025,23.728289206564924,8.38015673046027,10.425330311842524,10,6,6
MIT,set2_early_soh,RF,diversity_oneshot,21.97622387740382,20.659217742940093,5.663132670160201,8.879282374708614,10,6,6
MIT,set2_early_soh,RF,exploitation,29.105572746214534,27.283033288998368,8.301959343127754,11.75982737220789,10,6,6
MIT,set2_early_soh,RF,exploration,27.445822398591694,22.774208708579962,10.819109824155369,11.089221171148159,10,6,6
MIT,set2_early_soh,RF,hybrid,21.81862436141364,20.84490213229182,4.741274702362271,8.815605802591369,10,6,6
MIT,set2_early_soh,RF,random_selection,25.0155697481547,22.416826246845865,6.5353092525554155,10.107300908345332,10,6,6
MIT,set3_features,AE_ENet,coverage,12.697346037989087,12.405153116485618,1.8233522293014723,5.130240823429933,10,6,6
MIT,set3_features,AE_ENet,diversity_iterative,12.955764172396147,12.688486276266255,2.672486916207012,5.234652190867129,10,6,6
MIT,set3_features,AE_ENet,diversity_oneshot,12.88709621348443,13.20017505847166,1.5541433630541976,5.206907561003808,10,6,6
MIT,set3_features,AE_ENet,exploitation,14.023603868678435,13.48839365321685,4.2120754344104485,5.666102573203407,10,6,6
MIT,set3_features,AE_ENet,exploration,12.622204740213588,12.629597136228693,1.4911498773784786,5.099880703116601,10,6,6
MIT,set3_features,AE_ENet,hybrid,12.971806137094635,12.653423566241713,1.959338418158566,5.241133792765508,10,6,6
MIT,set3_features,AE_ENet,random_selection,13.36550041564496,13.93016837712654,2.2015606498385476,5.400202188139376,10,6,6
MIT,set3_features,GPR,coverage,13.700388719357244,13.1248260273804,3.4046515251141587,5.535510593679694,10,6,6
MIT,set3_features,GPR,diversity_iterative,13.923799107792703,13.91905800485086,3.223485502084211,5.62577741728998,10,6,6
MIT,set3_features,GPR,diversity_oneshot,13.728130715283834,12.799935278672852,3.374844421368183,5.546719480922761,10,6,6
MIT,set3_features,GPR,exploitation,16.608421859139654,14.818132490418815,5.8176183735787435,6.710473478440262,10,6,6
MIT,set3_features,GPR,exploration,13.604373268542336,13.31035937204783,3.097444822404002,5.496716472138316,10,6,6
MIT,set3_features,GPR,hybrid,13.895929320788877,13.156845924242727,3.6612782115713287,5.614516897288434,10,6,6
MIT,set3_features,GPR,random_selection,15.072030139502985,15.080484961776094,3.635658139457924,6.089709147273932,10,6,6
MIT,set3_features,RF,coverage,15.383449430514437,14.13389982794164,3.2802221732629318,6.2155351234401754,10,6,6
MIT,set3_features,RF,diversity_iterative,15.631488376208406,14.929631130915677,3.5421199897490223,6.315752879276123,10,6,6
MIT,set3_features,RF,diversity_oneshot,16.04056787298611,15.620164459279259,2.9408186543374026,6.481037524438831,10,6,6
MIT,set3_features,RF,exploitation,15.31197382257499,14.857324337257724,2.1633794038560974,6.186656089929288,10,6,6
MIT,set3_features,RF,exploration,15.582121140530877,15.362049458257024,2.7700848891646777,6.2958065214266155,10,6,6
MIT,set3_features,RF,hybrid,15.174202826615765,14.782937057319183,2.3664442330848394,6.130991041056875,10,6,6
MIT,set3_features,RF,random_selection,15.168955827883007,13.72444956146768,3.277833325250581,6.128871041568891,10,6,6
MIT,set4_features_metadata,AE_ENet,coverage,13.21133221210081,13.13226232543498,2.2750764211945342,5.3379120048892155,10,6,6
MIT,set4_features_metadata,AE_ENet,diversity_iterative,13.838871985952741,13.06032972433114,2.462270144524804,5.591463428667773,10,6,6
MIT,set4_features_metadata,AE_ENet,diversity_oneshot,13.571636237542526,13.306310081692995,2.1090505735173157,5.4834893889060705,10,6,6
MIT,set4_features_metadata,AE_ENet,exploitation,14.215924776991397,15.14640898252705,2.7515574856017415,5.743807990703594,10,6,6
MIT,set4_features_metadata,AE_ENet,exploration,13.313118843679955,13.331558228834558,2.422191879547549,5.3790379166383655,10,6,6
MIT,set4_features_metadata,AE_ENet,hybrid,13.238036362434688,12.794203681008394,2.3883881247931895,5.34870156057967,10,6,6
MIT,set4_features_metadata,AE_ENet,random_selection,14.323948582800208,15.096408477464735,2.87223653226955,5.787453972848568,10,6,6
MIT,set4_features_metadata,GPR,coverage,13.718950185110657,12.851280471717123,2.866484786779141,5.543010175802285,10,6,6
MIT,set4_features_metadata,GPR,diversity_iterative,14.36078826556411,13.119179984602248,3.561411059758994,5.802338693157216,10,6,6
MIT,set4_features_metadata,GPR,diversity_oneshot,14.216007450132576,13.15959215069718,2.981016302434934,5.74384139399296,10,6,6
MIT,set4_features_metadata,GPR,exploitation,16.86555333459046,14.240131500215433,5.927226423585735,6.814364983672911,10,6,6
MIT,set4_features_metadata,GPR,exploration,13.81668861930776,13.172546222612812,3.2572695453445153,5.582500452245559,10,6,6
MIT,set4_features_metadata,GPR,hybrid,13.571367664819665,12.419466574689102,3.408268274839373,5.483380874674611,10,6,6
MIT,set4_features_metadata,GPR,random_selection,14.923359000960545,13.680701542662288,3.404546062266159,6.029640000388098,10,6,6
MIT,set4_features_metadata,RF,coverage,14.980109144909425,14.592831137796914,3.4601844008889615,6.052569351478555,10,6,6
MIT,set4_features_metadata,RF,diversity_iterative,14.39313518437155,13.5641551848903,3.871017012623041,5.815408155301636,10,6,6
MIT,set4_features_metadata,RF,diversity_oneshot,14.934154590063622,14.312821155560037,3.05677165702049,6.0340018545711605,10,6,6
MIT,set4_features_metadata,RF,exploitation,15.257833462032277,14.29812580525304,3.3925581405442973,6.164781196780717,10,6,6
MIT,set4_features_metadata,RF,exploration,15.04889059288666,14.511450649425914,3.1142171255140814,6.080359835509761,10,6,6
MIT,set4_features_metadata,RF,hybrid,14.222508041902682,14.523685958238433,2.4236160331760424,5.746467895718254,10,6,6
MIT,set4_features_metadata,RF,random_selection,14.71304046115423,13.641894846070077,3.308955837298397,5.944662812587568,10,6,6
MIT,set5_features_metadata_corr95,AE_ENet,coverage,13.317860533656482,13.110114214067924,2.133922646861718,5.380953750972316,10,6,6
MIT,set5_features_metadata_corr95,AE_ENet,diversity_iterative,14.114607530264962,13.67737382085664,2.777431105180186,5.702871729399984,10,6,6
MIT,set5_features_metadata_corr95,AE_ENet,diversity_oneshot,14.013044050350217,14.50329913353417,2.2349320808493403,5.661835979939481,10,6,6
MIT,set5_features_metadata_corr95,AE_ENet,exploitation,14.553163137739322,14.476371145077474,3.5273807465079607,5.880065914238108,10,6,6
MIT,set5_features_metadata_corr95,AE_ENet,exploration,13.68957303774782,13.392747239922073,2.315045391137827,5.531140621312249,10,6,6
MIT,set5_features_metadata_corr95,AE_ENet,hybrid,12.988426602890907,12.614977150347592,2.649085576836028,5.247849132481173,10,6,6
MIT,set5_features_metadata_corr95,AE_ENet,random_selection,14.378868725175408,14.806554154887817,2.92986436958802,5.8096439293638005,10,6,6
MIT,set5_features_metadata_corr95,GPR,coverage,13.975151518185399,13.076897228439865,2.463620950820573,5.646525865933494,10,6,6
MIT,set5_features_metadata_corr95,GPR,diversity_iterative,14.576400760328472,12.865301221681648,3.4185921699547785,5.889454852657967,10,6,6
MIT,set5_features_metadata_corr95,GPR,diversity_oneshot,14.131831736669392,13.353455041127756,2.7592202770068037,5.709831004714905,10,6,6
MIT,set5_features_metadata_corr95,GPR,exploitation,15.93715233919536,13.838877929577901,5.852231360316982,6.439253470381962,10,6,6
MIT,set5_features_metadata_corr95,GPR,exploration,13.449340229103456,12.535072548369882,3.179726721073858,5.434076860243819,10,6,6
MIT,set5_features_metadata_corr95,GPR,hybrid,13.49567463180881,12.768139966066492,2.9369094452042455,5.4527978310338625,10,6,6
MIT,set5_features_metadata_corr95,GPR,random_selection,15.006446971328586,14.338298061538875,3.173677710676329,6.063210897506498,10,6,6
MIT,set5_features_metadata_corr95,RF,coverage,14.657705803661509,14.302779161829442,3.135979710957162,5.92230537521677,10,6,6
MIT,set5_features_metadata_corr95,RF,diversity_iterative,14.818648442785996,14.081560062383241,3.488865166681661,5.987332704155958,10,6,6
MIT,set5_features_metadata_corr95,RF,diversity_oneshot,14.974855535663371,14.127109445720187,2.788458590828957,6.050446681076108,10,6,6
MIT,set5_features_metadata_corr95,RF,exploitation,14.840576557260807,14.369746605745293,2.9838833559707894,5.996192548388203,10,6,6
MIT,set5_features_metadata_corr95,RF,exploration,14.324260965951925,13.50640178361083,3.2424251030419704,5.787580188263403,10,6,6
MIT,set5_features_metadata_corr95,RF,hybrid,14.074146348922664,13.36166890227849,2.2553372150145896,5.686523777342489,10,6,6
MIT,set5_features_metadata_corr95,RF,random_selection,14.60969487637033,13.424815121660602,3.506577786111205,5.902907020755688,10,6,6
TRI_Tesla,set1_dQn_m,AE_ENet,coverage,26.69885006060907,26.43750468236616,6.339931433768771,11.977054232796592,10,7,7
TRI_Tesla,set1_dQn_m,AE_ENet,diversity_iterative,32.78448663193076,32.041847073710095,9.14364800709583,14.707059423669872,10,7,7
TRI_Tesla,set1_dQn_m,AE_ENet,diversity_oneshot,26.784601091315732,26.111535408367125,7.812130868680665,12.0155219848893,10,7,7
TRI_Tesla,set1_dQn_m,AE_ENet,exploitation,28.347943117500996,27.820827683855157,5.598275207846358,12.716834295701378,10,7,7
TRI_Tesla,set1_dQn_m,AE_ENet,exploration,28.83372586960262,28.877614165021527,8.616333925627865,12.934755530289024,10,7,7
TRI_Tesla,set1_dQn_m,AE_ENet,hybrid,27.521198771795433,27.39219214236452,8.184129559091945,12.3459583275344,10,7,7
TRI_Tesla,set1_dQn_m,AE_ENet,random_selection,27.781480214104544,28.374561504592023,7.314606428998921,12.462720096046898,10,7,7
TRI_Tesla,set1_dQn_m,GPR,coverage,25.490087727306296,25.581881133432407,5.913387743030076,11.434805709445815,10,7,7
TRI_Tesla,set1_dQn_m,GPR,diversity_iterative,27.551235792749004,28.011204548345027,5.946403106835715,12.359432878990205,10,7,7
TRI_Tesla,set1_dQn_m,GPR,diversity_oneshot,25.581130225730874,25.214666060897606,6.554854511374034,11.475647204066185,10,7,7
TRI_Tesla,set1_dQn_m,GPR,exploitation,32.94301891152392,25.97337591031492,14.81227278998807,14.778176707973344,10,7,7
TRI_Tesla,set1_dQn_m,GPR,exploration,26.275161613498227,26.54755625232133,6.725568881212757,11.786988387363689,10,7,7
TRI_Tesla,set1_dQn_m,GPR,hybrid,26.037102504698986,26.986380294846867,6.8702946855712534,11.680195516126647,10,7,7
TRI_Tesla,set1_dQn_m,GPR,random_selection,23.601005693642197,24.400015539075714,3.355052287816797,10.587367040138554,10,7,7
TRI_Tesla,set1_dQn_m,RF,coverage,30.432067396944824,33.491106117130855,8.792517703265705,13.65176855190048,10,7,7
TRI_Tesla,set1_dQn_m,RF,diversity_iterative,31.071308935319063,31.826554195880618,7.744439204014714,13.938531111171168,10,7,7
TRI_Tesla,set1_dQn_m,RF,diversity_oneshot,29.546914672715115,30.388158458754365,8.199137531088413,13.254690694302104,10,7,7
TRI_Tesla,set1_dQn_m,RF,exploitation,33.475669325655986,30.53725345633168,9.186125465049447,15.017122688144742,10,7,7
TRI_Tesla,set1_dQn_m,RF,exploration,33.175305758972904,32.69546333628412,7.990584485624677,14.882380153557936,10,7,7
TRI_Tesla,set1_dQn_m,RF,hybrid,30.022150036071075,29.629043893566397,8.3304808111215,13.467880390013192,10,7,7
TRI_Tesla,set1_dQn_m,RF,random_selection,27.989287564272303,28.326361596311756,5.692741739967646,12.555942084907198,10,7,7
TRI_Tesla,set2_early_soh,AE_ENet,coverage,37.37753970692053,36.09949989383161,13.368586295763759,16.767494447964346,10,7,7
TRI_Tesla,set2_early_soh,AE_ENet,diversity_iterative,39.39104685709072,38.01686021985363,16.1235564294234,17.670749991965927,10,7,7
TRI_Tesla,set2_early_soh,AE_ENet,diversity_oneshot,38.63032300482025,37.543177707095296,14.739224573718927,17.329490693751133,10,7,7
TRI_Tesla,set2_early_soh,AE_ENet,exploitation,35.63729351445009,32.851348476350914,12.10506328653984,15.986823258818731,10,7,7
TRI_Tesla,set2_early_soh,AE_ENet,exploration,39.42628724799908,37.81096979876288,13.292253350708874,17.686558765457526,10,7,7
TRI_Tesla,set2_early_soh,AE_ENet,hybrid,38.08105179086133,39.04230964199279,13.15331621095485,17.08308865384433,10,7,7
TRI_Tesla,set2_early_soh,AE_ENet,random_selection,37.267738384990146,40.234410772534616,12.315393747069653,16.71823778018249,10,7,7
TRI_Tesla,set2_early_soh,GPR,coverage,31.234099783961653,30.60268272694325,9.481077385875416,14.011558781590272,10,7,7
TRI_Tesla,set2_early_soh,GPR,diversity_iterative,29.375330236012736,27.345420593719496,9.057216860375092,13.17771823671599,10,7,7
TRI_Tesla,set2_early_soh,GPR,diversity_oneshot,31.592575046831648,29.686313829061298,10.847741657579983,14.172370114466535,10,7,7
TRI_Tesla,set2_early_soh,GPR,exploitation,34.21773285630282,30.62464577253373,9.94853461745504,15.350011000958272,10,7,7
TRI_Tesla,set2_early_soh,GPR,exploration,31.85728135246357,32.11540346419112,9.689052610562019,14.291116868394871,10,7,7
TRI_Tesla,set2_early_soh,GPR,hybrid,30.674062548390157,30.08439880835331,10.873166104374635,13.760327124511468,10,7,7
TRI_Tesla,set2_early_soh,GPR,random_selection,34.36883019982897,38.843881222870706,10.78032759796781,15.417792986839164,10,7,7
TRI_Tesla,set2_early_soh,RF,coverage,34.3127719099967,34.54161979540491,10.58507797649353,15.392645342802254,10,7,7
TRI_Tesla,set2_early_soh,RF,diversity_iterative,33.09447917394103,32.37436305729436,9.182748491974767,14.846121498590367,10,7,7
TRI_Tesla,set2_early_soh,RF,diversity_oneshot,36.80307162652774,36.40500861749972,9.71098533327128,16.509789140872257,10,7,7
TRI_Tesla,set2_early_soh,RF,exploitation,32.23973386535713,31.58123102696469,6.908422760365477,14.46268435081441,10,7,7
TRI_Tesla,set2_early_soh,RF,exploration,33.130442481980324,32.20809750763523,9.197811016248318,14.862254571355658,10,7,7
TRI_Tesla,set2_early_soh,RF,hybrid,32.691499201369545,32.11795716147466,10.586750552680899,14.665345436128394,10,7,7
TRI_Tesla,set2_early_soh,RF,random_selection,33.553665613755996,34.62640942341089,7.650587339438208,15.052111677198951,10,7,7
TRI_Tesla,set3_features,AE_ENet,coverage,23.72121135386118,24.384803683492812,4.140288517820762,10.641291074629311,10,7,7
TRI_Tesla,set3_features,AE_ENet,diversity_iterative,25.42143798245345,25.84643678560863,3.661746800027398,11.404009562222107,10,7,7
TRI_Tesla,set3_features,AE_ENet,diversity_oneshot,24.712484509076813,24.633608182015813,5.229327103220113,11.085974359212027,10,7,7
TRI_Tesla,set3_features,AE_ENet,exploitation,24.021908355274046,24.663548003433007,2.796225228329788,10.776183187412656,10,7,7
TRI_Tesla,set3_features,AE_ENet,exploration,25.109275958800584,26.680178064910784,4.755601290646481,11.26397426189185,10,7,7
TRI_Tesla,set3_features,AE_ENet,hybrid,24.397497946819325,25.25813087250806,4.9591297142998245,10.944671976143246,10,7,7
TRI_Tesla,set3_features,AE_ENet,random_selection,24.937250360779945,25.264358773913074,3.604540438105806,11.186803900162964,10,7,7
TRI_Tesla,set3_features,GPR,coverage,24.279147822402933,24.197374921445217,3.7691482150835514,10.891580331545239,10,7,7
TRI_Tesla,set3_features,GPR,diversity_iterative,26.099243229925285,24.970896699068266,3.9142654638784924,11.708071729312277,10,7,7
TRI_Tesla,set3_features,GPR,diversity_oneshot,25.84272804776727,24.091585772894888,5.487195719603799,11.59299949806382,10,7,7
TRI_Tesla,set3_features,GPR,exploitation,44.369681673783866,30.049771942759836,34.75145849768986,19.904156264875006,10,7,7
TRI_Tesla,set3_features,GPR,exploration,25.08074720342494,25.520768711676702,4.666123487058449,11.251176315555114,10,7,7
TRI_Tesla,set3_features,GPR,hybrid,24.29394220044225,24.15856629397871,4.567458126084501,10.898217061880633,10,7,7
TRI_Tesla,set3_features,GPR,random_selection,27.421685389507605,28.582001950506474,4.5829180092074955,12.301316810246401,10,7,7
TRI_Tesla,set3_features,RF,coverage,28.275988002139677,30.20939629867454,6.273879872711514,12.684555365445835,10,7,7
TRI_Tesla,set3_features,RF,diversity_iterative,27.630030198542805,28.57840050600656,5.582901032960992,12.394779902150042,10,7,7
TRI_Tesla,set3_features,RF,diversity_oneshot,28.23739659281403,29.47286993746437,5.879238646235848,12.667243331355825,10,7,7
TRI_Tesla,set3_features,RF,exploitation,33.53217744600187,31.4250050938413,8.638200573129108,15.042472125309246,10,7,7
TRI_Tesla,set3_features,RF,exploration,31.482270845743585,29.65387652083827,8.295271677944553,14.122887856034504,10,7,7
TRI_Tesla,set3_features,RF,hybrid,28.557472216033524,29.34348140337991,6.7982895402548245,12.810828657659897,10,7,7
TRI_Tesla,set3_features,RF,random_selection,28.10339043841787,29.64210116224332,5.554287481962113,12.6071284209725,10,7,7
TRI_Tesla,set4_features_metadata,AE_ENet,coverage,19.300515551143565,19.38391371979963,3.2758856983722975,8.658175200512998,10,7,7
TRI_Tesla,set4_features_metadata,AE_ENet,diversity_iterative,22.104807374648836,22.57966092614701,3.045794497070239,9.916175270870506,10,7,7
TRI_Tesla,set4_features_metadata,AE_ENet,diversity_oneshot,19.45246897884192,20.064554352986256,1.524689442814989,8.726341224153384,10,7,7
TRI_Tesla,set4_features_metadata,AE_ENet,exploitation,24.238619341702986,23.819896638175564,2.9381112606104223,10.873399330857414,10,7,7
TRI_Tesla,set4_features_metadata,AE_ENet,exploration,20.472521591277946,20.26170901358759,4.115319601361465,9.183934919451788,10,7,7
TRI_Tesla,set4_features_metadata,AE_ENet,hybrid,17.973776183578366,17.885171119944037,2.019860644704887,8.06300240010992,10,7,7
TRI_Tesla,set4_features_metadata,AE_ENet,random_selection,20.76852646928422,20.997748810424824,1.9631916759812498,9.316722154445257,10,7,7
TRI_Tesla,set4_features_metadata,GPR,coverage,20.36817951699089,19.71948646930332,2.5076226979663314,9.137127259958529,10,7,7
TRI_Tesla,set4_features_metadata,GPR,diversity_iterative,25.612271495016522,24.68125540521044,3.7862672958778707,11.489617119259744,10,7,7
TRI_Tesla,set4_features_metadata,GPR,diversity_oneshot,20.49143560070325,19.954749956856862,2.000187575965224,9.192419708726693,10,7,7
TRI_Tesla,set4_features_metadata,GPR,exploitation,37.984439602077394,26.23573185654688,30.00808732394,17.039748606539387,10,7,7
TRI_Tesla,set4_features_metadata,GPR,exploration,21.005577376233216,20.94887746766584,2.2795615181306035,9.423062748216768,10,7,7
TRI_Tesla,set4_features_metadata,GPR,hybrid,19.542294304896092,19.274295069614517,2.6078442959343398,8.766636697523479,10,7,7
TRI_Tesla,set4_features_metadata,GPR,random_selection,25.76478332380402,24.884402281428056,5.907160128998305,11.558033640584979,10,7,7
TRI_Tesla,set4_features_metadata,RF,coverage,29.038351700258357,30.038081954272073,7.40728237983099,13.026550295442998,10,7,7
TRI_Tesla,set4_features_metadata,RF,diversity_iterative,30.465718012789647,27.05109287506805,8.291216327141967,13.666864155270122,10,7,7
TRI_Tesla,set4_features_metadata,RF,diversity_oneshot,27.360343870172876,26.58064992160935,5.746375177150048,12.273799119329885,10,7,7
TRI_Tesla,set4_features_metadata,RF,exploitation,27.834534798848686,27.77251845911492,5.068267934080982,12.486520283595672,10,7,7
TRI_Tesla,set4_features_metadata,RF,exploration,33.03715435141352,30.69476207503726,9.757438697507766,14.820405690353727,10,7,7
TRI_Tesla,set4_features_metadata,RF,hybrid,28.235950989920365,27.032588938141913,7.748274646052708,12.666594836599788,10,7,7
TRI_Tesla,set4_features_metadata,RF,random_selection,27.61331320718394,29.314088589721003,5.436487874335849,12.387280691073167,10,7,7
TRI_Tesla,set5_features_metadata_corr95,AE_ENet,coverage,20.060551802386982,19.981125259981447,3.1070600917084743,8.999126042192291,10,7,7
TRI_Tesla,set5_features_metadata_corr95,AE_ENet,diversity_iterative,21.725245100271025,22.014590225426474,2.3621670031760433,9.745904344046814,10,7,7
TRI_Tesla,set5_features_metadata_corr95,AE_ENet,diversity_oneshot,19.2876222509557,19.682115464520294,1.7406665883928802,8.652391290148351,10,7,7
TRI_Tesla,set5_features_metadata_corr95,AE_ENet,exploitation,22.767574891553828,22.918002821448844,2.4041399134353547,10.213491540136296,10,7,7
TRI_Tesla,set5_features_metadata_corr95,AE_ENet,exploration,21.52574913375285,20.74079498759933,4.376091785043625,9.656410826356417,10,7,7
TRI_Tesla,set5_features_metadata_corr95,AE_ENet,hybrid,19.209725632802048,18.9434688339875,1.9157118048402926,8.617447012845776,10,7,7
TRI_Tesla,set5_features_metadata_corr95,AE_ENet,random_selection,21.006124565326967,21.481937931145346,2.122420417748665,9.423308216221443,10,7,7
TRI_Tesla,set5_features_metadata_corr95,GPR,coverage,19.59730776773009,19.295852964730372,2.28563842403913,8.791315634121908,10,7,7
TRI_Tesla,set5_features_metadata_corr95,GPR,diversity_iterative,25.16511006182953,24.42425877470738,5.381326859209221,11.289021336147822,10,7,7
TRI_Tesla,set5_features_metadata_corr95,GPR,diversity_oneshot,18.75182336347721,18.773310817835522,2.966079782170436,8.412032910718747,10,7,7
TRI_Tesla,set5_features_metadata_corr95,GPR,exploitation,30.74487361167106,25.340931502859224,14.69770313360325,13.79209283514216,10,7,7
TRI_Tesla,set5_features_metadata_corr95,GPR,exploration,19.62867763629892,18.72092293332573,2.370893834623064,8.805388098526617,10,7,7
TRI_Tesla,set5_features_metadata_corr95,GPR,hybrid,18.245841236887966,18.022137221119216,2.421710863105928,8.185050274491797,10,7,7
TRI_Tesla,set5_features_metadata_corr95,GPR,random_selection,22.41403593528665,21.05055826643497,4.436457821503153,10.054894625175319,10,7,7
TRI_Tesla,set5_features_metadata_corr95,RF,coverage,28.817164095255613,29.24433935224738,7.575389594916608,12.927325949273543,10,7,7
TRI_Tesla,set5_features_metadata_corr95,RF,diversity_iterative,31.278749239682618,29.393384533996645,8.332755690054938,14.03158844396977,10,7,7
TRI_Tesla,set5_features_metadata_corr95,RF,diversity_oneshot,27.47860321074345,27.933676091335304,6.655444866061032,12.326850038464348,10,7,7
TRI_Tesla,set5_features_metadata_corr95,RF,exploitation,29.8198538280292,30.15897235013615,5.23095571116392,13.37713068920936,10,7,7
TRI_Tesla,set5_features_metadata_corr95,RF,exploration,32.2210535427186,30.448684164484213,9.965130982032935,14.454304392995258,10,7,7
TRI_Tesla,set5_features_metadata_corr95,RF,hybrid,28.177048063202886,27.636482856056077,7.435256585184908,12.640171093773258,10,7,7
TRI_Tesla,set5_features_metadata_corr95,RF,random_selection,27.51143164587637,28.36051571025671,5.871851652375641,12.341576813103417,10,7,7
