dataset,feature_set,model,acquisition,mean_relative_improvement_pct,median_relative_improvement_pct,q25_relative_improvement_pct,q75_relative_improvement_pct,mean_delta_alc_mape,median_delta_alc_mape,mean_absolute_alc_mape,mean_baseline_alc_mape,n_trials
Formation,set1_dQn_m,AE_ENet,coverage,-3.667022975363996,-3.496459003192574,-7.965216984256667,-0.838274726388403,-0.42906985410766013,-0.46984688722755674,12.539357198010666,12.110287343903007,10
Formation,set1_dQn_m,AE_ENet,diversity_iterative,5.513252565182646,9.776794368428309,-1.7566676496813995,13.85502304557113,0.6956210554074124,1.192724514958548,11.414666288495594,12.110287343903007,10
Formation,set1_dQn_m,AE_ENet,diversity_oneshot,-0.6659243783967743,-0.7055193292634778,-4.154810889351709,2.4223070938256193,-0.103714781287694,-0.08831563953135824,12.2140021251907,12.110287343903007,10
Formation,set1_dQn_m,AE_ENet,exploitation,-5.291171187660108,-7.066731124122061,-10.424947014193409,2.1108374349839347,-0.6692576958739653,-0.8074677111249118,12.779545039776973,12.110287343903007,10
Formation,set1_dQn_m,AE_ENet,exploration,-6.283466962492458,-4.54256448316999,-7.6139048757704355,0.8419796334947302,-0.7438896879731814,-0.5051879361241527,12.854177031876187,12.110287343903007,10
Formation,set1_dQn_m,AE_ENet,hybrid,-5.516072739197687,-5.546201080661741,-9.053708672312109,-0.9898828883081034,-0.6663392305237773,-0.6906224695919692,12.776626574426784,12.110287343903007,10
Formation,set1_dQn_m,AE_ENet,random_selection,0.0,0.0,0.0,0.0,0.0,0.0,12.110287343903007,12.110287343903007,10
Formation,set1_dQn_m,GPR,coverage,3.0885777876626066,6.298145183111947,-2.938320268946354,8.043738351602869,0.46909399697001375,0.7448843036858257,13.3341629371822,13.803256934152213,10
Formation,set1_dQn_m,GPR,diversity_iterative,7.819351000361111,7.456861701368776,-1.2690122732767573,12.127821328933004,1.0902530539057427,0.9831024201666168,12.713003880246472,13.803256934152213,10
Formation,set1_dQn_m,GPR,diversity_oneshot,5.096742017639007,4.902588357803304,2.170850525897918,9.042163535135513,0.701628693490942,0.7816414930578031,13.101628240661274,13.803256934152213,10
Formation,set1_dQn_m,GPR,exploitation,-2.7423903271226813,-2.3860915633043565,-6.047253594409764,1.1168948108281098,-0.3485784907306618,-0.35940718700272445,14.151835424882876,13.803256934152213,10
Formation,set1_dQn_m,GPR,exploration,6.07554789729425,7.290088791154337,-1.769179815645927,13.549584801406697,0.8819471281211604,0.8606621547275344,12.921309806031053,13.803256934152213,10
Formation,set1_dQn_m,GPR,hybrid,1.246627161852301,1.6952063267867046,-4.409551154163721,6.210007051762123,0.22879226576552725,0.2079433349264317,13.574464668386687,13.803256934152213,10
Formation,set1_dQn_m,GPR,random_selection,0.0,0.0,0.0,0.0,0.0,0.0,13.803256934152213,13.803256934152213,10
Formation,set1_dQn_m,RF,coverage,2.3007479867831244,0.3648625439036455,-4.113804643328576,6.718161060427714,0.4131884521586956,0.12163836759770064,14.318651159046084,14.73183961120478,10
Formation,set1_dQn_m,RF,diversity_iterative,3.965420730523937,2.8951105811195785,0.7258192149975499,9.21960277818078,0.7313849380832474,0.4187810016732749,14.00045467312153,14.73183961120478,10
Formation,set1_dQn_m,RF,diversity_oneshot,2.3035002610882036,1.1669264237979164,-0.4068745552222685,3.0231442562089574,0.4031937820367496,0.16608428092404193,14.32864582916803,14.73183961120478,10
Formation,set1_dQn_m,RF,exploitation,-1.0184398088779443,-3.596461713089698,-10.616320163322763,5.451494632776686,-0.08684267510961963,-0.43295717785278587,14.818682286314399,14.73183961120478,10
Formation,set1_dQn_m,RF,exploration,-1.7020100542503225,-3.4465856168660265,-7.805215984400116,5.9802307094198,-0.26950632853660944,-0.41134513189927446,15.001345939741388,14.73183961120478,10
Formation,set1_dQn_m,RF,hybrid,2.358418942763676,2.6052572874644913,-3.6668030258784468,6.949073582117563,0.41921540423067116,0.4280999409805437,14.312624206974107,14.73183961120478,10
Formation,set1_dQn_m,RF,random_selection,0.0,0.0,0.0,0.0,0.0,0.0,14.73183961120478,14.73183961120478,10
Formation,set2_early_soh,AE_ENet,coverage,-1.762243363862143,-1.5577824642803733,-5.036962007548844,4.501752428820966,-0.42368822919661503,-0.32738175986883,19.20127183276721,18.777583603570594,10
Formation,set2_early_soh,AE_ENet,diversity_iterative,-11.16497057941398,-12.624061222033486,-18.247007716975155,-2.085035519661995,-2.1287323237476414,-2.0685895610440497,20.906315927318236,18.777583603570594,10
Formation,set2_early_soh,AE_ENet,diversity_oneshot,-2.290685368610478,-0.12970306716095137,-9.565331840586706,4.114518335618174,-0.4633232890605871,-0.04391374514756485,19.24090689263118,18.777583603570594,10
Formation,set2_early_soh,AE_ENet,exploitation,-1.8027813456694957,-0.0347565629895874,-10.330959497356561,4.746181875521655,-0.30438557140128725,-0.004171393254457811,19.08196917497188,18.777583603570594,10
Formation,set2_early_soh,AE_ENet,exploration,8.030062933621512,7.47491384091045,4.11359625742336,14.110633987815635,1.407928251766633,1.3920076651237103,17.36965535180396,18.777583603570594,10
Formation,set2_early_soh,AE_ENet,hybrid,2.716599384849702,4.615208563774879,-1.094589444496703,6.467807663310429,0.47826856972935783,0.8775494840690534,18.299315033841236,18.777583603570594,10
Formation,set2_early_soh,AE_ENet,random_selection,0.0,0.0,0.0,0.0,0.0,0.0,18.777583603570594,18.777583603570594,10
Formation,set2_early_soh,GPR,coverage,1.7657324199213176,2.338268411682805,-1.7811004281093856,6.490146168184512,0.32828541764235447,0.4286241997787883,19.48815071079192,19.816436128434276,10
Formation,set2_early_soh,GPR,diversity_iterative,-1.5412251293863666,-3.2860736922719096,-6.626754737415711,-1.2828801914249304,-0.3262602154233857,-0.6677773067776975,20.142696343857658,19.816436128434276,10
Formation,set2_early_soh,GPR,diversity_oneshot,1.6048135466698539,1.784465784025154,-0.9777359937783885,3.8637581130722,0.23079808810572794,0.3278318183426787,19.585638040328547,19.816436128434276,10
Formation,set2_early_soh,GPR,exploitation,-3.353531401413176,-2.6296916320818795,-9.338146668435364,3.0050280368607467,-0.5441608714067098,-0.4846164850394512,20.360596999840986,19.816436128434276,10
Formation,set2_early_soh,GPR,exploration,8.084344677711178,10.546016774750278,-0.3229373659876542,14.459917412356727,1.553228827823757,1.9370414940562188,18.263207300610517,19.816436128434276,10
Formation,set2_early_soh,GPR,hybrid,4.9583804779722325,5.862840315876857,2.3621745617568584,9.735018515336716,1.0041790233720307,1.1445753407328567,18.812257105062244,19.816436128434276,10
Formation,set2_early_soh,GPR,random_selection,0.0,0.0,0.0,0.0,0.0,0.0,19.816436128434276,19.816436128434276,10
Formation,set2_early_soh,RF,coverage,2.224517402081648,3.0581535151668877,-3.274025878680961,9.614786987022805,0.3984844607699497,0.5373383434503758,19.84859291244168,20.24707737321163,10
Formation,set2_early_soh,RF,diversity_iterative,-2.1645385578626986,-5.660133057671415,-6.224809366404686,-1.1615028693296592,-0.3474511165760806,-1.0511237377675773,20.594528489787713,20.24707737321163,10
Formation,set2_early_soh,RF,diversity_oneshot,1.4672595232869392,1.5925747614046837,-1.7991450131104494,5.069881374480051,0.3942640476908196,0.36575860359201684,19.852813325520813,20.24707737321163,10
Formation,set2_early_soh,RF,exploitation,4.622222848604891,5.37886755753258,0.23040848396801403,12.584119331118417,1.0577460274328958,1.025022135523459,19.189331345778736,20.24707737321163,10
Formation,set2_early_soh,RF,exploration,-0.8859173503177656,3.31112306419941,-7.0047148849865515,3.895087978684084,-0.04140505230401885,0.6720996050695458,20.288482425515653,20.24707737321163,10
Formation,set2_early_soh,RF,hybrid,1.4738054215869245,2.361024987512444,-2.5291070145074355,4.917836976343002,0.3210201829393,0.41854798606182797,19.926057190272335,20.24707737321163,10
Formation,set2_early_soh,RF,random_selection,0.0,0.0,0.0,0.0,0.0,0.0,20.24707737321163,20.24707737321163,10
Formation,set3_features,AE_ENet,coverage,-3.8072492599785503,-3.234144110310083,-6.676779606790859,0.8615605069520283,-0.3791196581465369,-0.3686715299205119,11.559057750427046,11.179938092280508,10
Formation,set3_features,AE_ENet,diversity_iterative,-2.867161675427039,2.157255870130926,-5.967252154101887,8.916565921856119,-0.22804185668295282,0.2679071211140327,11.407979948963462,11.179938092280508,10
Formation,set3_features,AE_ENet,diversity_oneshot,0.5420073526842707,3.039577544620303,-7.408711433279967,5.4929255864982025,0.15294836320193692,0.3480621120404672,11.02698972907857,11.179938092280508,10
Formation,set3_features,AE_ENet,exploitation,-0.8620612230953062,0.6598388584658696,-6.9592873912396325,7.281901795468161,-0.008249588724273949,0.10202511162462802,11.188187681004782,11.179938092280508,10
Formation,set3_features,AE_ENet,exploration,-3.9762374588476193,-1.4622607237579945,-9.918557301121695,-0.6322801410618525,-0.42256508616743405,-0.1579217811741227,11.602503178447943,11.179938092280508,10
Formation,set3_features,AE_ENet,hybrid,0.6217428984382263,-1.5807005512292154,-3.9620666272590443,8.208938035198038,0.09171959844687425,-0.19401258649286923,11.088218493833633,11.179938092280508,10
Formation,set3_features,AE_ENet,random_selection,0.0,0.0,0.0,0.0,0.0,0.0,11.179938092280508,11.179938092280508,10
Formation,set3_features,GPR,coverage,-3.719830460436346,-4.825021770977022,-8.52654880533753,3.3092306034163794,-0.39487603456471004,-0.5260003561904654,11.87831235414937,11.48343631958466,10
Formation,set3_features,GPR,diversity_iterative,-0.747088891353809,2.484708404007379,-1.2549531779943623,12.08145607251444,0.001549514260059759,0.2980270537613574,11.481886805324601,11.48343631958466,10
Formation,set3_features,GPR,diversity_oneshot,3.2990568807789664,3.846644569142371,0.832405993258503,7.578706922601354,0.4106391571620932,0.4096661109417514,11.072797162422567,11.48343631958466,10
Formation,set3_features,GPR,exploitation,-3.611940726847635,-8.628168910395603,-10.565318316291137,6.853126578422788,-0.3676882892221654,-0.9376733474622094,11.851124608806826,11.48343631958466,10
Formation,set3_features,GPR,exploration,-6.163808142915408,-8.418254988848778,-12.221818178131779,-0.22239731705533128,-0.6808753659948035,-0.9205398962821425,12.164311685579463,11.48343631958466,10
Formation,set3_features,GPR,hybrid,-2.9928303504010474,-1.8339931807224394,-6.492114819289495,3.0197302513962856,-0.3274728133071628,-0.23960302733872307,11.810909132891823,11.48343631958466,10
Formation,set3_features,GPR,random_selection,0.0,0.0,0.0,0.0,0.0,0.0,11.48343631958466,11.48343631958466,10
Formation,set3_features,RF,coverage,-13.878713113554724,-20.163029310850114,-27.39715806301195,-3.149973957343599,-1.3046613893507597,-2.232254262709078,13.718230391669323,12.413569002318564,10
Formation,set3_features,RF,diversity_iterative,-9.612210069171468,-14.289767828408282,-20.013037283901806,5.989318213087239,-0.8399861741507673,-1.7831338733843562,13.25355517646933,12.413569002318564,10
Formation,set3_features,RF,diversity_oneshot,-9.413879700459958,-16.49698587600571,-21.887895882135027,3.613054487568766,-0.7948739119521253,-1.5848773971758394,13.208442914270687,12.413569002318564,10
Formation,set3_features,RF,exploitation,-1.6479124383336434,0.034890491287678294,-7.230709115402749,7.244118116321129,0.16271836718178462,-0.014908777262050421,12.250850635136779,12.413569002318564,10
Formation,set3_features,RF,exploration,0.16311868576701788,-0.1230107743370128,-8.891750682767551,5.439856415667269,0.30683746861245,-0.04942182087849911,12.106731533706114,12.413569002318564,10
Formation,set3_features,RF,hybrid,-3.0676519425966635,-2.102028718099498,-16.329028233475878,7.310139263908055,0.00457792981733256,-0.23888792478476972,12.408991072501232,12.413569002318564,10
Formation,set3_features,RF,random_selection,0.0,0.0,0.0,0.0,0.0,0.0,12.413569002318564,12.413569002318564,10
Formation,set4_features_metadata,AE_ENet,coverage,-2.449965036084979,-1.2298404186506278,-11.92022950506729,6.40677398203259,-0.20437276867186202,-0.13443982180082958,11.891771066536089,11.687398297864226,10
Formation,set4_features_metadata,AE_ENet,diversity_iterative,-3.4896780908625376,-1.5664272181099166,-16.76787555228011,13.819121504161043,-0.18962969213038453,-0.16681119415416035,11.87702798999461,11.687398297864226,10
Formation,set4_features_metadata,AE_ENet,diversity_oneshot,3.7659435350506585,3.700256769194276,-1.0546197423600594,13.025394165597278,0.5330844424757544,0.3961154959240156,11.154313855388471,11.687398297864226,10
Formation,set4_features_metadata,AE_ENet,exploitation,-6.58254699828756,-11.964340420748286,-15.33519906786343,-1.730477493315625,-0.65524758380816,-1.3617758647884495,12.342645881672386,11.687398297864226,10
Formation,set4_features_metadata,AE_ENet,exploration,-1.500238369105145,1.1895063203243743,-13.34171225089026,10.335488097815132,-0.07693925641169042,0.11752495925609274,11.764337554275917,11.687398297864226,10
Formation,set4_features_metadata,AE_ENet,hybrid,1.0802923394633246,1.2639141664903577,-5.227492665913706,8.221959721886076,0.16617856422105887,0.14149888974166025,11.521219733643168,11.687398297864226,10
Formation,set4_features_metadata,AE_ENet,random_selection,0.0,0.0,0.0,0.0,0.0,0.0,11.687398297864226,11.687398297864226,10
Formation,set4_features_metadata,GPR,coverage,-4.370995677341953,-1.766226326209792,-11.008781476099166,4.88981806866093,-0.5041984377869438,-0.1993430812621746,12.106193483904255,11.601995046117311,10
Formation,set4_features_metadata,GPR,diversity_iterative,-1.9513131418578724,0.8531518312268297,-11.21713370420124,4.78805199254254,-0.13890562109070254,0.09247870607456399,11.740900667208013,11.601995046117311,10
Formation,set4_features_metadata,GPR,diversity_oneshot,2.2757518909450636,-0.6275859393375802,-3.4574440330978593,9.69373413491982,0.3761236299837938,-0.07257283824317895,11.225871416133518,11.601995046117311,10
Formation,set4_features_metadata,GPR,exploitation,-6.131106608744356,-4.367289442743778,-8.437714863446548,-3.233544426024986,-0.6998023204714207,-0.5443211514202373,12.301797366588733,11.601995046117311,10
Formation,set4_features_metadata,GPR,exploration,-7.87668197637593,-5.404424514973181,-16.33142018832136,-1.9869636342936854,-0.8881860318934656,-0.5719536764828748,12.490181078010776,11.601995046117311,10
Formation,set4_features_metadata,GPR,hybrid,-5.680176502486679,-8.14325085850369,-14.62461843874765,2.3638556290150747,-0.7180332939491549,-0.9109888695210504,12.320028340066466,11.601995046117311,10
Formation,set4_features_metadata,GPR,random_selection,0.0,0.0,0.0,0.0,0.0,0.0,11.601995046117311,11.601995046117311,10
Formation,set4_features_metadata,RF,coverage,-13.36118991396673,-12.738915810874786,-27.900447517705558,-7.058071035052545,-1.3883433166709263,-1.6544918657393586,13.749423845514974,12.361080528844045,10
Formation,set4_features_metadata,RF,diversity_iterative,-5.156336414290607,-3.3028883481480182,-15.729778103986776,6.054634484548167,-0.3198774866369799,-0.2934278843471452,12.680958015481027,12.361080528844045,10
Formation,set4_features_metadata,RF,diversity_oneshot,-8.604370988301921,-12.904429231573374,-20.276825992453766,6.003510041346598,-0.6854062696715003,-1.6652526491365132,13.046486798515549,12.361080528844045,10
Formation,set4_features_metadata,RF,exploitation,-6.245575419146506,-5.126496802206013,-15.334926388306776,6.527342440297959,-0.4784902941416764,-0.616646615187288,12.839570822985724,12.361080528844045,10
Formation,set4_features_metadata,RF,exploration,3.022294948345767,2.8817602885325027,-4.689023882039609,7.667876311371548,0.5795002130118772,0.3540120550847927,11.78158031583217,12.361080528844045,10
Formation,set4_features_metadata,RF,hybrid,0.24556338756807752,-0.6653964477171024,-6.625280891515957,4.685001235053809,0.1790160220407074,-0.13530053784722273,12.18206450680334,12.361080528844045,10
Formation,set4_features_metadata,RF,random_selection,0.0,0.0,0.0,0.0,0.0,0.0,12.361080528844045,12.361080528844045,10
Formation,set5_features_metadata_corr95,AE_ENet,coverage,-2.702154861369711,-1.0791491244708793,-11.925510533996919,5.776353911747144,-0.23285739682635603,-0.14173255368984528,11.92705156201318,11.694194165186826,10
Formation,set5_features_metadata_corr95,AE_ENet,diversity_iterative,-8.697320042446893,-2.5418804864713613,-13.806684188156153,6.368123617644141,-0.8349927351423576,-0.2804391023023074,12.529186900329183,11.694194165186826,10
Formation,set5_features_metadata_corr95,AE_ENet,diversity_oneshot,5.230440900516543,5.6078109420478555,0.24106425273018597,12.797047596040175,0.6796955114233938,0.572967814411812,11.01449865376343,11.694194165186826,10
Formation,set5_features_metadata_corr95,AE_ENet,exploitation,-3.981348060916342,-2.6326452517403096,-17.659671648717435,7.459362346688064,-0.3439558425800794,-0.27661244236925686,12.038150007766905,11.694194165186826,10
Formation,set5_features_metadata_corr95,AE_ENet,exploration,-5.574614739987079,-3.899854196585817,-18.557141605860252,6.513277373956939,-0.6154832593554325,-0.39469404347707826,12.309677424542258,11.694194165186826,10
Formation,set5_features_metadata_corr95,AE_ENet,hybrid,0.026790990166873918,-0.5815151998200674,-7.094257251256814,7.72307647920737,0.06837159010063054,-0.08936725925203426,11.625822575086193,11.694194165186826,10
Formation,set5_features_metadata_corr95,AE_ENet,random_selection,0.0,0.0,0.0,0.0,0.0,0.0,11.694194165186826,11.694194165186826,10
Formation,set5_features_metadata_corr95,GPR,coverage,-4.039757802802802,-3.7017842298831436,-6.206351370800421,0.3413233375510627,-0.47435634187366116,-0.42432889449844513,12.255720408972888,11.78136406709923,10
Formation,set5_features_metadata_corr95,GPR,diversity_iterative,-4.33105323903198,0.09570344312300483,-9.003062933422255,4.722246219078938,-0.4526550483608268,0.026816645390554505,12.234019115460054,11.78136406709923,10
Formation,set5_features_metadata_corr95,GPR,diversity_oneshot,3.847992172970817,3.081979415746304,-0.3750986596054704,9.844100023734796,0.5086410586876559,0.4023978479244894,11.272723008411571,11.78136406709923,10
Formation,set5_features_metadata_corr95,GPR,exploitation,-4.362366301921801,-0.5647985333554006,-10.116354849361311,4.640713639182727,-0.48011785946537755,-0.04455952080907011,12.261481926564604,11.78136406709923,10
Formation,set5_features_metadata_corr95,GPR,exploration,-5.660100539440285,-4.281294417070338,-15.028152928208232,5.723083966648135,-0.6403276989882117,-0.4727935187258625,12.42169176608744,11.78136406709923,10
Formation,set5_features_metadata_corr95,GPR,hybrid,-5.588376396084985,-5.290288145966109,-15.106811117931121,1.8294772132950254,-0.7313667083862624,-0.5361770222594116,12.51273077548549,11.78136406709923,10
Formation,set5_features_metadata_corr95,GPR,random_selection,0.0,0.0,0.0,0.0,0.0,0.0,11.78136406709923,11.78136406709923,10
Formation,set5_features_metadata_corr95,RF,coverage,-14.78205565964549,-12.788086681146934,-27.06336417328425,-7.541957704347148,-1.5404647749876852,-1.6566407002560402,13.93222877485922,12.391763999871536,10
Formation,set5_features_metadata_corr95,RF,diversity_iterative,-8.64147576510949,-9.121242636311182,-10.704465678797854,7.279301637146347,-0.7210929903251125,-0.9100160329609697,13.112856990196647,12.391763999871536,10
Formation,set5_features_metadata_corr95,RF,diversity_oneshot,-5.497402385706793,-11.395598306117108,-14.732337049142412,3.9374623710476913,-0.30445627589253854,-1.2596761323638939,12.696220275764073,12.391763999871536,10
Formation,set5_features_metadata_corr95,RF,exploitation,-3.2276971565300223,-3.0567771257557528,-11.93208905666687,9.954271443610876,-0.09641898640182855,-0.30601144505897704,12.488182986273364,12.391763999871536,10
Formation,set5_features_metadata_corr95,RF,exploration,3.5846306924774964,0.897923290630192,-1.5989309470911324,4.9462981933790235,0.7104252484725307,0.10316593426408716,11.681338751399005,12.391763999871536,10
Formation,set5_features_metadata_corr95,RF,hybrid,4.108809190693763,5.589810275228067,2.629676013183675,8.13590552774977,0.648549952748185,0.6017045872990137,11.74321404712335,12.391763999871536,10
Formation,set5_features_metadata_corr95,RF,random_selection,0.0,0.0,0.0,0.0,0.0,0.0,12.391763999871536,12.391763999871536,10
HUST,set1_dQn_m,AE_ENet,coverage,-5.004241443960446,0.06298020349991534,-21.452629162856066,13.513088297430205,-0.4236255579826597,0.005937639484525192,14.28586307303649,13.862237515053831,10
HUST,set1_dQn_m,AE_ENet,diversity_iterative,-17.0137035815928,-11.344187981786149,-33.853971972797204,-3.040394612140937,-2.11555301834393,-1.6652478885593327,15.97779053339776,13.862237515053831,10
HUST,set1_dQn_m,AE_ENet,diversity_oneshot,3.0647356127441485,2.1857373469716026,-3.7895882366786893,15.058538402133166,0.6551125964397867,0.247669853936622,13.207124918614046,13.862237515053831,10
HUST,set1_dQn_m,AE_ENet,exploitation,-19.889652300089043,-10.711087110454875,-21.385071268327557,-3.7445224849377827,-2.457454212134556,-1.550020852133117,16.31969172718839,13.862237515053831,10
HUST,set1_dQn_m,AE_ENet,exploration,-0.9119857231875557,0.5737967108319078,-7.775337221321312,10.971387638816797,0.0027147486935033883,0.0644694507986543,13.859522766360328,13.862237515053831,10
HUST,set1_dQn_m,AE_ENet,hybrid,0.13765053812636233,2.026303464864003,-6.841484818793836,8.887701676301335,-0.05692833317931641,0.3020164047574907,13.919165848233146,13.862237515053831,10
HUST,set1_dQn_m,AE_ENet,random_selection,0.0,0.0,0.0,0.0,0.0,0.0,13.862237515053831,13.862237515053831,10
HUST,set1_dQn_m,GPR,coverage,3.473588960420412,6.252225509063972,-0.4857502481433589,13.293526941352562,0.5797178220130415,0.9097638098554297,15.45354941480303,16.033267236816073,10
HUST,set1_dQn_m,GPR,diversity_iterative,-9.710205570683774,0.2561241710882227,-29.70368660131632,7.570012355285488,-1.506763853309535,0.046702978675391194,17.540031090125606,16.033267236816073,10
HUST,set1_dQn_m,GPR,diversity_oneshot,11.133063500692515,15.036434887897755,5.208173820099585,20.906448202262652,1.840794120784659,1.9742531217818309,14.192473116031413,16.033267236816073,10
HUST,set1_dQn_m,GPR,exploitation,0.7217910491597606,-3.206220313259648,-4.036208121628949,7.651541845855104,0.1681248286130616,-0.42024660389660884,15.86514240820301,16.033267236816073,10
HUST,set1_dQn_m,GPR,exploration,6.283589163757158,8.16463260715725,0.8331335168865679,13.551613139755524,1.0153987597664602,1.4611415651226043,15.017868477049612,16.033267236816073,10
HUST,set1_dQn_m,GPR,hybrid,3.524271049078294,9.484735623713451,-13.439131690023421,14.881523893154137,0.4344634577471149,1.129415673837209,15.598803779068955,16.033267236816073,10
HUST,set1_dQn_m,GPR,random_selection,0.0,0.0,0.0,0.0,0.0,0.0,16.033267236816073,16.033267236816073,10
HUST,set1_dQn_m,RF,coverage,-10.084507080419215,-0.5976263174492251,-12.02781576280091,5.136407460484568,-0.8656260866693343,-0.13587201760575152,14.750096121440857,13.884470034771521,10
HUST,set1_dQn_m,RF,diversity_iterative,-30.398435355013515,-15.911149033694697,-22.136339189286232,-7.253230904573554,-3.3320732966861697,-2.0128450543677534,17.216543331457693,13.884470034771521,10
HUST,set1_dQn_m,RF,diversity_oneshot,-4.684211272116791,2.5886213800342492,-8.734463467335319,7.02864319646046,-0.31398856563460076,0.4173296256022585,14.198458600406122,13.884470034771521,10
HUST,set1_dQn_m,RF,exploitation,-13.208607448395124,-0.5057190363553187,-24.558053831229255,1.22998309672731,-1.2326050141232603,-0.10453447551011763,15.117075048894781,13.884470034771521,10
HUST,set1_dQn_m,RF,exploration,-16.362067200564915,-7.99931254789403,-16.174898866127286,-2.746479097191358,-1.9088039177804668,-0.8703225452113514,15.793273952551989,13.884470034771521,10
HUST,set1_dQn_m,RF,hybrid,-9.670537523158803,-6.01483831951875,-16.42522903503175,7.417883019100027,-0.9487463762276693,-0.535389523323663,14.83321641099919,13.884470034771521,10
HUST,set1_dQn_m,RF,random_selection,0.0,0.0,0.0,0.0,0.0,0.0,13.884470034771521,13.884470034771521,10
HUST,set2_early_soh,AE_ENet,coverage,-1.524791960148091,-3.2123880232391127,-5.413917853749264,1.9017744957428109,-0.5589192764050835,-0.6028715841511216,21.72873804107462,21.169818764669536,10
HUST,set2_early_soh,AE_ENet,diversity_iterative,8.227860943905087,12.099649012670497,1.8961104570092595,24.07725951825376,2.1949033215503846,2.3705558863170646,18.97491544311915,21.169818764669536,10
HUST,set2_early_soh,AE_ENet,diversity_oneshot,-1.4590432351651959,-3.9040232031520903,-12.543532500760149,5.925106131831697,0.07012478237519097,-1.0363325619847714,21.099693982294347,21.169818764669536,10
HUST,set2_early_soh,AE_ENet,exploitation,-24.384781183930738,-13.66444295352407,-40.63552409814317,-2.078896383860928,-4.459775605087651,-3.3000073514605237,25.62959436975719,21.169818764669536,10
HUST,set2_early_soh,AE_ENet,exploration,-1.7694299290730093,-2.309918208783899,-7.58196009435638,-0.13964596530123682,-0.603307954919894,-0.5817793121756392,21.773126719589435,21.169818764669536,10
HUST,set2_early_soh,AE_ENet,hybrid,0.36628779971430603,-0.6122827965478617,-3.449964225587599,5.983499230075996,-0.1851999935485468,-0.19667098007529304,21.355018758218087,21.169818764669536,10
HUST,set2_early_soh,AE_ENet,random_selection,0.0,0.0,0.0,0.0,0.0,0.0,21.169818764669536,21.169818764669536,10
HUST,set2_early_soh,GPR,coverage,-6.010571060152311,-10.18507580098954,-19.32824945468804,8.363935446337582,-1.1123726864024008,-1.4903857463248817,18.60653737023832,17.49416468383592,10
HUST,set2_early_soh,GPR,diversity_iterative,-12.39587846317161,-8.249828080085477,-27.948867134135632,-0.11815163798631556,-1.9066921332995421,-1.021854615311966,19.40085681713546,17.49416468383592,10
HUST,set2_early_soh,GPR,diversity_oneshot,-5.737566945182434,-5.378135124324386,-19.401173539607637,3.981083009669579,-0.652155901529716,-0.7769901136319861,18.146320585365636,17.49416468383592,10
HUST,set2_early_soh,GPR,exploitation,1.7222685254265102,6.90918720577454,-1.2721049966190972,11.421353513635733,0.593102017961067,1.0502220473605348,16.901062665874854,17.49416468383592,10
HUST,set2_early_soh,GPR,exploration,-3.4770665415019257,-6.609963396785169,-17.380683069914422,5.87759877703607,-0.8145407608960058,-1.1632074584478858,18.308705444731924,17.49416468383592,10
HUST,set2_early_soh,GPR,hybrid,-5.218653670858004,-8.95416911610045,-14.44668523954739,9.537059355406946,-0.9949692730831419,-1.3517806071823504,18.48913395691906,17.49416468383592,10
HUST,set2_early_soh,GPR,random_selection,0.0,0.0,0.0,0.0,0.0,0.0,17.49416468383592,17.49416468383592,10
HUST,set2_early_soh,RF,coverage,-17.136736674020163,-18.634157140797804,-25.38128606314681,-7.546392339990874,-3.0476655760248414,-3.231975657402801,21.070304104718655,18.022638528693815,10
HUST,set2_early_soh,RF,diversity_iterative,-14.029837112923238,-7.3519526060790374,-19.943613016068092,9.277418058662901,-1.5485601359887537,-1.009620284249598,19.57119866468257,18.022638528693815,10
HUST,set2_early_soh,RF,diversity_oneshot,-19.310430756418906,-16.749470302104076,-25.18601519072507,1.5104064372583412,-2.7073414726995755,-2.608558716224076,20.729980001393393,18.022638528693815,10
HUST,set2_early_soh,RF,exploitation,-9.911914957107015,-11.333834060698939,-20.132941153645916,-2.903503731706426,-1.1405867160302667,-1.315337158653147,19.16322524472408,18.022638528693815,10
HUST,set2_early_soh,RF,exploration,-10.685947427601008,-16.37716606080765,-19.269555785449842,-3.1789396926712374,-1.7704052215236026,-2.0811901435315665,19.793043750217418,18.022638528693815,10
HUST,set2_early_soh,RF,hybrid,-16.143352209814594,-13.798531050298081,-20.82208128084029,-8.540154039591457,-2.6499198061543665,-3.0068071055954277,20.672558334848183,18.022638528693815,10
HUST,set2_early_soh,RF,random_selection,0.0,0.0,0.0,0.0,0.0,0.0,18.022638528693815,18.022638528693815,10
HUST,set3_features,AE_ENet,coverage,1.664332020042107,7.624229175322726,6.483304692976551,10.66052070711476,0.4470021184535728,1.0466038719713113,11.749171000473424,12.196173118926996,10
HUST,set3_features,AE_ENet,diversity_iterative,5.547017831885887,10.040557083315612,-5.229613905186473,15.636320465439631,0.9045133283274064,1.1388128129492534,11.29165979059959,12.196173118926996,10
HUST,set3_features,AE_ENet,diversity_oneshot,-2.6681050241805964,0.3366247474455848,-14.935098581132824,3.920609159406444,0.02862788156851721,0.040953931421544354,12.167545237358478,12.196173118926996,10
HUST,set3_features,AE_ENet,exploitation,-10.74236143255813,-9.955738482250265,-15.0003494368889,2.820538737617116,-1.3972551538498537,-0.9009855517679615,13.593428272776851,12.196173118926996,10
HUST,set3_features,AE_ENet,exploration,1.699535362876368,1.2826432721605947,-4.4139239681977775,7.389928477309024,0.24626718673590392,0.12723442707558297,11.949905932191093,12.196173118926996,10
HUST,set3_features,AE_ENet,hybrid,2.4048502012660706,6.280971346392191,-5.757186299264656,10.55832534068199,0.5934205948282771,0.7840186908745714,11.602752524098719,12.196173118926996,10
HUST,set3_features,AE_ENet,random_selection,0.0,0.0,0.0,0.0,0.0,0.0,12.196173118926996,12.196173118926996,10
HUST,set3_features,GPR,coverage,2.700404322949531,6.740275105575655,-4.163242346487353,15.584631853933084,0.5333420324344187,1.0075839329008875,13.815019604511287,14.348361636945706,10
HUST,set3_features,GPR,diversity_iterative,-3.049548538140044,-5.983926826029353,-10.58544391064331,4.150046407945062,-0.2273058773133531,-0.7207244255717633,14.575667514259061,14.348361636945706,10
HUST,set3_features,GPR,diversity_oneshot,-8.933140322804876,-11.274138655254376,-20.1527893193445,4.715000917878886,-0.9813516956828499,-1.509069730225895,15.329713332628558,14.348361636945706,10
HUST,set3_features,GPR,exploitation,-9.289124210156931,-8.5123884889828,-17.292784571967097,-3.208557846915057,-1.2754609708488982,-0.9563712261003783,15.623822607794605,14.348361636945706,10
HUST,set3_features,GPR,exploration,1.8608332742282385,6.189050493243729,-4.618053101274359,12.2863520736933,0.42035535291264525,0.6977117386712903,13.92800628403306,14.348361636945706,10
HUST,set3_features,GPR,hybrid,0.7201639732479843,0.6794078376465563,-8.853585492363004,10.993964827867925,0.12918668612828926,0.06490609640795508,14.219174950817415,14.348361636945706,10
HUST,set3_features,GPR,random_selection,0.0,0.0,0.0,0.0,0.0,0.0,14.348361636945706,14.348361636945706,10
HUST,set3_features,RF,coverage,4.642601353063119,8.873507323273055,-3.629932786561005,10.554424153720259,0.7971511031764485,1.0784015904278172,13.933589756279275,14.730740859455722,10
HUST,set3_features,RF,diversity_iterative,1.735513998974723,0.41451100701919885,-7.306109853013248,14.376172131871796,0.33476520705982526,0.10134916702451857,14.395975652395899,14.730740859455722,10
HUST,set3_features,RF,diversity_oneshot,-2.9414469178117364,-4.082762855366057,-7.3355062476876025,0.4199586434920458,-0.28789159060586905,-0.45865155680283465,15.018632450061592,14.730740859455722,10
HUST,set3_features,RF,exploitation,-7.891699499907874,-3.682301778005583,-20.580737166988246,4.322524021112015,-1.489085123450258,-0.4292835943118556,16.21982598290598,14.730740859455722,10
HUST,set3_features,RF,exploration,5.146720941629769,1.4678924095080954,-5.292592619934296,13.944280923319658,1.0996924547396827,0.16537254154131453,13.63104840471604,14.730740859455722,10
HUST,set3_features,RF,hybrid,-1.1013331000301405,-0.8572073931642278,-6.490458598167291,3.8813325868840587,-0.02337826923056561,-0.13675299540818298,14.75411912868629,14.730740859455722,10
HUST,set3_features,RF,random_selection,0.0,0.0,0.0,0.0,0.0,0.0,14.730740859455722,14.730740859455722,10
HUST,set4_features_metadata,AE_ENet,coverage,6.790223985031635,6.436771068752227,0.9329046827438012,16.36218589387103,1.0109633835436334,0.495010164781871,11.355308886101655,12.366272269645288,10
HUST,set4_features_metadata,AE_ENet,diversity_iterative,6.383938043156443,20.80290429206065,-3.9171637490619924,22.45721066108855,1.3767688446873674,2.9591935586703917,10.98950342495792,12.366272269645288,10
HUST,set4_features_metadata,AE_ENet,diversity_oneshot,5.7131376758714705,12.099766875151236,2.5494472714301746,21.059783002625025,1.2378656413961568,1.6451624928537356,11.128406628249131,12.366272269645288,10
HUST,set4_features_metadata,AE_ENet,exploitation,-21.380225783523574,-33.2758200532771,-43.72320699052883,4.99411491649807,-2.3405119937742276,-3.657179697652318,14.706784263419516,12.366272269645288,10
HUST,set4_features_metadata,AE_ENet,exploration,4.151590518739152,4.367871166629751,-3.1186575763422826,10.906216066719365,0.763637917971516,0.5979835614437103,11.602634351673773,12.366272269645288,10
HUST,set4_features_metadata,AE_ENet,hybrid,6.308228696960583,11.128407467635483,-5.089584457814013,21.00495601988305,1.188958382784659,1.5518175466697723,11.17731388686063,12.366272269645288,10
HUST,set4_features_metadata,AE_ENet,random_selection,0.0,0.0,0.0,0.0,0.0,0.0,12.366272269645288,12.366272269645288,10
HUST,set4_features_metadata,GPR,coverage,-4.099154935520154,-0.1602132744553777,-17.409203501906386,7.638701972468079,-0.4960391662752842,-0.03444699308596988,15.547085944439052,15.05104677816377,10
HUST,set4_features_metadata,GPR,diversity_iterative,2.1638948666011175,0.8394880795597432,-6.873976407948652,11.184401857990585,0.5847984378407964,-0.012518072851094075,14.466248340322972,15.05104677816377,10
HUST,set4_features_metadata,GPR,diversity_oneshot,-0.4319178539948581,3.7658506501434372,-11.624689343353726,10.873449456732724,0.17851484972523507,0.4894979732144744,14.872531928438534,15.05104677816377,10
HUST,set4_features_metadata,GPR,exploitation,2.9933569193742864,7.257345844992583,-4.796536899272899,10.09316807464267,0.5441215360627979,1.03517312143501,14.506925242100971,15.05104677816377,10
HUST,set4_features_metadata,GPR,exploration,2.1213479831416935,8.663961874545288,-9.386009821329793,15.71752166479229,0.5213140480597399,1.144231464827902,14.529732730104026,15.05104677816377,10
HUST,set4_features_metadata,GPR,hybrid,-4.984148349706465,2.1978360142341176,-14.079102492155178,8.586488587783897,-0.6164128772633785,0.46179261797457816,15.667459655427146,15.05104677816377,10
HUST,set4_features_metadata,GPR,random_selection,0.0,0.0,0.0,0.0,0.0,0.0,15.05104677816377,15.05104677816377,10
HUST,set4_features_metadata,RF,coverage,3.0792660751585244,0.4910216126238658,-11.08250887029951,16.171371863992306,0.6533838472420748,0.08231231494123303,14.072179754485902,14.725563601727975,10
HUST,set4_features_metadata,RF,diversity_iterative,6.046313908314868,5.234825119346507,-2.0412943369946976,10.126327145256079,1.0887864847758546,0.5784672968695164,13.636777116952123,14.725563601727975,10
HUST,set4_features_metadata,RF,diversity_oneshot,-2.5730468938022475,-2.35948188118599,-11.417702481016413,9.995281632067577,-0.32804123073595337,-0.42175947433998484,15.053604832463929,14.725563601727975,10
HUST,set4_features_metadata,RF,exploitation,-0.0681084961303128,0.7407926715994692,-9.431073954506864,8.808310048489885,0.027808659784418488,0.07922869092416107,14.697754941943561,14.725563601727975,10
HUST,set4_features_metadata,RF,exploration,2.3182690266973496,0.20674374204064438,-6.72286003268407,4.762557081424465,0.6441221009718262,0.053503152063100856,14.081441500756151,14.725563601727975,10
HUST,set4_features_metadata,RF,hybrid,-1.3526481939147041,2.1541516672566736,-1.045686393483212,5.204624393963909,-0.15817894136232588,0.2775979118473142,14.883742543090303,14.725563601727975,10
HUST,set4_features_metadata,RF,random_selection,0.0,0.0,0.0,0.0,0.0,0.0,14.725563601727975,14.725563601727975,10
HUST,set5_features_metadata_corr95,AE_ENet,coverage,7.560104336031425,5.22063058764526,3.8970987701840114,13.796825033217324,0.9838793855234436,0.6074780266388502,10.935742522018431,11.919621907541876,10
HUST,set5_features_metadata_corr95,AE_ENet,diversity_iterative,0.3516421920084671,8.410169674716766,-11.024088688229124,14.67526631198021,0.3062831895050623,1.1721131897850237,11.613338718036811,11.919621907541876,10
HUST,set5_features_metadata_corr95,AE_ENet,diversity_oneshot,12.294686547199898,15.56608406348848,10.632964182606587,18.956269176449013,1.7649302855390356,1.926005781064183,10.15469162200284,11.919621907541876,10
HUST,set5_features_metadata_corr95,AE_ENet,exploitation,-17.22928779406314,-17.928801105878843,-21.93276621178438,-7.487532089678679,-1.9124305507135968,-1.8591449946643355,13.832052458255472,11.919621907541876,10
HUST,set5_features_metadata_corr95,AE_ENet,exploration,4.254834890125714,1.72412695767355,-5.274336521265555,12.733179436107635,0.6552285133634888,0.3807049781200966,11.264393394178386,11.919621907541876,10
HUST,set5_features_metadata_corr95,AE_ENet,hybrid,4.4190184528075225,6.128548900024578,-2.823504642230935,14.289116064155717,0.704515424218618,0.7206957729100161,11.215106483323257,11.919621907541876,10
HUST,set5_features_metadata_corr95,AE_ENet,random_selection,0.0,0.0,0.0,0.0,0.0,0.0,11.919621907541876,11.919621907541876,10
HUST,set5_features_metadata_corr95,GPR,coverage,0.2414621721062693,2.5023797152965237,-5.844847670721333,8.595123779401478,0.22414023329600904,0.2738241974911615,14.461369544049882,14.68550977734589,10
HUST,set5_features_metadata_corr95,GPR,diversity_iterative,1.701555243507513,-2.9049742295117404,-7.17312495968094,13.115919641207093,0.35006049339332945,-0.43311281762632436,14.335449283952562,14.68550977734589,10
HUST,set5_features_metadata_corr95,GPR,diversity_oneshot,-1.7289430911544996,0.6494704972417598,-8.998935734681158,12.45870960518532,0.01732741757306382,0.05528174874261449,14.668182359772828,14.68550977734589,10
HUST,set5_features_metadata_corr95,GPR,exploitation,-1.7563642778704005,-8.608955317348707,-12.42464880672347,15.418169516210462,-0.15215730853461587,-1.2475184865670492,14.837667085880508,14.68550977734589,10
HUST,set5_features_metadata_corr95,GPR,exploration,-1.6338656957068909,-3.105690298842422,-12.813735819251612,9.177906465979255,-0.04628931855962666,-0.4285261617737408,14.731799095905519,14.68550977734589,10
HUST,set5_features_metadata_corr95,GPR,hybrid,-0.34903869996774295,7.423503934312919,-8.079164970360482,11.07672478512209,0.1808182497879816,0.9986742236988162,14.50469152755791,14.68550977734589,10
HUST,set5_features_metadata_corr95,GPR,random_selection,0.0,0.0,0.0,0.0,0.0,0.0,14.68550977734589,14.68550977734589,10
HUST,set5_features_metadata_corr95,RF,coverage,1.9385143970032068,4.878548088037169,-7.055299536125387,10.349231348287194,0.37144276972473345,0.731502840993735,14.451422834225962,14.822865603950698,10
HUST,set5_features_metadata_corr95,RF,diversity_iterative,2.339778825411534,3.01913414162933,-1.9729570310375992,7.572694855734676,0.40036970411920975,0.4399481110736021,14.422495899831489,14.822865603950698,10
HUST,set5_features_metadata_corr95,RF,diversity_oneshot,-5.002361694010535,-1.3695381499548809,-12.431065928417254,8.755778924822584,-0.5931704936210949,-0.17530593026806063,15.41603609757179,14.822865603950698,10
HUST,set5_features_metadata_corr95,RF,exploitation,-1.6013078287796438,-1.2741762159926506,-13.34326925900233,9.928421374650496,-0.259906517368864,-0.1547526725386703,15.082772121319561,14.822865603950698,10
HUST,set5_features_metadata_corr95,RF,exploration,-1.4448848343068774,-1.3714220173381673,-13.722019376910112,7.668767907409419,-0.05757705747414121,-0.16256027845776622,14.880442661424837,14.822865603950698,10
HUST,set5_features_metadata_corr95,RF,hybrid,-5.661953277935908,-2.5117550061418905,-17.468595104008656,3.625784226451854,-0.8034792285923222,-0.4648082190691216,15.62634483254302,14.822865603950698,10
HUST,set5_features_metadata_corr95,RF,random_selection,0.0,0.0,0.0,0.0,0.0,0.0,14.822865603950698,14.822865603950698,10
ISU_ILCC,set1_dQn_m,AE_ENet,coverage,2.6269622985908243,2.9985601317318853,-10.163392748024773,10.54057157888407,1.0012336962686175,0.45167269292443635,22.911999048087846,23.913232744356463,10
ISU_ILCC,set1_dQn_m,AE_ENet,diversity_iterative,-4.437424451850087,-4.22684162527742,-9.107450807351713,-0.6420528822637215,-0.5654234116104633,-0.9236187453164604,24.478656155966924,23.913232744356463,10
ISU_ILCC,set1_dQn_m,AE_ENet,diversity_oneshot,1.8734814568950444,-0.9321033879303506,-8.05983952102221,6.941349888296727,0.7652337997605635,-0.25931240661470767,23.1479989445959,23.913232744356463,10
ISU_ILCC,set1_dQn_m,AE_ENet,exploitation,0.051614799813888015,-0.7702283112848802,-8.400341108070192,5.096730198088341,0.3194145136940033,-0.34728828891848096,23.593818230662457,23.913232744356463,10
ISU_ILCC,set1_dQn_m,AE_ENet,exploration,1.2326323612507246,0.3477049618801279,-5.173164597462108,10.011238975183101,0.6308992465431953,0.019494099413357446,23.282333497813266,23.913232744356463,10
ISU_ILCC,set1_dQn_m,AE_ENet,hybrid,4.00766986144197,2.3489389367716833,-6.211189036925962,12.083082763459034,1.2814710294670797,0.7575079039351316,22.631761714889386,23.913232744356463,10
ISU_ILCC,set1_dQn_m,AE_ENet,random_selection,0.0,0.0,0.0,0.0,0.0,0.0,23.913232744356463,23.913232744356463,10
ISU_ILCC,set1_dQn_m,GPR,coverage,4.110819143639687,4.891302185137155,-1.0132358549002312,10.517017051176033,1.0102769037029322,1.0261813639603687,22.69938090816985,23.70965781187278,10
ISU_ILCC,set1_dQn_m,GPR,diversity_iterative,-5.040048088024873,-2.0444888269726844,-22.110957271467427,10.553122874444774,-1.2328812152179622,-0.3928836929306154,24.942539027090742,23.70965781187278,10
ISU_ILCC,set1_dQn_m,GPR,diversity_oneshot,2.8317773416803647,4.693969877842891,-8.439890641523434,12.671846677953528,0.7218585476783528,0.8866670182065572,22.98779926419443,23.70965781187278,10
ISU_ILCC,set1_dQn_m,GPR,exploitation,-27.457660203159094,-16.885993863801705,-27.616172290787453,-7.869080363411583,-7.281214101483836,-4.025644925205018,30.990871913356614,23.70965781187278,10
ISU_ILCC,set1_dQn_m,GPR,exploration,2.676919679514498,4.230634327421884,-4.73803100742044,10.159917096785891,0.6214093485704844,0.8344791954630928,23.088248463302296,23.70965781187278,10
ISU_ILCC,set1_dQn_m,GPR,hybrid,3.9722323311574383,4.17047577133391,-7.275169154550683,13.587123293653272,0.948214894957044,0.8880701596765075,22.761442916915733,23.70965781187278,10
ISU_ILCC,set1_dQn_m,GPR,random_selection,0.0,0.0,0.0,0.0,0.0,0.0,23.70965781187278,23.70965781187278,10
ISU_ILCC,set1_dQn_m,RF,coverage,1.7147869976816463,5.236852153617619,-8.306046923168207,11.057571157554207,1.3640814662997411,1.6356489231271194,29.239146137750527,30.603227604050268,10
ISU_ILCC,set1_dQn_m,RF,diversity_iterative,-7.947661593037201,-5.439347169919212,-16.83598803094243,0.27841722476649955,-1.8299520189308254,-1.5450355449396813,32.433179622981086,30.603227604050268,10
ISU_ILCC,set1_dQn_m,RF,diversity_oneshot,0.046740263198849163,2.0571722276896476,-11.222207559826867,13.080924114286702,1.0127000760922158,0.5826313692292029,29.590527527958052,30.603227604050268,10
ISU_ILCC,set1_dQn_m,RF,exploitation,-11.443610235468203,-8.090155657248223,-9.706647533868534,-3.0360145554163442,-3.3845082821900285,-2.118694156407976,33.987735886240294,30.603227604050268,10
ISU_ILCC,set1_dQn_m,RF,exploration,-7.74357513797447,-4.021962086468168,-7.9292518404106165,0.38624394230404147,-2.6560418309420095,-1.1812606998168373,33.25926943499228,30.603227604050268,10
ISU_ILCC,set1_dQn_m,RF,hybrid,-4.4199239094347424,-3.2886291534017746,-6.468244531487226,3.266216235627531,-1.1445237489870503,-0.7161856184375051,31.747751353037312,30.603227604050268,10
ISU_ILCC,set1_dQn_m,RF,random_selection,0.0,0.0,0.0,0.0,0.0,0.0,30.603227604050268,30.603227604050268,10
ISU_ILCC,set2_early_soh,AE_ENet,coverage,-3.111900457638674,-1.1581993527996406,-7.847676720764796,1.0351551087895776,-0.9587708157119316,-0.35647868671457594,33.478601257595145,32.51983044188321,10
ISU_ILCC,set2_early_soh,AE_ENet,diversity_iterative,-0.8947873580603176,-0.7452810917033494,-4.07166705962197,1.273273799852233,-0.2468168900175641,-0.20794955206292087,32.76664733190078,32.51983044188321,10
ISU_ILCC,set2_early_soh,AE_ENet,diversity_oneshot,-3.5078836182186195,-2.1345461288248444,-8.580373491512809,0.4204227462953355,-1.0419813764209689,-0.6812044228180998,33.56181181830418,32.51983044188321,10
ISU_ILCC,set2_early_soh,AE_ENet,exploitation,-9.310191858151292,-1.861009633244103,-8.778597293432657,2.5074842662142256,-2.8794589474718966,-0.6370163220289964,35.399289389355104,32.51983044188321,10
ISU_ILCC,set2_early_soh,AE_ENet,exploration,-6.169761484848182,-4.128360920280377,-8.07989331726731,-1.5378010607371149,-2.0211407288971364,-1.4753755444495091,34.540971170780345,32.51983044188321,10
ISU_ILCC,set2_early_soh,AE_ENet,hybrid,-4.441576988492438,-2.6849742256879843,-7.247272051093947,-0.18646866331616418,-1.4914986413409377,-0.8935825553111307,34.01132908322415,32.51983044188321,10
ISU_ILCC,set2_early_soh,AE_ENet,random_selection,0.0,0.0,0.0,0.0,0.0,0.0,32.51983044188321,32.51983044188321,10
ISU_ILCC,set2_early_soh,GPR,coverage,4.769911327904945,5.810384475417134,3.01310528105854,7.447593471211221,2.2903099724852223,1.9380687092189728,36.34641567873349,38.63672565121871,10
ISU_ILCC,set2_early_soh,GPR,diversity_iterative,4.168800898860281,1.8214441530845553,-1.6190563676646341,10.296868005400578,2.642853863945792,0.6946991964681857,35.99387178727292,38.63672565121871,10
ISU_ILCC,set2_early_soh,GPR,diversity_oneshot,4.401184755200991,2.7021789835861036,-4.114890358056503,10.212301624932241,2.652142708273532,0.6561267753262818,35.98458294294518,38.63672565121871,10
ISU_ILCC,set2_early_soh,GPR,exploitation,-14.061543670044065,-6.4757462576702896,-22.934390827721817,-0.09940698232729617,-5.39421992313585,-2.3152233763993095,44.03094557435456,38.63672565121871,10
ISU_ILCC,set2_early_soh,GPR,exploration,0.3945150475117383,3.506094637869266,-1.010285367567323,8.66101251778059,0.7664174644928334,1.1886356257179767,37.87030818672588,38.63672565121871,10
ISU_ILCC,set2_early_soh,GPR,hybrid,4.588152688973321,3.6592424834237836,0.4892118994339508,8.55594113384058,2.4880568750407326,1.1686140133498935,36.14866877617798,38.63672565121871,10
ISU_ILCC,set2_early_soh,GPR,random_selection,0.0,0.0,0.0,0.0,0.0,0.0,38.63672565121871,38.63672565121871,10
ISU_ILCC,set2_early_soh,RF,coverage,0.7849985367104945,3.738319079065256,-7.266240327057181,9.290058161201705,0.17522612164380255,1.1888306325449207,39.61653364568508,39.791759767328884,10
ISU_ILCC,set2_early_soh,RF,diversity_iterative,3.81585561781801,7.541224819778552,-1.6106688170820331,8.784977687752157,1.9178678663518902,2.3176085743977417,37.87389190097699,39.791759767328884,10
ISU_ILCC,set2_early_soh,RF,diversity_oneshot,2.1187596723514055,1.5732959258332273,-3.9015776172230896,8.096373121490016,1.422267324727024,0.5203717176359053,38.36949244260186,39.791759767328884,10
ISU_ILCC,set2_early_soh,RF,exploitation,0.8564789589052715,2.059250751050488,-2.426452387341628,5.645054822187529,0.15819196500012325,0.6284258266218359,39.633567802328756,39.791759767328884,10
ISU_ILCC,set2_early_soh,RF,exploration,-2.2391965741466393,2.7056522324734145,-9.701404499107573,3.589718353555572,-1.2823194253643995,0.9094483942215472,41.07407919269328,39.791759767328884,10
ISU_ILCC,set2_early_soh,RF,hybrid,-2.472627826191444,2.0583787154316306,-6.9666660593029395,4.142473868991981,-1.0716693015973913,0.6876962653408292,40.86342906892627,39.791759767328884,10
ISU_ILCC,set2_early_soh,RF,random_selection,0.0,0.0,0.0,0.0,0.0,0.0,39.791759767328884,39.791759767328884,10
ISU_ILCC,set3_features,AE_ENet,coverage,0.9878766961356458,1.2913598681298248,-1.4823564195421222,5.526899973506732,0.30083114429986,0.27484390353329147,24.03039459436348,24.33122573866334,10
ISU_ILCC,set3_features,AE_ENet,diversity_iterative,-5.047657093785594,-3.2952161850436914,-6.927460974695597,0.8348076955626513,-1.0247022659050433,-0.67297788745873,25.35592800456838,24.33122573866334,10
ISU_ILCC,set3_features,AE_ENet,diversity_oneshot,0.6324910412158469,0.6168992087718345,-2.501266965963156,6.2020476847369865,0.2912683896867776,0.19093638315534278,24.03995734897656,24.33122573866334,10
ISU_ILCC,set3_features,AE_ENet,exploitation,-1.8978491815612233,1.3005037712321783,-4.202893829909568,7.7866328357581285,0.07649147661942308,0.2931297602215128,24.254734262043915,24.33122573866334,10
ISU_ILCC,set3_features,AE_ENet,exploration,-0.19131764297835846,3.141408429516584,-7.625876690780145,7.339593352078362,0.17787351883350766,0.827189748074014,24.15335221982983,24.33122573866334,10
ISU_ILCC,set3_features,AE_ENet,hybrid,0.5537072505435603,1.4093566346098052,-5.852680483768558,8.892785645299712,0.31488669523171675,0.4727903929388102,24.01633904343162,24.33122573866334,10
ISU_ILCC,set3_features,AE_ENet,random_selection,0.0,0.0,0.0,0.0,0.0,0.0,24.33122573866334,24.33122573866334,10
ISU_ILCC,set3_features,GPR,coverage,5.102713238717969,6.197698063559254,-2.470009598194025,9.939915870992875,1.2818210324123342,1.7833234157709423,24.163661604098863,25.445482636511194,10
ISU_ILCC,set3_features,GPR,diversity_iterative,-0.15515116326976824,1.3148604949803864,-8.14648532259721,6.319450431778038,0.34303515191882994,0.3017925925688729,25.102447484592368,25.445482636511194,10
ISU_ILCC,set3_features,GPR,diversity_oneshot,5.046394975808901,6.2548433624222,0.5034102397538316,9.206791108557253,1.3596845006323306,1.5437060542670835,24.085798135878868,25.445482636511194,10
ISU_ILCC,set3_features,GPR,exploitation,-8.91093830650011,-5.574691752530278,-20.076898234665112,-0.5079465650931829,-2.503397293422709,-1.2933221180054648,27.948879929933906,25.445482636511194,10
ISU_ILCC,set3_features,GPR,exploration,3.9695683122134966,4.151718554856524,-2.286324572226076,10.343808093555023,1.0677326773596978,1.1589611301229557,24.377749959151497,25.445482636511194,10
ISU_ILCC,set3_features,GPR,hybrid,4.032169556746585,4.3628810689687025,-1.2282499114902472,8.879391496565056,0.9937956516285343,0.9581038302463352,24.451686984882663,25.445482636511194,10
ISU_ILCC,set3_features,GPR,random_selection,0.0,0.0,0.0,0.0,0.0,0.0,25.445482636511194,25.445482636511194,10
ISU_ILCC,set3_features,RF,coverage,-2.1646306479914506,-0.03194188226675626,-6.928828989299052,7.78331717036057,-0.12971801319694265,0.035712315256670735,30.003169793415186,29.873451780218243,10
ISU_ILCC,set3_features,RF,diversity_iterative,-7.262177634999709,-8.98583548235271,-17.11003039281788,-2.4654075410659178,-1.612321804023038,-1.9659801912190709,31.48577358424128,29.873451780218243,10
ISU_ILCC,set3_features,RF,diversity_oneshot,-3.8583974648729806,-3.804675170620585,-9.513145095933078,5.563712346444355,-0.8079775135789976,-0.8548787102667337,30.681429293797244,29.873451780218243,10
ISU_ILCC,set3_features,RF,exploitation,-6.377925319029213,-3.166820737316872,-11.727168508665539,5.714312777797101,-1.4354728705606985,-1.192028109877386,31.30892465077894,29.873451780218243,10
ISU_ILCC,set3_features,RF,exploration,-6.606670803974597,-4.452692424152536,-12.285267609664523,0.44284745827054683,-1.9300785179413453,-1.3700415899845222,31.803530298159593,29.873451780218243,10
ISU_ILCC,set3_features,RF,hybrid,1.4153347171875492,-1.3425337370319295,-5.430859898963282,7.181817167161738,0.5821534696753894,-0.3256065542669724,29.291298310542857,29.873451780218243,10
ISU_ILCC,set3_features,RF,random_selection,0.0,0.0,0.0,0.0,0.0,0.0,29.873451780218243,29.873451780218243,10
ISU_ILCC,set4_features_metadata,AE_ENet,coverage,0.6610327973965603,1.429260170570639,-6.9333692359476595,8.066959529362167,0.5004498985073343,0.2475457389434812,19.969990946260157,20.47044084476749,10
ISU_ILCC,set4_features_metadata,AE_ENet,diversity_iterative,-0.07718411055069856,5.833733342415912,-11.321085473877588,9.387816350792281,0.32617731861479804,1.0247919406943566,20.14426352615269,20.47044084476749,10
ISU_ILCC,set4_features_metadata,AE_ENet,diversity_oneshot,1.6418163200183833,1.1006737069040855,-4.487207166022106,5.443062783833465,0.6063078183040365,0.29837832065890524,19.864133026463456,20.47044084476749,10
ISU_ILCC,set4_features_metadata,AE_ENet,exploitation,-7.66900195035642,-6.9821817935631625,-12.09278524006813,-0.13598519603521486,-1.6354938776462364,-1.5066377558621067,22.10593472241373,20.47044084476749,10
ISU_ILCC,set4_features_metadata,AE_ENet,exploration,4.930776901485711,-0.76100755308639,-1.7478273595339089,12.898240247774094,1.2775571582911136,-0.15404932494637258,19.192883686476378,20.47044084476749,10
ISU_ILCC,set4_features_metadata,AE_ENet,hybrid,2.9787951623861018,0.5760550926947796,-3.0859492718809505,13.010925904068719,1.008345999540067,0.11975064382495226,19.462094845227423,20.47044084476749,10
ISU_ILCC,set4_features_metadata,AE_ENet,random_selection,0.0,0.0,0.0,0.0,0.0,0.0,20.47044084476749,20.47044084476749,10
ISU_ILCC,set4_features_metadata,GPR,coverage,2.4437182368301045,3.436202186203293,-7.627823013244248,11.352879566399064,0.7829346591117592,0.6723585887366497,21.17140323862629,21.95433789773805,10
ISU_ILCC,set4_features_metadata,GPR,diversity_iterative,5.449193950646364,4.978275459538426,-4.4607216039332345,15.026091230540194,1.4423128960087463,1.194133460062634,20.512025001729302,21.95433789773805,10
ISU_ILCC,set4_features_metadata,GPR,diversity_oneshot,3.9415986367594393,0.8080266533451046,-7.303955273401091,9.988781390003357,1.0125297864143854,0.0878310049755271,20.94180811132366,21.95433789773805,10
ISU_ILCC,set4_features_metadata,GPR,exploitation,-13.79445180816935,-8.003758000866524,-16.981593061875735,-3.5767415296357674,-3.288825520550211,-1.816228711612995,25.24316341828826,21.95433789773805,10
ISU_ILCC,set4_features_metadata,GPR,exploration,2.8259713524469565,1.0687980511593362,-6.786744733977956,14.31092619384238,0.9892739004445611,0.33157918030217814,20.965063997293488,21.95433789773805,10
ISU_ILCC,set4_features_metadata,GPR,hybrid,7.316258322061732,4.815072227456554,-0.15927943659251365,14.887646503510032,1.807668889711223,0.8860405011991386,20.146669008026826,21.95433789773805,10
ISU_ILCC,set4_features_metadata,GPR,random_selection,0.0,0.0,0.0,0.0,0.0,0.0,21.95433789773805,21.95433789773805,10
ISU_ILCC,set4_features_metadata,RF,coverage,-0.9175000651230072,0.39328096029945714,-6.396269695491243,3.8131312285415833,0.06059466683855099,0.042101997171617,25.56657446923441,25.62716913607296,10
ISU_ILCC,set4_features_metadata,RF,diversity_iterative,-1.115643222560973,-0.26667420348047577,-3.3081873513824838,3.997956041354197,-0.2173806696380911,-0.09214786778350081,25.84454980571105,25.62716913607296,10
ISU_ILCC,set4_features_metadata,RF,diversity_oneshot,1.049777578533109,3.0906804795682845,-3.7875934392455797,6.579552457360539,0.41037467649960496,0.7922762560740217,25.216794459573357,25.62716913607296,10
ISU_ILCC,set4_features_metadata,RF,exploitation,-7.802535975555555,-8.735002958747335,-14.346603149158717,-4.083994159778189,-1.729261621026773,-2.308203873922867,27.356430757099737,25.62716913607296,10
ISU_ILCC,set4_features_metadata,RF,exploration,-2.673606467849038,-2.7106252156353032,-5.121758293964286,4.537907658391071,-0.7403655872860562,-0.5897898439805385,26.367534723359018,25.62716913607296,10
ISU_ILCC,set4_features_metadata,RF,hybrid,3.321200025892143,3.0237190105284584,-0.8940192534112226,8.225684722033794,1.08942378308823,0.7057280929251739,24.537745352984736,25.62716913607296,10
ISU_ILCC,set4_features_metadata,RF,random_selection,0.0,0.0,0.0,0.0,0.0,0.0,25.62716913607296,25.62716913607296,10
ISU_ILCC,set5_features_metadata_corr95,AE_ENet,coverage,0.6610327973965603,1.429260170570639,-6.9333692359476595,8.066959529362167,0.5004498985073343,0.2475457389434812,19.969990946260157,20.47044084476749,10
ISU_ILCC,set5_features_metadata_corr95,AE_ENet,diversity_iterative,-0.07718411055069856,5.833733342415912,-11.321085473877588,9.387816350792281,0.32617731861479804,1.0247919406943566,20.14426352615269,20.47044084476749,10
ISU_ILCC,set5_features_metadata_corr95,AE_ENet,diversity_oneshot,1.6418163200183833,1.1006737069040855,-4.487207166022106,5.443062783833465,0.6063078183040365,0.29837832065890524,19.864133026463456,20.47044084476749,10
ISU_ILCC,set5_features_metadata_corr95,AE_ENet,exploitation,-7.66900195035642,-6.9821817935631625,-12.09278524006813,-0.13598519603521486,-1.6354938776462364,-1.5066377558621067,22.10593472241373,20.47044084476749,10
ISU_ILCC,set5_features_metadata_corr95,AE_ENet,exploration,4.930776901485711,-0.76100755308639,-1.7478273595339089,12.898240247774094,1.2775571582911136,-0.15404932494637258,19.192883686476378,20.47044084476749,10
ISU_ILCC,set5_features_metadata_corr95,AE_ENet,hybrid,2.9787951623861018,0.5760550926947796,-3.0859492718809505,13.010925904068719,1.008345999540067,0.11975064382495226,19.462094845227423,20.47044084476749,10
ISU_ILCC,set5_features_metadata_corr95,AE_ENet,random_selection,0.0,0.0,0.0,0.0,0.0,0.0,20.47044084476749,20.47044084476749,10
ISU_ILCC,set5_features_metadata_corr95,GPR,coverage,2.4437182368301045,3.436202186203293,-7.627823013244248,11.352879566399064,0.7829346591117592,0.6723585887366497,21.17140323862629,21.95433789773805,10
ISU_ILCC,set5_features_metadata_corr95,GPR,diversity_iterative,5.449193950646364,4.978275459538426,-4.4607216039332345,15.026091230540194,1.4423128960087463,1.194133460062634,20.512025001729302,21.95433789773805,10
ISU_ILCC,set5_features_metadata_corr95,GPR,diversity_oneshot,3.9415986367594393,0.8080266533451046,-7.303955273401091,9.988781390003357,1.0125297864143854,0.0878310049755271,20.94180811132366,21.95433789773805,10
ISU_ILCC,set5_features_metadata_corr95,GPR,exploitation,-13.79445180816935,-8.003758000866524,-16.981593061875735,-3.5767415296357674,-3.288825520550211,-1.816228711612995,25.24316341828826,21.95433789773805,10
ISU_ILCC,set5_features_metadata_corr95,GPR,exploration,2.8259713524469565,1.0687980511593362,-6.786744733977956,14.31092619384238,0.9892739004445611,0.33157918030217814,20.965063997293488,21.95433789773805,10
ISU_ILCC,set5_features_metadata_corr95,GPR,hybrid,7.316258322061732,4.815072227456554,-0.15927943659251365,14.887646503510032,1.807668889711223,0.8860405011991386,20.146669008026826,21.95433789773805,10
ISU_ILCC,set5_features_metadata_corr95,GPR,random_selection,0.0,0.0,0.0,0.0,0.0,0.0,21.95433789773805,21.95433789773805,10
ISU_ILCC,set5_features_metadata_corr95,RF,coverage,-0.9175000651230072,0.39328096029945714,-6.396269695491243,3.8131312285415833,0.06059466683855099,0.042101997171617,25.56657446923441,25.62716913607296,10
ISU_ILCC,set5_features_metadata_corr95,RF,diversity_iterative,-1.115643222560973,-0.26667420348047577,-3.3081873513824838,3.997956041354197,-0.2173806696380911,-0.09214786778350081,25.84454980571105,25.62716913607296,10
ISU_ILCC,set5_features_metadata_corr95,RF,diversity_oneshot,1.049777578533109,3.0906804795682845,-3.7875934392455797,6.579552457360539,0.41037467649960496,0.7922762560740217,25.216794459573357,25.62716913607296,10
ISU_ILCC,set5_features_metadata_corr95,RF,exploitation,-7.802535975555555,-8.735002958747335,-14.346603149158717,-4.083994159778189,-1.729261621026773,-2.308203873922867,27.356430757099737,25.62716913607296,10
ISU_ILCC,set5_features_metadata_corr95,RF,exploration,-2.673606467849038,-2.7106252156353032,-5.121758293964286,4.537907658391071,-0.7403655872860562,-0.5897898439805385,26.367534723359018,25.62716913607296,10
ISU_ILCC,set5_features_metadata_corr95,RF,hybrid,3.321200025892143,3.0237190105284584,-0.8940192534112226,8.225684722033794,1.08942378308823,0.7057280929251739,24.537745352984736,25.62716913607296,10
ISU_ILCC,set5_features_metadata_corr95,RF,random_selection,0.0,0.0,0.0,0.0,0.0,0.0,25.62716913607296,25.62716913607296,10
KIT,set1_dQn_m,AE_ENet,coverage,1.9641703198807494,1.428191341243711,-5.571354700306797,10.949443532433474,1.1245936206066665,0.23827789982253833,26.26786177994927,27.392455400555935,10
KIT,set1_dQn_m,AE_ENet,diversity_iterative,0.1356889883329231,-7.163356498521745,-25.032682858720865,24.671510487866968,0.7211633225440168,-0.30459314106101143,26.67129207801192,27.392455400555935,10
KIT,set1_dQn_m,AE_ENet,diversity_oneshot,11.394428287218945,7.211112787606293,-8.91245667023772,29.08237021349838,3.6006877009219833,1.8135790421947995,23.791767699633954,27.392455400555935,10
KIT,set1_dQn_m,AE_ENet,exploitation,-2.9592739042869205,-0.364629294094577,-31.989863747978365,23.772396108789522,-0.14252917753918198,-1.172943073937148,27.534984578095116,27.392455400555935,10
KIT,set1_dQn_m,AE_ENet,exploration,7.213149587475397,11.892940939864742,-11.729338841232853,32.9213578821187,2.981029297828511,2.7053243152035815,24.411426102727425,27.392455400555935,10
KIT,set1_dQn_m,AE_ENet,hybrid,15.286132965646573,13.174309069840575,5.8564392764532345,34.62887117064802,4.797818942749176,4.049561250293703,22.59463645780676,27.392455400555935,10
KIT,set1_dQn_m,AE_ENet,random_selection,0.0,0.0,0.0,0.0,0.0,0.0,27.392455400555935,27.392455400555935,10
KIT,set1_dQn_m,GPR,coverage,-25.863662441511753,-28.034841392543175,-41.02796245934638,-4.06771352797963,-6.359592946206159,-8.589807327586291,37.19357082146995,30.83397787526378,10
KIT,set1_dQn_m,GPR,diversity_iterative,-27.002597311233124,-12.572690953576966,-38.9742476629274,9.973104180756023,-5.1732260460370005,-4.152028981142996,36.007203921300786,30.83397787526378,10
KIT,set1_dQn_m,GPR,diversity_oneshot,-11.219907095989925,-4.520881973390474,-25.302880041767953,3.7113373640363174,-0.9928039492342204,-1.4152215601362528,31.826781824498006,30.83397787526378,10
KIT,set1_dQn_m,GPR,exploitation,-12.52862300255332,-13.163839152442389,-40.29908907256288,12.498040079903848,-1.862523641192811,-3.9096870117201856,32.69650151645659,30.83397787526378,10
KIT,set1_dQn_m,GPR,exploration,-9.048526689423477,-4.026716518183722,-24.368362593044143,7.153153186836067,-1.5751243784362206,-1.038821987940775,32.409102253700006,30.83397787526378,10
KIT,set1_dQn_m,GPR,hybrid,-17.983337051251603,-13.558271166840292,-21.159610475855384,-0.4528909105872738,-2.6046872904653267,-3.4826963930156722,33.43866516572911,30.83397787526378,10
KIT,set1_dQn_m,GPR,random_selection,0.0,0.0,0.0,0.0,0.0,0.0,30.83397787526378,30.83397787526378,10
KIT,set1_dQn_m,RF,coverage,0.6342387865319481,7.83702287658666,-5.723515335919872,14.326001905885892,2.5245905750673736,2.743809651336761,33.86755219901019,36.39214277407756,10
KIT,set1_dQn_m,RF,diversity_iterative,-6.344403452553533,9.04919595941991,-0.020428523521907826,15.928065674126724,0.5962375448239488,4.158906920189583,35.79590522925361,36.39214277407756,10
KIT,set1_dQn_m,RF,diversity_oneshot,6.541707814568296,21.742317118680354,2.0280322140722262,28.3371474142888,5.089314308629537,7.8714138240497675,31.302828465448023,36.39214277407756,10
KIT,set1_dQn_m,RF,exploitation,-1.748431126114608,5.673667160836419,-2.963213065820974,11.15087322424173,1.6441821104933987,2.2548116682552504,34.74796066358416,36.39214277407756,10
KIT,set1_dQn_m,RF,exploration,4.226649535794311,4.211926436422686,-3.1633238388872646,12.645075968843884,2.897745801003642,1.3483900806471265,33.49439697307392,36.39214277407756,10
KIT,set1_dQn_m,RF,hybrid,-1.844535396708671,2.3598704330115368,-11.295018266499735,11.780013151192797,1.4870695355897765,0.9173538800898129,34.90507323848779,36.39214277407756,10
KIT,set1_dQn_m,RF,random_selection,0.0,0.0,0.0,0.0,0.0,0.0,36.39214277407756,36.39214277407756,10
KIT,set2_early_soh,AE_ENet,coverage,-6.430185662013318,-2.4851368332528145,-10.903670202675306,8.117427332277114,-1.4567466479299456,-0.692196440459913,31.611857442366624,30.155110794436677,10
KIT,set2_early_soh,AE_ENet,diversity_iterative,7.696836257910656,7.073857762813313,0.4346939747656274,14.39309295029351,2.396157316337397,2.0178024420738634,27.75895347809928,30.155110794436677,10
KIT,set2_early_soh,AE_ENet,diversity_oneshot,-5.878130778748883,-1.554555163172505,-13.818431158042301,2.038059223398662,-1.301975159767227,-0.45109682674836726,31.457085954203905,30.155110794436677,10
KIT,set2_early_soh,AE_ENet,exploitation,1.6069325356928423,2.0074173940514775,-2.966230560762759,7.456753686893185,0.4449958901753668,0.6858909631226844,29.71011490426131,30.155110794436677,10
KIT,set2_early_soh,AE_ENet,exploration,-4.821224707950099,-1.5952361981223424,-4.1616849639995275,10.693189454733321,-1.739750822389756,-0.44565867008226334,31.894861616826432,30.155110794436677,10
KIT,set2_early_soh,AE_ENet,hybrid,-9.320505224926174,-1.0042965998330202,-7.703105502291131,5.716662580022998,-2.869684154477516,-0.29208576112441165,33.02479494891419,30.155110794436677,10
KIT,set2_early_soh,AE_ENet,random_selection,0.0,0.0,0.0,0.0,0.0,0.0,30.155110794436677,30.155110794436677,10
KIT,set2_early_soh,GPR,coverage,-11.726439760403096,-16.06196801832636,-21.19148260633648,-3.1846719549870954,-3.69738811712359,-4.861340299716698,37.26179907241337,33.56441095528977,10
KIT,set2_early_soh,GPR,diversity_iterative,5.217981576713121,9.998779381947882,1.141815468633622,12.880799893381901,2.380281788879282,2.6998216399830888,31.184129166410496,33.56441095528977,10
KIT,set2_early_soh,GPR,diversity_oneshot,-5.044102755441295,-2.113313561420414,-10.848382345396029,-0.7406092013529813,-1.5055672773404012,-0.678320590517,35.06997823263018,33.56441095528977,10
KIT,set2_early_soh,GPR,exploitation,-15.096313502361857,-6.51454798304046,-33.753127977481995,14.552600475893268,-4.51588617375976,-2.76478764108049,38.080297129049534,33.56441095528977,10
KIT,set2_early_soh,GPR,exploration,-24.41853119137877,-21.483812587714176,-46.686607754080214,-5.895281700194056,-7.678528105478153,-7.283660875663285,41.24293906076793,33.56441095528977,10
KIT,set2_early_soh,GPR,hybrid,-2.927376742729307,1.5785131900855718,-10.48289302154481,3.22752153403633,-0.7424330885421764,0.47114655263491123,34.30684404383196,33.56441095528977,10
KIT,set2_early_soh,GPR,random_selection,0.0,0.0,0.0,0.0,0.0,0.0,33.56441095528977,33.56441095528977,10
KIT,set2_early_soh,RF,coverage,5.083104981179997,10.23756398995082,-12.084428628251182,20.11911567568473,3.3367932315512467,4.282044412875194,39.25466521331887,42.59145844487013,10
KIT,set2_early_soh,RF,diversity_iterative,2.5694816152216466,1.0894388720866308,-4.522978819020193,5.156076394362469,2.0106772485672115,0.3990476208349847,40.58078119630291,42.59145844487013,10
KIT,set2_early_soh,RF,diversity_oneshot,-0.053077253278349626,-4.928097429585051,-11.705968610700234,16.96834307072094,1.338183961274661,-1.8751532060713139,41.25327448359546,42.59145844487013,10
KIT,set2_early_soh,RF,exploitation,-3.905023181025271,-3.0380922634416296,-23.818205380112648,19.15806635202753,-0.026389875840896693,-0.6062462935534167,42.61784832071102,42.59145844487013,10
KIT,set2_early_soh,RF,exploration,16.974054320071097,28.706731723952544,-4.210181972449005,37.738789310501225,9.84120793966722,11.037120004806027,32.7502505052029,42.59145844487013,10
KIT,set2_early_soh,RF,hybrid,6.626523511536978,15.651929691491365,-6.150449510695179,20.787779703731786,4.5480139679435245,7.326215726996487,38.043444476926595,42.59145844487013,10
KIT,set2_early_soh,RF,random_selection,0.0,0.0,0.0,0.0,0.0,0.0,42.59145844487013,42.59145844487013,10
KIT,set3_features,AE_ENet,coverage,10.474693525047192,15.006750179742571,4.461504652258322,25.66081687540514,3.4362215012295225,3.7954416672335753,20.70680195340541,24.143023454634932,10
KIT,set3_features,AE_ENet,diversity_iterative,-0.9939485551088287,1.5039015135919842,-13.627254796997157,11.414881996394307,0.6857439142363985,0.3674175110473179,23.45727954039853,24.143023454634932,10
KIT,set3_features,AE_ENet,diversity_oneshot,10.523773634016397,11.756813211605468,1.0846059937599408,21.721623581961325,2.8374783647374557,3.236129742945785,21.305545089897475,24.143023454634932,10
KIT,set3_features,AE_ENet,exploitation,-11.77526075855719,-15.171444120064036,-36.361759020937676,10.306533005068378,-2.4251232180774136,-3.1269831968086406,26.568146672712345,24.143023454634932,10
KIT,set3_features,AE_ENet,exploration,-9.465614239394359,0.007807634646977313,-27.589490851052624,10.963015839197432,-1.355289556342926,0.14426734523695117,25.49831301097786,24.143023454634932,10
KIT,set3_features,AE_ENet,hybrid,-4.452660110251484,-1.5728158559756342,-17.34063891307043,17.300210930374156,-0.6928427803764864,-0.2002111605254786,24.835866235011416,24.143023454634932,10
KIT,set3_features,AE_ENet,random_selection,0.0,0.0,0.0,0.0,0.0,0.0,24.143023454634932,24.143023454634932,10
KIT,set3_features,GPR,coverage,-3.298979575210896,-5.295265988788356,-8.302625493042642,15.853222820441632,0.37535090806591676,-0.9639323757309519,20.8704848628016,21.24583577086752,10
KIT,set3_features,GPR,diversity_iterative,-10.636355196069434,-3.4303380739900513,-30.242043066425268,7.460648175124275,-1.3438128412029902,-0.37011662511322907,22.58964861207051,21.24583577086752,10
KIT,set3_features,GPR,diversity_oneshot,5.441262817225665,6.103191475025769,0.2857127225733356,15.533559854129066,1.567839809205671,1.6227198720715261,19.677995961661846,21.24583577086752,10
KIT,set3_features,GPR,exploitation,-18.10085853880826,-16.789294457373863,-37.378477963922506,-0.8941709032807996,-3.2987852660018397,-3.2490384919578625,24.544621036869355,21.24583577086752,10
KIT,set3_features,GPR,exploration,-4.8894213277578045,-2.5339655875712217,-16.47079161956557,23.417920148657007,0.21501909118938195,-0.407100869466011,21.030816679678132,21.24583577086752,10
KIT,set3_features,GPR,hybrid,-4.94927687197612,-0.995646291150428,-11.107950069959813,18.08254701110201,0.14142663981912557,-0.17825961819619174,21.104409131048392,21.24583577086752,10
KIT,set3_features,GPR,random_selection,0.0,0.0,0.0,0.0,0.0,0.0,21.24583577086752,21.24583577086752,10
KIT,set3_features,RF,coverage,-9.788178796261466,-4.293760538775816,-7.7817051137143505,11.993293815810183,-1.289374333447936,-0.93390877590722,26.147264924139723,24.857890590691788,10
KIT,set3_features,RF,diversity_iterative,-7.382365067446824,2.169064356473707,-15.396633795552065,7.858951879329286,-0.7432986158622213,0.3973420730960182,25.601189206554004,24.857890590691788,10
KIT,set3_features,RF,diversity_oneshot,0.5004030084556461,5.765641310480545,-24.848974413416613,22.568984984518575,1.2217172370921703,1.5922188661652186,23.636173353599617,24.857890590691788,10
KIT,set3_features,RF,exploitation,-12.131877993611571,-13.528834303079686,-25.102848127329118,8.859953977609479,-2.1223940936437113,-3.5518867298975874,26.980284684335498,24.857890590691788,10
KIT,set3_features,RF,exploration,-6.434831624196049,-7.150704940467618,-30.920696008997705,9.832146005898576,-0.6214796127864168,-1.581296731406825,25.479370203478204,24.857890590691788,10
KIT,set3_features,RF,hybrid,-0.6436599050261791,0.688425731900459,-22.21496692891396,15.316237592286495,0.8557432034895495,0.4653040422032344,24.002147387202236,24.857890590691788,10
KIT,set3_features,RF,random_selection,0.0,0.0,0.0,0.0,0.0,0.0,24.857890590691788,24.857890590691788,10
KIT,set4_features_metadata,AE_ENet,coverage,3.471355336154994,2.887695384812635,-13.864276717817475,27.22508078870427,1.3810923821166359,1.1155389790067023,26.277070874944695,27.658163257061336,10
KIT,set4_features_metadata,AE_ENet,diversity_iterative,-18.434054660784636,-13.362678622550478,-45.0372732728378,19.200025711209804,-4.845494657680906,-3.8396079951747453,32.50365791474224,27.658163257061336,10
KIT,set4_features_metadata,AE_ENet,diversity_oneshot,2.460069841732287,-3.0097991714994428,-12.410694400884264,23.824135459203696,0.4722593598316047,-0.657926894108904,27.18590389722973,27.658163257061336,10
KIT,set4_features_metadata,AE_ENet,exploitation,-33.50267138258024,-24.12669315711659,-52.209507776071945,-1.7307182223484314,-7.027623625273767,-6.590114685793642,34.6857868823351,27.658163257061336,10
KIT,set4_features_metadata,AE_ENet,exploration,8.104797883549354,7.8724252474733465,-12.456891317140924,25.220519258819913,3.4912170215312726,1.8584182797969326,24.16694623553006,27.658163257061336,10
KIT,set4_features_metadata,AE_ENet,hybrid,0.32359200650936903,-1.4108183841851454,-25.100625010032907,22.217120314722152,0.7913475183223866,-0.377687187336214,26.866815738738943,27.658163257061336,10
KIT,set4_features_metadata,AE_ENet,random_selection,0.0,0.0,0.0,0.0,0.0,0.0,27.658163257061336,27.658163257061336,10
KIT,set4_features_metadata,GPR,coverage,-4.549390947992018,-1.1397392663606178,-12.713382905072411,9.30259088737046,-0.33661092771923506,-0.1032183007384102,26.84981040726346,26.51319947954422,10
KIT,set4_features_metadata,GPR,diversity_iterative,-1.464271447596957,1.3911841445320983,-23.168301369814518,24.17451581765636,-0.27918519975176237,0.34578928817453836,26.792384679295985,26.51319947954422,10
KIT,set4_features_metadata,GPR,diversity_oneshot,-3.001664181460371,-4.2936591901277055,-12.621477871043579,12.381001647715983,0.1346125774862738,-1.0516842048599138,26.378586902057947,26.51319947954422,10
KIT,set4_features_metadata,GPR,exploitation,-3.8852455534061305,-1.180179285022136,-22.071070952689794,20.48962814318,-0.12058638534588155,-0.34097885230281477,26.633785864890104,26.51319947954422,10
KIT,set4_features_metadata,GPR,exploration,-6.224947182909185,5.375664371197468,-18.10355987604406,15.24836588801978,-0.499896500018372,1.8517645601740433,27.013095979562593,26.51319947954422,10
KIT,set4_features_metadata,GPR,hybrid,-7.4540623199440095,2.5812760719207044,-4.501403155968765,8.957851305830665,-1.2978759921210639,0.9069335775235761,27.811075471665287,26.51319947954422,10
KIT,set4_features_metadata,GPR,random_selection,0.0,0.0,0.0,0.0,0.0,0.0,26.51319947954422,26.51319947954422,10
KIT,set4_features_metadata,RF,coverage,-15.851801822298416,-4.569007217959847,-27.82091752057042,3.6767923982349324,-2.69264647150057,-1.1416057067581153,27.883928723793538,25.191282252292964,10
KIT,set4_features_metadata,RF,diversity_iterative,0.9713472284201778,-1.3579455921348589,-18.22738748108098,29.13958446918732,1.2366056778620063,-0.6218484062369907,23.95467657443096,25.191282252292964,10
KIT,set4_features_metadata,RF,diversity_oneshot,1.3790808522347475,11.997056961117663,-17.0753413906734,24.870297660204493,1.3009793556161497,3.552651297075874,23.890302896676815,25.191282252292964,10
KIT,set4_features_metadata,RF,exploitation,-16.098928884317253,-16.46554911059716,-31.736898470959893,-1.5710775411697298,-3.41172132012255,-5.10559728985975,28.603003572415513,25.191282252292964,10
KIT,set4_features_metadata,RF,exploration,-8.827578421596243,-2.492512302126096,-23.83891545605714,5.1471002667859835,-1.6183129234174534,-0.7823735719603491,26.809595175710417,25.191282252292964,10
KIT,set4_features_metadata,RF,hybrid,-6.808613472600561,-5.393865405441809,-13.385590083808546,11.631183132537965,-0.5417443349937667,-1.1672565283155016,25.73302658728673,25.191282252292964,10
KIT,set4_features_metadata,RF,random_selection,0.0,0.0,0.0,0.0,0.0,0.0,25.191282252292964,25.191282252292964,10
KIT,set5_features_metadata_corr95,AE_ENet,coverage,4.864777552053441,5.93304264483327,-13.645972541720056,17.492771368487336,2.035279882000687,2.114522345172638,29.058717948993102,31.093997830993793,10
KIT,set5_features_metadata_corr95,AE_ENet,diversity_iterative,-47.923914261694314,-33.42706805184561,-106.77413456983776,4.0299064669744435,-16.729146583236535,-11.447020125946693,47.82314441423033,31.093997830993793,10
KIT,set5_features_metadata_corr95,AE_ENet,diversity_oneshot,-9.125858307754878,-5.4215979342068445,-34.27477227097839,8.155503638126651,-2.2134986524532243,-1.967846651041512,33.30749648344702,31.093997830993793,10
KIT,set5_features_metadata_corr95,AE_ENet,exploitation,-27.677130545664625,-38.244459866016626,-56.44755963643962,-12.028346674366306,-5.877883285414482,-11.967893460284643,36.97188111640828,31.093997830993793,10
KIT,set5_features_metadata_corr95,AE_ENet,exploration,2.6928508780579357,5.616796996757629,-22.106523375229667,24.40324777228924,1.457618682846793,1.3184093052958197,29.636379148147,31.093997830993793,10
KIT,set5_features_metadata_corr95,AE_ENet,hybrid,8.20489267505425,3.4687337564406207,-0.012245084804109019,22.694405251376917,3.1689070096143075,1.4555765140951262,27.925090821379484,31.093997830993793,10
KIT,set5_features_metadata_corr95,AE_ENet,random_selection,0.0,0.0,0.0,0.0,0.0,0.0,31.093997830993793,31.093997830993793,10
KIT,set5_features_metadata_corr95,GPR,coverage,-1.4226453948542908,-2.5993966687294416,-9.12494813174437,6.5646356364654945,0.2916790444375927,-0.632874493535116,27.412185786588545,27.703864831026134,10
KIT,set5_features_metadata_corr95,GPR,diversity_iterative,-20.89882301768207,-17.979829652671512,-24.92623546499432,-3.8022697887020955,-4.953050370443064,-4.2135051558590515,32.656915201469204,27.703864831026134,10
KIT,set5_features_metadata_corr95,GPR,diversity_oneshot,-8.707123679836634,-16.4568479703767,-26.044322093833607,4.39254018355213,-1.3993183485430656,-4.424987969153921,29.103183179569204,27.703864831026134,10
KIT,set5_features_metadata_corr95,GPR,exploitation,-7.118166450995164,2.2621065067765174,-9.554722306736744,20.14043768367759,-1.0469543271905117,0.7063255955603207,28.75081915821665,27.703864831026134,10
KIT,set5_features_metadata_corr95,GPR,exploration,-4.423623533865743,4.698873954567679,-2.3978931287607064,17.362670138266754,0.26903610112493404,1.1304378699330933,27.4348287299012,27.703864831026134,10
KIT,set5_features_metadata_corr95,GPR,hybrid,-3.4285184841371183,-0.14543691698848676,-3.8067787844116934,11.890062772179153,0.07623022682373133,-0.035414453694583514,27.627634604202406,27.703864831026134,10
KIT,set5_features_metadata_corr95,GPR,random_selection,0.0,0.0,0.0,0.0,0.0,0.0,27.703864831026134,27.703864831026134,10
KIT,set5_features_metadata_corr95,RF,coverage,-0.8638257526386127,7.961904265185407,-25.895275975988042,14.812007866620789,0.7286821263178066,2.391404630329909,26.779152372966443,27.50783449928425,10
KIT,set5_features_metadata_corr95,RF,diversity_iterative,-4.312219068368121,10.640507116277217,-25.090595617094376,25.00145915967753,-0.08931285863882935,2.8361013698665225,27.59714735792308,27.50783449928425,10
KIT,set5_features_metadata_corr95,RF,diversity_oneshot,-10.228069238654225,-4.586696835918205,-35.03723458409529,3.6402162503904,-1.961003869606032,-1.265928263985673,29.46883836889028,27.50783449928425,10
KIT,set5_features_metadata_corr95,RF,exploitation,-17.13100567971876,-8.221724273900254,-33.58473018104331,-4.898049255982588,-3.5104759937129715,-2.6187583732951616,31.018310492997223,27.50783449928425,10
KIT,set5_features_metadata_corr95,RF,exploration,0.7448345025580078,2.7811121819987124,-9.737202722065431,16.95220342123434,0.665718449744752,0.9027281134686973,26.8421160495395,27.50783449928425,10
KIT,set5_features_metadata_corr95,RF,hybrid,-2.559302651825401,-1.3073326789736155,-11.674353110119048,21.25736726501677,0.3769075054392189,-0.31883028062392427,27.13092699384503,27.50783449928425,10
KIT,set5_features_metadata_corr95,RF,random_selection,0.0,0.0,0.0,0.0,0.0,0.0,27.50783449928425,27.50783449928425,10
LSD_Primary,set1_dQn_m,AE_ENet,coverage,25.764888250832787,11.684460774765405,7.865099232581507,44.05389668390695,33.34865921354025,4.020772065098079,32.298560752562175,65.64721996610243,10
LSD_Primary,set1_dQn_m,AE_ENet,diversity_iterative,21.90989205353794,5.135103156223511,-4.992675564124228,48.38920023258681,34.58678923485239,1.8037217176008795,31.060430731250033,65.64721996610243,10
LSD_Primary,set1_dQn_m,AE_ENet,diversity_oneshot,19.356380140672904,6.628494741367403,-1.3655919094496463,38.54949681094547,31.6394034094198,1.9710533556965029,34.00781655668263,65.64721996610243,10
LSD_Primary,set1_dQn_m,AE_ENet,exploitation,-14.450100020004504,15.776513188777384,-44.33996767419358,26.92514567351604,-13.73256042430707,5.611063797079897,79.3797803904095,65.64721996610243,10
LSD_Primary,set1_dQn_m,AE_ENet,exploration,21.12558244071532,4.380224271671844,-1.6175333744723217,35.46614654026299,31.949116797370845,1.3422202535111634,33.69810316873158,65.64721996610243,10
LSD_Primary,set1_dQn_m,AE_ENet,hybrid,17.651546561853973,4.067397664811847,-0.7990545655169535,35.20480620214996,30.455418803948003,1.400714323041445,35.19180116215442,65.64721996610243,10
LSD_Primary,set1_dQn_m,AE_ENet,random_selection,0.0,0.0,0.0,0.0,0.0,0.0,65.64721996610243,65.64721996610243,10
LSD_Primary,set1_dQn_m,GPR,coverage,37.633229693442644,42.58603520131323,13.719742328734583,61.05160721078453,41.20067312461987,30.023004109207214,34.86602795563409,76.06670108025396,10
LSD_Primary,set1_dQn_m,GPR,diversity_iterative,32.968068475187145,36.929886807078454,2.967840914625594,60.78441368867106,40.827568508682575,22.72983767766397,35.239132571571375,76.06670108025396,10
LSD_Primary,set1_dQn_m,GPR,diversity_oneshot,41.006196573907204,43.02295485971722,25.960877555894925,64.55813343786365,44.03919771462074,31.267701011310763,32.02750336563321,76.06670108025396,10
LSD_Primary,set1_dQn_m,GPR,exploitation,-62.22898998835977,-27.51637204635672,-40.747417488721645,-20.285169051999205,-28.424393994629337,-18.42679828953294,104.49109507488329,76.06670108025396,10
LSD_Primary,set1_dQn_m,GPR,exploration,41.27422819544993,45.07683241793293,21.20762351129163,68.18519120195707,45.178149882911335,30.964265541987103,30.888551197342622,76.06670108025396,10
LSD_Primary,set1_dQn_m,GPR,hybrid,40.168823163803914,47.15906572578653,12.341260524616615,64.27942952684168,44.194239189154075,30.361892499647556,31.87246189109988,76.06670108025396,10
LSD_Primary,set1_dQn_m,GPR,random_selection,0.0,0.0,0.0,0.0,0.0,0.0,76.06670108025396,76.06670108025396,10
LSD_Primary,set1_dQn_m,RF,coverage,17.891713406193965,21.777491988153276,6.87586279497528,39.49081743570899,13.460931039045814,7.553767163532267,32.46033212041022,45.92126315945603,10
LSD_Primary,set1_dQn_m,RF,diversity_iterative,19.267832383458153,28.41415345217947,-10.099110213957715,46.08982576212998,14.83060013668827,12.24140107688353,31.090663022767764,45.92126315945603,10
LSD_Primary,set1_dQn_m,RF,diversity_oneshot,30.376547997391913,35.75756030085908,9.37810004590691,53.31501936312364,17.243007327119578,13.7647115485169,28.678255832336454,45.92126315945603,10
LSD_Primary,set1_dQn_m,RF,exploitation,-22.587609055360062,-28.493003759088978,-40.779288991739506,-17.229591930665453,-11.421394629966365,-11.412256206886113,57.342657789422404,45.92126315945603,10
LSD_Primary,set1_dQn_m,RF,exploration,1.2525203796038944,-6.604046855843915,-21.319852537132213,21.461031112030568,2.956034626404091,-1.4184351999894682,42.96522853305194,45.92126315945603,10
LSD_Primary,set1_dQn_m,RF,hybrid,13.721240999006616,21.794973545825428,-0.37071578181857223,26.789014453484185,10.42314181115455,7.7594384774354985,35.49812134830148,45.92126315945603,10
LSD_Primary,set1_dQn_m,RF,random_selection,0.0,0.0,0.0,0.0,0.0,0.0,45.92126315945603,45.92126315945603,10
LSD_Primary,set2_early_soh,AE_ENet,coverage,4.782369789366996,4.7850003531944045,-8.187931950370487,19.297090959048006,2.8838003521681257,1.4136218472697681,35.296673158279425,38.180473510447555,10
LSD_Primary,set2_early_soh,AE_ENet,diversity_iterative,-2.4350777020670833,-1.786306473181987,-11.748025174676163,9.444680989392047,0.1927006570556582,-0.4798077828920988,37.98777285339189,38.180473510447555,10
LSD_Primary,set2_early_soh,AE_ENet,diversity_oneshot,3.5019253387743925,1.9745652165549663,-5.323353769997748,13.894292525098443,2.6070244859753537,0.6300228784944917,35.5734490244722,38.180473510447555,10
LSD_Primary,set2_early_soh,AE_ENet,exploitation,-2.6658508422989864,-5.449856827985024,-11.24636296419117,6.237351677231073,-0.518069204358462,-1.7503618356883592,38.69854271480601,38.180473510447555,10
LSD_Primary,set2_early_soh,AE_ENet,exploration,4.130591801232671,5.76398564686485,-6.090724012246286,12.65700125901932,2.3996574273351454,2.2088412365296186,35.78081608311241,38.180473510447555,10
LSD_Primary,set2_early_soh,AE_ENet,hybrid,3.1566451635141553,4.907123191446108,-10.069132136988513,14.374038552088864,2.2531430591672263,1.417149291656326,35.927330451280326,38.180473510447555,10
LSD_Primary,set2_early_soh,AE_ENet,random_selection,0.0,0.0,0.0,0.0,0.0,0.0,38.180473510447555,38.180473510447555,10
LSD_Primary,set2_early_soh,GPR,coverage,33.00400675897448,20.81486368434485,2.33829885221275,66.9477164816563,46.11952142731426,10.386108254920082,40.91760731111618,87.03712873843043,10
LSD_Primary,set2_early_soh,GPR,diversity_iterative,40.024004330424034,41.15813755512271,16.32583089355683,58.202523821665004,47.76538498932964,19.755464405886073,39.27174374910079,87.03712873843043,10
LSD_Primary,set2_early_soh,GPR,diversity_oneshot,39.70952845925818,43.804829745098004,7.978774348434694,65.65627144018843,48.763071326434755,21.074374007885638,38.274057411995685,87.03712873843043,10
LSD_Primary,set2_early_soh,GPR,exploitation,-12.86030858015199,-9.386709013287563,-52.321083888207745,7.731800103004312,4.275296902757117,-3.6612734594968046,82.7618318356733,87.03712873843043,10
LSD_Primary,set2_early_soh,GPR,exploration,31.138706513229135,21.60880250344747,8.643263012186502,56.17110985847474,40.80115377486837,11.63135606273783,46.235974963562064,87.03712873843043,10
LSD_Primary,set2_early_soh,GPR,hybrid,35.98043472106167,21.82869235967524,11.160343529641414,63.3917999880157,46.36325012810827,10.539911927123534,40.67387861032216,87.03712873843043,10
LSD_Primary,set2_early_soh,GPR,random_selection,0.0,0.0,0.0,0.0,0.0,0.0,87.03712873843043,87.03712873843043,10
LSD_Primary,set2_early_soh,RF,coverage,26.91094588510405,28.981752483037255,4.008362946032812,38.871223695909535,25.871239399404864,13.681539079065239,45.3706237360107,71.24186313541556,10
LSD_Primary,set2_early_soh,RF,diversity_iterative,27.763691393373428,26.38514553769801,8.350963160699406,44.70383637455358,26.54351577907378,13.701131057209377,44.698347356341785,71.24186313541556,10
LSD_Primary,set2_early_soh,RF,diversity_oneshot,27.835777595584393,26.377191221342507,11.782985313759092,42.828970897611185,25.66225458386424,14.023877676231002,45.579608551551324,71.24186313541556,10
LSD_Primary,set2_early_soh,RF,exploitation,-19.07572684340372,0.042242839207200955,-54.262087417764114,7.457210112842832,-8.776247090663981,-0.0070777295422566056,80.01811022607954,71.24186313541556,10
LSD_Primary,set2_early_soh,RF,exploration,-2.03661108784504,3.5143791257025727,-14.921617546636309,26.77593660169109,-1.2487085408358738,1.267832694760493,72.49057167625143,71.24186313541556,10
LSD_Primary,set2_early_soh,RF,hybrid,21.441146563420297,22.82949971344261,13.010230600524245,27.062621781431123,20.410006328651306,13.17704332664465,50.83185680676425,71.24186313541556,10
LSD_Primary,set2_early_soh,RF,random_selection,0.0,0.0,0.0,0.0,0.0,0.0,71.24186313541556,71.24186313541556,10
LSD_Primary,set3_features,AE_ENet,coverage,14.735956500992279,-9.157920072641119,-21.78416794982686,56.00144215036868,34.863315962870395,-2.1679809921292943,61.12898472285845,95.99230068572884,10
LSD_Primary,set3_features,AE_ENet,diversity_iterative,22.164654315951218,12.790153983939998,-3.1603215356558327,60.39634679257192,24.7741028490926,3.8506007438467407,71.21819783663622,95.99230068572884,10
LSD_Primary,set3_features,AE_ENet,diversity_oneshot,27.871706765492114,30.418007959618993,-4.462119688565016,66.5241727080692,58.63853512321221,20.86033749417534,37.35376556251662,95.99230068572884,10
LSD_Primary,set3_features,AE_ENet,exploitation,-106.01662824628404,-25.098784173796194,-35.966634217432805,8.947319886594066,-29.60806008853394,-5.225414107394441,125.60036077426278,95.99230068572884,10
LSD_Primary,set3_features,AE_ENet,exploration,11.2910874322361,-2.550202466824098,-17.812940590771763,49.60102566074385,23.72037683404683,-0.21922502009927847,72.271923851682,95.99230068572884,10
LSD_Primary,set3_features,AE_ENet,hybrid,11.444490689035481,-11.457831637120734,-19.023726156649943,51.0022479121933,30.18556306969496,-3.538504648625194,65.80673761603387,95.99230068572884,10
LSD_Primary,set3_features,AE_ENet,random_selection,0.0,0.0,0.0,0.0,0.0,0.0,95.99230068572884,95.99230068572884,10
LSD_Primary,set3_features,GPR,coverage,14.500449770785414,11.79741113025176,-3.9468668427827334,33.3858979190112,18.39779496977149,6.01261155469971,37.517560211146424,55.91535518091791,10
LSD_Primary,set3_features,GPR,diversity_iterative,10.249151730256951,6.407148534690972,-9.04238951806418,33.84731315177787,14.031732551097871,4.3326181814161,41.883622629820046,55.91535518091791,10
LSD_Primary,set3_features,GPR,diversity_oneshot,12.84342086311039,15.321327177782344,2.153697207861434,40.36494830287059,17.015546789551195,6.610427599698669,38.89980839136672,55.91535518091791,10
LSD_Primary,set3_features,GPR,exploitation,-47.74077906507042,-45.34343734886921,-68.89967175865893,-23.03408784491451,-21.931054809252956,-13.706893394478882,77.84640999017088,55.91535518091791,10
LSD_Primary,set3_features,GPR,exploration,14.337267355280773,12.528718437284134,-7.244492575113822,36.167249087774806,17.878285689199554,6.4111737060003655,38.03706949171836,55.91535518091791,10
LSD_Primary,set3_features,GPR,hybrid,14.947125297031983,11.977747768717546,0.04351369349153389,38.702201648281765,18.150378588952055,4.531157433020692,37.76497659196586,55.91535518091791,10
LSD_Primary,set3_features,GPR,random_selection,0.0,0.0,0.0,0.0,0.0,0.0,55.91535518091791,55.91535518091791,10
LSD_Primary,set3_features,RF,coverage,18.15194926079303,19.730373491188914,-10.687574119033771,43.1675751614061,14.384670323409932,7.703660969095381,32.816649008968014,47.20131933237794,10
LSD_Primary,set3_features,RF,diversity_iterative,5.766458664633008,13.781310624315374,-21.763545082185207,41.98564172173568,10.003274424444035,7.681738512456082,37.19804490793391,47.20131933237794,10
LSD_Primary,set3_features,RF,diversity_oneshot,15.231977467700426,21.504327000817412,-14.115699418170557,47.09669051489239,13.57157096477402,8.384950576695408,33.62974836760392,47.20131933237794,10
LSD_Primary,set3_features,RF,exploitation,-24.631320225840337,-0.5919036084068615,-46.02749907824275,3.711397298512354,-5.47191035090063,-0.45008648661164585,52.67322968327858,47.20131933237794,10
LSD_Primary,set3_features,RF,exploration,7.148815528123171,3.221221189227064,-13.590944859247832,35.634428629833884,10.067084937847978,1.4089056910132864,37.13423439452997,47.20131933237794,10
LSD_Primary,set3_features,RF,hybrid,12.870653451499226,15.91005052665573,-4.664472862949074,46.76531674073298,12.699987752483464,6.093262062622889,34.50133157989448,47.20131933237794,10
LSD_Primary,set3_features,RF,random_selection,0.0,0.0,0.0,0.0,0.0,0.0,47.20131933237794,47.20131933237794,10
LSD_Primary,set4_features_metadata,AE_ENet,coverage,10.823707318753305,0.8443498667392233,-31.304171433278132,75.29152511760613,67.49849839663845,0.04136884944775332,34.25990043578838,101.75839883242683,10
LSD_Primary,set4_features_metadata,AE_ENet,diversity_iterative,-13.893159640970879,10.121644205678715,-28.321445643804044,70.10444378077976,57.36047475410243,2.5647557191550305,44.39792407832441,101.75839883242683,10
LSD_Primary,set4_features_metadata,AE_ENet,diversity_oneshot,34.7212566539921,22.176446348324436,-0.25381678828568166,80.14226499190201,74.58132300756166,7.329515496159459,27.17707582486518,101.75839883242683,10
LSD_Primary,set4_features_metadata,AE_ENet,exploitation,-64.74091192712885,-26.5990410410039,-51.09368809639069,-3.7911892034442363,-26.246236199289598,-8.804215204531388,128.00463503171645,101.75839883242683,10
LSD_Primary,set4_features_metadata,AE_ENet,exploration,24.667993090925297,15.36422845496026,-10.937799598542917,70.1051183855578,71.59925941862545,5.281211670517811,30.15913941380138,101.75839883242683,10
LSD_Primary,set4_features_metadata,AE_ENet,hybrid,25.855003501851364,21.395128094849653,13.240793572895054,71.20515809875808,69.86763344238935,6.764367792979549,31.890765390037508,101.75839883242683,10
LSD_Primary,set4_features_metadata,AE_ENet,random_selection,0.0,0.0,0.0,0.0,0.0,0.0,101.75839883242683,101.75839883242683,10
LSD_Primary,set4_features_metadata,GPR,coverage,26.209366793789304,24.736656094241326,12.093109205963565,34.6168274922767,28.433340059346044,9.820279265855506,38.56236456585726,66.9957046252033,10
LSD_Primary,set4_features_metadata,GPR,diversity_iterative,-2.638768132827168,-7.458655243993414,-22.771412604440624,26.20319338554204,13.49384985734705,-3.8150180611729603,53.50185476785625,66.9957046252033,10
LSD_Primary,set4_features_metadata,GPR,diversity_oneshot,35.8313622705569,35.36633504089869,21.524806943558445,43.712489936741136,32.67633715394713,16.500801940677444,34.31936747125617,66.9957046252033,10
LSD_Primary,set4_features_metadata,GPR,exploitation,-40.95029134629635,-32.35311644397663,-62.25147032144923,-3.6222753435468737,-23.790567498301414,-12.541472327780317,90.78627212350473,66.9957046252033,10
LSD_Primary,set4_features_metadata,GPR,exploration,20.694957327276068,28.896127961743343,2.6778939345327424,33.44252036558443,25.66383823773243,11.652417148019532,41.33186638747087,66.9957046252033,10
LSD_Primary,set4_features_metadata,GPR,hybrid,28.800249316474208,29.510196248520806,13.973362495571306,36.87549950802715,29.882557424326798,12.633527578005188,37.113147200876504,66.9957046252033,10
LSD_Primary,set4_features_metadata,GPR,random_selection,0.0,0.0,0.0,0.0,0.0,0.0,66.9957046252033,66.9957046252033,10
LSD_Primary,set4_features_metadata,RF,coverage,17.396649784144113,15.59999470995747,-4.504638850114672,42.8039041314742,14.767996938316378,6.276492444792851,33.21717478089069,47.98517171920706,10
LSD_Primary,set4_features_metadata,RF,diversity_iterative,14.506422110178585,17.203498938644497,3.3156908161260468,38.88635157135652,13.296851691025244,8.421723877596522,34.68832002818182,47.98517171920706,10
LSD_Primary,set4_features_metadata,RF,diversity_oneshot,16.70048676720814,21.49587905004941,-10.684717059939887,46.83986863858558,14.910763422501816,8.910641284268698,33.07440829670524,47.98517171920706,10
LSD_Primary,set4_features_metadata,RF,exploitation,-29.868495600122532,-4.476560457974068,-56.59839118072518,11.12913524913424,-22.087231930807036,0.3915179430301965,70.0724036500141,47.98517171920706,10
LSD_Primary,set4_features_metadata,RF,exploration,-12.007869643608045,-12.517052501991834,-18.54529493097563,8.541804738894811,2.945834622769157,-3.7256042274607495,45.039337096437905,47.98517171920706,10
LSD_Primary,set4_features_metadata,RF,hybrid,15.033606890458788,10.47945472634336,-1.6260252422692383,34.4595005765228,13.378473194150018,4.076459929590914,34.60669852505704,47.98517171920706,10
LSD_Primary,set4_features_metadata,RF,random_selection,0.0,0.0,0.0,0.0,0.0,0.0,47.98517171920706,47.98517171920706,10
LSD_Primary,set5_features_metadata_corr95,AE_ENet,coverage,16.841406000067938,2.727722322727575,-6.331837066192449,68.61527251237588,62.916944833903834,1.2294321243165491,32.18661257586111,95.10355740976495,10
LSD_Primary,set5_features_metadata_corr95,AE_ENet,diversity_iterative,-5.634861401363068,5.6649731699549175,-60.5403287853453,78.57289095190798,57.751134346267136,1.417887645200734,37.35242306349781,95.10355740976495,10
LSD_Primary,set5_features_metadata_corr95,AE_ENet,diversity_oneshot,30.250957286495446,15.244542492569028,-0.03512338100916257,73.51587796724091,65.03916591397783,4.626375891564498,30.064391495787124,95.10355740976495,10
LSD_Primary,set5_features_metadata_corr95,AE_ENet,exploitation,-52.36014880570457,-26.31668941842957,-53.04287183451913,-1.3118522329182296,-28.82436767168347,-6.609069858389741,123.92792508144842,95.10355740976495,10
LSD_Primary,set5_features_metadata_corr95,AE_ENet,exploration,11.989232639049078,25.017188541511594,0.6829874914223687,69.88990827518126,64.03027777108143,8.569064997325789,31.073279638683506,95.10355740976495,10
LSD_Primary,set5_features_metadata_corr95,AE_ENet,hybrid,13.596543549233918,8.904726970483635,-9.18604743053776,68.60289233485356,63.15718199151752,3.2133152804259453,31.94637541824742,95.10355740976495,10
LSD_Primary,set5_features_metadata_corr95,AE_ENet,random_selection,0.0,0.0,0.0,0.0,0.0,0.0,95.10355740976495,95.10355740976495,10
LSD_Primary,set5_features_metadata_corr95,GPR,coverage,20.00614009631159,21.754506933483277,3.427725279270887,24.718420522081892,24.762097758520373,8.359709549377397,43.365370400195395,68.12746815871576,10
LSD_Primary,set5_features_metadata_corr95,GPR,diversity_iterative,-15.549180020881593,-11.74385220914256,-44.13363277121262,28.83881953431099,7.332291999372498,-6.5101268981468206,60.79517615934327,68.12746815871576,10
LSD_Primary,set5_features_metadata_corr95,GPR,diversity_oneshot,29.297695791875185,34.36786472372073,8.253993071722615,44.13151325373988,32.49235526081245,15.215281089276953,35.63511289790331,68.12746815871576,10
LSD_Primary,set5_features_metadata_corr95,GPR,exploitation,-34.50708930259977,-36.74166619607672,-58.75371952455747,2.6003266690909546,-21.577171490065048,-18.978058616403814,89.70463964878081,68.12746815871576,10
LSD_Primary,set5_features_metadata_corr95,GPR,exploration,12.781707795881175,19.016494502756565,-10.673551012467462,24.721974395776332,21.875016387550943,7.0424447127680025,46.25245177116482,68.12746815871576,10
LSD_Primary,set5_features_metadata_corr95,GPR,hybrid,24.193141462992724,23.119048162026864,4.161686938073619,37.26329286037378,28.622432517143572,13.789190088588557,39.50503564157219,68.12746815871576,10
LSD_Primary,set5_features_metadata_corr95,GPR,random_selection,0.0,0.0,0.0,0.0,0.0,0.0,68.12746815871576,68.12746815871576,10
LSD_Primary,set5_features_metadata_corr95,RF,coverage,15.584480325307862,13.55761548594919,-4.240076997778353,43.01502066660909,13.626686473226343,5.8484631951415516,34.82872729073354,48.45541376395988,10
LSD_Primary,set5_features_metadata_corr95,RF,diversity_iterative,14.578159949110177,25.339207494373355,-0.4158400103166122,36.14182691413584,12.361397395257892,10.997633304762665,36.094016368701986,48.45541376395988,10
LSD_Primary,set5_features_metadata_corr95,RF,diversity_oneshot,15.029015020595835,17.32243437954911,-16.19655415430362,39.40094049693426,13.731246115082296,7.473699486760232,34.72416764887758,48.45541376395988,10
LSD_Primary,set5_features_metadata_corr95,RF,exploitation,-19.306242090597756,-24.770092581071584,-35.510271808633256,6.439818566242112,-6.672881195406253,-8.84571744262599,55.12829495936613,48.45541376395988,10
LSD_Primary,set5_features_metadata_corr95,RF,exploration,2.815338679154492,5.088681621007699,-14.661108504418248,25.18541331730567,6.976786088795132,2.303726967912116,41.47862767516475,48.45541376395988,10
LSD_Primary,set5_features_metadata_corr95,RF,hybrid,20.872107182542212,19.07336555645787,3.4716432205322674,49.17480515467632,15.775396968002088,7.7463305904377115,32.6800167959578,48.45541376395988,10
LSD_Primary,set5_features_metadata_corr95,RF,random_selection,0.0,0.0,0.0,0.0,0.0,0.0,48.45541376395988,48.45541376395988,10
LSD_Second,set1_dQn_m,AE_ENet,coverage,-21.754314208749893,-22.37588377151419,-44.75516080800335,-4.913683376288351,-4.679468559170823,-6.471951336641737,31.651294510444888,26.971825951274063,10
LSD_Second,set1_dQn_m,AE_ENet,diversity_iterative,-11.591507473269784,-15.237369342073212,-20.77685435182071,0.850089337323513,-2.3438630078951523,-3.694092032344571,29.315688959169215,26.971825951274063,10
LSD_Second,set1_dQn_m,AE_ENet,diversity_oneshot,-4.209197126923401,-6.949149646955349,-15.800694610879903,18.39465575279243,0.08002629919646331,-1.6147985774846312,26.8917996520776,26.971825951274063,10
LSD_Second,set1_dQn_m,AE_ENet,exploitation,1.6261447611108253,6.589536514967343,-5.582560754786547,19.091296600558998,1.0133962899536444,1.1146750204964126,25.958429661320423,26.971825951274063,10
LSD_Second,set1_dQn_m,AE_ENet,exploration,-34.671522439180436,-40.13611567376449,-62.06846301714796,-1.9211459305966152,-8.698079792009677,-12.40290854356467,35.66990574328374,26.971825951274063,10
LSD_Second,set1_dQn_m,AE_ENet,hybrid,-15.01228727937983,-8.19990997228709,-35.84326057051464,-0.8790342450048152,-3.6504908679770907,-1.8863561420939785,30.622316819251154,26.971825951274063,10
LSD_Second,set1_dQn_m,AE_ENet,random_selection,0.0,0.0,0.0,0.0,0.0,0.0,26.971825951274063,26.971825951274063,10
LSD_Second,set1_dQn_m,GPR,coverage,8.857428884249758,8.584868253153443,-6.428288511448813,27.243068297377814,2.6041522889251065,2.0513096043265353,18.962686411459252,21.56683870038436,10
LSD_Second,set1_dQn_m,GPR,diversity_iterative,-40.74100908334991,-17.855567131877827,-36.50433588773561,8.642177778168072,-4.42211722372811,-3.327922025562758,25.988955924112467,21.56683870038436,10
LSD_Second,set1_dQn_m,GPR,diversity_oneshot,7.3185056679164235,10.091400803970252,-3.8928730855034415,13.797326831181465,2.6591855410560554,2.2148406000646217,18.9076531593283,21.56683870038436,10
LSD_Second,set1_dQn_m,GPR,exploitation,-33.89216395630958,-5.474161764369706,-30.144400233039562,1.0595836393067293,-3.8862929521711607,-1.1750795288283076,25.45313165255552,21.56683870038436,10
LSD_Second,set1_dQn_m,GPR,exploration,-0.21235891866365142,-5.812883983980036,-15.805650083815191,17.20752004976711,0.9458078704269031,-1.3196141604823595,20.621030829957455,21.56683870038436,10
LSD_Second,set1_dQn_m,GPR,hybrid,10.23784613089074,7.009831898897192,-5.8392343316125075,30.350217965822168,3.1400041223017623,1.5284878599576768,18.426834578082595,21.56683870038436,10
LSD_Second,set1_dQn_m,GPR,random_selection,0.0,0.0,0.0,0.0,0.0,0.0,21.56683870038436,21.56683870038436,10
LSD_Second,set1_dQn_m,RF,coverage,-0.2557710237249694,1.1244942650148189,-8.558910715180996,18.888853983860017,2.597055974950192,0.7668096143551821,32.658048309837206,35.2551042847874,10
LSD_Second,set1_dQn_m,RF,diversity_iterative,17.423118327083266,13.791091350016053,0.12158979025485744,31.647722333663317,7.839193518931995,4.856338527779743,27.415910765855404,35.2551042847874,10
LSD_Second,set1_dQn_m,RF,diversity_oneshot,10.67245654486882,8.628163981323775,-0.23043123124363118,22.17638156247743,6.036400737140546,3.256646312665776,29.21870354764685,35.2551042847874,10
LSD_Second,set1_dQn_m,RF,exploitation,-12.599649582997818,-10.230754013001976,-63.700177598714674,37.385630104164214,-1.273567580960035,-3.088929510158973,36.528671865747434,35.2551042847874,10
LSD_Second,set1_dQn_m,RF,exploration,-36.94720118213631,-7.389271189011005,-44.58681150457196,18.78454887535812,-11.993859012629915,-2.895252277619857,47.24896329741731,35.2551042847874,10
LSD_Second,set1_dQn_m,RF,hybrid,4.674945697953084,6.76655205240327,-12.555181226025336,12.989179817290637,4.019126969361994,2.339751426416994,31.23597731542541,35.2551042847874,10
LSD_Second,set1_dQn_m,RF,random_selection,0.0,0.0,0.0,0.0,0.0,0.0,35.2551042847874,35.2551042847874,10
LSD_Second,set2_early_soh,AE_ENet,coverage,10.87076697442161,10.191652505616123,-1.3824391520240935,22.372415214592955,5.860196827212487,4.955905813694443,37.83659620335156,43.69679303056405,10
LSD_Second,set2_early_soh,AE_ENet,diversity_iterative,11.27475066901716,15.633821907280652,0.5177240148709683,23.362289182081106,7.168893909938089,6.885653116893472,36.52789912062596,43.69679303056405,10
LSD_Second,set2_early_soh,AE_ENet,diversity_oneshot,8.37685258737135,14.074810628960822,-4.845374359165908,20.875555957096076,4.909520288606393,5.114319053130865,38.78727274195766,43.69679303056405,10
LSD_Second,set2_early_soh,AE_ENet,exploitation,-2.9079175478220116,-14.17408649546934,-16.35611625865053,19.06930421340132,0.41865383653736077,-4.534788749473794,43.278139194026686,43.69679303056405,10
LSD_Second,set2_early_soh,AE_ENet,exploration,-1.3210429004626836,-0.2968340189265312,-14.48561007363045,18.84474564707713,0.5854098585471,-0.09267713656222654,43.11138317201695,43.69679303056405,10
LSD_Second,set2_early_soh,AE_ENet,hybrid,7.125818116111101,2.5505759739390084,-10.520546172920012,16.369871346288754,3.9987261097222166,0.9432125321648819,39.69806692084184,43.69679303056405,10
LSD_Second,set2_early_soh,AE_ENet,random_selection,0.0,0.0,0.0,0.0,0.0,0.0,43.69679303056405,43.69679303056405,10
LSD_Second,set2_early_soh,GPR,coverage,9.221611444758727,5.964823582173533,-2.3762789528175614,20.386161055695077,4.479778354710395,2.0440489690824073,34.035696561264004,38.515474915974394,10
LSD_Second,set2_early_soh,GPR,diversity_iterative,6.427168433716512,8.462950620487842,-4.702816605887429,20.246988882793794,3.703168705150598,2.953844332180763,34.8123062108238,38.515474915974394,10
LSD_Second,set2_early_soh,GPR,diversity_oneshot,-3.740903712766346,-7.373653455459168,-19.441147546553,7.320436858929883,-0.807366560965151,-2.2939735042632297,39.32284147693955,38.515474915974394,10
LSD_Second,set2_early_soh,GPR,exploitation,16.789947979033332,14.839080393877458,5.691785504951838,27.556530923325692,7.484081424163483,5.901628427396837,31.03139349181091,38.515474915974394,10
LSD_Second,set2_early_soh,GPR,exploration,11.858451136479232,11.585488762233865,-2.7638013782556037,23.082805066913775,5.902043545053969,4.17868668059319,32.61343137092042,38.515474915974394,10
LSD_Second,set2_early_soh,GPR,hybrid,9.169448798293017,6.263421177222001,1.6124983117160485,10.362665828241001,4.471875071445263,2.6008498647637843,34.04359984452914,38.515474915974394,10
LSD_Second,set2_early_soh,GPR,random_selection,0.0,0.0,0.0,0.0,0.0,0.0,38.515474915974394,38.515474915974394,10
LSD_Second,set2_early_soh,RF,coverage,21.194395686480863,21.86342974983974,1.0995800553940978,41.21827816599203,13.69142628364582,15.3935282211778,38.277988620315185,51.969414903961,10
LSD_Second,set2_early_soh,RF,diversity_iterative,7.556218548790713,5.373927973394208,-12.208104705668829,25.121719685145912,8.4017938766242,3.313891609728268,43.567621027336806,51.969414903961,10
LSD_Second,set2_early_soh,RF,diversity_oneshot,13.592092323054953,24.926593044518622,-5.321717414062921,29.143103273431972,10.80840903565137,12.409080778901004,41.16100586830963,51.969414903961,10
LSD_Second,set2_early_soh,RF,exploitation,15.949432168023145,18.931473129156924,-1.8834891199474446,34.42947782570198,11.705052455712595,11.048638169527866,40.264362448248406,51.969414903961,10
LSD_Second,set2_early_soh,RF,exploration,21.52052678824932,19.941829938798815,5.848165245123579,40.13998368491811,13.03901558330694,10.812206510185607,38.93039932065407,51.969414903961,10
LSD_Second,set2_early_soh,RF,hybrid,18.788513850448528,18.94878714595553,2.669492563896543,41.81902187852972,12.60312987842843,10.655441730936992,39.36628502553258,51.969414903961,10
LSD_Second,set2_early_soh,RF,random_selection,0.0,0.0,0.0,0.0,0.0,0.0,51.969414903961,51.969414903961,10
LSD_Second,set3_features,AE_ENet,coverage,-16.446455101136877,-19.361012647388666,-39.163463188528944,11.883803920283986,-3.5190351594842424,-3.880953731517014,28.188590933642292,24.66955577415805,10
LSD_Second,set3_features,AE_ENet,diversity_iterative,-22.508195417209986,-26.707363966541827,-43.017653268065395,3.4256556023026175,-4.140433147534946,-6.511178478692884,28.809988921692998,24.66955577415805,10
LSD_Second,set3_features,AE_ENet,diversity_oneshot,-6.131655392071788,-11.192556694510007,-14.356504041881205,5.452095113854327,-1.1731917936981198,-2.094253545413001,25.84274756785617,24.66955577415805,10
LSD_Second,set3_features,AE_ENet,exploitation,-17.086175159482288,-8.691745508148504,-35.43154747079667,2.4007863216316725,-2.8112593501433873,-2.2586903609366455,27.480815124301436,24.66955577415805,10
LSD_Second,set3_features,AE_ENet,exploration,-8.590099336630798,-16.16144830183888,-33.72769573032198,19.131395737334064,-1.2579645018739936,-3.179601799182695,25.927520276032045,24.66955577415805,10
LSD_Second,set3_features,AE_ENet,hybrid,-5.6350467129435895,-5.108147651017654,-21.182422853238297,8.250733244473844,-0.6497304662287107,-0.810892888987139,25.31928624038676,24.66955577415805,10
LSD_Second,set3_features,AE_ENet,random_selection,0.0,0.0,0.0,0.0,0.0,0.0,24.66955577415805,24.66955577415805,10
LSD_Second,set3_features,GPR,coverage,-7.988061234416397,9.731531899977556,-21.889989146484083,28.283074880919997,-0.9049374082000738,2.615562207204629,24.253123550334973,23.3481861421349,10
LSD_Second,set3_features,GPR,diversity_iterative,-10.819249369846313,-7.199156288200139,-23.461298542995287,9.998550803468365,-1.385784640370641,-1.2665528723746409,24.73397078250554,23.3481861421349,10
LSD_Second,set3_features,GPR,diversity_oneshot,1.074015726582104,10.140455361048321,-21.809209376451967,14.05211334935375,1.0729560250460355,2.248057060604287,22.275230117088864,23.3481861421349,10
LSD_Second,set3_features,GPR,exploitation,-1.8175065882132144,-2.2941789910460137,-12.563596233003398,10.445012213880778,-0.5073435618080001,-0.5853811345547228,23.8555297039429,23.3481861421349,10
LSD_Second,set3_features,GPR,exploration,3.300584931319166,9.75726133442341,-10.322166654750223,23.004008639713962,1.682884366804324,1.9413672985624597,21.665301775330576,23.3481861421349,10
LSD_Second,set3_features,GPR,hybrid,-1.3134158272445404,4.576790191714629,-22.640453068176456,21.105541291617666,0.6297901361586146,0.9055697045589266,22.718396005976285,23.3481861421349,10
LSD_Second,set3_features,GPR,random_selection,0.0,0.0,0.0,0.0,0.0,0.0,23.3481861421349,23.3481861421349,10
LSD_Second,set3_features,RF,coverage,-11.501935424048304,-4.731039146293838,-22.48798103312643,9.57033010020208,-3.2792212377079593,-1.3363189127483324,38.03824190821613,34.75902067050817,10
LSD_Second,set3_features,RF,diversity_iterative,0.8296230905083088,8.314302006375657,-14.934578949301834,15.398523352354863,2.1186709776010644,2.7040699378111235,32.64034969290711,34.75902067050817,10
LSD_Second,set3_features,RF,diversity_oneshot,5.306843902447771,6.232478279064287,-4.005097331947498,16.804465840342033,3.230517297552857,2.189715540085995,31.52850337295531,34.75902067050817,10
LSD_Second,set3_features,RF,exploitation,-8.346019209034504,-5.732087198919468,-17.869829302413518,-1.7702956538293662,-4.070575870681174,-1.3778163844725988,38.829596541189346,34.75902067050817,10
LSD_Second,set3_features,RF,exploration,4.448414361173218,9.402418085743996,-10.286760227859984,16.90476566541202,2.070138278823032,2.7708204292555365,32.68888239168514,34.75902067050817,10
LSD_Second,set3_features,RF,hybrid,-0.08817151547599238,-0.153683711654517,-9.52221166633986,10.45588410304427,0.5267786793572149,-0.07745387902922118,34.23224199115096,34.75902067050817,10
LSD_Second,set3_features,RF,random_selection,0.0,0.0,0.0,0.0,0.0,0.0,34.75902067050817,34.75902067050817,10
LSD_Second,set4_features_metadata,AE_ENet,coverage,-18.106792890748775,-15.786076831665394,-51.27482872562267,11.98052604562429,-3.609182365998296,-3.921285209867376,30.85105544909002,27.24187308309172,10
LSD_Second,set4_features_metadata,AE_ENet,diversity_iterative,0.4863440110083418,-0.11326351130742363,-19.00882760899529,16.978996458049753,1.7827290952726897,-0.09514919595178561,25.459143987819026,27.24187308309172,10
LSD_Second,set4_features_metadata,AE_ENet,diversity_oneshot,-13.493068514046035,-6.041452263201864,-29.336296180926055,24.555027347186293,-1.190090610610067,-1.8272032425170082,28.431963693701782,27.24187308309172,10
LSD_Second,set4_features_metadata,AE_ENet,exploitation,0.826219983012939,3.2828417320921375,-14.85011511833126,23.4905722902121,1.6504882129378025,0.8530474088084503,25.591384870153917,27.24187308309172,10
LSD_Second,set4_features_metadata,AE_ENet,exploration,-16.891955091588265,-13.004159958362951,-22.38213997776001,2.7590543849450473,-3.0499273630480195,-2.9461096401963527,30.29180044613974,27.24187308309172,10
LSD_Second,set4_features_metadata,AE_ENet,hybrid,-14.847223557607185,-6.258892387530405,-26.218323454704414,9.193199942370068,-3.1674302059916832,-1.9337430554466373,30.409303289083404,27.24187308309172,10
LSD_Second,set4_features_metadata,AE_ENet,random_selection,0.0,0.0,0.0,0.0,0.0,0.0,27.24187308309172,27.24187308309172,10
LSD_Second,set4_features_metadata,GPR,coverage,-15.651382492070553,3.5204465968901486,-31.696253860644646,18.585119691336477,-1.960840081493555,0.7780437041037782,23.476187940797267,21.51534785930371,10
LSD_Second,set4_features_metadata,GPR,diversity_iterative,-5.14191400380512,-9.517583174021178,-25.941126852255238,6.275192705820957,-0.5401256779715657,-2.074967869952964,22.055473537275276,21.51534785930371,10
LSD_Second,set4_features_metadata,GPR,diversity_oneshot,-10.985001245590643,-8.385782650018074,-38.80387235055754,14.06313188724086,-1.486775740204838,-1.8098857160190622,23.002123599508547,21.51534785930371,10
LSD_Second,set4_features_metadata,GPR,exploitation,-7.078542514727408,4.208037157353561,-21.86491171907521,9.317738752872406,-0.6428340521862304,0.9184516401048537,22.15818191148994,21.51534785930371,10
LSD_Second,set4_features_metadata,GPR,exploration,-22.291578880605737,-9.404562247211274,-27.02699872544858,10.435605351898223,-3.5868516774836072,-2.2283008171088365,25.102199536787317,21.51534785930371,10
LSD_Second,set4_features_metadata,GPR,hybrid,-12.552421915796682,-9.774595775938128,-29.898887317508724,26.50230673202269,-1.4079488147125505,-1.8621896348537774,22.92329667401626,21.51534785930371,10
LSD_Second,set4_features_metadata,GPR,random_selection,0.0,0.0,0.0,0.0,0.0,0.0,21.51534785930371,21.51534785930371,10
LSD_Second,set4_features_metadata,RF,coverage,-11.24344267969511,-4.2101683841844535,-40.36588134890217,8.713854042238397,-3.660147370830972,-1.3254821567596125,37.33460341461612,33.67445604378514,10
LSD_Second,set4_features_metadata,RF,diversity_iterative,10.685945060379705,5.592916366320531,-4.714601239823834,26.623026327885647,6.07537281853822,1.2183423971629441,27.599083225246922,33.67445604378514,10
LSD_Second,set4_features_metadata,RF,diversity_oneshot,-0.018280536165995186,4.757952456589726,-0.11340376050830481,8.78561810785526,1.5688740796825225,1.0987889890564873,32.10558196410262,33.67445604378514,10
LSD_Second,set4_features_metadata,RF,exploitation,-7.15117994548074,-0.12010408646876292,-11.692003824537927,5.679300971058361,-2.9438473854418,-0.22089814086929316,36.61830342922694,33.67445604378514,10
LSD_Second,set4_features_metadata,RF,exploration,2.631541592337662,9.243701546997151,-9.415992106195839,12.92637329447941,0.7909698921242502,2.2393004850747804,32.8834861516609,33.67445604378514,10
LSD_Second,set4_features_metadata,RF,hybrid,-2.6556407530128974,-0.2712585675846033,-10.009860285115625,7.3793873373402725,-0.9454745949700424,-0.16234367346316958,34.61993063875518,33.67445604378514,10
LSD_Second,set4_features_metadata,RF,random_selection,0.0,0.0,0.0,0.0,0.0,0.0,33.67445604378514,33.67445604378514,10
LSD_Second,set5_features_metadata_corr95,AE_ENet,coverage,-19.594805154778506,-11.778709623144628,-32.84664679055223,1.1916374937628678,-4.891717470247424,-2.959595669424367,33.45312388771097,28.561406417463548,10
LSD_Second,set5_features_metadata_corr95,AE_ENet,diversity_iterative,6.090425870475208,13.315308936985431,0.9423594551820337,29.074031135258586,3.3381866417106467,3.692794002622584,25.223219775752902,28.561406417463548,10
LSD_Second,set5_features_metadata_corr95,AE_ENet,diversity_oneshot,-6.184378205603782,5.234052675476837,-36.11167078724533,21.525433161665447,-0.08233060739429483,1.6012262408123465,28.64373702485785,28.561406417463548,10
LSD_Second,set5_features_metadata_corr95,AE_ENet,exploitation,12.363648780454334,17.85155012524446,8.14402423724775,27.88901462751015,5.079552358807673,5.382347214081095,23.481854058655877,28.561406417463548,10
LSD_Second,set5_features_metadata_corr95,AE_ENet,exploration,-7.663164151842255,-0.7599497000767841,-9.751428202268515,1.9749454402732354,-1.0469950020031553,-0.2036097341808194,29.60840141946671,28.561406417463548,10
LSD_Second,set5_features_metadata_corr95,AE_ENet,hybrid,-16.157327625532282,-13.632620445891906,-40.657484833678836,14.956610451390201,-4.036753148718402,-3.5365352796069036,32.598159566181955,28.561406417463548,10
LSD_Second,set5_features_metadata_corr95,AE_ENet,random_selection,0.0,0.0,0.0,0.0,0.0,0.0,28.561406417463548,28.561406417463548,10
LSD_Second,set5_features_metadata_corr95,GPR,coverage,-23.202564110776017,4.223844250437813,-36.496655580989085,18.820967507716546,-3.131953026372691,0.9221081099341806,24.253180370142633,21.121227343769938,10
LSD_Second,set5_features_metadata_corr95,GPR,diversity_iterative,-11.918406401298988,-7.882918537467193,-12.65857672088145,6.7981493150733865,-1.7682798964422812,-1.5287505697592234,22.88950724021222,21.121227343769938,10
LSD_Second,set5_features_metadata_corr95,GPR,diversity_oneshot,-2.7688880945760594,9.896712997121446,-24.221760852778186,24.00950080616187,0.5029024111320968,2.518521921400372,20.618324932637844,21.121227343769938,10
LSD_Second,set5_features_metadata_corr95,GPR,exploitation,-9.426795707569998,-6.806664459974723,-21.258903435025964,16.101526828671044,-0.8837668660208532,-1.5691383901726326,22.004994209790794,21.121227343769938,10
LSD_Second,set5_features_metadata_corr95,GPR,exploration,-22.35153566282803,-6.923519517274799,-33.17226917412765,16.30758230207433,-3.0597536363598516,-1.1214328101670912,24.180980980129792,21.121227343769938,10
LSD_Second,set5_features_metadata_corr95,GPR,hybrid,-19.087091810140944,-6.089374368669639,-30.66946315338195,25.7415216913053,-2.3827346265341793,-0.6895734224982197,23.503961970304122,21.121227343769938,10
LSD_Second,set5_features_metadata_corr95,GPR,random_selection,0.0,0.0,0.0,0.0,0.0,0.0,21.121227343769938,21.121227343769938,10
LSD_Second,set5_features_metadata_corr95,RF,coverage,-7.776549936589373,-3.9345796519654495,-36.0451876937324,11.035646832275836,-2.3427580094819964,-1.332160438782374,36.23895422758055,33.89619621809855,10
LSD_Second,set5_features_metadata_corr95,RF,diversity_iterative,5.125862884114368,5.836668913885301,0.19959164632780596,11.43781983601923,2.8923080030498163,1.7408351169540062,31.003888215048732,33.89619621809855,10
LSD_Second,set5_features_metadata_corr95,RF,diversity_oneshot,-2.566655357897845,-3.3447038722335063,-8.534129362967724,9.246333118756189,0.197656443534952,-0.6736896022688654,33.6985397745636,33.89619621809855,10
LSD_Second,set5_features_metadata_corr95,RF,exploitation,-10.38344212055799,1.5337862939554787,-28.581588531183186,3.916747581750095,-4.724295471935795,0.3880583077629183,38.62049169003434,33.89619621809855,10
LSD_Second,set5_features_metadata_corr95,RF,exploration,1.1072952894387853,9.374892772347106,-6.390816780746482,14.644231344103199,0.1948542168667764,2.4909007397602956,33.70134200123177,33.89619621809855,10
LSD_Second,set5_features_metadata_corr95,RF,hybrid,2.338748314926606,2.102800581256494,-2.505662327889124,8.252019855245667,1.0374636553465986,0.7553052407212224,32.85873256275195,33.89619621809855,10
LSD_Second,set5_features_metadata_corr95,RF,random_selection,0.0,0.0,0.0,0.0,0.0,0.0,33.89619621809855,33.89619621809855,10
MIT,set1_dQn_m,AE_ENet,coverage,-18.22686181187155,-1.1103436612879207,-20.357759588516835,8.27191711271384,-4.334106769390085,-0.15659368542279406,19.61654028951748,15.282433520127398,10
MIT,set1_dQn_m,AE_ENet,diversity_iterative,-6.836154790071072,-0.635116047384116,-8.126881737993273,4.184341119100506,-1.8285069117667034,-0.052846483827933,17.1109404318941,15.282433520127398,10
MIT,set1_dQn_m,AE_ENet,diversity_oneshot,-11.144647192536368,-3.260414858399169,-11.783373750898091,6.965102779140293,-3.1856279980379036,-0.37757393169440334,18.4680615181653,15.282433520127398,10
MIT,set1_dQn_m,AE_ENet,exploitation,-26.84126179727386,-8.53200880984759,-37.181934998425284,-4.554743571862713,-5.637770853163403,-1.0937861239086901,20.9202043732908,15.282433520127398,10
MIT,set1_dQn_m,AE_ENet,exploration,-15.449443492134023,-2.036297573089384,-22.25613454448859,5.689925377993303,-2.689400622916024,-0.34815589678551895,17.97183414304342,15.282433520127398,10
MIT,set1_dQn_m,AE_ENet,hybrid,-13.279529105409972,1.385075746372486,-21.053407286692863,8.02524686845737,-2.7561561340288856,0.11998673935242454,18.038589654156283,15.282433520127398,10
MIT,set1_dQn_m,AE_ENet,random_selection,0.0,0.0,0.0,0.0,0.0,0.0,15.282433520127398,15.282433520127398,10
MIT,set1_dQn_m,GPR,coverage,2.0442955634885753,0.5932003563491424,-1.5717542063891612,5.265971557303909,0.3110099303118849,0.11059353279739526,13.641647006860183,13.952656937172065,10
MIT,set1_dQn_m,GPR,diversity_iterative,-4.291551180862944,-3.943873937517711,-12.553737422764506,2.3655269196998217,-0.6941378167698872,-0.5138061004746408,14.646794753941952,13.952656937172065,10
MIT,set1_dQn_m,GPR,diversity_oneshot,6.600005418836076,5.214523884735459,-1.8582653843698151,10.724725154453111,0.7520331160840062,0.7510872555220613,13.200623821088062,13.952656937172065,10
MIT,set1_dQn_m,GPR,exploitation,-12.203879057987988,-3.5284654583263957,-33.59892764558128,9.591564993500857,-1.3698740483819472,-0.694850635916235,15.322530985554014,13.952656937172065,10
MIT,set1_dQn_m,GPR,exploration,0.7846959594135786,0.21014797624428133,-3.429664450865122,2.2157048604688585,0.11913571222809498,0.06997213468827379,13.83352122494397,13.952656937172065,10
MIT,set1_dQn_m,GPR,hybrid,5.5125643311377335,7.241073209218531,-2.986658690884393,11.918027610210123,0.8124959148853371,0.9983671807175627,13.14016102228673,13.952656937172065,10
MIT,set1_dQn_m,GPR,random_selection,0.0,0.0,0.0,0.0,0.0,0.0,13.952656937172065,13.952656937172065,10
MIT,set1_dQn_m,RF,coverage,-0.3136036944422898,0.48331849233366586,-5.686300591889125,2.217093965159924,-0.05097253018643801,0.06625190449846396,15.804267002517946,15.75329447233151,10
MIT,set1_dQn_m,RF,diversity_iterative,-6.281661848228864,-5.437295809624147,-14.485432315949549,-0.9406968024087339,-0.889554284720799,-0.7029440976374648,16.64284875705231,15.75329447233151,10
MIT,set1_dQn_m,RF,diversity_oneshot,-3.8724978348589922,-1.3278898946755964,-9.949821809867665,2.0277392499963414,-0.5169037672033276,-0.1851639941086205,16.27019823953484,15.75329447233151,10
MIT,set1_dQn_m,RF,exploitation,-7.023215480449368,0.6117105910997033,-18.80297232008931,2.8085664067227847,-1.111101490958676,0.07521731757723771,16.864395963290185,15.75329447233151,10
MIT,set1_dQn_m,RF,exploration,-2.25188920333474,-3.4808618927644277,-8.42068916083933,2.050241137486111,-0.11169285639334384,-0.6151616256234398,15.864987328724855,15.75329447233151,10
MIT,set1_dQn_m,RF,hybrid,3.9685418423061725,2.385870643661028,-1.343412557155367,10.808341394417639,0.6242697365516013,0.397455132820574,15.129024735779907,15.75329447233151,10
MIT,set1_dQn_m,RF,random_selection,0.0,0.0,0.0,0.0,0.0,0.0,15.75329447233151,15.75329447233151,10
MIT,set2_early_soh,AE_ENet,coverage,-9.396629523133985,-7.293806468262902,-22.068654624537775,3.003231848949312,-0.5263326027474411,-1.1380341863869674,17.728025580454137,17.201692977706696,10
MIT,set2_early_soh,AE_ENet,diversity_iterative,-15.566123625281033,-12.725103483363444,-27.62157959265035,0.04304646678955537,-1.4301055018315252,-2.133875544066825,18.631798479538222,17.201692977706696,10
MIT,set2_early_soh,AE_ENet,diversity_oneshot,-4.4227937119628224,-3.10311702055055,-20.295207704266396,6.182696803524779,0.1854154932678016,-0.5233893744422708,17.016277484438895,17.201692977706696,10
MIT,set2_early_soh,AE_ENet,exploitation,-12.097730524268114,-8.062346197637861,-32.460676847696924,8.752812625713284,-1.5712155143000126,-1.2640750858510899,18.772908492006707,17.201692977706696,10
MIT,set2_early_soh,AE_ENet,exploration,-9.197067612156939,-7.41444743049551,-27.354514167013352,1.5962437716270168,-0.7596135776887335,-1.459611722870994,17.96130655539543,17.201692977706696,10
MIT,set2_early_soh,AE_ENet,hybrid,-10.095635013220363,-11.348427812600562,-27.104583719357993,2.5591969673595507,-0.8942869408816637,-2.261110190371852,18.09597991858836,17.201692977706696,10
MIT,set2_early_soh,AE_ENet,random_selection,0.0,0.0,0.0,0.0,0.0,0.0,17.201692977706696,17.201692977706696,10
MIT,set2_early_soh,GPR,coverage,6.800466224799588,1.3969176797483565,-8.817858359090334,16.51161367145603,1.5733934486791337,0.19180059911580383,17.58984183103659,19.163235279715728,10
MIT,set2_early_soh,GPR,diversity_iterative,-2.0945521659115753,0.7896731069865273,-19.190056793011422,20.679441868152193,-0.0250125751123651,-0.008758558507389047,19.18824785482809,19.163235279715728,10
MIT,set2_early_soh,GPR,diversity_oneshot,13.753248711955838,8.923105793776596,0.5720636940226185,38.48791671328269,3.2260339082691396,1.4211402016167938,15.937201371446585,19.163235279715728,10
MIT,set2_early_soh,GPR,exploitation,-38.299447004171114,-33.40415045777483,-45.807018488494336,-15.849206489557444,-8.001458671889086,-5.665400613214732,27.16469395160481,19.163235279715728,10
MIT,set2_early_soh,GPR,exploration,-5.565588347363986,-8.166156774105072,-16.22862268672916,10.737104623316105,-1.0517266414123623,-1.176226688432732,20.214961921128086,19.163235279715728,10
MIT,set2_early_soh,GPR,hybrid,3.7270216600448185,5.730168455511362,-9.324650538783038,24.160282498725522,1.1703998381765233,0.711249377413397,17.992835441539203,19.163235279715728,10
MIT,set2_early_soh,GPR,random_selection,0.0,0.0,0.0,0.0,0.0,0.0,19.163235279715728,19.163235279715728,10
MIT,set2_early_soh,RF,coverage,5.332152665854673,2.562677537963869,-7.615168087048102,13.233834875097292,1.629888651871965,0.5871411191831921,23.385681096282735,25.0155697481547,10
MIT,set2_early_soh,RF,diversity_iterative,-4.389769115872225,-9.01424639096323,-17.03738257462217,3.1317848559843546,-0.7871227736555501,-2.4424443629199466,25.80269252181025,25.0155697481547,10
MIT,set2_early_soh,RF,diversity_oneshot,10.3694557026312,14.696916789379621,1.9943461930243285,15.28406867969836,3.039345870750876,3.0676171891322195,21.97622387740382,25.0155697481547,10
MIT,set2_early_soh,RF,exploitation,-17.007155233903998,-17.940001326874814,-30.74288723247873,1.286844495733094,-4.090002998059833,-3.88094923409059,29.105572746214534,25.0155697481547,10
MIT,set2_early_soh,RF,exploration,-8.20973047464158,-14.838050130797258,-20.759820468984,5.146065895174757,-2.430252650436997,-2.947156156066427,27.445822398591694,25.0155697481547,10
MIT,set2_early_soh,RF,hybrid,10.81793489645483,12.901270273026874,-2.9148460567580448,16.48616160519703,3.1969453867410573,2.605290161991194,21.81862436141364,25.0155697481547,10
MIT,set2_early_soh,RF,random_selection,0.0,0.0,0.0,0.0,0.0,0.0,25.0155697481547,25.0155697481547,10
MIT,set3_features,AE_ENet,coverage,4.228052104865585,5.452650471064786,0.11909854997931524,9.426734965299248,0.6681543776558735,0.7658764177161217,12.697346037989087,13.36550041564496,10
MIT,set3_features,AE_ENet,diversity_iterative,2.882653767588752,3.5396487661270575,-7.14835879191355,10.72339425880871,0.4097362432488131,0.3734295003416648,12.955764172396147,13.36550041564496,10
MIT,set3_features,AE_ENet,diversity_oneshot,2.6124641556233645,2.3863898336550164,-0.8403961008098739,8.325049109659664,0.4784042021605316,0.33262928169929484,12.88709621348443,13.36550041564496,10
MIT,set3_features,AE_ENet,exploitation,-4.273096904089236,2.6876530498640236,-3.4349414012841635,9.642932162072729,-0.658103453033475,0.4203397803345066,14.023603868678435,13.36550041564496,10
MIT,set3_features,AE_ENet,exploration,4.20352688669179,6.8437359604097825,3.0619798461103236,9.500193636681852,0.7432956754313708,0.8972150772369112,12.622204740213588,13.36550041564496,10
MIT,set3_features,AE_ENet,hybrid,1.642269607074725,8.323166810833305,-11.5754968593711,9.754549796752265,0.39369427855032624,1.0343535842212095,12.971806137094635,13.36550041564496,10
MIT,set3_features,AE_ENet,random_selection,0.0,0.0,0.0,0.0,0.0,0.0,13.36550041564496,13.36550041564496,10
MIT,set3_features,GPR,coverage,8.661828572818656,10.464381260010022,0.5608519646341108,16.59526050811952,1.37164142014574,1.5166448307391303,13.700388719357244,15.072030139502985,10
MIT,set3_features,GPR,diversity_iterative,6.962145569009779,9.172405290404836,1.0610299434616595,12.548090429692673,1.1482310317102802,1.4128480717613794,13.923799107792703,15.072030139502985,10
MIT,set3_features,GPR,diversity_oneshot,8.751110269030038,8.115172706735983,4.781269063495687,13.319692730620647,1.3438994242191487,1.3209659445302568,13.728130715283834,15.072030139502985,10
MIT,set3_features,GPR,exploitation,-8.808583069608119,-5.231291893176052,-23.275464150104686,2.8042778258124352,-1.5363917196366683,-0.6661778859006677,16.608421859139654,15.072030139502985,10
MIT,set3_features,GPR,exploration,9.448228334070695,10.629269666276553,7.862175815263365,12.502663883571744,1.4676568709606497,1.4589680371292229,13.604373268542336,15.072030139502985,10
MIT,set3_features,GPR,hybrid,7.861693245908063,5.12947962768461,2.923770434282847,12.23319262898645,1.1761008187141073,0.8851010174313263,13.895929320788877,15.072030139502985,10
MIT,set3_features,GPR,random_selection,0.0,0.0,0.0,0.0,0.0,0.0,15.072030139502985,15.072030139502985,10
MIT,set3_features,RF,coverage,-1.8396704842887046,-1.861537608627426,-6.731105340854375,4.7294552308998785,-0.21449360263142941,-0.3202200522426333,15.383449430514437,15.168955827883007,10
MIT,set3_features,RF,diversity_iterative,-3.8633505126805496,-4.77027220748209,-12.283517139009195,7.392863569328302,-0.462532548325399,-0.6651293066891775,15.631488376208406,15.168955827883007,10
MIT,set3_features,RF,diversity_oneshot,-6.937970032285665,-7.109830247197133,-11.989145818703774,1.9440628543384415,-0.8716120451031031,-1.155750988386746,16.04056787298611,15.168955827883007,10
MIT,set3_features,RF,exploitation,-2.970975306696436,-4.275501255325942,-10.678466620039353,4.782925242620877,-0.14301799469198198,-0.6133159300165767,15.31197382257499,15.168955827883007,10
MIT,set3_features,RF,exploration,-4.719508211361982,-5.603156612738696,-20.405157308817625,4.409688752131789,-0.4131653126478696,-0.8616843347122689,15.582121140530877,15.168955827883007,10
MIT,set3_features,RF,hybrid,-1.4218484796736743,-1.3087077323809622,-6.15412842373434,7.079361190321633,-0.0052469987327597774,-0.16473049627623038,15.174202826615765,15.168955827883007,10
MIT,set3_features,RF,random_selection,0.0,0.0,0.0,0.0,0.0,0.0,15.168955827883007,15.168955827883007,10
MIT,set4_features_metadata,AE_ENet,coverage,6.502527262703737,3.89298554570334,-2.3729981559121027,14.895168456980247,1.112616370699397,0.5845177660864911,13.21133221210081,14.323948582800208,10
MIT,set4_features_metadata,AE_ENet,diversity_iterative,1.3409298642796894,-0.6321062084518984,-8.78307731456059,14.384675647243599,0.4850765968474665,-0.13748640399389522,13.838871985952741,14.323948582800208,10
MIT,set4_features_metadata,AE_ENet,diversity_oneshot,3.9252685815944046,1.6842705721300617,-0.10436623415862087,13.394179325340989,0.7523123452576815,0.28232899373481324,13.571636237542526,14.323948582800208,10
MIT,set4_features_metadata,AE_ENet,exploitation,0.4048850553589266,-2.4269029482658806,-4.821210055731425,4.967873023858125,0.1080238058088101,-0.3062839389180567,14.215924776991397,14.323948582800208,10
MIT,set4_features_metadata,AE_ENet,exploration,6.203863589433405,6.373678296582211,0.6532503622122663,9.878834462628866,1.01082973912025,0.925728096335857,13.313118843679955,14.323948582800208,10
MIT,set4_features_metadata,AE_ENet,hybrid,6.207129237929932,4.7091146932207035,-3.4376881218725845,17.822029028261962,1.0859122203655216,0.6114704234689716,13.238036362434688,14.323948582800208,10
MIT,set4_features_metadata,AE_ENet,random_selection,0.0,0.0,0.0,0.0,0.0,0.0,14.323948582800208,14.323948582800208,10
MIT,set4_features_metadata,GPR,coverage,7.312459886969529,11.829279852293805,3.3300293312183813,16.660957257717605,1.2044088158498873,1.4907492426383886,13.718950185110657,14.923359000960545,10
MIT,set4_features_metadata,GPR,diversity_iterative,3.7599434763793838,3.957913007545395,0.5391550204016049,8.136807702241494,0.5625707353964347,0.5855262352523747,14.36078826556411,14.923359000960545,10
MIT,set4_features_metadata,GPR,diversity_oneshot,4.326029340921529,4.401158433130594,-0.31913904522086123,7.842454949787734,0.707351550827968,0.6028152412816699,14.216007450132576,14.923359000960545,10
MIT,set4_features_metadata,GPR,exploitation,-12.376310441196694,-5.735326165714058,-14.950930296646318,3.605720498894516,-1.9421943336299123,-0.7315282839557762,16.86555333459046,14.923359000960545,10
MIT,set4_features_metadata,GPR,exploration,7.294825406927369,6.1619597187100785,4.575399641669117,15.102313521448433,1.1066703816527859,0.8089501084555346,13.81668861930776,14.923359000960545,10
MIT,set4_features_metadata,GPR,hybrid,9.122098016152453,9.613889977326869,1.3683522614022592,16.921735483710425,1.3519913361408806,1.3141281948219747,13.571367664819665,14.923359000960545,10
MIT,set4_features_metadata,GPR,random_selection,0.0,0.0,0.0,0.0,0.0,0.0,14.923359000960545,14.923359000960545,10
MIT,set4_features_metadata,RF,coverage,-2.397678605141887,-2.649066450976962,-4.914755526924544,1.381144654438042,-0.2670686837551933,-0.3825188505874344,14.980109144909425,14.71304046115423,10
MIT,set4_features_metadata,RF,diversity_iterative,2.5369856652192064,3.4646155237297247,-4.199529185692627,7.087981899649909,0.31990527678267977,0.5910146938839071,14.39313518437155,14.71304046115423,10
MIT,set4_features_metadata,RF,diversity_oneshot,-2.169249697204046,0.34881100644472407,-8.10561237570275,2.2135242760596068,-0.22111412890939236,0.06652216671312328,14.934154590063622,14.71304046115423,10
MIT,set4_features_metadata,RF,exploitation,-4.752195124466786,-9.740156130434693,-12.145996961235792,3.0475775043737467,-0.5447930008780455,-1.2997768640315703,15.257833462032277,14.71304046115423,10
MIT,set4_features_metadata,RF,exploration,-3.6095506224380065,-1.5620227093304324,-15.166353249918075,2.2040182190607736,-0.33585013173242917,-0.21095827888874474,15.04889059288666,14.71304046115423,10
MIT,set4_features_metadata,RF,hybrid,1.8438570795421065,1.914550965762944,-4.320114278529834,11.696900376466576,0.4905324192515497,0.31190660372282863,14.222508041902682,14.71304046115423,10
MIT,set4_features_metadata,RF,random_selection,0.0,0.0,0.0,0.0,0.0,0.0,14.71304046115423,14.71304046115423,10
MIT,set5_features_metadata_corr95,AE_ENet,coverage,5.735890948709708,6.729038366263222,-1.8870239657257317,17.424949050293023,1.0610081915189251,0.9923875347651983,13.317860533656482,14.378868725175408,10
MIT,set5_features_metadata_corr95,AE_ENet,diversity_iterative,0.32127727507915615,-2.103275179094947,-11.057452727828629,10.487239316131697,0.2642611949104465,-0.3055155002433061,14.114607530264962,14.378868725175408,10
MIT,set5_features_metadata_corr95,AE_ENet,diversity_oneshot,1.4149493735207812,2.360481273820109,-2.2420189624992113,4.780331984840743,0.36582467482519265,0.3540382350635234,14.013044050350217,14.378868725175408,10
MIT,set5_features_metadata_corr95,AE_ENet,exploitation,-1.3500468974144373,-1.7892235939460086,-3.3432273064267886,4.86248535192281,-0.1742944125639113,-0.231641516287298,14.553163137739322,14.378868725175408,10
MIT,set5_features_metadata_corr95,AE_ENet,exploration,3.7174555940430904,4.670019345934855,2.80970433743254,8.2379649830418,0.6892956874275893,0.5667983388560041,13.68957303774782,14.378868725175408,10
MIT,set5_features_metadata_corr95,AE_ENet,hybrid,8.83803423192965,8.457886485220556,0.9266968726304383,16.75093484315523,1.3904421222845025,1.1971075384026983,12.988426602890907,14.378868725175408,10
MIT,set5_features_metadata_corr95,AE_ENet,random_selection,0.0,0.0,0.0,0.0,0.0,0.0,14.378868725175408,14.378868725175408,10
MIT,set5_features_metadata_corr95,GPR,coverage,5.680227894353939,7.915616993271044,-2.270049176025747,16.225248047101722,1.0312954531431855,1.0339707098338051,13.975151518185399,15.006446971328586,10
MIT,set5_features_metadata_corr95,GPR,diversity_iterative,2.8288031744371738,3.0537518724928923,-0.9234663834522832,6.224606558388814,0.43004621100011453,0.536390338473602,14.576400760328472,15.006446971328586,10
MIT,set5_features_metadata_corr95,GPR,diversity_oneshot,5.318672240130239,6.029047639084335,-0.07878706961416149,9.138914368609159,0.874615234659194,0.8540635037013526,14.131831736669392,15.006446971328586,10
MIT,set5_features_metadata_corr95,GPR,exploitation,-3.837709788670362,-3.3138510062366047,-12.318292541974913,8.502180493142077,-0.9307053678667744,-0.44129190636985083,15.93715233919536,15.006446971328586,10
MIT,set5_features_metadata_corr95,GPR,exploration,10.386560974193456,11.489703823708606,2.4053930224155837,19.995961154709445,1.5571067422251306,1.8347004830270253,13.449340229103456,15.006446971328586,10
MIT,set5_features_metadata_corr95,GPR,hybrid,9.777976591572159,9.75713435275748,0.4631032197919607,17.44913632691827,1.5107723395197739,1.28094145129747,13.49567463180881,15.006446971328586,10
MIT,set5_features_metadata_corr95,GPR,random_selection,0.0,0.0,0.0,0.0,0.0,0.0,15.006446971328586,15.006446971328586,10
MIT,set5_features_metadata_corr95,RF,coverage,-1.5388245331009425,-0.45677294982742694,-7.348186865180023,2.058209364769347,-0.048010927291179326,-0.11259718242930639,14.657705803661509,14.60969487637033,10
MIT,set5_features_metadata_corr95,RF,diversity_iterative,-2.496306882003961,-5.038507571785775,-10.710389465389827,7.419837590961573,-0.20895356641566815,-0.8739956496546588,14.818648442785996,14.60969487637033,10
MIT,set5_features_metadata_corr95,RF,diversity_oneshot,-4.145270082944961,-4.620468149433936,-9.771552263535302,4.416258277677081,-0.36516065929304153,-0.6809160242631904,14.974855535663371,14.60969487637033,10
MIT,set5_features_metadata_corr95,RF,exploitation,-3.044677052650998,-5.621380891979138,-12.089371936794322,1.530411634566502,-0.2308816808904764,-0.8926416497686045,14.840576557260807,14.60969487637033,10
MIT,set5_features_metadata_corr95,RF,exploration,1.16301125205398,-2.1889896349732667,-5.1723316244487325,5.268008460725666,0.2854339104184046,-0.32082450586498545,14.324260965951925,14.60969487637033,10
MIT,set5_features_metadata_corr95,RF,hybrid,1.7065346966155168,2.843408480708532,-4.102700532251435,7.263842301251944,0.5355485274476648,0.4207482081578515,14.074146348922664,14.60969487637033,10
MIT,set5_features_metadata_corr95,RF,random_selection,0.0,0.0,0.0,0.0,0.0,0.0,14.60969487637033,14.60969487637033,10
TRI_Tesla,set1_dQn_m,AE_ENet,coverage,2.2958625052553137,3.657081974519112,-0.7517219193568123,8.057024091757127,1.0826301534954725,0.843230862740608,26.69885006060907,27.781480214104544,10
TRI_Tesla,set1_dQn_m,AE_ENet,diversity_iterative,-19.81656533498893,-18.946375477839936,-24.46901179242776,-4.853079208063804,-5.003006417826221,-5.340696344988752,32.78448663193076,27.781480214104544,10
TRI_Tesla,set1_dQn_m,AE_ENet,diversity_oneshot,3.2972294191907165,5.804636213207942,-3.4137054277474643,11.096165056737316,0.9968791227888092,1.4212258253365988,26.784601091315732,27.781480214104544,10
TRI_Tesla,set1_dQn_m,AE_ENet,exploitation,-4.79160643922407,-5.839019711730764,-8.55826849826847,-0.8555589750234429,-0.5664629033964508,-1.711450654481597,28.347943117500996,27.781480214104544,10
TRI_Tesla,set1_dQn_m,AE_ENet,exploration,-3.724903950322335,-4.766700165970105,-9.526745645455694,6.218505124808118,-1.052245655498075,-1.6502820925402872,28.83372586960262,27.781480214104544,10
TRI_Tesla,set1_dQn_m,AE_ENet,hybrid,1.1557744979160913,1.0139232993167837,-6.303402127669325,8.709371545803323,0.2602814423091065,0.3564924610963409,27.521198771795433,27.781480214104544,10
TRI_Tesla,set1_dQn_m,AE_ENet,random_selection,0.0,0.0,0.0,0.0,0.0,0.0,27.781480214104544,27.781480214104544,10
TRI_Tesla,set1_dQn_m,GPR,coverage,-7.283965389793947,-6.08097100482566,-14.57316442730878,2.932891919313538,-1.8890820336640992,-1.3685666423418255,25.490087727306296,23.601005693642197,10
TRI_Tesla,set1_dQn_m,GPR,diversity_iterative,-16.85274708164008,-17.291191834211276,-29.035867890126127,-10.232423642209978,-3.9502300991068067,-3.8172984050595637,27.551235792749004,23.601005693642197,10
TRI_Tesla,set1_dQn_m,GPR,diversity_oneshot,-7.523435454864581,-5.438339722447104,-19.71681455444446,-2.3222155116411685,-1.9801245320886767,-1.3247125937183029,25.581130225730874,23.601005693642197,10
TRI_Tesla,set1_dQn_m,GPR,exploitation,-39.53180508157092,-13.466263366389576,-57.91451410490539,-7.824886026130686,-9.342013217881723,-2.9526487839575832,32.94301891152392,23.601005693642197,10
TRI_Tesla,set1_dQn_m,GPR,exploration,-10.509232590379085,-15.692150878225048,-19.0944581939726,-4.500114694210633,-2.674155919856028,-3.3419188660307224,26.275161613498227,23.601005693642197,10
TRI_Tesla,set1_dQn_m,GPR,hybrid,-9.236806887498739,-9.370812488567811,-23.003325701029073,3.1634220008010234,-2.436096811056788,-2.386593758710294,26.037102504698986,23.601005693642197,10
TRI_Tesla,set1_dQn_m,GPR,random_selection,0.0,0.0,0.0,0.0,0.0,0.0,23.601005693642197,23.601005693642197,10
TRI_Tesla,set1_dQn_m,RF,coverage,-7.374853248136473,-6.8712466173678814,-18.255658947847486,0.2907226057836648,-2.4427798326725236,-2.2995557160879727,30.432067396944824,27.989287564272303,10
TRI_Tesla,set1_dQn_m,RF,diversity_iterative,-11.230580059246044,-10.200656589437283,-24.95617070934106,-7.420359970565084,-3.0820213710467637,-3.1404898769487914,31.071308935319063,27.989287564272303,10
TRI_Tesla,set1_dQn_m,RF,diversity_oneshot,-4.982597646729819,-9.661995749913135,-14.437648913117403,-3.7883330976648297,-1.5576271084428133,-2.8967536821757953,29.546914672715115,27.989287564272303,10
TRI_Tesla,set1_dQn_m,RF,exploitation,-24.00581965543152,-12.804692870719458,-24.383794611863344,2.875131698024197,-5.4863817613836865,-3.4460229670891547,33.475669325655986,27.989287564272303,10
TRI_Tesla,set1_dQn_m,RF,exploration,-21.74027679055555,-9.283651129889112,-24.653767972491718,-0.6980904668918237,-5.186018194700603,-2.9689069391364207,33.175305758972904,27.989287564272303,10
TRI_Tesla,set1_dQn_m,RF,hybrid,-6.855307996377644,-2.783896376314299,-14.613113176455647,1.5772220384423623,-2.0328624717987767,-0.902022233210193,30.022150036071075,27.989287564272303,10
TRI_Tesla,set1_dQn_m,RF,random_selection,0.0,0.0,0.0,0.0,0.0,0.0,27.989287564272303,27.989287564272303,10
TRI_Tesla,set2_early_soh,AE_ENet,coverage,-2.227263507604383,5.689818876801793,-8.454231754043255,11.153231494699654,-0.10980132193038017,1.4819951938503468,37.37753970692053,37.267738384990146,10
TRI_Tesla,set2_early_soh,AE_ENet,diversity_iterative,-7.529301870361232,-4.662819858442527,-11.747560014831896,10.200653520402176,-2.1233084721005757,-1.4349184886079644,39.39104685709072,37.267738384990146,10
TRI_Tesla,set2_early_soh,AE_ENet,diversity_oneshot,-4.2064799423895245,-1.694123928432354,-10.516654231807749,5.429683954822105,-1.3625846198301002,-0.6407991360439595,38.63032300482025,37.267738384990146,10
TRI_Tesla,set2_early_soh,AE_ENet,exploitation,3.397089564952059,4.918925771273381,-9.486659873518587,10.978384225694223,1.6304448705400545,1.2769039891224754,35.63729351445009,37.267738384990146,10
TRI_Tesla,set2_early_soh,AE_ENet,exploration,-7.032027285733608,-4.579397277042663,-14.984867171953061,3.577433199481815,-2.158548863008935,-2.019039647131251,39.42628724799908,37.267738384990146,10
TRI_Tesla,set2_early_soh,AE_ENet,hybrid,-3.6524910506897745,0.4926429972099291,-12.000054920395158,8.160546129456462,-0.813313405871184,-0.1481024802138471,38.08105179086133,37.267738384990146,10
TRI_Tesla,set2_early_soh,AE_ENet,random_selection,0.0,0.0,0.0,0.0,0.0,0.0,37.267738384990146,37.267738384990146,10
TRI_Tesla,set2_early_soh,GPR,coverage,4.2569012612154244,7.772753508222021,-20.201658370383853,12.87961509809588,3.134730415867316,1.5948742381122987,31.234099783961653,34.36883019982897,10
TRI_Tesla,set2_early_soh,GPR,diversity_iterative,10.077148453389526,6.984515786787721,-2.174427481657875,29.28510508093692,4.993499963816236,2.177744197760452,29.375330236012736,34.36883019982897,10
TRI_Tesla,set2_early_soh,GPR,diversity_oneshot,4.623036183363678,-0.8847732518896562,-7.391725784207022,16.607352726731737,2.776255152997317,-0.3647053531124662,31.592575046831648,34.36883019982897,10
TRI_Tesla,set2_early_soh,GPR,exploitation,-2.569179842830427,-4.157852207802716,-14.569478123046837,7.56959082582604,0.15109734352614942,-1.5958891819237806,34.21773285630282,34.36883019982897,10
TRI_Tesla,set2_early_soh,GPR,exploration,2.62673171088556,4.661595165168526,-15.130414609130074,9.140566310855558,2.511548847365399,1.1020157426576436,31.85728135246357,34.36883019982897,10
TRI_Tesla,set2_early_soh,GPR,hybrid,7.5856837422805485,8.39410433687658,-4.434730469475969,16.136409485734763,3.6947676514388137,2.395002872588586,30.674062548390157,34.36883019982897,10
TRI_Tesla,set2_early_soh,GPR,random_selection,0.0,0.0,0.0,0.0,0.0,0.0,34.36883019982897,34.36883019982897,10
TRI_Tesla,set2_early_soh,RF,coverage,-2.631105987255123,-8.499624940005495,-16.918087647650985,6.174768434055819,-0.7591062962407005,-1.809917335305263,34.3127719099967,33.553665613755996,10
TRI_Tesla,set2_early_soh,RF,diversity_iterative,-0.16954293621599134,-3.33770418697303,-16.912090355849912,16.593292033142728,0.459186439814966,-1.0054622306374803,33.09447917394103,33.553665613755996,10
TRI_Tesla,set2_early_soh,RF,diversity_oneshot,-11.017610894386753,-10.892061173383544,-19.14797152383603,4.093719409027026,-3.2494060127717455,-3.302093295299194,36.80307162652774,33.553665613755996,10
TRI_Tesla,set2_early_soh,RF,exploitation,0.9498456717800388,3.344745984850867,-4.38311104893657,8.867969766969102,1.3139317483988673,1.1047395052475206,32.23973386535713,33.553665613755996,10
TRI_Tesla,set2_early_soh,RF,exploration,0.7629899454428737,-0.9151889359301171,-10.76490880903915,9.432414660263404,0.4232231317756746,-0.32942241666023975,33.130442481980324,33.553665613755996,10
TRI_Tesla,set2_early_soh,RF,hybrid,2.277858469608261,0.47044036450942456,-7.0788366595740735,9.68973413989821,0.8621664123864534,0.1588166480525679,32.691499201369545,33.553665613755996,10
TRI_Tesla,set2_early_soh,RF,random_selection,0.0,0.0,0.0,0.0,0.0,0.0,33.553665613755996,33.553665613755996,10
TRI_Tesla,set3_features,AE_ENet,coverage,4.6226941460169035,8.576656785966355,-4.715318392873537,10.470411947461153,1.2160390069187652,2.4072357701455314,23.72121135386118,24.937250360779945,10
TRI_Tesla,set3_features,AE_ENet,diversity_iterative,-3.323054764684032,0.8228813681193378,-14.180474675669537,8.245545705679504,-0.4841876216735077,0.23032819048999187,25.42143798245345,24.937250360779945,10
TRI_Tesla,set3_features,AE_ENet,diversity_oneshot,1.1063960842153109,2.1693872919248762,-3.933625065273458,12.513819185775786,0.22476585170313043,0.6297303072248841,24.712484509076813,24.937250360779945,10
TRI_Tesla,set3_features,AE_ENet,exploitation,2.8523055188999207,5.616196555286946,4.151018082264124,10.31224508639863,0.9153420055058963,1.3844064315846811,24.021908355274046,24.937250360779945,10
TRI_Tesla,set3_features,AE_ENet,exploration,-0.5936010655082125,-2.1579068611304724,-4.281533903322872,6.51821585406842,-0.17202559802063783,-0.557904930560662,25.109275958800584,24.937250360779945,10
TRI_Tesla,set3_features,AE_ENet,hybrid,2.4548444008782284,6.69513594179192,-2.151690971134081,10.945269564322414,0.5397524139606201,1.494532770637333,24.397497946819325,24.937250360779945,10
TRI_Tesla,set3_features,AE_ENet,random_selection,0.0,0.0,0.0,0.0,0.0,0.0,24.937250360779945,24.937250360779945,10
TRI_Tesla,set3_features,GPR,coverage,10.948675204302706,9.868633645752695,6.490731277510449,16.4158223509165,3.142537567104672,2.9977077570550357,24.279147822402933,27.421685389507605,10
TRI_Tesla,set3_features,GPR,diversity_iterative,4.001849230568031,5.815413388660787,-1.785319327712464,12.413830219272407,1.3224421595823188,1.6136193255410358,26.099243229925285,27.421685389507605,10
TRI_Tesla,set3_features,GPR,diversity_oneshot,5.4720725205410945,9.81235640065648,-3.652030474905854,11.108998526922724,1.5789573417403364,2.532392360268691,25.84272804776727,27.421685389507605,10
TRI_Tesla,set3_features,GPR,exploitation,-55.188763375276025,-16.39904323617256,-47.3740294875966,4.84186934343027,-16.947996284276265,-4.080379459971386,44.369681673783866,27.421685389507605,10
TRI_Tesla,set3_features,GPR,exploration,8.14716158787101,5.631371717655791,3.1852974912902763,11.64079425256749,2.3409381860826612,1.4945331348228468,25.08074720342494,27.421685389507605,10
TRI_Tesla,set3_features,GPR,hybrid,11.232310170045933,8.690823547440235,5.535084414544311,13.909566449220886,3.127743189065355,2.5453397004375358,24.29394220044225,27.421685389507605,10
TRI_Tesla,set3_features,GPR,random_selection,0.0,0.0,0.0,0.0,0.0,0.0,27.421685389507605,27.421685389507605,10
TRI_Tesla,set3_features,RF,coverage,-1.4463296912602246,-2.9658020867396933,-6.041464515075779,0.7252031801991784,-0.17259756372180704,-0.9261095685346348,28.275988002139677,28.10339043841787,10
TRI_Tesla,set3_features,RF,diversity_iterative,-0.9790556753908947,-3.001927440436933,-7.173461553110934,9.728753405418466,0.4733602398750669,-0.5388719189731823,27.630030198542805,28.10339043841787,10
TRI_Tesla,set3_features,RF,diversity_oneshot,-1.7230486890865464,-1.9100884609601256,-13.04446242189221,3.481331118703489,-0.13400615439615926,-0.5923648439778955,28.23739659281403,28.10339043841787,10
TRI_Tesla,set3_features,RF,exploitation,-20.939686736218917,-9.642074324368961,-33.8538939746945,-5.810359906015049,-5.428787007583995,-2.8202636407204196,33.53217744600187,28.10339043841787,10
TRI_Tesla,set3_features,RF,exploration,-12.119626904625278,-9.200878589597128,-19.689391624432638,-2.1450915636425325,-3.3788804073257146,-2.702791053322553,31.482270845743585,28.10339043841787,10
TRI_Tesla,set3_features,RF,hybrid,-1.4231806473668143,-1.8275393333498797,-8.295934423506088,3.147788937290257,-0.45408177761565083,-0.5206383697554813,28.557472216033524,28.10339043841787,10
TRI_Tesla,set3_features,RF,random_selection,0.0,0.0,0.0,0.0,0.0,0.0,28.10339043841787,28.10339043841787,10
TRI_Tesla,set4_features_metadata,AE_ENet,coverage,7.060143248611683,9.348869143100726,3.4551190306480843,16.261100634375257,1.4680109181406578,2.15252748403606,19.300515551143565,20.76852646928422,10
TRI_Tesla,set4_features_metadata,AE_ENet,diversity_iterative,-6.402328476663548,-3.892490673977642,-15.129453514180625,-0.4469772131844902,-1.3362809053646145,-0.8495544231562953,22.104807374648836,20.76852646928422,10
TRI_Tesla,set4_features_metadata,AE_ENet,diversity_oneshot,6.117443141946609,4.781862491405672,3.385644356649454,8.525612668674274,1.3160574904423004,0.9655298062237012,19.45246897884192,20.76852646928422,10
TRI_Tesla,set4_features_metadata,AE_ENet,exploitation,-17.844387669595744,-12.475193693875648,-19.235950378793046,-4.4308187802138725,-3.4700928724187627,-2.5654647069828425,24.238619341702986,20.76852646928422,10
TRI_Tesla,set4_features_metadata,AE_ENet,exploration,1.5961065092334645,3.1027875143679067,0.12484954481951394,8.267437217657351,0.296004878006274,0.6502791935350025,20.472521591277946,20.76852646928422,10
TRI_Tesla,set4_features_metadata,AE_ENet,hybrid,13.25101067887088,14.238633201638379,6.9231366656917555,15.566211276582413,2.794750285705857,3.0205207826002987,17.973776183578366,20.76852646928422,10
TRI_Tesla,set4_features_metadata,AE_ENet,random_selection,0.0,0.0,0.0,0.0,0.0,0.0,20.76852646928422,20.76852646928422,10
TRI_Tesla,set4_features_metadata,GPR,coverage,18.03073675534684,20.503886290320033,3.1105368043329165,27.800937167194565,5.39660380681313,4.853847103428889,20.36817951699089,25.76478332380402,10
TRI_Tesla,set4_features_metadata,GPR,diversity_iterative,-2.3150038539410884,-3.907715678463047,-14.285901293394822,11.9315413621747,0.15251182878749922,-0.860115543971224,25.612271495016522,25.76478332380402,10
TRI_Tesla,set4_features_metadata,GPR,diversity_oneshot,17.427001548181284,12.964870134788523,5.288088320711698,31.71523081319766,5.273347723100767,3.137146405971974,20.49143560070325,25.76478332380402,10
TRI_Tesla,set4_features_metadata,GPR,exploitation,-47.43564938885899,-1.4663154330972583,-31.96979015221126,16.291045375525904,-12.219656278273373,-0.7778003577270773,37.984439602077394,25.76478332380402,10
TRI_Tesla,set4_features_metadata,GPR,exploration,14.977019191648855,11.841897062126453,0.709948305665162,26.75354730214336,4.759205947570801,2.8796754144578802,21.005577376233216,25.76478332380402,10
TRI_Tesla,set4_features_metadata,GPR,hybrid,21.382225502444275,22.637600781685954,6.541048796850086,34.21741458489119,6.222489018907927,5.222444712035143,19.542294304896092,25.76478332380402,10
TRI_Tesla,set4_features_metadata,GPR,random_selection,0.0,0.0,0.0,0.0,0.0,0.0,25.76478332380402,25.76478332380402,10
TRI_Tesla,set4_features_metadata,RF,coverage,-5.43949093564378,-9.530967303635578,-20.10702877112346,3.106775034242642,-1.4250384930744189,-2.7350995499867246,29.038351700258357,27.61331320718394,10
TRI_Tesla,set4_features_metadata,RF,diversity_iterative,-11.207736455320273,-14.972229256334419,-28.61212288498706,0.9407419099945942,-2.852404805605714,-3.385585788007077,30.465718012789647,27.61331320718394,10
TRI_Tesla,set4_features_metadata,RF,diversity_oneshot,0.1171861620353507,0.2563271682633907,-4.276533301448355,5.21490190861511,0.2529693370110621,0.07806411066183294,27.360343870172876,27.61331320718394,10
TRI_Tesla,set4_features_metadata,RF,exploitation,-2.779797780301558,-1.7142748944272101,-9.34024094100822,3.542611731873915,-0.22122159166475192,-0.550678450171521,27.834534798848686,27.61331320718394,10
TRI_Tesla,set4_features_metadata,RF,exploration,-20.753525678142843,-8.546973915131058,-26.241875178897438,-1.77728564171822,-5.4238411442295815,-2.4884226977976844,33.03715435141352,27.61331320718394,10
TRI_Tesla,set4_features_metadata,RF,hybrid,-2.1520035588145454,0.8643431204469475,-10.871211701822213,7.185729527631107,-0.6226377827364281,0.23607779654425975,28.235950989920365,27.61331320718394,10
TRI_Tesla,set4_features_metadata,RF,random_selection,0.0,0.0,0.0,0.0,0.0,0.0,27.61331320718394,27.61331320718394,10
TRI_Tesla,set5_features_metadata_corr95,AE_ENet,coverage,4.532023547435579,9.63155181190788,0.13744850491753402,11.522994307157164,0.9455727629399868,1.9987877681100858,20.060551802386982,21.006124565326967,10
TRI_Tesla,set5_features_metadata_corr95,AE_ENet,diversity_iterative,-4.010941571419819,-3.2296142521495805,-14.448178547472828,5.819064941042505,-0.7191205349440558,-0.7051326807912481,21.725245100271025,21.006124565326967,10
TRI_Tesla,set5_features_metadata_corr95,AE_ENet,diversity_oneshot,7.935546357133115,9.151786437341855,5.592830001894466,12.288182896947147,1.7185023143712665,1.9997131449176315,19.2876222509557,21.006124565326967,10
TRI_Tesla,set5_features_metadata_corr95,AE_ENet,exploitation,-9.381298123863896,-6.738095276058818,-10.220443108193958,-0.4530005356134007,-1.76145032622686,-1.519247995438203,22.767574891553828,21.006124565326967,10
TRI_Tesla,set5_features_metadata_corr95,AE_ENet,exploration,-2.3648270510836786,-2.0659070549911873,-6.815879109507275,8.647516825510074,-0.5196245684258807,-0.4683071417966804,21.52574913375285,21.006124565326967,10
TRI_Tesla,set5_features_metadata_corr95,AE_ENet,hybrid,7.696609131746191,10.60672734235565,3.6838411743145416,14.626712922568185,1.7963989325249212,2.227706232964721,19.209725632802048,21.006124565326967,10
TRI_Tesla,set5_features_metadata_corr95,AE_ENet,random_selection,0.0,0.0,0.0,0.0,0.0,0.0,21.006124565326967,21.006124565326967,10
TRI_Tesla,set5_features_metadata_corr95,GPR,coverage,10.719990129562216,12.39126438780924,-0.23914721536039996,18.985295471663516,2.816728167556559,2.4557420557647607,19.59730776773009,22.41403593528665,10
TRI_Tesla,set5_features_metadata_corr95,GPR,diversity_iterative,-14.244435148487005,-10.034470436976656,-22.317041937874976,-2.5994017182310953,-2.7510741265428775,-1.9466886911887773,25.16511006182953,22.41403593528665,10
TRI_Tesla,set5_features_metadata_corr95,GPR,diversity_oneshot,14.585376559225415,18.080469030458126,1.9910590389985914,27.00209861649907,3.6622125718094387,3.457457340112053,18.75182336347721,22.41403593528665,10
TRI_Tesla,set5_features_metadata_corr95,GPR,exploitation,-41.00403701719269,-17.602176983324696,-36.73976776760317,6.844379278691237,-8.330837676384414,-3.5289562134217096,30.74487361167106,22.41403593528665,10
TRI_Tesla,set5_features_metadata_corr95,GPR,exploration,10.67148918987474,12.154805173664371,-0.40336637430190425,15.564249684097852,2.785358298987731,2.442875280265742,19.62867763629892,22.41403593528665,10
TRI_Tesla,set5_features_metadata_corr95,GPR,hybrid,16.86797519008506,19.906539436046685,5.421931125081407,24.00129093423777,4.168194698398684,4.142006438110996,18.245841236887966,22.41403593528665,10
TRI_Tesla,set5_features_metadata_corr95,GPR,random_selection,0.0,0.0,0.0,0.0,0.0,0.0,22.41403593528665,22.41403593528665,10
TRI_Tesla,set5_features_metadata_corr95,RF,coverage,-5.101429368890926,-7.714682505414937,-20.315865940245118,6.2101594074298525,-1.3057324493792386,-2.161449186053771,28.817164095255613,27.51143164587637,10
TRI_Tesla,set5_features_metadata_corr95,RF,diversity_iterative,-14.588044803824067,-13.601809310026942,-31.198957305908976,-1.2526957838032189,-3.7673175938062458,-3.7112911420225725,31.278749239682618,27.51143164587637,10
TRI_Tesla,set5_features_metadata_corr95,RF,diversity_oneshot,-0.7538556992160277,-3.525456406586989,-8.686116281706946,1.597581412931588,0.03282843513292129,-0.9605037022817111,27.47860321074345,27.51143164587637,10
TRI_Tesla,set5_features_metadata_corr95,RF,exploitation,-11.806663713195327,-8.541743464257193,-12.56015324015667,-2.9602785695071843,-2.308422182152831,-2.301422900495151,29.8198538280292,27.51143164587637,10
TRI_Tesla,set5_features_metadata_corr95,RF,exploration,-18.83709511930123,-9.08508664964824,-20.663884107750917,-3.561179734225849,-4.709621896842231,-2.088842405317857,32.2210535427186,27.51143164587637,10
TRI_Tesla,set5_features_metadata_corr95,RF,hybrid,-3.284057698501748,-1.2949736663582394,-10.707408330003188,15.441158686379152,-0.6656164173265194,-0.36461260860650135,28.177048063202886,27.51143164587637,10
TRI_Tesla,set5_features_metadata_corr95,RF,random_selection,0.0,0.0,0.0,0.0,0.0,0.0,27.51143164587637,27.51143164587637,10
