dataset,feature_set,regressor,target_transform,pool_holdout_split_mode,method,trial,budget_total,mape
MIT,set2_early_soh,GPR,log,protocol_holdout,random_selection,1,8,30.58988164980004
MIT,set2_early_soh,GPR,log,protocol_holdout,random_selection,1,16,41.3235350099329
MIT,set2_early_soh,GPR,log,protocol_holdout,random_selection,1,24,39.53404018529192
MIT,set2_early_soh,GPR,log,protocol_holdout,random_selection,1,32,10.93917330907285
MIT,set2_early_soh,GPR,log,protocol_holdout,random_selection,1,40,20.531725550625342
MIT,set2_early_soh,GPR,log,protocol_holdout,random_selection,1,48,28.30578322923192
MIT,set2_early_soh,GPR,log,protocol_holdout,random_selection,1,56,23.81895144949825
MIT,set2_early_soh,GPR,log,protocol_holdout,random_selection,1,64,36.54514345469939
MIT,set2_early_soh,GPR,log,protocol_holdout,random_selection,1,72,51.339355377536414
MIT,set2_early_soh,GPR,log,protocol_holdout,random_selection,1,80,61.66280658256392
MIT,set2_early_soh,GPR,log,protocol_holdout,random_selection,1,88,66.05693807466024
MIT,set2_early_soh,GPR,log,protocol_holdout,random_selection,1,96,67.91871337833786
MIT,set2_early_soh,GPR,log,protocol_holdout,random_selection,1,99,63.6771066322561
MIT,set2_early_soh,GPR,log,protocol_holdout,random_selection,2,8,53.35106020498183
MIT,set2_early_soh,GPR,log,protocol_holdout,random_selection,2,16,30.80349138060676
MIT,set2_early_soh,GPR,log,protocol_holdout,random_selection,2,24,42.842644244087786
MIT,set2_early_soh,GPR,log,protocol_holdout,random_selection,2,32,27.816194574980685
MIT,set2_early_soh,GPR,log,protocol_holdout,random_selection,2,40,13.288736313987856
MIT,set2_early_soh,GPR,log,protocol_holdout,random_selection,2,48,12.12848711022354
MIT,set2_early_soh,GPR,log,protocol_holdout,random_selection,2,56,11.483900721899449
MIT,set2_early_soh,GPR,log,protocol_holdout,random_selection,2,64,11.382704392485596
MIT,set2_early_soh,GPR,log,protocol_holdout,random_selection,2,72,10.831949242573431
MIT,set2_early_soh,GPR,log,protocol_holdout,random_selection,2,80,10.498149145438218
MIT,set2_early_soh,GPR,log,protocol_holdout,random_selection,2,88,10.623726772282922
MIT,set2_early_soh,GPR,log,protocol_holdout,random_selection,2,96,10.81140608135797
MIT,set2_early_soh,GPR,log,protocol_holdout,random_selection,2,99,10.764516559737398
MIT,set2_early_soh,GPR,log,protocol_holdout,random_selection,3,8,24.26037190976212
MIT,set2_early_soh,GPR,log,protocol_holdout,random_selection,3,16,18.649039628762026
MIT,set2_early_soh,GPR,log,protocol_holdout,random_selection,3,24,23.36465124826444
MIT,set2_early_soh,GPR,log,protocol_holdout,random_selection,3,32,14.588005796419615
MIT,set2_early_soh,GPR,log,protocol_holdout,random_selection,3,40,13.80224184090956
MIT,set2_early_soh,GPR,log,protocol_holdout,random_selection,3,48,13.227518800167529
MIT,set2_early_soh,GPR,log,protocol_holdout,random_selection,3,56,13.075078645620556
MIT,set2_early_soh,GPR,log,protocol_holdout,random_selection,3,64,13.970939974336538
MIT,set2_early_soh,GPR,log,protocol_holdout,random_selection,3,72,14.460172670602608
MIT,set2_early_soh,GPR,log,protocol_holdout,random_selection,3,80,14.499035408674802
MIT,set2_early_soh,GPR,log,protocol_holdout,random_selection,3,88,14.110348314174152
MIT,set2_early_soh,GPR,log,protocol_holdout,random_selection,3,96,14.206914185777244
MIT,set2_early_soh,GPR,log,protocol_holdout,random_selection,3,99,14.197444041096803
MIT,set2_early_soh,GPR,log,protocol_holdout,random_selection,4,8,25.166080531151746
MIT,set2_early_soh,GPR,log,protocol_holdout,random_selection,4,16,21.97677358268418
MIT,set2_early_soh,GPR,log,protocol_holdout,random_selection,4,24,21.34917262189245
MIT,set2_early_soh,GPR,log,protocol_holdout,random_selection,4,32,20.300851894852133
MIT,set2_early_soh,GPR,log,protocol_holdout,random_selection,4,40,18.391699712488084
MIT,set2_early_soh,GPR,log,protocol_holdout,random_selection,4,48,11.646379743027111
MIT,set2_early_soh,GPR,log,protocol_holdout,random_selection,4,56,11.449413853730135
MIT,set2_early_soh,GPR,log,protocol_holdout,random_selection,4,64,12.674363749934706
MIT,set2_early_soh,GPR,log,protocol_holdout,random_selection,4,72,11.969931489114046
MIT,set2_early_soh,GPR,log,protocol_holdout,random_selection,4,80,12.769215783415014
MIT,set2_early_soh,GPR,log,protocol_holdout,random_selection,4,88,13.264088529956371
MIT,set2_early_soh,GPR,log,protocol_holdout,random_selection,4,96,13.504785003300531
MIT,set2_early_soh,GPR,log,protocol_holdout,random_selection,4,99,13.976657758874849
MIT,set2_early_soh,GPR,log,protocol_holdout,random_selection,5,8,19.615865172255216
MIT,set2_early_soh,GPR,log,protocol_holdout,random_selection,5,16,23.279148174063906
MIT,set2_early_soh,GPR,log,protocol_holdout,random_selection,5,24,9.70082865918226
MIT,set2_early_soh,GPR,log,protocol_holdout,random_selection,5,32,10.644622243667875
MIT,set2_early_soh,GPR,log,protocol_holdout,random_selection,5,40,11.152620595812156
MIT,set2_early_soh,GPR,log,protocol_holdout,random_selection,5,48,11.518019386297077
MIT,set2_early_soh,GPR,log,protocol_holdout,random_selection,5,56,10.161853392830054
MIT,set2_early_soh,GPR,log,protocol_holdout,random_selection,5,64,10.35306351816453
MIT,set2_early_soh,GPR,log,protocol_holdout,random_selection,5,72,10.598644518733272
MIT,set2_early_soh,GPR,log,protocol_holdout,random_selection,5,80,10.192518181807367
MIT,set2_early_soh,GPR,log,protocol_holdout,random_selection,5,88,10.110165499883207
MIT,set2_early_soh,GPR,log,protocol_holdout,random_selection,5,96,9.588579842867446
MIT,set2_early_soh,GPR,log,protocol_holdout,random_selection,5,99,9.63745260260491
MIT,set2_early_soh,GPR,log,protocol_holdout,random_selection,6,8,22.151508371964013
MIT,set2_early_soh,GPR,log,protocol_holdout,random_selection,6,16,14.749327179449438
MIT,set2_early_soh,GPR,log,protocol_holdout,random_selection,6,24,15.587826832156365
MIT,set2_early_soh,GPR,log,protocol_holdout,random_selection,6,32,14.916865827276991
MIT,set2_early_soh,GPR,log,protocol_holdout,random_selection,6,40,18.060421115646896
MIT,set2_early_soh,GPR,log,protocol_holdout,random_selection,6,48,18.52369349812126
MIT,set2_early_soh,GPR,log,protocol_holdout,random_selection,6,56,22.16729774044814
MIT,set2_early_soh,GPR,log,protocol_holdout,random_selection,6,64,19.13913537470607
MIT,set2_early_soh,GPR,log,protocol_holdout,random_selection,6,72,18.66432131576706
MIT,set2_early_soh,GPR,log,protocol_holdout,random_selection,6,80,20.816269720164808
MIT,set2_early_soh,GPR,log,protocol_holdout,random_selection,6,88,21.23978051008232
MIT,set2_early_soh,GPR,log,protocol_holdout,random_selection,6,96,19.789759687863096
MIT,set2_early_soh,GPR,log,protocol_holdout,random_selection,6,99,19.6766608049646
MIT,set2_early_soh,GPR,log,protocol_holdout,random_selection,7,8,22.22224110053257
MIT,set2_early_soh,GPR,log,protocol_holdout,random_selection,7,16,19.15237528849088
MIT,set2_early_soh,GPR,log,protocol_holdout,random_selection,7,24,13.602638571627642
MIT,set2_early_soh,GPR,log,protocol_holdout,random_selection,7,32,13.136488830531787
MIT,set2_early_soh,GPR,log,protocol_holdout,random_selection,7,40,17.010474636474047
MIT,set2_early_soh,GPR,log,protocol_holdout,random_selection,7,48,14.388306456767111
MIT,set2_early_soh,GPR,log,protocol_holdout,random_selection,7,56,13.032764230253877
MIT,set2_early_soh,GPR,log,protocol_holdout,random_selection,7,64,12.454684778094292
MIT,set2_early_soh,GPR,log,protocol_holdout,random_selection,7,72,13.263888372153133
MIT,set2_early_soh,GPR,log,protocol_holdout,random_selection,7,80,12.655401276024564
MIT,set2_early_soh,GPR,log,protocol_holdout,random_selection,7,88,12.148390202193363
MIT,set2_early_soh,GPR,log,protocol_holdout,random_selection,7,96,11.655149211804838
MIT,set2_early_soh,GPR,log,protocol_holdout,random_selection,7,99,11.626438481051537
MIT,set2_early_soh,GPR,log,protocol_holdout,random_selection,8,8,16.887706215420824
MIT,set2_early_soh,GPR,log,protocol_holdout,random_selection,8,16,10.750072443521058
MIT,set2_early_soh,GPR,log,protocol_holdout,random_selection,8,24,11.10418222922778
MIT,set2_early_soh,GPR,log,protocol_holdout,random_selection,8,32,11.178302564371553
MIT,set2_early_soh,GPR,log,protocol_holdout,random_selection,8,40,9.80710785897577
MIT,set2_early_soh,GPR,log,protocol_holdout,random_selection,8,48,15.67650636516886
MIT,set2_early_soh,GPR,log,protocol_holdout,random_selection,8,56,23.282039898257427
MIT,set2_early_soh,GPR,log,protocol_holdout,random_selection,8,64,18.82694114922637
MIT,set2_early_soh,GPR,log,protocol_holdout,random_selection,8,72,14.720352306876832
MIT,set2_early_soh,GPR,log,protocol_holdout,random_selection,8,80,13.941140084152192
MIT,set2_early_soh,GPR,log,protocol_holdout,random_selection,8,88,15.604545518360649
MIT,set2_early_soh,GPR,log,protocol_holdout,random_selection,8,96,13.143814888725643
MIT,set2_early_soh,GPR,log,protocol_holdout,random_selection,8,99,13.809249753564876
MIT,set2_early_soh,GPR,log,protocol_holdout,random_selection,9,8,21.33558235011549
MIT,set2_early_soh,GPR,log,protocol_holdout,random_selection,9,16,23.797286021055893
MIT,set2_early_soh,GPR,log,protocol_holdout,random_selection,9,24,24.27499247931001
MIT,set2_early_soh,GPR,log,protocol_holdout,random_selection,9,32,26.539953275239814
MIT,set2_early_soh,GPR,log,protocol_holdout,random_selection,9,40,22.450955220460138
MIT,set2_early_soh,GPR,log,protocol_holdout,random_selection,9,48,26.707513818633743
MIT,set2_early_soh,GPR,log,protocol_holdout,random_selection,9,56,24.834553100737256
MIT,set2_early_soh,GPR,log,protocol_holdout,random_selection,9,64,24.52499437576293
MIT,set2_early_soh,GPR,log,protocol_holdout,random_selection,9,72,24.052324173845022
MIT,set2_early_soh,GPR,log,protocol_holdout,random_selection,9,80,25.53818226766177
MIT,set2_early_soh,GPR,log,protocol_holdout,random_selection,9,88,24.36203932159228
MIT,set2_early_soh,GPR,log,protocol_holdout,random_selection,9,96,23.80224839419905
MIT,set2_early_soh,GPR,log,protocol_holdout,random_selection,9,99,16.93016426356342
MIT,set2_early_soh,GPR,log,protocol_holdout,random_selection,10,8,62.58076122706788
MIT,set2_early_soh,GPR,log,protocol_holdout,random_selection,10,16,47.11368244373479
MIT,set2_early_soh,GPR,log,protocol_holdout,random_selection,10,24,34.5492460414831
MIT,set2_early_soh,GPR,log,protocol_holdout,random_selection,10,32,24.91087564339056
MIT,set2_early_soh,GPR,log,protocol_holdout,random_selection,10,40,22.25446193787668
MIT,set2_early_soh,GPR,log,protocol_holdout,random_selection,10,48,17.719480735710704
MIT,set2_early_soh,GPR,log,protocol_holdout,random_selection,10,56,16.475561788129454
MIT,set2_early_soh,GPR,log,protocol_holdout,random_selection,10,64,12.202171403938426
MIT,set2_early_soh,GPR,log,protocol_holdout,random_selection,10,72,11.414241077629926
MIT,set2_early_soh,GPR,log,protocol_holdout,random_selection,10,80,10.840833351995451
MIT,set2_early_soh,GPR,log,protocol_holdout,random_selection,10,88,10.72076766425371
MIT,set2_early_soh,GPR,log,protocol_holdout,random_selection,10,96,10.475300619820844
MIT,set2_early_soh,GPR,log,protocol_holdout,random_selection,10,99,11.585569692745407
MIT,set2_early_soh,GPR,log,protocol_holdout,diversity_oneshot,1,8,40.88642264124401
MIT,set2_early_soh,GPR,log,protocol_holdout,diversity_oneshot,1,16,27.7025552833006
MIT,set2_early_soh,GPR,log,protocol_holdout,diversity_oneshot,1,24,23.34305564972145
MIT,set2_early_soh,GPR,log,protocol_holdout,diversity_oneshot,1,32,53.09711946283287
MIT,set2_early_soh,GPR,log,protocol_holdout,diversity_oneshot,1,40,29.118506145412702
MIT,set2_early_soh,GPR,log,protocol_holdout,diversity_oneshot,1,48,29.75597379362102
MIT,set2_early_soh,GPR,log,protocol_holdout,diversity_oneshot,1,56,30.33577694023663
MIT,set2_early_soh,GPR,log,protocol_holdout,diversity_oneshot,1,64,31.446646298681795
MIT,set2_early_soh,GPR,log,protocol_holdout,diversity_oneshot,1,72,34.01069446647232
MIT,set2_early_soh,GPR,log,protocol_holdout,diversity_oneshot,1,80,52.36531969333343
MIT,set2_early_soh,GPR,log,protocol_holdout,diversity_oneshot,1,88,50.18748742202512
MIT,set2_early_soh,GPR,log,protocol_holdout,diversity_oneshot,1,96,13.00250876195594
MIT,set2_early_soh,GPR,log,protocol_holdout,diversity_oneshot,1,99,63.6771066322561
MIT,set2_early_soh,GPR,log,protocol_holdout,diversity_oneshot,2,8,31.374372303773463
MIT,set2_early_soh,GPR,log,protocol_holdout,diversity_oneshot,2,16,17.29490114478809
MIT,set2_early_soh,GPR,log,protocol_holdout,diversity_oneshot,2,24,12.697139213705707
MIT,set2_early_soh,GPR,log,protocol_holdout,diversity_oneshot,2,32,12.40686946570194
MIT,set2_early_soh,GPR,log,protocol_holdout,diversity_oneshot,2,40,11.537482271988852
MIT,set2_early_soh,GPR,log,protocol_holdout,diversity_oneshot,2,48,11.150981533401282
MIT,set2_early_soh,GPR,log,protocol_holdout,diversity_oneshot,2,56,11.154587860907704
MIT,set2_early_soh,GPR,log,protocol_holdout,diversity_oneshot,2,64,11.236406999059296
MIT,set2_early_soh,GPR,log,protocol_holdout,diversity_oneshot,2,72,11.209890722695
MIT,set2_early_soh,GPR,log,protocol_holdout,diversity_oneshot,2,80,11.098822904819444
MIT,set2_early_soh,GPR,log,protocol_holdout,diversity_oneshot,2,88,10.812872521435406
MIT,set2_early_soh,GPR,log,protocol_holdout,diversity_oneshot,2,96,10.806916860234592
MIT,set2_early_soh,GPR,log,protocol_holdout,diversity_oneshot,2,99,10.764516559737398
MIT,set2_early_soh,GPR,log,protocol_holdout,diversity_oneshot,3,8,40.70986131800301
MIT,set2_early_soh,GPR,log,protocol_holdout,diversity_oneshot,3,16,24.401766070009074
MIT,set2_early_soh,GPR,log,protocol_holdout,diversity_oneshot,3,24,33.78269780608273
MIT,set2_early_soh,GPR,log,protocol_holdout,diversity_oneshot,3,32,14.096839422346646
MIT,set2_early_soh,GPR,log,protocol_holdout,diversity_oneshot,3,40,16.106905976350536
MIT,set2_early_soh,GPR,log,protocol_holdout,diversity_oneshot,3,48,14.292735189871546
MIT,set2_early_soh,GPR,log,protocol_holdout,diversity_oneshot,3,56,14.63978509691579
MIT,set2_early_soh,GPR,log,protocol_holdout,diversity_oneshot,3,64,14.30842973016692
MIT,set2_early_soh,GPR,log,protocol_holdout,diversity_oneshot,3,72,15.01782939576563
MIT,set2_early_soh,GPR,log,protocol_holdout,diversity_oneshot,3,80,14.794802049583256
MIT,set2_early_soh,GPR,log,protocol_holdout,diversity_oneshot,3,88,14.777789755104196
MIT,set2_early_soh,GPR,log,protocol_holdout,diversity_oneshot,3,96,14.370800010794936
MIT,set2_early_soh,GPR,log,protocol_holdout,diversity_oneshot,3,99,14.197444041096803
MIT,set2_early_soh,GPR,log,protocol_holdout,diversity_oneshot,4,8,22.587776920025394
MIT,set2_early_soh,GPR,log,protocol_holdout,diversity_oneshot,4,16,22.5442774135152
MIT,set2_early_soh,GPR,log,protocol_holdout,diversity_oneshot,4,24,18.26908773490469
MIT,set2_early_soh,GPR,log,protocol_holdout,diversity_oneshot,4,32,14.95060247585397
MIT,set2_early_soh,GPR,log,protocol_holdout,diversity_oneshot,4,40,15.659516101366664
MIT,set2_early_soh,GPR,log,protocol_holdout,diversity_oneshot,4,48,14.937252374751989
MIT,set2_early_soh,GPR,log,protocol_holdout,diversity_oneshot,4,56,14.596837551840006
MIT,set2_early_soh,GPR,log,protocol_holdout,diversity_oneshot,4,64,12.151405193650962
MIT,set2_early_soh,GPR,log,protocol_holdout,diversity_oneshot,4,72,12.90869486115607
MIT,set2_early_soh,GPR,log,protocol_holdout,diversity_oneshot,4,80,13.387277000677008
MIT,set2_early_soh,GPR,log,protocol_holdout,diversity_oneshot,4,88,13.70366543905321
MIT,set2_early_soh,GPR,log,protocol_holdout,diversity_oneshot,4,96,14.123720028088648
MIT,set2_early_soh,GPR,log,protocol_holdout,diversity_oneshot,4,99,13.976657758874849
MIT,set2_early_soh,GPR,log,protocol_holdout,diversity_oneshot,5,8,34.53847973768851
MIT,set2_early_soh,GPR,log,protocol_holdout,diversity_oneshot,5,16,24.98479270861113
MIT,set2_early_soh,GPR,log,protocol_holdout,diversity_oneshot,5,24,18.36136402709648
MIT,set2_early_soh,GPR,log,protocol_holdout,diversity_oneshot,5,32,8.174973369977605
MIT,set2_early_soh,GPR,log,protocol_holdout,diversity_oneshot,5,40,8.23757014884073
MIT,set2_early_soh,GPR,log,protocol_holdout,diversity_oneshot,5,48,8.295821130887182
MIT,set2_early_soh,GPR,log,protocol_holdout,diversity_oneshot,5,56,8.192256381946123
MIT,set2_early_soh,GPR,log,protocol_holdout,diversity_oneshot,5,64,8.510856375832628
MIT,set2_early_soh,GPR,log,protocol_holdout,diversity_oneshot,5,72,9.346708028744008
MIT,set2_early_soh,GPR,log,protocol_holdout,diversity_oneshot,5,80,8.403354986628097
MIT,set2_early_soh,GPR,log,protocol_holdout,diversity_oneshot,5,88,9.25102712701684
MIT,set2_early_soh,GPR,log,protocol_holdout,diversity_oneshot,5,96,9.842555088891835
MIT,set2_early_soh,GPR,log,protocol_holdout,diversity_oneshot,5,99,9.63745260260491
MIT,set2_early_soh,GPR,log,protocol_holdout,diversity_oneshot,6,8,20.39097025223105
MIT,set2_early_soh,GPR,log,protocol_holdout,diversity_oneshot,6,16,20.43174346879525
MIT,set2_early_soh,GPR,log,protocol_holdout,diversity_oneshot,6,24,19.03003582528608
MIT,set2_early_soh,GPR,log,protocol_holdout,diversity_oneshot,6,32,11.969007428145112
MIT,set2_early_soh,GPR,log,protocol_holdout,diversity_oneshot,6,40,9.383600817570786
MIT,set2_early_soh,GPR,log,protocol_holdout,diversity_oneshot,6,48,11.495668461254905
MIT,set2_early_soh,GPR,log,protocol_holdout,diversity_oneshot,6,56,11.92202734947874
MIT,set2_early_soh,GPR,log,protocol_holdout,diversity_oneshot,6,64,13.13412559518983
MIT,set2_early_soh,GPR,log,protocol_holdout,diversity_oneshot,6,72,14.919129558344313
MIT,set2_early_soh,GPR,log,protocol_holdout,diversity_oneshot,6,80,15.359076080335385
MIT,set2_early_soh,GPR,log,protocol_holdout,diversity_oneshot,6,88,17.609065818391905
MIT,set2_early_soh,GPR,log,protocol_holdout,diversity_oneshot,6,96,19.21359547421229
MIT,set2_early_soh,GPR,log,protocol_holdout,diversity_oneshot,6,99,19.6766608049646
MIT,set2_early_soh,GPR,log,protocol_holdout,diversity_oneshot,7,8,24.161052421855874
MIT,set2_early_soh,GPR,log,protocol_holdout,diversity_oneshot,7,16,19.17273379451051
MIT,set2_early_soh,GPR,log,protocol_holdout,diversity_oneshot,7,24,13.39036328500249
MIT,set2_early_soh,GPR,log,protocol_holdout,diversity_oneshot,7,32,12.620188177531752
MIT,set2_early_soh,GPR,log,protocol_holdout,diversity_oneshot,7,40,12.208864914272349
MIT,set2_early_soh,GPR,log,protocol_holdout,diversity_oneshot,7,48,11.99801912972172
MIT,set2_early_soh,GPR,log,protocol_holdout,diversity_oneshot,7,56,12.458910711466975
MIT,set2_early_soh,GPR,log,protocol_holdout,diversity_oneshot,7,64,12.515269559667534
MIT,set2_early_soh,GPR,log,protocol_holdout,diversity_oneshot,7,72,12.419264104220495
MIT,set2_early_soh,GPR,log,protocol_holdout,diversity_oneshot,7,80,12.11281067973702
MIT,set2_early_soh,GPR,log,protocol_holdout,diversity_oneshot,7,88,12.015737249924006
MIT,set2_early_soh,GPR,log,protocol_holdout,diversity_oneshot,7,96,11.72423193443548
MIT,set2_early_soh,GPR,log,protocol_holdout,diversity_oneshot,7,99,11.626438481051537
MIT,set2_early_soh,GPR,log,protocol_holdout,diversity_oneshot,8,8,34.258168165009266
MIT,set2_early_soh,GPR,log,protocol_holdout,diversity_oneshot,8,16,21.134208195698807
MIT,set2_early_soh,GPR,log,protocol_holdout,diversity_oneshot,8,24,19.29871598386207
MIT,set2_early_soh,GPR,log,protocol_holdout,diversity_oneshot,8,32,9.66988462012723
MIT,set2_early_soh,GPR,log,protocol_holdout,diversity_oneshot,8,40,9.390983167908578
MIT,set2_early_soh,GPR,log,protocol_holdout,diversity_oneshot,8,48,9.65837942398442
MIT,set2_early_soh,GPR,log,protocol_holdout,diversity_oneshot,8,56,9.939145398635594
MIT,set2_early_soh,GPR,log,protocol_holdout,diversity_oneshot,8,64,10.62423913936394
MIT,set2_early_soh,GPR,log,protocol_holdout,diversity_oneshot,8,72,9.34228596922278
MIT,set2_early_soh,GPR,log,protocol_holdout,diversity_oneshot,8,80,13.705956896280108
MIT,set2_early_soh,GPR,log,protocol_holdout,diversity_oneshot,8,88,13.30095892703207
MIT,set2_early_soh,GPR,log,protocol_holdout,diversity_oneshot,8,96,15.32737536159899
MIT,set2_early_soh,GPR,log,protocol_holdout,diversity_oneshot,8,99,13.809249753564876
MIT,set2_early_soh,GPR,log,protocol_holdout,diversity_oneshot,9,8,20.5927116014358
MIT,set2_early_soh,GPR,log,protocol_holdout,diversity_oneshot,9,16,14.998437130104092
MIT,set2_early_soh,GPR,log,protocol_holdout,diversity_oneshot,9,24,13.115640343489655
MIT,set2_early_soh,GPR,log,protocol_holdout,diversity_oneshot,9,32,19.28077621597558
MIT,set2_early_soh,GPR,log,protocol_holdout,diversity_oneshot,9,40,11.874550155423645
MIT,set2_early_soh,GPR,log,protocol_holdout,diversity_oneshot,9,48,11.75833211279149
MIT,set2_early_soh,GPR,log,protocol_holdout,diversity_oneshot,9,56,10.900358422840617
MIT,set2_early_soh,GPR,log,protocol_holdout,diversity_oneshot,9,64,13.367383906978327
MIT,set2_early_soh,GPR,log,protocol_holdout,diversity_oneshot,9,72,11.42150434238808
MIT,set2_early_soh,GPR,log,protocol_holdout,diversity_oneshot,9,80,12.51476575342425
MIT,set2_early_soh,GPR,log,protocol_holdout,diversity_oneshot,9,88,13.96014862338296
MIT,set2_early_soh,GPR,log,protocol_holdout,diversity_oneshot,9,96,16.49525722706418
MIT,set2_early_soh,GPR,log,protocol_holdout,diversity_oneshot,9,99,16.93016426356342
MIT,set2_early_soh,GPR,log,protocol_holdout,diversity_oneshot,10,8,24.1478832180886
MIT,set2_early_soh,GPR,log,protocol_holdout,diversity_oneshot,10,16,23.776128367526606
MIT,set2_early_soh,GPR,log,protocol_holdout,diversity_oneshot,10,24,19.769907431387693
MIT,set2_early_soh,GPR,log,protocol_holdout,diversity_oneshot,10,32,10.260084594964791
MIT,set2_early_soh,GPR,log,protocol_holdout,diversity_oneshot,10,40,8.555171848981365
MIT,set2_early_soh,GPR,log,protocol_holdout,diversity_oneshot,10,48,9.528693218234412
MIT,set2_early_soh,GPR,log,protocol_holdout,diversity_oneshot,10,56,8.080186952265445
MIT,set2_early_soh,GPR,log,protocol_holdout,diversity_oneshot,10,64,9.484770579649764
MIT,set2_early_soh,GPR,log,protocol_holdout,diversity_oneshot,10,72,8.320331719172035
MIT,set2_early_soh,GPR,log,protocol_holdout,diversity_oneshot,10,80,10.891464997973852
MIT,set2_early_soh,GPR,log,protocol_holdout,diversity_oneshot,10,88,11.208491082244336
MIT,set2_early_soh,GPR,log,protocol_holdout,diversity_oneshot,10,96,10.9352109043241
MIT,set2_early_soh,GPR,log,protocol_holdout,diversity_oneshot,10,99,11.585569692745407
MIT,set2_early_soh,GPR,log,protocol_holdout,diversity_iterative,1,8,40.88642264124401
MIT,set2_early_soh,GPR,log,protocol_holdout,diversity_iterative,1,16,40.43580321293849
MIT,set2_early_soh,GPR,log,protocol_holdout,diversity_iterative,1,24,41.36666028876311
MIT,set2_early_soh,GPR,log,protocol_holdout,diversity_iterative,1,32,38.58746405752397
MIT,set2_early_soh,GPR,log,protocol_holdout,diversity_iterative,1,40,66.428497752883
MIT,set2_early_soh,GPR,log,protocol_holdout,diversity_iterative,1,48,33.89182601865872
MIT,set2_early_soh,GPR,log,protocol_holdout,diversity_iterative,1,56,31.403931185365373
MIT,set2_early_soh,GPR,log,protocol_holdout,diversity_iterative,1,64,77.35616734306507
MIT,set2_early_soh,GPR,log,protocol_holdout,diversity_iterative,1,72,62.62404665367532
MIT,set2_early_soh,GPR,log,protocol_holdout,diversity_iterative,1,80,49.91564470529202
MIT,set2_early_soh,GPR,log,protocol_holdout,diversity_iterative,1,88,56.340944732831055
MIT,set2_early_soh,GPR,log,protocol_holdout,diversity_iterative,1,96,13.334203688527804
MIT,set2_early_soh,GPR,log,protocol_holdout,diversity_iterative,1,99,63.6771066322561
MIT,set2_early_soh,GPR,log,protocol_holdout,diversity_iterative,2,8,31.374372303773463
MIT,set2_early_soh,GPR,log,protocol_holdout,diversity_iterative,2,16,20.672124411842294
MIT,set2_early_soh,GPR,log,protocol_holdout,diversity_iterative,2,24,14.431979998261122
MIT,set2_early_soh,GPR,log,protocol_holdout,diversity_iterative,2,32,22.555758454685005
MIT,set2_early_soh,GPR,log,protocol_holdout,diversity_iterative,2,40,24.64501864109956
MIT,set2_early_soh,GPR,log,protocol_holdout,diversity_iterative,2,48,11.726318410611157
MIT,set2_early_soh,GPR,log,protocol_holdout,diversity_iterative,2,56,11.78069935286803
MIT,set2_early_soh,GPR,log,protocol_holdout,diversity_iterative,2,64,11.560276888494595
MIT,set2_early_soh,GPR,log,protocol_holdout,diversity_iterative,2,72,11.79769847894833
MIT,set2_early_soh,GPR,log,protocol_holdout,diversity_iterative,2,80,11.696134116881762
MIT,set2_early_soh,GPR,log,protocol_holdout,diversity_iterative,2,88,11.050029386339782
MIT,set2_early_soh,GPR,log,protocol_holdout,diversity_iterative,2,96,10.906912530323192
MIT,set2_early_soh,GPR,log,protocol_holdout,diversity_iterative,2,99,10.764516559737398
MIT,set2_early_soh,GPR,log,protocol_holdout,diversity_iterative,3,8,40.70986131800301
MIT,set2_early_soh,GPR,log,protocol_holdout,diversity_iterative,3,16,35.71482381829542
MIT,set2_early_soh,GPR,log,protocol_holdout,diversity_iterative,3,24,20.32032181286849
MIT,set2_early_soh,GPR,log,protocol_holdout,diversity_iterative,3,32,14.06027625489235
MIT,set2_early_soh,GPR,log,protocol_holdout,diversity_iterative,3,40,14.214141636853164
MIT,set2_early_soh,GPR,log,protocol_holdout,diversity_iterative,3,48,13.34804469420229
MIT,set2_early_soh,GPR,log,protocol_holdout,diversity_iterative,3,56,13.269458468831788
MIT,set2_early_soh,GPR,log,protocol_holdout,diversity_iterative,3,64,13.802317026942063
MIT,set2_early_soh,GPR,log,protocol_holdout,diversity_iterative,3,72,13.845009884222629
MIT,set2_early_soh,GPR,log,protocol_holdout,diversity_iterative,3,80,14.228993023683168
MIT,set2_early_soh,GPR,log,protocol_holdout,diversity_iterative,3,88,13.96414017174378
MIT,set2_early_soh,GPR,log,protocol_holdout,diversity_iterative,3,96,13.836681886970323
MIT,set2_early_soh,GPR,log,protocol_holdout,diversity_iterative,3,99,14.197444041096803
MIT,set2_early_soh,GPR,log,protocol_holdout,diversity_iterative,4,8,22.587776920025394
MIT,set2_early_soh,GPR,log,protocol_holdout,diversity_iterative,4,16,28.42158929703293
MIT,set2_early_soh,GPR,log,protocol_holdout,diversity_iterative,4,24,28.03829774127567
MIT,set2_early_soh,GPR,log,protocol_holdout,diversity_iterative,4,32,21.567907272731176
MIT,set2_early_soh,GPR,log,protocol_holdout,diversity_iterative,4,40,18.73237177354381
MIT,set2_early_soh,GPR,log,protocol_holdout,diversity_iterative,4,48,17.73672639506312
MIT,set2_early_soh,GPR,log,protocol_holdout,diversity_iterative,4,56,16.134972540980016
MIT,set2_early_soh,GPR,log,protocol_holdout,diversity_iterative,4,64,15.662853890807863
MIT,set2_early_soh,GPR,log,protocol_holdout,diversity_iterative,4,72,15.210444882681262
MIT,set2_early_soh,GPR,log,protocol_holdout,diversity_iterative,4,80,14.462281241112574
MIT,set2_early_soh,GPR,log,protocol_holdout,diversity_iterative,4,88,14.519421090449208
MIT,set2_early_soh,GPR,log,protocol_holdout,diversity_iterative,4,96,14.437179994641848
MIT,set2_early_soh,GPR,log,protocol_holdout,diversity_iterative,4,99,13.976657758874849
MIT,set2_early_soh,GPR,log,protocol_holdout,diversity_iterative,5,8,34.53847973768851
MIT,set2_early_soh,GPR,log,protocol_holdout,diversity_iterative,5,16,31.83411733357695
MIT,set2_early_soh,GPR,log,protocol_holdout,diversity_iterative,5,24,26.59894448330148
MIT,set2_early_soh,GPR,log,protocol_holdout,diversity_iterative,5,32,12.808116890892771
MIT,set2_early_soh,GPR,log,protocol_holdout,diversity_iterative,5,40,10.930186012626107
MIT,set2_early_soh,GPR,log,protocol_holdout,diversity_iterative,5,48,10.056050843739907
MIT,set2_early_soh,GPR,log,protocol_holdout,diversity_iterative,5,56,9.352889153190285
MIT,set2_early_soh,GPR,log,protocol_holdout,diversity_iterative,5,64,9.288733101896886
MIT,set2_early_soh,GPR,log,protocol_holdout,diversity_iterative,5,72,9.35768388799332
MIT,set2_early_soh,GPR,log,protocol_holdout,diversity_iterative,5,80,9.119618916810335
MIT,set2_early_soh,GPR,log,protocol_holdout,diversity_iterative,5,88,9.844781293424258
MIT,set2_early_soh,GPR,log,protocol_holdout,diversity_iterative,5,96,9.313527840281086
MIT,set2_early_soh,GPR,log,protocol_holdout,diversity_iterative,5,99,9.63745260260491
MIT,set2_early_soh,GPR,log,protocol_holdout,diversity_iterative,6,8,20.39097025223105
MIT,set2_early_soh,GPR,log,protocol_holdout,diversity_iterative,6,16,27.00131975596359
MIT,set2_early_soh,GPR,log,protocol_holdout,diversity_iterative,6,24,16.166147520727453
MIT,set2_early_soh,GPR,log,protocol_holdout,diversity_iterative,6,32,12.198250250858289
MIT,set2_early_soh,GPR,log,protocol_holdout,diversity_iterative,6,40,12.864243171850063
MIT,set2_early_soh,GPR,log,protocol_holdout,diversity_iterative,6,48,13.436106631683288
MIT,set2_early_soh,GPR,log,protocol_holdout,diversity_iterative,6,56,14.243233060731622
MIT,set2_early_soh,GPR,log,protocol_holdout,diversity_iterative,6,64,13.947542185544084
MIT,set2_early_soh,GPR,log,protocol_holdout,diversity_iterative,6,72,16.462610368410903
MIT,set2_early_soh,GPR,log,protocol_holdout,diversity_iterative,6,80,16.934703474880816
MIT,set2_early_soh,GPR,log,protocol_holdout,diversity_iterative,6,88,18.782641729556403
MIT,set2_early_soh,GPR,log,protocol_holdout,diversity_iterative,6,96,18.624111896117697
MIT,set2_early_soh,GPR,log,protocol_holdout,diversity_iterative,6,99,19.6766608049646
MIT,set2_early_soh,GPR,log,protocol_holdout,diversity_iterative,7,8,24.161052421855874
MIT,set2_early_soh,GPR,log,protocol_holdout,diversity_iterative,7,16,23.289987168527496
MIT,set2_early_soh,GPR,log,protocol_holdout,diversity_iterative,7,24,21.911816077138223
MIT,set2_early_soh,GPR,log,protocol_holdout,diversity_iterative,7,32,15.948962346580585
MIT,set2_early_soh,GPR,log,protocol_holdout,diversity_iterative,7,40,13.274611889288067
MIT,set2_early_soh,GPR,log,protocol_holdout,diversity_iterative,7,48,12.155477487613338
MIT,set2_early_soh,GPR,log,protocol_holdout,diversity_iterative,7,56,12.024098084998345
MIT,set2_early_soh,GPR,log,protocol_holdout,diversity_iterative,7,64,12.16490477152765
MIT,set2_early_soh,GPR,log,protocol_holdout,diversity_iterative,7,72,12.329506441533407
MIT,set2_early_soh,GPR,log,protocol_holdout,diversity_iterative,7,80,12.357804237553918
MIT,set2_early_soh,GPR,log,protocol_holdout,diversity_iterative,7,88,12.25036262348581
MIT,set2_early_soh,GPR,log,protocol_holdout,diversity_iterative,7,96,11.813875834479855
MIT,set2_early_soh,GPR,log,protocol_holdout,diversity_iterative,7,99,11.626438481051537
MIT,set2_early_soh,GPR,log,protocol_holdout,diversity_iterative,8,8,34.258168165009266
MIT,set2_early_soh,GPR,log,protocol_holdout,diversity_iterative,8,16,17.694240786834712
MIT,set2_early_soh,GPR,log,protocol_holdout,diversity_iterative,8,24,18.64423489651011
MIT,set2_early_soh,GPR,log,protocol_holdout,diversity_iterative,8,32,8.29314529476322
MIT,set2_early_soh,GPR,log,protocol_holdout,diversity_iterative,8,40,8.826287092347505
MIT,set2_early_soh,GPR,log,protocol_holdout,diversity_iterative,8,48,9.431096227165416
MIT,set2_early_soh,GPR,log,protocol_holdout,diversity_iterative,8,56,10.474816300152032
MIT,set2_early_soh,GPR,log,protocol_holdout,diversity_iterative,8,64,11.031031222933136
MIT,set2_early_soh,GPR,log,protocol_holdout,diversity_iterative,8,72,13.574502595740496
MIT,set2_early_soh,GPR,log,protocol_holdout,diversity_iterative,8,80,14.52821457176207
MIT,set2_early_soh,GPR,log,protocol_holdout,diversity_iterative,8,88,13.319481049845333
MIT,set2_early_soh,GPR,log,protocol_holdout,diversity_iterative,8,96,15.80769955628034
MIT,set2_early_soh,GPR,log,protocol_holdout,diversity_iterative,8,99,13.809249753564876
MIT,set2_early_soh,GPR,log,protocol_holdout,diversity_iterative,9,8,20.5927116014358
MIT,set2_early_soh,GPR,log,protocol_holdout,diversity_iterative,9,16,14.461934003572305
MIT,set2_early_soh,GPR,log,protocol_holdout,diversity_iterative,9,24,9.833033488073232
MIT,set2_early_soh,GPR,log,protocol_holdout,diversity_iterative,9,32,19.049002343837174
MIT,set2_early_soh,GPR,log,protocol_holdout,diversity_iterative,9,40,16.373561756457224
MIT,set2_early_soh,GPR,log,protocol_holdout,diversity_iterative,9,48,16.579405823357373
MIT,set2_early_soh,GPR,log,protocol_holdout,diversity_iterative,9,56,15.117271975306418
MIT,set2_early_soh,GPR,log,protocol_holdout,diversity_iterative,9,64,16.043527355721256
MIT,set2_early_soh,GPR,log,protocol_holdout,diversity_iterative,9,72,14.9445774965594
MIT,set2_early_soh,GPR,log,protocol_holdout,diversity_iterative,9,80,14.629612386513008
MIT,set2_early_soh,GPR,log,protocol_holdout,diversity_iterative,9,88,12.26359014654846
MIT,set2_early_soh,GPR,log,protocol_holdout,diversity_iterative,9,96,14.855983819710548
MIT,set2_early_soh,GPR,log,protocol_holdout,diversity_iterative,9,99,16.93016426356342
MIT,set2_early_soh,GPR,log,protocol_holdout,diversity_iterative,10,8,24.1478832180886
MIT,set2_early_soh,GPR,log,protocol_holdout,diversity_iterative,10,16,24.66057001553984
MIT,set2_early_soh,GPR,log,protocol_holdout,diversity_iterative,10,24,23.92719503302246
MIT,set2_early_soh,GPR,log,protocol_holdout,diversity_iterative,10,32,19.78399125026611
MIT,set2_early_soh,GPR,log,protocol_holdout,diversity_iterative,10,40,9.857926288700035
MIT,set2_early_soh,GPR,log,protocol_holdout,diversity_iterative,10,48,13.207462858662458
MIT,set2_early_soh,GPR,log,protocol_holdout,diversity_iterative,10,56,13.223171229505825
MIT,set2_early_soh,GPR,log,protocol_holdout,diversity_iterative,10,64,14.871061969912958
MIT,set2_early_soh,GPR,log,protocol_holdout,diversity_iterative,10,72,13.204876720317236
MIT,set2_early_soh,GPR,log,protocol_holdout,diversity_iterative,10,80,13.74330279608568
MIT,set2_early_soh,GPR,log,protocol_holdout,diversity_iterative,10,88,11.719477906991226
MIT,set2_early_soh,GPR,log,protocol_holdout,diversity_iterative,10,96,11.820340241654952
MIT,set2_early_soh,GPR,log,protocol_holdout,diversity_iterative,10,99,11.585569692745407
MIT,set2_early_soh,GPR,log,protocol_holdout,coverage,1,8,30.58988164980004
MIT,set2_early_soh,GPR,log,protocol_holdout,coverage,1,16,29.46018042415075
MIT,set2_early_soh,GPR,log,protocol_holdout,coverage,1,24,20.263884445212515
MIT,set2_early_soh,GPR,log,protocol_holdout,coverage,1,32,23.297467232052327
MIT,set2_early_soh,GPR,log,protocol_holdout,coverage,1,40,21.87417513371045
MIT,set2_early_soh,GPR,log,protocol_holdout,coverage,1,48,51.61070863895315
MIT,set2_early_soh,GPR,log,protocol_holdout,coverage,1,56,55.68972488543328
MIT,set2_early_soh,GPR,log,protocol_holdout,coverage,1,64,47.09016023957046
MIT,set2_early_soh,GPR,log,protocol_holdout,coverage,1,72,49.66996986175757
MIT,set2_early_soh,GPR,log,protocol_holdout,coverage,1,80,42.99769482462055
MIT,set2_early_soh,GPR,log,protocol_holdout,coverage,1,88,55.85687753142569
MIT,set2_early_soh,GPR,log,protocol_holdout,coverage,1,96,60.58008108885274
MIT,set2_early_soh,GPR,log,protocol_holdout,coverage,1,99,63.6771066322561
MIT,set2_early_soh,GPR,log,protocol_holdout,coverage,2,8,53.35106020498183
MIT,set2_early_soh,GPR,log,protocol_holdout,coverage,2,16,41.73842822309285
MIT,set2_early_soh,GPR,log,protocol_holdout,coverage,2,24,35.98064097068079
MIT,set2_early_soh,GPR,log,protocol_holdout,coverage,2,32,29.12947176702709
MIT,set2_early_soh,GPR,log,protocol_holdout,coverage,2,40,26.223774561323047
MIT,set2_early_soh,GPR,log,protocol_holdout,coverage,2,48,11.76243935612896
MIT,set2_early_soh,GPR,log,protocol_holdout,coverage,2,56,11.16496180881362
MIT,set2_early_soh,GPR,log,protocol_holdout,coverage,2,64,11.577445381057116
MIT,set2_early_soh,GPR,log,protocol_holdout,coverage,2,72,11.156895394857385
MIT,set2_early_soh,GPR,log,protocol_holdout,coverage,2,80,10.886480680599997
MIT,set2_early_soh,GPR,log,protocol_holdout,coverage,2,88,10.604950622374936
MIT,set2_early_soh,GPR,log,protocol_holdout,coverage,2,96,10.81063167427222
MIT,set2_early_soh,GPR,log,protocol_holdout,coverage,2,99,10.764516559737398
MIT,set2_early_soh,GPR,log,protocol_holdout,coverage,3,8,24.26037190976212
MIT,set2_early_soh,GPR,log,protocol_holdout,coverage,3,16,18.35140054183702
MIT,set2_early_soh,GPR,log,protocol_holdout,coverage,3,24,21.419580321153493
MIT,set2_early_soh,GPR,log,protocol_holdout,coverage,3,32,14.4982465237595
MIT,set2_early_soh,GPR,log,protocol_holdout,coverage,3,40,13.906901487249426
MIT,set2_early_soh,GPR,log,protocol_holdout,coverage,3,48,13.707073933388166
MIT,set2_early_soh,GPR,log,protocol_holdout,coverage,3,56,14.366088429841405
MIT,set2_early_soh,GPR,log,protocol_holdout,coverage,3,64,14.055341990935547
MIT,set2_early_soh,GPR,log,protocol_holdout,coverage,3,72,14.148288574970104
MIT,set2_early_soh,GPR,log,protocol_holdout,coverage,3,80,14.612777675866637
MIT,set2_early_soh,GPR,log,protocol_holdout,coverage,3,88,14.832823319882532
MIT,set2_early_soh,GPR,log,protocol_holdout,coverage,3,96,14.44381442101838
MIT,set2_early_soh,GPR,log,protocol_holdout,coverage,3,99,14.197444041096803
MIT,set2_early_soh,GPR,log,protocol_holdout,coverage,4,8,25.166080531151746
MIT,set2_early_soh,GPR,log,protocol_holdout,coverage,4,16,17.708665522722335
MIT,set2_early_soh,GPR,log,protocol_holdout,coverage,4,24,11.905168698870217
MIT,set2_early_soh,GPR,log,protocol_holdout,coverage,4,32,11.72715926355033
MIT,set2_early_soh,GPR,log,protocol_holdout,coverage,4,40,12.344762944555267
MIT,set2_early_soh,GPR,log,protocol_holdout,coverage,4,48,12.439174948137175
MIT,set2_early_soh,GPR,log,protocol_holdout,coverage,4,56,12.563016821312942
MIT,set2_early_soh,GPR,log,protocol_holdout,coverage,4,64,12.038170382378166
MIT,set2_early_soh,GPR,log,protocol_holdout,coverage,4,72,12.859094668726645
MIT,set2_early_soh,GPR,log,protocol_holdout,coverage,4,80,12.627899466470708
MIT,set2_early_soh,GPR,log,protocol_holdout,coverage,4,88,13.389643126705886
MIT,set2_early_soh,GPR,log,protocol_holdout,coverage,4,96,13.900171053269448
MIT,set2_early_soh,GPR,log,protocol_holdout,coverage,4,99,13.976657758874849
MIT,set2_early_soh,GPR,log,protocol_holdout,coverage,5,8,19.615865172255216
MIT,set2_early_soh,GPR,log,protocol_holdout,coverage,5,16,12.660527447121952
MIT,set2_early_soh,GPR,log,protocol_holdout,coverage,5,24,16.90279051592177
MIT,set2_early_soh,GPR,log,protocol_holdout,coverage,5,32,11.30230978704191
MIT,set2_early_soh,GPR,log,protocol_holdout,coverage,5,40,10.688501889087451
MIT,set2_early_soh,GPR,log,protocol_holdout,coverage,5,48,9.16028583572196
MIT,set2_early_soh,GPR,log,protocol_holdout,coverage,5,56,8.776727994953745
MIT,set2_early_soh,GPR,log,protocol_holdout,coverage,5,64,8.714359079882486
MIT,set2_early_soh,GPR,log,protocol_holdout,coverage,5,72,9.118775120930442
MIT,set2_early_soh,GPR,log,protocol_holdout,coverage,5,80,9.436905635475869
MIT,set2_early_soh,GPR,log,protocol_holdout,coverage,5,88,9.14186207276273
MIT,set2_early_soh,GPR,log,protocol_holdout,coverage,5,96,9.52381679634587
MIT,set2_early_soh,GPR,log,protocol_holdout,coverage,5,99,9.63745260260491
MIT,set2_early_soh,GPR,log,protocol_holdout,coverage,6,8,22.151508371964013
MIT,set2_early_soh,GPR,log,protocol_holdout,coverage,6,16,16.604092959792037
MIT,set2_early_soh,GPR,log,protocol_holdout,coverage,6,24,12.662874036188745
MIT,set2_early_soh,GPR,log,protocol_holdout,coverage,6,32,15.156216098147151
MIT,set2_early_soh,GPR,log,protocol_holdout,coverage,6,40,16.91539224859619
MIT,set2_early_soh,GPR,log,protocol_holdout,coverage,6,48,17.605497198886184
MIT,set2_early_soh,GPR,log,protocol_holdout,coverage,6,56,16.87966523975437
MIT,set2_early_soh,GPR,log,protocol_holdout,coverage,6,64,15.537951232042944
MIT,set2_early_soh,GPR,log,protocol_holdout,coverage,6,72,17.19324750776641
MIT,set2_early_soh,GPR,log,protocol_holdout,coverage,6,80,17.864573673279217
MIT,set2_early_soh,GPR,log,protocol_holdout,coverage,6,88,18.65788217900306
MIT,set2_early_soh,GPR,log,protocol_holdout,coverage,6,96,19.46843924403434
MIT,set2_early_soh,GPR,log,protocol_holdout,coverage,6,99,19.6766608049646
MIT,set2_early_soh,GPR,log,protocol_holdout,coverage,7,8,22.22224110053257
MIT,set2_early_soh,GPR,log,protocol_holdout,coverage,7,16,19.993929061414
MIT,set2_early_soh,GPR,log,protocol_holdout,coverage,7,24,19.271037683494075
MIT,set2_early_soh,GPR,log,protocol_holdout,coverage,7,32,15.682283114794515
MIT,set2_early_soh,GPR,log,protocol_holdout,coverage,7,40,13.20694915374781
MIT,set2_early_soh,GPR,log,protocol_holdout,coverage,7,48,12.786249807185888
MIT,set2_early_soh,GPR,log,protocol_holdout,coverage,7,56,12.575092257690024
MIT,set2_early_soh,GPR,log,protocol_holdout,coverage,7,64,12.424025881830897
MIT,set2_early_soh,GPR,log,protocol_holdout,coverage,7,72,12.55758478386564
MIT,set2_early_soh,GPR,log,protocol_holdout,coverage,7,80,11.950354165199323
MIT,set2_early_soh,GPR,log,protocol_holdout,coverage,7,88,11.84575084832344
MIT,set2_early_soh,GPR,log,protocol_holdout,coverage,7,96,11.84350085828978
MIT,set2_early_soh,GPR,log,protocol_holdout,coverage,7,99,11.626438481051537
MIT,set2_early_soh,GPR,log,protocol_holdout,coverage,8,8,16.887706215420824
MIT,set2_early_soh,GPR,log,protocol_holdout,coverage,8,16,15.324353092566405
MIT,set2_early_soh,GPR,log,protocol_holdout,coverage,8,24,18.805834250608275
MIT,set2_early_soh,GPR,log,protocol_holdout,coverage,8,32,9.05508381712921
MIT,set2_early_soh,GPR,log,protocol_holdout,coverage,8,40,11.948407411445189
MIT,set2_early_soh,GPR,log,protocol_holdout,coverage,8,48,16.461554931874286
MIT,set2_early_soh,GPR,log,protocol_holdout,coverage,8,56,15.18550558673526
MIT,set2_early_soh,GPR,log,protocol_holdout,coverage,8,64,13.837516743454678
MIT,set2_early_soh,GPR,log,protocol_holdout,coverage,8,72,14.043902202424018
MIT,set2_early_soh,GPR,log,protocol_holdout,coverage,8,80,12.300317093092488
MIT,set2_early_soh,GPR,log,protocol_holdout,coverage,8,88,14.18596427000884
MIT,set2_early_soh,GPR,log,protocol_holdout,coverage,8,96,15.356198572742237
MIT,set2_early_soh,GPR,log,protocol_holdout,coverage,8,99,13.809249753564876
MIT,set2_early_soh,GPR,log,protocol_holdout,coverage,9,8,21.33558235011549
MIT,set2_early_soh,GPR,log,protocol_holdout,coverage,9,16,13.237710664176086
MIT,set2_early_soh,GPR,log,protocol_holdout,coverage,9,24,10.966183392416337
MIT,set2_early_soh,GPR,log,protocol_holdout,coverage,9,32,8.419757185420835
MIT,set2_early_soh,GPR,log,protocol_holdout,coverage,9,40,11.224681994862598
MIT,set2_early_soh,GPR,log,protocol_holdout,coverage,9,48,11.804511076997953
MIT,set2_early_soh,GPR,log,protocol_holdout,coverage,9,56,11.182162200316975
MIT,set2_early_soh,GPR,log,protocol_holdout,coverage,9,64,11.298153093971044
MIT,set2_early_soh,GPR,log,protocol_holdout,coverage,9,72,12.212699996856433
MIT,set2_early_soh,GPR,log,protocol_holdout,coverage,9,80,11.56334564691487
MIT,set2_early_soh,GPR,log,protocol_holdout,coverage,9,88,14.226331498550056
MIT,set2_early_soh,GPR,log,protocol_holdout,coverage,9,96,16.162428681989855
MIT,set2_early_soh,GPR,log,protocol_holdout,coverage,9,99,16.93016426356342
MIT,set2_early_soh,GPR,log,protocol_holdout,coverage,10,8,62.58076122706788
MIT,set2_early_soh,GPR,log,protocol_holdout,coverage,10,16,37.68101428235811
MIT,set2_early_soh,GPR,log,protocol_holdout,coverage,10,24,31.994582623071206
MIT,set2_early_soh,GPR,log,protocol_holdout,coverage,10,32,24.2520332918622
MIT,set2_early_soh,GPR,log,protocol_holdout,coverage,10,40,12.980886676865529
MIT,set2_early_soh,GPR,log,protocol_holdout,coverage,10,48,12.717821670118562
MIT,set2_early_soh,GPR,log,protocol_holdout,coverage,10,56,9.716223825100474
MIT,set2_early_soh,GPR,log,protocol_holdout,coverage,10,64,9.439342227207677
MIT,set2_early_soh,GPR,log,protocol_holdout,coverage,10,72,8.953652914069133
MIT,set2_early_soh,GPR,log,protocol_holdout,coverage,10,80,8.447758725734968
MIT,set2_early_soh,GPR,log,protocol_holdout,coverage,10,88,9.187355379917769
MIT,set2_early_soh,GPR,log,protocol_holdout,coverage,10,96,10.9352109043241
MIT,set2_early_soh,GPR,log,protocol_holdout,coverage,10,99,11.585569692745407
MIT,set2_early_soh,GPR,log,protocol_holdout,exploration,1,8,30.58988164980004
MIT,set2_early_soh,GPR,log,protocol_holdout,exploration,1,16,29.46018042415075
MIT,set2_early_soh,GPR,log,protocol_holdout,exploration,1,24,30.150039203613755
MIT,set2_early_soh,GPR,log,protocol_holdout,exploration,1,32,39.127579526829145
MIT,set2_early_soh,GPR,log,protocol_holdout,exploration,1,40,31.791844457655564
MIT,set2_early_soh,GPR,log,protocol_holdout,exploration,1,48,55.37331095852414
MIT,set2_early_soh,GPR,log,protocol_holdout,exploration,1,56,40.79396752495212
MIT,set2_early_soh,GPR,log,protocol_holdout,exploration,1,64,66.4982293111692
MIT,set2_early_soh,GPR,log,protocol_holdout,exploration,1,72,76.55159528527876
MIT,set2_early_soh,GPR,log,protocol_holdout,exploration,1,80,77.18332610221876
MIT,set2_early_soh,GPR,log,protocol_holdout,exploration,1,88,70.71166479032352
MIT,set2_early_soh,GPR,log,protocol_holdout,exploration,1,96,65.89423368479567
MIT,set2_early_soh,GPR,log,protocol_holdout,exploration,1,99,63.6771066322561
MIT,set2_early_soh,GPR,log,protocol_holdout,exploration,2,8,53.35106020498183
MIT,set2_early_soh,GPR,log,protocol_holdout,exploration,2,16,41.3935810158989
MIT,set2_early_soh,GPR,log,protocol_holdout,exploration,2,24,32.62246078487439
MIT,set2_early_soh,GPR,log,protocol_holdout,exploration,2,32,25.35708356490204
MIT,set2_early_soh,GPR,log,protocol_holdout,exploration,2,40,27.166787764977684
MIT,set2_early_soh,GPR,log,protocol_holdout,exploration,2,48,21.71311017254478
MIT,set2_early_soh,GPR,log,protocol_holdout,exploration,2,56,24.78512121535558
MIT,set2_early_soh,GPR,log,protocol_holdout,exploration,2,64,13.198213098727988
MIT,set2_early_soh,GPR,log,protocol_holdout,exploration,2,72,11.766752097967064
MIT,set2_early_soh,GPR,log,protocol_holdout,exploration,2,80,11.221105293689588
MIT,set2_early_soh,GPR,log,protocol_holdout,exploration,2,88,10.469244069268386
MIT,set2_early_soh,GPR,log,protocol_holdout,exploration,2,96,10.67366872191594
MIT,set2_early_soh,GPR,log,protocol_holdout,exploration,2,99,10.764516559737398
MIT,set2_early_soh,GPR,log,protocol_holdout,exploration,3,8,24.26037190976212
MIT,set2_early_soh,GPR,log,protocol_holdout,exploration,3,16,18.35140054183702
MIT,set2_early_soh,GPR,log,protocol_holdout,exploration,3,24,18.49979640654215
MIT,set2_early_soh,GPR,log,protocol_holdout,exploration,3,32,17.208837263608018
MIT,set2_early_soh,GPR,log,protocol_holdout,exploration,3,40,21.28016283318584
MIT,set2_early_soh,GPR,log,protocol_holdout,exploration,3,48,19.20686238270136
MIT,set2_early_soh,GPR,log,protocol_holdout,exploration,3,56,17.701784132745342
MIT,set2_early_soh,GPR,log,protocol_holdout,exploration,3,64,16.964796572956566
MIT,set2_early_soh,GPR,log,protocol_holdout,exploration,3,72,15.652547178224197
MIT,set2_early_soh,GPR,log,protocol_holdout,exploration,3,80,15.31921160701206
MIT,set2_early_soh,GPR,log,protocol_holdout,exploration,3,88,14.797389961694154
MIT,set2_early_soh,GPR,log,protocol_holdout,exploration,3,96,14.42031482830442
MIT,set2_early_soh,GPR,log,protocol_holdout,exploration,3,99,14.197444041096803
MIT,set2_early_soh,GPR,log,protocol_holdout,exploration,4,8,25.166080531151746
MIT,set2_early_soh,GPR,log,protocol_holdout,exploration,4,16,17.52744052880327
MIT,set2_early_soh,GPR,log,protocol_holdout,exploration,4,24,12.260730385341729
MIT,set2_early_soh,GPR,log,protocol_holdout,exploration,4,32,12.516066727997918
MIT,set2_early_soh,GPR,log,protocol_holdout,exploration,4,40,12.71145295259224
MIT,set2_early_soh,GPR,log,protocol_holdout,exploration,4,48,13.617377678488088
MIT,set2_early_soh,GPR,log,protocol_holdout,exploration,4,56,14.533849972642107
MIT,set2_early_soh,GPR,log,protocol_holdout,exploration,4,64,14.01027384717382
MIT,set2_early_soh,GPR,log,protocol_holdout,exploration,4,72,13.816567591836543
MIT,set2_early_soh,GPR,log,protocol_holdout,exploration,4,80,13.638829051797645
MIT,set2_early_soh,GPR,log,protocol_holdout,exploration,4,88,13.609522576034983
MIT,set2_early_soh,GPR,log,protocol_holdout,exploration,4,96,13.642039930368108
MIT,set2_early_soh,GPR,log,protocol_holdout,exploration,4,99,13.976657758874849
MIT,set2_early_soh,GPR,log,protocol_holdout,exploration,5,8,19.615865172255216
MIT,set2_early_soh,GPR,log,protocol_holdout,exploration,5,16,12.660527447121952
MIT,set2_early_soh,GPR,log,protocol_holdout,exploration,5,24,10.443671529862767
MIT,set2_early_soh,GPR,log,protocol_holdout,exploration,5,32,13.837989846535258
MIT,set2_early_soh,GPR,log,protocol_holdout,exploration,5,40,14.086548498656926
MIT,set2_early_soh,GPR,log,protocol_holdout,exploration,5,48,12.16378910291544
MIT,set2_early_soh,GPR,log,protocol_holdout,exploration,5,56,10.969443444252075
MIT,set2_early_soh,GPR,log,protocol_holdout,exploration,5,64,10.634045090206437
MIT,set2_early_soh,GPR,log,protocol_holdout,exploration,5,72,10.674356340013963
MIT,set2_early_soh,GPR,log,protocol_holdout,exploration,5,80,11.269408032401117
MIT,set2_early_soh,GPR,log,protocol_holdout,exploration,5,88,10.724207552863843
MIT,set2_early_soh,GPR,log,protocol_holdout,exploration,5,96,9.871691370608271
MIT,set2_early_soh,GPR,log,protocol_holdout,exploration,5,99,9.63745260260491
MIT,set2_early_soh,GPR,log,protocol_holdout,exploration,6,8,22.151508371964013
MIT,set2_early_soh,GPR,log,protocol_holdout,exploration,6,16,16.604092959792037
MIT,set2_early_soh,GPR,log,protocol_holdout,exploration,6,24,22.382664515227354
MIT,set2_early_soh,GPR,log,protocol_holdout,exploration,6,32,16.489263454567386
MIT,set2_early_soh,GPR,log,protocol_holdout,exploration,6,40,15.620667104010646
MIT,set2_early_soh,GPR,log,protocol_holdout,exploration,6,48,15.772626251980034
MIT,set2_early_soh,GPR,log,protocol_holdout,exploration,6,56,23.69756725342293
MIT,set2_early_soh,GPR,log,protocol_holdout,exploration,6,64,22.06998356781508
MIT,set2_early_soh,GPR,log,protocol_holdout,exploration,6,72,22.08599181645288
MIT,set2_early_soh,GPR,log,protocol_holdout,exploration,6,80,21.33069358518998
MIT,set2_early_soh,GPR,log,protocol_holdout,exploration,6,88,20.396440820416817
MIT,set2_early_soh,GPR,log,protocol_holdout,exploration,6,96,20.05364406875901
MIT,set2_early_soh,GPR,log,protocol_holdout,exploration,6,99,19.6766608049646
MIT,set2_early_soh,GPR,log,protocol_holdout,exploration,7,8,22.22224110053257
MIT,set2_early_soh,GPR,log,protocol_holdout,exploration,7,16,20.730954826737708
MIT,set2_early_soh,GPR,log,protocol_holdout,exploration,7,24,20.27266207376408
MIT,set2_early_soh,GPR,log,protocol_holdout,exploration,7,32,18.730714853357483
MIT,set2_early_soh,GPR,log,protocol_holdout,exploration,7,40,15.78876922447602
MIT,set2_early_soh,GPR,log,protocol_holdout,exploration,7,48,13.780192601789173
MIT,set2_early_soh,GPR,log,protocol_holdout,exploration,7,56,13.25807711147788
MIT,set2_early_soh,GPR,log,protocol_holdout,exploration,7,64,13.39243628178736
MIT,set2_early_soh,GPR,log,protocol_holdout,exploration,7,72,12.954598010850535
MIT,set2_early_soh,GPR,log,protocol_holdout,exploration,7,80,12.393580584705523
MIT,set2_early_soh,GPR,log,protocol_holdout,exploration,7,88,12.097666234016732
MIT,set2_early_soh,GPR,log,protocol_holdout,exploration,7,96,11.80384657624203
MIT,set2_early_soh,GPR,log,protocol_holdout,exploration,7,99,11.626438481051537
MIT,set2_early_soh,GPR,log,protocol_holdout,exploration,8,8,16.887706215420824
MIT,set2_early_soh,GPR,log,protocol_holdout,exploration,8,16,15.324353092566405
MIT,set2_early_soh,GPR,log,protocol_holdout,exploration,8,24,8.6410786260217
MIT,set2_early_soh,GPR,log,protocol_holdout,exploration,8,32,8.759581492148861
MIT,set2_early_soh,GPR,log,protocol_holdout,exploration,8,40,16.737530340438575
MIT,set2_early_soh,GPR,log,protocol_holdout,exploration,8,48,18.972537704352927
MIT,set2_early_soh,GPR,log,protocol_holdout,exploration,8,56,21.805171328945303
MIT,set2_early_soh,GPR,log,protocol_holdout,exploration,8,64,21.439233991726727
MIT,set2_early_soh,GPR,log,protocol_holdout,exploration,8,72,19.563512151389485
MIT,set2_early_soh,GPR,log,protocol_holdout,exploration,8,80,18.67039482986309
MIT,set2_early_soh,GPR,log,protocol_holdout,exploration,8,88,16.770623044874007
MIT,set2_early_soh,GPR,log,protocol_holdout,exploration,8,96,14.288454150962036
MIT,set2_early_soh,GPR,log,protocol_holdout,exploration,8,99,13.809249753564876
MIT,set2_early_soh,GPR,log,protocol_holdout,exploration,9,8,21.33558235011549
MIT,set2_early_soh,GPR,log,protocol_holdout,exploration,9,16,13.237710664176086
MIT,set2_early_soh,GPR,log,protocol_holdout,exploration,9,24,23.92612458292113
MIT,set2_early_soh,GPR,log,protocol_holdout,exploration,9,32,15.784014428414851
MIT,set2_early_soh,GPR,log,protocol_holdout,exploration,9,40,14.718974939861482
MIT,set2_early_soh,GPR,log,protocol_holdout,exploration,9,48,24.92198192755791
MIT,set2_early_soh,GPR,log,protocol_holdout,exploration,9,56,22.73057501729518
MIT,set2_early_soh,GPR,log,protocol_holdout,exploration,9,64,19.15993629465508
MIT,set2_early_soh,GPR,log,protocol_holdout,exploration,9,72,20.079369020969327
MIT,set2_early_soh,GPR,log,protocol_holdout,exploration,9,80,19.17759874796661
MIT,set2_early_soh,GPR,log,protocol_holdout,exploration,9,88,16.07198123018279
MIT,set2_early_soh,GPR,log,protocol_holdout,exploration,9,96,17.472481546970954
MIT,set2_early_soh,GPR,log,protocol_holdout,exploration,9,99,16.93016426356342
MIT,set2_early_soh,GPR,log,protocol_holdout,exploration,10,8,62.58076122706788
MIT,set2_early_soh,GPR,log,protocol_holdout,exploration,10,16,47.306921658469165
MIT,set2_early_soh,GPR,log,protocol_holdout,exploration,10,24,29.352812148921288
MIT,set2_early_soh,GPR,log,protocol_holdout,exploration,10,32,21.41412637072023
MIT,set2_early_soh,GPR,log,protocol_holdout,exploration,10,40,11.76414370249596
MIT,set2_early_soh,GPR,log,protocol_holdout,exploration,10,48,15.986165339630915
MIT,set2_early_soh,GPR,log,protocol_holdout,exploration,10,56,16.719204502152373
MIT,set2_early_soh,GPR,log,protocol_holdout,exploration,10,64,14.43368857079396
MIT,set2_early_soh,GPR,log,protocol_holdout,exploration,10,72,13.938340274390251
MIT,set2_early_soh,GPR,log,protocol_holdout,exploration,10,80,12.526660448466895
MIT,set2_early_soh,GPR,log,protocol_holdout,exploration,10,88,12.029197207864115
MIT,set2_early_soh,GPR,log,protocol_holdout,exploration,10,96,11.85950077538036
MIT,set2_early_soh,GPR,log,protocol_holdout,exploration,10,99,11.585569692745407
MIT,set2_early_soh,GPR,log,protocol_holdout,exploitation,1,8,30.58988164980004
MIT,set2_early_soh,GPR,log,protocol_holdout,exploitation,1,16,41.140544445491685
MIT,set2_early_soh,GPR,log,protocol_holdout,exploitation,1,24,42.57092112483018
MIT,set2_early_soh,GPR,log,protocol_holdout,exploitation,1,32,41.68214239736384
MIT,set2_early_soh,GPR,log,protocol_holdout,exploitation,1,40,24.581845778760936
MIT,set2_early_soh,GPR,log,protocol_holdout,exploitation,1,48,85.28994236009186
MIT,set2_early_soh,GPR,log,protocol_holdout,exploitation,1,56,87.27500722980997
MIT,set2_early_soh,GPR,log,protocol_holdout,exploitation,1,64,91.3964893452766
MIT,set2_early_soh,GPR,log,protocol_holdout,exploitation,1,72,79.00752839401778
MIT,set2_early_soh,GPR,log,protocol_holdout,exploitation,1,80,68.21469455510969
MIT,set2_early_soh,GPR,log,protocol_holdout,exploitation,1,88,60.44638736773973
MIT,set2_early_soh,GPR,log,protocol_holdout,exploitation,1,96,65.7603884996566
MIT,set2_early_soh,GPR,log,protocol_holdout,exploitation,1,99,63.6771066322561
MIT,set2_early_soh,GPR,log,protocol_holdout,exploitation,2,8,53.35106020498183
MIT,set2_early_soh,GPR,log,protocol_holdout,exploitation,2,16,36.4332333899316
MIT,set2_early_soh,GPR,log,protocol_holdout,exploitation,2,24,34.50828424450238
MIT,set2_early_soh,GPR,log,protocol_holdout,exploitation,2,32,32.47868882119019
MIT,set2_early_soh,GPR,log,protocol_holdout,exploitation,2,40,30.2829797569272
MIT,set2_early_soh,GPR,log,protocol_holdout,exploitation,2,48,26.055237611529183
MIT,set2_early_soh,GPR,log,protocol_holdout,exploitation,2,56,22.28132522493752
MIT,set2_early_soh,GPR,log,protocol_holdout,exploitation,2,64,10.441377675856264
MIT,set2_early_soh,GPR,log,protocol_holdout,exploitation,2,72,10.472694986579556
MIT,set2_early_soh,GPR,log,protocol_holdout,exploitation,2,80,10.386807587308196
MIT,set2_early_soh,GPR,log,protocol_holdout,exploitation,2,88,10.456993079310074
MIT,set2_early_soh,GPR,log,protocol_holdout,exploitation,2,96,10.68951945527612
MIT,set2_early_soh,GPR,log,protocol_holdout,exploitation,2,99,10.764516559737398
MIT,set2_early_soh,GPR,log,protocol_holdout,exploitation,3,8,24.26037190976212
MIT,set2_early_soh,GPR,log,protocol_holdout,exploitation,3,16,25.165847341144392
MIT,set2_early_soh,GPR,log,protocol_holdout,exploitation,3,24,28.408077558023848
MIT,set2_early_soh,GPR,log,protocol_holdout,exploitation,3,32,22.01529426300051
MIT,set2_early_soh,GPR,log,protocol_holdout,exploitation,3,40,15.848700358744091
MIT,set2_early_soh,GPR,log,protocol_holdout,exploitation,3,48,14.708363324688076
MIT,set2_early_soh,GPR,log,protocol_holdout,exploitation,3,56,16.293631353209847
MIT,set2_early_soh,GPR,log,protocol_holdout,exploitation,3,64,13.597173527714176
MIT,set2_early_soh,GPR,log,protocol_holdout,exploitation,3,72,14.1570366593086
MIT,set2_early_soh,GPR,log,protocol_holdout,exploitation,3,80,13.840205588651786
MIT,set2_early_soh,GPR,log,protocol_holdout,exploitation,3,88,14.071332384965244
MIT,set2_early_soh,GPR,log,protocol_holdout,exploitation,3,96,14.144803911958038
MIT,set2_early_soh,GPR,log,protocol_holdout,exploitation,3,99,14.197444041096803
MIT,set2_early_soh,GPR,log,protocol_holdout,exploitation,4,8,25.166080531151746
MIT,set2_early_soh,GPR,log,protocol_holdout,exploitation,4,16,22.06483923733409
MIT,set2_early_soh,GPR,log,protocol_holdout,exploitation,4,24,21.11596986526
MIT,set2_early_soh,GPR,log,protocol_holdout,exploitation,4,32,19.58670038529025
MIT,set2_early_soh,GPR,log,protocol_holdout,exploitation,4,40,19.722345577922816
MIT,set2_early_soh,GPR,log,protocol_holdout,exploitation,4,48,21.74064473813692
MIT,set2_early_soh,GPR,log,protocol_holdout,exploitation,4,56,12.55789514209278
MIT,set2_early_soh,GPR,log,protocol_holdout,exploitation,4,64,12.67521386478012
MIT,set2_early_soh,GPR,log,protocol_holdout,exploitation,4,72,13.871649868896856
MIT,set2_early_soh,GPR,log,protocol_holdout,exploitation,4,80,14.275661417420013
MIT,set2_early_soh,GPR,log,protocol_holdout,exploitation,4,88,13.992350177649692
MIT,set2_early_soh,GPR,log,protocol_holdout,exploitation,4,96,13.888937073173771
MIT,set2_early_soh,GPR,log,protocol_holdout,exploitation,4,99,13.976657758874849
MIT,set2_early_soh,GPR,log,protocol_holdout,exploitation,5,8,19.615865172255216
MIT,set2_early_soh,GPR,log,protocol_holdout,exploitation,5,16,35.62826006830456
MIT,set2_early_soh,GPR,log,protocol_holdout,exploitation,5,24,21.93370727378771
MIT,set2_early_soh,GPR,log,protocol_holdout,exploitation,5,32,14.856613162351346
MIT,set2_early_soh,GPR,log,protocol_holdout,exploitation,5,40,14.920098308560812
MIT,set2_early_soh,GPR,log,protocol_holdout,exploitation,5,48,12.649446951261504
MIT,set2_early_soh,GPR,log,protocol_holdout,exploitation,5,56,10.19339815949832
MIT,set2_early_soh,GPR,log,protocol_holdout,exploitation,5,64,10.72864897624223
MIT,set2_early_soh,GPR,log,protocol_holdout,exploitation,5,72,9.347995200419565
MIT,set2_early_soh,GPR,log,protocol_holdout,exploitation,5,80,9.825119554219178
MIT,set2_early_soh,GPR,log,protocol_holdout,exploitation,5,88,10.106040080373509
MIT,set2_early_soh,GPR,log,protocol_holdout,exploitation,5,96,9.73338294355569
MIT,set2_early_soh,GPR,log,protocol_holdout,exploitation,5,99,9.63745260260491
MIT,set2_early_soh,GPR,log,protocol_holdout,exploitation,6,8,22.151508371964013
MIT,set2_early_soh,GPR,log,protocol_holdout,exploitation,6,16,32.27458099153218
MIT,set2_early_soh,GPR,log,protocol_holdout,exploitation,6,24,18.85502021765543
MIT,set2_early_soh,GPR,log,protocol_holdout,exploitation,6,32,34.971321500400315
MIT,set2_early_soh,GPR,log,protocol_holdout,exploitation,6,40,16.703360669509774
MIT,set2_early_soh,GPR,log,protocol_holdout,exploitation,6,48,15.880849029889657
MIT,set2_early_soh,GPR,log,protocol_holdout,exploitation,6,56,28.542251576102373
MIT,set2_early_soh,GPR,log,protocol_holdout,exploitation,6,64,17.97527492986905
MIT,set2_early_soh,GPR,log,protocol_holdout,exploitation,6,72,22.88412033188998
MIT,set2_early_soh,GPR,log,protocol_holdout,exploitation,6,80,20.903754343785
MIT,set2_early_soh,GPR,log,protocol_holdout,exploitation,6,88,20.1843845289204
MIT,set2_early_soh,GPR,log,protocol_holdout,exploitation,6,96,19.91175842658256
MIT,set2_early_soh,GPR,log,protocol_holdout,exploitation,6,99,19.6766608049646
MIT,set2_early_soh,GPR,log,protocol_holdout,exploitation,7,8,22.22224110053257
MIT,set2_early_soh,GPR,log,protocol_holdout,exploitation,7,16,18.524171946260672
MIT,set2_early_soh,GPR,log,protocol_holdout,exploitation,7,24,19.620912395687697
MIT,set2_early_soh,GPR,log,protocol_holdout,exploitation,7,32,15.29680867517264
MIT,set2_early_soh,GPR,log,protocol_holdout,exploitation,7,40,13.92056569003602
MIT,set2_early_soh,GPR,log,protocol_holdout,exploitation,7,48,12.236088978520968
MIT,set2_early_soh,GPR,log,protocol_holdout,exploitation,7,56,12.462405780619516
MIT,set2_early_soh,GPR,log,protocol_holdout,exploitation,7,64,11.801102654892938
MIT,set2_early_soh,GPR,log,protocol_holdout,exploitation,7,72,12.19089359719344
MIT,set2_early_soh,GPR,log,protocol_holdout,exploitation,7,80,12.057720208684607
MIT,set2_early_soh,GPR,log,protocol_holdout,exploitation,7,88,11.979341189571771
MIT,set2_early_soh,GPR,log,protocol_holdout,exploitation,7,96,11.654611495109798
MIT,set2_early_soh,GPR,log,protocol_holdout,exploitation,7,99,11.626438481051537
MIT,set2_early_soh,GPR,log,protocol_holdout,exploitation,8,8,16.887706215420824
MIT,set2_early_soh,GPR,log,protocol_holdout,exploitation,8,16,33.073363755854466
MIT,set2_early_soh,GPR,log,protocol_holdout,exploitation,8,24,26.7495158316158
MIT,set2_early_soh,GPR,log,protocol_holdout,exploitation,8,32,17.887185584262795
MIT,set2_early_soh,GPR,log,protocol_holdout,exploitation,8,40,14.112584441211345
MIT,set2_early_soh,GPR,log,protocol_holdout,exploitation,8,48,8.79838959015669
MIT,set2_early_soh,GPR,log,protocol_holdout,exploitation,8,56,19.635401708300364
MIT,set2_early_soh,GPR,log,protocol_holdout,exploitation,8,64,18.16819553519837
MIT,set2_early_soh,GPR,log,protocol_holdout,exploitation,8,72,23.809685206955344
MIT,set2_early_soh,GPR,log,protocol_holdout,exploitation,8,80,19.691049460789365
MIT,set2_early_soh,GPR,log,protocol_holdout,exploitation,8,88,20.68452823519685
MIT,set2_early_soh,GPR,log,protocol_holdout,exploitation,8,96,17.633098620360073
MIT,set2_early_soh,GPR,log,protocol_holdout,exploitation,8,99,13.809249753564876
MIT,set2_early_soh,GPR,log,protocol_holdout,exploitation,9,8,21.33558235011549
MIT,set2_early_soh,GPR,log,protocol_holdout,exploitation,9,16,21.704852961802924
MIT,set2_early_soh,GPR,log,protocol_holdout,exploitation,9,24,32.03347672717789
MIT,set2_early_soh,GPR,log,protocol_holdout,exploitation,9,32,24.10975466845424
MIT,set2_early_soh,GPR,log,protocol_holdout,exploitation,9,40,20.068792418093302
MIT,set2_early_soh,GPR,log,protocol_holdout,exploitation,9,48,14.475029724079905
MIT,set2_early_soh,GPR,log,protocol_holdout,exploitation,9,56,17.91348425985364
MIT,set2_early_soh,GPR,log,protocol_holdout,exploitation,9,64,18.31179922638101
MIT,set2_early_soh,GPR,log,protocol_holdout,exploitation,9,72,17.84790217180015
MIT,set2_early_soh,GPR,log,protocol_holdout,exploitation,9,80,17.668414526331887
MIT,set2_early_soh,GPR,log,protocol_holdout,exploitation,9,88,17.066032967080314
MIT,set2_early_soh,GPR,log,protocol_holdout,exploitation,9,96,16.987775375559842
MIT,set2_early_soh,GPR,log,protocol_holdout,exploitation,9,99,16.93016426356342
MIT,set2_early_soh,GPR,log,protocol_holdout,exploitation,10,8,62.58076122706788
MIT,set2_early_soh,GPR,log,protocol_holdout,exploitation,10,16,74.63899167056918
MIT,set2_early_soh,GPR,log,protocol_holdout,exploitation,10,24,74.24793893415574
MIT,set2_early_soh,GPR,log,protocol_holdout,exploitation,10,32,59.10280059352678
MIT,set2_early_soh,GPR,log,protocol_holdout,exploitation,10,40,54.9110537258865
MIT,set2_early_soh,GPR,log,protocol_holdout,exploitation,10,48,29.13111892981221
MIT,set2_early_soh,GPR,log,protocol_holdout,exploitation,10,56,12.5287645427721
MIT,set2_early_soh,GPR,log,protocol_holdout,exploitation,10,64,12.131499677997931
MIT,set2_early_soh,GPR,log,protocol_holdout,exploitation,10,72,12.044863088896433
MIT,set2_early_soh,GPR,log,protocol_holdout,exploitation,10,80,11.252061343340488
MIT,set2_early_soh,GPR,log,protocol_holdout,exploitation,10,88,11.552961617302248
MIT,set2_early_soh,GPR,log,protocol_holdout,exploitation,10,96,11.407978581620805
MIT,set2_early_soh,GPR,log,protocol_holdout,exploitation,10,99,11.585569692745407
MIT,set2_early_soh,GPR,log,protocol_holdout,hybrid,1,8,30.58988164980004
MIT,set2_early_soh,GPR,log,protocol_holdout,hybrid,1,16,30.958847887556303
MIT,set2_early_soh,GPR,log,protocol_holdout,hybrid,1,24,11.832175707564769
MIT,set2_early_soh,GPR,log,protocol_holdout,hybrid,1,32,15.932250840107637
MIT,set2_early_soh,GPR,log,protocol_holdout,hybrid,1,40,61.9984228756944
MIT,set2_early_soh,GPR,log,protocol_holdout,hybrid,1,48,53.82383532517514
MIT,set2_early_soh,GPR,log,protocol_holdout,hybrid,1,56,54.64031792886364
MIT,set2_early_soh,GPR,log,protocol_holdout,hybrid,1,64,53.86146739094895
MIT,set2_early_soh,GPR,log,protocol_holdout,hybrid,1,72,51.97084955113866
MIT,set2_early_soh,GPR,log,protocol_holdout,hybrid,1,80,57.08391470965319
MIT,set2_early_soh,GPR,log,protocol_holdout,hybrid,1,88,56.20303479102012
MIT,set2_early_soh,GPR,log,protocol_holdout,hybrid,1,96,64.01034239864333
MIT,set2_early_soh,GPR,log,protocol_holdout,hybrid,1,99,63.6771066322561
MIT,set2_early_soh,GPR,log,protocol_holdout,hybrid,2,8,53.35106020498183
MIT,set2_early_soh,GPR,log,protocol_holdout,hybrid,2,16,38.411377782137606
MIT,set2_early_soh,GPR,log,protocol_holdout,hybrid,2,24,18.9689395106294
MIT,set2_early_soh,GPR,log,protocol_holdout,hybrid,2,32,13.197667418655238
MIT,set2_early_soh,GPR,log,protocol_holdout,hybrid,2,40,12.478091783545514
MIT,set2_early_soh,GPR,log,protocol_holdout,hybrid,2,48,12.476529831987804
MIT,set2_early_soh,GPR,log,protocol_holdout,hybrid,2,56,12.64633334605163
MIT,set2_early_soh,GPR,log,protocol_holdout,hybrid,2,64,11.690483160688524
MIT,set2_early_soh,GPR,log,protocol_holdout,hybrid,2,72,10.948288646238597
MIT,set2_early_soh,GPR,log,protocol_holdout,hybrid,2,80,10.768714704886245
MIT,set2_early_soh,GPR,log,protocol_holdout,hybrid,2,88,10.69401171531672
MIT,set2_early_soh,GPR,log,protocol_holdout,hybrid,2,96,10.788345681546325
MIT,set2_early_soh,GPR,log,protocol_holdout,hybrid,2,99,10.764516559737398
MIT,set2_early_soh,GPR,log,protocol_holdout,hybrid,3,8,24.26037190976212
MIT,set2_early_soh,GPR,log,protocol_holdout,hybrid,3,16,21.97358894293541
MIT,set2_early_soh,GPR,log,protocol_holdout,hybrid,3,24,18.577029301603453
MIT,set2_early_soh,GPR,log,protocol_holdout,hybrid,3,32,15.938231093447737
MIT,set2_early_soh,GPR,log,protocol_holdout,hybrid,3,40,17.463124383159975
MIT,set2_early_soh,GPR,log,protocol_holdout,hybrid,3,48,17.99996449990816
MIT,set2_early_soh,GPR,log,protocol_holdout,hybrid,3,56,16.993774776533634
MIT,set2_early_soh,GPR,log,protocol_holdout,hybrid,3,64,15.554796499722832
MIT,set2_early_soh,GPR,log,protocol_holdout,hybrid,3,72,15.294335910234386
MIT,set2_early_soh,GPR,log,protocol_holdout,hybrid,3,80,15.411657626934597
MIT,set2_early_soh,GPR,log,protocol_holdout,hybrid,3,88,15.054393750275317
MIT,set2_early_soh,GPR,log,protocol_holdout,hybrid,3,96,14.387204490412287
MIT,set2_early_soh,GPR,log,protocol_holdout,hybrid,3,99,14.197444041096803
MIT,set2_early_soh,GPR,log,protocol_holdout,hybrid,4,8,25.166080531151746
MIT,set2_early_soh,GPR,log,protocol_holdout,hybrid,4,16,17.52744052880327
MIT,set2_early_soh,GPR,log,protocol_holdout,hybrid,4,24,12.125652044682834
MIT,set2_early_soh,GPR,log,protocol_holdout,hybrid,4,32,15.29874037081663
MIT,set2_early_soh,GPR,log,protocol_holdout,hybrid,4,40,14.470347521668357
MIT,set2_early_soh,GPR,log,protocol_holdout,hybrid,4,48,13.612450066606693
MIT,set2_early_soh,GPR,log,protocol_holdout,hybrid,4,56,13.152517792826163
MIT,set2_early_soh,GPR,log,protocol_holdout,hybrid,4,64,12.302881801846972
MIT,set2_early_soh,GPR,log,protocol_holdout,hybrid,4,72,12.901728667607504
MIT,set2_early_soh,GPR,log,protocol_holdout,hybrid,4,80,13.733029137095334
MIT,set2_early_soh,GPR,log,protocol_holdout,hybrid,4,88,13.80142647250588
MIT,set2_early_soh,GPR,log,protocol_holdout,hybrid,4,96,14.026014506292665
MIT,set2_early_soh,GPR,log,protocol_holdout,hybrid,4,99,13.976657758874849
MIT,set2_early_soh,GPR,log,protocol_holdout,hybrid,5,8,19.615865172255216
MIT,set2_early_soh,GPR,log,protocol_holdout,hybrid,5,16,15.4455861584392
MIT,set2_early_soh,GPR,log,protocol_holdout,hybrid,5,24,10.008863861795396
MIT,set2_early_soh,GPR,log,protocol_holdout,hybrid,5,32,10.235798730445616
MIT,set2_early_soh,GPR,log,protocol_holdout,hybrid,5,40,9.718180829119555
MIT,set2_early_soh,GPR,log,protocol_holdout,hybrid,5,48,10.807999803614852
MIT,set2_early_soh,GPR,log,protocol_holdout,hybrid,5,56,10.027374471110315
MIT,set2_early_soh,GPR,log,protocol_holdout,hybrid,5,64,10.734898770703571
MIT,set2_early_soh,GPR,log,protocol_holdout,hybrid,5,72,10.416129805233542
MIT,set2_early_soh,GPR,log,protocol_holdout,hybrid,5,80,9.95481884007911
MIT,set2_early_soh,GPR,log,protocol_holdout,hybrid,5,88,10.006112012481466
MIT,set2_early_soh,GPR,log,protocol_holdout,hybrid,5,96,9.840641039301772
MIT,set2_early_soh,GPR,log,protocol_holdout,hybrid,5,99,9.63745260260491
MIT,set2_early_soh,GPR,log,protocol_holdout,hybrid,6,8,22.151508371964013
MIT,set2_early_soh,GPR,log,protocol_holdout,hybrid,6,16,20.4804473850828
MIT,set2_early_soh,GPR,log,protocol_holdout,hybrid,6,24,9.590355576248635
MIT,set2_early_soh,GPR,log,protocol_holdout,hybrid,6,32,14.031660238681146
MIT,set2_early_soh,GPR,log,protocol_holdout,hybrid,6,40,20.83408849063205
MIT,set2_early_soh,GPR,log,protocol_holdout,hybrid,6,48,20.12454778500536
MIT,set2_early_soh,GPR,log,protocol_holdout,hybrid,6,56,19.6860366091278
MIT,set2_early_soh,GPR,log,protocol_holdout,hybrid,6,64,18.527187528782136
MIT,set2_early_soh,GPR,log,protocol_holdout,hybrid,6,72,18.10688989418492
MIT,set2_early_soh,GPR,log,protocol_holdout,hybrid,6,80,18.198672234828088
MIT,set2_early_soh,GPR,log,protocol_holdout,hybrid,6,88,19.15393193257694
MIT,set2_early_soh,GPR,log,protocol_holdout,hybrid,6,96,19.840041272468422
MIT,set2_early_soh,GPR,log,protocol_holdout,hybrid,6,99,19.6766608049646
MIT,set2_early_soh,GPR,log,protocol_holdout,hybrid,7,8,22.22224110053257
MIT,set2_early_soh,GPR,log,protocol_holdout,hybrid,7,16,18.897421031466624
MIT,set2_early_soh,GPR,log,protocol_holdout,hybrid,7,24,17.02379415529234
MIT,set2_early_soh,GPR,log,protocol_holdout,hybrid,7,32,16.755883350165565
MIT,set2_early_soh,GPR,log,protocol_holdout,hybrid,7,40,14.470332999472411
MIT,set2_early_soh,GPR,log,protocol_holdout,hybrid,7,48,13.990753278506949
MIT,set2_early_soh,GPR,log,protocol_holdout,hybrid,7,56,12.98062783671003
MIT,set2_early_soh,GPR,log,protocol_holdout,hybrid,7,64,12.464163518726386
MIT,set2_early_soh,GPR,log,protocol_holdout,hybrid,7,72,12.048854477916054
MIT,set2_early_soh,GPR,log,protocol_holdout,hybrid,7,80,11.853857031372788
MIT,set2_early_soh,GPR,log,protocol_holdout,hybrid,7,88,12.17651518258152
MIT,set2_early_soh,GPR,log,protocol_holdout,hybrid,7,96,11.7769489875309
MIT,set2_early_soh,GPR,log,protocol_holdout,hybrid,7,99,11.626438481051537
MIT,set2_early_soh,GPR,log,protocol_holdout,hybrid,8,8,16.887706215420824
MIT,set2_early_soh,GPR,log,protocol_holdout,hybrid,8,16,16.503619504625654
MIT,set2_early_soh,GPR,log,protocol_holdout,hybrid,8,24,20.083981316129545
MIT,set2_early_soh,GPR,log,protocol_holdout,hybrid,8,32,17.554455577120144
MIT,set2_early_soh,GPR,log,protocol_holdout,hybrid,8,40,15.919597136681652
MIT,set2_early_soh,GPR,log,protocol_holdout,hybrid,8,48,18.49581221487397
MIT,set2_early_soh,GPR,log,protocol_holdout,hybrid,8,56,18.175815731880483
MIT,set2_early_soh,GPR,log,protocol_holdout,hybrid,8,64,17.025714764132836
MIT,set2_early_soh,GPR,log,protocol_holdout,hybrid,8,72,19.36078744823708
MIT,set2_early_soh,GPR,log,protocol_holdout,hybrid,8,80,14.981706504542425
MIT,set2_early_soh,GPR,log,protocol_holdout,hybrid,8,88,14.14441766854193
MIT,set2_early_soh,GPR,log,protocol_holdout,hybrid,8,96,16.071480414666105
MIT,set2_early_soh,GPR,log,protocol_holdout,hybrid,8,99,13.809249753564876
MIT,set2_early_soh,GPR,log,protocol_holdout,hybrid,9,8,21.33558235011549
MIT,set2_early_soh,GPR,log,protocol_holdout,hybrid,9,16,13.286806698165387
MIT,set2_early_soh,GPR,log,protocol_holdout,hybrid,9,24,10.341628886729058
MIT,set2_early_soh,GPR,log,protocol_holdout,hybrid,9,32,12.355852788778938
MIT,set2_early_soh,GPR,log,protocol_holdout,hybrid,9,40,15.510858863422053
MIT,set2_early_soh,GPR,log,protocol_holdout,hybrid,9,48,13.998505386875
MIT,set2_early_soh,GPR,log,protocol_holdout,hybrid,9,56,16.120431977040308
MIT,set2_early_soh,GPR,log,protocol_holdout,hybrid,9,64,15.835868309968932
MIT,set2_early_soh,GPR,log,protocol_holdout,hybrid,9,72,15.296131049521758
MIT,set2_early_soh,GPR,log,protocol_holdout,hybrid,9,80,16.80737754636507
MIT,set2_early_soh,GPR,log,protocol_holdout,hybrid,9,88,15.63732300806762
MIT,set2_early_soh,GPR,log,protocol_holdout,hybrid,9,96,17.144211107047745
MIT,set2_early_soh,GPR,log,protocol_holdout,hybrid,9,99,16.93016426356342
MIT,set2_early_soh,GPR,log,protocol_holdout,hybrid,10,8,62.58076122706788
MIT,set2_early_soh,GPR,log,protocol_holdout,hybrid,10,16,34.5940927605309
MIT,set2_early_soh,GPR,log,protocol_holdout,hybrid,10,24,32.028436771593285
MIT,set2_early_soh,GPR,log,protocol_holdout,hybrid,10,32,15.781729227736047
MIT,set2_early_soh,GPR,log,protocol_holdout,hybrid,10,40,13.786281637502016
MIT,set2_early_soh,GPR,log,protocol_holdout,hybrid,10,48,13.580774567430986
MIT,set2_early_soh,GPR,log,protocol_holdout,hybrid,10,56,10.33383290582037
MIT,set2_early_soh,GPR,log,protocol_holdout,hybrid,10,64,9.489078868977412
MIT,set2_early_soh,GPR,log,protocol_holdout,hybrid,10,72,9.234357223533614
MIT,set2_early_soh,GPR,log,protocol_holdout,hybrid,10,80,10.97794972699941
MIT,set2_early_soh,GPR,log,protocol_holdout,hybrid,10,88,10.990014608198404
MIT,set2_early_soh,GPR,log,protocol_holdout,hybrid,10,96,12.359941249353453
MIT,set2_early_soh,GPR,log,protocol_holdout,hybrid,10,99,11.585569692745407
ISU_ILCC,set2_early_soh,GPR,log,protocol_holdout,random_selection,1,16,33.98274095990199
ISU_ILCC,set2_early_soh,GPR,log,protocol_holdout,random_selection,1,32,37.03998094290836
ISU_ILCC,set2_early_soh,GPR,log,protocol_holdout,random_selection,1,48,33.58317536877312
ISU_ILCC,set2_early_soh,GPR,log,protocol_holdout,random_selection,1,64,33.629497368925215
ISU_ILCC,set2_early_soh,GPR,log,protocol_holdout,random_selection,1,80,32.31409254138619
ISU_ILCC,set2_early_soh,GPR,log,protocol_holdout,random_selection,1,96,32.11246538024873
ISU_ILCC,set2_early_soh,GPR,log,protocol_holdout,random_selection,1,112,32.6343754209894
ISU_ILCC,set2_early_soh,GPR,log,protocol_holdout,random_selection,1,128,30.00038115383589
ISU_ILCC,set2_early_soh,GPR,log,protocol_holdout,random_selection,1,144,30.52503844637584
ISU_ILCC,set2_early_soh,GPR,log,protocol_holdout,random_selection,1,160,29.920082571342395
ISU_ILCC,set2_early_soh,GPR,log,protocol_holdout,random_selection,1,176,29.81216947827112
ISU_ILCC,set2_early_soh,GPR,log,protocol_holdout,random_selection,1,192,29.98485544102232
ISU_ILCC,set2_early_soh,GPR,log,protocol_holdout,random_selection,1,193,30.005704391900096
ISU_ILCC,set2_early_soh,GPR,log,protocol_holdout,random_selection,2,16,33.5745822877085
ISU_ILCC,set2_early_soh,GPR,log,protocol_holdout,random_selection,2,32,27.785918687604
ISU_ILCC,set2_early_soh,GPR,log,protocol_holdout,random_selection,2,48,28.564202545966765
ISU_ILCC,set2_early_soh,GPR,log,protocol_holdout,random_selection,2,64,28.849161405006928
ISU_ILCC,set2_early_soh,GPR,log,protocol_holdout,random_selection,2,80,31.1296901534176
ISU_ILCC,set2_early_soh,GPR,log,protocol_holdout,random_selection,2,96,29.382500057467897
ISU_ILCC,set2_early_soh,GPR,log,protocol_holdout,random_selection,2,112,28.485487677376792
ISU_ILCC,set2_early_soh,GPR,log,protocol_holdout,random_selection,2,128,28.50282109107943
ISU_ILCC,set2_early_soh,GPR,log,protocol_holdout,random_selection,2,144,28.13132644078669
ISU_ILCC,set2_early_soh,GPR,log,protocol_holdout,random_selection,2,160,26.8836978643796
ISU_ILCC,set2_early_soh,GPR,log,protocol_holdout,random_selection,2,176,25.556227564417817
ISU_ILCC,set2_early_soh,GPR,log,protocol_holdout,random_selection,2,192,25.27479612288045
ISU_ILCC,set2_early_soh,GPR,log,protocol_holdout,random_selection,2,193,25.280473085281947
ISU_ILCC,set2_early_soh,GPR,log,protocol_holdout,random_selection,3,16,79.78535738807203
ISU_ILCC,set2_early_soh,GPR,log,protocol_holdout,random_selection,3,32,47.18919423994916
ISU_ILCC,set2_early_soh,GPR,log,protocol_holdout,random_selection,3,48,43.92408910748585
ISU_ILCC,set2_early_soh,GPR,log,protocol_holdout,random_selection,3,64,34.73069436920737
ISU_ILCC,set2_early_soh,GPR,log,protocol_holdout,random_selection,3,80,33.024764020780246
ISU_ILCC,set2_early_soh,GPR,log,protocol_holdout,random_selection,3,96,36.92193561593024
ISU_ILCC,set2_early_soh,GPR,log,protocol_holdout,random_selection,3,112,39.29681212437342
ISU_ILCC,set2_early_soh,GPR,log,protocol_holdout,random_selection,3,128,39.501859279613605
ISU_ILCC,set2_early_soh,GPR,log,protocol_holdout,random_selection,3,144,36.95102926154294
ISU_ILCC,set2_early_soh,GPR,log,protocol_holdout,random_selection,3,160,39.70417428256327
ISU_ILCC,set2_early_soh,GPR,log,protocol_holdout,random_selection,3,176,41.50748431375095
ISU_ILCC,set2_early_soh,GPR,log,protocol_holdout,random_selection,3,192,37.87928891602768
ISU_ILCC,set2_early_soh,GPR,log,protocol_holdout,random_selection,3,193,36.81422921927385
ISU_ILCC,set2_early_soh,GPR,log,protocol_holdout,random_selection,4,16,31.683176886704405
ISU_ILCC,set2_early_soh,GPR,log,protocol_holdout,random_selection,4,32,28.176207720289547
ISU_ILCC,set2_early_soh,GPR,log,protocol_holdout,random_selection,4,48,27.09934084608281
ISU_ILCC,set2_early_soh,GPR,log,protocol_holdout,random_selection,4,64,22.451823399587408
ISU_ILCC,set2_early_soh,GPR,log,protocol_holdout,random_selection,4,80,22.911897803731858
ISU_ILCC,set2_early_soh,GPR,log,protocol_holdout,random_selection,4,96,22.228323306499355
ISU_ILCC,set2_early_soh,GPR,log,protocol_holdout,random_selection,4,112,21.11197715808079
ISU_ILCC,set2_early_soh,GPR,log,protocol_holdout,random_selection,4,128,21.9939210172777
ISU_ILCC,set2_early_soh,GPR,log,protocol_holdout,random_selection,4,144,21.83518522363149
ISU_ILCC,set2_early_soh,GPR,log,protocol_holdout,random_selection,4,160,21.93746732375512
ISU_ILCC,set2_early_soh,GPR,log,protocol_holdout,random_selection,4,176,21.786484529807456
ISU_ILCC,set2_early_soh,GPR,log,protocol_holdout,random_selection,4,192,21.85198209165034
ISU_ILCC,set2_early_soh,GPR,log,protocol_holdout,random_selection,4,193,21.88094313811496
ISU_ILCC,set2_early_soh,GPR,log,protocol_holdout,random_selection,5,16,48.64072776217445
ISU_ILCC,set2_early_soh,GPR,log,protocol_holdout,random_selection,5,32,47.37027646291628
ISU_ILCC,set2_early_soh,GPR,log,protocol_holdout,random_selection,5,48,45.04004649719178
ISU_ILCC,set2_early_soh,GPR,log,protocol_holdout,random_selection,5,64,42.27391620471124
ISU_ILCC,set2_early_soh,GPR,log,protocol_holdout,random_selection,5,80,40.83342697489181
ISU_ILCC,set2_early_soh,GPR,log,protocol_holdout,random_selection,5,96,41.18214283287429
ISU_ILCC,set2_early_soh,GPR,log,protocol_holdout,random_selection,5,112,37.77272330519346
ISU_ILCC,set2_early_soh,GPR,log,protocol_holdout,random_selection,5,128,36.787263025687
ISU_ILCC,set2_early_soh,GPR,log,protocol_holdout,random_selection,5,144,36.78722019873078
ISU_ILCC,set2_early_soh,GPR,log,protocol_holdout,random_selection,5,160,36.748505618167
ISU_ILCC,set2_early_soh,GPR,log,protocol_holdout,random_selection,5,176,35.81300192146901
ISU_ILCC,set2_early_soh,GPR,log,protocol_holdout,random_selection,5,192,34.85085417000662
ISU_ILCC,set2_early_soh,GPR,log,protocol_holdout,random_selection,5,193,34.846500827823405
ISU_ILCC,set2_early_soh,GPR,log,protocol_holdout,random_selection,6,16,37.56606706682922
ISU_ILCC,set2_early_soh,GPR,log,protocol_holdout,random_selection,6,32,43.4323700720226
ISU_ILCC,set2_early_soh,GPR,log,protocol_holdout,random_selection,6,48,36.596192692129016
ISU_ILCC,set2_early_soh,GPR,log,protocol_holdout,random_selection,6,64,33.26570702431585
ISU_ILCC,set2_early_soh,GPR,log,protocol_holdout,random_selection,6,80,33.53296509488755
ISU_ILCC,set2_early_soh,GPR,log,protocol_holdout,random_selection,6,96,32.481292031217244
ISU_ILCC,set2_early_soh,GPR,log,protocol_holdout,random_selection,6,112,31.981904563806925
ISU_ILCC,set2_early_soh,GPR,log,protocol_holdout,random_selection,6,128,32.549997715891024
ISU_ILCC,set2_early_soh,GPR,log,protocol_holdout,random_selection,6,144,33.25764276850996
ISU_ILCC,set2_early_soh,GPR,log,protocol_holdout,random_selection,6,160,33.39492388167324
ISU_ILCC,set2_early_soh,GPR,log,protocol_holdout,random_selection,6,176,33.12813656259393
ISU_ILCC,set2_early_soh,GPR,log,protocol_holdout,random_selection,6,192,33.16002693183954
ISU_ILCC,set2_early_soh,GPR,log,protocol_holdout,random_selection,6,193,33.098674435492434
ISU_ILCC,set2_early_soh,GPR,log,protocol_holdout,random_selection,7,16,44.97005436687469
ISU_ILCC,set2_early_soh,GPR,log,protocol_holdout,random_selection,7,32,41.7651057263263
ISU_ILCC,set2_early_soh,GPR,log,protocol_holdout,random_selection,7,48,41.22614899604765
ISU_ILCC,set2_early_soh,GPR,log,protocol_holdout,random_selection,7,64,41.28706000326218
ISU_ILCC,set2_early_soh,GPR,log,protocol_holdout,random_selection,7,80,39.49863583645856
ISU_ILCC,set2_early_soh,GPR,log,protocol_holdout,random_selection,7,96,37.91761534826496
ISU_ILCC,set2_early_soh,GPR,log,protocol_holdout,random_selection,7,112,39.50181138869646
ISU_ILCC,set2_early_soh,GPR,log,protocol_holdout,random_selection,7,128,34.782681095196025
ISU_ILCC,set2_early_soh,GPR,log,protocol_holdout,random_selection,7,144,34.43610481536081
ISU_ILCC,set2_early_soh,GPR,log,protocol_holdout,random_selection,7,160,35.1610042766586
ISU_ILCC,set2_early_soh,GPR,log,protocol_holdout,random_selection,7,176,37.11822812912225
ISU_ILCC,set2_early_soh,GPR,log,protocol_holdout,random_selection,7,192,36.86386266181722
ISU_ILCC,set2_early_soh,GPR,log,protocol_holdout,random_selection,7,193,36.84886955874476
ISU_ILCC,set2_early_soh,GPR,log,protocol_holdout,random_selection,8,16,99.82575029485224
ISU_ILCC,set2_early_soh,GPR,log,protocol_holdout,random_selection,8,32,81.2380354947855
ISU_ILCC,set2_early_soh,GPR,log,protocol_holdout,random_selection,8,48,79.9469819414085
ISU_ILCC,set2_early_soh,GPR,log,protocol_holdout,random_selection,8,64,79.17211674009073
ISU_ILCC,set2_early_soh,GPR,log,protocol_holdout,random_selection,8,80,75.38076317658965
ISU_ILCC,set2_early_soh,GPR,log,protocol_holdout,random_selection,8,96,41.4990097030157
ISU_ILCC,set2_early_soh,GPR,log,protocol_holdout,random_selection,8,112,51.93536168226128
ISU_ILCC,set2_early_soh,GPR,log,protocol_holdout,random_selection,8,128,51.9056575209672
ISU_ILCC,set2_early_soh,GPR,log,protocol_holdout,random_selection,8,144,40.817929149620674
ISU_ILCC,set2_early_soh,GPR,log,protocol_holdout,random_selection,8,160,37.021422063397694
ISU_ILCC,set2_early_soh,GPR,log,protocol_holdout,random_selection,8,176,41.71287229667989
ISU_ILCC,set2_early_soh,GPR,log,protocol_holdout,random_selection,8,192,41.79087494103871
ISU_ILCC,set2_early_soh,GPR,log,protocol_holdout,random_selection,8,193,41.45117194247308
ISU_ILCC,set2_early_soh,GPR,log,protocol_holdout,random_selection,9,16,38.85633986322293
ISU_ILCC,set2_early_soh,GPR,log,protocol_holdout,random_selection,9,32,52.195617678296415
ISU_ILCC,set2_early_soh,GPR,log,protocol_holdout,random_selection,9,48,33.22411354715085
ISU_ILCC,set2_early_soh,GPR,log,protocol_holdout,random_selection,9,64,36.658080265470105
ISU_ILCC,set2_early_soh,GPR,log,protocol_holdout,random_selection,9,80,33.78607371591512
ISU_ILCC,set2_early_soh,GPR,log,protocol_holdout,random_selection,9,96,35.0802971397362
ISU_ILCC,set2_early_soh,GPR,log,protocol_holdout,random_selection,9,112,97.77407908137336
ISU_ILCC,set2_early_soh,GPR,log,protocol_holdout,random_selection,9,128,36.22210875290422
ISU_ILCC,set2_early_soh,GPR,log,protocol_holdout,random_selection,9,144,35.42882640387392
ISU_ILCC,set2_early_soh,GPR,log,protocol_holdout,random_selection,9,160,35.536045811033176
ISU_ILCC,set2_early_soh,GPR,log,protocol_holdout,random_selection,9,176,35.63394060080052
ISU_ILCC,set2_early_soh,GPR,log,protocol_holdout,random_selection,9,192,35.26047112961013
ISU_ILCC,set2_early_soh,GPR,log,protocol_holdout,random_selection,9,193,35.257131247957055
ISU_ILCC,set2_early_soh,GPR,log,protocol_holdout,random_selection,10,16,41.45466022531459
ISU_ILCC,set2_early_soh,GPR,log,protocol_holdout,random_selection,10,32,32.7646696938665
ISU_ILCC,set2_early_soh,GPR,log,protocol_holdout,random_selection,10,48,32.12389407609582
ISU_ILCC,set2_early_soh,GPR,log,protocol_holdout,random_selection,10,64,34.08242315858383
ISU_ILCC,set2_early_soh,GPR,log,protocol_holdout,random_selection,10,80,34.30426652219924
ISU_ILCC,set2_early_soh,GPR,log,protocol_holdout,random_selection,10,96,32.56893129250254
ISU_ILCC,set2_early_soh,GPR,log,protocol_holdout,random_selection,10,112,32.58114778973831
ISU_ILCC,set2_early_soh,GPR,log,protocol_holdout,random_selection,10,128,33.60307418230642
ISU_ILCC,set2_early_soh,GPR,log,protocol_holdout,random_selection,10,144,33.649005835620294
ISU_ILCC,set2_early_soh,GPR,log,protocol_holdout,random_selection,10,160,32.3058011930019
ISU_ILCC,set2_early_soh,GPR,log,protocol_holdout,random_selection,10,176,32.99453930329342
ISU_ILCC,set2_early_soh,GPR,log,protocol_holdout,random_selection,10,192,32.0778498834166
ISU_ILCC,set2_early_soh,GPR,log,protocol_holdout,random_selection,10,193,32.15602305797355
ISU_ILCC,set2_early_soh,GPR,log,protocol_holdout,diversity_oneshot,1,16,30.01488946793066
ISU_ILCC,set2_early_soh,GPR,log,protocol_holdout,diversity_oneshot,1,32,31.148220677936795
ISU_ILCC,set2_early_soh,GPR,log,protocol_holdout,diversity_oneshot,1,48,30.30852931579836
ISU_ILCC,set2_early_soh,GPR,log,protocol_holdout,diversity_oneshot,1,64,30.18622641523412
ISU_ILCC,set2_early_soh,GPR,log,protocol_holdout,diversity_oneshot,1,80,31.55329809133191
ISU_ILCC,set2_early_soh,GPR,log,protocol_holdout,diversity_oneshot,1,96,31.93042385823696
ISU_ILCC,set2_early_soh,GPR,log,protocol_holdout,diversity_oneshot,1,112,30.663712867433706
ISU_ILCC,set2_early_soh,GPR,log,protocol_holdout,diversity_oneshot,1,128,30.289695615310247
ISU_ILCC,set2_early_soh,GPR,log,protocol_holdout,diversity_oneshot,1,144,30.07828586580599
ISU_ILCC,set2_early_soh,GPR,log,protocol_holdout,diversity_oneshot,1,160,29.84046878534153
ISU_ILCC,set2_early_soh,GPR,log,protocol_holdout,diversity_oneshot,1,176,30.04780653335132
ISU_ILCC,set2_early_soh,GPR,log,protocol_holdout,diversity_oneshot,1,192,29.98403751590531
ISU_ILCC,set2_early_soh,GPR,log,protocol_holdout,diversity_oneshot,1,193,30.005704391900096
ISU_ILCC,set2_early_soh,GPR,log,protocol_holdout,diversity_oneshot,2,16,35.16535156060686
ISU_ILCC,set2_early_soh,GPR,log,protocol_holdout,diversity_oneshot,2,32,31.646405287268543
ISU_ILCC,set2_early_soh,GPR,log,protocol_holdout,diversity_oneshot,2,48,30.3247807464621
ISU_ILCC,set2_early_soh,GPR,log,protocol_holdout,diversity_oneshot,2,64,28.334639394035584
ISU_ILCC,set2_early_soh,GPR,log,protocol_holdout,diversity_oneshot,2,80,30.719544074187027
ISU_ILCC,set2_early_soh,GPR,log,protocol_holdout,diversity_oneshot,2,96,30.07757599293451
ISU_ILCC,set2_early_soh,GPR,log,protocol_holdout,diversity_oneshot,2,112,29.72726641806789
ISU_ILCC,set2_early_soh,GPR,log,protocol_holdout,diversity_oneshot,2,128,27.01423267346556
ISU_ILCC,set2_early_soh,GPR,log,protocol_holdout,diversity_oneshot,2,144,26.15562812270969
ISU_ILCC,set2_early_soh,GPR,log,protocol_holdout,diversity_oneshot,2,160,25.78901420780243
ISU_ILCC,set2_early_soh,GPR,log,protocol_holdout,diversity_oneshot,2,176,25.47606274723973
ISU_ILCC,set2_early_soh,GPR,log,protocol_holdout,diversity_oneshot,2,192,25.266591763450364
ISU_ILCC,set2_early_soh,GPR,log,protocol_holdout,diversity_oneshot,2,193,25.280473085281947
ISU_ILCC,set2_early_soh,GPR,log,protocol_holdout,diversity_oneshot,3,16,67.08743895689958
ISU_ILCC,set2_early_soh,GPR,log,protocol_holdout,diversity_oneshot,3,32,41.00227695348251
ISU_ILCC,set2_early_soh,GPR,log,protocol_holdout,diversity_oneshot,3,48,38.21209252217668
ISU_ILCC,set2_early_soh,GPR,log,protocol_holdout,diversity_oneshot,3,64,38.90020064441818
ISU_ILCC,set2_early_soh,GPR,log,protocol_holdout,diversity_oneshot,3,80,49.37009653396117
ISU_ILCC,set2_early_soh,GPR,log,protocol_holdout,diversity_oneshot,3,96,44.876896810346686
ISU_ILCC,set2_early_soh,GPR,log,protocol_holdout,diversity_oneshot,3,112,41.51297218011295
ISU_ILCC,set2_early_soh,GPR,log,protocol_holdout,diversity_oneshot,3,128,40.13704057210333
ISU_ILCC,set2_early_soh,GPR,log,protocol_holdout,diversity_oneshot,3,144,39.10333627202626
ISU_ILCC,set2_early_soh,GPR,log,protocol_holdout,diversity_oneshot,3,160,37.072606248169166
ISU_ILCC,set2_early_soh,GPR,log,protocol_holdout,diversity_oneshot,3,176,34.43133935225455
ISU_ILCC,set2_early_soh,GPR,log,protocol_holdout,diversity_oneshot,3,192,36.777324730186486
ISU_ILCC,set2_early_soh,GPR,log,protocol_holdout,diversity_oneshot,3,193,36.81422921927385
ISU_ILCC,set2_early_soh,GPR,log,protocol_holdout,diversity_oneshot,4,16,31.110370648240966
ISU_ILCC,set2_early_soh,GPR,log,protocol_holdout,diversity_oneshot,4,32,25.700895666708465
ISU_ILCC,set2_early_soh,GPR,log,protocol_holdout,diversity_oneshot,4,48,22.9947142086568
ISU_ILCC,set2_early_soh,GPR,log,protocol_holdout,diversity_oneshot,4,64,20.395265759773483
ISU_ILCC,set2_early_soh,GPR,log,protocol_holdout,diversity_oneshot,4,80,23.963219684299805
ISU_ILCC,set2_early_soh,GPR,log,protocol_holdout,diversity_oneshot,4,96,22.223978078910463
ISU_ILCC,set2_early_soh,GPR,log,protocol_holdout,diversity_oneshot,4,112,21.49271349239893
ISU_ILCC,set2_early_soh,GPR,log,protocol_holdout,diversity_oneshot,4,128,20.32697836975448
ISU_ILCC,set2_early_soh,GPR,log,protocol_holdout,diversity_oneshot,4,144,21.337041530825594
ISU_ILCC,set2_early_soh,GPR,log,protocol_holdout,diversity_oneshot,4,160,22.37197201841685
ISU_ILCC,set2_early_soh,GPR,log,protocol_holdout,diversity_oneshot,4,176,22.36005479530799
ISU_ILCC,set2_early_soh,GPR,log,protocol_holdout,diversity_oneshot,4,192,22.01690920774009
ISU_ILCC,set2_early_soh,GPR,log,protocol_holdout,diversity_oneshot,4,193,21.88094313811496
ISU_ILCC,set2_early_soh,GPR,log,protocol_holdout,diversity_oneshot,5,16,44.33471396303463
ISU_ILCC,set2_early_soh,GPR,log,protocol_holdout,diversity_oneshot,5,32,40.39560427255145
ISU_ILCC,set2_early_soh,GPR,log,protocol_holdout,diversity_oneshot,5,48,35.65993232844289
ISU_ILCC,set2_early_soh,GPR,log,protocol_holdout,diversity_oneshot,5,64,36.400696673947785
ISU_ILCC,set2_early_soh,GPR,log,protocol_holdout,diversity_oneshot,5,80,39.574128086614735
ISU_ILCC,set2_early_soh,GPR,log,protocol_holdout,diversity_oneshot,5,96,37.50537521904737
ISU_ILCC,set2_early_soh,GPR,log,protocol_holdout,diversity_oneshot,5,112,37.256228222494144
ISU_ILCC,set2_early_soh,GPR,log,protocol_holdout,diversity_oneshot,5,128,36.269228999379536
ISU_ILCC,set2_early_soh,GPR,log,protocol_holdout,diversity_oneshot,5,144,36.17463741406624
ISU_ILCC,set2_early_soh,GPR,log,protocol_holdout,diversity_oneshot,5,160,35.32041577094088
ISU_ILCC,set2_early_soh,GPR,log,protocol_holdout,diversity_oneshot,5,176,35.02592856018773
ISU_ILCC,set2_early_soh,GPR,log,protocol_holdout,diversity_oneshot,5,192,34.91729535690825
ISU_ILCC,set2_early_soh,GPR,log,protocol_holdout,diversity_oneshot,5,193,34.846500827823405
ISU_ILCC,set2_early_soh,GPR,log,protocol_holdout,diversity_oneshot,6,16,40.5724876436288
ISU_ILCC,set2_early_soh,GPR,log,protocol_holdout,diversity_oneshot,6,32,36.08457323141671
ISU_ILCC,set2_early_soh,GPR,log,protocol_holdout,diversity_oneshot,6,48,38.86754248638572
ISU_ILCC,set2_early_soh,GPR,log,protocol_holdout,diversity_oneshot,6,64,36.87234084266503
ISU_ILCC,set2_early_soh,GPR,log,protocol_holdout,diversity_oneshot,6,80,37.176167047849816
ISU_ILCC,set2_early_soh,GPR,log,protocol_holdout,diversity_oneshot,6,96,34.3235406811574
ISU_ILCC,set2_early_soh,GPR,log,protocol_holdout,diversity_oneshot,6,112,32.4159960289425
ISU_ILCC,set2_early_soh,GPR,log,protocol_holdout,diversity_oneshot,6,128,32.64867254935948
ISU_ILCC,set2_early_soh,GPR,log,protocol_holdout,diversity_oneshot,6,144,32.65930369176456
ISU_ILCC,set2_early_soh,GPR,log,protocol_holdout,diversity_oneshot,6,160,32.875607629290414
ISU_ILCC,set2_early_soh,GPR,log,protocol_holdout,diversity_oneshot,6,176,33.21427801924325
ISU_ILCC,set2_early_soh,GPR,log,protocol_holdout,diversity_oneshot,6,192,33.09519958624496
ISU_ILCC,set2_early_soh,GPR,log,protocol_holdout,diversity_oneshot,6,193,33.098674435492434
ISU_ILCC,set2_early_soh,GPR,log,protocol_holdout,diversity_oneshot,7,16,49.7674577665391
ISU_ILCC,set2_early_soh,GPR,log,protocol_holdout,diversity_oneshot,7,32,44.43408914488544
ISU_ILCC,set2_early_soh,GPR,log,protocol_holdout,diversity_oneshot,7,48,42.01269995553439
ISU_ILCC,set2_early_soh,GPR,log,protocol_holdout,diversity_oneshot,7,64,44.89116993491902
ISU_ILCC,set2_early_soh,GPR,log,protocol_holdout,diversity_oneshot,7,80,43.78715008122174
ISU_ILCC,set2_early_soh,GPR,log,protocol_holdout,diversity_oneshot,7,96,39.501613971795294
ISU_ILCC,set2_early_soh,GPR,log,protocol_holdout,diversity_oneshot,7,112,40.498186302667335
ISU_ILCC,set2_early_soh,GPR,log,protocol_holdout,diversity_oneshot,7,128,39.96092401301348
ISU_ILCC,set2_early_soh,GPR,log,protocol_holdout,diversity_oneshot,7,144,39.26010236067297
ISU_ILCC,set2_early_soh,GPR,log,protocol_holdout,diversity_oneshot,7,160,37.94405275912069
ISU_ILCC,set2_early_soh,GPR,log,protocol_holdout,diversity_oneshot,7,176,37.29833475076753
ISU_ILCC,set2_early_soh,GPR,log,protocol_holdout,diversity_oneshot,7,192,36.92915163895098
ISU_ILCC,set2_early_soh,GPR,log,protocol_holdout,diversity_oneshot,7,193,36.84886955874476
ISU_ILCC,set2_early_soh,GPR,log,protocol_holdout,diversity_oneshot,8,16,39.9470065817216
ISU_ILCC,set2_early_soh,GPR,log,protocol_holdout,diversity_oneshot,8,32,49.15519093556448
ISU_ILCC,set2_early_soh,GPR,log,protocol_holdout,diversity_oneshot,8,48,48.8498751671086
ISU_ILCC,set2_early_soh,GPR,log,protocol_holdout,diversity_oneshot,8,64,52.217694095492206
ISU_ILCC,set2_early_soh,GPR,log,protocol_holdout,diversity_oneshot,8,80,46.541936306823565
ISU_ILCC,set2_early_soh,GPR,log,protocol_holdout,diversity_oneshot,8,96,41.07255441407793
ISU_ILCC,set2_early_soh,GPR,log,protocol_holdout,diversity_oneshot,8,112,45.19780578115253
ISU_ILCC,set2_early_soh,GPR,log,protocol_holdout,diversity_oneshot,8,128,46.0013707695063
ISU_ILCC,set2_early_soh,GPR,log,protocol_holdout,diversity_oneshot,8,144,42.85465560279905
ISU_ILCC,set2_early_soh,GPR,log,protocol_holdout,diversity_oneshot,8,160,41.16300504841128
ISU_ILCC,set2_early_soh,GPR,log,protocol_holdout,diversity_oneshot,8,176,41.52164340748678
ISU_ILCC,set2_early_soh,GPR,log,protocol_holdout,diversity_oneshot,8,192,41.79779743602069
ISU_ILCC,set2_early_soh,GPR,log,protocol_holdout,diversity_oneshot,8,193,41.45117194247308
ISU_ILCC,set2_early_soh,GPR,log,protocol_holdout,diversity_oneshot,9,16,47.20040255767584
ISU_ILCC,set2_early_soh,GPR,log,protocol_holdout,diversity_oneshot,9,32,40.96751052434561
ISU_ILCC,set2_early_soh,GPR,log,protocol_holdout,diversity_oneshot,9,48,34.375165732914795
ISU_ILCC,set2_early_soh,GPR,log,protocol_holdout,diversity_oneshot,9,64,38.53717252572723
ISU_ILCC,set2_early_soh,GPR,log,protocol_holdout,diversity_oneshot,9,80,38.04981598926931
ISU_ILCC,set2_early_soh,GPR,log,protocol_holdout,diversity_oneshot,9,96,36.077854483068485
ISU_ILCC,set2_early_soh,GPR,log,protocol_holdout,diversity_oneshot,9,112,35.12152695380692
ISU_ILCC,set2_early_soh,GPR,log,protocol_holdout,diversity_oneshot,9,128,36.20975294177513
ISU_ILCC,set2_early_soh,GPR,log,protocol_holdout,diversity_oneshot,9,144,35.68114263687361
ISU_ILCC,set2_early_soh,GPR,log,protocol_holdout,diversity_oneshot,9,160,36.05447726612724
ISU_ILCC,set2_early_soh,GPR,log,protocol_holdout,diversity_oneshot,9,176,35.12786924839609
ISU_ILCC,set2_early_soh,GPR,log,protocol_holdout,diversity_oneshot,9,192,35.429248447981
ISU_ILCC,set2_early_soh,GPR,log,protocol_holdout,diversity_oneshot,9,193,35.257131247957055
ISU_ILCC,set2_early_soh,GPR,log,protocol_holdout,diversity_oneshot,10,16,36.36631703447439
ISU_ILCC,set2_early_soh,GPR,log,protocol_holdout,diversity_oneshot,10,32,32.863232147063904
ISU_ILCC,set2_early_soh,GPR,log,protocol_holdout,diversity_oneshot,10,48,32.817881038537784
ISU_ILCC,set2_early_soh,GPR,log,protocol_holdout,diversity_oneshot,10,64,32.52794772586442
ISU_ILCC,set2_early_soh,GPR,log,protocol_holdout,diversity_oneshot,10,80,34.73101893714756
ISU_ILCC,set2_early_soh,GPR,log,protocol_holdout,diversity_oneshot,10,96,33.39077461973501
ISU_ILCC,set2_early_soh,GPR,log,protocol_holdout,diversity_oneshot,10,112,30.90682625399329
ISU_ILCC,set2_early_soh,GPR,log,protocol_holdout,diversity_oneshot,10,128,32.59416660695392
ISU_ILCC,set2_early_soh,GPR,log,protocol_holdout,diversity_oneshot,10,144,32.07284920573416
ISU_ILCC,set2_early_soh,GPR,log,protocol_holdout,diversity_oneshot,10,160,32.44293074137523
ISU_ILCC,set2_early_soh,GPR,log,protocol_holdout,diversity_oneshot,10,176,32.734204777498
ISU_ILCC,set2_early_soh,GPR,log,protocol_holdout,diversity_oneshot,10,192,32.049697679761586
ISU_ILCC,set2_early_soh,GPR,log,protocol_holdout,diversity_oneshot,10,193,32.15602305797355
ISU_ILCC,set2_early_soh,GPR,log,protocol_holdout,diversity_iterative,1,16,30.01488946793066
ISU_ILCC,set2_early_soh,GPR,log,protocol_holdout,diversity_iterative,1,32,33.98294101144458
ISU_ILCC,set2_early_soh,GPR,log,protocol_holdout,diversity_iterative,1,48,30.99111418797672
ISU_ILCC,set2_early_soh,GPR,log,protocol_holdout,diversity_iterative,1,64,30.163734350272208
ISU_ILCC,set2_early_soh,GPR,log,protocol_holdout,diversity_iterative,1,80,31.12642140869969
ISU_ILCC,set2_early_soh,GPR,log,protocol_holdout,diversity_iterative,1,96,30.81779944448399
ISU_ILCC,set2_early_soh,GPR,log,protocol_holdout,diversity_iterative,1,112,30.552326567121018
ISU_ILCC,set2_early_soh,GPR,log,protocol_holdout,diversity_iterative,1,128,29.86954564015756
ISU_ILCC,set2_early_soh,GPR,log,protocol_holdout,diversity_iterative,1,144,29.386399289987946
ISU_ILCC,set2_early_soh,GPR,log,protocol_holdout,diversity_iterative,1,160,29.543223983501075
ISU_ILCC,set2_early_soh,GPR,log,protocol_holdout,diversity_iterative,1,176,30.262054249527417
ISU_ILCC,set2_early_soh,GPR,log,protocol_holdout,diversity_iterative,1,192,29.98807339121256
ISU_ILCC,set2_early_soh,GPR,log,protocol_holdout,diversity_iterative,1,193,30.005704391900096
ISU_ILCC,set2_early_soh,GPR,log,protocol_holdout,diversity_iterative,2,16,35.16535156060686
ISU_ILCC,set2_early_soh,GPR,log,protocol_holdout,diversity_iterative,2,32,32.01518681608545
ISU_ILCC,set2_early_soh,GPR,log,protocol_holdout,diversity_iterative,2,48,31.610347443115145
ISU_ILCC,set2_early_soh,GPR,log,protocol_holdout,diversity_iterative,2,64,28.65437031728625
ISU_ILCC,set2_early_soh,GPR,log,protocol_holdout,diversity_iterative,2,80,29.74145263273117
ISU_ILCC,set2_early_soh,GPR,log,protocol_holdout,diversity_iterative,2,96,29.139207743431943
ISU_ILCC,set2_early_soh,GPR,log,protocol_holdout,diversity_iterative,2,112,26.407205244136406
ISU_ILCC,set2_early_soh,GPR,log,protocol_holdout,diversity_iterative,2,128,25.78777053625252
ISU_ILCC,set2_early_soh,GPR,log,protocol_holdout,diversity_iterative,2,144,24.81138959893457
ISU_ILCC,set2_early_soh,GPR,log,protocol_holdout,diversity_iterative,2,160,25.191176784363428
ISU_ILCC,set2_early_soh,GPR,log,protocol_holdout,diversity_iterative,2,176,25.65937166540901
ISU_ILCC,set2_early_soh,GPR,log,protocol_holdout,diversity_iterative,2,192,25.34770892240576
ISU_ILCC,set2_early_soh,GPR,log,protocol_holdout,diversity_iterative,2,193,25.280473085281947
ISU_ILCC,set2_early_soh,GPR,log,protocol_holdout,diversity_iterative,3,16,67.08743895689958
ISU_ILCC,set2_early_soh,GPR,log,protocol_holdout,diversity_iterative,3,32,58.58520059151233
ISU_ILCC,set2_early_soh,GPR,log,protocol_holdout,diversity_iterative,3,48,51.13894838273981
ISU_ILCC,set2_early_soh,GPR,log,protocol_holdout,diversity_iterative,3,64,47.26704346812136
ISU_ILCC,set2_early_soh,GPR,log,protocol_holdout,diversity_iterative,3,80,42.57354754119813
ISU_ILCC,set2_early_soh,GPR,log,protocol_holdout,diversity_iterative,3,96,39.11310739647757
ISU_ILCC,set2_early_soh,GPR,log,protocol_holdout,diversity_iterative,3,112,35.44555109739072
ISU_ILCC,set2_early_soh,GPR,log,protocol_holdout,diversity_iterative,3,128,34.22412305789873
ISU_ILCC,set2_early_soh,GPR,log,protocol_holdout,diversity_iterative,3,144,34.58765531547441
ISU_ILCC,set2_early_soh,GPR,log,protocol_holdout,diversity_iterative,3,160,39.28602401127522
ISU_ILCC,set2_early_soh,GPR,log,protocol_holdout,diversity_iterative,3,176,37.22604404277185
ISU_ILCC,set2_early_soh,GPR,log,protocol_holdout,diversity_iterative,3,192,36.553896122456806
ISU_ILCC,set2_early_soh,GPR,log,protocol_holdout,diversity_iterative,3,193,36.81422921927385
ISU_ILCC,set2_early_soh,GPR,log,protocol_holdout,diversity_iterative,4,16,31.110370648240966
ISU_ILCC,set2_early_soh,GPR,log,protocol_holdout,diversity_iterative,4,32,29.00072598734109
ISU_ILCC,set2_early_soh,GPR,log,protocol_holdout,diversity_iterative,4,48,25.415913378316667
ISU_ILCC,set2_early_soh,GPR,log,protocol_holdout,diversity_iterative,4,64,22.575006436914013
ISU_ILCC,set2_early_soh,GPR,log,protocol_holdout,diversity_iterative,4,80,22.74841467707481
ISU_ILCC,set2_early_soh,GPR,log,protocol_holdout,diversity_iterative,4,96,24.68326241882556
ISU_ILCC,set2_early_soh,GPR,log,protocol_holdout,diversity_iterative,4,112,23.97270960651258
ISU_ILCC,set2_early_soh,GPR,log,protocol_holdout,diversity_iterative,4,128,23.41915521310856
ISU_ILCC,set2_early_soh,GPR,log,protocol_holdout,diversity_iterative,4,144,23.39775003359797
ISU_ILCC,set2_early_soh,GPR,log,protocol_holdout,diversity_iterative,4,160,21.78520446529326
ISU_ILCC,set2_early_soh,GPR,log,protocol_holdout,diversity_iterative,4,176,22.58928004105086
ISU_ILCC,set2_early_soh,GPR,log,protocol_holdout,diversity_iterative,4,192,21.642001828088027
ISU_ILCC,set2_early_soh,GPR,log,protocol_holdout,diversity_iterative,4,193,21.88094313811496
ISU_ILCC,set2_early_soh,GPR,log,protocol_holdout,diversity_iterative,5,16,44.33471396303463
ISU_ILCC,set2_early_soh,GPR,log,protocol_holdout,diversity_iterative,5,32,43.62314810205597
ISU_ILCC,set2_early_soh,GPR,log,protocol_holdout,diversity_iterative,5,48,40.448758737511135
ISU_ILCC,set2_early_soh,GPR,log,protocol_holdout,diversity_iterative,5,64,34.53992714798109
ISU_ILCC,set2_early_soh,GPR,log,protocol_holdout,diversity_iterative,5,80,35.667630001242934
ISU_ILCC,set2_early_soh,GPR,log,protocol_holdout,diversity_iterative,5,96,34.65041161285035
ISU_ILCC,set2_early_soh,GPR,log,protocol_holdout,diversity_iterative,5,112,34.63178140183378
ISU_ILCC,set2_early_soh,GPR,log,protocol_holdout,diversity_iterative,5,128,35.514359798687245
ISU_ILCC,set2_early_soh,GPR,log,protocol_holdout,diversity_iterative,5,144,34.94790758298357
ISU_ILCC,set2_early_soh,GPR,log,protocol_holdout,diversity_iterative,5,160,35.06977925649071
ISU_ILCC,set2_early_soh,GPR,log,protocol_holdout,diversity_iterative,5,176,34.5938092183992
ISU_ILCC,set2_early_soh,GPR,log,protocol_holdout,diversity_iterative,5,192,34.955996932447086
ISU_ILCC,set2_early_soh,GPR,log,protocol_holdout,diversity_iterative,5,193,34.846500827823405
ISU_ILCC,set2_early_soh,GPR,log,protocol_holdout,diversity_iterative,6,16,40.5724876436288
ISU_ILCC,set2_early_soh,GPR,log,protocol_holdout,diversity_iterative,6,32,37.88319887695681
ISU_ILCC,set2_early_soh,GPR,log,protocol_holdout,diversity_iterative,6,48,36.80658429550782
ISU_ILCC,set2_early_soh,GPR,log,protocol_holdout,diversity_iterative,6,64,34.26507171388148
ISU_ILCC,set2_early_soh,GPR,log,protocol_holdout,diversity_iterative,6,80,36.62980497561878
ISU_ILCC,set2_early_soh,GPR,log,protocol_holdout,diversity_iterative,6,96,33.36090571146178
ISU_ILCC,set2_early_soh,GPR,log,protocol_holdout,diversity_iterative,6,112,32.834540471700855
ISU_ILCC,set2_early_soh,GPR,log,protocol_holdout,diversity_iterative,6,128,31.89504072047032
ISU_ILCC,set2_early_soh,GPR,log,protocol_holdout,diversity_iterative,6,144,31.437661235522253
ISU_ILCC,set2_early_soh,GPR,log,protocol_holdout,diversity_iterative,6,160,31.425368786711545
ISU_ILCC,set2_early_soh,GPR,log,protocol_holdout,diversity_iterative,6,176,33.417643033372016
ISU_ILCC,set2_early_soh,GPR,log,protocol_holdout,diversity_iterative,6,192,33.114023461452405
ISU_ILCC,set2_early_soh,GPR,log,protocol_holdout,diversity_iterative,6,193,33.098674435492434
ISU_ILCC,set2_early_soh,GPR,log,protocol_holdout,diversity_iterative,7,16,49.7674577665391
ISU_ILCC,set2_early_soh,GPR,log,protocol_holdout,diversity_iterative,7,32,42.64593850340738
ISU_ILCC,set2_early_soh,GPR,log,protocol_holdout,diversity_iterative,7,48,41.569143311799415
ISU_ILCC,set2_early_soh,GPR,log,protocol_holdout,diversity_iterative,7,64,39.70492688138022
ISU_ILCC,set2_early_soh,GPR,log,protocol_holdout,diversity_iterative,7,80,39.17110928259156
ISU_ILCC,set2_early_soh,GPR,log,protocol_holdout,diversity_iterative,7,96,34.99916886909571
ISU_ILCC,set2_early_soh,GPR,log,protocol_holdout,diversity_iterative,7,112,37.11879445842055
ISU_ILCC,set2_early_soh,GPR,log,protocol_holdout,diversity_iterative,7,128,37.82996928673985
ISU_ILCC,set2_early_soh,GPR,log,protocol_holdout,diversity_iterative,7,144,37.50758598567894
ISU_ILCC,set2_early_soh,GPR,log,protocol_holdout,diversity_iterative,7,160,36.503598380102325
ISU_ILCC,set2_early_soh,GPR,log,protocol_holdout,diversity_iterative,7,176,37.36668039892274
ISU_ILCC,set2_early_soh,GPR,log,protocol_holdout,diversity_iterative,7,192,36.80338963653956
ISU_ILCC,set2_early_soh,GPR,log,protocol_holdout,diversity_iterative,7,193,36.84886955874476
ISU_ILCC,set2_early_soh,GPR,log,protocol_holdout,diversity_iterative,8,16,39.9470065817216
ISU_ILCC,set2_early_soh,GPR,log,protocol_holdout,diversity_iterative,8,32,50.80384041851951
ISU_ILCC,set2_early_soh,GPR,log,protocol_holdout,diversity_iterative,8,48,47.648069263945686
ISU_ILCC,set2_early_soh,GPR,log,protocol_holdout,diversity_iterative,8,64,49.89213487146131
ISU_ILCC,set2_early_soh,GPR,log,protocol_holdout,diversity_iterative,8,80,48.62999971176609
ISU_ILCC,set2_early_soh,GPR,log,protocol_holdout,diversity_iterative,8,96,44.47772609517302
ISU_ILCC,set2_early_soh,GPR,log,protocol_holdout,diversity_iterative,8,112,43.07054159420095
ISU_ILCC,set2_early_soh,GPR,log,protocol_holdout,diversity_iterative,8,128,43.83995761581247
ISU_ILCC,set2_early_soh,GPR,log,protocol_holdout,diversity_iterative,8,144,44.03434770873504
ISU_ILCC,set2_early_soh,GPR,log,protocol_holdout,diversity_iterative,8,160,42.789586563649245
ISU_ILCC,set2_early_soh,GPR,log,protocol_holdout,diversity_iterative,8,176,42.31289469144853
ISU_ILCC,set2_early_soh,GPR,log,protocol_holdout,diversity_iterative,8,192,41.40800354619842
ISU_ILCC,set2_early_soh,GPR,log,protocol_holdout,diversity_iterative,8,193,41.45117194247308
ISU_ILCC,set2_early_soh,GPR,log,protocol_holdout,diversity_iterative,9,16,47.20040255767584
ISU_ILCC,set2_early_soh,GPR,log,protocol_holdout,diversity_iterative,9,32,47.279521804799614
ISU_ILCC,set2_early_soh,GPR,log,protocol_holdout,diversity_iterative,9,48,38.15174304234856
ISU_ILCC,set2_early_soh,GPR,log,protocol_holdout,diversity_iterative,9,64,37.74839939693237
ISU_ILCC,set2_early_soh,GPR,log,protocol_holdout,diversity_iterative,9,80,36.02255607865874
ISU_ILCC,set2_early_soh,GPR,log,protocol_holdout,diversity_iterative,9,96,35.97883770933894
ISU_ILCC,set2_early_soh,GPR,log,protocol_holdout,diversity_iterative,9,112,35.20555481289646
ISU_ILCC,set2_early_soh,GPR,log,protocol_holdout,diversity_iterative,9,128,35.06997604186296
ISU_ILCC,set2_early_soh,GPR,log,protocol_holdout,diversity_iterative,9,144,56.35151917237534
ISU_ILCC,set2_early_soh,GPR,log,protocol_holdout,diversity_iterative,9,160,35.778578690994514
ISU_ILCC,set2_early_soh,GPR,log,protocol_holdout,diversity_iterative,9,176,35.07680374073203
ISU_ILCC,set2_early_soh,GPR,log,protocol_holdout,diversity_iterative,9,192,35.12454733969574
ISU_ILCC,set2_early_soh,GPR,log,protocol_holdout,diversity_iterative,9,193,35.257131247957055
ISU_ILCC,set2_early_soh,GPR,log,protocol_holdout,diversity_iterative,10,16,36.36631703447439
ISU_ILCC,set2_early_soh,GPR,log,protocol_holdout,diversity_iterative,10,32,34.61892400137914
ISU_ILCC,set2_early_soh,GPR,log,protocol_holdout,diversity_iterative,10,48,32.90450687795888
ISU_ILCC,set2_early_soh,GPR,log,protocol_holdout,diversity_iterative,10,64,33.26745008105688
ISU_ILCC,set2_early_soh,GPR,log,protocol_holdout,diversity_iterative,10,80,33.07581746883676
ISU_ILCC,set2_early_soh,GPR,log,protocol_holdout,diversity_iterative,10,96,31.6299666288305
ISU_ILCC,set2_early_soh,GPR,log,protocol_holdout,diversity_iterative,10,112,31.708865369786484
ISU_ILCC,set2_early_soh,GPR,log,protocol_holdout,diversity_iterative,10,128,31.161761450750227
ISU_ILCC,set2_early_soh,GPR,log,protocol_holdout,diversity_iterative,10,144,31.5997608790338
ISU_ILCC,set2_early_soh,GPR,log,protocol_holdout,diversity_iterative,10,160,32.17516445437086
ISU_ILCC,set2_early_soh,GPR,log,protocol_holdout,diversity_iterative,10,176,32.79970839678348
ISU_ILCC,set2_early_soh,GPR,log,protocol_holdout,diversity_iterative,10,192,32.176502729561
ISU_ILCC,set2_early_soh,GPR,log,protocol_holdout,diversity_iterative,10,193,32.15602305797355
ISU_ILCC,set2_early_soh,GPR,log,protocol_holdout,coverage,1,16,33.98274095990199
ISU_ILCC,set2_early_soh,GPR,log,protocol_holdout,coverage,1,32,34.196645767265586
ISU_ILCC,set2_early_soh,GPR,log,protocol_holdout,coverage,1,48,30.570319437709674
ISU_ILCC,set2_early_soh,GPR,log,protocol_holdout,coverage,1,64,30.72705079071908
ISU_ILCC,set2_early_soh,GPR,log,protocol_holdout,coverage,1,80,29.75453770098303
ISU_ILCC,set2_early_soh,GPR,log,protocol_holdout,coverage,1,96,30.074000625863555
ISU_ILCC,set2_early_soh,GPR,log,protocol_holdout,coverage,1,112,30.58651392286244
ISU_ILCC,set2_early_soh,GPR,log,protocol_holdout,coverage,1,128,30.5290620407178
ISU_ILCC,set2_early_soh,GPR,log,protocol_holdout,coverage,1,144,30.437209965267165
ISU_ILCC,set2_early_soh,GPR,log,protocol_holdout,coverage,1,160,30.252251262903616
ISU_ILCC,set2_early_soh,GPR,log,protocol_holdout,coverage,1,176,29.999261020529293
ISU_ILCC,set2_early_soh,GPR,log,protocol_holdout,coverage,1,192,29.99742802777402
ISU_ILCC,set2_early_soh,GPR,log,protocol_holdout,coverage,1,193,30.005704391900096
ISU_ILCC,set2_early_soh,GPR,log,protocol_holdout,coverage,2,16,33.5745822877085
ISU_ILCC,set2_early_soh,GPR,log,protocol_holdout,coverage,2,32,31.15427305517467
ISU_ILCC,set2_early_soh,GPR,log,protocol_holdout,coverage,2,48,27.5574598239174
ISU_ILCC,set2_early_soh,GPR,log,protocol_holdout,coverage,2,64,26.767861853739355
ISU_ILCC,set2_early_soh,GPR,log,protocol_holdout,coverage,2,80,26.311871673633185
ISU_ILCC,set2_early_soh,GPR,log,protocol_holdout,coverage,2,96,28.573930252808083
ISU_ILCC,set2_early_soh,GPR,log,protocol_holdout,coverage,2,112,26.134020909386606
ISU_ILCC,set2_early_soh,GPR,log,protocol_holdout,coverage,2,128,26.254133116082112
ISU_ILCC,set2_early_soh,GPR,log,protocol_holdout,coverage,2,144,25.89493624929991
ISU_ILCC,set2_early_soh,GPR,log,protocol_holdout,coverage,2,160,25.61175454571533
ISU_ILCC,set2_early_soh,GPR,log,protocol_holdout,coverage,2,176,25.463693879655548
ISU_ILCC,set2_early_soh,GPR,log,protocol_holdout,coverage,2,192,25.266591763450364
ISU_ILCC,set2_early_soh,GPR,log,protocol_holdout,coverage,2,193,25.280473085281947
ISU_ILCC,set2_early_soh,GPR,log,protocol_holdout,coverage,3,16,79.78535738807203
ISU_ILCC,set2_early_soh,GPR,log,protocol_holdout,coverage,3,32,53.25139572437555
ISU_ILCC,set2_early_soh,GPR,log,protocol_holdout,coverage,3,48,47.43831677537363
ISU_ILCC,set2_early_soh,GPR,log,protocol_holdout,coverage,3,64,50.8556822273176
ISU_ILCC,set2_early_soh,GPR,log,protocol_holdout,coverage,3,80,41.331288479590064
ISU_ILCC,set2_early_soh,GPR,log,protocol_holdout,coverage,3,96,38.29413331258958
ISU_ILCC,set2_early_soh,GPR,log,protocol_holdout,coverage,3,112,38.46814723131493
ISU_ILCC,set2_early_soh,GPR,log,protocol_holdout,coverage,3,128,36.38938236092257
ISU_ILCC,set2_early_soh,GPR,log,protocol_holdout,coverage,3,144,35.96322810658547
ISU_ILCC,set2_early_soh,GPR,log,protocol_holdout,coverage,3,160,36.02091782004461
ISU_ILCC,set2_early_soh,GPR,log,protocol_holdout,coverage,3,176,35.93777226137675
ISU_ILCC,set2_early_soh,GPR,log,protocol_holdout,coverage,3,192,37.04037686890927
ISU_ILCC,set2_early_soh,GPR,log,protocol_holdout,coverage,3,193,36.81422921927385
ISU_ILCC,set2_early_soh,GPR,log,protocol_holdout,coverage,4,16,31.683176886704405
ISU_ILCC,set2_early_soh,GPR,log,protocol_holdout,coverage,4,32,23.57362368923457
ISU_ILCC,set2_early_soh,GPR,log,protocol_holdout,coverage,4,48,24.964928689334293
ISU_ILCC,set2_early_soh,GPR,log,protocol_holdout,coverage,4,64,24.323192203869983
ISU_ILCC,set2_early_soh,GPR,log,protocol_holdout,coverage,4,80,20.30185996602543
ISU_ILCC,set2_early_soh,GPR,log,protocol_holdout,coverage,4,96,20.830093806044264
ISU_ILCC,set2_early_soh,GPR,log,protocol_holdout,coverage,4,112,21.4278920983948
ISU_ILCC,set2_early_soh,GPR,log,protocol_holdout,coverage,4,128,21.769033846797893
ISU_ILCC,set2_early_soh,GPR,log,protocol_holdout,coverage,4,144,21.490526155047444
ISU_ILCC,set2_early_soh,GPR,log,protocol_holdout,coverage,4,160,22.39733007522832
ISU_ILCC,set2_early_soh,GPR,log,protocol_holdout,coverage,4,176,22.54922469784292
ISU_ILCC,set2_early_soh,GPR,log,protocol_holdout,coverage,4,192,21.832862950200543
ISU_ILCC,set2_early_soh,GPR,log,protocol_holdout,coverage,4,193,21.88094313811496
ISU_ILCC,set2_early_soh,GPR,log,protocol_holdout,coverage,5,16,48.64072776217445
ISU_ILCC,set2_early_soh,GPR,log,protocol_holdout,coverage,5,32,34.20653631202804
ISU_ILCC,set2_early_soh,GPR,log,protocol_holdout,coverage,5,48,36.60418844595634
ISU_ILCC,set2_early_soh,GPR,log,protocol_holdout,coverage,5,64,36.690121407938506
ISU_ILCC,set2_early_soh,GPR,log,protocol_holdout,coverage,5,80,40.08339500564156
ISU_ILCC,set2_early_soh,GPR,log,protocol_holdout,coverage,5,96,35.45128464470799
ISU_ILCC,set2_early_soh,GPR,log,protocol_holdout,coverage,5,112,35.336322359445376
ISU_ILCC,set2_early_soh,GPR,log,protocol_holdout,coverage,5,128,36.06483803234628
ISU_ILCC,set2_early_soh,GPR,log,protocol_holdout,coverage,5,144,35.335668097969375
ISU_ILCC,set2_early_soh,GPR,log,protocol_holdout,coverage,5,160,35.23498752666217
ISU_ILCC,set2_early_soh,GPR,log,protocol_holdout,coverage,5,176,34.62785139246471
ISU_ILCC,set2_early_soh,GPR,log,protocol_holdout,coverage,5,192,34.75516759424433
ISU_ILCC,set2_early_soh,GPR,log,protocol_holdout,coverage,5,193,34.846500827823405
ISU_ILCC,set2_early_soh,GPR,log,protocol_holdout,coverage,6,16,37.56606706682922
ISU_ILCC,set2_early_soh,GPR,log,protocol_holdout,coverage,6,32,32.53261155826408
ISU_ILCC,set2_early_soh,GPR,log,protocol_holdout,coverage,6,48,32.460680380557115
ISU_ILCC,set2_early_soh,GPR,log,protocol_holdout,coverage,6,64,31.73033621962844
ISU_ILCC,set2_early_soh,GPR,log,protocol_holdout,coverage,6,80,32.52748004681224
ISU_ILCC,set2_early_soh,GPR,log,protocol_holdout,coverage,6,96,33.1743749042028
ISU_ILCC,set2_early_soh,GPR,log,protocol_holdout,coverage,6,112,32.49883299182603
ISU_ILCC,set2_early_soh,GPR,log,protocol_holdout,coverage,6,128,33.189417001759985
ISU_ILCC,set2_early_soh,GPR,log,protocol_holdout,coverage,6,144,32.51570424572752
ISU_ILCC,set2_early_soh,GPR,log,protocol_holdout,coverage,6,160,32.777839841361974
ISU_ILCC,set2_early_soh,GPR,log,protocol_holdout,coverage,6,176,32.77223798994506
ISU_ILCC,set2_early_soh,GPR,log,protocol_holdout,coverage,6,192,33.076751298899055
ISU_ILCC,set2_early_soh,GPR,log,protocol_holdout,coverage,6,193,33.098674435492434
ISU_ILCC,set2_early_soh,GPR,log,protocol_holdout,coverage,7,16,44.97005436687469
ISU_ILCC,set2_early_soh,GPR,log,protocol_holdout,coverage,7,32,44.04345274416994
ISU_ILCC,set2_early_soh,GPR,log,protocol_holdout,coverage,7,48,42.952093700399054
ISU_ILCC,set2_early_soh,GPR,log,protocol_holdout,coverage,7,64,40.27666580190045
ISU_ILCC,set2_early_soh,GPR,log,protocol_holdout,coverage,7,80,40.147962822622674
ISU_ILCC,set2_early_soh,GPR,log,protocol_holdout,coverage,7,96,39.38324803436545
ISU_ILCC,set2_early_soh,GPR,log,protocol_holdout,coverage,7,112,39.37632533675946
ISU_ILCC,set2_early_soh,GPR,log,protocol_holdout,coverage,7,128,38.62261881456925
ISU_ILCC,set2_early_soh,GPR,log,protocol_holdout,coverage,7,144,38.4407221033902
ISU_ILCC,set2_early_soh,GPR,log,protocol_holdout,coverage,7,160,37.73492196012023
ISU_ILCC,set2_early_soh,GPR,log,protocol_holdout,coverage,7,176,37.379807900395065
ISU_ILCC,set2_early_soh,GPR,log,protocol_holdout,coverage,7,192,36.85981609816844
ISU_ILCC,set2_early_soh,GPR,log,protocol_holdout,coverage,7,193,36.84886955874476
ISU_ILCC,set2_early_soh,GPR,log,protocol_holdout,coverage,8,16,99.82575029485224
ISU_ILCC,set2_early_soh,GPR,log,protocol_holdout,coverage,8,32,60.33403926660642
ISU_ILCC,set2_early_soh,GPR,log,protocol_holdout,coverage,8,48,57.65366273040152
ISU_ILCC,set2_early_soh,GPR,log,protocol_holdout,coverage,8,64,63.73461526892061
ISU_ILCC,set2_early_soh,GPR,log,protocol_holdout,coverage,8,80,52.4305144794561
ISU_ILCC,set2_early_soh,GPR,log,protocol_holdout,coverage,8,96,48.75540015762992
ISU_ILCC,set2_early_soh,GPR,log,protocol_holdout,coverage,8,112,46.12154913397844
ISU_ILCC,set2_early_soh,GPR,log,protocol_holdout,coverage,8,128,44.837598916215256
ISU_ILCC,set2_early_soh,GPR,log,protocol_holdout,coverage,8,144,43.20936538529684
ISU_ILCC,set2_early_soh,GPR,log,protocol_holdout,coverage,8,160,41.78123231346292
ISU_ILCC,set2_early_soh,GPR,log,protocol_holdout,coverage,8,176,41.84866017777982
ISU_ILCC,set2_early_soh,GPR,log,protocol_holdout,coverage,8,192,41.79779743602069
ISU_ILCC,set2_early_soh,GPR,log,protocol_holdout,coverage,8,193,41.45117194247308
ISU_ILCC,set2_early_soh,GPR,log,protocol_holdout,coverage,9,16,38.85633986322293
ISU_ILCC,set2_early_soh,GPR,log,protocol_holdout,coverage,9,32,36.22554926300083
ISU_ILCC,set2_early_soh,GPR,log,protocol_holdout,coverage,9,48,39.73255531992678
ISU_ILCC,set2_early_soh,GPR,log,protocol_holdout,coverage,9,64,42.34861023069523
ISU_ILCC,set2_early_soh,GPR,log,protocol_holdout,coverage,9,80,41.31193390044052
ISU_ILCC,set2_early_soh,GPR,log,protocol_holdout,coverage,9,96,40.00227313542246
ISU_ILCC,set2_early_soh,GPR,log,protocol_holdout,coverage,9,112,38.7914622419802
ISU_ILCC,set2_early_soh,GPR,log,protocol_holdout,coverage,9,128,37.045653458715016
ISU_ILCC,set2_early_soh,GPR,log,protocol_holdout,coverage,9,144,36.11981645840436
ISU_ILCC,set2_early_soh,GPR,log,protocol_holdout,coverage,9,160,35.540813767652146
ISU_ILCC,set2_early_soh,GPR,log,protocol_holdout,coverage,9,176,34.86205507105442
ISU_ILCC,set2_early_soh,GPR,log,protocol_holdout,coverage,9,192,35.37797352759964
ISU_ILCC,set2_early_soh,GPR,log,protocol_holdout,coverage,9,193,35.257131247957055
ISU_ILCC,set2_early_soh,GPR,log,protocol_holdout,coverage,10,16,41.45466022531459
ISU_ILCC,set2_early_soh,GPR,log,protocol_holdout,coverage,10,32,34.21302551773781
ISU_ILCC,set2_early_soh,GPR,log,protocol_holdout,coverage,10,48,32.83683074347651
ISU_ILCC,set2_early_soh,GPR,log,protocol_holdout,coverage,10,64,33.58679520047049
ISU_ILCC,set2_early_soh,GPR,log,protocol_holdout,coverage,10,80,31.569316215780376
ISU_ILCC,set2_early_soh,GPR,log,protocol_holdout,coverage,10,96,31.37813520688114
ISU_ILCC,set2_early_soh,GPR,log,protocol_holdout,coverage,10,112,31.17134550203807
ISU_ILCC,set2_early_soh,GPR,log,protocol_holdout,coverage,10,128,31.46403952775444
ISU_ILCC,set2_early_soh,GPR,log,protocol_holdout,coverage,10,144,31.418337907778355
ISU_ILCC,set2_early_soh,GPR,log,protocol_holdout,coverage,10,160,32.06838771511723
ISU_ILCC,set2_early_soh,GPR,log,protocol_holdout,coverage,10,176,32.33943223245973
ISU_ILCC,set2_early_soh,GPR,log,protocol_holdout,coverage,10,192,32.049697679761586
ISU_ILCC,set2_early_soh,GPR,log,protocol_holdout,coverage,10,193,32.15602305797355
ISU_ILCC,set2_early_soh,GPR,log,protocol_holdout,exploration,1,16,33.98274095990199
ISU_ILCC,set2_early_soh,GPR,log,protocol_holdout,exploration,1,32,34.262372171787725
ISU_ILCC,set2_early_soh,GPR,log,protocol_holdout,exploration,1,48,32.30620287060685
ISU_ILCC,set2_early_soh,GPR,log,protocol_holdout,exploration,1,64,31.985323088401707
ISU_ILCC,set2_early_soh,GPR,log,protocol_holdout,exploration,1,80,32.16073291891758
ISU_ILCC,set2_early_soh,GPR,log,protocol_holdout,exploration,1,96,31.002758639156035
ISU_ILCC,set2_early_soh,GPR,log,protocol_holdout,exploration,1,112,30.39870131916543
ISU_ILCC,set2_early_soh,GPR,log,protocol_holdout,exploration,1,128,30.235904383588107
ISU_ILCC,set2_early_soh,GPR,log,protocol_holdout,exploration,1,144,29.79739993048475
ISU_ILCC,set2_early_soh,GPR,log,protocol_holdout,exploration,1,160,29.96529520806801
ISU_ILCC,set2_early_soh,GPR,log,protocol_holdout,exploration,1,176,30.064961569573136
ISU_ILCC,set2_early_soh,GPR,log,protocol_holdout,exploration,1,192,30.011614291027826
ISU_ILCC,set2_early_soh,GPR,log,protocol_holdout,exploration,1,193,30.005704391900096
ISU_ILCC,set2_early_soh,GPR,log,protocol_holdout,exploration,2,16,33.5745822877085
ISU_ILCC,set2_early_soh,GPR,log,protocol_holdout,exploration,2,32,31.15427305517467
ISU_ILCC,set2_early_soh,GPR,log,protocol_holdout,exploration,2,48,25.80863392572687
ISU_ILCC,set2_early_soh,GPR,log,protocol_holdout,exploration,2,64,26.11845605501961
ISU_ILCC,set2_early_soh,GPR,log,protocol_holdout,exploration,2,80,26.97363285970501
ISU_ILCC,set2_early_soh,GPR,log,protocol_holdout,exploration,2,96,25.64363362715933
ISU_ILCC,set2_early_soh,GPR,log,protocol_holdout,exploration,2,112,25.84720197042237
ISU_ILCC,set2_early_soh,GPR,log,protocol_holdout,exploration,2,128,25.153695096928363
ISU_ILCC,set2_early_soh,GPR,log,protocol_holdout,exploration,2,144,25.83247877607525
ISU_ILCC,set2_early_soh,GPR,log,protocol_holdout,exploration,2,160,25.64327695545759
ISU_ILCC,set2_early_soh,GPR,log,protocol_holdout,exploration,2,176,25.57830059003353
ISU_ILCC,set2_early_soh,GPR,log,protocol_holdout,exploration,2,192,25.24703691832272
ISU_ILCC,set2_early_soh,GPR,log,protocol_holdout,exploration,2,193,25.280473085281947
ISU_ILCC,set2_early_soh,GPR,log,protocol_holdout,exploration,3,16,79.78535738807203
ISU_ILCC,set2_early_soh,GPR,log,protocol_holdout,exploration,3,32,74.20140086969946
ISU_ILCC,set2_early_soh,GPR,log,protocol_holdout,exploration,3,48,70.64222991480949
ISU_ILCC,set2_early_soh,GPR,log,protocol_holdout,exploration,3,64,52.32086652773703
ISU_ILCC,set2_early_soh,GPR,log,protocol_holdout,exploration,3,80,46.031562337835865
ISU_ILCC,set2_early_soh,GPR,log,protocol_holdout,exploration,3,96,45.17812813730937
ISU_ILCC,set2_early_soh,GPR,log,protocol_holdout,exploration,3,112,44.455379392489824
ISU_ILCC,set2_early_soh,GPR,log,protocol_holdout,exploration,3,128,37.0717189598973
ISU_ILCC,set2_early_soh,GPR,log,protocol_holdout,exploration,3,144,40.13760486123812
ISU_ILCC,set2_early_soh,GPR,log,protocol_holdout,exploration,3,160,37.66173541510753
ISU_ILCC,set2_early_soh,GPR,log,protocol_holdout,exploration,3,176,36.31436034534477
ISU_ILCC,set2_early_soh,GPR,log,protocol_holdout,exploration,3,192,36.72392666628511
ISU_ILCC,set2_early_soh,GPR,log,protocol_holdout,exploration,3,193,36.81422921927385
ISU_ILCC,set2_early_soh,GPR,log,protocol_holdout,exploration,4,16,31.683176886704405
ISU_ILCC,set2_early_soh,GPR,log,protocol_holdout,exploration,4,32,24.563221602079523
ISU_ILCC,set2_early_soh,GPR,log,protocol_holdout,exploration,4,48,25.521240266339035
ISU_ILCC,set2_early_soh,GPR,log,protocol_holdout,exploration,4,64,24.30309525791173
ISU_ILCC,set2_early_soh,GPR,log,protocol_holdout,exploration,4,80,24.58222739977593
ISU_ILCC,set2_early_soh,GPR,log,protocol_holdout,exploration,4,96,23.71597320897592
ISU_ILCC,set2_early_soh,GPR,log,protocol_holdout,exploration,4,112,21.05303294761668
ISU_ILCC,set2_early_soh,GPR,log,protocol_holdout,exploration,4,128,22.69927472115698
ISU_ILCC,set2_early_soh,GPR,log,protocol_holdout,exploration,4,144,22.62269250105934
ISU_ILCC,set2_early_soh,GPR,log,protocol_holdout,exploration,4,160,22.593817130292425
ISU_ILCC,set2_early_soh,GPR,log,protocol_holdout,exploration,4,176,22.07483106881924
ISU_ILCC,set2_early_soh,GPR,log,protocol_holdout,exploration,4,192,21.832862950200543
ISU_ILCC,set2_early_soh,GPR,log,protocol_holdout,exploration,4,193,21.88094313811496
ISU_ILCC,set2_early_soh,GPR,log,protocol_holdout,exploration,5,16,48.64072776217445
ISU_ILCC,set2_early_soh,GPR,log,protocol_holdout,exploration,5,32,41.33259570691598
ISU_ILCC,set2_early_soh,GPR,log,protocol_holdout,exploration,5,48,41.05856538579884
ISU_ILCC,set2_early_soh,GPR,log,protocol_holdout,exploration,5,64,39.10483058189045
ISU_ILCC,set2_early_soh,GPR,log,protocol_holdout,exploration,5,80,35.96923369763365
ISU_ILCC,set2_early_soh,GPR,log,protocol_holdout,exploration,5,96,40.31087929018503
ISU_ILCC,set2_early_soh,GPR,log,protocol_holdout,exploration,5,112,36.06086967478681
ISU_ILCC,set2_early_soh,GPR,log,protocol_holdout,exploration,5,128,36.028116992276246
ISU_ILCC,set2_early_soh,GPR,log,protocol_holdout,exploration,5,144,35.0605032930196
ISU_ILCC,set2_early_soh,GPR,log,protocol_holdout,exploration,5,160,34.87197289144617
ISU_ILCC,set2_early_soh,GPR,log,protocol_holdout,exploration,5,176,34.96448061089457
ISU_ILCC,set2_early_soh,GPR,log,protocol_holdout,exploration,5,192,34.821948259253084
ISU_ILCC,set2_early_soh,GPR,log,protocol_holdout,exploration,5,193,34.846500827823405
ISU_ILCC,set2_early_soh,GPR,log,protocol_holdout,exploration,6,16,37.56606706682922
ISU_ILCC,set2_early_soh,GPR,log,protocol_holdout,exploration,6,32,32.596093688906485
ISU_ILCC,set2_early_soh,GPR,log,protocol_holdout,exploration,6,48,33.61591000298639
ISU_ILCC,set2_early_soh,GPR,log,protocol_holdout,exploration,6,64,34.88926520500099
ISU_ILCC,set2_early_soh,GPR,log,protocol_holdout,exploration,6,80,33.196910856817894
ISU_ILCC,set2_early_soh,GPR,log,protocol_holdout,exploration,6,96,33.99567910289228
ISU_ILCC,set2_early_soh,GPR,log,protocol_holdout,exploration,6,112,32.783960939714504
ISU_ILCC,set2_early_soh,GPR,log,protocol_holdout,exploration,6,128,33.35520544016782
ISU_ILCC,set2_early_soh,GPR,log,protocol_holdout,exploration,6,144,32.873490966337144
ISU_ILCC,set2_early_soh,GPR,log,protocol_holdout,exploration,6,160,33.200586504176485
ISU_ILCC,set2_early_soh,GPR,log,protocol_holdout,exploration,6,176,33.325799015594015
ISU_ILCC,set2_early_soh,GPR,log,protocol_holdout,exploration,6,192,33.09990953303
ISU_ILCC,set2_early_soh,GPR,log,protocol_holdout,exploration,6,193,33.098674435492434
ISU_ILCC,set2_early_soh,GPR,log,protocol_holdout,exploration,7,16,44.97005436687469
ISU_ILCC,set2_early_soh,GPR,log,protocol_holdout,exploration,7,32,50.18780292863085
ISU_ILCC,set2_early_soh,GPR,log,protocol_holdout,exploration,7,48,49.56793582351928
ISU_ILCC,set2_early_soh,GPR,log,protocol_holdout,exploration,7,64,42.10574112006951
ISU_ILCC,set2_early_soh,GPR,log,protocol_holdout,exploration,7,80,41.1776608311754
ISU_ILCC,set2_early_soh,GPR,log,protocol_holdout,exploration,7,96,38.74325233433778
ISU_ILCC,set2_early_soh,GPR,log,protocol_holdout,exploration,7,112,39.1730211484687
ISU_ILCC,set2_early_soh,GPR,log,protocol_holdout,exploration,7,128,38.75291501018487
ISU_ILCC,set2_early_soh,GPR,log,protocol_holdout,exploration,7,144,37.322431328211245
ISU_ILCC,set2_early_soh,GPR,log,protocol_holdout,exploration,7,160,37.36169025338933
ISU_ILCC,set2_early_soh,GPR,log,protocol_holdout,exploration,7,176,37.54484537503832
ISU_ILCC,set2_early_soh,GPR,log,protocol_holdout,exploration,7,192,36.97179800083877
ISU_ILCC,set2_early_soh,GPR,log,protocol_holdout,exploration,7,193,36.84886955874476
ISU_ILCC,set2_early_soh,GPR,log,protocol_holdout,exploration,8,16,99.82575029485224
ISU_ILCC,set2_early_soh,GPR,log,protocol_holdout,exploration,8,32,60.33403926660642
ISU_ILCC,set2_early_soh,GPR,log,protocol_holdout,exploration,8,48,56.36783870893889
ISU_ILCC,set2_early_soh,GPR,log,protocol_holdout,exploration,8,64,62.043076157527565
ISU_ILCC,set2_early_soh,GPR,log,protocol_holdout,exploration,8,80,49.18477888877978
ISU_ILCC,set2_early_soh,GPR,log,protocol_holdout,exploration,8,96,48.731993021932986
ISU_ILCC,set2_early_soh,GPR,log,protocol_holdout,exploration,8,112,45.73768140475086
ISU_ILCC,set2_early_soh,GPR,log,protocol_holdout,exploration,8,128,44.56545652657206
ISU_ILCC,set2_early_soh,GPR,log,protocol_holdout,exploration,8,144,42.26887406269612
ISU_ILCC,set2_early_soh,GPR,log,protocol_holdout,exploration,8,160,43.899867747675096
ISU_ILCC,set2_early_soh,GPR,log,protocol_holdout,exploration,8,176,42.89061045258819
ISU_ILCC,set2_early_soh,GPR,log,protocol_holdout,exploration,8,192,41.73620236291049
ISU_ILCC,set2_early_soh,GPR,log,protocol_holdout,exploration,8,193,41.45117194247308
ISU_ILCC,set2_early_soh,GPR,log,protocol_holdout,exploration,9,16,38.85633986322293
ISU_ILCC,set2_early_soh,GPR,log,protocol_holdout,exploration,9,32,40.57060247081207
ISU_ILCC,set2_early_soh,GPR,log,protocol_holdout,exploration,9,48,39.09931081257918
ISU_ILCC,set2_early_soh,GPR,log,protocol_holdout,exploration,9,64,40.70732303326021
ISU_ILCC,set2_early_soh,GPR,log,protocol_holdout,exploration,9,80,37.94674741954776
ISU_ILCC,set2_early_soh,GPR,log,protocol_holdout,exploration,9,96,35.58529044589409
ISU_ILCC,set2_early_soh,GPR,log,protocol_holdout,exploration,9,112,35.31721272919779
ISU_ILCC,set2_early_soh,GPR,log,protocol_holdout,exploration,9,128,34.77407407577116
ISU_ILCC,set2_early_soh,GPR,log,protocol_holdout,exploration,9,144,36.023851082125105
ISU_ILCC,set2_early_soh,GPR,log,protocol_holdout,exploration,9,160,36.22081494561885
ISU_ILCC,set2_early_soh,GPR,log,protocol_holdout,exploration,9,176,35.71563925560561
ISU_ILCC,set2_early_soh,GPR,log,protocol_holdout,exploration,9,192,35.252382510581405
ISU_ILCC,set2_early_soh,GPR,log,protocol_holdout,exploration,9,193,35.257131247957055
ISU_ILCC,set2_early_soh,GPR,log,protocol_holdout,exploration,10,16,41.45466022531459
ISU_ILCC,set2_early_soh,GPR,log,protocol_holdout,exploration,10,32,34.25893500699753
ISU_ILCC,set2_early_soh,GPR,log,protocol_holdout,exploration,10,48,32.46894072005067
ISU_ILCC,set2_early_soh,GPR,log,protocol_holdout,exploration,10,64,33.60508021414646
ISU_ILCC,set2_early_soh,GPR,log,protocol_holdout,exploration,10,80,33.48804224077136
ISU_ILCC,set2_early_soh,GPR,log,protocol_holdout,exploration,10,96,32.77857759132882
ISU_ILCC,set2_early_soh,GPR,log,protocol_holdout,exploration,10,112,32.66729933345855
ISU_ILCC,set2_early_soh,GPR,log,protocol_holdout,exploration,10,128,31.98202068791379
ISU_ILCC,set2_early_soh,GPR,log,protocol_holdout,exploration,10,144,32.58616032625959
ISU_ILCC,set2_early_soh,GPR,log,protocol_holdout,exploration,10,160,32.111252793688195
ISU_ILCC,set2_early_soh,GPR,log,protocol_holdout,exploration,10,176,32.186120140179746
ISU_ILCC,set2_early_soh,GPR,log,protocol_holdout,exploration,10,192,32.18369018830529
ISU_ILCC,set2_early_soh,GPR,log,protocol_holdout,exploration,10,193,32.15602305797355
ISU_ILCC,set2_early_soh,GPR,log,protocol_holdout,exploitation,1,16,33.98274095990199
ISU_ILCC,set2_early_soh,GPR,log,protocol_holdout,exploitation,1,32,34.557032513892295
ISU_ILCC,set2_early_soh,GPR,log,protocol_holdout,exploitation,1,48,35.10989981363657
ISU_ILCC,set2_early_soh,GPR,log,protocol_holdout,exploitation,1,64,30.490457283773324
ISU_ILCC,set2_early_soh,GPR,log,protocol_holdout,exploitation,1,80,30.44483586051737
ISU_ILCC,set2_early_soh,GPR,log,protocol_holdout,exploitation,1,96,30.045054380787512
ISU_ILCC,set2_early_soh,GPR,log,protocol_holdout,exploitation,1,112,31.028345488818136
ISU_ILCC,set2_early_soh,GPR,log,protocol_holdout,exploitation,1,128,30.297269161959044
ISU_ILCC,set2_early_soh,GPR,log,protocol_holdout,exploitation,1,144,30.54180898080019
ISU_ILCC,set2_early_soh,GPR,log,protocol_holdout,exploitation,1,160,30.057607129312963
ISU_ILCC,set2_early_soh,GPR,log,protocol_holdout,exploitation,1,176,29.892375906702423
ISU_ILCC,set2_early_soh,GPR,log,protocol_holdout,exploitation,1,192,29.97276742467597
ISU_ILCC,set2_early_soh,GPR,log,protocol_holdout,exploitation,1,193,30.005704391900096
ISU_ILCC,set2_early_soh,GPR,log,protocol_holdout,exploitation,2,16,33.5745822877085
ISU_ILCC,set2_early_soh,GPR,log,protocol_holdout,exploitation,2,32,34.94087872181716
ISU_ILCC,set2_early_soh,GPR,log,protocol_holdout,exploitation,2,48,32.04152681912651
ISU_ILCC,set2_early_soh,GPR,log,protocol_holdout,exploitation,2,64,31.27052864083717
ISU_ILCC,set2_early_soh,GPR,log,protocol_holdout,exploitation,2,80,31.33354836853152
ISU_ILCC,set2_early_soh,GPR,log,protocol_holdout,exploitation,2,96,29.004524008367543
ISU_ILCC,set2_early_soh,GPR,log,protocol_holdout,exploitation,2,112,25.015854194294
ISU_ILCC,set2_early_soh,GPR,log,protocol_holdout,exploitation,2,128,24.415146397853395
ISU_ILCC,set2_early_soh,GPR,log,protocol_holdout,exploitation,2,144,24.95733963246565
ISU_ILCC,set2_early_soh,GPR,log,protocol_holdout,exploitation,2,160,25.00921557966313
ISU_ILCC,set2_early_soh,GPR,log,protocol_holdout,exploitation,2,176,25.005662843498307
ISU_ILCC,set2_early_soh,GPR,log,protocol_holdout,exploitation,2,192,25.33037529426236
ISU_ILCC,set2_early_soh,GPR,log,protocol_holdout,exploitation,2,193,25.280473085281947
ISU_ILCC,set2_early_soh,GPR,log,protocol_holdout,exploitation,3,16,79.78535738807203
ISU_ILCC,set2_early_soh,GPR,log,protocol_holdout,exploitation,3,32,62.27772396688089
ISU_ILCC,set2_early_soh,GPR,log,protocol_holdout,exploitation,3,48,57.33168337872032
ISU_ILCC,set2_early_soh,GPR,log,protocol_holdout,exploitation,3,64,48.56827628706108
ISU_ILCC,set2_early_soh,GPR,log,protocol_holdout,exploitation,3,80,44.754951079718346
ISU_ILCC,set2_early_soh,GPR,log,protocol_holdout,exploitation,3,96,40.926999940557465
ISU_ILCC,set2_early_soh,GPR,log,protocol_holdout,exploitation,3,112,38.16371454095271
ISU_ILCC,set2_early_soh,GPR,log,protocol_holdout,exploitation,3,128,36.23002703130254
ISU_ILCC,set2_early_soh,GPR,log,protocol_holdout,exploitation,3,144,36.82504929175989
ISU_ILCC,set2_early_soh,GPR,log,protocol_holdout,exploitation,3,160,35.58138023130433
ISU_ILCC,set2_early_soh,GPR,log,protocol_holdout,exploitation,3,176,35.053968536353004
ISU_ILCC,set2_early_soh,GPR,log,protocol_holdout,exploitation,3,192,36.574581217309856
ISU_ILCC,set2_early_soh,GPR,log,protocol_holdout,exploitation,3,193,36.81422921927385
ISU_ILCC,set2_early_soh,GPR,log,protocol_holdout,exploitation,4,16,31.683176886704405
ISU_ILCC,set2_early_soh,GPR,log,protocol_holdout,exploitation,4,32,35.46561156453672
ISU_ILCC,set2_early_soh,GPR,log,protocol_holdout,exploitation,4,48,52.29178666122366
ISU_ILCC,set2_early_soh,GPR,log,protocol_holdout,exploitation,4,64,42.04929961049525
ISU_ILCC,set2_early_soh,GPR,log,protocol_holdout,exploitation,4,80,41.33364978172544
ISU_ILCC,set2_early_soh,GPR,log,protocol_holdout,exploitation,4,96,27.78330669012975
ISU_ILCC,set2_early_soh,GPR,log,protocol_holdout,exploitation,4,112,29.99213291246325
ISU_ILCC,set2_early_soh,GPR,log,protocol_holdout,exploitation,4,128,27.11645451393432
ISU_ILCC,set2_early_soh,GPR,log,protocol_holdout,exploitation,4,144,21.689718468304577
ISU_ILCC,set2_early_soh,GPR,log,protocol_holdout,exploitation,4,160,22.411674558796456
ISU_ILCC,set2_early_soh,GPR,log,protocol_holdout,exploitation,4,176,21.12543233705803
ISU_ILCC,set2_early_soh,GPR,log,protocol_holdout,exploitation,4,192,21.602462292218497
ISU_ILCC,set2_early_soh,GPR,log,protocol_holdout,exploitation,4,193,21.88094313811496
ISU_ILCC,set2_early_soh,GPR,log,protocol_holdout,exploitation,5,16,48.64072776217445
ISU_ILCC,set2_early_soh,GPR,log,protocol_holdout,exploitation,5,32,47.66990193028776
ISU_ILCC,set2_early_soh,GPR,log,protocol_holdout,exploitation,5,48,47.67173599072173
ISU_ILCC,set2_early_soh,GPR,log,protocol_holdout,exploitation,5,64,48.149055263112366
ISU_ILCC,set2_early_soh,GPR,log,protocol_holdout,exploitation,5,80,37.69322993194723
ISU_ILCC,set2_early_soh,GPR,log,protocol_holdout,exploitation,5,96,39.32720651388092
ISU_ILCC,set2_early_soh,GPR,log,protocol_holdout,exploitation,5,112,38.691706309354494
ISU_ILCC,set2_early_soh,GPR,log,protocol_holdout,exploitation,5,128,38.74724985093419
ISU_ILCC,set2_early_soh,GPR,log,protocol_holdout,exploitation,5,144,37.89963312191704
ISU_ILCC,set2_early_soh,GPR,log,protocol_holdout,exploitation,5,160,36.32504454842407
ISU_ILCC,set2_early_soh,GPR,log,protocol_holdout,exploitation,5,176,35.32847256675309
ISU_ILCC,set2_early_soh,GPR,log,protocol_holdout,exploitation,5,192,35.13645829132997
ISU_ILCC,set2_early_soh,GPR,log,protocol_holdout,exploitation,5,193,34.846500827823405
ISU_ILCC,set2_early_soh,GPR,log,protocol_holdout,exploitation,6,16,37.56606706682922
ISU_ILCC,set2_early_soh,GPR,log,protocol_holdout,exploitation,6,32,43.25691255266521
ISU_ILCC,set2_early_soh,GPR,log,protocol_holdout,exploitation,6,48,44.12408388113788
ISU_ILCC,set2_early_soh,GPR,log,protocol_holdout,exploitation,6,64,48.40580351541608
ISU_ILCC,set2_early_soh,GPR,log,protocol_holdout,exploitation,6,80,35.05230866157416
ISU_ILCC,set2_early_soh,GPR,log,protocol_holdout,exploitation,6,96,32.27231629743785
ISU_ILCC,set2_early_soh,GPR,log,protocol_holdout,exploitation,6,112,31.46629507221054
ISU_ILCC,set2_early_soh,GPR,log,protocol_holdout,exploitation,6,128,31.24535618458989
ISU_ILCC,set2_early_soh,GPR,log,protocol_holdout,exploitation,6,144,31.155260314290786
ISU_ILCC,set2_early_soh,GPR,log,protocol_holdout,exploitation,6,160,31.6120738568926
ISU_ILCC,set2_early_soh,GPR,log,protocol_holdout,exploitation,6,176,31.94742293762955
ISU_ILCC,set2_early_soh,GPR,log,protocol_holdout,exploitation,6,192,33.41425098579459
ISU_ILCC,set2_early_soh,GPR,log,protocol_holdout,exploitation,6,193,33.098674435492434
ISU_ILCC,set2_early_soh,GPR,log,protocol_holdout,exploitation,7,16,44.97005436687469
ISU_ILCC,set2_early_soh,GPR,log,protocol_holdout,exploitation,7,32,48.99781497349618
ISU_ILCC,set2_early_soh,GPR,log,protocol_holdout,exploitation,7,48,47.27940417832947
ISU_ILCC,set2_early_soh,GPR,log,protocol_holdout,exploitation,7,64,42.809980954554135
ISU_ILCC,set2_early_soh,GPR,log,protocol_holdout,exploitation,7,80,42.41695560785863
ISU_ILCC,set2_early_soh,GPR,log,protocol_holdout,exploitation,7,96,39.99052325328503
ISU_ILCC,set2_early_soh,GPR,log,protocol_holdout,exploitation,7,112,38.30428814838741
ISU_ILCC,set2_early_soh,GPR,log,protocol_holdout,exploitation,7,128,37.66329980233365
ISU_ILCC,set2_early_soh,GPR,log,protocol_holdout,exploitation,7,144,36.016058790067945
ISU_ILCC,set2_early_soh,GPR,log,protocol_holdout,exploitation,7,160,37.90935393893079
ISU_ILCC,set2_early_soh,GPR,log,protocol_holdout,exploitation,7,176,37.16578383491039
ISU_ILCC,set2_early_soh,GPR,log,protocol_holdout,exploitation,7,192,36.78535281133451
ISU_ILCC,set2_early_soh,GPR,log,protocol_holdout,exploitation,7,193,36.84886955874476
ISU_ILCC,set2_early_soh,GPR,log,protocol_holdout,exploitation,8,16,99.82575029485224
ISU_ILCC,set2_early_soh,GPR,log,protocol_holdout,exploitation,8,32,118.5490947396451
ISU_ILCC,set2_early_soh,GPR,log,protocol_holdout,exploitation,8,48,99.35112103745344
ISU_ILCC,set2_early_soh,GPR,log,protocol_holdout,exploitation,8,64,108.2558122129176
ISU_ILCC,set2_early_soh,GPR,log,protocol_holdout,exploitation,8,80,82.43767518380417
ISU_ILCC,set2_early_soh,GPR,log,protocol_holdout,exploitation,8,96,67.48754663601221
ISU_ILCC,set2_early_soh,GPR,log,protocol_holdout,exploitation,8,112,69.96223978403808
ISU_ILCC,set2_early_soh,GPR,log,protocol_holdout,exploitation,8,128,46.15333420189962
ISU_ILCC,set2_early_soh,GPR,log,protocol_holdout,exploitation,8,144,45.47503583694768
ISU_ILCC,set2_early_soh,GPR,log,protocol_holdout,exploitation,8,160,39.33158949800126
ISU_ILCC,set2_early_soh,GPR,log,protocol_holdout,exploitation,8,176,44.89733127652234
ISU_ILCC,set2_early_soh,GPR,log,protocol_holdout,exploitation,8,192,41.583640717110285
ISU_ILCC,set2_early_soh,GPR,log,protocol_holdout,exploitation,8,193,41.45117194247308
ISU_ILCC,set2_early_soh,GPR,log,protocol_holdout,exploitation,9,16,38.85633986322293
ISU_ILCC,set2_early_soh,GPR,log,protocol_holdout,exploitation,9,32,42.84695061843773
ISU_ILCC,set2_early_soh,GPR,log,protocol_holdout,exploitation,9,48,46.20832086051642
ISU_ILCC,set2_early_soh,GPR,log,protocol_holdout,exploitation,9,64,39.01179130627083
ISU_ILCC,set2_early_soh,GPR,log,protocol_holdout,exploitation,9,80,36.65320702023728
ISU_ILCC,set2_early_soh,GPR,log,protocol_holdout,exploitation,9,96,36.25980036597065
ISU_ILCC,set2_early_soh,GPR,log,protocol_holdout,exploitation,9,112,66.14912212392166
ISU_ILCC,set2_early_soh,GPR,log,protocol_holdout,exploitation,9,128,75.18848745789141
ISU_ILCC,set2_early_soh,GPR,log,protocol_holdout,exploitation,9,144,78.96642262522275
ISU_ILCC,set2_early_soh,GPR,log,protocol_holdout,exploitation,9,160,36.20688109181708
ISU_ILCC,set2_early_soh,GPR,log,protocol_holdout,exploitation,9,176,35.38875213163234
ISU_ILCC,set2_early_soh,GPR,log,protocol_holdout,exploitation,9,192,35.51437696766384
ISU_ILCC,set2_early_soh,GPR,log,protocol_holdout,exploitation,9,193,35.257131247957055
ISU_ILCC,set2_early_soh,GPR,log,protocol_holdout,exploitation,10,16,41.45466022531459
ISU_ILCC,set2_early_soh,GPR,log,protocol_holdout,exploitation,10,32,32.839225182282064
ISU_ILCC,set2_early_soh,GPR,log,protocol_holdout,exploitation,10,48,30.16408547156741
ISU_ILCC,set2_early_soh,GPR,log,protocol_holdout,exploitation,10,64,31.377646430379595
ISU_ILCC,set2_early_soh,GPR,log,protocol_holdout,exploitation,10,80,31.64275888452493
ISU_ILCC,set2_early_soh,GPR,log,protocol_holdout,exploitation,10,96,31.670718620471167
ISU_ILCC,set2_early_soh,GPR,log,protocol_holdout,exploitation,10,112,31.9328787278943
ISU_ILCC,set2_early_soh,GPR,log,protocol_holdout,exploitation,10,128,31.25390945159824
ISU_ILCC,set2_early_soh,GPR,log,protocol_holdout,exploitation,10,144,31.888028098461835
ISU_ILCC,set2_early_soh,GPR,log,protocol_holdout,exploitation,10,160,31.4147402927693
ISU_ILCC,set2_early_soh,GPR,log,protocol_holdout,exploitation,10,176,31.453587124254284
ISU_ILCC,set2_early_soh,GPR,log,protocol_holdout,exploitation,10,192,32.16685722076427
ISU_ILCC,set2_early_soh,GPR,log,protocol_holdout,exploitation,10,193,32.15602305797355
ISU_ILCC,set2_early_soh,GPR,log,protocol_holdout,hybrid,1,16,33.98274095990199
ISU_ILCC,set2_early_soh,GPR,log,protocol_holdout,hybrid,1,32,35.398226654962855
ISU_ILCC,set2_early_soh,GPR,log,protocol_holdout,hybrid,1,48,36.0929859881354
ISU_ILCC,set2_early_soh,GPR,log,protocol_holdout,hybrid,1,64,33.167538272142195
ISU_ILCC,set2_early_soh,GPR,log,protocol_holdout,hybrid,1,80,31.27020052861579
ISU_ILCC,set2_early_soh,GPR,log,protocol_holdout,hybrid,1,96,31.959143469588447
ISU_ILCC,set2_early_soh,GPR,log,protocol_holdout,hybrid,1,112,31.41395659557348
ISU_ILCC,set2_early_soh,GPR,log,protocol_holdout,hybrid,1,128,30.30848210209104
ISU_ILCC,set2_early_soh,GPR,log,protocol_holdout,hybrid,1,144,30.19582081153417
ISU_ILCC,set2_early_soh,GPR,log,protocol_holdout,hybrid,1,160,30.03940329782241
ISU_ILCC,set2_early_soh,GPR,log,protocol_holdout,hybrid,1,176,30.026410533549587
ISU_ILCC,set2_early_soh,GPR,log,protocol_holdout,hybrid,1,192,30.02626023047508
ISU_ILCC,set2_early_soh,GPR,log,protocol_holdout,hybrid,1,193,30.005704391900096
ISU_ILCC,set2_early_soh,GPR,log,protocol_holdout,hybrid,2,16,33.5745822877085
ISU_ILCC,set2_early_soh,GPR,log,protocol_holdout,hybrid,2,32,28.863395996342856
ISU_ILCC,set2_early_soh,GPR,log,protocol_holdout,hybrid,2,48,30.26222366832562
ISU_ILCC,set2_early_soh,GPR,log,protocol_holdout,hybrid,2,64,28.955693785949688
ISU_ILCC,set2_early_soh,GPR,log,protocol_holdout,hybrid,2,80,27.06437131994545
ISU_ILCC,set2_early_soh,GPR,log,protocol_holdout,hybrid,2,96,26.93211488817212
ISU_ILCC,set2_early_soh,GPR,log,protocol_holdout,hybrid,2,112,26.030144463141745
ISU_ILCC,set2_early_soh,GPR,log,protocol_holdout,hybrid,2,128,26.134980900725697
ISU_ILCC,set2_early_soh,GPR,log,protocol_holdout,hybrid,2,144,25.8901111527548
ISU_ILCC,set2_early_soh,GPR,log,protocol_holdout,hybrid,2,160,25.754807897426417
ISU_ILCC,set2_early_soh,GPR,log,protocol_holdout,hybrid,2,176,25.68189249761792
ISU_ILCC,set2_early_soh,GPR,log,protocol_holdout,hybrid,2,192,25.24703691832272
ISU_ILCC,set2_early_soh,GPR,log,protocol_holdout,hybrid,2,193,25.280473085281947
ISU_ILCC,set2_early_soh,GPR,log,protocol_holdout,hybrid,3,16,79.78535738807203
ISU_ILCC,set2_early_soh,GPR,log,protocol_holdout,hybrid,3,32,69.7950285628605
ISU_ILCC,set2_early_soh,GPR,log,protocol_holdout,hybrid,3,48,62.408602526872734
ISU_ILCC,set2_early_soh,GPR,log,protocol_holdout,hybrid,3,64,41.51063194707931
ISU_ILCC,set2_early_soh,GPR,log,protocol_holdout,hybrid,3,80,35.65511743513363
ISU_ILCC,set2_early_soh,GPR,log,protocol_holdout,hybrid,3,96,35.94216007030491
ISU_ILCC,set2_early_soh,GPR,log,protocol_holdout,hybrid,3,112,36.55459585168259
ISU_ILCC,set2_early_soh,GPR,log,protocol_holdout,hybrid,3,128,39.85811093878301
ISU_ILCC,set2_early_soh,GPR,log,protocol_holdout,hybrid,3,144,38.94612183902901
ISU_ILCC,set2_early_soh,GPR,log,protocol_holdout,hybrid,3,160,35.99041875597145
ISU_ILCC,set2_early_soh,GPR,log,protocol_holdout,hybrid,3,176,36.27925567842213
ISU_ILCC,set2_early_soh,GPR,log,protocol_holdout,hybrid,3,192,37.04037686890927
ISU_ILCC,set2_early_soh,GPR,log,protocol_holdout,hybrid,3,193,36.81422921927385
ISU_ILCC,set2_early_soh,GPR,log,protocol_holdout,hybrid,4,16,31.683176886704405
ISU_ILCC,set2_early_soh,GPR,log,protocol_holdout,hybrid,4,32,25.05447637201242
ISU_ILCC,set2_early_soh,GPR,log,protocol_holdout,hybrid,4,48,25.57040869384732
ISU_ILCC,set2_early_soh,GPR,log,protocol_holdout,hybrid,4,64,19.25272737611504
ISU_ILCC,set2_early_soh,GPR,log,protocol_holdout,hybrid,4,80,19.8413089000074
ISU_ILCC,set2_early_soh,GPR,log,protocol_holdout,hybrid,4,96,20.51250905793148
ISU_ILCC,set2_early_soh,GPR,log,protocol_holdout,hybrid,4,112,20.84756476395857
ISU_ILCC,set2_early_soh,GPR,log,protocol_holdout,hybrid,4,128,22.967270226427257
ISU_ILCC,set2_early_soh,GPR,log,protocol_holdout,hybrid,4,144,22.53398807153093
ISU_ILCC,set2_early_soh,GPR,log,protocol_holdout,hybrid,4,160,21.97511818686213
ISU_ILCC,set2_early_soh,GPR,log,protocol_holdout,hybrid,4,176,22.060804897509595
ISU_ILCC,set2_early_soh,GPR,log,protocol_holdout,hybrid,4,192,21.76577368777832
ISU_ILCC,set2_early_soh,GPR,log,protocol_holdout,hybrid,4,193,21.88094313811496
ISU_ILCC,set2_early_soh,GPR,log,protocol_holdout,hybrid,5,16,48.64072776217445
ISU_ILCC,set2_early_soh,GPR,log,protocol_holdout,hybrid,5,32,40.52322920217328
ISU_ILCC,set2_early_soh,GPR,log,protocol_holdout,hybrid,5,48,43.180765531600215
ISU_ILCC,set2_early_soh,GPR,log,protocol_holdout,hybrid,5,64,42.60784570083078
ISU_ILCC,set2_early_soh,GPR,log,protocol_holdout,hybrid,5,80,37.18039821917534
ISU_ILCC,set2_early_soh,GPR,log,protocol_holdout,hybrid,5,96,37.541479430561495
ISU_ILCC,set2_early_soh,GPR,log,protocol_holdout,hybrid,5,112,36.62214096055293
ISU_ILCC,set2_early_soh,GPR,log,protocol_holdout,hybrid,5,128,35.00548714461749
ISU_ILCC,set2_early_soh,GPR,log,protocol_holdout,hybrid,5,144,34.86338447100753
ISU_ILCC,set2_early_soh,GPR,log,protocol_holdout,hybrid,5,160,34.98510520447462
ISU_ILCC,set2_early_soh,GPR,log,protocol_holdout,hybrid,5,176,34.88248335010092
ISU_ILCC,set2_early_soh,GPR,log,protocol_holdout,hybrid,5,192,34.75516759424433
ISU_ILCC,set2_early_soh,GPR,log,protocol_holdout,hybrid,5,193,34.846500827823405
ISU_ILCC,set2_early_soh,GPR,log,protocol_holdout,hybrid,6,16,37.56606706682922
ISU_ILCC,set2_early_soh,GPR,log,protocol_holdout,hybrid,6,32,32.27420015584642
ISU_ILCC,set2_early_soh,GPR,log,protocol_holdout,hybrid,6,48,33.79975954001024
ISU_ILCC,set2_early_soh,GPR,log,protocol_holdout,hybrid,6,64,34.39630355151869
ISU_ILCC,set2_early_soh,GPR,log,protocol_holdout,hybrid,6,80,33.794465963364715
ISU_ILCC,set2_early_soh,GPR,log,protocol_holdout,hybrid,6,96,32.92308319699688
ISU_ILCC,set2_early_soh,GPR,log,protocol_holdout,hybrid,6,112,32.4930502987323
ISU_ILCC,set2_early_soh,GPR,log,protocol_holdout,hybrid,6,128,32.68528266316067
ISU_ILCC,set2_early_soh,GPR,log,protocol_holdout,hybrid,6,144,32.78669675595979
ISU_ILCC,set2_early_soh,GPR,log,protocol_holdout,hybrid,6,160,33.09470329460096
ISU_ILCC,set2_early_soh,GPR,log,protocol_holdout,hybrid,6,176,33.21243574346605
ISU_ILCC,set2_early_soh,GPR,log,protocol_holdout,hybrid,6,192,33.09519958624496
ISU_ILCC,set2_early_soh,GPR,log,protocol_holdout,hybrid,6,193,33.098674435492434
ISU_ILCC,set2_early_soh,GPR,log,protocol_holdout,hybrid,7,16,44.97005436687469
ISU_ILCC,set2_early_soh,GPR,log,protocol_holdout,hybrid,7,32,44.47738624917652
ISU_ILCC,set2_early_soh,GPR,log,protocol_holdout,hybrid,7,48,38.25237509471559
ISU_ILCC,set2_early_soh,GPR,log,protocol_holdout,hybrid,7,64,42.53170359088843
ISU_ILCC,set2_early_soh,GPR,log,protocol_holdout,hybrid,7,80,39.33388691374344
ISU_ILCC,set2_early_soh,GPR,log,protocol_holdout,hybrid,7,96,40.13681389762616
ISU_ILCC,set2_early_soh,GPR,log,protocol_holdout,hybrid,7,112,40.05451156271007
ISU_ILCC,set2_early_soh,GPR,log,protocol_holdout,hybrid,7,128,38.31148171115646
ISU_ILCC,set2_early_soh,GPR,log,protocol_holdout,hybrid,7,144,37.719968452516575
ISU_ILCC,set2_early_soh,GPR,log,protocol_holdout,hybrid,7,160,37.57169304661876
ISU_ILCC,set2_early_soh,GPR,log,protocol_holdout,hybrid,7,176,37.21457830411696
ISU_ILCC,set2_early_soh,GPR,log,protocol_holdout,hybrid,7,192,36.92915163895098
ISU_ILCC,set2_early_soh,GPR,log,protocol_holdout,hybrid,7,193,36.84886955874476
ISU_ILCC,set2_early_soh,GPR,log,protocol_holdout,hybrid,8,16,99.82575029485224
ISU_ILCC,set2_early_soh,GPR,log,protocol_holdout,hybrid,8,32,61.17318731639487
ISU_ILCC,set2_early_soh,GPR,log,protocol_holdout,hybrid,8,48,48.33636927933498
ISU_ILCC,set2_early_soh,GPR,log,protocol_holdout,hybrid,8,64,51.32464726017084
ISU_ILCC,set2_early_soh,GPR,log,protocol_holdout,hybrid,8,80,47.954422899204
ISU_ILCC,set2_early_soh,GPR,log,protocol_holdout,hybrid,8,96,46.74611042792278
ISU_ILCC,set2_early_soh,GPR,log,protocol_holdout,hybrid,8,112,46.29083243147984
ISU_ILCC,set2_early_soh,GPR,log,protocol_holdout,hybrid,8,128,43.58318360944693
ISU_ILCC,set2_early_soh,GPR,log,protocol_holdout,hybrid,8,144,43.116580060936194
ISU_ILCC,set2_early_soh,GPR,log,protocol_holdout,hybrid,8,160,42.76348090822288
ISU_ILCC,set2_early_soh,GPR,log,protocol_holdout,hybrid,8,176,41.79608766119468
ISU_ILCC,set2_early_soh,GPR,log,protocol_holdout,hybrid,8,192,41.79779743602069
ISU_ILCC,set2_early_soh,GPR,log,protocol_holdout,hybrid,8,193,41.45117194247308
ISU_ILCC,set2_early_soh,GPR,log,protocol_holdout,hybrid,9,16,38.85633986322293
ISU_ILCC,set2_early_soh,GPR,log,protocol_holdout,hybrid,9,32,34.957544941335065
ISU_ILCC,set2_early_soh,GPR,log,protocol_holdout,hybrid,9,48,37.92287706195061
ISU_ILCC,set2_early_soh,GPR,log,protocol_holdout,hybrid,9,64,37.04924980895533
ISU_ILCC,set2_early_soh,GPR,log,protocol_holdout,hybrid,9,80,36.07813032169005
ISU_ILCC,set2_early_soh,GPR,log,protocol_holdout,hybrid,9,96,36.43109618207468
ISU_ILCC,set2_early_soh,GPR,log,protocol_holdout,hybrid,9,112,35.71901075546493
ISU_ILCC,set2_early_soh,GPR,log,protocol_holdout,hybrid,9,128,35.41946753634224
ISU_ILCC,set2_early_soh,GPR,log,protocol_holdout,hybrid,9,144,35.059334929113966
ISU_ILCC,set2_early_soh,GPR,log,protocol_holdout,hybrid,9,160,35.197277033154755
ISU_ILCC,set2_early_soh,GPR,log,protocol_holdout,hybrid,9,176,34.94974253351122
ISU_ILCC,set2_early_soh,GPR,log,protocol_holdout,hybrid,9,192,35.15402814471009
ISU_ILCC,set2_early_soh,GPR,log,protocol_holdout,hybrid,9,193,35.257131247957055
ISU_ILCC,set2_early_soh,GPR,log,protocol_holdout,hybrid,10,16,41.45466022531459
ISU_ILCC,set2_early_soh,GPR,log,protocol_holdout,hybrid,10,32,33.228820128421546
ISU_ILCC,set2_early_soh,GPR,log,protocol_holdout,hybrid,10,48,33.95932913250706
ISU_ILCC,set2_early_soh,GPR,log,protocol_holdout,hybrid,10,64,33.51101664229944
ISU_ILCC,set2_early_soh,GPR,log,protocol_holdout,hybrid,10,80,32.38828539067079
ISU_ILCC,set2_early_soh,GPR,log,protocol_holdout,hybrid,10,96,31.992015531267263
ISU_ILCC,set2_early_soh,GPR,log,protocol_holdout,hybrid,10,112,31.55523736048243
ISU_ILCC,set2_early_soh,GPR,log,protocol_holdout,hybrid,10,128,32.32655781130905
ISU_ILCC,set2_early_soh,GPR,log,protocol_holdout,hybrid,10,144,32.043581942769386
ISU_ILCC,set2_early_soh,GPR,log,protocol_holdout,hybrid,10,160,32.54997923424036
ISU_ILCC,set2_early_soh,GPR,log,protocol_holdout,hybrid,10,176,32.13161516247842
ISU_ILCC,set2_early_soh,GPR,log,protocol_holdout,hybrid,10,192,32.049697679761586
ISU_ILCC,set2_early_soh,GPR,log,protocol_holdout,hybrid,10,193,32.15602305797355
LSD_Primary,set2_early_soh,GPR,log,protocol_holdout,random_selection,1,6,103.28070366773056
LSD_Primary,set2_early_soh,GPR,log,protocol_holdout,random_selection,1,12,117.02231605507826
LSD_Primary,set2_early_soh,GPR,log,protocol_holdout,random_selection,1,18,53.19290976271613
LSD_Primary,set2_early_soh,GPR,log,protocol_holdout,random_selection,1,24,48.20893211504943
LSD_Primary,set2_early_soh,GPR,log,protocol_holdout,random_selection,1,30,42.0827045766663
LSD_Primary,set2_early_soh,GPR,log,protocol_holdout,random_selection,1,36,35.504798122789985
LSD_Primary,set2_early_soh,GPR,log,protocol_holdout,random_selection,1,42,42.3092872763397
LSD_Primary,set2_early_soh,GPR,log,protocol_holdout,random_selection,1,48,43.468337580309296
LSD_Primary,set2_early_soh,GPR,log,protocol_holdout,random_selection,1,54,34.20233938788451
LSD_Primary,set2_early_soh,GPR,log,protocol_holdout,random_selection,1,58,35.30526758302657
LSD_Primary,set2_early_soh,GPR,log,protocol_holdout,random_selection,2,6,56.27633493515166
LSD_Primary,set2_early_soh,GPR,log,protocol_holdout,random_selection,2,12,40.246665283687946
LSD_Primary,set2_early_soh,GPR,log,protocol_holdout,random_selection,2,18,41.21751765203447
LSD_Primary,set2_early_soh,GPR,log,protocol_holdout,random_selection,2,24,40.7537768472313
LSD_Primary,set2_early_soh,GPR,log,protocol_holdout,random_selection,2,30,34.87635386894966
LSD_Primary,set2_early_soh,GPR,log,protocol_holdout,random_selection,2,36,33.45453709475779
LSD_Primary,set2_early_soh,GPR,log,protocol_holdout,random_selection,2,42,31.681034893423423
LSD_Primary,set2_early_soh,GPR,log,protocol_holdout,random_selection,2,48,32.59567215483061
LSD_Primary,set2_early_soh,GPR,log,protocol_holdout,random_selection,2,54,33.1328475027882
LSD_Primary,set2_early_soh,GPR,log,protocol_holdout,random_selection,2,58,34.13854491975978
LSD_Primary,set2_early_soh,GPR,log,protocol_holdout,random_selection,3,6,32.707754311731065
LSD_Primary,set2_early_soh,GPR,log,protocol_holdout,random_selection,3,12,33.03055847953363
LSD_Primary,set2_early_soh,GPR,log,protocol_holdout,random_selection,3,18,40.984532489926
LSD_Primary,set2_early_soh,GPR,log,protocol_holdout,random_selection,3,24,40.83421495556842
LSD_Primary,set2_early_soh,GPR,log,protocol_holdout,random_selection,3,30,38.11580782523619
LSD_Primary,set2_early_soh,GPR,log,protocol_holdout,random_selection,3,36,35.91281967839452
LSD_Primary,set2_early_soh,GPR,log,protocol_holdout,random_selection,3,42,39.86448681204824
LSD_Primary,set2_early_soh,GPR,log,protocol_holdout,random_selection,3,48,43.06460256803658
LSD_Primary,set2_early_soh,GPR,log,protocol_holdout,random_selection,3,54,44.22830770080186
LSD_Primary,set2_early_soh,GPR,log,protocol_holdout,random_selection,3,58,48.034353739081766
LSD_Primary,set2_early_soh,GPR,log,protocol_holdout,random_selection,4,6,91.04788343783451
LSD_Primary,set2_early_soh,GPR,log,protocol_holdout,random_selection,4,12,79.63743986155244
LSD_Primary,set2_early_soh,GPR,log,protocol_holdout,random_selection,4,18,43.59451060168188
LSD_Primary,set2_early_soh,GPR,log,protocol_holdout,random_selection,4,24,46.06272760848846
LSD_Primary,set2_early_soh,GPR,log,protocol_holdout,random_selection,4,30,45.49247982799832
LSD_Primary,set2_early_soh,GPR,log,protocol_holdout,random_selection,4,36,47.69554085782151
LSD_Primary,set2_early_soh,GPR,log,protocol_holdout,random_selection,4,42,47.53319436707476
LSD_Primary,set2_early_soh,GPR,log,protocol_holdout,random_selection,4,48,47.46428306696141
LSD_Primary,set2_early_soh,GPR,log,protocol_holdout,random_selection,4,54,47.05093379971002
LSD_Primary,set2_early_soh,GPR,log,protocol_holdout,random_selection,4,58,46.013375990176215
LSD_Primary,set2_early_soh,GPR,log,protocol_holdout,random_selection,5,6,84.50193561583028
LSD_Primary,set2_early_soh,GPR,log,protocol_holdout,random_selection,5,12,145.82815408739506
LSD_Primary,set2_early_soh,GPR,log,protocol_holdout,random_selection,5,18,118.37411821334744
LSD_Primary,set2_early_soh,GPR,log,protocol_holdout,random_selection,5,24,113.32371184581926
LSD_Primary,set2_early_soh,GPR,log,protocol_holdout,random_selection,5,30,117.8985821073225
LSD_Primary,set2_early_soh,GPR,log,protocol_holdout,random_selection,5,36,69.23471654542683
LSD_Primary,set2_early_soh,GPR,log,protocol_holdout,random_selection,5,42,96.06308129537454
LSD_Primary,set2_early_soh,GPR,log,protocol_holdout,random_selection,5,48,40.6449227122629
LSD_Primary,set2_early_soh,GPR,log,protocol_holdout,random_selection,5,54,37.55623599251622
LSD_Primary,set2_early_soh,GPR,log,protocol_holdout,random_selection,5,58,38.2694711578526
LSD_Primary,set2_early_soh,GPR,log,protocol_holdout,random_selection,6,6,103.19891840767286
LSD_Primary,set2_early_soh,GPR,log,protocol_holdout,random_selection,6,12,109.4397629418881
LSD_Primary,set2_early_soh,GPR,log,protocol_holdout,random_selection,6,18,30.52244562976479
LSD_Primary,set2_early_soh,GPR,log,protocol_holdout,random_selection,6,24,39.53748158143903
LSD_Primary,set2_early_soh,GPR,log,protocol_holdout,random_selection,6,30,32.5806717162289
LSD_Primary,set2_early_soh,GPR,log,protocol_holdout,random_selection,6,36,25.527036289479337
LSD_Primary,set2_early_soh,GPR,log,protocol_holdout,random_selection,6,42,27.59041602168899
LSD_Primary,set2_early_soh,GPR,log,protocol_holdout,random_selection,6,48,27.64536303502768
LSD_Primary,set2_early_soh,GPR,log,protocol_holdout,random_selection,6,54,27.47626167874519
LSD_Primary,set2_early_soh,GPR,log,protocol_holdout,random_selection,6,58,29.125752840149875
LSD_Primary,set2_early_soh,GPR,log,protocol_holdout,random_selection,7,6,119.30761588384593
LSD_Primary,set2_early_soh,GPR,log,protocol_holdout,random_selection,7,12,96.5406926997915
LSD_Primary,set2_early_soh,GPR,log,protocol_holdout,random_selection,7,18,80.34700662561117
LSD_Primary,set2_early_soh,GPR,log,protocol_holdout,random_selection,7,24,91.43263497518129
LSD_Primary,set2_early_soh,GPR,log,protocol_holdout,random_selection,7,30,82.8360497096408
LSD_Primary,set2_early_soh,GPR,log,protocol_holdout,random_selection,7,36,43.442605833154886
LSD_Primary,set2_early_soh,GPR,log,protocol_holdout,random_selection,7,42,40.678433889267374
LSD_Primary,set2_early_soh,GPR,log,protocol_holdout,random_selection,7,48,39.62346685662876
LSD_Primary,set2_early_soh,GPR,log,protocol_holdout,random_selection,7,54,37.59899632991959
LSD_Primary,set2_early_soh,GPR,log,protocol_holdout,random_selection,7,58,34.99586924946012
LSD_Primary,set2_early_soh,GPR,log,protocol_holdout,random_selection,8,6,218.90976707238963
LSD_Primary,set2_early_soh,GPR,log,protocol_holdout,random_selection,8,12,229.6821309122481
LSD_Primary,set2_early_soh,GPR,log,protocol_holdout,random_selection,8,18,238.75114215737528
LSD_Primary,set2_early_soh,GPR,log,protocol_holdout,random_selection,8,24,152.56458763423333
LSD_Primary,set2_early_soh,GPR,log,protocol_holdout,random_selection,8,30,161.48598255500204
LSD_Primary,set2_early_soh,GPR,log,protocol_holdout,random_selection,8,36,62.023669171597895
LSD_Primary,set2_early_soh,GPR,log,protocol_holdout,random_selection,8,42,71.22400398733235
LSD_Primary,set2_early_soh,GPR,log,protocol_holdout,random_selection,8,48,67.97408957269616
LSD_Primary,set2_early_soh,GPR,log,protocol_holdout,random_selection,8,54,60.96906239750884
LSD_Primary,set2_early_soh,GPR,log,protocol_holdout,random_selection,8,58,59.78991492376594
LSD_Primary,set2_early_soh,GPR,log,protocol_holdout,random_selection,9,6,40.25448640933823
LSD_Primary,set2_early_soh,GPR,log,protocol_holdout,random_selection,9,12,59.02698951395303
LSD_Primary,set2_early_soh,GPR,log,protocol_holdout,random_selection,9,18,46.64922949524824
LSD_Primary,set2_early_soh,GPR,log,protocol_holdout,random_selection,9,24,49.878517469368624
LSD_Primary,set2_early_soh,GPR,log,protocol_holdout,random_selection,9,30,43.20090128742562
LSD_Primary,set2_early_soh,GPR,log,protocol_holdout,random_selection,9,36,42.56363529648326
LSD_Primary,set2_early_soh,GPR,log,protocol_holdout,random_selection,9,42,47.26402178369909
LSD_Primary,set2_early_soh,GPR,log,protocol_holdout,random_selection,9,48,44.211353558876255
LSD_Primary,set2_early_soh,GPR,log,protocol_holdout,random_selection,9,54,43.19681833880636
LSD_Primary,set2_early_soh,GPR,log,protocol_holdout,random_selection,9,58,36.53055509643341
LSD_Primary,set2_early_soh,GPR,log,protocol_holdout,random_selection,10,6,95.45451884367378
LSD_Primary,set2_early_soh,GPR,log,protocol_holdout,random_selection,10,12,152.578767289519
LSD_Primary,set2_early_soh,GPR,log,protocol_holdout,random_selection,10,18,177.21022854561846
LSD_Primary,set2_early_soh,GPR,log,protocol_holdout,random_selection,10,24,193.9654083468572
LSD_Primary,set2_early_soh,GPR,log,protocol_holdout,random_selection,10,30,185.81344460158869
LSD_Primary,set2_early_soh,GPR,log,protocol_holdout,random_selection,10,36,29.33326157374388
LSD_Primary,set2_early_soh,GPR,log,protocol_holdout,random_selection,10,42,39.73992046225506
LSD_Primary,set2_early_soh,GPR,log,protocol_holdout,random_selection,10,48,32.2599268281816
LSD_Primary,set2_early_soh,GPR,log,protocol_holdout,random_selection,10,54,33.54405210427004
LSD_Primary,set2_early_soh,GPR,log,protocol_holdout,random_selection,10,58,33.67322477783964
LSD_Primary,set2_early_soh,GPR,log,protocol_holdout,diversity_oneshot,1,6,61.75132856709696
LSD_Primary,set2_early_soh,GPR,log,protocol_holdout,diversity_oneshot,1,12,72.04311455363825
LSD_Primary,set2_early_soh,GPR,log,protocol_holdout,diversity_oneshot,1,18,58.6271940817132
LSD_Primary,set2_early_soh,GPR,log,protocol_holdout,diversity_oneshot,1,24,34.68310678607312
LSD_Primary,set2_early_soh,GPR,log,protocol_holdout,diversity_oneshot,1,30,36.080633307554834
LSD_Primary,set2_early_soh,GPR,log,protocol_holdout,diversity_oneshot,1,36,39.37791804421376
LSD_Primary,set2_early_soh,GPR,log,protocol_holdout,diversity_oneshot,1,42,34.81887370140791
LSD_Primary,set2_early_soh,GPR,log,protocol_holdout,diversity_oneshot,1,48,36.08302534498169
LSD_Primary,set2_early_soh,GPR,log,protocol_holdout,diversity_oneshot,1,54,35.484443974363984
LSD_Primary,set2_early_soh,GPR,log,protocol_holdout,diversity_oneshot,1,58,35.30526758302657
LSD_Primary,set2_early_soh,GPR,log,protocol_holdout,diversity_oneshot,2,6,41.12755992786618
LSD_Primary,set2_early_soh,GPR,log,protocol_holdout,diversity_oneshot,2,12,40.85200404768518
LSD_Primary,set2_early_soh,GPR,log,protocol_holdout,diversity_oneshot,2,18,41.967782515441215
LSD_Primary,set2_early_soh,GPR,log,protocol_holdout,diversity_oneshot,2,24,31.394673292623924
LSD_Primary,set2_early_soh,GPR,log,protocol_holdout,diversity_oneshot,2,30,40.84491160371734
LSD_Primary,set2_early_soh,GPR,log,protocol_holdout,diversity_oneshot,2,36,36.873901146810965
LSD_Primary,set2_early_soh,GPR,log,protocol_holdout,diversity_oneshot,2,42,35.37139372023306
LSD_Primary,set2_early_soh,GPR,log,protocol_holdout,diversity_oneshot,2,48,35.050192941194155
LSD_Primary,set2_early_soh,GPR,log,protocol_holdout,diversity_oneshot,2,54,33.56923864210859
LSD_Primary,set2_early_soh,GPR,log,protocol_holdout,diversity_oneshot,2,58,34.13854491975978
LSD_Primary,set2_early_soh,GPR,log,protocol_holdout,diversity_oneshot,3,6,28.623467356183607
LSD_Primary,set2_early_soh,GPR,log,protocol_holdout,diversity_oneshot,3,12,51.63884708843851
LSD_Primary,set2_early_soh,GPR,log,protocol_holdout,diversity_oneshot,3,18,39.529281148725765
LSD_Primary,set2_early_soh,GPR,log,protocol_holdout,diversity_oneshot,3,24,35.38122389577654
LSD_Primary,set2_early_soh,GPR,log,protocol_holdout,diversity_oneshot,3,30,32.266034570395256
LSD_Primary,set2_early_soh,GPR,log,protocol_holdout,diversity_oneshot,3,36,41.63629594471753
LSD_Primary,set2_early_soh,GPR,log,protocol_holdout,diversity_oneshot,3,42,45.28285516961284
LSD_Primary,set2_early_soh,GPR,log,protocol_holdout,diversity_oneshot,3,48,50.38518429683001
LSD_Primary,set2_early_soh,GPR,log,protocol_holdout,diversity_oneshot,3,54,52.29613811464683
LSD_Primary,set2_early_soh,GPR,log,protocol_holdout,diversity_oneshot,3,58,48.034353739081766
LSD_Primary,set2_early_soh,GPR,log,protocol_holdout,diversity_oneshot,4,6,77.51495327565955
LSD_Primary,set2_early_soh,GPR,log,protocol_holdout,diversity_oneshot,4,12,57.11518766492484
LSD_Primary,set2_early_soh,GPR,log,protocol_holdout,diversity_oneshot,4,18,47.87185933467082
LSD_Primary,set2_early_soh,GPR,log,protocol_holdout,diversity_oneshot,4,24,46.07806071310824
LSD_Primary,set2_early_soh,GPR,log,protocol_holdout,diversity_oneshot,4,30,46.72063067780741
LSD_Primary,set2_early_soh,GPR,log,protocol_holdout,diversity_oneshot,4,36,48.246022488874985
LSD_Primary,set2_early_soh,GPR,log,protocol_holdout,diversity_oneshot,4,42,46.89384854498124
LSD_Primary,set2_early_soh,GPR,log,protocol_holdout,diversity_oneshot,4,48,45.51064444537256
LSD_Primary,set2_early_soh,GPR,log,protocol_holdout,diversity_oneshot,4,54,46.121104483845535
LSD_Primary,set2_early_soh,GPR,log,protocol_holdout,diversity_oneshot,4,58,46.013375990176215
LSD_Primary,set2_early_soh,GPR,log,protocol_holdout,diversity_oneshot,5,6,81.29336349195808
LSD_Primary,set2_early_soh,GPR,log,protocol_holdout,diversity_oneshot,5,12,42.30155037596148
LSD_Primary,set2_early_soh,GPR,log,protocol_holdout,diversity_oneshot,5,18,33.099278349374565
LSD_Primary,set2_early_soh,GPR,log,protocol_holdout,diversity_oneshot,5,24,35.44098038569625
LSD_Primary,set2_early_soh,GPR,log,protocol_holdout,diversity_oneshot,5,30,36.74253054974544
LSD_Primary,set2_early_soh,GPR,log,protocol_holdout,diversity_oneshot,5,36,35.492246619318415
LSD_Primary,set2_early_soh,GPR,log,protocol_holdout,diversity_oneshot,5,42,59.98880585324064
LSD_Primary,set2_early_soh,GPR,log,protocol_holdout,diversity_oneshot,5,48,57.46772674750065
LSD_Primary,set2_early_soh,GPR,log,protocol_holdout,diversity_oneshot,5,54,38.57448390816953
LSD_Primary,set2_early_soh,GPR,log,protocol_holdout,diversity_oneshot,5,58,38.2694711578526
LSD_Primary,set2_early_soh,GPR,log,protocol_holdout,diversity_oneshot,6,6,20.583333186525014
LSD_Primary,set2_early_soh,GPR,log,protocol_holdout,diversity_oneshot,6,12,25.612468398683387
LSD_Primary,set2_early_soh,GPR,log,protocol_holdout,diversity_oneshot,6,18,27.48315214219384
LSD_Primary,set2_early_soh,GPR,log,protocol_holdout,diversity_oneshot,6,24,25.01861033692024
LSD_Primary,set2_early_soh,GPR,log,protocol_holdout,diversity_oneshot,6,30,26.92494531261755
LSD_Primary,set2_early_soh,GPR,log,protocol_holdout,diversity_oneshot,6,36,25.400156530323464
LSD_Primary,set2_early_soh,GPR,log,protocol_holdout,diversity_oneshot,6,42,24.946424824358225
LSD_Primary,set2_early_soh,GPR,log,protocol_holdout,diversity_oneshot,6,48,26.827022960974467
LSD_Primary,set2_early_soh,GPR,log,protocol_holdout,diversity_oneshot,6,54,28.71006723272338
LSD_Primary,set2_early_soh,GPR,log,protocol_holdout,diversity_oneshot,6,58,29.125752840149875
LSD_Primary,set2_early_soh,GPR,log,protocol_holdout,diversity_oneshot,7,6,77.3909520423523
LSD_Primary,set2_early_soh,GPR,log,protocol_holdout,diversity_oneshot,7,12,49.17993885058653
LSD_Primary,set2_early_soh,GPR,log,protocol_holdout,diversity_oneshot,7,18,52.98071581064293
LSD_Primary,set2_early_soh,GPR,log,protocol_holdout,diversity_oneshot,7,24,29.02668309668745
LSD_Primary,set2_early_soh,GPR,log,protocol_holdout,diversity_oneshot,7,30,38.887021827821066
LSD_Primary,set2_early_soh,GPR,log,protocol_holdout,diversity_oneshot,7,36,42.39680121069509
LSD_Primary,set2_early_soh,GPR,log,protocol_holdout,diversity_oneshot,7,42,40.51177277712195
LSD_Primary,set2_early_soh,GPR,log,protocol_holdout,diversity_oneshot,7,48,34.59139232573627
LSD_Primary,set2_early_soh,GPR,log,protocol_holdout,diversity_oneshot,7,54,35.02890891623252
LSD_Primary,set2_early_soh,GPR,log,protocol_holdout,diversity_oneshot,7,58,34.99586924946012
LSD_Primary,set2_early_soh,GPR,log,protocol_holdout,diversity_oneshot,8,6,83.14330549658588
LSD_Primary,set2_early_soh,GPR,log,protocol_holdout,diversity_oneshot,8,12,36.95885530595477
LSD_Primary,set2_early_soh,GPR,log,protocol_holdout,diversity_oneshot,8,18,55.58760746691124
LSD_Primary,set2_early_soh,GPR,log,protocol_holdout,diversity_oneshot,8,24,33.64829695594992
LSD_Primary,set2_early_soh,GPR,log,protocol_holdout,diversity_oneshot,8,30,41.70844870931487
LSD_Primary,set2_early_soh,GPR,log,protocol_holdout,diversity_oneshot,8,36,59.77143436646617
LSD_Primary,set2_early_soh,GPR,log,protocol_holdout,diversity_oneshot,8,42,63.54029876762367
LSD_Primary,set2_early_soh,GPR,log,protocol_holdout,diversity_oneshot,8,48,71.01780506759496
LSD_Primary,set2_early_soh,GPR,log,protocol_holdout,diversity_oneshot,8,54,64.73553984313327
LSD_Primary,set2_early_soh,GPR,log,protocol_holdout,diversity_oneshot,8,58,59.78991492376594
LSD_Primary,set2_early_soh,GPR,log,protocol_holdout,diversity_oneshot,9,6,31.80694690310844
LSD_Primary,set2_early_soh,GPR,log,protocol_holdout,diversity_oneshot,9,12,20.953228396794746
LSD_Primary,set2_early_soh,GPR,log,protocol_holdout,diversity_oneshot,9,18,27.86285162525682
LSD_Primary,set2_early_soh,GPR,log,protocol_holdout,diversity_oneshot,9,24,27.46695323722096
LSD_Primary,set2_early_soh,GPR,log,protocol_holdout,diversity_oneshot,9,30,35.37740892522996
LSD_Primary,set2_early_soh,GPR,log,protocol_holdout,diversity_oneshot,9,36,35.75727755949928
LSD_Primary,set2_early_soh,GPR,log,protocol_holdout,diversity_oneshot,9,42,42.58920887409415
LSD_Primary,set2_early_soh,GPR,log,protocol_holdout,diversity_oneshot,9,48,44.100779002138914
LSD_Primary,set2_early_soh,GPR,log,protocol_holdout,diversity_oneshot,9,54,40.07075670047048
LSD_Primary,set2_early_soh,GPR,log,protocol_holdout,diversity_oneshot,9,58,36.53055509643341
LSD_Primary,set2_early_soh,GPR,log,protocol_holdout,diversity_oneshot,10,6,56.51721536674492
LSD_Primary,set2_early_soh,GPR,log,protocol_holdout,diversity_oneshot,10,12,46.064547519086965
LSD_Primary,set2_early_soh,GPR,log,protocol_holdout,diversity_oneshot,10,18,28.9067048733154
LSD_Primary,set2_early_soh,GPR,log,protocol_holdout,diversity_oneshot,10,24,31.100015549281107
LSD_Primary,set2_early_soh,GPR,log,protocol_holdout,diversity_oneshot,10,30,31.86107383861546
LSD_Primary,set2_early_soh,GPR,log,protocol_holdout,diversity_oneshot,10,36,32.87755599657275
LSD_Primary,set2_early_soh,GPR,log,protocol_holdout,diversity_oneshot,10,42,33.98648587725129
LSD_Primary,set2_early_soh,GPR,log,protocol_holdout,diversity_oneshot,10,48,33.71139036048199
LSD_Primary,set2_early_soh,GPR,log,protocol_holdout,diversity_oneshot,10,54,34.20504917736111
LSD_Primary,set2_early_soh,GPR,log,protocol_holdout,diversity_oneshot,10,58,33.67322477783964
LSD_Primary,set2_early_soh,GPR,log,protocol_holdout,diversity_iterative,1,6,61.75132856709696
LSD_Primary,set2_early_soh,GPR,log,protocol_holdout,diversity_iterative,1,12,85.66806214658385
LSD_Primary,set2_early_soh,GPR,log,protocol_holdout,diversity_iterative,1,18,41.69621790629199
LSD_Primary,set2_early_soh,GPR,log,protocol_holdout,diversity_iterative,1,24,30.984428110809915
LSD_Primary,set2_early_soh,GPR,log,protocol_holdout,diversity_iterative,1,30,35.886165319033566
LSD_Primary,set2_early_soh,GPR,log,protocol_holdout,diversity_iterative,1,36,33.94201253961915
LSD_Primary,set2_early_soh,GPR,log,protocol_holdout,diversity_iterative,1,42,34.74751061525077
LSD_Primary,set2_early_soh,GPR,log,protocol_holdout,diversity_iterative,1,48,41.72725325776671
LSD_Primary,set2_early_soh,GPR,log,protocol_holdout,diversity_iterative,1,54,43.58818400311426
LSD_Primary,set2_early_soh,GPR,log,protocol_holdout,diversity_iterative,1,58,35.30526758302657
LSD_Primary,set2_early_soh,GPR,log,protocol_holdout,diversity_iterative,2,6,41.12755992786618
LSD_Primary,set2_early_soh,GPR,log,protocol_holdout,diversity_iterative,2,12,32.57431028163946
LSD_Primary,set2_early_soh,GPR,log,protocol_holdout,diversity_iterative,2,18,34.34166708905097
LSD_Primary,set2_early_soh,GPR,log,protocol_holdout,diversity_iterative,2,24,36.94422912332719
LSD_Primary,set2_early_soh,GPR,log,protocol_holdout,diversity_iterative,2,30,32.796755117892694
LSD_Primary,set2_early_soh,GPR,log,protocol_holdout,diversity_iterative,2,36,33.249729392680194
LSD_Primary,set2_early_soh,GPR,log,protocol_holdout,diversity_iterative,2,42,33.46385596465321
LSD_Primary,set2_early_soh,GPR,log,protocol_holdout,diversity_iterative,2,48,32.27861168934628
LSD_Primary,set2_early_soh,GPR,log,protocol_holdout,diversity_iterative,2,54,33.965398496220004
LSD_Primary,set2_early_soh,GPR,log,protocol_holdout,diversity_iterative,2,58,34.13854491975978
LSD_Primary,set2_early_soh,GPR,log,protocol_holdout,diversity_iterative,3,6,28.623467356183607
LSD_Primary,set2_early_soh,GPR,log,protocol_holdout,diversity_iterative,3,12,40.17678134807401
LSD_Primary,set2_early_soh,GPR,log,protocol_holdout,diversity_iterative,3,18,32.57139940309643
LSD_Primary,set2_early_soh,GPR,log,protocol_holdout,diversity_iterative,3,24,36.36723267780225
LSD_Primary,set2_early_soh,GPR,log,protocol_holdout,diversity_iterative,3,30,43.52073019832213
LSD_Primary,set2_early_soh,GPR,log,protocol_holdout,diversity_iterative,3,36,46.39820914167597
LSD_Primary,set2_early_soh,GPR,log,protocol_holdout,diversity_iterative,3,42,45.37653929243591
LSD_Primary,set2_early_soh,GPR,log,protocol_holdout,diversity_iterative,3,48,47.57300309918065
LSD_Primary,set2_early_soh,GPR,log,protocol_holdout,diversity_iterative,3,54,46.64841381735012
LSD_Primary,set2_early_soh,GPR,log,protocol_holdout,diversity_iterative,3,58,48.034353739081766
LSD_Primary,set2_early_soh,GPR,log,protocol_holdout,diversity_iterative,4,6,77.51495327565955
LSD_Primary,set2_early_soh,GPR,log,protocol_holdout,diversity_iterative,4,12,52.78934007281716
LSD_Primary,set2_early_soh,GPR,log,protocol_holdout,diversity_iterative,4,18,48.11154716335582
LSD_Primary,set2_early_soh,GPR,log,protocol_holdout,diversity_iterative,4,24,47.09474954086282
LSD_Primary,set2_early_soh,GPR,log,protocol_holdout,diversity_iterative,4,30,44.9948837647846
LSD_Primary,set2_early_soh,GPR,log,protocol_holdout,diversity_iterative,4,36,44.79720605898443
LSD_Primary,set2_early_soh,GPR,log,protocol_holdout,diversity_iterative,4,42,44.16313417098318
LSD_Primary,set2_early_soh,GPR,log,protocol_holdout,diversity_iterative,4,48,44.03666027597359
LSD_Primary,set2_early_soh,GPR,log,protocol_holdout,diversity_iterative,4,54,43.02578031331804
LSD_Primary,set2_early_soh,GPR,log,protocol_holdout,diversity_iterative,4,58,46.013375990176215
LSD_Primary,set2_early_soh,GPR,log,protocol_holdout,diversity_iterative,5,6,81.29336349195808
LSD_Primary,set2_early_soh,GPR,log,protocol_holdout,diversity_iterative,5,12,80.88202146501325
LSD_Primary,set2_early_soh,GPR,log,protocol_holdout,diversity_iterative,5,18,39.9505368181816
LSD_Primary,set2_early_soh,GPR,log,protocol_holdout,diversity_iterative,5,24,40.1937383613342
LSD_Primary,set2_early_soh,GPR,log,protocol_holdout,diversity_iterative,5,30,41.047720423619566
LSD_Primary,set2_early_soh,GPR,log,protocol_holdout,diversity_iterative,5,36,40.03459522270829
LSD_Primary,set2_early_soh,GPR,log,protocol_holdout,diversity_iterative,5,42,40.16837036802825
LSD_Primary,set2_early_soh,GPR,log,protocol_holdout,diversity_iterative,5,48,38.21965932361015
LSD_Primary,set2_early_soh,GPR,log,protocol_holdout,diversity_iterative,5,54,38.30958729126241
LSD_Primary,set2_early_soh,GPR,log,protocol_holdout,diversity_iterative,5,58,38.2694711578526
LSD_Primary,set2_early_soh,GPR,log,protocol_holdout,diversity_iterative,6,6,20.583333186525014
LSD_Primary,set2_early_soh,GPR,log,protocol_holdout,diversity_iterative,6,12,36.18389676839072
LSD_Primary,set2_early_soh,GPR,log,protocol_holdout,diversity_iterative,6,18,23.0557960557261
LSD_Primary,set2_early_soh,GPR,log,protocol_holdout,diversity_iterative,6,24,23.2114889589436
LSD_Primary,set2_early_soh,GPR,log,protocol_holdout,diversity_iterative,6,30,24.60573293195049
LSD_Primary,set2_early_soh,GPR,log,protocol_holdout,diversity_iterative,6,36,26.13919901139385
LSD_Primary,set2_early_soh,GPR,log,protocol_holdout,diversity_iterative,6,42,28.34244180230942
LSD_Primary,set2_early_soh,GPR,log,protocol_holdout,diversity_iterative,6,48,27.598432704014296
LSD_Primary,set2_early_soh,GPR,log,protocol_holdout,diversity_iterative,6,54,29.22187075002889
LSD_Primary,set2_early_soh,GPR,log,protocol_holdout,diversity_iterative,6,58,29.125752840149875
LSD_Primary,set2_early_soh,GPR,log,protocol_holdout,diversity_iterative,7,6,77.3909520423523
LSD_Primary,set2_early_soh,GPR,log,protocol_holdout,diversity_iterative,7,12,69.94060787161807
LSD_Primary,set2_early_soh,GPR,log,protocol_holdout,diversity_iterative,7,18,42.61222958544996
LSD_Primary,set2_early_soh,GPR,log,protocol_holdout,diversity_iterative,7,24,37.49186813786325
LSD_Primary,set2_early_soh,GPR,log,protocol_holdout,diversity_iterative,7,30,35.245364042930696
LSD_Primary,set2_early_soh,GPR,log,protocol_holdout,diversity_iterative,7,36,35.1753669366001
LSD_Primary,set2_early_soh,GPR,log,protocol_holdout,diversity_iterative,7,42,33.607872710661816
LSD_Primary,set2_early_soh,GPR,log,protocol_holdout,diversity_iterative,7,48,34.396544257027855
LSD_Primary,set2_early_soh,GPR,log,protocol_holdout,diversity_iterative,7,54,34.919745808748395
LSD_Primary,set2_early_soh,GPR,log,protocol_holdout,diversity_iterative,7,58,34.99586924946012
LSD_Primary,set2_early_soh,GPR,log,protocol_holdout,diversity_iterative,8,6,83.14330549658588
LSD_Primary,set2_early_soh,GPR,log,protocol_holdout,diversity_iterative,8,12,65.03644978568454
LSD_Primary,set2_early_soh,GPR,log,protocol_holdout,diversity_iterative,8,18,53.49183526474262
LSD_Primary,set2_early_soh,GPR,log,protocol_holdout,diversity_iterative,8,24,32.600861782233565
LSD_Primary,set2_early_soh,GPR,log,protocol_holdout,diversity_iterative,8,30,37.47267894207639
LSD_Primary,set2_early_soh,GPR,log,protocol_holdout,diversity_iterative,8,36,40.68039970433101
LSD_Primary,set2_early_soh,GPR,log,protocol_holdout,diversity_iterative,8,42,41.16482162933509
LSD_Primary,set2_early_soh,GPR,log,protocol_holdout,diversity_iterative,8,48,40.20590931829808
LSD_Primary,set2_early_soh,GPR,log,protocol_holdout,diversity_iterative,8,54,40.10614652999064
LSD_Primary,set2_early_soh,GPR,log,protocol_holdout,diversity_iterative,8,58,59.78991492376594
LSD_Primary,set2_early_soh,GPR,log,protocol_holdout,diversity_iterative,9,6,31.80694690310844
LSD_Primary,set2_early_soh,GPR,log,protocol_holdout,diversity_iterative,9,12,33.62683342141965
LSD_Primary,set2_early_soh,GPR,log,protocol_holdout,diversity_iterative,9,18,33.84939832342934
LSD_Primary,set2_early_soh,GPR,log,protocol_holdout,diversity_iterative,9,24,28.649382283142728
LSD_Primary,set2_early_soh,GPR,log,protocol_holdout,diversity_iterative,9,30,28.409506576259773
LSD_Primary,set2_early_soh,GPR,log,protocol_holdout,diversity_iterative,9,36,27.90844379609004
LSD_Primary,set2_early_soh,GPR,log,protocol_holdout,diversity_iterative,9,42,29.101750439046945
LSD_Primary,set2_early_soh,GPR,log,protocol_holdout,diversity_iterative,9,48,33.95136870666449
LSD_Primary,set2_early_soh,GPR,log,protocol_holdout,diversity_iterative,9,54,34.09662264657343
LSD_Primary,set2_early_soh,GPR,log,protocol_holdout,diversity_iterative,9,58,36.53055509643341
LSD_Primary,set2_early_soh,GPR,log,protocol_holdout,diversity_iterative,10,6,56.51721536674492
LSD_Primary,set2_early_soh,GPR,log,protocol_holdout,diversity_iterative,10,12,44.02052394937526
LSD_Primary,set2_early_soh,GPR,log,protocol_holdout,diversity_iterative,10,18,32.257592034522865
LSD_Primary,set2_early_soh,GPR,log,protocol_holdout,diversity_iterative,10,24,33.306849666570415
LSD_Primary,set2_early_soh,GPR,log,protocol_holdout,diversity_iterative,10,30,33.86016394508649
LSD_Primary,set2_early_soh,GPR,log,protocol_holdout,diversity_iterative,10,36,31.510272171660365
LSD_Primary,set2_early_soh,GPR,log,protocol_holdout,diversity_iterative,10,42,32.510355186004645
LSD_Primary,set2_early_soh,GPR,log,protocol_holdout,diversity_iterative,10,48,33.328806458574675
LSD_Primary,set2_early_soh,GPR,log,protocol_holdout,diversity_iterative,10,54,32.670274258686696
LSD_Primary,set2_early_soh,GPR,log,protocol_holdout,diversity_iterative,10,58,33.67322477783964
LSD_Primary,set2_early_soh,GPR,log,protocol_holdout,coverage,1,6,103.28070366773056
LSD_Primary,set2_early_soh,GPR,log,protocol_holdout,coverage,1,12,60.17498457431197
LSD_Primary,set2_early_soh,GPR,log,protocol_holdout,coverage,1,18,56.78275673865263
LSD_Primary,set2_early_soh,GPR,log,protocol_holdout,coverage,1,24,59.10878100252476
LSD_Primary,set2_early_soh,GPR,log,protocol_holdout,coverage,1,30,64.28361002445172
LSD_Primary,set2_early_soh,GPR,log,protocol_holdout,coverage,1,36,43.19381835669326
LSD_Primary,set2_early_soh,GPR,log,protocol_holdout,coverage,1,42,44.88100989339958
LSD_Primary,set2_early_soh,GPR,log,protocol_holdout,coverage,1,48,45.04014715328849
LSD_Primary,set2_early_soh,GPR,log,protocol_holdout,coverage,1,54,39.61214614287248
LSD_Primary,set2_early_soh,GPR,log,protocol_holdout,coverage,1,58,35.30526758302657
LSD_Primary,set2_early_soh,GPR,log,protocol_holdout,coverage,2,6,56.27633493515166
LSD_Primary,set2_early_soh,GPR,log,protocol_holdout,coverage,2,12,34.69382814682096
LSD_Primary,set2_early_soh,GPR,log,protocol_holdout,coverage,2,18,36.34334799114161
LSD_Primary,set2_early_soh,GPR,log,protocol_holdout,coverage,2,24,39.645407798035706
LSD_Primary,set2_early_soh,GPR,log,protocol_holdout,coverage,2,30,42.59071603933983
LSD_Primary,set2_early_soh,GPR,log,protocol_holdout,coverage,2,36,37.05717638278097
LSD_Primary,set2_early_soh,GPR,log,protocol_holdout,coverage,2,42,34.59952706922643
LSD_Primary,set2_early_soh,GPR,log,protocol_holdout,coverage,2,48,34.6726883042656
LSD_Primary,set2_early_soh,GPR,log,protocol_holdout,coverage,2,54,33.56923864210859
LSD_Primary,set2_early_soh,GPR,log,protocol_holdout,coverage,2,58,34.13854491975978
LSD_Primary,set2_early_soh,GPR,log,protocol_holdout,coverage,3,6,32.707754311731065
LSD_Primary,set2_early_soh,GPR,log,protocol_holdout,coverage,3,12,35.28652827751433
LSD_Primary,set2_early_soh,GPR,log,protocol_holdout,coverage,3,18,39.69487704410633
LSD_Primary,set2_early_soh,GPR,log,protocol_holdout,coverage,3,24,36.12010640394902
LSD_Primary,set2_early_soh,GPR,log,protocol_holdout,coverage,3,30,43.75675738154547
LSD_Primary,set2_early_soh,GPR,log,protocol_holdout,coverage,3,36,41.01747439953553
LSD_Primary,set2_early_soh,GPR,log,protocol_holdout,coverage,3,42,44.56259644031931
LSD_Primary,set2_early_soh,GPR,log,protocol_holdout,coverage,3,48,45.30920848612792
LSD_Primary,set2_early_soh,GPR,log,protocol_holdout,coverage,3,54,48.8101653227446
LSD_Primary,set2_early_soh,GPR,log,protocol_holdout,coverage,3,58,48.034353739081766
LSD_Primary,set2_early_soh,GPR,log,protocol_holdout,coverage,4,6,91.04788343783451
LSD_Primary,set2_early_soh,GPR,log,protocol_holdout,coverage,4,12,41.90108607366499
LSD_Primary,set2_early_soh,GPR,log,protocol_holdout,coverage,4,18,41.45101452667287
LSD_Primary,set2_early_soh,GPR,log,protocol_holdout,coverage,4,24,38.99783960025852
LSD_Primary,set2_early_soh,GPR,log,protocol_holdout,coverage,4,30,44.89655122665554
LSD_Primary,set2_early_soh,GPR,log,protocol_holdout,coverage,4,36,44.255017722286674
LSD_Primary,set2_early_soh,GPR,log,protocol_holdout,coverage,4,42,48.52674093020698
LSD_Primary,set2_early_soh,GPR,log,protocol_holdout,coverage,4,48,45.94968488013943
LSD_Primary,set2_early_soh,GPR,log,protocol_holdout,coverage,4,54,45.501896440844696
LSD_Primary,set2_early_soh,GPR,log,protocol_holdout,coverage,4,58,46.013375990176215
LSD_Primary,set2_early_soh,GPR,log,protocol_holdout,coverage,5,6,84.50193561583028
LSD_Primary,set2_early_soh,GPR,log,protocol_holdout,coverage,5,12,34.38718988869379
LSD_Primary,set2_early_soh,GPR,log,protocol_holdout,coverage,5,18,35.11422808709581
LSD_Primary,set2_early_soh,GPR,log,protocol_holdout,coverage,5,24,35.99330286866836
LSD_Primary,set2_early_soh,GPR,log,protocol_holdout,coverage,5,30,33.965077159197484
LSD_Primary,set2_early_soh,GPR,log,protocol_holdout,coverage,5,36,34.96293343889957
LSD_Primary,set2_early_soh,GPR,log,protocol_holdout,coverage,5,42,36.479777130302494
LSD_Primary,set2_early_soh,GPR,log,protocol_holdout,coverage,5,48,37.69937679179025
LSD_Primary,set2_early_soh,GPR,log,protocol_holdout,coverage,5,54,38.175977187377725
LSD_Primary,set2_early_soh,GPR,log,protocol_holdout,coverage,5,58,38.2694711578526
LSD_Primary,set2_early_soh,GPR,log,protocol_holdout,coverage,6,6,103.19891840767286
LSD_Primary,set2_early_soh,GPR,log,protocol_holdout,coverage,6,12,25.279058500314267
LSD_Primary,set2_early_soh,GPR,log,protocol_holdout,coverage,6,18,71.57091393407865
LSD_Primary,set2_early_soh,GPR,log,protocol_holdout,coverage,6,24,53.03089495099489
LSD_Primary,set2_early_soh,GPR,log,protocol_holdout,coverage,6,30,30.971094134881216
LSD_Primary,set2_early_soh,GPR,log,protocol_holdout,coverage,6,36,97.46887268715528
LSD_Primary,set2_early_soh,GPR,log,protocol_holdout,coverage,6,42,60.72479260593825
LSD_Primary,set2_early_soh,GPR,log,protocol_holdout,coverage,6,48,31.71863838725669
LSD_Primary,set2_early_soh,GPR,log,protocol_holdout,coverage,6,54,30.2424851175607
LSD_Primary,set2_early_soh,GPR,log,protocol_holdout,coverage,6,58,29.125752840149875
LSD_Primary,set2_early_soh,GPR,log,protocol_holdout,coverage,7,6,119.30761588384593
LSD_Primary,set2_early_soh,GPR,log,protocol_holdout,coverage,7,12,37.006621603891325
LSD_Primary,set2_early_soh,GPR,log,protocol_holdout,coverage,7,18,39.56245501625308
LSD_Primary,set2_early_soh,GPR,log,protocol_holdout,coverage,7,24,38.658578591057896
LSD_Primary,set2_early_soh,GPR,log,protocol_holdout,coverage,7,30,43.609470221566
LSD_Primary,set2_early_soh,GPR,log,protocol_holdout,coverage,7,36,40.20404420100135
LSD_Primary,set2_early_soh,GPR,log,protocol_holdout,coverage,7,42,39.42995330734969
LSD_Primary,set2_early_soh,GPR,log,protocol_holdout,coverage,7,48,36.25893904457702
LSD_Primary,set2_early_soh,GPR,log,protocol_holdout,coverage,7,54,35.72342464404927
LSD_Primary,set2_early_soh,GPR,log,protocol_holdout,coverage,7,58,34.99586924946012
LSD_Primary,set2_early_soh,GPR,log,protocol_holdout,coverage,8,6,218.90976707238963
LSD_Primary,set2_early_soh,GPR,log,protocol_holdout,coverage,8,12,44.223782588938185
LSD_Primary,set2_early_soh,GPR,log,protocol_holdout,coverage,8,18,34.35795241903368
LSD_Primary,set2_early_soh,GPR,log,protocol_holdout,coverage,8,24,33.73751222116725
LSD_Primary,set2_early_soh,GPR,log,protocol_holdout,coverage,8,30,30.785787564965734
LSD_Primary,set2_early_soh,GPR,log,protocol_holdout,coverage,8,36,32.2066618651714
LSD_Primary,set2_early_soh,GPR,log,protocol_holdout,coverage,8,42,34.22905957212986
LSD_Primary,set2_early_soh,GPR,log,protocol_holdout,coverage,8,48,58.29788227898239
LSD_Primary,set2_early_soh,GPR,log,protocol_holdout,coverage,8,54,55.54434695317778
LSD_Primary,set2_early_soh,GPR,log,protocol_holdout,coverage,8,58,59.78991492376594
LSD_Primary,set2_early_soh,GPR,log,protocol_holdout,coverage,9,6,40.25448640933823
LSD_Primary,set2_early_soh,GPR,log,protocol_holdout,coverage,9,12,49.14373304235448
LSD_Primary,set2_early_soh,GPR,log,protocol_holdout,coverage,9,18,40.134141341217024
LSD_Primary,set2_early_soh,GPR,log,protocol_holdout,coverage,9,24,32.19053224828606
LSD_Primary,set2_early_soh,GPR,log,protocol_holdout,coverage,9,30,33.60605600591889
LSD_Primary,set2_early_soh,GPR,log,protocol_holdout,coverage,9,36,37.65201706331359
LSD_Primary,set2_early_soh,GPR,log,protocol_holdout,coverage,9,42,38.224917817871976
LSD_Primary,set2_early_soh,GPR,log,protocol_holdout,coverage,9,48,42.86797386956215
LSD_Primary,set2_early_soh,GPR,log,protocol_holdout,coverage,9,54,40.73762603329544
LSD_Primary,set2_early_soh,GPR,log,protocol_holdout,coverage,9,58,36.53055509643341
LSD_Primary,set2_early_soh,GPR,log,protocol_holdout,coverage,10,6,95.45451884367378
LSD_Primary,set2_early_soh,GPR,log,protocol_holdout,coverage,10,12,37.158545541132135
LSD_Primary,set2_early_soh,GPR,log,protocol_holdout,coverage,10,18,38.55166155829415
LSD_Primary,set2_early_soh,GPR,log,protocol_holdout,coverage,10,24,28.44099203347173
LSD_Primary,set2_early_soh,GPR,log,protocol_holdout,coverage,10,30,28.361367920892405
LSD_Primary,set2_early_soh,GPR,log,protocol_holdout,coverage,10,36,32.94474588028148
LSD_Primary,set2_early_soh,GPR,log,protocol_holdout,coverage,10,42,33.41039313577269
LSD_Primary,set2_early_soh,GPR,log,protocol_holdout,coverage,10,48,33.90375967955336
LSD_Primary,set2_early_soh,GPR,log,protocol_holdout,coverage,10,54,34.21932270261643
LSD_Primary,set2_early_soh,GPR,log,protocol_holdout,coverage,10,58,33.67322477783964
LSD_Primary,set2_early_soh,GPR,log,protocol_holdout,exploration,1,6,103.28070366773056
LSD_Primary,set2_early_soh,GPR,log,protocol_holdout,exploration,1,12,60.17498457431197
LSD_Primary,set2_early_soh,GPR,log,protocol_holdout,exploration,1,18,53.14756603915364
LSD_Primary,set2_early_soh,GPR,log,protocol_holdout,exploration,1,24,59.85767022762786
LSD_Primary,set2_early_soh,GPR,log,protocol_holdout,exploration,1,30,42.232978386358816
LSD_Primary,set2_early_soh,GPR,log,protocol_holdout,exploration,1,36,44.1495326529861
LSD_Primary,set2_early_soh,GPR,log,protocol_holdout,exploration,1,42,42.49165360019489
LSD_Primary,set2_early_soh,GPR,log,protocol_holdout,exploration,1,48,46.18214527650159
LSD_Primary,set2_early_soh,GPR,log,protocol_holdout,exploration,1,54,41.69512701497756
LSD_Primary,set2_early_soh,GPR,log,protocol_holdout,exploration,1,58,35.30526758302657
LSD_Primary,set2_early_soh,GPR,log,protocol_holdout,exploration,2,6,56.27633493515166
LSD_Primary,set2_early_soh,GPR,log,protocol_holdout,exploration,2,12,37.63110414330036
LSD_Primary,set2_early_soh,GPR,log,protocol_holdout,exploration,2,18,36.412268058366415
LSD_Primary,set2_early_soh,GPR,log,protocol_holdout,exploration,2,24,40.4099459388607
LSD_Primary,set2_early_soh,GPR,log,protocol_holdout,exploration,2,30,38.1729770198657
LSD_Primary,set2_early_soh,GPR,log,protocol_holdout,exploration,2,36,37.78545167694316
LSD_Primary,set2_early_soh,GPR,log,protocol_holdout,exploration,2,42,36.57317059017891
LSD_Primary,set2_early_soh,GPR,log,protocol_holdout,exploration,2,48,36.77642792853232
LSD_Primary,set2_early_soh,GPR,log,protocol_holdout,exploration,2,54,34.42550416288304
LSD_Primary,set2_early_soh,GPR,log,protocol_holdout,exploration,2,58,34.13854491975978
LSD_Primary,set2_early_soh,GPR,log,protocol_holdout,exploration,3,6,32.707754311731065
LSD_Primary,set2_early_soh,GPR,log,protocol_holdout,exploration,3,12,37.26042065996974
LSD_Primary,set2_early_soh,GPR,log,protocol_holdout,exploration,3,18,36.94477880714181
LSD_Primary,set2_early_soh,GPR,log,protocol_holdout,exploration,3,24,44.571879851301816
LSD_Primary,set2_early_soh,GPR,log,protocol_holdout,exploration,3,30,38.8718543802072
LSD_Primary,set2_early_soh,GPR,log,protocol_holdout,exploration,3,36,37.54516502762034
LSD_Primary,set2_early_soh,GPR,log,protocol_holdout,exploration,3,42,53.97088062093738
LSD_Primary,set2_early_soh,GPR,log,protocol_holdout,exploration,3,48,46.22697721725756
LSD_Primary,set2_early_soh,GPR,log,protocol_holdout,exploration,3,54,47.87801801810487
LSD_Primary,set2_early_soh,GPR,log,protocol_holdout,exploration,3,58,48.034353739081766
LSD_Primary,set2_early_soh,GPR,log,protocol_holdout,exploration,4,6,91.04788343783451
LSD_Primary,set2_early_soh,GPR,log,protocol_holdout,exploration,4,12,41.90108607366499
LSD_Primary,set2_early_soh,GPR,log,protocol_holdout,exploration,4,18,41.467576858692006
LSD_Primary,set2_early_soh,GPR,log,protocol_holdout,exploration,4,24,47.65053094192623
LSD_Primary,set2_early_soh,GPR,log,protocol_holdout,exploration,4,30,51.13630534991648
LSD_Primary,set2_early_soh,GPR,log,protocol_holdout,exploration,4,36,49.249510313084926
LSD_Primary,set2_early_soh,GPR,log,protocol_holdout,exploration,4,42,48.62256918267588
LSD_Primary,set2_early_soh,GPR,log,protocol_holdout,exploration,4,48,47.87810056395102
LSD_Primary,set2_early_soh,GPR,log,protocol_holdout,exploration,4,54,45.84881243775516
LSD_Primary,set2_early_soh,GPR,log,protocol_holdout,exploration,4,58,46.013375990176215
LSD_Primary,set2_early_soh,GPR,log,protocol_holdout,exploration,5,6,84.50193561583028
LSD_Primary,set2_early_soh,GPR,log,protocol_holdout,exploration,5,12,34.38718988869379
LSD_Primary,set2_early_soh,GPR,log,protocol_holdout,exploration,5,18,50.86412766198261
LSD_Primary,set2_early_soh,GPR,log,protocol_holdout,exploration,5,24,34.92654047628387
LSD_Primary,set2_early_soh,GPR,log,protocol_holdout,exploration,5,30,64.2030471381707
LSD_Primary,set2_early_soh,GPR,log,protocol_holdout,exploration,5,36,55.38475605227541
LSD_Primary,set2_early_soh,GPR,log,protocol_holdout,exploration,5,42,58.604879070257375
LSD_Primary,set2_early_soh,GPR,log,protocol_holdout,exploration,5,48,64.06532896249192
LSD_Primary,set2_early_soh,GPR,log,protocol_holdout,exploration,5,54,38.19800716183288
LSD_Primary,set2_early_soh,GPR,log,protocol_holdout,exploration,5,58,38.2694711578526
LSD_Primary,set2_early_soh,GPR,log,protocol_holdout,exploration,6,6,103.19891840767286
LSD_Primary,set2_early_soh,GPR,log,protocol_holdout,exploration,6,12,27.2223670394035
LSD_Primary,set2_early_soh,GPR,log,protocol_holdout,exploration,6,18,34.21840193576459
LSD_Primary,set2_early_soh,GPR,log,protocol_holdout,exploration,6,24,25.176639565541848
LSD_Primary,set2_early_soh,GPR,log,protocol_holdout,exploration,6,30,34.124942024174494
LSD_Primary,set2_early_soh,GPR,log,protocol_holdout,exploration,6,36,31.8775744104684
LSD_Primary,set2_early_soh,GPR,log,protocol_holdout,exploration,6,42,31.889345048510137
LSD_Primary,set2_early_soh,GPR,log,protocol_holdout,exploration,6,48,30.43292037906056
LSD_Primary,set2_early_soh,GPR,log,protocol_holdout,exploration,6,54,29.57872278875732
LSD_Primary,set2_early_soh,GPR,log,protocol_holdout,exploration,6,58,29.125752840149875
LSD_Primary,set2_early_soh,GPR,log,protocol_holdout,exploration,7,6,119.30761588384593
LSD_Primary,set2_early_soh,GPR,log,protocol_holdout,exploration,7,12,115.74998063221972
LSD_Primary,set2_early_soh,GPR,log,protocol_holdout,exploration,7,18,118.0158505228581
LSD_Primary,set2_early_soh,GPR,log,protocol_holdout,exploration,7,24,42.7645848425493
LSD_Primary,set2_early_soh,GPR,log,protocol_holdout,exploration,7,30,41.49065877049563
LSD_Primary,set2_early_soh,GPR,log,protocol_holdout,exploration,7,36,41.02029402667303
LSD_Primary,set2_early_soh,GPR,log,protocol_holdout,exploration,7,42,39.6549300702453
LSD_Primary,set2_early_soh,GPR,log,protocol_holdout,exploration,7,48,35.22034157529559
LSD_Primary,set2_early_soh,GPR,log,protocol_holdout,exploration,7,54,35.4794293674356
LSD_Primary,set2_early_soh,GPR,log,protocol_holdout,exploration,7,58,34.99586924946012
LSD_Primary,set2_early_soh,GPR,log,protocol_holdout,exploration,8,6,218.90976707238963
LSD_Primary,set2_early_soh,GPR,log,protocol_holdout,exploration,8,12,70.46599989685363
LSD_Primary,set2_early_soh,GPR,log,protocol_holdout,exploration,8,18,36.05538242994494
LSD_Primary,set2_early_soh,GPR,log,protocol_holdout,exploration,8,24,88.87959507666234
LSD_Primary,set2_early_soh,GPR,log,protocol_holdout,exploration,8,30,48.06183781167361
LSD_Primary,set2_early_soh,GPR,log,protocol_holdout,exploration,8,36,70.54392142810202
LSD_Primary,set2_early_soh,GPR,log,protocol_holdout,exploration,8,42,61.3128404057697
LSD_Primary,set2_early_soh,GPR,log,protocol_holdout,exploration,8,48,57.15657486310703
LSD_Primary,set2_early_soh,GPR,log,protocol_holdout,exploration,8,54,53.71395791149264
LSD_Primary,set2_early_soh,GPR,log,protocol_holdout,exploration,8,58,59.78991492376594
LSD_Primary,set2_early_soh,GPR,log,protocol_holdout,exploration,9,6,40.25448640933823
LSD_Primary,set2_early_soh,GPR,log,protocol_holdout,exploration,9,12,49.14373304235448
LSD_Primary,set2_early_soh,GPR,log,protocol_holdout,exploration,9,18,29.50294913293211
LSD_Primary,set2_early_soh,GPR,log,protocol_holdout,exploration,9,24,28.49809213611769
LSD_Primary,set2_early_soh,GPR,log,protocol_holdout,exploration,9,30,34.69581187479138
LSD_Primary,set2_early_soh,GPR,log,protocol_holdout,exploration,9,36,34.06370861585647
LSD_Primary,set2_early_soh,GPR,log,protocol_holdout,exploration,9,42,37.08122861264584
LSD_Primary,set2_early_soh,GPR,log,protocol_holdout,exploration,9,48,36.95788952186872
LSD_Primary,set2_early_soh,GPR,log,protocol_holdout,exploration,9,54,36.78276310017773
LSD_Primary,set2_early_soh,GPR,log,protocol_holdout,exploration,9,58,36.53055509643341
LSD_Primary,set2_early_soh,GPR,log,protocol_holdout,exploration,10,6,95.45451884367378
LSD_Primary,set2_early_soh,GPR,log,protocol_holdout,exploration,10,12,37.158545541132135
LSD_Primary,set2_early_soh,GPR,log,protocol_holdout,exploration,10,18,36.47457243729599
LSD_Primary,set2_early_soh,GPR,log,protocol_holdout,exploration,10,24,30.645426029223945
LSD_Primary,set2_early_soh,GPR,log,protocol_holdout,exploration,10,30,37.10391562571012
LSD_Primary,set2_early_soh,GPR,log,protocol_holdout,exploration,10,36,34.23193809367955
LSD_Primary,set2_early_soh,GPR,log,protocol_holdout,exploration,10,42,38.56132761605157
LSD_Primary,set2_early_soh,GPR,log,protocol_holdout,exploration,10,48,34.120657227320066
LSD_Primary,set2_early_soh,GPR,log,protocol_holdout,exploration,10,54,34.32628768369502
LSD_Primary,set2_early_soh,GPR,log,protocol_holdout,exploration,10,58,33.67322477783964
LSD_Primary,set2_early_soh,GPR,log,protocol_holdout,exploitation,1,6,103.28070366773056
LSD_Primary,set2_early_soh,GPR,log,protocol_holdout,exploitation,1,12,125.18037412220428
LSD_Primary,set2_early_soh,GPR,log,protocol_holdout,exploitation,1,18,120.86930574137529
LSD_Primary,set2_early_soh,GPR,log,protocol_holdout,exploitation,1,24,38.62752136607656
LSD_Primary,set2_early_soh,GPR,log,protocol_holdout,exploitation,1,30,39.51638046943183
LSD_Primary,set2_early_soh,GPR,log,protocol_holdout,exploitation,1,36,34.6003702586851
LSD_Primary,set2_early_soh,GPR,log,protocol_holdout,exploitation,1,42,36.61387584241199
LSD_Primary,set2_early_soh,GPR,log,protocol_holdout,exploitation,1,48,34.88372414055964
LSD_Primary,set2_early_soh,GPR,log,protocol_holdout,exploitation,1,54,35.83954307785861
LSD_Primary,set2_early_soh,GPR,log,protocol_holdout,exploitation,1,58,35.30526758302657
LSD_Primary,set2_early_soh,GPR,log,protocol_holdout,exploitation,2,6,56.27633493515166
LSD_Primary,set2_early_soh,GPR,log,protocol_holdout,exploitation,2,12,54.02871161463339
LSD_Primary,set2_early_soh,GPR,log,protocol_holdout,exploitation,2,18,59.966458007188585
LSD_Primary,set2_early_soh,GPR,log,protocol_holdout,exploitation,2,24,40.4119598754351
LSD_Primary,set2_early_soh,GPR,log,protocol_holdout,exploitation,2,30,39.07335745200727
LSD_Primary,set2_early_soh,GPR,log,protocol_holdout,exploitation,2,36,38.82433112916437
LSD_Primary,set2_early_soh,GPR,log,protocol_holdout,exploitation,2,42,36.91291498972869
LSD_Primary,set2_early_soh,GPR,log,protocol_holdout,exploitation,2,48,35.51655651318335
LSD_Primary,set2_early_soh,GPR,log,protocol_holdout,exploitation,2,54,33.99978825217047
LSD_Primary,set2_early_soh,GPR,log,protocol_holdout,exploitation,2,58,34.13854491975978
LSD_Primary,set2_early_soh,GPR,log,protocol_holdout,exploitation,3,6,32.707754311731065
LSD_Primary,set2_early_soh,GPR,log,protocol_holdout,exploitation,3,12,37.26482703193588
LSD_Primary,set2_early_soh,GPR,log,protocol_holdout,exploitation,3,18,28.749028836954377
LSD_Primary,set2_early_soh,GPR,log,protocol_holdout,exploitation,3,24,41.35014182374736
LSD_Primary,set2_early_soh,GPR,log,protocol_holdout,exploitation,3,30,46.46267767566216
LSD_Primary,set2_early_soh,GPR,log,protocol_holdout,exploitation,3,36,50.30196249088321
LSD_Primary,set2_early_soh,GPR,log,protocol_holdout,exploitation,3,42,48.320565003427966
LSD_Primary,set2_early_soh,GPR,log,protocol_holdout,exploitation,3,48,49.61619950637855
LSD_Primary,set2_early_soh,GPR,log,protocol_holdout,exploitation,3,54,48.65685007925367
LSD_Primary,set2_early_soh,GPR,log,protocol_holdout,exploitation,3,58,48.034353739081766
LSD_Primary,set2_early_soh,GPR,log,protocol_holdout,exploitation,4,6,91.04788343783451
LSD_Primary,set2_early_soh,GPR,log,protocol_holdout,exploitation,4,12,91.92535925142528
LSD_Primary,set2_early_soh,GPR,log,protocol_holdout,exploitation,4,18,81.18716421139925
LSD_Primary,set2_early_soh,GPR,log,protocol_holdout,exploitation,4,24,87.3680677491213
LSD_Primary,set2_early_soh,GPR,log,protocol_holdout,exploitation,4,30,75.33042530573198
LSD_Primary,set2_early_soh,GPR,log,protocol_holdout,exploitation,4,36,57.4278123529778
LSD_Primary,set2_early_soh,GPR,log,protocol_holdout,exploitation,4,42,44.14248061091005
LSD_Primary,set2_early_soh,GPR,log,protocol_holdout,exploitation,4,48,44.2662178417684
LSD_Primary,set2_early_soh,GPR,log,protocol_holdout,exploitation,4,54,45.36332135338904
LSD_Primary,set2_early_soh,GPR,log,protocol_holdout,exploitation,4,58,46.013375990176215
LSD_Primary,set2_early_soh,GPR,log,protocol_holdout,exploitation,5,6,84.50193561583028
LSD_Primary,set2_early_soh,GPR,log,protocol_holdout,exploitation,5,12,103.82405444650192
LSD_Primary,set2_early_soh,GPR,log,protocol_holdout,exploitation,5,18,98.63657898522132
LSD_Primary,set2_early_soh,GPR,log,protocol_holdout,exploitation,5,24,106.42265288607511
LSD_Primary,set2_early_soh,GPR,log,protocol_holdout,exploitation,5,30,100.3245503219342
LSD_Primary,set2_early_soh,GPR,log,protocol_holdout,exploitation,5,36,100.99742409444345
LSD_Primary,set2_early_soh,GPR,log,protocol_holdout,exploitation,5,42,30.420706703989016
LSD_Primary,set2_early_soh,GPR,log,protocol_holdout,exploitation,5,48,29.67027467888064
LSD_Primary,set2_early_soh,GPR,log,protocol_holdout,exploitation,5,54,38.16710638771119
LSD_Primary,set2_early_soh,GPR,log,protocol_holdout,exploitation,5,58,38.2694711578526
LSD_Primary,set2_early_soh,GPR,log,protocol_holdout,exploitation,6,6,103.19891840767286
LSD_Primary,set2_early_soh,GPR,log,protocol_holdout,exploitation,6,12,87.57187862610554
LSD_Primary,set2_early_soh,GPR,log,protocol_holdout,exploitation,6,18,79.6180344960424
LSD_Primary,set2_early_soh,GPR,log,protocol_holdout,exploitation,6,24,87.51499400830667
LSD_Primary,set2_early_soh,GPR,log,protocol_holdout,exploitation,6,30,25.48091011610179
LSD_Primary,set2_early_soh,GPR,log,protocol_holdout,exploitation,6,36,53.73202028541517
LSD_Primary,set2_early_soh,GPR,log,protocol_holdout,exploitation,6,42,58.85927314412699
LSD_Primary,set2_early_soh,GPR,log,protocol_holdout,exploitation,6,48,67.6817109114713
LSD_Primary,set2_early_soh,GPR,log,protocol_holdout,exploitation,6,54,27.18703610349024
LSD_Primary,set2_early_soh,GPR,log,protocol_holdout,exploitation,6,58,29.125752840149875
LSD_Primary,set2_early_soh,GPR,log,protocol_holdout,exploitation,7,6,119.30761588384593
LSD_Primary,set2_early_soh,GPR,log,protocol_holdout,exploitation,7,12,144.05884240438914
LSD_Primary,set2_early_soh,GPR,log,protocol_holdout,exploitation,7,18,142.93698663298434
LSD_Primary,set2_early_soh,GPR,log,protocol_holdout,exploitation,7,24,142.599604204792
LSD_Primary,set2_early_soh,GPR,log,protocol_holdout,exploitation,7,30,138.44343025726812
LSD_Primary,set2_early_soh,GPR,log,protocol_holdout,exploitation,7,36,40.548086518398144
LSD_Primary,set2_early_soh,GPR,log,protocol_holdout,exploitation,7,42,35.4329273962572
LSD_Primary,set2_early_soh,GPR,log,protocol_holdout,exploitation,7,48,36.77979171995402
LSD_Primary,set2_early_soh,GPR,log,protocol_holdout,exploitation,7,54,34.861982402426044
LSD_Primary,set2_early_soh,GPR,log,protocol_holdout,exploitation,7,58,34.99586924946012
LSD_Primary,set2_early_soh,GPR,log,protocol_holdout,exploitation,8,6,218.90976707238963
LSD_Primary,set2_early_soh,GPR,log,protocol_holdout,exploitation,8,12,254.2003299119488
LSD_Primary,set2_early_soh,GPR,log,protocol_holdout,exploitation,8,18,200.4344427128208
LSD_Primary,set2_early_soh,GPR,log,protocol_holdout,exploitation,8,24,157.76429928229834
LSD_Primary,set2_early_soh,GPR,log,protocol_holdout,exploitation,8,30,100.28882320484682
LSD_Primary,set2_early_soh,GPR,log,protocol_holdout,exploitation,8,36,92.1872343216294
LSD_Primary,set2_early_soh,GPR,log,protocol_holdout,exploitation,8,42,83.7519204203249
LSD_Primary,set2_early_soh,GPR,log,protocol_holdout,exploitation,8,48,87.95389666321807
LSD_Primary,set2_early_soh,GPR,log,protocol_holdout,exploitation,8,54,66.62194968609771
LSD_Primary,set2_early_soh,GPR,log,protocol_holdout,exploitation,8,58,59.78991492376594
LSD_Primary,set2_early_soh,GPR,log,protocol_holdout,exploitation,9,6,40.25448640933823
LSD_Primary,set2_early_soh,GPR,log,protocol_holdout,exploitation,9,12,48.32808337929869
LSD_Primary,set2_early_soh,GPR,log,protocol_holdout,exploitation,9,18,35.80267288912869
LSD_Primary,set2_early_soh,GPR,log,protocol_holdout,exploitation,9,24,52.6357000942705
LSD_Primary,set2_early_soh,GPR,log,protocol_holdout,exploitation,9,30,57.83505564105149
LSD_Primary,set2_early_soh,GPR,log,protocol_holdout,exploitation,9,36,56.68198526356218
LSD_Primary,set2_early_soh,GPR,log,protocol_holdout,exploitation,9,42,53.944977335227286
LSD_Primary,set2_early_soh,GPR,log,protocol_holdout,exploitation,9,48,56.097394851143925
LSD_Primary,set2_early_soh,GPR,log,protocol_holdout,exploitation,9,54,37.49177337861028
LSD_Primary,set2_early_soh,GPR,log,protocol_holdout,exploitation,9,58,36.53055509643341
LSD_Primary,set2_early_soh,GPR,log,protocol_holdout,exploitation,10,6,95.45451884367378
LSD_Primary,set2_early_soh,GPR,log,protocol_holdout,exploitation,10,12,28.038247414073968
LSD_Primary,set2_early_soh,GPR,log,protocol_holdout,exploitation,10,18,37.80065671251108
LSD_Primary,set2_early_soh,GPR,log,protocol_holdout,exploitation,10,24,29.18870656094691
LSD_Primary,set2_early_soh,GPR,log,protocol_holdout,exploitation,10,30,28.76363734045492
LSD_Primary,set2_early_soh,GPR,log,protocol_holdout,exploitation,10,36,29.55784559448916
LSD_Primary,set2_early_soh,GPR,log,protocol_holdout,exploitation,10,42,31.53910975481304
LSD_Primary,set2_early_soh,GPR,log,protocol_holdout,exploitation,10,48,33.62067797441576
LSD_Primary,set2_early_soh,GPR,log,protocol_holdout,exploitation,10,54,34.28853398877064
LSD_Primary,set2_early_soh,GPR,log,protocol_holdout,exploitation,10,58,33.67322477783964
LSD_Primary,set2_early_soh,GPR,log,protocol_holdout,hybrid,1,6,103.28070366773056
LSD_Primary,set2_early_soh,GPR,log,protocol_holdout,hybrid,1,12,62.28702637028378
LSD_Primary,set2_early_soh,GPR,log,protocol_holdout,hybrid,1,18,67.47847318155422
LSD_Primary,set2_early_soh,GPR,log,protocol_holdout,hybrid,1,24,46.53703804301733
LSD_Primary,set2_early_soh,GPR,log,protocol_holdout,hybrid,1,30,47.63181072532869
LSD_Primary,set2_early_soh,GPR,log,protocol_holdout,hybrid,1,36,58.217329452077
LSD_Primary,set2_early_soh,GPR,log,protocol_holdout,hybrid,1,42,48.39999608760123
LSD_Primary,set2_early_soh,GPR,log,protocol_holdout,hybrid,1,48,35.10448112165719
LSD_Primary,set2_early_soh,GPR,log,protocol_holdout,hybrid,1,54,35.076561197377124
LSD_Primary,set2_early_soh,GPR,log,protocol_holdout,hybrid,1,58,35.30526758302657
LSD_Primary,set2_early_soh,GPR,log,protocol_holdout,hybrid,2,6,56.27633493515166
LSD_Primary,set2_early_soh,GPR,log,protocol_holdout,hybrid,2,12,38.22702732292268
LSD_Primary,set2_early_soh,GPR,log,protocol_holdout,hybrid,2,18,34.06234840573727
LSD_Primary,set2_early_soh,GPR,log,protocol_holdout,hybrid,2,24,35.70533151578422
LSD_Primary,set2_early_soh,GPR,log,protocol_holdout,hybrid,2,30,36.779077257401134
LSD_Primary,set2_early_soh,GPR,log,protocol_holdout,hybrid,2,36,38.927033683055534
LSD_Primary,set2_early_soh,GPR,log,protocol_holdout,hybrid,2,42,37.49317264465101
LSD_Primary,set2_early_soh,GPR,log,protocol_holdout,hybrid,2,48,34.90993406413014
LSD_Primary,set2_early_soh,GPR,log,protocol_holdout,hybrid,2,54,33.70311083598849
LSD_Primary,set2_early_soh,GPR,log,protocol_holdout,hybrid,2,58,34.13854491975978
LSD_Primary,set2_early_soh,GPR,log,protocol_holdout,hybrid,3,6,32.707754311731065
LSD_Primary,set2_early_soh,GPR,log,protocol_holdout,hybrid,3,12,32.678586511939905
LSD_Primary,set2_early_soh,GPR,log,protocol_holdout,hybrid,3,18,35.839511752316234
LSD_Primary,set2_early_soh,GPR,log,protocol_holdout,hybrid,3,24,32.66979946919576
LSD_Primary,set2_early_soh,GPR,log,protocol_holdout,hybrid,3,30,34.62639521318272
LSD_Primary,set2_early_soh,GPR,log,protocol_holdout,hybrid,3,36,35.78597181667276
LSD_Primary,set2_early_soh,GPR,log,protocol_holdout,hybrid,3,42,43.66590282707682
LSD_Primary,set2_early_soh,GPR,log,protocol_holdout,hybrid,3,48,47.33891847855807
LSD_Primary,set2_early_soh,GPR,log,protocol_holdout,hybrid,3,54,51.00034602096471
LSD_Primary,set2_early_soh,GPR,log,protocol_holdout,hybrid,3,58,48.034353739081766
LSD_Primary,set2_early_soh,GPR,log,protocol_holdout,hybrid,4,6,91.04788343783451
LSD_Primary,set2_early_soh,GPR,log,protocol_holdout,hybrid,4,12,44.24936513341324
LSD_Primary,set2_early_soh,GPR,log,protocol_holdout,hybrid,4,18,43.315992297914754
LSD_Primary,set2_early_soh,GPR,log,protocol_holdout,hybrid,4,24,47.37808741900062
LSD_Primary,set2_early_soh,GPR,log,protocol_holdout,hybrid,4,30,46.67009641700082
LSD_Primary,set2_early_soh,GPR,log,protocol_holdout,hybrid,4,36,47.77317702493944
LSD_Primary,set2_early_soh,GPR,log,protocol_holdout,hybrid,4,42,48.81503464021342
LSD_Primary,set2_early_soh,GPR,log,protocol_holdout,hybrid,4,48,44.88635450071227
LSD_Primary,set2_early_soh,GPR,log,protocol_holdout,hybrid,4,54,45.50168694566892
LSD_Primary,set2_early_soh,GPR,log,protocol_holdout,hybrid,4,58,46.013375990176215
LSD_Primary,set2_early_soh,GPR,log,protocol_holdout,hybrid,5,6,84.50193561583028
LSD_Primary,set2_early_soh,GPR,log,protocol_holdout,hybrid,5,12,31.380510410605204
LSD_Primary,set2_early_soh,GPR,log,protocol_holdout,hybrid,5,18,38.47745018842244
LSD_Primary,set2_early_soh,GPR,log,protocol_holdout,hybrid,5,24,36.465379079572486
LSD_Primary,set2_early_soh,GPR,log,protocol_holdout,hybrid,5,30,46.50193920220158
LSD_Primary,set2_early_soh,GPR,log,protocol_holdout,hybrid,5,36,69.18524529739022
LSD_Primary,set2_early_soh,GPR,log,protocol_holdout,hybrid,5,42,52.995707313356334
LSD_Primary,set2_early_soh,GPR,log,protocol_holdout,hybrid,5,48,37.701361102004896
LSD_Primary,set2_early_soh,GPR,log,protocol_holdout,hybrid,5,54,38.337426086876505
LSD_Primary,set2_early_soh,GPR,log,protocol_holdout,hybrid,5,58,38.2694711578526
LSD_Primary,set2_early_soh,GPR,log,protocol_holdout,hybrid,6,6,103.19891840767286
LSD_Primary,set2_early_soh,GPR,log,protocol_holdout,hybrid,6,12,28.110211059857825
LSD_Primary,set2_early_soh,GPR,log,protocol_holdout,hybrid,6,18,26.13769357373362
LSD_Primary,set2_early_soh,GPR,log,protocol_holdout,hybrid,6,24,60.77953695665689
LSD_Primary,set2_early_soh,GPR,log,protocol_holdout,hybrid,6,30,27.944118903945306
LSD_Primary,set2_early_soh,GPR,log,protocol_holdout,hybrid,6,36,26.49397479516711
LSD_Primary,set2_early_soh,GPR,log,protocol_holdout,hybrid,6,42,26.287076956975948
LSD_Primary,set2_early_soh,GPR,log,protocol_holdout,hybrid,6,48,31.27909194582107
LSD_Primary,set2_early_soh,GPR,log,protocol_holdout,hybrid,6,54,29.556807215127247
LSD_Primary,set2_early_soh,GPR,log,protocol_holdout,hybrid,6,58,29.125752840149875
LSD_Primary,set2_early_soh,GPR,log,protocol_holdout,hybrid,7,6,119.30761588384593
LSD_Primary,set2_early_soh,GPR,log,protocol_holdout,hybrid,7,12,37.66011187948699
LSD_Primary,set2_early_soh,GPR,log,protocol_holdout,hybrid,7,18,38.04230958609582
LSD_Primary,set2_early_soh,GPR,log,protocol_holdout,hybrid,7,24,59.60543638898196
LSD_Primary,set2_early_soh,GPR,log,protocol_holdout,hybrid,7,30,41.37156576996136
LSD_Primary,set2_early_soh,GPR,log,protocol_holdout,hybrid,7,36,40.099912609240775
LSD_Primary,set2_early_soh,GPR,log,protocol_holdout,hybrid,7,42,34.064031970060924
LSD_Primary,set2_early_soh,GPR,log,protocol_holdout,hybrid,7,48,33.57936314810573
LSD_Primary,set2_early_soh,GPR,log,protocol_holdout,hybrid,7,54,33.798388019058265
LSD_Primary,set2_early_soh,GPR,log,protocol_holdout,hybrid,7,58,34.99586924946012
LSD_Primary,set2_early_soh,GPR,log,protocol_holdout,hybrid,8,6,218.90976707238963
LSD_Primary,set2_early_soh,GPR,log,protocol_holdout,hybrid,8,12,43.34086743362734
LSD_Primary,set2_early_soh,GPR,log,protocol_holdout,hybrid,8,18,35.10057160455907
LSD_Primary,set2_early_soh,GPR,log,protocol_holdout,hybrid,8,24,37.58001501355824
LSD_Primary,set2_early_soh,GPR,log,protocol_holdout,hybrid,8,30,73.82036674390113
LSD_Primary,set2_early_soh,GPR,log,protocol_holdout,hybrid,8,36,49.08675692303802
LSD_Primary,set2_early_soh,GPR,log,protocol_holdout,hybrid,8,42,62.03421181612568
LSD_Primary,set2_early_soh,GPR,log,protocol_holdout,hybrid,8,48,61.18628950682553
LSD_Primary,set2_early_soh,GPR,log,protocol_holdout,hybrid,8,54,65.96968694405908
LSD_Primary,set2_early_soh,GPR,log,protocol_holdout,hybrid,8,58,59.78991492376594
LSD_Primary,set2_early_soh,GPR,log,protocol_holdout,hybrid,9,6,40.25448640933823
LSD_Primary,set2_early_soh,GPR,log,protocol_holdout,hybrid,9,12,49.25480391661126
LSD_Primary,set2_early_soh,GPR,log,protocol_holdout,hybrid,9,18,32.444398647592074
LSD_Primary,set2_early_soh,GPR,log,protocol_holdout,hybrid,9,24,37.61429034936428
LSD_Primary,set2_early_soh,GPR,log,protocol_holdout,hybrid,9,30,31.68375775054649
LSD_Primary,set2_early_soh,GPR,log,protocol_holdout,hybrid,9,36,36.84945048981665
LSD_Primary,set2_early_soh,GPR,log,protocol_holdout,hybrid,9,42,41.78448429150479
LSD_Primary,set2_early_soh,GPR,log,protocol_holdout,hybrid,9,48,42.54095389899238
LSD_Primary,set2_early_soh,GPR,log,protocol_holdout,hybrid,9,54,35.33338286059128
LSD_Primary,set2_early_soh,GPR,log,protocol_holdout,hybrid,9,58,36.53055509643341
LSD_Primary,set2_early_soh,GPR,log,protocol_holdout,hybrid,10,6,95.45451884367378
LSD_Primary,set2_early_soh,GPR,log,protocol_holdout,hybrid,10,12,32.9531237907241
LSD_Primary,set2_early_soh,GPR,log,protocol_holdout,hybrid,10,18,33.9229257981534
LSD_Primary,set2_early_soh,GPR,log,protocol_holdout,hybrid,10,24,30.200702936995672
LSD_Primary,set2_early_soh,GPR,log,protocol_holdout,hybrid,10,30,34.54737038997585
LSD_Primary,set2_early_soh,GPR,log,protocol_holdout,hybrid,10,36,36.91749962706575
LSD_Primary,set2_early_soh,GPR,log,protocol_holdout,hybrid,10,42,34.90529491619593
LSD_Primary,set2_early_soh,GPR,log,protocol_holdout,hybrid,10,48,34.139925861023414
LSD_Primary,set2_early_soh,GPR,log,protocol_holdout,hybrid,10,54,34.12925736683782
LSD_Primary,set2_early_soh,GPR,log,protocol_holdout,hybrid,10,58,33.67322477783964
LSD_Second,set2_early_soh,GPR,log,protocol_holdout,random_selection,1,6,92.42404325170526
LSD_Second,set2_early_soh,GPR,log,protocol_holdout,random_selection,1,12,52.71054962927555
LSD_Second,set2_early_soh,GPR,log,protocol_holdout,random_selection,1,18,49.4915003014756
LSD_Second,set2_early_soh,GPR,log,protocol_holdout,random_selection,1,24,40.9486800227035
LSD_Second,set2_early_soh,GPR,log,protocol_holdout,random_selection,1,30,31.04039862007092
LSD_Second,set2_early_soh,GPR,log,protocol_holdout,random_selection,1,36,25.2463246404758
LSD_Second,set2_early_soh,GPR,log,protocol_holdout,random_selection,1,42,23.096726317086087
LSD_Second,set2_early_soh,GPR,log,protocol_holdout,random_selection,1,48,22.38383470626361
LSD_Second,set2_early_soh,GPR,log,protocol_holdout,random_selection,1,54,21.01368962593633
LSD_Second,set2_early_soh,GPR,log,protocol_holdout,random_selection,1,58,19.410144780099056
LSD_Second,set2_early_soh,GPR,log,protocol_holdout,random_selection,2,6,34.27988180874817
LSD_Second,set2_early_soh,GPR,log,protocol_holdout,random_selection,2,12,32.23257306053301
LSD_Second,set2_early_soh,GPR,log,protocol_holdout,random_selection,2,18,35.954952275937174
LSD_Second,set2_early_soh,GPR,log,protocol_holdout,random_selection,2,24,34.84146598382869
LSD_Second,set2_early_soh,GPR,log,protocol_holdout,random_selection,2,30,62.76844173961854
LSD_Second,set2_early_soh,GPR,log,protocol_holdout,random_selection,2,36,58.04052550665796
LSD_Second,set2_early_soh,GPR,log,protocol_holdout,random_selection,2,42,50.79707057804173
LSD_Second,set2_early_soh,GPR,log,protocol_holdout,random_selection,2,48,44.52846558732746
LSD_Second,set2_early_soh,GPR,log,protocol_holdout,random_selection,2,54,43.23182626306421
LSD_Second,set2_early_soh,GPR,log,protocol_holdout,random_selection,2,58,51.59908816323787
LSD_Second,set2_early_soh,GPR,log,protocol_holdout,random_selection,3,6,47.438914795942175
LSD_Second,set2_early_soh,GPR,log,protocol_holdout,random_selection,3,12,43.60380955885832
LSD_Second,set2_early_soh,GPR,log,protocol_holdout,random_selection,3,18,43.03805824511508
LSD_Second,set2_early_soh,GPR,log,protocol_holdout,random_selection,3,24,33.20974881053105
LSD_Second,set2_early_soh,GPR,log,protocol_holdout,random_selection,3,30,31.163648988337
LSD_Second,set2_early_soh,GPR,log,protocol_holdout,random_selection,3,36,28.915330410869128
LSD_Second,set2_early_soh,GPR,log,protocol_holdout,random_selection,3,42,29.15040074168982
LSD_Second,set2_early_soh,GPR,log,protocol_holdout,random_selection,3,48,30.82330827895053
LSD_Second,set2_early_soh,GPR,log,protocol_holdout,random_selection,3,54,32.37949874861678
LSD_Second,set2_early_soh,GPR,log,protocol_holdout,random_selection,3,58,31.716334871027147
LSD_Second,set2_early_soh,GPR,log,protocol_holdout,random_selection,4,6,29.33273206014868
LSD_Second,set2_early_soh,GPR,log,protocol_holdout,random_selection,4,12,43.394046510833576
LSD_Second,set2_early_soh,GPR,log,protocol_holdout,random_selection,4,18,43.60236542405497
LSD_Second,set2_early_soh,GPR,log,protocol_holdout,random_selection,4,24,27.71228849629146
LSD_Second,set2_early_soh,GPR,log,protocol_holdout,random_selection,4,30,28.7384923569746
LSD_Second,set2_early_soh,GPR,log,protocol_holdout,random_selection,4,36,31.125254944726127
LSD_Second,set2_early_soh,GPR,log,protocol_holdout,random_selection,4,42,30.57591998956885
LSD_Second,set2_early_soh,GPR,log,protocol_holdout,random_selection,4,48,29.813204887881167
LSD_Second,set2_early_soh,GPR,log,protocol_holdout,random_selection,4,54,29.81550258999109
LSD_Second,set2_early_soh,GPR,log,protocol_holdout,random_selection,4,58,32.93881939409159
LSD_Second,set2_early_soh,GPR,log,protocol_holdout,random_selection,5,6,30.62881481109572
LSD_Second,set2_early_soh,GPR,log,protocol_holdout,random_selection,5,12,30.821209019304003
LSD_Second,set2_early_soh,GPR,log,protocol_holdout,random_selection,5,18,28.21096529448986
LSD_Second,set2_early_soh,GPR,log,protocol_holdout,random_selection,5,24,26.443295724195643
LSD_Second,set2_early_soh,GPR,log,protocol_holdout,random_selection,5,30,30.668035624905293
LSD_Second,set2_early_soh,GPR,log,protocol_holdout,random_selection,5,36,30.77435063550241
LSD_Second,set2_early_soh,GPR,log,protocol_holdout,random_selection,5,42,30.78493755048322
LSD_Second,set2_early_soh,GPR,log,protocol_holdout,random_selection,5,48,30.85690314500735
LSD_Second,set2_early_soh,GPR,log,protocol_holdout,random_selection,5,54,30.78766114978457
LSD_Second,set2_early_soh,GPR,log,protocol_holdout,random_selection,5,58,30.63225901060976
LSD_Second,set2_early_soh,GPR,log,protocol_holdout,random_selection,6,6,32.66841813235484
LSD_Second,set2_early_soh,GPR,log,protocol_holdout,random_selection,6,12,47.43822786418024
LSD_Second,set2_early_soh,GPR,log,protocol_holdout,random_selection,6,18,57.68501852455547
LSD_Second,set2_early_soh,GPR,log,protocol_holdout,random_selection,6,24,55.22416810760562
LSD_Second,set2_early_soh,GPR,log,protocol_holdout,random_selection,6,30,56.59808932722832
LSD_Second,set2_early_soh,GPR,log,protocol_holdout,random_selection,6,36,51.30788276219052
LSD_Second,set2_early_soh,GPR,log,protocol_holdout,random_selection,6,42,51.92408258686157
LSD_Second,set2_early_soh,GPR,log,protocol_holdout,random_selection,6,48,49.959969881009
LSD_Second,set2_early_soh,GPR,log,protocol_holdout,random_selection,6,54,45.59076025356259
LSD_Second,set2_early_soh,GPR,log,protocol_holdout,random_selection,6,58,44.4552334182735
LSD_Second,set2_early_soh,GPR,log,protocol_holdout,random_selection,7,6,47.89974532219241
LSD_Second,set2_early_soh,GPR,log,protocol_holdout,random_selection,7,12,42.97704507426728
LSD_Second,set2_early_soh,GPR,log,protocol_holdout,random_selection,7,18,47.81126373931068
LSD_Second,set2_early_soh,GPR,log,protocol_holdout,random_selection,7,24,37.66077863747682
LSD_Second,set2_early_soh,GPR,log,protocol_holdout,random_selection,7,30,49.581786496200095
LSD_Second,set2_early_soh,GPR,log,protocol_holdout,random_selection,7,36,44.0215844474989
LSD_Second,set2_early_soh,GPR,log,protocol_holdout,random_selection,7,42,42.63822055415448
LSD_Second,set2_early_soh,GPR,log,protocol_holdout,random_selection,7,48,42.29731649667798
LSD_Second,set2_early_soh,GPR,log,protocol_holdout,random_selection,7,54,42.06498750054225
LSD_Second,set2_early_soh,GPR,log,protocol_holdout,random_selection,7,58,42.61991869806616
LSD_Second,set2_early_soh,GPR,log,protocol_holdout,random_selection,8,6,29.782528589957497
LSD_Second,set2_early_soh,GPR,log,protocol_holdout,random_selection,8,12,29.78131577438583
LSD_Second,set2_early_soh,GPR,log,protocol_holdout,random_selection,8,18,29.42166686640337
LSD_Second,set2_early_soh,GPR,log,protocol_holdout,random_selection,8,24,29.676823608274333
LSD_Second,set2_early_soh,GPR,log,protocol_holdout,random_selection,8,30,31.11037441713018
LSD_Second,set2_early_soh,GPR,log,protocol_holdout,random_selection,8,36,31.256127046856275
LSD_Second,set2_early_soh,GPR,log,protocol_holdout,random_selection,8,42,30.614571729555
LSD_Second,set2_early_soh,GPR,log,protocol_holdout,random_selection,8,48,30.79933542364168
LSD_Second,set2_early_soh,GPR,log,protocol_holdout,random_selection,8,54,30.477413274294328
LSD_Second,set2_early_soh,GPR,log,protocol_holdout,random_selection,8,58,30.507013196979443
LSD_Second,set2_early_soh,GPR,log,protocol_holdout,random_selection,9,6,27.21194196346409
LSD_Second,set2_early_soh,GPR,log,protocol_holdout,random_selection,9,12,28.8599928459976
LSD_Second,set2_early_soh,GPR,log,protocol_holdout,random_selection,9,18,43.53567059135021
LSD_Second,set2_early_soh,GPR,log,protocol_holdout,random_selection,9,24,40.68937895378957
LSD_Second,set2_early_soh,GPR,log,protocol_holdout,random_selection,9,30,34.63020435616129
LSD_Second,set2_early_soh,GPR,log,protocol_holdout,random_selection,9,36,34.93160030139049
LSD_Second,set2_early_soh,GPR,log,protocol_holdout,random_selection,9,42,35.98826048372784
LSD_Second,set2_early_soh,GPR,log,protocol_holdout,random_selection,9,48,33.10330021132557
LSD_Second,set2_early_soh,GPR,log,protocol_holdout,random_selection,9,54,31.764792431275467
LSD_Second,set2_early_soh,GPR,log,protocol_holdout,random_selection,9,58,31.69374738528172
LSD_Second,set2_early_soh,GPR,log,protocol_holdout,random_selection,10,6,30.16771501625741
LSD_Second,set2_early_soh,GPR,log,protocol_holdout,random_selection,10,12,32.59169351258689
LSD_Second,set2_early_soh,GPR,log,protocol_holdout,random_selection,10,18,31.847318091287462
LSD_Second,set2_early_soh,GPR,log,protocol_holdout,random_selection,10,24,32.06064165015929
LSD_Second,set2_early_soh,GPR,log,protocol_holdout,random_selection,10,30,32.08646148394385
LSD_Second,set2_early_soh,GPR,log,protocol_holdout,random_selection,10,36,35.71719307424282
LSD_Second,set2_early_soh,GPR,log,protocol_holdout,random_selection,10,42,33.606421288239794
LSD_Second,set2_early_soh,GPR,log,protocol_holdout,random_selection,10,48,32.38055361698971
LSD_Second,set2_early_soh,GPR,log,protocol_holdout,random_selection,10,54,31.98607955566462
LSD_Second,set2_early_soh,GPR,log,protocol_holdout,random_selection,10,58,30.720845748749586
LSD_Second,set2_early_soh,GPR,log,protocol_holdout,diversity_oneshot,1,6,19.11863123529892
LSD_Second,set2_early_soh,GPR,log,protocol_holdout,diversity_oneshot,1,12,41.73397578691619
LSD_Second,set2_early_soh,GPR,log,protocol_holdout,diversity_oneshot,1,18,21.892122019835007
LSD_Second,set2_early_soh,GPR,log,protocol_holdout,diversity_oneshot,1,24,19.770327503162388
LSD_Second,set2_early_soh,GPR,log,protocol_holdout,diversity_oneshot,1,30,17.451911519269554
LSD_Second,set2_early_soh,GPR,log,protocol_holdout,diversity_oneshot,1,36,24.32024270420975
LSD_Second,set2_early_soh,GPR,log,protocol_holdout,diversity_oneshot,1,42,16.736265283545514
LSD_Second,set2_early_soh,GPR,log,protocol_holdout,diversity_oneshot,1,48,18.01560093790724
LSD_Second,set2_early_soh,GPR,log,protocol_holdout,diversity_oneshot,1,54,18.94109767873112
LSD_Second,set2_early_soh,GPR,log,protocol_holdout,diversity_oneshot,1,58,19.410144780099056
LSD_Second,set2_early_soh,GPR,log,protocol_holdout,diversity_oneshot,2,6,63.57378604845776
LSD_Second,set2_early_soh,GPR,log,protocol_holdout,diversity_oneshot,2,12,83.28635427013033
LSD_Second,set2_early_soh,GPR,log,protocol_holdout,diversity_oneshot,2,18,61.45016866445175
LSD_Second,set2_early_soh,GPR,log,protocol_holdout,diversity_oneshot,2,24,36.31912971901394
LSD_Second,set2_early_soh,GPR,log,protocol_holdout,diversity_oneshot,2,30,34.16272278117456
LSD_Second,set2_early_soh,GPR,log,protocol_holdout,diversity_oneshot,2,36,36.5073186823691
LSD_Second,set2_early_soh,GPR,log,protocol_holdout,diversity_oneshot,2,42,41.31798532689899
LSD_Second,set2_early_soh,GPR,log,protocol_holdout,diversity_oneshot,2,48,85.16747183049503
LSD_Second,set2_early_soh,GPR,log,protocol_holdout,diversity_oneshot,2,54,71.2239701173713
LSD_Second,set2_early_soh,GPR,log,protocol_holdout,diversity_oneshot,2,58,51.59908816323787
LSD_Second,set2_early_soh,GPR,log,protocol_holdout,diversity_oneshot,3,6,35.455857927858126
LSD_Second,set2_early_soh,GPR,log,protocol_holdout,diversity_oneshot,3,12,39.04437891500792
LSD_Second,set2_early_soh,GPR,log,protocol_holdout,diversity_oneshot,3,18,32.75546260542657
LSD_Second,set2_early_soh,GPR,log,protocol_holdout,diversity_oneshot,3,24,34.65951305512936
LSD_Second,set2_early_soh,GPR,log,protocol_holdout,diversity_oneshot,3,30,46.517791316626905
LSD_Second,set2_early_soh,GPR,log,protocol_holdout,diversity_oneshot,3,36,41.88540170718446
LSD_Second,set2_early_soh,GPR,log,protocol_holdout,diversity_oneshot,3,42,31.869995121528888
LSD_Second,set2_early_soh,GPR,log,protocol_holdout,diversity_oneshot,3,48,30.11810942663649
LSD_Second,set2_early_soh,GPR,log,protocol_holdout,diversity_oneshot,3,54,29.3744061474845
LSD_Second,set2_early_soh,GPR,log,protocol_holdout,diversity_oneshot,3,58,31.716334871027147
LSD_Second,set2_early_soh,GPR,log,protocol_holdout,diversity_oneshot,4,6,83.67162523218506
LSD_Second,set2_early_soh,GPR,log,protocol_holdout,diversity_oneshot,4,12,31.268505170618244
LSD_Second,set2_early_soh,GPR,log,protocol_holdout,diversity_oneshot,4,18,70.2119267790852
LSD_Second,set2_early_soh,GPR,log,protocol_holdout,diversity_oneshot,4,24,51.29114583123282
LSD_Second,set2_early_soh,GPR,log,protocol_holdout,diversity_oneshot,4,30,26.750789347527
LSD_Second,set2_early_soh,GPR,log,protocol_holdout,diversity_oneshot,4,36,36.20220631975791
LSD_Second,set2_early_soh,GPR,log,protocol_holdout,diversity_oneshot,4,42,40.41198605109665
LSD_Second,set2_early_soh,GPR,log,protocol_holdout,diversity_oneshot,4,48,67.8211888585054
LSD_Second,set2_early_soh,GPR,log,protocol_holdout,diversity_oneshot,4,54,65.54578914522759
LSD_Second,set2_early_soh,GPR,log,protocol_holdout,diversity_oneshot,4,58,32.93881939409159
LSD_Second,set2_early_soh,GPR,log,protocol_holdout,diversity_oneshot,5,6,47.76362885216152
LSD_Second,set2_early_soh,GPR,log,protocol_holdout,diversity_oneshot,5,12,48.54988265100608
LSD_Second,set2_early_soh,GPR,log,protocol_holdout,diversity_oneshot,5,18,32.01296441719323
LSD_Second,set2_early_soh,GPR,log,protocol_holdout,diversity_oneshot,5,24,32.23014566700378
LSD_Second,set2_early_soh,GPR,log,protocol_holdout,diversity_oneshot,5,30,32.08759722958341
LSD_Second,set2_early_soh,GPR,log,protocol_holdout,diversity_oneshot,5,36,30.799054005095268
LSD_Second,set2_early_soh,GPR,log,protocol_holdout,diversity_oneshot,5,42,30.9277833306842
LSD_Second,set2_early_soh,GPR,log,protocol_holdout,diversity_oneshot,5,48,30.359927464067216
LSD_Second,set2_early_soh,GPR,log,protocol_holdout,diversity_oneshot,5,54,30.892137213682965
LSD_Second,set2_early_soh,GPR,log,protocol_holdout,diversity_oneshot,5,58,30.63225901060976
LSD_Second,set2_early_soh,GPR,log,protocol_holdout,diversity_oneshot,6,6,69.94975548319849
LSD_Second,set2_early_soh,GPR,log,protocol_holdout,diversity_oneshot,6,12,31.81366134629769
LSD_Second,set2_early_soh,GPR,log,protocol_holdout,diversity_oneshot,6,18,69.7375924133076
LSD_Second,set2_early_soh,GPR,log,protocol_holdout,diversity_oneshot,6,24,70.77013495513698
LSD_Second,set2_early_soh,GPR,log,protocol_holdout,diversity_oneshot,6,30,51.48383400555715
LSD_Second,set2_early_soh,GPR,log,protocol_holdout,diversity_oneshot,6,36,31.62221674780381
LSD_Second,set2_early_soh,GPR,log,protocol_holdout,diversity_oneshot,6,42,28.55754154846776
LSD_Second,set2_early_soh,GPR,log,protocol_holdout,diversity_oneshot,6,48,36.99513067553684
LSD_Second,set2_early_soh,GPR,log,protocol_holdout,diversity_oneshot,6,54,37.30720512061987
LSD_Second,set2_early_soh,GPR,log,protocol_holdout,diversity_oneshot,6,58,44.4552334182735
LSD_Second,set2_early_soh,GPR,log,protocol_holdout,diversity_oneshot,7,6,60.38781623567691
LSD_Second,set2_early_soh,GPR,log,protocol_holdout,diversity_oneshot,7,12,32.21982234961945
LSD_Second,set2_early_soh,GPR,log,protocol_holdout,diversity_oneshot,7,18,38.47948880640632
LSD_Second,set2_early_soh,GPR,log,protocol_holdout,diversity_oneshot,7,24,28.63171584706345
LSD_Second,set2_early_soh,GPR,log,protocol_holdout,diversity_oneshot,7,30,31.82613204945856
LSD_Second,set2_early_soh,GPR,log,protocol_holdout,diversity_oneshot,7,36,35.25429215230382
LSD_Second,set2_early_soh,GPR,log,protocol_holdout,diversity_oneshot,7,42,39.82834250582239
LSD_Second,set2_early_soh,GPR,log,protocol_holdout,diversity_oneshot,7,48,42.03295632580416
LSD_Second,set2_early_soh,GPR,log,protocol_holdout,diversity_oneshot,7,54,43.16702754962318
LSD_Second,set2_early_soh,GPR,log,protocol_holdout,diversity_oneshot,7,58,42.61991869806616
LSD_Second,set2_early_soh,GPR,log,protocol_holdout,diversity_oneshot,8,6,31.76299034341104
LSD_Second,set2_early_soh,GPR,log,protocol_holdout,diversity_oneshot,8,12,40.954336028540354
LSD_Second,set2_early_soh,GPR,log,protocol_holdout,diversity_oneshot,8,18,29.60316390547188
LSD_Second,set2_early_soh,GPR,log,protocol_holdout,diversity_oneshot,8,24,29.82846705205244
LSD_Second,set2_early_soh,GPR,log,protocol_holdout,diversity_oneshot,8,30,30.76032315486095
LSD_Second,set2_early_soh,GPR,log,protocol_holdout,diversity_oneshot,8,36,29.46991877377613
LSD_Second,set2_early_soh,GPR,log,protocol_holdout,diversity_oneshot,8,42,31.136292739807782
LSD_Second,set2_early_soh,GPR,log,protocol_holdout,diversity_oneshot,8,48,29.670054073971365
LSD_Second,set2_early_soh,GPR,log,protocol_holdout,diversity_oneshot,8,54,29.37673803884011
LSD_Second,set2_early_soh,GPR,log,protocol_holdout,diversity_oneshot,8,58,30.507013196979443
LSD_Second,set2_early_soh,GPR,log,protocol_holdout,diversity_oneshot,9,6,39.31933352105496
LSD_Second,set2_early_soh,GPR,log,protocol_holdout,diversity_oneshot,9,12,28.8374575395212
LSD_Second,set2_early_soh,GPR,log,protocol_holdout,diversity_oneshot,9,18,29.05346668754838
LSD_Second,set2_early_soh,GPR,log,protocol_holdout,diversity_oneshot,9,24,41.46931502716188
LSD_Second,set2_early_soh,GPR,log,protocol_holdout,diversity_oneshot,9,30,41.75600467028717
LSD_Second,set2_early_soh,GPR,log,protocol_holdout,diversity_oneshot,9,36,33.39905999748908
LSD_Second,set2_early_soh,GPR,log,protocol_holdout,diversity_oneshot,9,42,30.30756316943648
LSD_Second,set2_early_soh,GPR,log,protocol_holdout,diversity_oneshot,9,48,35.71740564756177
LSD_Second,set2_early_soh,GPR,log,protocol_holdout,diversity_oneshot,9,54,28.98413462945622
LSD_Second,set2_early_soh,GPR,log,protocol_holdout,diversity_oneshot,9,58,31.69374738528172
LSD_Second,set2_early_soh,GPR,log,protocol_holdout,diversity_oneshot,10,6,30.17368351211144
LSD_Second,set2_early_soh,GPR,log,protocol_holdout,diversity_oneshot,10,12,55.85721472427325
LSD_Second,set2_early_soh,GPR,log,protocol_holdout,diversity_oneshot,10,18,32.011279210018294
LSD_Second,set2_early_soh,GPR,log,protocol_holdout,diversity_oneshot,10,24,29.17254628235317
LSD_Second,set2_early_soh,GPR,log,protocol_holdout,diversity_oneshot,10,30,30.30764086398829
LSD_Second,set2_early_soh,GPR,log,protocol_holdout,diversity_oneshot,10,36,30.89413018462866
LSD_Second,set2_early_soh,GPR,log,protocol_holdout,diversity_oneshot,10,42,30.299102835969755
LSD_Second,set2_early_soh,GPR,log,protocol_holdout,diversity_oneshot,10,48,33.70558902154281
LSD_Second,set2_early_soh,GPR,log,protocol_holdout,diversity_oneshot,10,54,30.9590073824629
LSD_Second,set2_early_soh,GPR,log,protocol_holdout,diversity_oneshot,10,58,30.720845748749586
LSD_Second,set2_early_soh,GPR,log,protocol_holdout,diversity_iterative,1,6,19.11863123529892
LSD_Second,set2_early_soh,GPR,log,protocol_holdout,diversity_iterative,1,12,17.604799136516085
LSD_Second,set2_early_soh,GPR,log,protocol_holdout,diversity_iterative,1,18,18.74962352959884
LSD_Second,set2_early_soh,GPR,log,protocol_holdout,diversity_iterative,1,24,20.64409428790762
LSD_Second,set2_early_soh,GPR,log,protocol_holdout,diversity_iterative,1,30,22.183639520591704
LSD_Second,set2_early_soh,GPR,log,protocol_holdout,diversity_iterative,1,36,19.92152037304715
LSD_Second,set2_early_soh,GPR,log,protocol_holdout,diversity_iterative,1,42,24.068772132530395
LSD_Second,set2_early_soh,GPR,log,protocol_holdout,diversity_iterative,1,48,23.01899599285296
LSD_Second,set2_early_soh,GPR,log,protocol_holdout,diversity_iterative,1,54,19.712596978982848
LSD_Second,set2_early_soh,GPR,log,protocol_holdout,diversity_iterative,1,58,19.410144780099056
LSD_Second,set2_early_soh,GPR,log,protocol_holdout,diversity_iterative,2,6,63.57378604845776
LSD_Second,set2_early_soh,GPR,log,protocol_holdout,diversity_iterative,2,12,62.60454841115533
LSD_Second,set2_early_soh,GPR,log,protocol_holdout,diversity_iterative,2,18,82.0203620792885
LSD_Second,set2_early_soh,GPR,log,protocol_holdout,diversity_iterative,2,24,51.00296243976101
LSD_Second,set2_early_soh,GPR,log,protocol_holdout,diversity_iterative,2,30,44.25307579314259
LSD_Second,set2_early_soh,GPR,log,protocol_holdout,diversity_iterative,2,36,38.13018451088907
LSD_Second,set2_early_soh,GPR,log,protocol_holdout,diversity_iterative,2,42,39.96587456556295
LSD_Second,set2_early_soh,GPR,log,protocol_holdout,diversity_iterative,2,48,59.27082811172944
LSD_Second,set2_early_soh,GPR,log,protocol_holdout,diversity_iterative,2,54,52.8242817359078
LSD_Second,set2_early_soh,GPR,log,protocol_holdout,diversity_iterative,2,58,51.59908816323787
LSD_Second,set2_early_soh,GPR,log,protocol_holdout,diversity_iterative,3,6,35.455857927858126
LSD_Second,set2_early_soh,GPR,log,protocol_holdout,diversity_iterative,3,12,32.950962091572215
LSD_Second,set2_early_soh,GPR,log,protocol_holdout,diversity_iterative,3,18,27.76416966132316
LSD_Second,set2_early_soh,GPR,log,protocol_holdout,diversity_iterative,3,24,31.83005722511035
LSD_Second,set2_early_soh,GPR,log,protocol_holdout,diversity_iterative,3,30,32.14962770251683
LSD_Second,set2_early_soh,GPR,log,protocol_holdout,diversity_iterative,3,36,28.53501911897201
LSD_Second,set2_early_soh,GPR,log,protocol_holdout,diversity_iterative,3,42,29.9013587125804
LSD_Second,set2_early_soh,GPR,log,protocol_holdout,diversity_iterative,3,48,29.767269600884127
LSD_Second,set2_early_soh,GPR,log,protocol_holdout,diversity_iterative,3,54,32.10877651164904
LSD_Second,set2_early_soh,GPR,log,protocol_holdout,diversity_iterative,3,58,31.716334871027147
LSD_Second,set2_early_soh,GPR,log,protocol_holdout,diversity_iterative,4,6,83.67162523218506
LSD_Second,set2_early_soh,GPR,log,protocol_holdout,diversity_iterative,4,12,27.98562072650527
LSD_Second,set2_early_soh,GPR,log,protocol_holdout,diversity_iterative,4,18,34.67822535899472
LSD_Second,set2_early_soh,GPR,log,protocol_holdout,diversity_iterative,4,24,30.108344845587048
LSD_Second,set2_early_soh,GPR,log,protocol_holdout,diversity_iterative,4,30,29.573721811137784
LSD_Second,set2_early_soh,GPR,log,protocol_holdout,diversity_iterative,4,36,27.78036907350091
LSD_Second,set2_early_soh,GPR,log,protocol_holdout,diversity_iterative,4,42,28.31132917924941
LSD_Second,set2_early_soh,GPR,log,protocol_holdout,diversity_iterative,4,48,28.993168145865965
LSD_Second,set2_early_soh,GPR,log,protocol_holdout,diversity_iterative,4,54,37.28338900276215
LSD_Second,set2_early_soh,GPR,log,protocol_holdout,diversity_iterative,4,58,32.93881939409159
LSD_Second,set2_early_soh,GPR,log,protocol_holdout,diversity_iterative,5,6,47.76362885216152
LSD_Second,set2_early_soh,GPR,log,protocol_holdout,diversity_iterative,5,12,43.826274533560856
LSD_Second,set2_early_soh,GPR,log,protocol_holdout,diversity_iterative,5,18,38.788660614653566
LSD_Second,set2_early_soh,GPR,log,protocol_holdout,diversity_iterative,5,24,32.29817649604542
LSD_Second,set2_early_soh,GPR,log,protocol_holdout,diversity_iterative,5,30,31.25605958261673
LSD_Second,set2_early_soh,GPR,log,protocol_holdout,diversity_iterative,5,36,30.804469453745604
LSD_Second,set2_early_soh,GPR,log,protocol_holdout,diversity_iterative,5,42,31.135774784826264
LSD_Second,set2_early_soh,GPR,log,protocol_holdout,diversity_iterative,5,48,30.823763825787363
LSD_Second,set2_early_soh,GPR,log,protocol_holdout,diversity_iterative,5,54,30.703627708101745
LSD_Second,set2_early_soh,GPR,log,protocol_holdout,diversity_iterative,5,58,30.63225901060976
LSD_Second,set2_early_soh,GPR,log,protocol_holdout,diversity_iterative,6,6,69.94975548319849
LSD_Second,set2_early_soh,GPR,log,protocol_holdout,diversity_iterative,6,12,40.24670129226506
LSD_Second,set2_early_soh,GPR,log,protocol_holdout,diversity_iterative,6,18,25.49210696175452
LSD_Second,set2_early_soh,GPR,log,protocol_holdout,diversity_iterative,6,24,31.02287551835649
LSD_Second,set2_early_soh,GPR,log,protocol_holdout,diversity_iterative,6,30,35.630235620163056
LSD_Second,set2_early_soh,GPR,log,protocol_holdout,diversity_iterative,6,36,34.005045797850435
LSD_Second,set2_early_soh,GPR,log,protocol_holdout,diversity_iterative,6,42,39.81272204140443
LSD_Second,set2_early_soh,GPR,log,protocol_holdout,diversity_iterative,6,48,36.89423191311678
LSD_Second,set2_early_soh,GPR,log,protocol_holdout,diversity_iterative,6,54,44.97057134722514
LSD_Second,set2_early_soh,GPR,log,protocol_holdout,diversity_iterative,6,58,44.4552334182735
LSD_Second,set2_early_soh,GPR,log,protocol_holdout,diversity_iterative,7,6,60.38781623567691
LSD_Second,set2_early_soh,GPR,log,protocol_holdout,diversity_iterative,7,12,51.77100806503303
LSD_Second,set2_early_soh,GPR,log,protocol_holdout,diversity_iterative,7,18,43.6056347238208
LSD_Second,set2_early_soh,GPR,log,protocol_holdout,diversity_iterative,7,24,42.30055750071603
LSD_Second,set2_early_soh,GPR,log,protocol_holdout,diversity_iterative,7,30,36.33825544694867
LSD_Second,set2_early_soh,GPR,log,protocol_holdout,diversity_iterative,7,36,47.7283862661735
LSD_Second,set2_early_soh,GPR,log,protocol_holdout,diversity_iterative,7,42,42.03165150688283
LSD_Second,set2_early_soh,GPR,log,protocol_holdout,diversity_iterative,7,48,46.726032493939954
LSD_Second,set2_early_soh,GPR,log,protocol_holdout,diversity_iterative,7,54,44.50026884040749
LSD_Second,set2_early_soh,GPR,log,protocol_holdout,diversity_iterative,7,58,42.61991869806616
LSD_Second,set2_early_soh,GPR,log,protocol_holdout,diversity_iterative,8,6,31.76299034341104
LSD_Second,set2_early_soh,GPR,log,protocol_holdout,diversity_iterative,8,12,30.6217171967426
LSD_Second,set2_early_soh,GPR,log,protocol_holdout,diversity_iterative,8,18,32.63644120685046
LSD_Second,set2_early_soh,GPR,log,protocol_holdout,diversity_iterative,8,24,32.382233799973456
LSD_Second,set2_early_soh,GPR,log,protocol_holdout,diversity_iterative,8,30,30.470551046018844
LSD_Second,set2_early_soh,GPR,log,protocol_holdout,diversity_iterative,8,36,29.912490138046387
LSD_Second,set2_early_soh,GPR,log,protocol_holdout,diversity_iterative,8,42,29.097204555799284
LSD_Second,set2_early_soh,GPR,log,protocol_holdout,diversity_iterative,8,48,29.777426729137847
LSD_Second,set2_early_soh,GPR,log,protocol_holdout,diversity_iterative,8,54,30.28083746724792
LSD_Second,set2_early_soh,GPR,log,protocol_holdout,diversity_iterative,8,58,30.507013196979443
LSD_Second,set2_early_soh,GPR,log,protocol_holdout,diversity_iterative,9,6,39.31933352105496
LSD_Second,set2_early_soh,GPR,log,protocol_holdout,diversity_iterative,9,12,29.01196170702795
LSD_Second,set2_early_soh,GPR,log,protocol_holdout,diversity_iterative,9,18,31.824295309758284
LSD_Second,set2_early_soh,GPR,log,protocol_holdout,diversity_iterative,9,24,30.609534668234307
LSD_Second,set2_early_soh,GPR,log,protocol_holdout,diversity_iterative,9,30,30.06559425549481
LSD_Second,set2_early_soh,GPR,log,protocol_holdout,diversity_iterative,9,36,30.990817201517423
LSD_Second,set2_early_soh,GPR,log,protocol_holdout,diversity_iterative,9,42,30.686440949083725
LSD_Second,set2_early_soh,GPR,log,protocol_holdout,diversity_iterative,9,48,28.62974468381008
LSD_Second,set2_early_soh,GPR,log,protocol_holdout,diversity_iterative,9,54,31.62047124982616
LSD_Second,set2_early_soh,GPR,log,protocol_holdout,diversity_iterative,9,58,31.69374738528172
LSD_Second,set2_early_soh,GPR,log,protocol_holdout,diversity_iterative,10,6,30.17368351211144
LSD_Second,set2_early_soh,GPR,log,protocol_holdout,diversity_iterative,10,12,24.66931303145444
LSD_Second,set2_early_soh,GPR,log,protocol_holdout,diversity_iterative,10,18,29.867256074146223
LSD_Second,set2_early_soh,GPR,log,protocol_holdout,diversity_iterative,10,24,33.552934022418704
LSD_Second,set2_early_soh,GPR,log,protocol_holdout,diversity_iterative,10,30,33.1676130303652
LSD_Second,set2_early_soh,GPR,log,protocol_holdout,diversity_iterative,10,36,38.88422435032325
LSD_Second,set2_early_soh,GPR,log,protocol_holdout,diversity_iterative,10,42,37.06672771837413
LSD_Second,set2_early_soh,GPR,log,protocol_holdout,diversity_iterative,10,48,33.88422151306607
LSD_Second,set2_early_soh,GPR,log,protocol_holdout,diversity_iterative,10,54,31.66083812154918
LSD_Second,set2_early_soh,GPR,log,protocol_holdout,diversity_iterative,10,58,30.720845748749586
LSD_Second,set2_early_soh,GPR,log,protocol_holdout,coverage,1,6,92.42404325170526
LSD_Second,set2_early_soh,GPR,log,protocol_holdout,coverage,1,12,49.82675455838645
LSD_Second,set2_early_soh,GPR,log,protocol_holdout,coverage,1,18,40.99362302109216
LSD_Second,set2_early_soh,GPR,log,protocol_holdout,coverage,1,24,26.714765587786456
LSD_Second,set2_early_soh,GPR,log,protocol_holdout,coverage,1,30,23.88181047567
LSD_Second,set2_early_soh,GPR,log,protocol_holdout,coverage,1,36,20.200504928498013
LSD_Second,set2_early_soh,GPR,log,protocol_holdout,coverage,1,42,19.879043580371427
LSD_Second,set2_early_soh,GPR,log,protocol_holdout,coverage,1,48,24.355170750210515
LSD_Second,set2_early_soh,GPR,log,protocol_holdout,coverage,1,54,18.70532582256252
LSD_Second,set2_early_soh,GPR,log,protocol_holdout,coverage,1,58,19.410144780099056
LSD_Second,set2_early_soh,GPR,log,protocol_holdout,coverage,2,6,34.27988180874817
LSD_Second,set2_early_soh,GPR,log,protocol_holdout,coverage,2,12,35.242596028106945
LSD_Second,set2_early_soh,GPR,log,protocol_holdout,coverage,2,18,35.323859762090464
LSD_Second,set2_early_soh,GPR,log,protocol_holdout,coverage,2,24,58.17564246630873
LSD_Second,set2_early_soh,GPR,log,protocol_holdout,coverage,2,30,62.986727045331584
LSD_Second,set2_early_soh,GPR,log,protocol_holdout,coverage,2,36,54.6702803632391
LSD_Second,set2_early_soh,GPR,log,protocol_holdout,coverage,2,42,53.75342401984881
LSD_Second,set2_early_soh,GPR,log,protocol_holdout,coverage,2,48,48.35613451448113
LSD_Second,set2_early_soh,GPR,log,protocol_holdout,coverage,2,54,51.70089004962597
LSD_Second,set2_early_soh,GPR,log,protocol_holdout,coverage,2,58,51.59908816323787
LSD_Second,set2_early_soh,GPR,log,protocol_holdout,coverage,3,6,47.438914795942175
LSD_Second,set2_early_soh,GPR,log,protocol_holdout,coverage,3,12,43.14263305839603
LSD_Second,set2_early_soh,GPR,log,protocol_holdout,coverage,3,18,41.602957352805554
LSD_Second,set2_early_soh,GPR,log,protocol_holdout,coverage,3,24,35.71768656792148
LSD_Second,set2_early_soh,GPR,log,protocol_holdout,coverage,3,30,36.82592411463736
LSD_Second,set2_early_soh,GPR,log,protocol_holdout,coverage,3,36,30.211299496629607
LSD_Second,set2_early_soh,GPR,log,protocol_holdout,coverage,3,42,29.709006506403743
LSD_Second,set2_early_soh,GPR,log,protocol_holdout,coverage,3,48,32.54941580007152
LSD_Second,set2_early_soh,GPR,log,protocol_holdout,coverage,3,54,32.32747511299458
LSD_Second,set2_early_soh,GPR,log,protocol_holdout,coverage,3,58,31.716334871027147
LSD_Second,set2_early_soh,GPR,log,protocol_holdout,coverage,4,6,29.33273206014868
LSD_Second,set2_early_soh,GPR,log,protocol_holdout,coverage,4,12,26.31729559648387
LSD_Second,set2_early_soh,GPR,log,protocol_holdout,coverage,4,18,24.707152362840905
LSD_Second,set2_early_soh,GPR,log,protocol_holdout,coverage,4,24,46.59049536923322
LSD_Second,set2_early_soh,GPR,log,protocol_holdout,coverage,4,30,30.75825531476418
LSD_Second,set2_early_soh,GPR,log,protocol_holdout,coverage,4,36,46.4558655594744
LSD_Second,set2_early_soh,GPR,log,protocol_holdout,coverage,4,42,54.92433962315274
LSD_Second,set2_early_soh,GPR,log,protocol_holdout,coverage,4,48,46.45677205339478
LSD_Second,set2_early_soh,GPR,log,protocol_holdout,coverage,4,54,31.93340843992446
LSD_Second,set2_early_soh,GPR,log,protocol_holdout,coverage,4,58,32.93881939409159
LSD_Second,set2_early_soh,GPR,log,protocol_holdout,coverage,5,6,30.62881481109572
LSD_Second,set2_early_soh,GPR,log,protocol_holdout,coverage,5,12,30.768161382479715
LSD_Second,set2_early_soh,GPR,log,protocol_holdout,coverage,5,18,25.99760799566959
LSD_Second,set2_early_soh,GPR,log,protocol_holdout,coverage,5,24,28.152654320552063
LSD_Second,set2_early_soh,GPR,log,protocol_holdout,coverage,5,30,31.399380037924047
LSD_Second,set2_early_soh,GPR,log,protocol_holdout,coverage,5,36,28.427322320889864
LSD_Second,set2_early_soh,GPR,log,protocol_holdout,coverage,5,42,30.944031988799946
LSD_Second,set2_early_soh,GPR,log,protocol_holdout,coverage,5,48,30.83514622237179
LSD_Second,set2_early_soh,GPR,log,protocol_holdout,coverage,5,54,30.82904713103375
LSD_Second,set2_early_soh,GPR,log,protocol_holdout,coverage,5,58,30.63225901060976
LSD_Second,set2_early_soh,GPR,log,protocol_holdout,coverage,6,6,32.66841813235484
LSD_Second,set2_early_soh,GPR,log,protocol_holdout,coverage,6,12,32.16283781632407
LSD_Second,set2_early_soh,GPR,log,protocol_holdout,coverage,6,18,27.58259118274283
LSD_Second,set2_early_soh,GPR,log,protocol_holdout,coverage,6,24,31.04722868675211
LSD_Second,set2_early_soh,GPR,log,protocol_holdout,coverage,6,30,32.90674943672102
LSD_Second,set2_early_soh,GPR,log,protocol_holdout,coverage,6,36,56.012169689440086
LSD_Second,set2_early_soh,GPR,log,protocol_holdout,coverage,6,42,36.98158960925486
LSD_Second,set2_early_soh,GPR,log,protocol_holdout,coverage,6,48,35.232718493587015
LSD_Second,set2_early_soh,GPR,log,protocol_holdout,coverage,6,54,39.81044916818608
LSD_Second,set2_early_soh,GPR,log,protocol_holdout,coverage,6,58,44.4552334182735
LSD_Second,set2_early_soh,GPR,log,protocol_holdout,coverage,7,6,47.89974532219241
LSD_Second,set2_early_soh,GPR,log,protocol_holdout,coverage,7,12,42.53896323148268
LSD_Second,set2_early_soh,GPR,log,protocol_holdout,coverage,7,18,40.369922153415786
LSD_Second,set2_early_soh,GPR,log,protocol_holdout,coverage,7,24,31.860801594298195
LSD_Second,set2_early_soh,GPR,log,protocol_holdout,coverage,7,30,27.437854636218656
LSD_Second,set2_early_soh,GPR,log,protocol_holdout,coverage,7,36,33.56968237606451
LSD_Second,set2_early_soh,GPR,log,protocol_holdout,coverage,7,42,33.33786727219159
LSD_Second,set2_early_soh,GPR,log,protocol_holdout,coverage,7,48,34.38509415774714
LSD_Second,set2_early_soh,GPR,log,protocol_holdout,coverage,7,54,42.51137492900657
LSD_Second,set2_early_soh,GPR,log,protocol_holdout,coverage,7,58,42.61991869806616
LSD_Second,set2_early_soh,GPR,log,protocol_holdout,coverage,8,6,29.782528589957497
LSD_Second,set2_early_soh,GPR,log,protocol_holdout,coverage,8,12,32.546637892656186
LSD_Second,set2_early_soh,GPR,log,protocol_holdout,coverage,8,18,33.01230000861069
LSD_Second,set2_early_soh,GPR,log,protocol_holdout,coverage,8,24,29.48322596500325
LSD_Second,set2_early_soh,GPR,log,protocol_holdout,coverage,8,30,29.816797514400623
LSD_Second,set2_early_soh,GPR,log,protocol_holdout,coverage,8,36,29.90812430711628
LSD_Second,set2_early_soh,GPR,log,protocol_holdout,coverage,8,42,29.976725856772685
LSD_Second,set2_early_soh,GPR,log,protocol_holdout,coverage,8,48,30.782808866428105
LSD_Second,set2_early_soh,GPR,log,protocol_holdout,coverage,8,54,29.386614630068173
LSD_Second,set2_early_soh,GPR,log,protocol_holdout,coverage,8,58,30.507013196979443
LSD_Second,set2_early_soh,GPR,log,protocol_holdout,coverage,9,6,27.21194196346409
LSD_Second,set2_early_soh,GPR,log,protocol_holdout,coverage,9,12,26.93199181589926
LSD_Second,set2_early_soh,GPR,log,protocol_holdout,coverage,9,18,30.591996577294733
LSD_Second,set2_early_soh,GPR,log,protocol_holdout,coverage,9,24,28.791620850680832
LSD_Second,set2_early_soh,GPR,log,protocol_holdout,coverage,9,30,30.161672886219463
LSD_Second,set2_early_soh,GPR,log,protocol_holdout,coverage,9,36,32.48489814430048
LSD_Second,set2_early_soh,GPR,log,protocol_holdout,coverage,9,42,31.06735280871718
LSD_Second,set2_early_soh,GPR,log,protocol_holdout,coverage,9,48,31.64862527207717
LSD_Second,set2_early_soh,GPR,log,protocol_holdout,coverage,9,54,30.368070139865
LSD_Second,set2_early_soh,GPR,log,protocol_holdout,coverage,9,58,31.69374738528172
LSD_Second,set2_early_soh,GPR,log,protocol_holdout,coverage,10,6,30.16771501625741
LSD_Second,set2_early_soh,GPR,log,protocol_holdout,coverage,10,12,29.83688396020939
LSD_Second,set2_early_soh,GPR,log,protocol_holdout,coverage,10,18,30.133013413832227
LSD_Second,set2_early_soh,GPR,log,protocol_holdout,coverage,10,24,30.936790800028675
LSD_Second,set2_early_soh,GPR,log,protocol_holdout,coverage,10,30,31.07999479560884
LSD_Second,set2_early_soh,GPR,log,protocol_holdout,coverage,10,36,30.08841256373513
LSD_Second,set2_early_soh,GPR,log,protocol_holdout,coverage,10,42,29.741056290920447
LSD_Second,set2_early_soh,GPR,log,protocol_holdout,coverage,10,48,30.90509249699918
LSD_Second,set2_early_soh,GPR,log,protocol_holdout,coverage,10,54,32.89186241081533
LSD_Second,set2_early_soh,GPR,log,protocol_holdout,coverage,10,58,30.720845748749586
LSD_Second,set2_early_soh,GPR,log,protocol_holdout,exploration,1,6,92.42404325170526
LSD_Second,set2_early_soh,GPR,log,protocol_holdout,exploration,1,12,31.6629460758575
LSD_Second,set2_early_soh,GPR,log,protocol_holdout,exploration,1,18,26.788134828067683
LSD_Second,set2_early_soh,GPR,log,protocol_holdout,exploration,1,24,22.232962919997075
LSD_Second,set2_early_soh,GPR,log,protocol_holdout,exploration,1,30,19.803847618735432
LSD_Second,set2_early_soh,GPR,log,protocol_holdout,exploration,1,36,19.16334496492824
LSD_Second,set2_early_soh,GPR,log,protocol_holdout,exploration,1,42,17.51977141357996
LSD_Second,set2_early_soh,GPR,log,protocol_holdout,exploration,1,48,18.71110768584296
LSD_Second,set2_early_soh,GPR,log,protocol_holdout,exploration,1,54,19.31009209857016
LSD_Second,set2_early_soh,GPR,log,protocol_holdout,exploration,1,58,19.410144780099056
LSD_Second,set2_early_soh,GPR,log,protocol_holdout,exploration,2,6,34.27988180874817
LSD_Second,set2_early_soh,GPR,log,protocol_holdout,exploration,2,12,35.242596028106945
LSD_Second,set2_early_soh,GPR,log,protocol_holdout,exploration,2,18,31.26598148833729
LSD_Second,set2_early_soh,GPR,log,protocol_holdout,exploration,2,24,34.88190661011655
LSD_Second,set2_early_soh,GPR,log,protocol_holdout,exploration,2,30,39.32561358693029
LSD_Second,set2_early_soh,GPR,log,protocol_holdout,exploration,2,36,45.59898765418636
LSD_Second,set2_early_soh,GPR,log,protocol_holdout,exploration,2,42,41.45911684772086
LSD_Second,set2_early_soh,GPR,log,protocol_holdout,exploration,2,48,40.37409378441866
LSD_Second,set2_early_soh,GPR,log,protocol_holdout,exploration,2,54,48.92435693874448
LSD_Second,set2_early_soh,GPR,log,protocol_holdout,exploration,2,58,51.59908816323787
LSD_Second,set2_early_soh,GPR,log,protocol_holdout,exploration,3,6,47.438914795942175
LSD_Second,set2_early_soh,GPR,log,protocol_holdout,exploration,3,12,43.14263305839603
LSD_Second,set2_early_soh,GPR,log,protocol_holdout,exploration,3,18,41.12994488264971
LSD_Second,set2_early_soh,GPR,log,protocol_holdout,exploration,3,24,37.1256572208378
LSD_Second,set2_early_soh,GPR,log,protocol_holdout,exploration,3,30,35.28088240826364
LSD_Second,set2_early_soh,GPR,log,protocol_holdout,exploration,3,36,32.06187218106949
LSD_Second,set2_early_soh,GPR,log,protocol_holdout,exploration,3,42,32.780524786353304
LSD_Second,set2_early_soh,GPR,log,protocol_holdout,exploration,3,48,32.82359953000761
LSD_Second,set2_early_soh,GPR,log,protocol_holdout,exploration,3,54,32.55910083543407
LSD_Second,set2_early_soh,GPR,log,protocol_holdout,exploration,3,58,31.716334871027147
LSD_Second,set2_early_soh,GPR,log,protocol_holdout,exploration,4,6,29.33273206014868
LSD_Second,set2_early_soh,GPR,log,protocol_holdout,exploration,4,12,25.8708802315854
LSD_Second,set2_early_soh,GPR,log,protocol_holdout,exploration,4,18,24.64326645855368
LSD_Second,set2_early_soh,GPR,log,protocol_holdout,exploration,4,24,71.24646675202358
LSD_Second,set2_early_soh,GPR,log,protocol_holdout,exploration,4,30,72.68400641788824
LSD_Second,set2_early_soh,GPR,log,protocol_holdout,exploration,4,36,74.1104729028713
LSD_Second,set2_early_soh,GPR,log,protocol_holdout,exploration,4,42,58.53606174909751
LSD_Second,set2_early_soh,GPR,log,protocol_holdout,exploration,4,48,59.48746224385929
LSD_Second,set2_early_soh,GPR,log,protocol_holdout,exploration,4,54,65.71205133949192
LSD_Second,set2_early_soh,GPR,log,protocol_holdout,exploration,4,58,32.93881939409159
LSD_Second,set2_early_soh,GPR,log,protocol_holdout,exploration,5,6,30.62881481109572
LSD_Second,set2_early_soh,GPR,log,protocol_holdout,exploration,5,12,30.583332176240823
LSD_Second,set2_early_soh,GPR,log,protocol_holdout,exploration,5,18,28.88500636727362
LSD_Second,set2_early_soh,GPR,log,protocol_holdout,exploration,5,24,30.33106953205606
LSD_Second,set2_early_soh,GPR,log,protocol_holdout,exploration,5,30,30.862048701200447
LSD_Second,set2_early_soh,GPR,log,protocol_holdout,exploration,5,36,29.465347391108192
LSD_Second,set2_early_soh,GPR,log,protocol_holdout,exploration,5,42,30.59910542035395
LSD_Second,set2_early_soh,GPR,log,protocol_holdout,exploration,5,48,30.852408492046607
LSD_Second,set2_early_soh,GPR,log,protocol_holdout,exploration,5,54,30.64633632080233
LSD_Second,set2_early_soh,GPR,log,protocol_holdout,exploration,5,58,30.63225901060976
LSD_Second,set2_early_soh,GPR,log,protocol_holdout,exploration,6,6,32.66841813235484
LSD_Second,set2_early_soh,GPR,log,protocol_holdout,exploration,6,12,21.54189251964044
LSD_Second,set2_early_soh,GPR,log,protocol_holdout,exploration,6,18,21.71106432803547
LSD_Second,set2_early_soh,GPR,log,protocol_holdout,exploration,6,24,28.934161720334444
LSD_Second,set2_early_soh,GPR,log,protocol_holdout,exploration,6,30,29.012951673808534
LSD_Second,set2_early_soh,GPR,log,protocol_holdout,exploration,6,36,32.86249305135851
LSD_Second,set2_early_soh,GPR,log,protocol_holdout,exploration,6,42,34.972380080908366
LSD_Second,set2_early_soh,GPR,log,protocol_holdout,exploration,6,48,35.7683485252526
LSD_Second,set2_early_soh,GPR,log,protocol_holdout,exploration,6,54,36.82417616463076
LSD_Second,set2_early_soh,GPR,log,protocol_holdout,exploration,6,58,44.4552334182735
LSD_Second,set2_early_soh,GPR,log,protocol_holdout,exploration,7,6,47.89974532219241
LSD_Second,set2_early_soh,GPR,log,protocol_holdout,exploration,7,12,43.82760025433985
LSD_Second,set2_early_soh,GPR,log,protocol_holdout,exploration,7,18,36.50092117983354
LSD_Second,set2_early_soh,GPR,log,protocol_holdout,exploration,7,24,33.4188902525646
LSD_Second,set2_early_soh,GPR,log,protocol_holdout,exploration,7,30,32.498094547694365
LSD_Second,set2_early_soh,GPR,log,protocol_holdout,exploration,7,36,35.92512515897343
LSD_Second,set2_early_soh,GPR,log,protocol_holdout,exploration,7,42,42.219825912396765
LSD_Second,set2_early_soh,GPR,log,protocol_holdout,exploration,7,48,39.881190721403314
LSD_Second,set2_early_soh,GPR,log,protocol_holdout,exploration,7,54,38.84760602394011
LSD_Second,set2_early_soh,GPR,log,protocol_holdout,exploration,7,58,42.61991869806616
LSD_Second,set2_early_soh,GPR,log,protocol_holdout,exploration,8,6,29.782528589957497
LSD_Second,set2_early_soh,GPR,log,protocol_holdout,exploration,8,12,32.776400309513434
LSD_Second,set2_early_soh,GPR,log,protocol_holdout,exploration,8,18,29.64704410672802
LSD_Second,set2_early_soh,GPR,log,protocol_holdout,exploration,8,24,29.54597894371334
LSD_Second,set2_early_soh,GPR,log,protocol_holdout,exploration,8,30,29.588528023249587
LSD_Second,set2_early_soh,GPR,log,protocol_holdout,exploration,8,36,30.660289869009578
LSD_Second,set2_early_soh,GPR,log,protocol_holdout,exploration,8,42,30.07885263755655
LSD_Second,set2_early_soh,GPR,log,protocol_holdout,exploration,8,48,29.94269431829099
LSD_Second,set2_early_soh,GPR,log,protocol_holdout,exploration,8,54,30.0892206676355
LSD_Second,set2_early_soh,GPR,log,protocol_holdout,exploration,8,58,30.507013196979443
LSD_Second,set2_early_soh,GPR,log,protocol_holdout,exploration,9,6,27.21194196346409
LSD_Second,set2_early_soh,GPR,log,protocol_holdout,exploration,9,12,26.93199181589926
LSD_Second,set2_early_soh,GPR,log,protocol_holdout,exploration,9,18,30.11051971532503
LSD_Second,set2_early_soh,GPR,log,protocol_holdout,exploration,9,24,27.150891251839766
LSD_Second,set2_early_soh,GPR,log,protocol_holdout,exploration,9,30,32.990199871256806
LSD_Second,set2_early_soh,GPR,log,protocol_holdout,exploration,9,36,46.53584078314283
LSD_Second,set2_early_soh,GPR,log,protocol_holdout,exploration,9,42,36.46476629367485
LSD_Second,set2_early_soh,GPR,log,protocol_holdout,exploration,9,48,32.812493350129365
LSD_Second,set2_early_soh,GPR,log,protocol_holdout,exploration,9,54,30.4027309269668
LSD_Second,set2_early_soh,GPR,log,protocol_holdout,exploration,9,58,31.69374738528172
LSD_Second,set2_early_soh,GPR,log,protocol_holdout,exploration,10,6,30.16771501625741
LSD_Second,set2_early_soh,GPR,log,protocol_holdout,exploration,10,12,32.42803828176068
LSD_Second,set2_early_soh,GPR,log,protocol_holdout,exploration,10,18,26.63243379454335
LSD_Second,set2_early_soh,GPR,log,protocol_holdout,exploration,10,24,27.257622770239927
LSD_Second,set2_early_soh,GPR,log,protocol_holdout,exploration,10,30,31.8715484087171
LSD_Second,set2_early_soh,GPR,log,protocol_holdout,exploration,10,36,29.46146446685029
LSD_Second,set2_early_soh,GPR,log,protocol_holdout,exploration,10,42,28.681661771105745
LSD_Second,set2_early_soh,GPR,log,protocol_holdout,exploration,10,48,29.30509269677037
LSD_Second,set2_early_soh,GPR,log,protocol_holdout,exploration,10,54,30.38046030650045
LSD_Second,set2_early_soh,GPR,log,protocol_holdout,exploration,10,58,30.720845748749586
LSD_Second,set2_early_soh,GPR,log,protocol_holdout,exploitation,1,6,92.42404325170526
LSD_Second,set2_early_soh,GPR,log,protocol_holdout,exploitation,1,12,61.100663283301714
LSD_Second,set2_early_soh,GPR,log,protocol_holdout,exploitation,1,18,29.083991692275912
LSD_Second,set2_early_soh,GPR,log,protocol_holdout,exploitation,1,24,24.35711407497048
LSD_Second,set2_early_soh,GPR,log,protocol_holdout,exploitation,1,30,20.147285453361484
LSD_Second,set2_early_soh,GPR,log,protocol_holdout,exploitation,1,36,20.40587050737494
LSD_Second,set2_early_soh,GPR,log,protocol_holdout,exploitation,1,42,17.30090123942183
LSD_Second,set2_early_soh,GPR,log,protocol_holdout,exploitation,1,48,19.592893295149054
LSD_Second,set2_early_soh,GPR,log,protocol_holdout,exploitation,1,54,16.42607729079872
LSD_Second,set2_early_soh,GPR,log,protocol_holdout,exploitation,1,58,19.410144780099056
LSD_Second,set2_early_soh,GPR,log,protocol_holdout,exploitation,2,6,34.27988180874817
LSD_Second,set2_early_soh,GPR,log,protocol_holdout,exploitation,2,12,26.87224797746575
LSD_Second,set2_early_soh,GPR,log,protocol_holdout,exploitation,2,18,26.266265285739284
LSD_Second,set2_early_soh,GPR,log,protocol_holdout,exploitation,2,24,24.84529403876759
LSD_Second,set2_early_soh,GPR,log,protocol_holdout,exploitation,2,30,29.326329755982904
LSD_Second,set2_early_soh,GPR,log,protocol_holdout,exploitation,2,36,39.96758728071095
LSD_Second,set2_early_soh,GPR,log,protocol_holdout,exploitation,2,42,44.16749440854528
LSD_Second,set2_early_soh,GPR,log,protocol_holdout,exploitation,2,48,42.59830090558126
LSD_Second,set2_early_soh,GPR,log,protocol_holdout,exploitation,2,54,45.49035787161333
LSD_Second,set2_early_soh,GPR,log,protocol_holdout,exploitation,2,58,51.59908816323787
LSD_Second,set2_early_soh,GPR,log,protocol_holdout,exploitation,3,6,47.438914795942175
LSD_Second,set2_early_soh,GPR,log,protocol_holdout,exploitation,3,12,32.234503453248585
LSD_Second,set2_early_soh,GPR,log,protocol_holdout,exploitation,3,18,30.05037132975096
LSD_Second,set2_early_soh,GPR,log,protocol_holdout,exploitation,3,24,29.618123408781265
LSD_Second,set2_early_soh,GPR,log,protocol_holdout,exploitation,3,30,29.66412148572009
LSD_Second,set2_early_soh,GPR,log,protocol_holdout,exploitation,3,36,30.053536620688675
LSD_Second,set2_early_soh,GPR,log,protocol_holdout,exploitation,3,42,31.853426710413835
LSD_Second,set2_early_soh,GPR,log,protocol_holdout,exploitation,3,48,31.384526323839456
LSD_Second,set2_early_soh,GPR,log,protocol_holdout,exploitation,3,54,32.14934037969324
LSD_Second,set2_early_soh,GPR,log,protocol_holdout,exploitation,3,58,31.716334871027147
LSD_Second,set2_early_soh,GPR,log,protocol_holdout,exploitation,4,6,29.33273206014868
LSD_Second,set2_early_soh,GPR,log,protocol_holdout,exploitation,4,12,27.148873983382472
LSD_Second,set2_early_soh,GPR,log,protocol_holdout,exploitation,4,18,24.700231672634786
LSD_Second,set2_early_soh,GPR,log,protocol_holdout,exploitation,4,24,46.54325166418429
LSD_Second,set2_early_soh,GPR,log,protocol_holdout,exploitation,4,30,35.56302894554132
LSD_Second,set2_early_soh,GPR,log,protocol_holdout,exploitation,4,36,36.05866096881479
LSD_Second,set2_early_soh,GPR,log,protocol_holdout,exploitation,4,42,37.2820316896537
LSD_Second,set2_early_soh,GPR,log,protocol_holdout,exploitation,4,48,32.35678681296828
LSD_Second,set2_early_soh,GPR,log,protocol_holdout,exploitation,4,54,32.01907010709978
LSD_Second,set2_early_soh,GPR,log,protocol_holdout,exploitation,4,58,32.93881939409159
LSD_Second,set2_early_soh,GPR,log,protocol_holdout,exploitation,5,6,30.62881481109572
LSD_Second,set2_early_soh,GPR,log,protocol_holdout,exploitation,5,12,31.223543790068515
LSD_Second,set2_early_soh,GPR,log,protocol_holdout,exploitation,5,18,29.52501666074496
LSD_Second,set2_early_soh,GPR,log,protocol_holdout,exploitation,5,24,30.132112656687
LSD_Second,set2_early_soh,GPR,log,protocol_holdout,exploitation,5,30,29.305817896921088
LSD_Second,set2_early_soh,GPR,log,protocol_holdout,exploitation,5,36,30.632997251571965
LSD_Second,set2_early_soh,GPR,log,protocol_holdout,exploitation,5,42,31.85953913589472
LSD_Second,set2_early_soh,GPR,log,protocol_holdout,exploitation,5,48,31.071052877258403
LSD_Second,set2_early_soh,GPR,log,protocol_holdout,exploitation,5,54,30.57117828916203
LSD_Second,set2_early_soh,GPR,log,protocol_holdout,exploitation,5,58,30.63225901060976
LSD_Second,set2_early_soh,GPR,log,protocol_holdout,exploitation,6,6,32.66841813235484
LSD_Second,set2_early_soh,GPR,log,protocol_holdout,exploitation,6,12,31.57056337537413
LSD_Second,set2_early_soh,GPR,log,protocol_holdout,exploitation,6,18,26.853327221085934
LSD_Second,set2_early_soh,GPR,log,protocol_holdout,exploitation,6,24,29.890690187652147
LSD_Second,set2_early_soh,GPR,log,protocol_holdout,exploitation,6,30,28.98488796577173
LSD_Second,set2_early_soh,GPR,log,protocol_holdout,exploitation,6,36,26.437428196217045
LSD_Second,set2_early_soh,GPR,log,protocol_holdout,exploitation,6,42,25.020975591454363
LSD_Second,set2_early_soh,GPR,log,protocol_holdout,exploitation,6,48,27.77223130830188
LSD_Second,set2_early_soh,GPR,log,protocol_holdout,exploitation,6,54,33.64939375307585
LSD_Second,set2_early_soh,GPR,log,protocol_holdout,exploitation,6,58,44.4552334182735
LSD_Second,set2_early_soh,GPR,log,protocol_holdout,exploitation,7,6,47.89974532219241
LSD_Second,set2_early_soh,GPR,log,protocol_holdout,exploitation,7,12,68.94340744461853
LSD_Second,set2_early_soh,GPR,log,protocol_holdout,exploitation,7,18,34.72968523223391
LSD_Second,set2_early_soh,GPR,log,protocol_holdout,exploitation,7,24,34.809097113756536
LSD_Second,set2_early_soh,GPR,log,protocol_holdout,exploitation,7,30,30.68986130113536
LSD_Second,set2_early_soh,GPR,log,protocol_holdout,exploitation,7,36,32.31449362282683
LSD_Second,set2_early_soh,GPR,log,protocol_holdout,exploitation,7,42,32.547620970458205
LSD_Second,set2_early_soh,GPR,log,protocol_holdout,exploitation,7,48,34.44604353532889
LSD_Second,set2_early_soh,GPR,log,protocol_holdout,exploitation,7,54,38.17832709623449
LSD_Second,set2_early_soh,GPR,log,protocol_holdout,exploitation,7,58,42.61991869806616
LSD_Second,set2_early_soh,GPR,log,protocol_holdout,exploitation,8,6,29.782528589957497
LSD_Second,set2_early_soh,GPR,log,protocol_holdout,exploitation,8,12,31.239440930749367
LSD_Second,set2_early_soh,GPR,log,protocol_holdout,exploitation,8,18,30.40413774869381
LSD_Second,set2_early_soh,GPR,log,protocol_holdout,exploitation,8,24,30.966265751550093
LSD_Second,set2_early_soh,GPR,log,protocol_holdout,exploitation,8,30,30.534570675564165
LSD_Second,set2_early_soh,GPR,log,protocol_holdout,exploitation,8,36,31.85721494773598
LSD_Second,set2_early_soh,GPR,log,protocol_holdout,exploitation,8,42,31.470429370988107
LSD_Second,set2_early_soh,GPR,log,protocol_holdout,exploitation,8,48,31.789566843124533
LSD_Second,set2_early_soh,GPR,log,protocol_holdout,exploitation,8,54,30.690010292624343
LSD_Second,set2_early_soh,GPR,log,protocol_holdout,exploitation,8,58,30.507013196979443
LSD_Second,set2_early_soh,GPR,log,protocol_holdout,exploitation,9,6,27.21194196346409
LSD_Second,set2_early_soh,GPR,log,protocol_holdout,exploitation,9,12,26.782562453342468
LSD_Second,set2_early_soh,GPR,log,protocol_holdout,exploitation,9,18,27.21155014322812
LSD_Second,set2_early_soh,GPR,log,protocol_holdout,exploitation,9,24,32.28180428118509
LSD_Second,set2_early_soh,GPR,log,protocol_holdout,exploitation,9,30,31.66415224574931
LSD_Second,set2_early_soh,GPR,log,protocol_holdout,exploitation,9,36,31.653445989666512
LSD_Second,set2_early_soh,GPR,log,protocol_holdout,exploitation,9,42,31.01686912457714
LSD_Second,set2_early_soh,GPR,log,protocol_holdout,exploitation,9,48,30.80039084598341
LSD_Second,set2_early_soh,GPR,log,protocol_holdout,exploitation,9,54,31.32759918779942
LSD_Second,set2_early_soh,GPR,log,protocol_holdout,exploitation,9,58,31.69374738528172
LSD_Second,set2_early_soh,GPR,log,protocol_holdout,exploitation,10,6,30.16771501625741
LSD_Second,set2_early_soh,GPR,log,protocol_holdout,exploitation,10,12,34.333563767703
LSD_Second,set2_early_soh,GPR,log,protocol_holdout,exploitation,10,18,26.86150895839951
LSD_Second,set2_early_soh,GPR,log,protocol_holdout,exploitation,10,24,26.49306068805995
LSD_Second,set2_early_soh,GPR,log,protocol_holdout,exploitation,10,30,33.30838370288974
LSD_Second,set2_early_soh,GPR,log,protocol_holdout,exploitation,10,36,33.32000521067047
LSD_Second,set2_early_soh,GPR,log,protocol_holdout,exploitation,10,42,34.11067981838227
LSD_Second,set2_early_soh,GPR,log,protocol_holdout,exploitation,10,48,34.299921105850814
LSD_Second,set2_early_soh,GPR,log,protocol_holdout,exploitation,10,54,31.06013346644106
LSD_Second,set2_early_soh,GPR,log,protocol_holdout,exploitation,10,58,30.720845748749586
LSD_Second,set2_early_soh,GPR,log,protocol_holdout,hybrid,1,6,92.42404325170526
LSD_Second,set2_early_soh,GPR,log,protocol_holdout,hybrid,1,12,50.97293514038975
LSD_Second,set2_early_soh,GPR,log,protocol_holdout,hybrid,1,18,46.45474370011373
LSD_Second,set2_early_soh,GPR,log,protocol_holdout,hybrid,1,24,25.277834645195803
LSD_Second,set2_early_soh,GPR,log,protocol_holdout,hybrid,1,30,21.276556312529195
LSD_Second,set2_early_soh,GPR,log,protocol_holdout,hybrid,1,36,19.654825605350386
LSD_Second,set2_early_soh,GPR,log,protocol_holdout,hybrid,1,42,25.07321068542064
LSD_Second,set2_early_soh,GPR,log,protocol_holdout,hybrid,1,48,21.996703715918706
LSD_Second,set2_early_soh,GPR,log,protocol_holdout,hybrid,1,54,18.55938627674716
LSD_Second,set2_early_soh,GPR,log,protocol_holdout,hybrid,1,58,19.410144780099056
LSD_Second,set2_early_soh,GPR,log,protocol_holdout,hybrid,2,6,34.27988180874817
LSD_Second,set2_early_soh,GPR,log,protocol_holdout,hybrid,2,12,34.85392801886705
LSD_Second,set2_early_soh,GPR,log,protocol_holdout,hybrid,2,18,37.63269551628922
LSD_Second,set2_early_soh,GPR,log,protocol_holdout,hybrid,2,24,37.069905140717445
LSD_Second,set2_early_soh,GPR,log,protocol_holdout,hybrid,2,30,48.33131600701275
LSD_Second,set2_early_soh,GPR,log,protocol_holdout,hybrid,2,36,41.33879698805183
LSD_Second,set2_early_soh,GPR,log,protocol_holdout,hybrid,2,42,37.88584611398674
LSD_Second,set2_early_soh,GPR,log,protocol_holdout,hybrid,2,48,40.74468412982339
LSD_Second,set2_early_soh,GPR,log,protocol_holdout,hybrid,2,54,48.45436898319696
LSD_Second,set2_early_soh,GPR,log,protocol_holdout,hybrid,2,58,51.59908816323787
LSD_Second,set2_early_soh,GPR,log,protocol_holdout,hybrid,3,6,47.438914795942175
LSD_Second,set2_early_soh,GPR,log,protocol_holdout,hybrid,3,12,40.67676318827117
LSD_Second,set2_early_soh,GPR,log,protocol_holdout,hybrid,3,18,35.26722126163494
LSD_Second,set2_early_soh,GPR,log,protocol_holdout,hybrid,3,24,28.79352631458073
LSD_Second,set2_early_soh,GPR,log,protocol_holdout,hybrid,3,30,47.18692003081657
LSD_Second,set2_early_soh,GPR,log,protocol_holdout,hybrid,3,36,35.560244223156914
LSD_Second,set2_early_soh,GPR,log,protocol_holdout,hybrid,3,42,30.405334753733538
LSD_Second,set2_early_soh,GPR,log,protocol_holdout,hybrid,3,48,47.4850878904362
LSD_Second,set2_early_soh,GPR,log,protocol_holdout,hybrid,3,54,29.624353010824333
LSD_Second,set2_early_soh,GPR,log,protocol_holdout,hybrid,3,58,31.716334871027147
LSD_Second,set2_early_soh,GPR,log,protocol_holdout,hybrid,4,6,29.33273206014868
LSD_Second,set2_early_soh,GPR,log,protocol_holdout,hybrid,4,12,33.296724058380555
LSD_Second,set2_early_soh,GPR,log,protocol_holdout,hybrid,4,18,53.594640182952034
LSD_Second,set2_early_soh,GPR,log,protocol_holdout,hybrid,4,24,27.821057823689856
LSD_Second,set2_early_soh,GPR,log,protocol_holdout,hybrid,4,30,44.01729011844894
LSD_Second,set2_early_soh,GPR,log,protocol_holdout,hybrid,4,36,27.09797145569976
LSD_Second,set2_early_soh,GPR,log,protocol_holdout,hybrid,4,42,27.339264080649027
LSD_Second,set2_early_soh,GPR,log,protocol_holdout,hybrid,4,48,33.87311272512813
LSD_Second,set2_early_soh,GPR,log,protocol_holdout,hybrid,4,54,28.90697171992132
LSD_Second,set2_early_soh,GPR,log,protocol_holdout,hybrid,4,58,32.93881939409159
LSD_Second,set2_early_soh,GPR,log,protocol_holdout,hybrid,5,6,30.62881481109572
LSD_Second,set2_early_soh,GPR,log,protocol_holdout,hybrid,5,12,25.962560128972783
LSD_Second,set2_early_soh,GPR,log,protocol_holdout,hybrid,5,18,24.808856424161743
LSD_Second,set2_early_soh,GPR,log,protocol_holdout,hybrid,5,24,30.81812507737313
LSD_Second,set2_early_soh,GPR,log,protocol_holdout,hybrid,5,30,30.87245208937989
LSD_Second,set2_early_soh,GPR,log,protocol_holdout,hybrid,5,36,30.632690358936927
LSD_Second,set2_early_soh,GPR,log,protocol_holdout,hybrid,5,42,31.007656981100475
LSD_Second,set2_early_soh,GPR,log,protocol_holdout,hybrid,5,48,30.777245456874866
LSD_Second,set2_early_soh,GPR,log,protocol_holdout,hybrid,5,54,30.87229552772324
LSD_Second,set2_early_soh,GPR,log,protocol_holdout,hybrid,5,58,30.63225901060976
LSD_Second,set2_early_soh,GPR,log,protocol_holdout,hybrid,6,6,32.66841813235484
LSD_Second,set2_early_soh,GPR,log,protocol_holdout,hybrid,6,12,36.27260616335109
LSD_Second,set2_early_soh,GPR,log,protocol_holdout,hybrid,6,18,27.784924016604773
LSD_Second,set2_early_soh,GPR,log,protocol_holdout,hybrid,6,24,22.99324573843934
LSD_Second,set2_early_soh,GPR,log,protocol_holdout,hybrid,6,30,25.597314106262075
LSD_Second,set2_early_soh,GPR,log,protocol_holdout,hybrid,6,36,28.17906586098193
LSD_Second,set2_early_soh,GPR,log,protocol_holdout,hybrid,6,42,32.990244924412444
LSD_Second,set2_early_soh,GPR,log,protocol_holdout,hybrid,6,48,34.06892474103623
LSD_Second,set2_early_soh,GPR,log,protocol_holdout,hybrid,6,54,38.18511735728461
LSD_Second,set2_early_soh,GPR,log,protocol_holdout,hybrid,6,58,44.4552334182735
LSD_Second,set2_early_soh,GPR,log,protocol_holdout,hybrid,7,6,47.89974532219241
LSD_Second,set2_early_soh,GPR,log,protocol_holdout,hybrid,7,12,42.53896323148268
LSD_Second,set2_early_soh,GPR,log,protocol_holdout,hybrid,7,18,37.420856333770985
LSD_Second,set2_early_soh,GPR,log,protocol_holdout,hybrid,7,24,38.4203248775883
LSD_Second,set2_early_soh,GPR,log,protocol_holdout,hybrid,7,30,49.34928657964421
LSD_Second,set2_early_soh,GPR,log,protocol_holdout,hybrid,7,36,45.51942259180321
LSD_Second,set2_early_soh,GPR,log,protocol_holdout,hybrid,7,42,44.4185840546584
LSD_Second,set2_early_soh,GPR,log,protocol_holdout,hybrid,7,48,50.6213854605093
LSD_Second,set2_early_soh,GPR,log,protocol_holdout,hybrid,7,54,46.38387802477087
LSD_Second,set2_early_soh,GPR,log,protocol_holdout,hybrid,7,58,42.61991869806616
LSD_Second,set2_early_soh,GPR,log,protocol_holdout,hybrid,8,6,29.782528589957497
LSD_Second,set2_early_soh,GPR,log,protocol_holdout,hybrid,8,12,29.379255223023566
LSD_Second,set2_early_soh,GPR,log,protocol_holdout,hybrid,8,18,30.01408353942362
LSD_Second,set2_early_soh,GPR,log,protocol_holdout,hybrid,8,24,31.45424155974204
LSD_Second,set2_early_soh,GPR,log,protocol_holdout,hybrid,8,30,30.15110715729997
LSD_Second,set2_early_soh,GPR,log,protocol_holdout,hybrid,8,36,29.71954051299596
LSD_Second,set2_early_soh,GPR,log,protocol_holdout,hybrid,8,42,29.4000600394364
LSD_Second,set2_early_soh,GPR,log,protocol_holdout,hybrid,8,48,31.32388543853214
LSD_Second,set2_early_soh,GPR,log,protocol_holdout,hybrid,8,54,29.386614630068173
LSD_Second,set2_early_soh,GPR,log,protocol_holdout,hybrid,8,58,30.507013196979443
LSD_Second,set2_early_soh,GPR,log,protocol_holdout,hybrid,9,6,27.21194196346409
LSD_Second,set2_early_soh,GPR,log,protocol_holdout,hybrid,9,12,26.93199181589926
LSD_Second,set2_early_soh,GPR,log,protocol_holdout,hybrid,9,18,27.371878135674883
LSD_Second,set2_early_soh,GPR,log,protocol_holdout,hybrid,9,24,39.63306075059819
LSD_Second,set2_early_soh,GPR,log,protocol_holdout,hybrid,9,30,47.20625352316251
LSD_Second,set2_early_soh,GPR,log,protocol_holdout,hybrid,9,36,32.49341246091431
LSD_Second,set2_early_soh,GPR,log,protocol_holdout,hybrid,9,42,30.11706733788688
LSD_Second,set2_early_soh,GPR,log,protocol_holdout,hybrid,9,48,47.015236942542
LSD_Second,set2_early_soh,GPR,log,protocol_holdout,hybrid,9,54,29.3136978280968
LSD_Second,set2_early_soh,GPR,log,protocol_holdout,hybrid,9,58,31.69374738528172
LSD_Second,set2_early_soh,GPR,log,protocol_holdout,hybrid,10,6,30.16771501625741
LSD_Second,set2_early_soh,GPR,log,protocol_holdout,hybrid,10,12,29.8610381991612
LSD_Second,set2_early_soh,GPR,log,protocol_holdout,hybrid,10,18,28.18211393358468
LSD_Second,set2_early_soh,GPR,log,protocol_holdout,hybrid,10,24,28.64204613218517
LSD_Second,set2_early_soh,GPR,log,protocol_holdout,hybrid,10,30,28.96996737075193
LSD_Second,set2_early_soh,GPR,log,protocol_holdout,hybrid,10,36,32.78308474411657
LSD_Second,set2_early_soh,GPR,log,protocol_holdout,hybrid,10,42,32.34179034989022
LSD_Second,set2_early_soh,GPR,log,protocol_holdout,hybrid,10,48,33.67734168777217
LSD_Second,set2_early_soh,GPR,log,protocol_holdout,hybrid,10,54,33.9695129583728
LSD_Second,set2_early_soh,GPR,log,protocol_holdout,hybrid,10,58,30.720845748749586
HUST,set2_early_soh,GPR,log,protocol_holdout,random_selection,1,6,13.976788428277343
HUST,set2_early_soh,GPR,log,protocol_holdout,random_selection,1,12,13.078280617916477
HUST,set2_early_soh,GPR,log,protocol_holdout,random_selection,1,18,12.417001310638614
HUST,set2_early_soh,GPR,log,protocol_holdout,random_selection,1,24,11.630216455492832
HUST,set2_early_soh,GPR,log,protocol_holdout,random_selection,1,30,9.792496849104792
HUST,set2_early_soh,GPR,log,protocol_holdout,random_selection,1,36,9.421936486128567
HUST,set2_early_soh,GPR,log,protocol_holdout,random_selection,1,42,8.837258862325298
HUST,set2_early_soh,GPR,log,protocol_holdout,random_selection,1,48,9.37220288212161
HUST,set2_early_soh,GPR,log,protocol_holdout,random_selection,1,54,9.60704426207292
HUST,set2_early_soh,GPR,log,protocol_holdout,random_selection,1,60,10.31217172349013
HUST,set2_early_soh,GPR,log,protocol_holdout,random_selection,1,62,10.560567000589144
HUST,set2_early_soh,GPR,log,protocol_holdout,random_selection,2,6,24.09370779059616
HUST,set2_early_soh,GPR,log,protocol_holdout,random_selection,2,12,18.732013992685868
HUST,set2_early_soh,GPR,log,protocol_holdout,random_selection,2,18,15.60324327171752
HUST,set2_early_soh,GPR,log,protocol_holdout,random_selection,2,24,16.12036640330775
HUST,set2_early_soh,GPR,log,protocol_holdout,random_selection,2,30,19.60477604591481
HUST,set2_early_soh,GPR,log,protocol_holdout,random_selection,2,36,18.41864919895381
HUST,set2_early_soh,GPR,log,protocol_holdout,random_selection,2,42,19.352117667063588
HUST,set2_early_soh,GPR,log,protocol_holdout,random_selection,2,48,18.72977804738508
HUST,set2_early_soh,GPR,log,protocol_holdout,random_selection,2,54,19.8736536753442
HUST,set2_early_soh,GPR,log,protocol_holdout,random_selection,2,60,19.243610027388584
HUST,set2_early_soh,GPR,log,protocol_holdout,random_selection,2,62,19.084429448896053
HUST,set2_early_soh,GPR,log,protocol_holdout,random_selection,3,6,16.554110191186318
HUST,set2_early_soh,GPR,log,protocol_holdout,random_selection,3,12,18.606079647572933
HUST,set2_early_soh,GPR,log,protocol_holdout,random_selection,3,18,18.222662218152617
HUST,set2_early_soh,GPR,log,protocol_holdout,random_selection,3,24,19.36300844726439
HUST,set2_early_soh,GPR,log,protocol_holdout,random_selection,3,30,18.216014844775305
HUST,set2_early_soh,GPR,log,protocol_holdout,random_selection,3,36,18.4973388021134
HUST,set2_early_soh,GPR,log,protocol_holdout,random_selection,3,42,18.156331579742886
HUST,set2_early_soh,GPR,log,protocol_holdout,random_selection,3,48,17.01202636213546
HUST,set2_early_soh,GPR,log,protocol_holdout,random_selection,3,54,15.274420082171993
HUST,set2_early_soh,GPR,log,protocol_holdout,random_selection,3,60,15.005922078015828
HUST,set2_early_soh,GPR,log,protocol_holdout,random_selection,3,62,14.678166918103503
HUST,set2_early_soh,GPR,log,protocol_holdout,random_selection,4,6,12.76530500475069
HUST,set2_early_soh,GPR,log,protocol_holdout,random_selection,4,12,14.006374969212454
HUST,set2_early_soh,GPR,log,protocol_holdout,random_selection,4,18,13.059381091901068
HUST,set2_early_soh,GPR,log,protocol_holdout,random_selection,4,24,11.309211820567311
HUST,set2_early_soh,GPR,log,protocol_holdout,random_selection,4,30,12.777975213938822
HUST,set2_early_soh,GPR,log,protocol_holdout,random_selection,4,36,13.14607221055624
HUST,set2_early_soh,GPR,log,protocol_holdout,random_selection,4,42,12.366305451234066
HUST,set2_early_soh,GPR,log,protocol_holdout,random_selection,4,48,12.112564073652932
HUST,set2_early_soh,GPR,log,protocol_holdout,random_selection,4,54,11.712457273585745
HUST,set2_early_soh,GPR,log,protocol_holdout,random_selection,4,60,11.820418826667728
HUST,set2_early_soh,GPR,log,protocol_holdout,random_selection,4,62,11.52871329741427
HUST,set2_early_soh,GPR,log,protocol_holdout,random_selection,5,6,16.066404779326337
HUST,set2_early_soh,GPR,log,protocol_holdout,random_selection,5,12,13.28965060453056
HUST,set2_early_soh,GPR,log,protocol_holdout,random_selection,5,18,17.13140489809891
HUST,set2_early_soh,GPR,log,protocol_holdout,random_selection,5,24,18.046899140691536
HUST,set2_early_soh,GPR,log,protocol_holdout,random_selection,5,30,17.745403557607
HUST,set2_early_soh,GPR,log,protocol_holdout,random_selection,5,36,19.25742726737004
HUST,set2_early_soh,GPR,log,protocol_holdout,random_selection,5,42,17.70717194525804
HUST,set2_early_soh,GPR,log,protocol_holdout,random_selection,5,48,17.92041904957764
HUST,set2_early_soh,GPR,log,protocol_holdout,random_selection,5,54,17.829729388818198
HUST,set2_early_soh,GPR,log,protocol_holdout,random_selection,5,60,18.11510042668832
HUST,set2_early_soh,GPR,log,protocol_holdout,random_selection,5,62,17.48218029671776
HUST,set2_early_soh,GPR,log,protocol_holdout,random_selection,6,6,19.491762994587887
HUST,set2_early_soh,GPR,log,protocol_holdout,random_selection,6,12,18.6448895852603
HUST,set2_early_soh,GPR,log,protocol_holdout,random_selection,6,18,17.44746678220153
HUST,set2_early_soh,GPR,log,protocol_holdout,random_selection,6,24,17.99141319542604
HUST,set2_early_soh,GPR,log,protocol_holdout,random_selection,6,30,16.144485923488862
HUST,set2_early_soh,GPR,log,protocol_holdout,random_selection,6,36,16.70854533377825
HUST,set2_early_soh,GPR,log,protocol_holdout,random_selection,6,42,15.795680922838534
HUST,set2_early_soh,GPR,log,protocol_holdout,random_selection,6,48,15.247787829942824
HUST,set2_early_soh,GPR,log,protocol_holdout,random_selection,6,54,15.26043676563765
HUST,set2_early_soh,GPR,log,protocol_holdout,random_selection,6,60,13.82508264886306
HUST,set2_early_soh,GPR,log,protocol_holdout,random_selection,6,62,14.259164285124792
HUST,set2_early_soh,GPR,log,protocol_holdout,random_selection,7,6,39.18088992498727
HUST,set2_early_soh,GPR,log,protocol_holdout,random_selection,7,12,35.015164290266384
HUST,set2_early_soh,GPR,log,protocol_holdout,random_selection,7,18,27.40083388437815
HUST,set2_early_soh,GPR,log,protocol_holdout,random_selection,7,24,24.200392951134823
HUST,set2_early_soh,GPR,log,protocol_holdout,random_selection,7,30,25.64730891901436
HUST,set2_early_soh,GPR,log,protocol_holdout,random_selection,7,36,25.560091335290423
HUST,set2_early_soh,GPR,log,protocol_holdout,random_selection,7,42,24.50686586932473
HUST,set2_early_soh,GPR,log,protocol_holdout,random_selection,7,48,20.173623551772906
HUST,set2_early_soh,GPR,log,protocol_holdout,random_selection,7,54,20.32515716672212
HUST,set2_early_soh,GPR,log,protocol_holdout,random_selection,7,60,20.13874422326721
HUST,set2_early_soh,GPR,log,protocol_holdout,random_selection,7,62,19.78885830655842
HUST,set2_early_soh,GPR,log,protocol_holdout,random_selection,8,6,25.670646162216933
HUST,set2_early_soh,GPR,log,protocol_holdout,random_selection,8,12,17.77669966650752
HUST,set2_early_soh,GPR,log,protocol_holdout,random_selection,8,18,19.02961995898812
HUST,set2_early_soh,GPR,log,protocol_holdout,random_selection,8,24,17.774640703007677
HUST,set2_early_soh,GPR,log,protocol_holdout,random_selection,8,30,17.639426393798743
HUST,set2_early_soh,GPR,log,protocol_holdout,random_selection,8,36,17.08974497668252
HUST,set2_early_soh,GPR,log,protocol_holdout,random_selection,8,42,17.44844781713747
HUST,set2_early_soh,GPR,log,protocol_holdout,random_selection,8,48,17.41607209093445
HUST,set2_early_soh,GPR,log,protocol_holdout,random_selection,8,54,17.198299616868713
HUST,set2_early_soh,GPR,log,protocol_holdout,random_selection,8,60,18.46676099349564
HUST,set2_early_soh,GPR,log,protocol_holdout,random_selection,8,62,18.383087138505548
HUST,set2_early_soh,GPR,log,protocol_holdout,random_selection,9,6,16.607646947562245
HUST,set2_early_soh,GPR,log,protocol_holdout,random_selection,9,12,15.388429654815267
HUST,set2_early_soh,GPR,log,protocol_holdout,random_selection,9,18,14.085343649115195
HUST,set2_early_soh,GPR,log,protocol_holdout,random_selection,9,24,11.140949669360053
HUST,set2_early_soh,GPR,log,protocol_holdout,random_selection,9,30,10.281205545116295
HUST,set2_early_soh,GPR,log,protocol_holdout,random_selection,9,36,10.758767763531814
HUST,set2_early_soh,GPR,log,protocol_holdout,random_selection,9,42,13.20503181968472
HUST,set2_early_soh,GPR,log,protocol_holdout,random_selection,9,48,14.767254221467969
HUST,set2_early_soh,GPR,log,protocol_holdout,random_selection,9,54,14.02725149576048
HUST,set2_early_soh,GPR,log,protocol_holdout,random_selection,9,60,13.563490346097328
HUST,set2_early_soh,GPR,log,protocol_holdout,random_selection,9,62,12.81853956398176
HUST,set2_early_soh,GPR,log,protocol_holdout,random_selection,10,6,27.09061733122117
HUST,set2_early_soh,GPR,log,protocol_holdout,random_selection,10,12,20.232568056317305
HUST,set2_early_soh,GPR,log,protocol_holdout,random_selection,10,18,23.2613743155605
HUST,set2_early_soh,GPR,log,protocol_holdout,random_selection,10,24,24.781103203858144
HUST,set2_early_soh,GPR,log,protocol_holdout,random_selection,10,30,23.611632368538576
HUST,set2_early_soh,GPR,log,protocol_holdout,random_selection,10,36,22.949932183062536
HUST,set2_early_soh,GPR,log,protocol_holdout,random_selection,10,42,21.17249753165312
HUST,set2_early_soh,GPR,log,protocol_holdout,random_selection,10,48,17.8864440450708
HUST,set2_early_soh,GPR,log,protocol_holdout,random_selection,10,54,22.53731250218708
HUST,set2_early_soh,GPR,log,protocol_holdout,random_selection,10,60,21.95623123954048
HUST,set2_early_soh,GPR,log,protocol_holdout,random_selection,10,62,22.020392458636245
HUST,set2_early_soh,GPR,log,protocol_holdout,diversity_oneshot,1,6,14.892927837774364
HUST,set2_early_soh,GPR,log,protocol_holdout,diversity_oneshot,1,12,13.824296734800786
HUST,set2_early_soh,GPR,log,protocol_holdout,diversity_oneshot,1,18,11.483024868073391
HUST,set2_early_soh,GPR,log,protocol_holdout,diversity_oneshot,1,24,11.669214236169491
HUST,set2_early_soh,GPR,log,protocol_holdout,diversity_oneshot,1,30,11.704846905566038
HUST,set2_early_soh,GPR,log,protocol_holdout,diversity_oneshot,1,36,11.231523890202467
HUST,set2_early_soh,GPR,log,protocol_holdout,diversity_oneshot,1,42,11.050003569095391
HUST,set2_early_soh,GPR,log,protocol_holdout,diversity_oneshot,1,48,10.394468319956497
HUST,set2_early_soh,GPR,log,protocol_holdout,diversity_oneshot,1,54,10.522146112895465
HUST,set2_early_soh,GPR,log,protocol_holdout,diversity_oneshot,1,60,10.417040814784505
HUST,set2_early_soh,GPR,log,protocol_holdout,diversity_oneshot,1,62,10.560567000589144
HUST,set2_early_soh,GPR,log,protocol_holdout,diversity_oneshot,2,6,24.13823846023298
HUST,set2_early_soh,GPR,log,protocol_holdout,diversity_oneshot,2,12,22.665802520806142
HUST,set2_early_soh,GPR,log,protocol_holdout,diversity_oneshot,2,18,22.366180569400544
HUST,set2_early_soh,GPR,log,protocol_holdout,diversity_oneshot,2,24,18.52879267185921
HUST,set2_early_soh,GPR,log,protocol_holdout,diversity_oneshot,2,30,22.36443852804741
HUST,set2_early_soh,GPR,log,protocol_holdout,diversity_oneshot,2,36,22.54969757506376
HUST,set2_early_soh,GPR,log,protocol_holdout,diversity_oneshot,2,42,20.74731821429289
HUST,set2_early_soh,GPR,log,protocol_holdout,diversity_oneshot,2,48,21.059233774334373
HUST,set2_early_soh,GPR,log,protocol_holdout,diversity_oneshot,2,54,18.07861299042611
HUST,set2_early_soh,GPR,log,protocol_holdout,diversity_oneshot,2,60,19.33512570014177
HUST,set2_early_soh,GPR,log,protocol_holdout,diversity_oneshot,2,62,19.084429448896053
HUST,set2_early_soh,GPR,log,protocol_holdout,diversity_oneshot,3,6,17.62740513794652
HUST,set2_early_soh,GPR,log,protocol_holdout,diversity_oneshot,3,12,15.821466556349712
HUST,set2_early_soh,GPR,log,protocol_holdout,diversity_oneshot,3,18,16.850238220830178
HUST,set2_early_soh,GPR,log,protocol_holdout,diversity_oneshot,3,24,15.977971770153164
HUST,set2_early_soh,GPR,log,protocol_holdout,diversity_oneshot,3,30,14.118459546036652
HUST,set2_early_soh,GPR,log,protocol_holdout,diversity_oneshot,3,36,15.767431774716052
HUST,set2_early_soh,GPR,log,protocol_holdout,diversity_oneshot,3,42,15.919310009684065
HUST,set2_early_soh,GPR,log,protocol_holdout,diversity_oneshot,3,48,15.147986323667231
HUST,set2_early_soh,GPR,log,protocol_holdout,diversity_oneshot,3,54,14.536659417602248
HUST,set2_early_soh,GPR,log,protocol_holdout,diversity_oneshot,3,60,14.44807763561029
HUST,set2_early_soh,GPR,log,protocol_holdout,diversity_oneshot,3,62,14.678166918103503
HUST,set2_early_soh,GPR,log,protocol_holdout,diversity_oneshot,4,6,17.31232670465066
HUST,set2_early_soh,GPR,log,protocol_holdout,diversity_oneshot,4,12,19.631186905205915
HUST,set2_early_soh,GPR,log,protocol_holdout,diversity_oneshot,4,18,12.826848631460102
HUST,set2_early_soh,GPR,log,protocol_holdout,diversity_oneshot,4,24,11.926380707415046
HUST,set2_early_soh,GPR,log,protocol_holdout,diversity_oneshot,4,30,11.53217358400586
HUST,set2_early_soh,GPR,log,protocol_holdout,diversity_oneshot,4,36,11.941290419700556
HUST,set2_early_soh,GPR,log,protocol_holdout,diversity_oneshot,4,42,12.224105443610885
HUST,set2_early_soh,GPR,log,protocol_holdout,diversity_oneshot,4,48,11.653071139438673
HUST,set2_early_soh,GPR,log,protocol_holdout,diversity_oneshot,4,54,11.60377398586645
HUST,set2_early_soh,GPR,log,protocol_holdout,diversity_oneshot,4,60,11.883414918391882
HUST,set2_early_soh,GPR,log,protocol_holdout,diversity_oneshot,4,62,11.52871329741427
HUST,set2_early_soh,GPR,log,protocol_holdout,diversity_oneshot,5,6,25.396642476232483
HUST,set2_early_soh,GPR,log,protocol_holdout,diversity_oneshot,5,12,29.65382536482421
HUST,set2_early_soh,GPR,log,protocol_holdout,diversity_oneshot,5,18,13.670492805099723
HUST,set2_early_soh,GPR,log,protocol_holdout,diversity_oneshot,5,24,19.69100462260668
HUST,set2_early_soh,GPR,log,protocol_holdout,diversity_oneshot,5,30,17.172560581512183
HUST,set2_early_soh,GPR,log,protocol_holdout,diversity_oneshot,5,36,15.514047189442326
HUST,set2_early_soh,GPR,log,protocol_holdout,diversity_oneshot,5,42,15.70888182361686
HUST,set2_early_soh,GPR,log,protocol_holdout,diversity_oneshot,5,48,14.913420382366413
HUST,set2_early_soh,GPR,log,protocol_holdout,diversity_oneshot,5,54,16.64398016673763
HUST,set2_early_soh,GPR,log,protocol_holdout,diversity_oneshot,5,60,17.4711734784129
HUST,set2_early_soh,GPR,log,protocol_holdout,diversity_oneshot,5,62,17.48218029671776
HUST,set2_early_soh,GPR,log,protocol_holdout,diversity_oneshot,6,6,17.04935223311665
HUST,set2_early_soh,GPR,log,protocol_holdout,diversity_oneshot,6,12,18.88439128808776
HUST,set2_early_soh,GPR,log,protocol_holdout,diversity_oneshot,6,18,14.35322473783989
HUST,set2_early_soh,GPR,log,protocol_holdout,diversity_oneshot,6,24,16.057500072729976
HUST,set2_early_soh,GPR,log,protocol_holdout,diversity_oneshot,6,30,17.617313008195133
HUST,set2_early_soh,GPR,log,protocol_holdout,diversity_oneshot,6,36,14.999026519225357
HUST,set2_early_soh,GPR,log,protocol_holdout,diversity_oneshot,6,42,16.026685930264065
HUST,set2_early_soh,GPR,log,protocol_holdout,diversity_oneshot,6,48,15.81341379173734
HUST,set2_early_soh,GPR,log,protocol_holdout,diversity_oneshot,6,54,14.630763276234122
HUST,set2_early_soh,GPR,log,protocol_holdout,diversity_oneshot,6,60,14.343969317339688
HUST,set2_early_soh,GPR,log,protocol_holdout,diversity_oneshot,6,62,14.259164285124792
HUST,set2_early_soh,GPR,log,protocol_holdout,diversity_oneshot,7,6,19.99955475318836
HUST,set2_early_soh,GPR,log,protocol_holdout,diversity_oneshot,7,12,21.334444725985293
HUST,set2_early_soh,GPR,log,protocol_holdout,diversity_oneshot,7,18,17.744236190122795
HUST,set2_early_soh,GPR,log,protocol_holdout,diversity_oneshot,7,24,19.189790034105545
HUST,set2_early_soh,GPR,log,protocol_holdout,diversity_oneshot,7,30,26.966284823313146
HUST,set2_early_soh,GPR,log,protocol_holdout,diversity_oneshot,7,36,22.81641735709009
HUST,set2_early_soh,GPR,log,protocol_holdout,diversity_oneshot,7,42,25.31257321997636
HUST,set2_early_soh,GPR,log,protocol_holdout,diversity_oneshot,7,48,22.94789442077901
HUST,set2_early_soh,GPR,log,protocol_holdout,diversity_oneshot,7,54,22.378697200160925
HUST,set2_early_soh,GPR,log,protocol_holdout,diversity_oneshot,7,60,18.711801557612983
HUST,set2_early_soh,GPR,log,protocol_holdout,diversity_oneshot,7,62,19.78885830655842
HUST,set2_early_soh,GPR,log,protocol_holdout,diversity_oneshot,8,6,18.691107938865496
HUST,set2_early_soh,GPR,log,protocol_holdout,diversity_oneshot,8,12,26.53532993346094
HUST,set2_early_soh,GPR,log,protocol_holdout,diversity_oneshot,8,18,23.07546048395233
HUST,set2_early_soh,GPR,log,protocol_holdout,diversity_oneshot,8,24,22.45118979496993
HUST,set2_early_soh,GPR,log,protocol_holdout,diversity_oneshot,8,30,20.78233172124268
HUST,set2_early_soh,GPR,log,protocol_holdout,diversity_oneshot,8,36,17.672864633876184
HUST,set2_early_soh,GPR,log,protocol_holdout,diversity_oneshot,8,42,19.33365100146126
HUST,set2_early_soh,GPR,log,protocol_holdout,diversity_oneshot,8,48,19.67240400054128
HUST,set2_early_soh,GPR,log,protocol_holdout,diversity_oneshot,8,54,18.551186281861565
HUST,set2_early_soh,GPR,log,protocol_holdout,diversity_oneshot,8,60,18.169473148813044
HUST,set2_early_soh,GPR,log,protocol_holdout,diversity_oneshot,8,62,18.383087138505548
HUST,set2_early_soh,GPR,log,protocol_holdout,diversity_oneshot,9,6,11.814689729681303
HUST,set2_early_soh,GPR,log,protocol_holdout,diversity_oneshot,9,12,13.459815775664127
HUST,set2_early_soh,GPR,log,protocol_holdout,diversity_oneshot,9,18,14.36077744554188
HUST,set2_early_soh,GPR,log,protocol_holdout,diversity_oneshot,9,24,16.61196403570835
HUST,set2_early_soh,GPR,log,protocol_holdout,diversity_oneshot,9,30,17.28351794274791
HUST,set2_early_soh,GPR,log,protocol_holdout,diversity_oneshot,9,36,17.196993853835384
HUST,set2_early_soh,GPR,log,protocol_holdout,diversity_oneshot,9,42,15.097709451550504
HUST,set2_early_soh,GPR,log,protocol_holdout,diversity_oneshot,9,48,11.059082376289505
HUST,set2_early_soh,GPR,log,protocol_holdout,diversity_oneshot,9,54,15.047474150929332
HUST,set2_early_soh,GPR,log,protocol_holdout,diversity_oneshot,9,60,11.229202091077669
HUST,set2_early_soh,GPR,log,protocol_holdout,diversity_oneshot,9,62,12.81853956398176
HUST,set2_early_soh,GPR,log,protocol_holdout,diversity_oneshot,10,6,15.644545601278791
HUST,set2_early_soh,GPR,log,protocol_holdout,diversity_oneshot,10,12,17.32074369197305
HUST,set2_early_soh,GPR,log,protocol_holdout,diversity_oneshot,10,18,27.938001951698794
HUST,set2_early_soh,GPR,log,protocol_holdout,diversity_oneshot,10,24,20.58447878033986
HUST,set2_early_soh,GPR,log,protocol_holdout,diversity_oneshot,10,30,33.398538079601124
HUST,set2_early_soh,GPR,log,protocol_holdout,diversity_oneshot,10,36,22.290575418250548
HUST,set2_early_soh,GPR,log,protocol_holdout,diversity_oneshot,10,42,26.40930644237936
HUST,set2_early_soh,GPR,log,protocol_holdout,diversity_oneshot,10,48,24.08546943324665
HUST,set2_early_soh,GPR,log,protocol_holdout,diversity_oneshot,10,54,20.359053810601345
HUST,set2_early_soh,GPR,log,protocol_holdout,diversity_oneshot,10,60,21.55060080667852
HUST,set2_early_soh,GPR,log,protocol_holdout,diversity_oneshot,10,62,22.020392458636245
HUST,set2_early_soh,GPR,log,protocol_holdout,diversity_iterative,1,6,14.892927837774364
HUST,set2_early_soh,GPR,log,protocol_holdout,diversity_iterative,1,12,13.4862073373775
HUST,set2_early_soh,GPR,log,protocol_holdout,diversity_iterative,1,18,13.084180301037913
HUST,set2_early_soh,GPR,log,protocol_holdout,diversity_iterative,1,24,13.612105442466913
HUST,set2_early_soh,GPR,log,protocol_holdout,diversity_iterative,1,30,11.697819477790036
HUST,set2_early_soh,GPR,log,protocol_holdout,diversity_iterative,1,36,12.041624279848548
HUST,set2_early_soh,GPR,log,protocol_holdout,diversity_iterative,1,42,11.631184523665414
HUST,set2_early_soh,GPR,log,protocol_holdout,diversity_iterative,1,48,11.189517648342722
HUST,set2_early_soh,GPR,log,protocol_holdout,diversity_iterative,1,54,10.831369808643052
HUST,set2_early_soh,GPR,log,protocol_holdout,diversity_iterative,1,60,10.679761425987046
HUST,set2_early_soh,GPR,log,protocol_holdout,diversity_iterative,1,62,10.560567000589144
HUST,set2_early_soh,GPR,log,protocol_holdout,diversity_iterative,2,6,24.13823846023298
HUST,set2_early_soh,GPR,log,protocol_holdout,diversity_iterative,2,12,26.77401452675326
HUST,set2_early_soh,GPR,log,protocol_holdout,diversity_iterative,2,18,22.30513558119931
HUST,set2_early_soh,GPR,log,protocol_holdout,diversity_iterative,2,24,22.461058510626188
HUST,set2_early_soh,GPR,log,protocol_holdout,diversity_iterative,2,30,23.02925927594907
HUST,set2_early_soh,GPR,log,protocol_holdout,diversity_iterative,2,36,23.11863182829376
HUST,set2_early_soh,GPR,log,protocol_holdout,diversity_iterative,2,42,22.56717022494864
HUST,set2_early_soh,GPR,log,protocol_holdout,diversity_iterative,2,48,21.33603266257151
HUST,set2_early_soh,GPR,log,protocol_holdout,diversity_iterative,2,54,20.171171607270907
HUST,set2_early_soh,GPR,log,protocol_holdout,diversity_iterative,2,60,19.78193222212556
HUST,set2_early_soh,GPR,log,protocol_holdout,diversity_iterative,2,62,19.084429448896053
HUST,set2_early_soh,GPR,log,protocol_holdout,diversity_iterative,3,6,17.62740513794652
HUST,set2_early_soh,GPR,log,protocol_holdout,diversity_iterative,3,12,17.170458788224348
HUST,set2_early_soh,GPR,log,protocol_holdout,diversity_iterative,3,18,17.86966360188651
HUST,set2_early_soh,GPR,log,protocol_holdout,diversity_iterative,3,24,17.822238431641058
HUST,set2_early_soh,GPR,log,protocol_holdout,diversity_iterative,3,30,16.52706300223238
HUST,set2_early_soh,GPR,log,protocol_holdout,diversity_iterative,3,36,15.994297622061865
HUST,set2_early_soh,GPR,log,protocol_holdout,diversity_iterative,3,42,15.517188273247434
HUST,set2_early_soh,GPR,log,protocol_holdout,diversity_iterative,3,48,15.243107884148635
HUST,set2_early_soh,GPR,log,protocol_holdout,diversity_iterative,3,54,14.61150846722847
HUST,set2_early_soh,GPR,log,protocol_holdout,diversity_iterative,3,60,14.683931839653445
HUST,set2_early_soh,GPR,log,protocol_holdout,diversity_iterative,3,62,14.678166918103503
HUST,set2_early_soh,GPR,log,protocol_holdout,diversity_iterative,4,6,17.31232670465066
HUST,set2_early_soh,GPR,log,protocol_holdout,diversity_iterative,4,12,12.968417523471883
HUST,set2_early_soh,GPR,log,protocol_holdout,diversity_iterative,4,18,13.082151670455128
HUST,set2_early_soh,GPR,log,protocol_holdout,diversity_iterative,4,24,12.487239325728025
HUST,set2_early_soh,GPR,log,protocol_holdout,diversity_iterative,4,30,12.985702255024531
HUST,set2_early_soh,GPR,log,protocol_holdout,diversity_iterative,4,36,12.481274038900164
HUST,set2_early_soh,GPR,log,protocol_holdout,diversity_iterative,4,42,12.204269489683377
HUST,set2_early_soh,GPR,log,protocol_holdout,diversity_iterative,4,48,11.878042287317395
HUST,set2_early_soh,GPR,log,protocol_holdout,diversity_iterative,4,54,11.68595569828308
HUST,set2_early_soh,GPR,log,protocol_holdout,diversity_iterative,4,60,11.67543628505703
HUST,set2_early_soh,GPR,log,protocol_holdout,diversity_iterative,4,62,11.52871329741427
HUST,set2_early_soh,GPR,log,protocol_holdout,diversity_iterative,5,6,25.396642476232483
HUST,set2_early_soh,GPR,log,protocol_holdout,diversity_iterative,5,12,25.498493526381804
HUST,set2_early_soh,GPR,log,protocol_holdout,diversity_iterative,5,18,26.11536142955526
HUST,set2_early_soh,GPR,log,protocol_holdout,diversity_iterative,5,24,24.84564326994014
HUST,set2_early_soh,GPR,log,protocol_holdout,diversity_iterative,5,30,23.34804827203157
HUST,set2_early_soh,GPR,log,protocol_holdout,diversity_iterative,5,36,24.494892305551648
HUST,set2_early_soh,GPR,log,protocol_holdout,diversity_iterative,5,42,22.647262999035448
HUST,set2_early_soh,GPR,log,protocol_holdout,diversity_iterative,5,48,19.55540126764385
HUST,set2_early_soh,GPR,log,protocol_holdout,diversity_iterative,5,54,18.54533280607176
HUST,set2_early_soh,GPR,log,protocol_holdout,diversity_iterative,5,60,17.622089815139468
HUST,set2_early_soh,GPR,log,protocol_holdout,diversity_iterative,5,62,17.48218029671776
HUST,set2_early_soh,GPR,log,protocol_holdout,diversity_iterative,6,6,17.04935223311665
HUST,set2_early_soh,GPR,log,protocol_holdout,diversity_iterative,6,12,18.605004736261986
HUST,set2_early_soh,GPR,log,protocol_holdout,diversity_iterative,6,18,18.304348258264618
HUST,set2_early_soh,GPR,log,protocol_holdout,diversity_iterative,6,24,18.494992432669903
HUST,set2_early_soh,GPR,log,protocol_holdout,diversity_iterative,6,30,16.398227532319716
HUST,set2_early_soh,GPR,log,protocol_holdout,diversity_iterative,6,36,17.733303658194174
HUST,set2_early_soh,GPR,log,protocol_holdout,diversity_iterative,6,42,18.67059346242437
HUST,set2_early_soh,GPR,log,protocol_holdout,diversity_iterative,6,48,17.717220660554926
HUST,set2_early_soh,GPR,log,protocol_holdout,diversity_iterative,6,54,15.924869818431617
HUST,set2_early_soh,GPR,log,protocol_holdout,diversity_iterative,6,60,14.429216547425108
HUST,set2_early_soh,GPR,log,protocol_holdout,diversity_iterative,6,62,14.259164285124792
HUST,set2_early_soh,GPR,log,protocol_holdout,diversity_iterative,7,6,19.99955475318836
HUST,set2_early_soh,GPR,log,protocol_holdout,diversity_iterative,7,12,24.72936386620008
HUST,set2_early_soh,GPR,log,protocol_holdout,diversity_iterative,7,18,24.42794779607819
HUST,set2_early_soh,GPR,log,protocol_holdout,diversity_iterative,7,24,23.68445410714304
HUST,set2_early_soh,GPR,log,protocol_holdout,diversity_iterative,7,30,23.86492914225554
HUST,set2_early_soh,GPR,log,protocol_holdout,diversity_iterative,7,36,24.301222419316726
HUST,set2_early_soh,GPR,log,protocol_holdout,diversity_iterative,7,42,23.626035259491243
HUST,set2_early_soh,GPR,log,protocol_holdout,diversity_iterative,7,48,21.16853840675284
HUST,set2_early_soh,GPR,log,protocol_holdout,diversity_iterative,7,54,21.193759226688577
HUST,set2_early_soh,GPR,log,protocol_holdout,diversity_iterative,7,60,18.70948164719396
HUST,set2_early_soh,GPR,log,protocol_holdout,diversity_iterative,7,62,19.78885830655842
HUST,set2_early_soh,GPR,log,protocol_holdout,diversity_iterative,8,6,18.691107938865496
HUST,set2_early_soh,GPR,log,protocol_holdout,diversity_iterative,8,12,26.79543405409801
HUST,set2_early_soh,GPR,log,protocol_holdout,diversity_iterative,8,18,26.70729352715129
HUST,set2_early_soh,GPR,log,protocol_holdout,diversity_iterative,8,24,25.76857005465242
HUST,set2_early_soh,GPR,log,protocol_holdout,diversity_iterative,8,30,19.51311762352101
HUST,set2_early_soh,GPR,log,protocol_holdout,diversity_iterative,8,36,22.346797348423305
HUST,set2_early_soh,GPR,log,protocol_holdout,diversity_iterative,8,42,21.248110793137545
HUST,set2_early_soh,GPR,log,protocol_holdout,diversity_iterative,8,48,19.466478079120144
HUST,set2_early_soh,GPR,log,protocol_holdout,diversity_iterative,8,54,20.03444005959327
HUST,set2_early_soh,GPR,log,protocol_holdout,diversity_iterative,8,60,18.91493482418097
HUST,set2_early_soh,GPR,log,protocol_holdout,diversity_iterative,8,62,18.383087138505548
HUST,set2_early_soh,GPR,log,protocol_holdout,diversity_iterative,9,6,11.814689729681303
HUST,set2_early_soh,GPR,log,protocol_holdout,diversity_iterative,9,12,10.671681212537637
HUST,set2_early_soh,GPR,log,protocol_holdout,diversity_iterative,9,18,16.33666126327091
HUST,set2_early_soh,GPR,log,protocol_holdout,diversity_iterative,9,24,12.898877159046906
HUST,set2_early_soh,GPR,log,protocol_holdout,diversity_iterative,9,30,13.457786446722816
HUST,set2_early_soh,GPR,log,protocol_holdout,diversity_iterative,9,36,14.49598148645516
HUST,set2_early_soh,GPR,log,protocol_holdout,diversity_iterative,9,42,15.138739702470014
HUST,set2_early_soh,GPR,log,protocol_holdout,diversity_iterative,9,48,12.35418448464094
HUST,set2_early_soh,GPR,log,protocol_holdout,diversity_iterative,9,54,11.817577989901618
HUST,set2_early_soh,GPR,log,protocol_holdout,diversity_iterative,9,60,14.168090841874609
HUST,set2_early_soh,GPR,log,protocol_holdout,diversity_iterative,9,62,12.81853956398176
HUST,set2_early_soh,GPR,log,protocol_holdout,diversity_iterative,10,6,15.644545601278791
HUST,set2_early_soh,GPR,log,protocol_holdout,diversity_iterative,10,12,24.82841025199337
HUST,set2_early_soh,GPR,log,protocol_holdout,diversity_iterative,10,18,23.841710653329013
HUST,set2_early_soh,GPR,log,protocol_holdout,diversity_iterative,10,24,20.420950380604204
HUST,set2_early_soh,GPR,log,protocol_holdout,diversity_iterative,10,30,25.09118213200616
HUST,set2_early_soh,GPR,log,protocol_holdout,diversity_iterative,10,36,22.56559784729205
HUST,set2_early_soh,GPR,log,protocol_holdout,diversity_iterative,10,42,21.597597739110665
HUST,set2_early_soh,GPR,log,protocol_holdout,diversity_iterative,10,48,22.09380630804835
HUST,set2_early_soh,GPR,log,protocol_holdout,diversity_iterative,10,54,23.18463160430957
HUST,set2_early_soh,GPR,log,protocol_holdout,diversity_iterative,10,60,23.32333322682027
HUST,set2_early_soh,GPR,log,protocol_holdout,diversity_iterative,10,62,22.020392458636245
HUST,set2_early_soh,GPR,log,protocol_holdout,coverage,1,6,13.976788428277343
HUST,set2_early_soh,GPR,log,protocol_holdout,coverage,1,12,13.44532757297883
HUST,set2_early_soh,GPR,log,protocol_holdout,coverage,1,18,13.130371986094408
HUST,set2_early_soh,GPR,log,protocol_holdout,coverage,1,24,13.253887954637966
HUST,set2_early_soh,GPR,log,protocol_holdout,coverage,1,30,10.25922296152954
HUST,set2_early_soh,GPR,log,protocol_holdout,coverage,1,36,11.600736498041623
HUST,set2_early_soh,GPR,log,protocol_holdout,coverage,1,42,11.679830049235672
HUST,set2_early_soh,GPR,log,protocol_holdout,coverage,1,48,11.038986762379418
HUST,set2_early_soh,GPR,log,protocol_holdout,coverage,1,54,10.825146048860049
HUST,set2_early_soh,GPR,log,protocol_holdout,coverage,1,60,10.517348633833224
HUST,set2_early_soh,GPR,log,protocol_holdout,coverage,1,62,10.560567000589144
HUST,set2_early_soh,GPR,log,protocol_holdout,coverage,2,6,24.09370779059616
HUST,set2_early_soh,GPR,log,protocol_holdout,coverage,2,12,25.761058570967982
HUST,set2_early_soh,GPR,log,protocol_holdout,coverage,2,18,21.974895895137035
HUST,set2_early_soh,GPR,log,protocol_holdout,coverage,2,24,21.65285365062756
HUST,set2_early_soh,GPR,log,protocol_holdout,coverage,2,30,19.054527814530296
HUST,set2_early_soh,GPR,log,protocol_holdout,coverage,2,36,19.15769369606794
HUST,set2_early_soh,GPR,log,protocol_holdout,coverage,2,42,19.606184296065653
HUST,set2_early_soh,GPR,log,protocol_holdout,coverage,2,48,20.67950931796389
HUST,set2_early_soh,GPR,log,protocol_holdout,coverage,2,54,19.00231842434582
HUST,set2_early_soh,GPR,log,protocol_holdout,coverage,2,60,18.120312915456
HUST,set2_early_soh,GPR,log,protocol_holdout,coverage,2,62,19.084429448896053
HUST,set2_early_soh,GPR,log,protocol_holdout,coverage,3,6,16.554110191186318
HUST,set2_early_soh,GPR,log,protocol_holdout,coverage,3,12,15.417957465124823
HUST,set2_early_soh,GPR,log,protocol_holdout,coverage,3,18,16.115231895709055
HUST,set2_early_soh,GPR,log,protocol_holdout,coverage,3,24,15.516026718280498
HUST,set2_early_soh,GPR,log,protocol_holdout,coverage,3,30,15.01910928317838
HUST,set2_early_soh,GPR,log,protocol_holdout,coverage,3,36,15.57034821655816
HUST,set2_early_soh,GPR,log,protocol_holdout,coverage,3,42,15.690584853744111
HUST,set2_early_soh,GPR,log,protocol_holdout,coverage,3,48,15.718023041158071
HUST,set2_early_soh,GPR,log,protocol_holdout,coverage,3,54,14.857755255050536
HUST,set2_early_soh,GPR,log,protocol_holdout,coverage,3,60,15.772893886509424
HUST,set2_early_soh,GPR,log,protocol_holdout,coverage,3,62,14.678166918103503
HUST,set2_early_soh,GPR,log,protocol_holdout,coverage,4,6,12.76530500475069
HUST,set2_early_soh,GPR,log,protocol_holdout,coverage,4,12,12.164955264318714
HUST,set2_early_soh,GPR,log,protocol_holdout,coverage,4,18,12.902900644404845
HUST,set2_early_soh,GPR,log,protocol_holdout,coverage,4,24,12.910637386128082
HUST,set2_early_soh,GPR,log,protocol_holdout,coverage,4,30,7.561815517387769
HUST,set2_early_soh,GPR,log,protocol_holdout,coverage,4,36,9.345811442089806
HUST,set2_early_soh,GPR,log,protocol_holdout,coverage,4,42,10.95365424178943
HUST,set2_early_soh,GPR,log,protocol_holdout,coverage,4,48,10.740010809619434
HUST,set2_early_soh,GPR,log,protocol_holdout,coverage,4,54,11.32929870757101
HUST,set2_early_soh,GPR,log,protocol_holdout,coverage,4,60,11.815193663815611
HUST,set2_early_soh,GPR,log,protocol_holdout,coverage,4,62,11.52871329741427
HUST,set2_early_soh,GPR,log,protocol_holdout,coverage,5,6,16.066404779326337
HUST,set2_early_soh,GPR,log,protocol_holdout,coverage,5,12,16.76542976253255
HUST,set2_early_soh,GPR,log,protocol_holdout,coverage,5,18,9.490799296433956
HUST,set2_early_soh,GPR,log,protocol_holdout,coverage,5,24,6.875847425574662
HUST,set2_early_soh,GPR,log,protocol_holdout,coverage,5,30,16.12097283004704
HUST,set2_early_soh,GPR,log,protocol_holdout,coverage,5,36,15.865323375250314
HUST,set2_early_soh,GPR,log,protocol_holdout,coverage,5,42,15.95406125299433
HUST,set2_early_soh,GPR,log,protocol_holdout,coverage,5,48,17.322132161105536
HUST,set2_early_soh,GPR,log,protocol_holdout,coverage,5,54,16.156921922155057
HUST,set2_early_soh,GPR,log,protocol_holdout,coverage,5,60,17.659549013064897
HUST,set2_early_soh,GPR,log,protocol_holdout,coverage,5,62,17.48218029671776
HUST,set2_early_soh,GPR,log,protocol_holdout,coverage,6,6,19.491762994587887
HUST,set2_early_soh,GPR,log,protocol_holdout,coverage,6,12,19.542824655485592
HUST,set2_early_soh,GPR,log,protocol_holdout,coverage,6,18,20.377242704107346
HUST,set2_early_soh,GPR,log,protocol_holdout,coverage,6,24,19.305678244899315
HUST,set2_early_soh,GPR,log,protocol_holdout,coverage,6,30,19.201592523632065
HUST,set2_early_soh,GPR,log,protocol_holdout,coverage,6,36,16.90110352067974
HUST,set2_early_soh,GPR,log,protocol_holdout,coverage,6,42,17.56615348856499
HUST,set2_early_soh,GPR,log,protocol_holdout,coverage,6,48,17.865254297040696
HUST,set2_early_soh,GPR,log,protocol_holdout,coverage,6,54,14.837425396721182
HUST,set2_early_soh,GPR,log,protocol_holdout,coverage,6,60,14.457126651037708
HUST,set2_early_soh,GPR,log,protocol_holdout,coverage,6,62,14.259164285124792
HUST,set2_early_soh,GPR,log,protocol_holdout,coverage,7,6,39.18088992498727
HUST,set2_early_soh,GPR,log,protocol_holdout,coverage,7,12,36.313413706411744
HUST,set2_early_soh,GPR,log,protocol_holdout,coverage,7,18,29.13329182691819
HUST,set2_early_soh,GPR,log,protocol_holdout,coverage,7,24,34.35244040013464
HUST,set2_early_soh,GPR,log,protocol_holdout,coverage,7,30,27.61289629212232
HUST,set2_early_soh,GPR,log,protocol_holdout,coverage,7,36,27.83034164223049
HUST,set2_early_soh,GPR,log,protocol_holdout,coverage,7,42,27.042536832826706
HUST,set2_early_soh,GPR,log,protocol_holdout,coverage,7,48,25.11136501733236
HUST,set2_early_soh,GPR,log,protocol_holdout,coverage,7,54,19.16704846494128
HUST,set2_early_soh,GPR,log,protocol_holdout,coverage,7,60,18.48938547405332
HUST,set2_early_soh,GPR,log,protocol_holdout,coverage,7,62,19.78885830655842
HUST,set2_early_soh,GPR,log,protocol_holdout,coverage,8,6,25.670646162216933
HUST,set2_early_soh,GPR,log,protocol_holdout,coverage,8,12,21.67040709023572
HUST,set2_early_soh,GPR,log,protocol_holdout,coverage,8,18,18.533199200668253
HUST,set2_early_soh,GPR,log,protocol_holdout,coverage,8,24,21.53476835352738
HUST,set2_early_soh,GPR,log,protocol_holdout,coverage,8,30,16.17688758213129
HUST,set2_early_soh,GPR,log,protocol_holdout,coverage,8,36,17.547560950804073
HUST,set2_early_soh,GPR,log,protocol_holdout,coverage,8,42,17.34766447422051
HUST,set2_early_soh,GPR,log,protocol_holdout,coverage,8,48,17.13377032338224
HUST,set2_early_soh,GPR,log,protocol_holdout,coverage,8,54,17.93277299572857
HUST,set2_early_soh,GPR,log,protocol_holdout,coverage,8,60,18.73101224404525
HUST,set2_early_soh,GPR,log,protocol_holdout,coverage,8,62,18.383087138505548
HUST,set2_early_soh,GPR,log,protocol_holdout,coverage,9,6,16.607646947562245
HUST,set2_early_soh,GPR,log,protocol_holdout,coverage,9,12,16.423101655860485
HUST,set2_early_soh,GPR,log,protocol_holdout,coverage,9,18,16.46650531031146
HUST,set2_early_soh,GPR,log,protocol_holdout,coverage,9,24,16.542647281444914
HUST,set2_early_soh,GPR,log,protocol_holdout,coverage,9,30,16.410577998660255
HUST,set2_early_soh,GPR,log,protocol_holdout,coverage,9,36,16.712459733194265
HUST,set2_early_soh,GPR,log,protocol_holdout,coverage,9,42,14.860805250114902
HUST,set2_early_soh,GPR,log,protocol_holdout,coverage,9,48,14.928167306282484
HUST,set2_early_soh,GPR,log,protocol_holdout,coverage,9,54,14.954162510223668
HUST,set2_early_soh,GPR,log,protocol_holdout,coverage,9,60,14.397043519303862
HUST,set2_early_soh,GPR,log,protocol_holdout,coverage,9,62,12.81853956398176
HUST,set2_early_soh,GPR,log,protocol_holdout,coverage,10,6,27.09061733122117
HUST,set2_early_soh,GPR,log,protocol_holdout,coverage,10,12,28.12986481215833
HUST,set2_early_soh,GPR,log,protocol_holdout,coverage,10,18,28.46612165946805
HUST,set2_early_soh,GPR,log,protocol_holdout,coverage,10,24,28.587501759344587
HUST,set2_early_soh,GPR,log,protocol_holdout,coverage,10,30,28.85752867158201
HUST,set2_early_soh,GPR,log,protocol_holdout,coverage,10,36,25.56130785076804
HUST,set2_early_soh,GPR,log,protocol_holdout,coverage,10,42,25.95274732304033
HUST,set2_early_soh,GPR,log,protocol_holdout,coverage,10,48,24.94505640805595
HUST,set2_early_soh,GPR,log,protocol_holdout,coverage,10,54,22.68243857871484
HUST,set2_early_soh,GPR,log,protocol_holdout,coverage,10,60,22.41838100640277
HUST,set2_early_soh,GPR,log,protocol_holdout,coverage,10,62,22.020392458636245
HUST,set2_early_soh,GPR,log,protocol_holdout,exploration,1,6,13.976788428277343
HUST,set2_early_soh,GPR,log,protocol_holdout,exploration,1,12,11.117665941122334
HUST,set2_early_soh,GPR,log,protocol_holdout,exploration,1,18,10.836273586361994
HUST,set2_early_soh,GPR,log,protocol_holdout,exploration,1,24,10.831162218889268
HUST,set2_early_soh,GPR,log,protocol_holdout,exploration,1,30,10.37398885059452
HUST,set2_early_soh,GPR,log,protocol_holdout,exploration,1,36,8.993776587601817
HUST,set2_early_soh,GPR,log,protocol_holdout,exploration,1,42,10.673560695768584
HUST,set2_early_soh,GPR,log,protocol_holdout,exploration,1,48,10.94387103731173
HUST,set2_early_soh,GPR,log,protocol_holdout,exploration,1,54,10.593521122711904
HUST,set2_early_soh,GPR,log,protocol_holdout,exploration,1,60,10.605189909904873
HUST,set2_early_soh,GPR,log,protocol_holdout,exploration,1,62,10.560567000589144
HUST,set2_early_soh,GPR,log,protocol_holdout,exploration,2,6,24.09370779059616
HUST,set2_early_soh,GPR,log,protocol_holdout,exploration,2,12,25.761058570967982
HUST,set2_early_soh,GPR,log,protocol_holdout,exploration,2,18,18.431686023981893
HUST,set2_early_soh,GPR,log,protocol_holdout,exploration,2,24,18.374382613154232
HUST,set2_early_soh,GPR,log,protocol_holdout,exploration,2,30,18.05066724334207
HUST,set2_early_soh,GPR,log,protocol_holdout,exploration,2,36,18.848420044259665
HUST,set2_early_soh,GPR,log,protocol_holdout,exploration,2,42,16.196909541541483
HUST,set2_early_soh,GPR,log,protocol_holdout,exploration,2,48,19.482449711694866
HUST,set2_early_soh,GPR,log,protocol_holdout,exploration,2,54,18.45053191840023
HUST,set2_early_soh,GPR,log,protocol_holdout,exploration,2,60,18.120312915456
HUST,set2_early_soh,GPR,log,protocol_holdout,exploration,2,62,19.084429448896053
HUST,set2_early_soh,GPR,log,protocol_holdout,exploration,3,6,16.554110191186318
HUST,set2_early_soh,GPR,log,protocol_holdout,exploration,3,12,16.349692374299792
HUST,set2_early_soh,GPR,log,protocol_holdout,exploration,3,18,15.546467213275625
HUST,set2_early_soh,GPR,log,protocol_holdout,exploration,3,24,15.434290249977009
HUST,set2_early_soh,GPR,log,protocol_holdout,exploration,3,30,15.030862220470636
HUST,set2_early_soh,GPR,log,protocol_holdout,exploration,3,36,15.630982387630151
HUST,set2_early_soh,GPR,log,protocol_holdout,exploration,3,42,15.051216848521436
HUST,set2_early_soh,GPR,log,protocol_holdout,exploration,3,48,16.51403476370791
HUST,set2_early_soh,GPR,log,protocol_holdout,exploration,3,54,14.371776197819432
HUST,set2_early_soh,GPR,log,protocol_holdout,exploration,3,60,15.416463921935138
HUST,set2_early_soh,GPR,log,protocol_holdout,exploration,3,62,14.678166918103503
HUST,set2_early_soh,GPR,log,protocol_holdout,exploration,4,6,12.76530500475069
HUST,set2_early_soh,GPR,log,protocol_holdout,exploration,4,12,12.164955264318714
HUST,set2_early_soh,GPR,log,protocol_holdout,exploration,4,18,12.501747241077254
HUST,set2_early_soh,GPR,log,protocol_holdout,exploration,4,24,12.23587693746398
HUST,set2_early_soh,GPR,log,protocol_holdout,exploration,4,30,12.240156653169992
HUST,set2_early_soh,GPR,log,protocol_holdout,exploration,4,36,11.674082472072843
HUST,set2_early_soh,GPR,log,protocol_holdout,exploration,4,42,11.358819296523397
HUST,set2_early_soh,GPR,log,protocol_holdout,exploration,4,48,11.066455202797345
HUST,set2_early_soh,GPR,log,protocol_holdout,exploration,4,54,11.052555635109844
HUST,set2_early_soh,GPR,log,protocol_holdout,exploration,4,60,11.826715350711686
HUST,set2_early_soh,GPR,log,protocol_holdout,exploration,4,62,11.52871329741427
HUST,set2_early_soh,GPR,log,protocol_holdout,exploration,5,6,16.066404779326337
HUST,set2_early_soh,GPR,log,protocol_holdout,exploration,5,12,10.100588685455664
HUST,set2_early_soh,GPR,log,protocol_holdout,exploration,5,18,11.199118278184985
HUST,set2_early_soh,GPR,log,protocol_holdout,exploration,5,24,8.534798521197958
HUST,set2_early_soh,GPR,log,protocol_holdout,exploration,5,30,16.508494034306352
HUST,set2_early_soh,GPR,log,protocol_holdout,exploration,5,36,17.274127215829832
HUST,set2_early_soh,GPR,log,protocol_holdout,exploration,5,42,16.760530551983717
HUST,set2_early_soh,GPR,log,protocol_holdout,exploration,5,48,16.72394937756704
HUST,set2_early_soh,GPR,log,protocol_holdout,exploration,5,54,17.213694548346208
HUST,set2_early_soh,GPR,log,protocol_holdout,exploration,5,60,17.210754365936804
HUST,set2_early_soh,GPR,log,protocol_holdout,exploration,5,62,17.48218029671776
HUST,set2_early_soh,GPR,log,protocol_holdout,exploration,6,6,19.491762994587887
HUST,set2_early_soh,GPR,log,protocol_holdout,exploration,6,12,19.16270886843076
HUST,set2_early_soh,GPR,log,protocol_holdout,exploration,6,18,18.75430798373328
HUST,set2_early_soh,GPR,log,protocol_holdout,exploration,6,24,18.36119265205553
HUST,set2_early_soh,GPR,log,protocol_holdout,exploration,6,30,18.48378561364336
HUST,set2_early_soh,GPR,log,protocol_holdout,exploration,6,36,18.55600647593741
HUST,set2_early_soh,GPR,log,protocol_holdout,exploration,6,42,17.410777792340458
HUST,set2_early_soh,GPR,log,protocol_holdout,exploration,6,48,15.882085825132638
HUST,set2_early_soh,GPR,log,protocol_holdout,exploration,6,54,14.628616250382567
HUST,set2_early_soh,GPR,log,protocol_holdout,exploration,6,60,14.457126651037708
HUST,set2_early_soh,GPR,log,protocol_holdout,exploration,6,62,14.259164285124792
HUST,set2_early_soh,GPR,log,protocol_holdout,exploration,7,6,39.18088992498727
HUST,set2_early_soh,GPR,log,protocol_holdout,exploration,7,12,36.806151607496886
HUST,set2_early_soh,GPR,log,protocol_holdout,exploration,7,18,28.04834451248876
HUST,set2_early_soh,GPR,log,protocol_holdout,exploration,7,24,32.19872406713931
HUST,set2_early_soh,GPR,log,protocol_holdout,exploration,7,30,36.07552128455544
HUST,set2_early_soh,GPR,log,protocol_holdout,exploration,7,36,28.01908254370067
HUST,set2_early_soh,GPR,log,protocol_holdout,exploration,7,42,29.98576158514022
HUST,set2_early_soh,GPR,log,protocol_holdout,exploration,7,48,29.71621103059529
HUST,set2_early_soh,GPR,log,protocol_holdout,exploration,7,54,20.3501713213164
HUST,set2_early_soh,GPR,log,protocol_holdout,exploration,7,60,18.78933948832609
HUST,set2_early_soh,GPR,log,protocol_holdout,exploration,7,62,19.78885830655842
HUST,set2_early_soh,GPR,log,protocol_holdout,exploration,8,6,25.670646162216933
HUST,set2_early_soh,GPR,log,protocol_holdout,exploration,8,12,21.67040709023572
HUST,set2_early_soh,GPR,log,protocol_holdout,exploration,8,18,18.533199200668253
HUST,set2_early_soh,GPR,log,protocol_holdout,exploration,8,24,21.53476835352738
HUST,set2_early_soh,GPR,log,protocol_holdout,exploration,8,30,16.4111732523825
HUST,set2_early_soh,GPR,log,protocol_holdout,exploration,8,36,17.339328264592275
HUST,set2_early_soh,GPR,log,protocol_holdout,exploration,8,42,17.312404354388438
HUST,set2_early_soh,GPR,log,protocol_holdout,exploration,8,48,17.02997843900345
HUST,set2_early_soh,GPR,log,protocol_holdout,exploration,8,54,18.09885741675928
HUST,set2_early_soh,GPR,log,protocol_holdout,exploration,8,60,18.898362524093777
HUST,set2_early_soh,GPR,log,protocol_holdout,exploration,8,62,18.383087138505548
HUST,set2_early_soh,GPR,log,protocol_holdout,exploration,9,6,16.607646947562245
HUST,set2_early_soh,GPR,log,protocol_holdout,exploration,9,12,15.143203467048576
HUST,set2_early_soh,GPR,log,protocol_holdout,exploration,9,18,15.016623896921413
HUST,set2_early_soh,GPR,log,protocol_holdout,exploration,9,24,15.067111926070991
HUST,set2_early_soh,GPR,log,protocol_holdout,exploration,9,30,15.18268823388137
HUST,set2_early_soh,GPR,log,protocol_holdout,exploration,9,36,17.0985192800821
HUST,set2_early_soh,GPR,log,protocol_holdout,exploration,9,42,16.066665882293048
HUST,set2_early_soh,GPR,log,protocol_holdout,exploration,9,48,16.1910320077238
HUST,set2_early_soh,GPR,log,protocol_holdout,exploration,9,54,15.419555196568954
HUST,set2_early_soh,GPR,log,protocol_holdout,exploration,9,60,13.556281810981904
HUST,set2_early_soh,GPR,log,protocol_holdout,exploration,9,62,12.81853956398176
HUST,set2_early_soh,GPR,log,protocol_holdout,exploration,10,6,27.09061733122117
HUST,set2_early_soh,GPR,log,protocol_holdout,exploration,10,12,26.76318906585269
HUST,set2_early_soh,GPR,log,protocol_holdout,exploration,10,18,28.46612165946805
HUST,set2_early_soh,GPR,log,protocol_holdout,exploration,10,24,28.563257301668195
HUST,set2_early_soh,GPR,log,protocol_holdout,exploration,10,30,28.88945121130976
HUST,set2_early_soh,GPR,log,protocol_holdout,exploration,10,36,24.790003301695315
HUST,set2_early_soh,GPR,log,protocol_holdout,exploration,10,42,23.912768164807023
HUST,set2_early_soh,GPR,log,protocol_holdout,exploration,10,48,21.98442879381772
HUST,set2_early_soh,GPR,log,protocol_holdout,exploration,10,54,24.10402022976537
HUST,set2_early_soh,GPR,log,protocol_holdout,exploration,10,60,23.6227106740516
HUST,set2_early_soh,GPR,log,protocol_holdout,exploration,10,62,22.020392458636245
HUST,set2_early_soh,GPR,log,protocol_holdout,exploitation,1,6,13.976788428277343
HUST,set2_early_soh,GPR,log,protocol_holdout,exploitation,1,12,11.117665941122334
HUST,set2_early_soh,GPR,log,protocol_holdout,exploitation,1,18,10.462391412782065
HUST,set2_early_soh,GPR,log,protocol_holdout,exploitation,1,24,10.399043810061904
HUST,set2_early_soh,GPR,log,protocol_holdout,exploitation,1,30,10.122969084052125
HUST,set2_early_soh,GPR,log,protocol_holdout,exploitation,1,36,12.316464495452612
HUST,set2_early_soh,GPR,log,protocol_holdout,exploitation,1,42,10.30600621414728
HUST,set2_early_soh,GPR,log,protocol_holdout,exploitation,1,48,10.6973326966286
HUST,set2_early_soh,GPR,log,protocol_holdout,exploitation,1,54,10.396800370833926
HUST,set2_early_soh,GPR,log,protocol_holdout,exploitation,1,60,10.479291854872152
HUST,set2_early_soh,GPR,log,protocol_holdout,exploitation,1,62,10.560567000589144
HUST,set2_early_soh,GPR,log,protocol_holdout,exploitation,2,6,24.09370779059616
HUST,set2_early_soh,GPR,log,protocol_holdout,exploitation,2,12,23.31871626721157
HUST,set2_early_soh,GPR,log,protocol_holdout,exploitation,2,18,22.748081963970083
HUST,set2_early_soh,GPR,log,protocol_holdout,exploitation,2,24,21.98622771620092
HUST,set2_early_soh,GPR,log,protocol_holdout,exploitation,2,30,20.568931626704853
HUST,set2_early_soh,GPR,log,protocol_holdout,exploitation,2,36,21.77300532204298
HUST,set2_early_soh,GPR,log,protocol_holdout,exploitation,2,42,19.398089476047897
HUST,set2_early_soh,GPR,log,protocol_holdout,exploitation,2,48,19.71765997474548
HUST,set2_early_soh,GPR,log,protocol_holdout,exploitation,2,54,18.89440811466275
HUST,set2_early_soh,GPR,log,protocol_holdout,exploitation,2,60,18.99290000852564
HUST,set2_early_soh,GPR,log,protocol_holdout,exploitation,2,62,19.084429448896053
HUST,set2_early_soh,GPR,log,protocol_holdout,exploitation,3,6,16.554110191186318
HUST,set2_early_soh,GPR,log,protocol_holdout,exploitation,3,12,16.132270578002924
HUST,set2_early_soh,GPR,log,protocol_holdout,exploitation,3,18,14.136675984074936
HUST,set2_early_soh,GPR,log,protocol_holdout,exploitation,3,24,13.973693880536468
HUST,set2_early_soh,GPR,log,protocol_holdout,exploitation,3,30,14.510141804758351
HUST,set2_early_soh,GPR,log,protocol_holdout,exploitation,3,36,14.466094171738172
HUST,set2_early_soh,GPR,log,protocol_holdout,exploitation,3,42,14.747711516498136
HUST,set2_early_soh,GPR,log,protocol_holdout,exploitation,3,48,14.205703008696949
HUST,set2_early_soh,GPR,log,protocol_holdout,exploitation,3,54,14.186897471965636
HUST,set2_early_soh,GPR,log,protocol_holdout,exploitation,3,60,14.562218273301369
HUST,set2_early_soh,GPR,log,protocol_holdout,exploitation,3,62,14.678166918103503
HUST,set2_early_soh,GPR,log,protocol_holdout,exploitation,4,6,12.76530500475069
HUST,set2_early_soh,GPR,log,protocol_holdout,exploitation,4,12,11.999267020191626
HUST,set2_early_soh,GPR,log,protocol_holdout,exploitation,4,18,12.190337563714596
HUST,set2_early_soh,GPR,log,protocol_holdout,exploitation,4,24,11.675190882653206
HUST,set2_early_soh,GPR,log,protocol_holdout,exploitation,4,30,11.603935145384767
HUST,set2_early_soh,GPR,log,protocol_holdout,exploitation,4,36,11.168071441258196
HUST,set2_early_soh,GPR,log,protocol_holdout,exploitation,4,42,10.895662677410565
HUST,set2_early_soh,GPR,log,protocol_holdout,exploitation,4,48,10.88607135207518
HUST,set2_early_soh,GPR,log,protocol_holdout,exploitation,4,54,11.873820119535807
HUST,set2_early_soh,GPR,log,protocol_holdout,exploitation,4,60,11.182087470601637
HUST,set2_early_soh,GPR,log,protocol_holdout,exploitation,4,62,11.52871329741427
HUST,set2_early_soh,GPR,log,protocol_holdout,exploitation,5,6,16.066404779326337
HUST,set2_early_soh,GPR,log,protocol_holdout,exploitation,5,12,14.408932172434213
HUST,set2_early_soh,GPR,log,protocol_holdout,exploitation,5,18,14.839347491531898
HUST,set2_early_soh,GPR,log,protocol_holdout,exploitation,5,24,15.300517849722995
HUST,set2_early_soh,GPR,log,protocol_holdout,exploitation,5,30,15.042867564128798
HUST,set2_early_soh,GPR,log,protocol_holdout,exploitation,5,36,14.460486060848368
HUST,set2_early_soh,GPR,log,protocol_holdout,exploitation,5,42,14.441041288693082
HUST,set2_early_soh,GPR,log,protocol_holdout,exploitation,5,48,14.934733672735012
HUST,set2_early_soh,GPR,log,protocol_holdout,exploitation,5,54,16.918628739783774
HUST,set2_early_soh,GPR,log,protocol_holdout,exploitation,5,60,17.6011951991318
HUST,set2_early_soh,GPR,log,protocol_holdout,exploitation,5,62,17.48218029671776
HUST,set2_early_soh,GPR,log,protocol_holdout,exploitation,6,6,19.491762994587887
HUST,set2_early_soh,GPR,log,protocol_holdout,exploitation,6,12,27.071887558806534
HUST,set2_early_soh,GPR,log,protocol_holdout,exploitation,6,18,17.941214407522757
HUST,set2_early_soh,GPR,log,protocol_holdout,exploitation,6,24,15.651913586872752
HUST,set2_early_soh,GPR,log,protocol_holdout,exploitation,6,30,16.366973685060042
HUST,set2_early_soh,GPR,log,protocol_holdout,exploitation,6,36,16.323320567765737
HUST,set2_early_soh,GPR,log,protocol_holdout,exploitation,6,42,15.662177947320105
HUST,set2_early_soh,GPR,log,protocol_holdout,exploitation,6,48,14.201566956211556
HUST,set2_early_soh,GPR,log,protocol_holdout,exploitation,6,54,14.166498557070048
HUST,set2_early_soh,GPR,log,protocol_holdout,exploitation,6,60,14.151941816272288
HUST,set2_early_soh,GPR,log,protocol_holdout,exploitation,6,62,14.259164285124792
HUST,set2_early_soh,GPR,log,protocol_holdout,exploitation,7,6,39.18088992498727
HUST,set2_early_soh,GPR,log,protocol_holdout,exploitation,7,12,34.10475485045544
HUST,set2_early_soh,GPR,log,protocol_holdout,exploitation,7,18,25.25746492823771
HUST,set2_early_soh,GPR,log,protocol_holdout,exploitation,7,24,22.902493260563272
HUST,set2_early_soh,GPR,log,protocol_holdout,exploitation,7,30,19.447776832944548
HUST,set2_early_soh,GPR,log,protocol_holdout,exploitation,7,36,20.20766268282076
HUST,set2_early_soh,GPR,log,protocol_holdout,exploitation,7,42,19.99594891213336
HUST,set2_early_soh,GPR,log,protocol_holdout,exploitation,7,48,19.813894869974423
HUST,set2_early_soh,GPR,log,protocol_holdout,exploitation,7,54,19.049212831945464
HUST,set2_early_soh,GPR,log,protocol_holdout,exploitation,7,60,19.68099463562869
HUST,set2_early_soh,GPR,log,protocol_holdout,exploitation,7,62,19.78885830655842
HUST,set2_early_soh,GPR,log,protocol_holdout,exploitation,8,6,25.670646162216933
HUST,set2_early_soh,GPR,log,protocol_holdout,exploitation,8,12,23.56459850419441
HUST,set2_early_soh,GPR,log,protocol_holdout,exploitation,8,18,16.612786562028948
HUST,set2_early_soh,GPR,log,protocol_holdout,exploitation,8,24,15.41433084280152
HUST,set2_early_soh,GPR,log,protocol_holdout,exploitation,8,30,15.386424851430384
HUST,set2_early_soh,GPR,log,protocol_holdout,exploitation,8,36,15.897900767922607
HUST,set2_early_soh,GPR,log,protocol_holdout,exploitation,8,42,16.049032487333857
HUST,set2_early_soh,GPR,log,protocol_holdout,exploitation,8,48,16.33370333658703
HUST,set2_early_soh,GPR,log,protocol_holdout,exploitation,8,54,18.694010204542725
HUST,set2_early_soh,GPR,log,protocol_holdout,exploitation,8,60,18.1299295615202
HUST,set2_early_soh,GPR,log,protocol_holdout,exploitation,8,62,18.383087138505548
HUST,set2_early_soh,GPR,log,protocol_holdout,exploitation,9,6,16.607646947562245
HUST,set2_early_soh,GPR,log,protocol_holdout,exploitation,9,12,15.143203467048576
HUST,set2_early_soh,GPR,log,protocol_holdout,exploitation,9,18,16.315761029533952
HUST,set2_early_soh,GPR,log,protocol_holdout,exploitation,9,24,17.23014770195062
HUST,set2_early_soh,GPR,log,protocol_holdout,exploitation,9,30,16.17420125145605
HUST,set2_early_soh,GPR,log,protocol_holdout,exploitation,9,36,12.34607662575266
HUST,set2_early_soh,GPR,log,protocol_holdout,exploitation,9,42,11.836348701789866
HUST,set2_early_soh,GPR,log,protocol_holdout,exploitation,9,48,11.940361370605732
HUST,set2_early_soh,GPR,log,protocol_holdout,exploitation,9,54,12.49720935992373
HUST,set2_early_soh,GPR,log,protocol_holdout,exploitation,9,60,12.745497954205126
HUST,set2_early_soh,GPR,log,protocol_holdout,exploitation,9,62,12.81853956398176
HUST,set2_early_soh,GPR,log,protocol_holdout,exploitation,10,6,27.09061733122117
HUST,set2_early_soh,GPR,log,protocol_holdout,exploitation,10,12,19.659480454667364
HUST,set2_early_soh,GPR,log,protocol_holdout,exploitation,10,18,19.00741693887201
HUST,set2_early_soh,GPR,log,protocol_holdout,exploitation,10,24,22.227251369589577
HUST,set2_early_soh,GPR,log,protocol_holdout,exploitation,10,30,21.89485362011409
HUST,set2_early_soh,GPR,log,protocol_holdout,exploitation,10,36,21.8224250217386
HUST,set2_early_soh,GPR,log,protocol_holdout,exploitation,10,42,22.06854522950524
HUST,set2_early_soh,GPR,log,protocol_holdout,exploitation,10,48,21.59874271418716
HUST,set2_early_soh,GPR,log,protocol_holdout,exploitation,10,54,21.58246867336944
HUST,set2_early_soh,GPR,log,protocol_holdout,exploitation,10,60,21.925570722775664
HUST,set2_early_soh,GPR,log,protocol_holdout,exploitation,10,62,22.020392458636245
HUST,set2_early_soh,GPR,log,protocol_holdout,hybrid,1,6,13.976788428277343
HUST,set2_early_soh,GPR,log,protocol_holdout,hybrid,1,12,13.44532757297883
HUST,set2_early_soh,GPR,log,protocol_holdout,hybrid,1,18,13.044405363571071
HUST,set2_early_soh,GPR,log,protocol_holdout,hybrid,1,24,13.21775071071002
HUST,set2_early_soh,GPR,log,protocol_holdout,hybrid,1,30,9.47167922865255
HUST,set2_early_soh,GPR,log,protocol_holdout,hybrid,1,36,11.19555144146891
HUST,set2_early_soh,GPR,log,protocol_holdout,hybrid,1,42,11.036840139884914
HUST,set2_early_soh,GPR,log,protocol_holdout,hybrid,1,48,10.90252798324404
HUST,set2_early_soh,GPR,log,protocol_holdout,hybrid,1,54,11.473092259392471
HUST,set2_early_soh,GPR,log,protocol_holdout,hybrid,1,60,10.605189909904873
HUST,set2_early_soh,GPR,log,protocol_holdout,hybrid,1,62,10.560567000589144
HUST,set2_early_soh,GPR,log,protocol_holdout,hybrid,2,6,24.09370779059616
HUST,set2_early_soh,GPR,log,protocol_holdout,hybrid,2,12,26.21999858153733
HUST,set2_early_soh,GPR,log,protocol_holdout,hybrid,2,18,19.375271854998907
HUST,set2_early_soh,GPR,log,protocol_holdout,hybrid,2,24,19.53110932062585
HUST,set2_early_soh,GPR,log,protocol_holdout,hybrid,2,30,19.50588295211042
HUST,set2_early_soh,GPR,log,protocol_holdout,hybrid,2,36,17.472933651321483
HUST,set2_early_soh,GPR,log,protocol_holdout,hybrid,2,42,16.4461558370335
HUST,set2_early_soh,GPR,log,protocol_holdout,hybrid,2,48,18.21911488080686
HUST,set2_early_soh,GPR,log,protocol_holdout,hybrid,2,54,18.48560183606997
HUST,set2_early_soh,GPR,log,protocol_holdout,hybrid,2,60,19.33512570014177
HUST,set2_early_soh,GPR,log,protocol_holdout,hybrid,2,62,19.084429448896053
HUST,set2_early_soh,GPR,log,protocol_holdout,hybrid,3,6,16.554110191186318
HUST,set2_early_soh,GPR,log,protocol_holdout,hybrid,3,12,14.693893016297649
HUST,set2_early_soh,GPR,log,protocol_holdout,hybrid,3,18,15.067897526049853
HUST,set2_early_soh,GPR,log,protocol_holdout,hybrid,3,24,15.564009091457049
HUST,set2_early_soh,GPR,log,protocol_holdout,hybrid,3,30,14.598225056467433
HUST,set2_early_soh,GPR,log,protocol_holdout,hybrid,3,36,15.65431677244376
HUST,set2_early_soh,GPR,log,protocol_holdout,hybrid,3,42,16.64911119092828
HUST,set2_early_soh,GPR,log,protocol_holdout,hybrid,3,48,14.200674734367372
HUST,set2_early_soh,GPR,log,protocol_holdout,hybrid,3,54,15.009298076006491
HUST,set2_early_soh,GPR,log,protocol_holdout,hybrid,3,60,15.772893886509424
HUST,set2_early_soh,GPR,log,protocol_holdout,hybrid,3,62,14.678166918103503
HUST,set2_early_soh,GPR,log,protocol_holdout,hybrid,4,6,12.76530500475069
HUST,set2_early_soh,GPR,log,protocol_holdout,hybrid,4,12,13.395952198236264
HUST,set2_early_soh,GPR,log,protocol_holdout,hybrid,4,18,12.712146459155074
HUST,set2_early_soh,GPR,log,protocol_holdout,hybrid,4,24,9.656387441752251
HUST,set2_early_soh,GPR,log,protocol_holdout,hybrid,4,30,9.901075202543682
HUST,set2_early_soh,GPR,log,protocol_holdout,hybrid,4,36,11.533213161375707
HUST,set2_early_soh,GPR,log,protocol_holdout,hybrid,4,42,12.380902980252216
HUST,set2_early_soh,GPR,log,protocol_holdout,hybrid,4,48,10.763795676210114
HUST,set2_early_soh,GPR,log,protocol_holdout,hybrid,4,54,11.19545071727081
HUST,set2_early_soh,GPR,log,protocol_holdout,hybrid,4,60,11.815193663815611
HUST,set2_early_soh,GPR,log,protocol_holdout,hybrid,4,62,11.52871329741427
HUST,set2_early_soh,GPR,log,protocol_holdout,hybrid,5,6,16.066404779326337
HUST,set2_early_soh,GPR,log,protocol_holdout,hybrid,5,12,15.697418083021056
HUST,set2_early_soh,GPR,log,protocol_holdout,hybrid,5,18,9.146861517939325
HUST,set2_early_soh,GPR,log,protocol_holdout,hybrid,5,24,16.335842349589168
HUST,set2_early_soh,GPR,log,protocol_holdout,hybrid,5,30,15.245969928314624
HUST,set2_early_soh,GPR,log,protocol_holdout,hybrid,5,36,14.89086777980632
HUST,set2_early_soh,GPR,log,protocol_holdout,hybrid,5,42,13.81810873425442
HUST,set2_early_soh,GPR,log,protocol_holdout,hybrid,5,48,15.498066808864776
HUST,set2_early_soh,GPR,log,protocol_holdout,hybrid,5,54,16.70719563563499
HUST,set2_early_soh,GPR,log,protocol_holdout,hybrid,5,60,17.459125542794425
HUST,set2_early_soh,GPR,log,protocol_holdout,hybrid,5,62,17.48218029671776
HUST,set2_early_soh,GPR,log,protocol_holdout,hybrid,6,6,19.491762994587887
HUST,set2_early_soh,GPR,log,protocol_holdout,hybrid,6,12,21.653022694872863
HUST,set2_early_soh,GPR,log,protocol_holdout,hybrid,6,18,20.600704048324083
HUST,set2_early_soh,GPR,log,protocol_holdout,hybrid,6,24,19.26942258102784
HUST,set2_early_soh,GPR,log,protocol_holdout,hybrid,6,30,18.796739095585696
HUST,set2_early_soh,GPR,log,protocol_holdout,hybrid,6,36,15.23299900564345
HUST,set2_early_soh,GPR,log,protocol_holdout,hybrid,6,42,14.483762942347948
HUST,set2_early_soh,GPR,log,protocol_holdout,hybrid,6,48,15.618926651919882
HUST,set2_early_soh,GPR,log,protocol_holdout,hybrid,6,54,15.003559501026524
HUST,set2_early_soh,GPR,log,protocol_holdout,hybrid,6,60,14.31657031575816
HUST,set2_early_soh,GPR,log,protocol_holdout,hybrid,6,62,14.259164285124792
HUST,set2_early_soh,GPR,log,protocol_holdout,hybrid,7,6,39.18088992498727
HUST,set2_early_soh,GPR,log,protocol_holdout,hybrid,7,12,36.806151607496886
HUST,set2_early_soh,GPR,log,protocol_holdout,hybrid,7,18,29.13329182691819
HUST,set2_early_soh,GPR,log,protocol_holdout,hybrid,7,24,34.35244040013464
HUST,set2_early_soh,GPR,log,protocol_holdout,hybrid,7,30,33.06827623188455
HUST,set2_early_soh,GPR,log,protocol_holdout,hybrid,7,36,32.0743995407956
HUST,set2_early_soh,GPR,log,protocol_holdout,hybrid,7,42,26.262279024838715
HUST,set2_early_soh,GPR,log,protocol_holdout,hybrid,7,48,26.637759162327733
HUST,set2_early_soh,GPR,log,protocol_holdout,hybrid,7,54,25.09061168004004
HUST,set2_early_soh,GPR,log,protocol_holdout,hybrid,7,60,22.596293001634884
HUST,set2_early_soh,GPR,log,protocol_holdout,hybrid,7,62,19.78885830655842
HUST,set2_early_soh,GPR,log,protocol_holdout,hybrid,8,6,25.670646162216933
HUST,set2_early_soh,GPR,log,protocol_holdout,hybrid,8,12,21.70386578077272
HUST,set2_early_soh,GPR,log,protocol_holdout,hybrid,8,18,19.21622352158769
HUST,set2_early_soh,GPR,log,protocol_holdout,hybrid,8,24,15.59099216748134
HUST,set2_early_soh,GPR,log,protocol_holdout,hybrid,8,30,16.642454220065567
HUST,set2_early_soh,GPR,log,protocol_holdout,hybrid,8,36,15.228063936687311
HUST,set2_early_soh,GPR,log,protocol_holdout,hybrid,8,42,17.50304796072057
HUST,set2_early_soh,GPR,log,protocol_holdout,hybrid,8,48,17.64862352238824
HUST,set2_early_soh,GPR,log,protocol_holdout,hybrid,8,54,18.34164837642163
HUST,set2_early_soh,GPR,log,protocol_holdout,hybrid,8,60,18.37453247602293
HUST,set2_early_soh,GPR,log,protocol_holdout,hybrid,8,62,18.383087138505548
HUST,set2_early_soh,GPR,log,protocol_holdout,hybrid,9,6,16.607646947562245
HUST,set2_early_soh,GPR,log,protocol_holdout,hybrid,9,12,16.525753685340216
HUST,set2_early_soh,GPR,log,protocol_holdout,hybrid,9,18,16.48376897694931
HUST,set2_early_soh,GPR,log,protocol_holdout,hybrid,9,24,16.564628848161863
HUST,set2_early_soh,GPR,log,protocol_holdout,hybrid,9,30,16.643704077143006
HUST,set2_early_soh,GPR,log,protocol_holdout,hybrid,9,36,16.851052669076193
HUST,set2_early_soh,GPR,log,protocol_holdout,hybrid,9,42,15.641295314969565
HUST,set2_early_soh,GPR,log,protocol_holdout,hybrid,9,48,15.094788007645295
HUST,set2_early_soh,GPR,log,protocol_holdout,hybrid,9,54,14.709235601965744
HUST,set2_early_soh,GPR,log,protocol_holdout,hybrid,9,60,13.556281810981904
HUST,set2_early_soh,GPR,log,protocol_holdout,hybrid,9,62,12.81853956398176
HUST,set2_early_soh,GPR,log,protocol_holdout,hybrid,10,6,27.09061733122117
HUST,set2_early_soh,GPR,log,protocol_holdout,hybrid,10,12,27.463807470314045
HUST,set2_early_soh,GPR,log,protocol_holdout,hybrid,10,18,28.46612165946805
HUST,set2_early_soh,GPR,log,protocol_holdout,hybrid,10,24,27.72538933599352
HUST,set2_early_soh,GPR,log,protocol_holdout,hybrid,10,30,22.754923299326627
HUST,set2_early_soh,GPR,log,protocol_holdout,hybrid,10,36,26.02493931605973
HUST,set2_early_soh,GPR,log,protocol_holdout,hybrid,10,42,23.904760538905737
HUST,set2_early_soh,GPR,log,protocol_holdout,hybrid,10,48,23.064802940891266
HUST,set2_early_soh,GPR,log,protocol_holdout,hybrid,10,54,21.99627098765977
HUST,set2_early_soh,GPR,log,protocol_holdout,hybrid,10,60,21.955143907503835
HUST,set2_early_soh,GPR,log,protocol_holdout,hybrid,10,62,22.020392458636245
KIT,set2_early_soh,GPR,log,protocol_holdout,random_selection,1,6,35.52935754373849
KIT,set2_early_soh,GPR,log,protocol_holdout,random_selection,1,12,36.042178939216654
KIT,set2_early_soh,GPR,log,protocol_holdout,random_selection,1,18,30.622897570880696
KIT,set2_early_soh,GPR,log,protocol_holdout,random_selection,1,24,30.6733302352269
KIT,set2_early_soh,GPR,log,protocol_holdout,random_selection,1,30,28.46880914972913
KIT,set2_early_soh,GPR,log,protocol_holdout,random_selection,1,36,27.81122686354264
KIT,set2_early_soh,GPR,log,protocol_holdout,random_selection,1,42,26.06483548232756
KIT,set2_early_soh,GPR,log,protocol_holdout,random_selection,1,48,24.997542505326685
KIT,set2_early_soh,GPR,log,protocol_holdout,random_selection,1,54,24.972845336674645
KIT,set2_early_soh,GPR,log,protocol_holdout,random_selection,1,60,27.42032165871854
KIT,set2_early_soh,GPR,log,protocol_holdout,random_selection,1,66,29.117254462584235
KIT,set2_early_soh,GPR,log,protocol_holdout,random_selection,2,6,39.68725132981077
KIT,set2_early_soh,GPR,log,protocol_holdout,random_selection,2,12,49.15477830609681
KIT,set2_early_soh,GPR,log,protocol_holdout,random_selection,2,18,46.53631447651489
KIT,set2_early_soh,GPR,log,protocol_holdout,random_selection,2,24,38.5415664408028
KIT,set2_early_soh,GPR,log,protocol_holdout,random_selection,2,30,36.241454391464686
KIT,set2_early_soh,GPR,log,protocol_holdout,random_selection,2,36,34.68084247951956
KIT,set2_early_soh,GPR,log,protocol_holdout,random_selection,2,42,35.55159496625174
KIT,set2_early_soh,GPR,log,protocol_holdout,random_selection,2,48,34.8912091303241
KIT,set2_early_soh,GPR,log,protocol_holdout,random_selection,2,54,29.17899940925371
KIT,set2_early_soh,GPR,log,protocol_holdout,random_selection,2,60,30.494803316421905
KIT,set2_early_soh,GPR,log,protocol_holdout,random_selection,2,66,28.868396741739925
KIT,set2_early_soh,GPR,log,protocol_holdout,random_selection,3,6,30.97953682595332
KIT,set2_early_soh,GPR,log,protocol_holdout,random_selection,3,12,51.29288036143813
KIT,set2_early_soh,GPR,log,protocol_holdout,random_selection,3,18,44.32733548369438
KIT,set2_early_soh,GPR,log,protocol_holdout,random_selection,3,24,44.50994314145908
KIT,set2_early_soh,GPR,log,protocol_holdout,random_selection,3,30,42.33034817832488
KIT,set2_early_soh,GPR,log,protocol_holdout,random_selection,3,36,35.238016450155726
KIT,set2_early_soh,GPR,log,protocol_holdout,random_selection,3,42,26.764812609418275
KIT,set2_early_soh,GPR,log,protocol_holdout,random_selection,3,48,23.63392428736533
KIT,set2_early_soh,GPR,log,protocol_holdout,random_selection,3,54,22.57428620591762
KIT,set2_early_soh,GPR,log,protocol_holdout,random_selection,3,60,28.989785568652028
KIT,set2_early_soh,GPR,log,protocol_holdout,random_selection,3,66,27.32483894393299
KIT,set2_early_soh,GPR,log,protocol_holdout,random_selection,4,6,34.55290213849838
KIT,set2_early_soh,GPR,log,protocol_holdout,random_selection,4,12,30.38820979441291
KIT,set2_early_soh,GPR,log,protocol_holdout,random_selection,4,18,39.39231263750815
KIT,set2_early_soh,GPR,log,protocol_holdout,random_selection,4,24,39.04895994075779
KIT,set2_early_soh,GPR,log,protocol_holdout,random_selection,4,30,42.525896922856376
KIT,set2_early_soh,GPR,log,protocol_holdout,random_selection,4,36,42.11207523140651
KIT,set2_early_soh,GPR,log,protocol_holdout,random_selection,4,42,38.24436542787073
KIT,set2_early_soh,GPR,log,protocol_holdout,random_selection,4,48,34.80588423512192
KIT,set2_early_soh,GPR,log,protocol_holdout,random_selection,4,54,33.10377684800089
KIT,set2_early_soh,GPR,log,protocol_holdout,random_selection,4,60,32.565255198370544
KIT,set2_early_soh,GPR,log,protocol_holdout,random_selection,4,66,33.30840408619218
KIT,set2_early_soh,GPR,log,protocol_holdout,random_selection,5,6,34.524482918984354
KIT,set2_early_soh,GPR,log,protocol_holdout,random_selection,5,12,25.85672434366976
KIT,set2_early_soh,GPR,log,protocol_holdout,random_selection,5,18,23.73946521017556
KIT,set2_early_soh,GPR,log,protocol_holdout,random_selection,5,24,30.174665377012545
KIT,set2_early_soh,GPR,log,protocol_holdout,random_selection,5,30,21.68842461097719
KIT,set2_early_soh,GPR,log,protocol_holdout,random_selection,5,36,14.559789567963277
KIT,set2_early_soh,GPR,log,protocol_holdout,random_selection,5,42,19.190944881213923
KIT,set2_early_soh,GPR,log,protocol_holdout,random_selection,5,48,22.18898331128817
KIT,set2_early_soh,GPR,log,protocol_holdout,random_selection,5,54,35.943231930438735
KIT,set2_early_soh,GPR,log,protocol_holdout,random_selection,5,60,37.38331893982079
KIT,set2_early_soh,GPR,log,protocol_holdout,random_selection,5,66,35.3031574029192
KIT,set2_early_soh,GPR,log,protocol_holdout,random_selection,6,6,23.946283524336405
KIT,set2_early_soh,GPR,log,protocol_holdout,random_selection,6,12,25.05587396786691
KIT,set2_early_soh,GPR,log,protocol_holdout,random_selection,6,18,28.14101120030468
KIT,set2_early_soh,GPR,log,protocol_holdout,random_selection,6,24,25.991501511427103
KIT,set2_early_soh,GPR,log,protocol_holdout,random_selection,6,30,29.86429810127529
KIT,set2_early_soh,GPR,log,protocol_holdout,random_selection,6,36,28.64130568275328
KIT,set2_early_soh,GPR,log,protocol_holdout,random_selection,6,42,27.984778000876727
KIT,set2_early_soh,GPR,log,protocol_holdout,random_selection,6,48,31.67345850974801
KIT,set2_early_soh,GPR,log,protocol_holdout,random_selection,6,54,32.80319464865224
KIT,set2_early_soh,GPR,log,protocol_holdout,random_selection,6,60,34.16458788921391
KIT,set2_early_soh,GPR,log,protocol_holdout,random_selection,6,66,35.01490510020754
KIT,set2_early_soh,GPR,log,protocol_holdout,random_selection,7,6,36.062654123173296
KIT,set2_early_soh,GPR,log,protocol_holdout,random_selection,7,12,32.07462175915169
KIT,set2_early_soh,GPR,log,protocol_holdout,random_selection,7,18,32.06759625281328
KIT,set2_early_soh,GPR,log,protocol_holdout,random_selection,7,24,33.830655882495094
KIT,set2_early_soh,GPR,log,protocol_holdout,random_selection,7,30,34.00799952394765
KIT,set2_early_soh,GPR,log,protocol_holdout,random_selection,7,36,31.858774444194843
KIT,set2_early_soh,GPR,log,protocol_holdout,random_selection,7,42,31.012775871586097
KIT,set2_early_soh,GPR,log,protocol_holdout,random_selection,7,48,28.8275209636794
KIT,set2_early_soh,GPR,log,protocol_holdout,random_selection,7,54,26.26139311778111
KIT,set2_early_soh,GPR,log,protocol_holdout,random_selection,7,60,29.56352156491538
KIT,set2_early_soh,GPR,log,protocol_holdout,random_selection,7,66,28.307321092296373
KIT,set2_early_soh,GPR,log,protocol_holdout,random_selection,8,6,38.80534164991855
KIT,set2_early_soh,GPR,log,protocol_holdout,random_selection,8,12,40.10232692054301
KIT,set2_early_soh,GPR,log,protocol_holdout,random_selection,8,18,30.541085621349147
KIT,set2_early_soh,GPR,log,protocol_holdout,random_selection,8,24,27.394295690742705
KIT,set2_early_soh,GPR,log,protocol_holdout,random_selection,8,30,25.361721477766743
KIT,set2_early_soh,GPR,log,protocol_holdout,random_selection,8,36,29.641344961588
KIT,set2_early_soh,GPR,log,protocol_holdout,random_selection,8,42,30.330634857584823
KIT,set2_early_soh,GPR,log,protocol_holdout,random_selection,8,48,30.1865867257598
KIT,set2_early_soh,GPR,log,protocol_holdout,random_selection,8,54,29.986615145801032
KIT,set2_early_soh,GPR,log,protocol_holdout,random_selection,8,60,29.21432836127408
KIT,set2_early_soh,GPR,log,protocol_holdout,random_selection,8,66,28.96783873604419
KIT,set2_early_soh,GPR,log,protocol_holdout,random_selection,9,6,27.50520453623061
KIT,set2_early_soh,GPR,log,protocol_holdout,random_selection,9,12,34.16599197543512
KIT,set2_early_soh,GPR,log,protocol_holdout,random_selection,9,18,52.3749927920999
KIT,set2_early_soh,GPR,log,protocol_holdout,random_selection,9,24,38.5286610355978
KIT,set2_early_soh,GPR,log,protocol_holdout,random_selection,9,30,32.58359206775658
KIT,set2_early_soh,GPR,log,protocol_holdout,random_selection,9,36,29.457143174627443
KIT,set2_early_soh,GPR,log,protocol_holdout,random_selection,9,42,32.73329259146268
KIT,set2_early_soh,GPR,log,protocol_holdout,random_selection,9,48,28.47290525741297
KIT,set2_early_soh,GPR,log,protocol_holdout,random_selection,9,54,29.786314713741096
KIT,set2_early_soh,GPR,log,protocol_holdout,random_selection,9,60,30.55715905492213
KIT,set2_early_soh,GPR,log,protocol_holdout,random_selection,9,66,29.5685585424211
KIT,set2_early_soh,GPR,log,protocol_holdout,random_selection,10,6,16.746399629986815
KIT,set2_early_soh,GPR,log,protocol_holdout,random_selection,10,12,33.70351280224359
KIT,set2_early_soh,GPR,log,protocol_holdout,random_selection,10,18,23.456995429646824
KIT,set2_early_soh,GPR,log,protocol_holdout,random_selection,10,24,26.144090003150687
KIT,set2_early_soh,GPR,log,protocol_holdout,random_selection,10,30,29.82916639957128
KIT,set2_early_soh,GPR,log,protocol_holdout,random_selection,10,36,35.43648488269674
KIT,set2_early_soh,GPR,log,protocol_holdout,random_selection,10,42,32.80951385272126
KIT,set2_early_soh,GPR,log,protocol_holdout,random_selection,10,48,36.48526187747498
KIT,set2_early_soh,GPR,log,protocol_holdout,random_selection,10,54,43.94200214832071
KIT,set2_early_soh,GPR,log,protocol_holdout,random_selection,10,60,46.07417064389965
KIT,set2_early_soh,GPR,log,protocol_holdout,random_selection,10,66,64.54250431039979
KIT,set2_early_soh,GPR,log,protocol_holdout,diversity_oneshot,1,6,39.66489389612114
KIT,set2_early_soh,GPR,log,protocol_holdout,diversity_oneshot,1,12,31.572866325057376
KIT,set2_early_soh,GPR,log,protocol_holdout,diversity_oneshot,1,18,29.56662008491348
KIT,set2_early_soh,GPR,log,protocol_holdout,diversity_oneshot,1,24,30.420779876631265
KIT,set2_early_soh,GPR,log,protocol_holdout,diversity_oneshot,1,30,29.1025126641304
KIT,set2_early_soh,GPR,log,protocol_holdout,diversity_oneshot,1,36,37.14994216405967
KIT,set2_early_soh,GPR,log,protocol_holdout,diversity_oneshot,1,42,33.59024376037119
KIT,set2_early_soh,GPR,log,protocol_holdout,diversity_oneshot,1,48,31.286348369429813
KIT,set2_early_soh,GPR,log,protocol_holdout,diversity_oneshot,1,54,27.86816508108557
KIT,set2_early_soh,GPR,log,protocol_holdout,diversity_oneshot,1,60,27.01924490735496
KIT,set2_early_soh,GPR,log,protocol_holdout,diversity_oneshot,1,66,29.117254462584235
KIT,set2_early_soh,GPR,log,protocol_holdout,diversity_oneshot,2,6,35.91891158332521
KIT,set2_early_soh,GPR,log,protocol_holdout,diversity_oneshot,2,12,35.88795551492877
KIT,set2_early_soh,GPR,log,protocol_holdout,diversity_oneshot,2,18,30.99483197654973
KIT,set2_early_soh,GPR,log,protocol_holdout,diversity_oneshot,2,24,31.582507138897046
KIT,set2_early_soh,GPR,log,protocol_holdout,diversity_oneshot,2,30,31.2808706009083
KIT,set2_early_soh,GPR,log,protocol_holdout,diversity_oneshot,2,36,30.097076581167343
KIT,set2_early_soh,GPR,log,protocol_holdout,diversity_oneshot,2,42,32.92087404076675
KIT,set2_early_soh,GPR,log,protocol_holdout,diversity_oneshot,2,48,31.14717638683902
KIT,set2_early_soh,GPR,log,protocol_holdout,diversity_oneshot,2,54,30.05145194594501
KIT,set2_early_soh,GPR,log,protocol_holdout,diversity_oneshot,2,60,25.990191491725383
KIT,set2_early_soh,GPR,log,protocol_holdout,diversity_oneshot,2,66,28.868396741739925
KIT,set2_early_soh,GPR,log,protocol_holdout,diversity_oneshot,3,6,37.981054627333926
KIT,set2_early_soh,GPR,log,protocol_holdout,diversity_oneshot,3,12,50.57187910576606
KIT,set2_early_soh,GPR,log,protocol_holdout,diversity_oneshot,3,18,45.94749696866492
KIT,set2_early_soh,GPR,log,protocol_holdout,diversity_oneshot,3,24,38.25405737523051
KIT,set2_early_soh,GPR,log,protocol_holdout,diversity_oneshot,3,30,44.93029329510227
KIT,set2_early_soh,GPR,log,protocol_holdout,diversity_oneshot,3,36,41.80643939463748
KIT,set2_early_soh,GPR,log,protocol_holdout,diversity_oneshot,3,42,31.464233838338284
KIT,set2_early_soh,GPR,log,protocol_holdout,diversity_oneshot,3,48,30.603458191781325
KIT,set2_early_soh,GPR,log,protocol_holdout,diversity_oneshot,3,54,25.38954010913185
KIT,set2_early_soh,GPR,log,protocol_holdout,diversity_oneshot,3,60,31.471532925365224
KIT,set2_early_soh,GPR,log,protocol_holdout,diversity_oneshot,3,66,27.32483894393299
KIT,set2_early_soh,GPR,log,protocol_holdout,diversity_oneshot,4,6,42.5650323827558
KIT,set2_early_soh,GPR,log,protocol_holdout,diversity_oneshot,4,12,64.05548552682836
KIT,set2_early_soh,GPR,log,protocol_holdout,diversity_oneshot,4,18,39.8018113070558
KIT,set2_early_soh,GPR,log,protocol_holdout,diversity_oneshot,4,24,42.94995172862303
KIT,set2_early_soh,GPR,log,protocol_holdout,diversity_oneshot,4,30,38.01806365702371
KIT,set2_early_soh,GPR,log,protocol_holdout,diversity_oneshot,4,36,48.95555711959866
KIT,set2_early_soh,GPR,log,protocol_holdout,diversity_oneshot,4,42,45.34328083294924
KIT,set2_early_soh,GPR,log,protocol_holdout,diversity_oneshot,4,48,37.305859484687225
KIT,set2_early_soh,GPR,log,protocol_holdout,diversity_oneshot,4,54,33.357570797755656
KIT,set2_early_soh,GPR,log,protocol_holdout,diversity_oneshot,4,60,32.55520340813411
KIT,set2_early_soh,GPR,log,protocol_holdout,diversity_oneshot,4,66,33.30840408619218
KIT,set2_early_soh,GPR,log,protocol_holdout,diversity_oneshot,5,6,31.96033839239833
KIT,set2_early_soh,GPR,log,protocol_holdout,diversity_oneshot,5,12,14.103190419164122
KIT,set2_early_soh,GPR,log,protocol_holdout,diversity_oneshot,5,18,26.23951297104201
KIT,set2_early_soh,GPR,log,protocol_holdout,diversity_oneshot,5,24,25.813798354139795
KIT,set2_early_soh,GPR,log,protocol_holdout,diversity_oneshot,5,30,26.998474694283548
KIT,set2_early_soh,GPR,log,protocol_holdout,diversity_oneshot,5,36,18.05128637758015
KIT,set2_early_soh,GPR,log,protocol_holdout,diversity_oneshot,5,42,27.31449496099916
KIT,set2_early_soh,GPR,log,protocol_holdout,diversity_oneshot,5,48,27.706596567379886
KIT,set2_early_soh,GPR,log,protocol_holdout,diversity_oneshot,5,54,29.668599661339044
KIT,set2_early_soh,GPR,log,protocol_holdout,diversity_oneshot,5,60,28.818963726353395
KIT,set2_early_soh,GPR,log,protocol_holdout,diversity_oneshot,5,66,35.3031574029192
KIT,set2_early_soh,GPR,log,protocol_holdout,diversity_oneshot,6,6,20.08772520405961
KIT,set2_early_soh,GPR,log,protocol_holdout,diversity_oneshot,6,12,28.41652355663936
KIT,set2_early_soh,GPR,log,protocol_holdout,diversity_oneshot,6,18,24.092900289395143
KIT,set2_early_soh,GPR,log,protocol_holdout,diversity_oneshot,6,24,28.98074751706714
KIT,set2_early_soh,GPR,log,protocol_holdout,diversity_oneshot,6,30,29.70762289143977
KIT,set2_early_soh,GPR,log,protocol_holdout,diversity_oneshot,6,36,39.06019881518127
KIT,set2_early_soh,GPR,log,protocol_holdout,diversity_oneshot,6,42,38.7466979564674
KIT,set2_early_soh,GPR,log,protocol_holdout,diversity_oneshot,6,48,34.25260284965875
KIT,set2_early_soh,GPR,log,protocol_holdout,diversity_oneshot,6,54,32.07410589028553
KIT,set2_early_soh,GPR,log,protocol_holdout,diversity_oneshot,6,60,33.892879614827656
KIT,set2_early_soh,GPR,log,protocol_holdout,diversity_oneshot,6,66,35.01490510020754
KIT,set2_early_soh,GPR,log,protocol_holdout,diversity_oneshot,7,6,34.489685339772976
KIT,set2_early_soh,GPR,log,protocol_holdout,diversity_oneshot,7,12,47.6824171430855
KIT,set2_early_soh,GPR,log,protocol_holdout,diversity_oneshot,7,18,34.03066585769479
KIT,set2_early_soh,GPR,log,protocol_holdout,diversity_oneshot,7,24,31.69290794360497
KIT,set2_early_soh,GPR,log,protocol_holdout,diversity_oneshot,7,30,31.14270694727725
KIT,set2_early_soh,GPR,log,protocol_holdout,diversity_oneshot,7,36,29.664896303856548
KIT,set2_early_soh,GPR,log,protocol_holdout,diversity_oneshot,7,42,32.601712584202296
KIT,set2_early_soh,GPR,log,protocol_holdout,diversity_oneshot,7,48,28.57262864171976
KIT,set2_early_soh,GPR,log,protocol_holdout,diversity_oneshot,7,54,25.60716190685688
KIT,set2_early_soh,GPR,log,protocol_holdout,diversity_oneshot,7,60,27.04793287760813
KIT,set2_early_soh,GPR,log,protocol_holdout,diversity_oneshot,7,66,28.307321092296373
KIT,set2_early_soh,GPR,log,protocol_holdout,diversity_oneshot,8,6,26.77763717401015
KIT,set2_early_soh,GPR,log,protocol_holdout,diversity_oneshot,8,12,33.18245522059251
KIT,set2_early_soh,GPR,log,protocol_holdout,diversity_oneshot,8,18,33.0936106758837
KIT,set2_early_soh,GPR,log,protocol_holdout,diversity_oneshot,8,24,27.842323667629653
KIT,set2_early_soh,GPR,log,protocol_holdout,diversity_oneshot,8,30,28.202623250789564
KIT,set2_early_soh,GPR,log,protocol_holdout,diversity_oneshot,8,36,28.27051426809904
KIT,set2_early_soh,GPR,log,protocol_holdout,diversity_oneshot,8,42,32.86694694661878
KIT,set2_early_soh,GPR,log,protocol_holdout,diversity_oneshot,8,48,30.34083978935852
KIT,set2_early_soh,GPR,log,protocol_holdout,diversity_oneshot,8,54,31.173353816791145
KIT,set2_early_soh,GPR,log,protocol_holdout,diversity_oneshot,8,60,30.0811680661296
KIT,set2_early_soh,GPR,log,protocol_holdout,diversity_oneshot,8,66,28.96783873604419
KIT,set2_early_soh,GPR,log,protocol_holdout,diversity_oneshot,9,6,45.55721331926794
KIT,set2_early_soh,GPR,log,protocol_holdout,diversity_oneshot,9,12,40.39764980513358
KIT,set2_early_soh,GPR,log,protocol_holdout,diversity_oneshot,9,18,51.60877443710822
KIT,set2_early_soh,GPR,log,protocol_holdout,diversity_oneshot,9,24,45.71352508144921
KIT,set2_early_soh,GPR,log,protocol_holdout,diversity_oneshot,9,30,46.24157430656608
KIT,set2_early_soh,GPR,log,protocol_holdout,diversity_oneshot,9,36,37.5051005931566
KIT,set2_early_soh,GPR,log,protocol_holdout,diversity_oneshot,9,42,42.32240656335087
KIT,set2_early_soh,GPR,log,protocol_holdout,diversity_oneshot,9,48,36.4771693518456
KIT,set2_early_soh,GPR,log,protocol_holdout,diversity_oneshot,9,54,32.3848085562696
KIT,set2_early_soh,GPR,log,protocol_holdout,diversity_oneshot,9,60,31.48825000818085
KIT,set2_early_soh,GPR,log,protocol_holdout,diversity_oneshot,9,66,29.5685585424211
KIT,set2_early_soh,GPR,log,protocol_holdout,diversity_oneshot,10,6,37.72529128270247
KIT,set2_early_soh,GPR,log,protocol_holdout,diversity_oneshot,10,12,42.62786680304804
KIT,set2_early_soh,GPR,log,protocol_holdout,diversity_oneshot,10,18,33.95424229551428
KIT,set2_early_soh,GPR,log,protocol_holdout,diversity_oneshot,10,24,24.30518223985888
KIT,set2_early_soh,GPR,log,protocol_holdout,diversity_oneshot,10,30,48.34284353814834
KIT,set2_early_soh,GPR,log,protocol_holdout,diversity_oneshot,10,36,44.83129030758828
KIT,set2_early_soh,GPR,log,protocol_holdout,diversity_oneshot,10,42,62.93031902424171
KIT,set2_early_soh,GPR,log,protocol_holdout,diversity_oneshot,10,48,29.602920948680296
KIT,set2_early_soh,GPR,log,protocol_holdout,diversity_oneshot,10,54,39.88900428177151
KIT,set2_early_soh,GPR,log,protocol_holdout,diversity_oneshot,10,60,45.05381139479141
KIT,set2_early_soh,GPR,log,protocol_holdout,diversity_oneshot,10,66,64.54250431039979
KIT,set2_early_soh,GPR,log,protocol_holdout,diversity_iterative,1,6,39.66489389612114
KIT,set2_early_soh,GPR,log,protocol_holdout,diversity_iterative,1,12,34.75285280867205
KIT,set2_early_soh,GPR,log,protocol_holdout,diversity_iterative,1,18,31.09875023883836
KIT,set2_early_soh,GPR,log,protocol_holdout,diversity_iterative,1,24,25.69962965036629
KIT,set2_early_soh,GPR,log,protocol_holdout,diversity_iterative,1,30,23.64546772208866
KIT,set2_early_soh,GPR,log,protocol_holdout,diversity_iterative,1,36,24.80900193655625
KIT,set2_early_soh,GPR,log,protocol_holdout,diversity_iterative,1,42,27.23106249292412
KIT,set2_early_soh,GPR,log,protocol_holdout,diversity_iterative,1,48,27.83741780673584
KIT,set2_early_soh,GPR,log,protocol_holdout,diversity_iterative,1,54,28.496602374565388
KIT,set2_early_soh,GPR,log,protocol_holdout,diversity_iterative,1,60,27.86203867141505
KIT,set2_early_soh,GPR,log,protocol_holdout,diversity_iterative,1,66,29.117254462584235
KIT,set2_early_soh,GPR,log,protocol_holdout,diversity_iterative,2,6,35.91891158332521
KIT,set2_early_soh,GPR,log,protocol_holdout,diversity_iterative,2,12,29.60884803057437
KIT,set2_early_soh,GPR,log,protocol_holdout,diversity_iterative,2,18,33.94352933634222
KIT,set2_early_soh,GPR,log,protocol_holdout,diversity_iterative,2,24,35.68159392117668
KIT,set2_early_soh,GPR,log,protocol_holdout,diversity_iterative,2,30,30.884147510910125
KIT,set2_early_soh,GPR,log,protocol_holdout,diversity_iterative,2,36,35.65930709639699
KIT,set2_early_soh,GPR,log,protocol_holdout,diversity_iterative,2,42,32.60656666029149
KIT,set2_early_soh,GPR,log,protocol_holdout,diversity_iterative,2,48,30.046242499702263
KIT,set2_early_soh,GPR,log,protocol_holdout,diversity_iterative,2,54,28.57092816333376
KIT,set2_early_soh,GPR,log,protocol_holdout,diversity_iterative,2,60,30.828026744403893
KIT,set2_early_soh,GPR,log,protocol_holdout,diversity_iterative,2,66,28.868396741739925
KIT,set2_early_soh,GPR,log,protocol_holdout,diversity_iterative,3,6,37.981054627333926
KIT,set2_early_soh,GPR,log,protocol_holdout,diversity_iterative,3,12,69.15655923831784
KIT,set2_early_soh,GPR,log,protocol_holdout,diversity_iterative,3,18,38.62083913518659
KIT,set2_early_soh,GPR,log,protocol_holdout,diversity_iterative,3,24,31.47493533459957
KIT,set2_early_soh,GPR,log,protocol_holdout,diversity_iterative,3,30,31.958301983031426
KIT,set2_early_soh,GPR,log,protocol_holdout,diversity_iterative,3,36,29.500807703189103
KIT,set2_early_soh,GPR,log,protocol_holdout,diversity_iterative,3,42,26.811461832320223
KIT,set2_early_soh,GPR,log,protocol_holdout,diversity_iterative,3,48,29.99472937519724
KIT,set2_early_soh,GPR,log,protocol_holdout,diversity_iterative,3,54,30.70445821849913
KIT,set2_early_soh,GPR,log,protocol_holdout,diversity_iterative,3,60,30.563044981647685
KIT,set2_early_soh,GPR,log,protocol_holdout,diversity_iterative,3,66,27.32483894393299
KIT,set2_early_soh,GPR,log,protocol_holdout,diversity_iterative,4,6,42.5650323827558
KIT,set2_early_soh,GPR,log,protocol_holdout,diversity_iterative,4,12,36.55287929330384
KIT,set2_early_soh,GPR,log,protocol_holdout,diversity_iterative,4,18,40.37434567254978
KIT,set2_early_soh,GPR,log,protocol_holdout,diversity_iterative,4,24,30.700997582327783
KIT,set2_early_soh,GPR,log,protocol_holdout,diversity_iterative,4,30,33.30002923284818
KIT,set2_early_soh,GPR,log,protocol_holdout,diversity_iterative,4,36,31.77633538269596
KIT,set2_early_soh,GPR,log,protocol_holdout,diversity_iterative,4,42,28.24422536413924
KIT,set2_early_soh,GPR,log,protocol_holdout,diversity_iterative,4,48,29.19673690443817
KIT,set2_early_soh,GPR,log,protocol_holdout,diversity_iterative,4,54,28.097439204141693
KIT,set2_early_soh,GPR,log,protocol_holdout,diversity_iterative,4,60,34.324326643876034
KIT,set2_early_soh,GPR,log,protocol_holdout,diversity_iterative,4,66,33.30840408619218
KIT,set2_early_soh,GPR,log,protocol_holdout,diversity_iterative,5,6,31.96033839239833
KIT,set2_early_soh,GPR,log,protocol_holdout,diversity_iterative,5,12,23.939784378338565
KIT,set2_early_soh,GPR,log,protocol_holdout,diversity_iterative,5,18,26.877947192497192
KIT,set2_early_soh,GPR,log,protocol_holdout,diversity_iterative,5,24,16.74525185049791
KIT,set2_early_soh,GPR,log,protocol_holdout,diversity_iterative,5,30,18.884652012440466
KIT,set2_early_soh,GPR,log,protocol_holdout,diversity_iterative,5,36,22.40292132564232
KIT,set2_early_soh,GPR,log,protocol_holdout,diversity_iterative,5,42,25.104843515580928
KIT,set2_early_soh,GPR,log,protocol_holdout,diversity_iterative,5,48,22.65831369803813
KIT,set2_early_soh,GPR,log,protocol_holdout,diversity_iterative,5,54,22.74050944908714
KIT,set2_early_soh,GPR,log,protocol_holdout,diversity_iterative,5,60,34.26893837352391
KIT,set2_early_soh,GPR,log,protocol_holdout,diversity_iterative,5,66,35.3031574029192
KIT,set2_early_soh,GPR,log,protocol_holdout,diversity_iterative,6,6,20.08772520405961
KIT,set2_early_soh,GPR,log,protocol_holdout,diversity_iterative,6,12,26.64181246113978
KIT,set2_early_soh,GPR,log,protocol_holdout,diversity_iterative,6,18,25.6111529256048
KIT,set2_early_soh,GPR,log,protocol_holdout,diversity_iterative,6,24,32.12774618328864
KIT,set2_early_soh,GPR,log,protocol_holdout,diversity_iterative,6,30,27.536983225811696
KIT,set2_early_soh,GPR,log,protocol_holdout,diversity_iterative,6,36,28.422072041013045
KIT,set2_early_soh,GPR,log,protocol_holdout,diversity_iterative,6,42,29.275664106022948
KIT,set2_early_soh,GPR,log,protocol_holdout,diversity_iterative,6,48,33.95412801121238
KIT,set2_early_soh,GPR,log,protocol_holdout,diversity_iterative,6,54,32.43514390407435
KIT,set2_early_soh,GPR,log,protocol_holdout,diversity_iterative,6,60,33.87147653669173
KIT,set2_early_soh,GPR,log,protocol_holdout,diversity_iterative,6,66,35.01490510020754
KIT,set2_early_soh,GPR,log,protocol_holdout,diversity_iterative,7,6,34.489685339772976
KIT,set2_early_soh,GPR,log,protocol_holdout,diversity_iterative,7,12,32.71308416806387
KIT,set2_early_soh,GPR,log,protocol_holdout,diversity_iterative,7,18,33.86158138999619
KIT,set2_early_soh,GPR,log,protocol_holdout,diversity_iterative,7,24,34.62899069486436
KIT,set2_early_soh,GPR,log,protocol_holdout,diversity_iterative,7,30,32.34481583899607
KIT,set2_early_soh,GPR,log,protocol_holdout,diversity_iterative,7,36,30.96122313797848
KIT,set2_early_soh,GPR,log,protocol_holdout,diversity_iterative,7,42,30.536872308813194
KIT,set2_early_soh,GPR,log,protocol_holdout,diversity_iterative,7,48,30.291571895643184
KIT,set2_early_soh,GPR,log,protocol_holdout,diversity_iterative,7,54,29.59839086934429
KIT,set2_early_soh,GPR,log,protocol_holdout,diversity_iterative,7,60,30.05523152411884
KIT,set2_early_soh,GPR,log,protocol_holdout,diversity_iterative,7,66,28.307321092296373
KIT,set2_early_soh,GPR,log,protocol_holdout,diversity_iterative,8,6,26.77763717401015
KIT,set2_early_soh,GPR,log,protocol_holdout,diversity_iterative,8,12,24.92458292107184
KIT,set2_early_soh,GPR,log,protocol_holdout,diversity_iterative,8,18,28.64766596610781
KIT,set2_early_soh,GPR,log,protocol_holdout,diversity_iterative,8,24,33.61215838888894
KIT,set2_early_soh,GPR,log,protocol_holdout,diversity_iterative,8,30,23.875587206314243
KIT,set2_early_soh,GPR,log,protocol_holdout,diversity_iterative,8,36,24.049304020547385
KIT,set2_early_soh,GPR,log,protocol_holdout,diversity_iterative,8,42,23.06046260054917
KIT,set2_early_soh,GPR,log,protocol_holdout,diversity_iterative,8,48,25.65272828004879
KIT,set2_early_soh,GPR,log,protocol_holdout,diversity_iterative,8,54,27.783442720563063
KIT,set2_early_soh,GPR,log,protocol_holdout,diversity_iterative,8,60,29.07606630327084
KIT,set2_early_soh,GPR,log,protocol_holdout,diversity_iterative,8,66,28.96783873604419
KIT,set2_early_soh,GPR,log,protocol_holdout,diversity_iterative,9,6,45.55721331926794
KIT,set2_early_soh,GPR,log,protocol_holdout,diversity_iterative,9,12,30.65315013676635
KIT,set2_early_soh,GPR,log,protocol_holdout,diversity_iterative,9,18,15.825078870599512
KIT,set2_early_soh,GPR,log,protocol_holdout,diversity_iterative,9,24,13.976692945561602
KIT,set2_early_soh,GPR,log,protocol_holdout,diversity_iterative,9,30,33.22281734070034
KIT,set2_early_soh,GPR,log,protocol_holdout,diversity_iterative,9,36,44.73866470142489
KIT,set2_early_soh,GPR,log,protocol_holdout,diversity_iterative,9,42,51.02877737422946
KIT,set2_early_soh,GPR,log,protocol_holdout,diversity_iterative,9,48,35.6660260328603
KIT,set2_early_soh,GPR,log,protocol_holdout,diversity_iterative,9,54,37.771217370700604
KIT,set2_early_soh,GPR,log,protocol_holdout,diversity_iterative,9,60,36.53425784394706
KIT,set2_early_soh,GPR,log,protocol_holdout,diversity_iterative,9,66,29.5685585424211
KIT,set2_early_soh,GPR,log,protocol_holdout,diversity_iterative,10,6,37.72529128270247
KIT,set2_early_soh,GPR,log,protocol_holdout,diversity_iterative,10,12,40.72848287919817
KIT,set2_early_soh,GPR,log,protocol_holdout,diversity_iterative,10,18,32.07554040767849
KIT,set2_early_soh,GPR,log,protocol_holdout,diversity_iterative,10,24,47.62590491607392
KIT,set2_early_soh,GPR,log,protocol_holdout,diversity_iterative,10,30,43.94186040519951
KIT,set2_early_soh,GPR,log,protocol_holdout,diversity_iterative,10,36,55.12866948917365
KIT,set2_early_soh,GPR,log,protocol_holdout,diversity_iterative,10,42,56.08634521462464
KIT,set2_early_soh,GPR,log,protocol_holdout,diversity_iterative,10,48,79.08023926482446
KIT,set2_early_soh,GPR,log,protocol_holdout,diversity_iterative,10,54,80.36184664925635
KIT,set2_early_soh,GPR,log,protocol_holdout,diversity_iterative,10,60,52.2810602575826
KIT,set2_early_soh,GPR,log,protocol_holdout,diversity_iterative,10,66,64.54250431039979
KIT,set2_early_soh,GPR,log,protocol_holdout,coverage,1,6,35.52935754373849
KIT,set2_early_soh,GPR,log,protocol_holdout,coverage,1,12,34.78001854834022
KIT,set2_early_soh,GPR,log,protocol_holdout,coverage,1,18,36.99977321393494
KIT,set2_early_soh,GPR,log,protocol_holdout,coverage,1,24,38.41222993519338
KIT,set2_early_soh,GPR,log,protocol_holdout,coverage,1,30,32.14423931937255
KIT,set2_early_soh,GPR,log,protocol_holdout,coverage,1,36,29.492825223182013
KIT,set2_early_soh,GPR,log,protocol_holdout,coverage,1,42,28.62778598782737
KIT,set2_early_soh,GPR,log,protocol_holdout,coverage,1,48,27.57335972378088
KIT,set2_early_soh,GPR,log,protocol_holdout,coverage,1,54,27.615867651921626
KIT,set2_early_soh,GPR,log,protocol_holdout,coverage,1,60,27.41161526382969
KIT,set2_early_soh,GPR,log,protocol_holdout,coverage,1,66,29.117254462584235
KIT,set2_early_soh,GPR,log,protocol_holdout,coverage,2,6,39.68725132981077
KIT,set2_early_soh,GPR,log,protocol_holdout,coverage,2,12,29.88880461538924
KIT,set2_early_soh,GPR,log,protocol_holdout,coverage,2,18,36.31429888700193
KIT,set2_early_soh,GPR,log,protocol_holdout,coverage,2,24,33.67537057914925
KIT,set2_early_soh,GPR,log,protocol_holdout,coverage,2,30,35.46322060049123
KIT,set2_early_soh,GPR,log,protocol_holdout,coverage,2,36,34.17169347415946
KIT,set2_early_soh,GPR,log,protocol_holdout,coverage,2,42,34.40630884314849
KIT,set2_early_soh,GPR,log,protocol_holdout,coverage,2,48,38.5737381917108
KIT,set2_early_soh,GPR,log,protocol_holdout,coverage,2,54,31.499099737505205
KIT,set2_early_soh,GPR,log,protocol_holdout,coverage,2,60,24.42042441638284
KIT,set2_early_soh,GPR,log,protocol_holdout,coverage,2,66,28.868396741739925
KIT,set2_early_soh,GPR,log,protocol_holdout,coverage,3,6,30.97953682595332
KIT,set2_early_soh,GPR,log,protocol_holdout,coverage,3,12,63.96683547780447
KIT,set2_early_soh,GPR,log,protocol_holdout,coverage,3,18,69.43767367352268
KIT,set2_early_soh,GPR,log,protocol_holdout,coverage,3,24,65.7652950462575
KIT,set2_early_soh,GPR,log,protocol_holdout,coverage,3,30,33.43205621051656
KIT,set2_early_soh,GPR,log,protocol_holdout,coverage,3,36,32.04030000995244
KIT,set2_early_soh,GPR,log,protocol_holdout,coverage,3,42,34.6689518370647
KIT,set2_early_soh,GPR,log,protocol_holdout,coverage,3,48,27.918244695610344
KIT,set2_early_soh,GPR,log,protocol_holdout,coverage,3,54,30.615095128977423
KIT,set2_early_soh,GPR,log,protocol_holdout,coverage,3,60,25.351117838877546
KIT,set2_early_soh,GPR,log,protocol_holdout,coverage,3,66,27.32483894393299
KIT,set2_early_soh,GPR,log,protocol_holdout,coverage,4,6,34.55290213849838
KIT,set2_early_soh,GPR,log,protocol_holdout,coverage,4,12,59.19867941927188
KIT,set2_early_soh,GPR,log,protocol_holdout,coverage,4,18,54.48988835224476
KIT,set2_early_soh,GPR,log,protocol_holdout,coverage,4,24,38.74474579765094
KIT,set2_early_soh,GPR,log,protocol_holdout,coverage,4,30,41.245079453275466
KIT,set2_early_soh,GPR,log,protocol_holdout,coverage,4,36,40.773395795380615
KIT,set2_early_soh,GPR,log,protocol_holdout,coverage,4,42,39.2734862341112
KIT,set2_early_soh,GPR,log,protocol_holdout,coverage,4,48,27.445562494028064
KIT,set2_early_soh,GPR,log,protocol_holdout,coverage,4,54,32.58607022976626
KIT,set2_early_soh,GPR,log,protocol_holdout,coverage,4,60,32.70033513215825
KIT,set2_early_soh,GPR,log,protocol_holdout,coverage,4,66,33.30840408619218
KIT,set2_early_soh,GPR,log,protocol_holdout,coverage,5,6,34.524482918984354
KIT,set2_early_soh,GPR,log,protocol_holdout,coverage,5,12,41.654254614971
KIT,set2_early_soh,GPR,log,protocol_holdout,coverage,5,18,47.28166588497725
KIT,set2_early_soh,GPR,log,protocol_holdout,coverage,5,24,38.95388432820784
KIT,set2_early_soh,GPR,log,protocol_holdout,coverage,5,30,35.892891122250454
KIT,set2_early_soh,GPR,log,protocol_holdout,coverage,5,36,27.664034955018334
KIT,set2_early_soh,GPR,log,protocol_holdout,coverage,5,42,25.489039497859512
KIT,set2_early_soh,GPR,log,protocol_holdout,coverage,5,48,31.422465501638875
KIT,set2_early_soh,GPR,log,protocol_holdout,coverage,5,54,30.746168919581628
KIT,set2_early_soh,GPR,log,protocol_holdout,coverage,5,60,26.04858091422023
KIT,set2_early_soh,GPR,log,protocol_holdout,coverage,5,66,35.3031574029192
KIT,set2_early_soh,GPR,log,protocol_holdout,coverage,6,6,23.946283524336405
KIT,set2_early_soh,GPR,log,protocol_holdout,coverage,6,12,21.53918681504149
KIT,set2_early_soh,GPR,log,protocol_holdout,coverage,6,18,22.12036757966489
KIT,set2_early_soh,GPR,log,protocol_holdout,coverage,6,24,33.154729322852326
KIT,set2_early_soh,GPR,log,protocol_holdout,coverage,6,30,33.102734239913644
KIT,set2_early_soh,GPR,log,protocol_holdout,coverage,6,36,33.69413652208223
KIT,set2_early_soh,GPR,log,protocol_holdout,coverage,6,42,36.7623990256244
KIT,set2_early_soh,GPR,log,protocol_holdout,coverage,6,48,36.40483938801223
KIT,set2_early_soh,GPR,log,protocol_holdout,coverage,6,54,38.07063707653586
KIT,set2_early_soh,GPR,log,protocol_holdout,coverage,6,60,34.00089630789579
KIT,set2_early_soh,GPR,log,protocol_holdout,coverage,6,66,35.01490510020754
KIT,set2_early_soh,GPR,log,protocol_holdout,coverage,7,6,36.062654123173296
KIT,set2_early_soh,GPR,log,protocol_holdout,coverage,7,12,39.70930811590748
KIT,set2_early_soh,GPR,log,protocol_holdout,coverage,7,18,34.93511663062559
KIT,set2_early_soh,GPR,log,protocol_holdout,coverage,7,24,36.26629466632762
KIT,set2_early_soh,GPR,log,protocol_holdout,coverage,7,30,29.1601707036525
KIT,set2_early_soh,GPR,log,protocol_holdout,coverage,7,36,30.42876088912976
KIT,set2_early_soh,GPR,log,protocol_holdout,coverage,7,42,29.48627986388395
KIT,set2_early_soh,GPR,log,protocol_holdout,coverage,7,48,32.86988633384978
KIT,set2_early_soh,GPR,log,protocol_holdout,coverage,7,54,29.608007817183825
KIT,set2_early_soh,GPR,log,protocol_holdout,coverage,7,60,26.884685724552625
KIT,set2_early_soh,GPR,log,protocol_holdout,coverage,7,66,28.307321092296373
KIT,set2_early_soh,GPR,log,protocol_holdout,coverage,8,6,38.80534164991855
KIT,set2_early_soh,GPR,log,protocol_holdout,coverage,8,12,36.48785820713035
KIT,set2_early_soh,GPR,log,protocol_holdout,coverage,8,18,36.711168462363325
KIT,set2_early_soh,GPR,log,protocol_holdout,coverage,8,24,39.4953400595679
KIT,set2_early_soh,GPR,log,protocol_holdout,coverage,8,30,29.744801529175035
KIT,set2_early_soh,GPR,log,protocol_holdout,coverage,8,36,29.726994953881302
KIT,set2_early_soh,GPR,log,protocol_holdout,coverage,8,42,48.24795578119869
KIT,set2_early_soh,GPR,log,protocol_holdout,coverage,8,48,28.541184896724708
KIT,set2_early_soh,GPR,log,protocol_holdout,coverage,8,54,30.439121112120805
KIT,set2_early_soh,GPR,log,protocol_holdout,coverage,8,60,30.075754116163527
KIT,set2_early_soh,GPR,log,protocol_holdout,coverage,8,66,28.96783873604419
KIT,set2_early_soh,GPR,log,protocol_holdout,coverage,9,6,27.50520453623061
KIT,set2_early_soh,GPR,log,protocol_holdout,coverage,9,12,54.50775147619164
KIT,set2_early_soh,GPR,log,protocol_holdout,coverage,9,18,44.094624377355466
KIT,set2_early_soh,GPR,log,protocol_holdout,coverage,9,24,49.76978963387178
KIT,set2_early_soh,GPR,log,protocol_holdout,coverage,9,30,45.2930457464164
KIT,set2_early_soh,GPR,log,protocol_holdout,coverage,9,36,47.23288972870248
KIT,set2_early_soh,GPR,log,protocol_holdout,coverage,9,42,47.84458129172655
KIT,set2_early_soh,GPR,log,protocol_holdout,coverage,9,48,41.39468027170643
KIT,set2_early_soh,GPR,log,protocol_holdout,coverage,9,54,36.5175005749733
KIT,set2_early_soh,GPR,log,protocol_holdout,coverage,9,60,34.18123642865244
KIT,set2_early_soh,GPR,log,protocol_holdout,coverage,9,66,29.5685585424211
KIT,set2_early_soh,GPR,log,protocol_holdout,coverage,10,6,16.746399629986815
KIT,set2_early_soh,GPR,log,protocol_holdout,coverage,10,12,13.705888048503947
KIT,set2_early_soh,GPR,log,protocol_holdout,coverage,10,18,13.602852207548285
KIT,set2_early_soh,GPR,log,protocol_holdout,coverage,10,24,23.42266179874882
KIT,set2_early_soh,GPR,log,protocol_holdout,coverage,10,30,21.835946098477763
KIT,set2_early_soh,GPR,log,protocol_holdout,coverage,10,36,18.356397981812805
KIT,set2_early_soh,GPR,log,protocol_holdout,coverage,10,42,38.48584505234209
KIT,set2_early_soh,GPR,log,protocol_holdout,coverage,10,48,45.92527929015608
KIT,set2_early_soh,GPR,log,protocol_holdout,coverage,10,54,42.43051713096078
KIT,set2_early_soh,GPR,log,protocol_holdout,coverage,10,60,45.09796729338858
KIT,set2_early_soh,GPR,log,protocol_holdout,coverage,10,66,64.54250431039979
KIT,set2_early_soh,GPR,log,protocol_holdout,exploration,1,6,35.52935754373849
KIT,set2_early_soh,GPR,log,protocol_holdout,exploration,1,12,34.77659669943725
KIT,set2_early_soh,GPR,log,protocol_holdout,exploration,1,18,35.478402467674805
KIT,set2_early_soh,GPR,log,protocol_holdout,exploration,1,24,28.96365707752321
KIT,set2_early_soh,GPR,log,protocol_holdout,exploration,1,30,28.602428793003565
KIT,set2_early_soh,GPR,log,protocol_holdout,exploration,1,36,29.891015546712257
KIT,set2_early_soh,GPR,log,protocol_holdout,exploration,1,42,25.925931604656327
KIT,set2_early_soh,GPR,log,protocol_holdout,exploration,1,48,22.145485833798464
KIT,set2_early_soh,GPR,log,protocol_holdout,exploration,1,54,24.48908437597245
KIT,set2_early_soh,GPR,log,protocol_holdout,exploration,1,60,35.453540314720314
KIT,set2_early_soh,GPR,log,protocol_holdout,exploration,1,66,29.117254462584235
KIT,set2_early_soh,GPR,log,protocol_holdout,exploration,2,6,39.68725132981077
KIT,set2_early_soh,GPR,log,protocol_holdout,exploration,2,12,32.03300268364934
KIT,set2_early_soh,GPR,log,protocol_holdout,exploration,2,18,31.715766551021524
KIT,set2_early_soh,GPR,log,protocol_holdout,exploration,2,24,41.8937788325518
KIT,set2_early_soh,GPR,log,protocol_holdout,exploration,2,30,42.31284986022658
KIT,set2_early_soh,GPR,log,protocol_holdout,exploration,2,36,38.77712290363301
KIT,set2_early_soh,GPR,log,protocol_holdout,exploration,2,42,39.16172411174905
KIT,set2_early_soh,GPR,log,protocol_holdout,exploration,2,48,26.06750103745262
KIT,set2_early_soh,GPR,log,protocol_holdout,exploration,2,54,31.91758459049704
KIT,set2_early_soh,GPR,log,protocol_holdout,exploration,2,60,32.18232375959163
KIT,set2_early_soh,GPR,log,protocol_holdout,exploration,2,66,28.868396741739925
KIT,set2_early_soh,GPR,log,protocol_holdout,exploration,3,6,30.97953682595332
KIT,set2_early_soh,GPR,log,protocol_holdout,exploration,3,12,75.78761512279112
KIT,set2_early_soh,GPR,log,protocol_holdout,exploration,3,18,74.78088008085109
KIT,set2_early_soh,GPR,log,protocol_holdout,exploration,3,24,75.39838313459786
KIT,set2_early_soh,GPR,log,protocol_holdout,exploration,3,30,51.21421864201423
KIT,set2_early_soh,GPR,log,protocol_holdout,exploration,3,36,48.08826264965752
KIT,set2_early_soh,GPR,log,protocol_holdout,exploration,3,42,35.554832054610294
KIT,set2_early_soh,GPR,log,protocol_holdout,exploration,3,48,31.24529160092889
KIT,set2_early_soh,GPR,log,protocol_holdout,exploration,3,54,29.06375824137507
KIT,set2_early_soh,GPR,log,protocol_holdout,exploration,3,60,27.912714475222945
KIT,set2_early_soh,GPR,log,protocol_holdout,exploration,3,66,27.32483894393299
KIT,set2_early_soh,GPR,log,protocol_holdout,exploration,4,6,34.55290213849838
KIT,set2_early_soh,GPR,log,protocol_holdout,exploration,4,12,59.19867941927188
KIT,set2_early_soh,GPR,log,protocol_holdout,exploration,4,18,57.603850329934914
KIT,set2_early_soh,GPR,log,protocol_holdout,exploration,4,24,33.199592061867904
KIT,set2_early_soh,GPR,log,protocol_holdout,exploration,4,30,28.750089996347032
KIT,set2_early_soh,GPR,log,protocol_holdout,exploration,4,36,17.646652958122054
KIT,set2_early_soh,GPR,log,protocol_holdout,exploration,4,42,29.649115084359583
KIT,set2_early_soh,GPR,log,protocol_holdout,exploration,4,48,28.64997349113653
KIT,set2_early_soh,GPR,log,protocol_holdout,exploration,4,54,37.911704391034576
KIT,set2_early_soh,GPR,log,protocol_holdout,exploration,4,60,34.03778484689416
KIT,set2_early_soh,GPR,log,protocol_holdout,exploration,4,66,33.30840408619218
KIT,set2_early_soh,GPR,log,protocol_holdout,exploration,5,6,34.524482918984354
KIT,set2_early_soh,GPR,log,protocol_holdout,exploration,5,12,41.654254614971
KIT,set2_early_soh,GPR,log,protocol_holdout,exploration,5,18,40.88678980435771
KIT,set2_early_soh,GPR,log,protocol_holdout,exploration,5,24,33.82499478604791
KIT,set2_early_soh,GPR,log,protocol_holdout,exploration,5,30,35.53127984579319
KIT,set2_early_soh,GPR,log,protocol_holdout,exploration,5,36,31.53638364925153
KIT,set2_early_soh,GPR,log,protocol_holdout,exploration,5,42,28.212601079206507
KIT,set2_early_soh,GPR,log,protocol_holdout,exploration,5,48,28.833847107681816
KIT,set2_early_soh,GPR,log,protocol_holdout,exploration,5,54,33.1111893930987
KIT,set2_early_soh,GPR,log,protocol_holdout,exploration,5,60,33.68593414113625
KIT,set2_early_soh,GPR,log,protocol_holdout,exploration,5,66,35.3031574029192
KIT,set2_early_soh,GPR,log,protocol_holdout,exploration,6,6,23.946283524336405
KIT,set2_early_soh,GPR,log,protocol_holdout,exploration,6,12,26.524131025882504
KIT,set2_early_soh,GPR,log,protocol_holdout,exploration,6,18,35.1696451664618
KIT,set2_early_soh,GPR,log,protocol_holdout,exploration,6,24,41.48366948907162
KIT,set2_early_soh,GPR,log,protocol_holdout,exploration,6,30,44.27304157713117
KIT,set2_early_soh,GPR,log,protocol_holdout,exploration,6,36,28.36507596502048
KIT,set2_early_soh,GPR,log,protocol_holdout,exploration,6,42,29.45526389656665
KIT,set2_early_soh,GPR,log,protocol_holdout,exploration,6,48,33.04504837462138
KIT,set2_early_soh,GPR,log,protocol_holdout,exploration,6,54,35.15189782059826
KIT,set2_early_soh,GPR,log,protocol_holdout,exploration,6,60,36.20044084648228
KIT,set2_early_soh,GPR,log,protocol_holdout,exploration,6,66,35.01490510020754
KIT,set2_early_soh,GPR,log,protocol_holdout,exploration,7,6,36.062654123173296
KIT,set2_early_soh,GPR,log,protocol_holdout,exploration,7,12,39.70930811590748
KIT,set2_early_soh,GPR,log,protocol_holdout,exploration,7,18,38.15650407257825
KIT,set2_early_soh,GPR,log,protocol_holdout,exploration,7,24,44.56357469333486
KIT,set2_early_soh,GPR,log,protocol_holdout,exploration,7,30,32.66557788840498
KIT,set2_early_soh,GPR,log,protocol_holdout,exploration,7,36,31.489615466037808
KIT,set2_early_soh,GPR,log,protocol_holdout,exploration,7,42,30.002228162536515
KIT,set2_early_soh,GPR,log,protocol_holdout,exploration,7,48,32.30203062075777
KIT,set2_early_soh,GPR,log,protocol_holdout,exploration,7,54,31.914285531480274
KIT,set2_early_soh,GPR,log,protocol_holdout,exploration,7,60,33.39303188103267
KIT,set2_early_soh,GPR,log,protocol_holdout,exploration,7,66,28.307321092296373
KIT,set2_early_soh,GPR,log,protocol_holdout,exploration,8,6,38.80534164991855
KIT,set2_early_soh,GPR,log,protocol_holdout,exploration,8,12,35.698051548973424
KIT,set2_early_soh,GPR,log,protocol_holdout,exploration,8,18,38.85384323604807
KIT,set2_early_soh,GPR,log,protocol_holdout,exploration,8,24,35.807806108491995
KIT,set2_early_soh,GPR,log,protocol_holdout,exploration,8,30,35.63075527316763
KIT,set2_early_soh,GPR,log,protocol_holdout,exploration,8,36,33.89749285976747
KIT,set2_early_soh,GPR,log,protocol_holdout,exploration,8,42,30.3169017521546
KIT,set2_early_soh,GPR,log,protocol_holdout,exploration,8,48,32.31075334372807
KIT,set2_early_soh,GPR,log,protocol_holdout,exploration,8,54,29.789710551590883
KIT,set2_early_soh,GPR,log,protocol_holdout,exploration,8,60,30.114269560086747
KIT,set2_early_soh,GPR,log,protocol_holdout,exploration,8,66,28.96783873604419
KIT,set2_early_soh,GPR,log,protocol_holdout,exploration,9,6,27.50520453623061
KIT,set2_early_soh,GPR,log,protocol_holdout,exploration,9,12,55.17122154295389
KIT,set2_early_soh,GPR,log,protocol_holdout,exploration,9,18,57.53224411118193
KIT,set2_early_soh,GPR,log,protocol_holdout,exploration,9,24,47.81845207006167
KIT,set2_early_soh,GPR,log,protocol_holdout,exploration,9,30,44.86008482283344
KIT,set2_early_soh,GPR,log,protocol_holdout,exploration,9,36,17.700941218167628
KIT,set2_early_soh,GPR,log,protocol_holdout,exploration,9,42,29.933381775614706
KIT,set2_early_soh,GPR,log,protocol_holdout,exploration,9,48,24.16612020849625
KIT,set2_early_soh,GPR,log,protocol_holdout,exploration,9,54,25.540101223680605
KIT,set2_early_soh,GPR,log,protocol_holdout,exploration,9,60,25.84512429509188
KIT,set2_early_soh,GPR,log,protocol_holdout,exploration,9,66,29.5685585424211
KIT,set2_early_soh,GPR,log,protocol_holdout,exploration,10,6,16.746399629986815
KIT,set2_early_soh,GPR,log,protocol_holdout,exploration,10,12,40.652174912129816
KIT,set2_early_soh,GPR,log,protocol_holdout,exploration,10,18,42.02392759309854
KIT,set2_early_soh,GPR,log,protocol_holdout,exploration,10,24,43.737891897792366
KIT,set2_early_soh,GPR,log,protocol_holdout,exploration,10,30,37.05279433540521
KIT,set2_early_soh,GPR,log,protocol_holdout,exploration,10,36,61.26397676134317
KIT,set2_early_soh,GPR,log,protocol_holdout,exploration,10,42,60.232806313789936
KIT,set2_early_soh,GPR,log,protocol_holdout,exploration,10,48,70.25968504180275
KIT,set2_early_soh,GPR,log,protocol_holdout,exploration,10,54,78.08481405703819
KIT,set2_early_soh,GPR,log,protocol_holdout,exploration,10,60,73.36700900441927
KIT,set2_early_soh,GPR,log,protocol_holdout,exploration,10,66,64.54250431039979
KIT,set2_early_soh,GPR,log,protocol_holdout,exploitation,1,6,35.52935754373849
KIT,set2_early_soh,GPR,log,protocol_holdout,exploitation,1,12,32.61791599299255
KIT,set2_early_soh,GPR,log,protocol_holdout,exploitation,1,18,22.786485827583583
KIT,set2_early_soh,GPR,log,protocol_holdout,exploitation,1,24,28.105677289209336
KIT,set2_early_soh,GPR,log,protocol_holdout,exploitation,1,30,20.158694323784868
KIT,set2_early_soh,GPR,log,protocol_holdout,exploitation,1,36,28.075711869961506
KIT,set2_early_soh,GPR,log,protocol_holdout,exploitation,1,42,28.64304405339361
KIT,set2_early_soh,GPR,log,protocol_holdout,exploitation,1,48,29.451643549174182
KIT,set2_early_soh,GPR,log,protocol_holdout,exploitation,1,54,26.78186695237646
KIT,set2_early_soh,GPR,log,protocol_holdout,exploitation,1,60,29.70996454212157
KIT,set2_early_soh,GPR,log,protocol_holdout,exploitation,1,66,29.117254462584235
KIT,set2_early_soh,GPR,log,protocol_holdout,exploitation,2,6,39.68725132981077
KIT,set2_early_soh,GPR,log,protocol_holdout,exploitation,2,12,34.250724136417304
KIT,set2_early_soh,GPR,log,protocol_holdout,exploitation,2,18,34.15692944477626
KIT,set2_early_soh,GPR,log,protocol_holdout,exploitation,2,24,58.94187380485442
KIT,set2_early_soh,GPR,log,protocol_holdout,exploitation,2,30,58.01489865357839
KIT,set2_early_soh,GPR,log,protocol_holdout,exploitation,2,36,45.20253240648799
KIT,set2_early_soh,GPR,log,protocol_holdout,exploitation,2,42,34.46322823004147
KIT,set2_early_soh,GPR,log,protocol_holdout,exploitation,2,48,29.15414241668929
KIT,set2_early_soh,GPR,log,protocol_holdout,exploitation,2,54,29.104846478102527
KIT,set2_early_soh,GPR,log,protocol_holdout,exploitation,2,60,29.228497366931983
KIT,set2_early_soh,GPR,log,protocol_holdout,exploitation,2,66,28.868396741739925
KIT,set2_early_soh,GPR,log,protocol_holdout,exploitation,3,6,30.97953682595332
KIT,set2_early_soh,GPR,log,protocol_holdout,exploitation,3,12,47.45497035845234
KIT,set2_early_soh,GPR,log,protocol_holdout,exploitation,3,18,37.41164888218342
KIT,set2_early_soh,GPR,log,protocol_holdout,exploitation,3,24,30.818548092283205
KIT,set2_early_soh,GPR,log,protocol_holdout,exploitation,3,30,41.302846455367344
KIT,set2_early_soh,GPR,log,protocol_holdout,exploitation,3,36,30.72835140650753
KIT,set2_early_soh,GPR,log,protocol_holdout,exploitation,3,42,14.043562406986233
KIT,set2_early_soh,GPR,log,protocol_holdout,exploitation,3,48,25.454939899560213
KIT,set2_early_soh,GPR,log,protocol_holdout,exploitation,3,54,26.61641146452679
KIT,set2_early_soh,GPR,log,protocol_holdout,exploitation,3,60,28.84032242588009
KIT,set2_early_soh,GPR,log,protocol_holdout,exploitation,3,66,27.32483894393299
KIT,set2_early_soh,GPR,log,protocol_holdout,exploitation,4,6,34.55290213849838
KIT,set2_early_soh,GPR,log,protocol_holdout,exploitation,4,12,27.332432649338696
KIT,set2_early_soh,GPR,log,protocol_holdout,exploitation,4,18,34.524001837482096
KIT,set2_early_soh,GPR,log,protocol_holdout,exploitation,4,24,59.65038725470468
KIT,set2_early_soh,GPR,log,protocol_holdout,exploitation,4,30,56.02029523814417
KIT,set2_early_soh,GPR,log,protocol_holdout,exploitation,4,36,41.18479983546116
KIT,set2_early_soh,GPR,log,protocol_holdout,exploitation,4,42,35.340642909744616
KIT,set2_early_soh,GPR,log,protocol_holdout,exploitation,4,48,33.39714710433586
KIT,set2_early_soh,GPR,log,protocol_holdout,exploitation,4,54,34.8454859414073
KIT,set2_early_soh,GPR,log,protocol_holdout,exploitation,4,60,31.738328714023307
KIT,set2_early_soh,GPR,log,protocol_holdout,exploitation,4,66,33.30840408619218
KIT,set2_early_soh,GPR,log,protocol_holdout,exploitation,5,6,34.524482918984354
KIT,set2_early_soh,GPR,log,protocol_holdout,exploitation,5,12,33.840640137446634
KIT,set2_early_soh,GPR,log,protocol_holdout,exploitation,5,18,41.86618395896791
KIT,set2_early_soh,GPR,log,protocol_holdout,exploitation,5,24,45.60108716112708
KIT,set2_early_soh,GPR,log,protocol_holdout,exploitation,5,30,54.61209086721319
KIT,set2_early_soh,GPR,log,protocol_holdout,exploitation,5,36,50.797219573146265
KIT,set2_early_soh,GPR,log,protocol_holdout,exploitation,5,42,37.34517035138549
KIT,set2_early_soh,GPR,log,protocol_holdout,exploitation,5,48,40.37808271514759
KIT,set2_early_soh,GPR,log,protocol_holdout,exploitation,5,54,37.7247861151988
KIT,set2_early_soh,GPR,log,protocol_holdout,exploitation,5,60,37.46705385647088
KIT,set2_early_soh,GPR,log,protocol_holdout,exploitation,5,66,35.3031574029192
KIT,set2_early_soh,GPR,log,protocol_holdout,exploitation,6,6,23.946283524336405
KIT,set2_early_soh,GPR,log,protocol_holdout,exploitation,6,12,44.27724143634662
KIT,set2_early_soh,GPR,log,protocol_holdout,exploitation,6,18,42.90267206441072
KIT,set2_early_soh,GPR,log,protocol_holdout,exploitation,6,24,36.49279457116722
KIT,set2_early_soh,GPR,log,protocol_holdout,exploitation,6,30,39.21473164399036
KIT,set2_early_soh,GPR,log,protocol_holdout,exploitation,6,36,27.161524109438503
KIT,set2_early_soh,GPR,log,protocol_holdout,exploitation,6,42,29.48624834598648
KIT,set2_early_soh,GPR,log,protocol_holdout,exploitation,6,48,33.7354468655108
KIT,set2_early_soh,GPR,log,protocol_holdout,exploitation,6,54,34.10699020697379
KIT,set2_early_soh,GPR,log,protocol_holdout,exploitation,6,60,34.5001687208602
KIT,set2_early_soh,GPR,log,protocol_holdout,exploitation,6,66,35.01490510020754
KIT,set2_early_soh,GPR,log,protocol_holdout,exploitation,7,6,36.062654123173296
KIT,set2_early_soh,GPR,log,protocol_holdout,exploitation,7,12,33.94736905998722
KIT,set2_early_soh,GPR,log,protocol_holdout,exploitation,7,18,31.313451578105365
KIT,set2_early_soh,GPR,log,protocol_holdout,exploitation,7,24,31.24492951855604
KIT,set2_early_soh,GPR,log,protocol_holdout,exploitation,7,30,30.3123417320446
KIT,set2_early_soh,GPR,log,protocol_holdout,exploitation,7,36,33.82170994434951
KIT,set2_early_soh,GPR,log,protocol_holdout,exploitation,7,42,32.60259654123088
KIT,set2_early_soh,GPR,log,protocol_holdout,exploitation,7,48,30.8693030231236
KIT,set2_early_soh,GPR,log,protocol_holdout,exploitation,7,54,28.490341786253698
KIT,set2_early_soh,GPR,log,protocol_holdout,exploitation,7,60,28.415182078228035
KIT,set2_early_soh,GPR,log,protocol_holdout,exploitation,7,66,28.307321092296373
KIT,set2_early_soh,GPR,log,protocol_holdout,exploitation,8,6,38.80534164991855
KIT,set2_early_soh,GPR,log,protocol_holdout,exploitation,8,12,33.50064465354093
KIT,set2_early_soh,GPR,log,protocol_holdout,exploitation,8,18,22.22882813328144
KIT,set2_early_soh,GPR,log,protocol_holdout,exploitation,8,24,24.57873250819738
KIT,set2_early_soh,GPR,log,protocol_holdout,exploitation,8,30,25.85690805712077
KIT,set2_early_soh,GPR,log,protocol_holdout,exploitation,8,36,24.83768818802253
KIT,set2_early_soh,GPR,log,protocol_holdout,exploitation,8,42,27.91914066176056
KIT,set2_early_soh,GPR,log,protocol_holdout,exploitation,8,48,30.224231770954585
KIT,set2_early_soh,GPR,log,protocol_holdout,exploitation,8,54,30.33951845073976
KIT,set2_early_soh,GPR,log,protocol_holdout,exploitation,8,60,29.643415571539844
KIT,set2_early_soh,GPR,log,protocol_holdout,exploitation,8,66,28.96783873604419
KIT,set2_early_soh,GPR,log,protocol_holdout,exploitation,9,6,27.50520453623061
KIT,set2_early_soh,GPR,log,protocol_holdout,exploitation,9,12,36.28698087938136
KIT,set2_early_soh,GPR,log,protocol_holdout,exploitation,9,18,92.58623753531684
KIT,set2_early_soh,GPR,log,protocol_holdout,exploitation,9,24,70.87742486680149
KIT,set2_early_soh,GPR,log,protocol_holdout,exploitation,9,30,37.54704767288879
KIT,set2_early_soh,GPR,log,protocol_holdout,exploitation,9,36,39.80749431792911
KIT,set2_early_soh,GPR,log,protocol_holdout,exploitation,9,42,27.61570179152585
KIT,set2_early_soh,GPR,log,protocol_holdout,exploitation,9,48,26.780122070284506
KIT,set2_early_soh,GPR,log,protocol_holdout,exploitation,9,54,26.43526815628761
KIT,set2_early_soh,GPR,log,protocol_holdout,exploitation,9,60,29.821286637707217
KIT,set2_early_soh,GPR,log,protocol_holdout,exploitation,9,66,29.5685585424211
KIT,set2_early_soh,GPR,log,protocol_holdout,exploitation,10,6,16.746399629986815
KIT,set2_early_soh,GPR,log,protocol_holdout,exploitation,10,12,34.478499454183186
KIT,set2_early_soh,GPR,log,protocol_holdout,exploitation,10,18,12.434934605842514
KIT,set2_early_soh,GPR,log,protocol_holdout,exploitation,10,24,17.632868409625377
KIT,set2_early_soh,GPR,log,protocol_holdout,exploitation,10,30,28.42970069860669
KIT,set2_early_soh,GPR,log,protocol_holdout,exploitation,10,36,31.56881454014087
KIT,set2_early_soh,GPR,log,protocol_holdout,exploitation,10,42,85.86322034251046
KIT,set2_early_soh,GPR,log,protocol_holdout,exploitation,10,48,82.32220844881749
KIT,set2_early_soh,GPR,log,protocol_holdout,exploitation,10,54,57.06232956747815
KIT,set2_early_soh,GPR,log,protocol_holdout,exploitation,10,60,64.41301445368913
KIT,set2_early_soh,GPR,log,protocol_holdout,exploitation,10,66,64.54250431039979
KIT,set2_early_soh,GPR,log,protocol_holdout,hybrid,1,6,35.52935754373849
KIT,set2_early_soh,GPR,log,protocol_holdout,hybrid,1,12,30.349514863292004
KIT,set2_early_soh,GPR,log,protocol_holdout,hybrid,1,18,29.67403162761316
KIT,set2_early_soh,GPR,log,protocol_holdout,hybrid,1,24,27.4130761921196
KIT,set2_early_soh,GPR,log,protocol_holdout,hybrid,1,30,28.258433450481
KIT,set2_early_soh,GPR,log,protocol_holdout,hybrid,1,36,27.858802143282084
KIT,set2_early_soh,GPR,log,protocol_holdout,hybrid,1,42,27.69131100342722
KIT,set2_early_soh,GPR,log,protocol_holdout,hybrid,1,48,27.63096382575937
KIT,set2_early_soh,GPR,log,protocol_holdout,hybrid,1,54,25.023654238940253
KIT,set2_early_soh,GPR,log,protocol_holdout,hybrid,1,60,30.64747221302584
KIT,set2_early_soh,GPR,log,protocol_holdout,hybrid,1,66,29.117254462584235
KIT,set2_early_soh,GPR,log,protocol_holdout,hybrid,2,6,39.68725132981077
KIT,set2_early_soh,GPR,log,protocol_holdout,hybrid,2,12,40.01333530786378
KIT,set2_early_soh,GPR,log,protocol_holdout,hybrid,2,18,42.2237079980732
KIT,set2_early_soh,GPR,log,protocol_holdout,hybrid,2,24,55.0477783680951
KIT,set2_early_soh,GPR,log,protocol_holdout,hybrid,2,30,29.291385196261714
KIT,set2_early_soh,GPR,log,protocol_holdout,hybrid,2,36,29.73087344162909
KIT,set2_early_soh,GPR,log,protocol_holdout,hybrid,2,42,25.582941414826298
KIT,set2_early_soh,GPR,log,protocol_holdout,hybrid,2,48,27.29922841961461
KIT,set2_early_soh,GPR,log,protocol_holdout,hybrid,2,54,26.981041206509666
KIT,set2_early_soh,GPR,log,protocol_holdout,hybrid,2,60,27.96252538964056
KIT,set2_early_soh,GPR,log,protocol_holdout,hybrid,2,66,28.868396741739925
KIT,set2_early_soh,GPR,log,protocol_holdout,hybrid,3,6,30.97953682595332
KIT,set2_early_soh,GPR,log,protocol_holdout,hybrid,3,12,32.948645385836336
KIT,set2_early_soh,GPR,log,protocol_holdout,hybrid,3,18,39.63317828002599
KIT,set2_early_soh,GPR,log,protocol_holdout,hybrid,3,24,48.25471895627989
KIT,set2_early_soh,GPR,log,protocol_holdout,hybrid,3,30,43.45607262552152
KIT,set2_early_soh,GPR,log,protocol_holdout,hybrid,3,36,40.871044387184064
KIT,set2_early_soh,GPR,log,protocol_holdout,hybrid,3,42,40.15132357030689
KIT,set2_early_soh,GPR,log,protocol_holdout,hybrid,3,48,32.83102076274771
KIT,set2_early_soh,GPR,log,protocol_holdout,hybrid,3,54,34.553854076916
KIT,set2_early_soh,GPR,log,protocol_holdout,hybrid,3,60,30.104662941097004
KIT,set2_early_soh,GPR,log,protocol_holdout,hybrid,3,66,27.32483894393299
KIT,set2_early_soh,GPR,log,protocol_holdout,hybrid,4,6,34.55290213849838
KIT,set2_early_soh,GPR,log,protocol_holdout,hybrid,4,12,50.7778331857592
KIT,set2_early_soh,GPR,log,protocol_holdout,hybrid,4,18,29.36982248929726
KIT,set2_early_soh,GPR,log,protocol_holdout,hybrid,4,24,34.500650608036246
KIT,set2_early_soh,GPR,log,protocol_holdout,hybrid,4,30,47.00841558105122
KIT,set2_early_soh,GPR,log,protocol_holdout,hybrid,4,36,48.69998151051461
KIT,set2_early_soh,GPR,log,protocol_holdout,hybrid,4,42,42.66606254927039
KIT,set2_early_soh,GPR,log,protocol_holdout,hybrid,4,48,38.99671914028411
KIT,set2_early_soh,GPR,log,protocol_holdout,hybrid,4,54,34.502589914069894
KIT,set2_early_soh,GPR,log,protocol_holdout,hybrid,4,60,33.512789677666525
KIT,set2_early_soh,GPR,log,protocol_holdout,hybrid,4,66,33.30840408619218
KIT,set2_early_soh,GPR,log,protocol_holdout,hybrid,5,6,34.524482918984354
KIT,set2_early_soh,GPR,log,protocol_holdout,hybrid,5,12,26.95811933909333
KIT,set2_early_soh,GPR,log,protocol_holdout,hybrid,5,18,26.516133877436488
KIT,set2_early_soh,GPR,log,protocol_holdout,hybrid,5,24,21.17595678527085
KIT,set2_early_soh,GPR,log,protocol_holdout,hybrid,5,30,18.2296215152307
KIT,set2_early_soh,GPR,log,protocol_holdout,hybrid,5,36,28.886075299663784
KIT,set2_early_soh,GPR,log,protocol_holdout,hybrid,5,42,31.028086200723
KIT,set2_early_soh,GPR,log,protocol_holdout,hybrid,5,48,29.51100718887708
KIT,set2_early_soh,GPR,log,protocol_holdout,hybrid,5,54,29.917489953739445
KIT,set2_early_soh,GPR,log,protocol_holdout,hybrid,5,60,33.02992887358984
KIT,set2_early_soh,GPR,log,protocol_holdout,hybrid,5,66,35.3031574029192
KIT,set2_early_soh,GPR,log,protocol_holdout,hybrid,6,6,23.946283524336405
KIT,set2_early_soh,GPR,log,protocol_holdout,hybrid,6,12,21.34884458318489
KIT,set2_early_soh,GPR,log,protocol_holdout,hybrid,6,18,27.30607206876537
KIT,set2_early_soh,GPR,log,protocol_holdout,hybrid,6,24,33.630382534013506
KIT,set2_early_soh,GPR,log,protocol_holdout,hybrid,6,30,35.34471478584266
KIT,set2_early_soh,GPR,log,protocol_holdout,hybrid,6,36,37.16743272123592
KIT,set2_early_soh,GPR,log,protocol_holdout,hybrid,6,42,34.23025714011304
KIT,set2_early_soh,GPR,log,protocol_holdout,hybrid,6,48,33.57688234184374
KIT,set2_early_soh,GPR,log,protocol_holdout,hybrid,6,54,33.62430555551412
KIT,set2_early_soh,GPR,log,protocol_holdout,hybrid,6,60,34.8556394909516
KIT,set2_early_soh,GPR,log,protocol_holdout,hybrid,6,66,35.01490510020754
KIT,set2_early_soh,GPR,log,protocol_holdout,hybrid,7,6,36.062654123173296
KIT,set2_early_soh,GPR,log,protocol_holdout,hybrid,7,12,33.57892194150244
KIT,set2_early_soh,GPR,log,protocol_holdout,hybrid,7,18,29.37189513666524
KIT,set2_early_soh,GPR,log,protocol_holdout,hybrid,7,24,29.914013926813688
KIT,set2_early_soh,GPR,log,protocol_holdout,hybrid,7,30,29.2062836810509
KIT,set2_early_soh,GPR,log,protocol_holdout,hybrid,7,36,31.594878081913468
KIT,set2_early_soh,GPR,log,protocol_holdout,hybrid,7,42,31.68527513774922
KIT,set2_early_soh,GPR,log,protocol_holdout,hybrid,7,48,28.80182314661528
KIT,set2_early_soh,GPR,log,protocol_holdout,hybrid,7,54,26.27151551254532
KIT,set2_early_soh,GPR,log,protocol_holdout,hybrid,7,60,29.463818161406014
KIT,set2_early_soh,GPR,log,protocol_holdout,hybrid,7,66,28.307321092296373
KIT,set2_early_soh,GPR,log,protocol_holdout,hybrid,8,6,38.80534164991855
KIT,set2_early_soh,GPR,log,protocol_holdout,hybrid,8,12,27.917681346420054
KIT,set2_early_soh,GPR,log,protocol_holdout,hybrid,8,18,33.80485973858008
KIT,set2_early_soh,GPR,log,protocol_holdout,hybrid,8,24,37.56975952983792
KIT,set2_early_soh,GPR,log,protocol_holdout,hybrid,8,30,42.69883124557566
KIT,set2_early_soh,GPR,log,protocol_holdout,hybrid,8,36,35.99807999880542
KIT,set2_early_soh,GPR,log,protocol_holdout,hybrid,8,42,35.19421524757691
KIT,set2_early_soh,GPR,log,protocol_holdout,hybrid,8,48,31.28455189268279
KIT,set2_early_soh,GPR,log,protocol_holdout,hybrid,8,54,30.61596390401709
KIT,set2_early_soh,GPR,log,protocol_holdout,hybrid,8,60,29.33377694466718
KIT,set2_early_soh,GPR,log,protocol_holdout,hybrid,8,66,28.96783873604419
KIT,set2_early_soh,GPR,log,protocol_holdout,hybrid,9,6,27.50520453623061
KIT,set2_early_soh,GPR,log,protocol_holdout,hybrid,9,12,37.25745659132276
KIT,set2_early_soh,GPR,log,protocol_holdout,hybrid,9,18,38.15690726207559
KIT,set2_early_soh,GPR,log,protocol_holdout,hybrid,9,24,41.69723266005436
KIT,set2_early_soh,GPR,log,protocol_holdout,hybrid,9,30,34.36746587719385
KIT,set2_early_soh,GPR,log,protocol_holdout,hybrid,9,36,37.807133562520725
KIT,set2_early_soh,GPR,log,protocol_holdout,hybrid,9,42,35.95757458428355
KIT,set2_early_soh,GPR,log,protocol_holdout,hybrid,9,48,34.60564965826454
KIT,set2_early_soh,GPR,log,protocol_holdout,hybrid,9,54,33.78871596015628
KIT,set2_early_soh,GPR,log,protocol_holdout,hybrid,9,60,34.700217779709284
KIT,set2_early_soh,GPR,log,protocol_holdout,hybrid,9,66,29.5685585424211
KIT,set2_early_soh,GPR,log,protocol_holdout,hybrid,10,6,16.746399629986815
KIT,set2_early_soh,GPR,log,protocol_holdout,hybrid,10,12,22.8344679507182
KIT,set2_early_soh,GPR,log,protocol_holdout,hybrid,10,18,23.73555417823741
KIT,set2_early_soh,GPR,log,protocol_holdout,hybrid,10,24,41.41160981660908
KIT,set2_early_soh,GPR,log,protocol_holdout,hybrid,10,30,31.55582253852376
KIT,set2_early_soh,GPR,log,protocol_holdout,hybrid,10,36,42.299624803548106
KIT,set2_early_soh,GPR,log,protocol_holdout,hybrid,10,42,37.73794614231668
KIT,set2_early_soh,GPR,log,protocol_holdout,hybrid,10,48,48.07497864808617
KIT,set2_early_soh,GPR,log,protocol_holdout,hybrid,10,54,51.06392748765391
KIT,set2_early_soh,GPR,log,protocol_holdout,hybrid,10,60,58.08714252965706
KIT,set2_early_soh,GPR,log,protocol_holdout,hybrid,10,66,64.54250431039979
Formation,set2_early_soh,GPR,log,protocol_holdout,random_selection,1,12,17.1929835851145
Formation,set2_early_soh,GPR,log,protocol_holdout,random_selection,1,24,19.17813027210463
Formation,set2_early_soh,GPR,log,protocol_holdout,random_selection,1,36,20.28098820494133
Formation,set2_early_soh,GPR,log,protocol_holdout,random_selection,1,48,18.996660807005032
Formation,set2_early_soh,GPR,log,protocol_holdout,random_selection,1,60,18.92808497880552
Formation,set2_early_soh,GPR,log,protocol_holdout,random_selection,1,72,18.79868662748906
Formation,set2_early_soh,GPR,log,protocol_holdout,random_selection,1,84,19.77170532679102
Formation,set2_early_soh,GPR,log,protocol_holdout,random_selection,1,96,18.669671041862603
Formation,set2_early_soh,GPR,log,protocol_holdout,random_selection,1,108,17.4216505086935
Formation,set2_early_soh,GPR,log,protocol_holdout,random_selection,1,120,16.970530809493926
Formation,set2_early_soh,GPR,log,protocol_holdout,random_selection,1,132,17.335128347924563
Formation,set2_early_soh,GPR,log,protocol_holdout,random_selection,1,144,17.38056495450046
Formation,set2_early_soh,GPR,log,protocol_holdout,random_selection,1,146,14.991334606108929
Formation,set2_early_soh,GPR,log,protocol_holdout,random_selection,2,12,36.00047156245132
Formation,set2_early_soh,GPR,log,protocol_holdout,random_selection,2,24,29.07492242227124
Formation,set2_early_soh,GPR,log,protocol_holdout,random_selection,2,36,27.037070385880256
Formation,set2_early_soh,GPR,log,protocol_holdout,random_selection,2,48,25.394495222759595
Formation,set2_early_soh,GPR,log,protocol_holdout,random_selection,2,60,23.43050361810749
Formation,set2_early_soh,GPR,log,protocol_holdout,random_selection,2,72,23.27894367099494
Formation,set2_early_soh,GPR,log,protocol_holdout,random_selection,2,84,23.459174469510028
Formation,set2_early_soh,GPR,log,protocol_holdout,random_selection,2,96,23.851573340031774
Formation,set2_early_soh,GPR,log,protocol_holdout,random_selection,2,108,23.18783673040595
Formation,set2_early_soh,GPR,log,protocol_holdout,random_selection,2,120,23.76011482511141
Formation,set2_early_soh,GPR,log,protocol_holdout,random_selection,2,132,23.997230329734887
Formation,set2_early_soh,GPR,log,protocol_holdout,random_selection,2,144,24.49661766171727
Formation,set2_early_soh,GPR,log,protocol_holdout,random_selection,2,146,24.452559580333126
Formation,set2_early_soh,GPR,log,protocol_holdout,random_selection,3,12,15.351134861189813
Formation,set2_early_soh,GPR,log,protocol_holdout,random_selection,3,24,15.452477873774722
Formation,set2_early_soh,GPR,log,protocol_holdout,random_selection,3,36,16.354052297274976
Formation,set2_early_soh,GPR,log,protocol_holdout,random_selection,3,48,18.05865001231826
Formation,set2_early_soh,GPR,log,protocol_holdout,random_selection,3,60,17.849040249177683
Formation,set2_early_soh,GPR,log,protocol_holdout,random_selection,3,72,17.793120183483644
Formation,set2_early_soh,GPR,log,protocol_holdout,random_selection,3,84,16.875826961450702
Formation,set2_early_soh,GPR,log,protocol_holdout,random_selection,3,96,16.788488962679352
Formation,set2_early_soh,GPR,log,protocol_holdout,random_selection,3,108,15.997615741085708
Formation,set2_early_soh,GPR,log,protocol_holdout,random_selection,3,120,16.44172228444127
Formation,set2_early_soh,GPR,log,protocol_holdout,random_selection,3,132,15.055924994786468
Formation,set2_early_soh,GPR,log,protocol_holdout,random_selection,3,144,12.639025299136572
Formation,set2_early_soh,GPR,log,protocol_holdout,random_selection,3,146,12.588375731676429
Formation,set2_early_soh,GPR,log,protocol_holdout,random_selection,4,12,24.218861608157223
Formation,set2_early_soh,GPR,log,protocol_holdout,random_selection,4,24,22.924099712745583
Formation,set2_early_soh,GPR,log,protocol_holdout,random_selection,4,36,25.827290280184407
Formation,set2_early_soh,GPR,log,protocol_holdout,random_selection,4,48,22.732765633254417
Formation,set2_early_soh,GPR,log,protocol_holdout,random_selection,4,60,21.473287755205497
Formation,set2_early_soh,GPR,log,protocol_holdout,random_selection,4,72,23.18836164923088
Formation,set2_early_soh,GPR,log,protocol_holdout,random_selection,4,84,22.56546178519116
Formation,set2_early_soh,GPR,log,protocol_holdout,random_selection,4,96,21.44528621766932
Formation,set2_early_soh,GPR,log,protocol_holdout,random_selection,4,108,21.27188242283764
Formation,set2_early_soh,GPR,log,protocol_holdout,random_selection,4,120,21.19124101302572
Formation,set2_early_soh,GPR,log,protocol_holdout,random_selection,4,132,20.73906822358404
Formation,set2_early_soh,GPR,log,protocol_holdout,random_selection,4,144,20.599078381864725
Formation,set2_early_soh,GPR,log,protocol_holdout,random_selection,4,146,20.648821402078774
Formation,set2_early_soh,GPR,log,protocol_holdout,random_selection,5,12,17.365116277698707
Formation,set2_early_soh,GPR,log,protocol_holdout,random_selection,5,24,16.834884234056435
Formation,set2_early_soh,GPR,log,protocol_holdout,random_selection,5,36,16.962992429393026
Formation,set2_early_soh,GPR,log,protocol_holdout,random_selection,5,48,15.81902777622148
Formation,set2_early_soh,GPR,log,protocol_holdout,random_selection,5,60,16.993994568617136
Formation,set2_early_soh,GPR,log,protocol_holdout,random_selection,5,72,18.0197679189468
Formation,set2_early_soh,GPR,log,protocol_holdout,random_selection,5,84,17.85268204506323
Formation,set2_early_soh,GPR,log,protocol_holdout,random_selection,5,96,18.12448578095379
Formation,set2_early_soh,GPR,log,protocol_holdout,random_selection,5,108,14.0755982738739
Formation,set2_early_soh,GPR,log,protocol_holdout,random_selection,5,120,13.50956812204546
Formation,set2_early_soh,GPR,log,protocol_holdout,random_selection,5,132,17.734617128501306
Formation,set2_early_soh,GPR,log,protocol_holdout,random_selection,5,144,13.048208120232468
Formation,set2_early_soh,GPR,log,protocol_holdout,random_selection,5,146,13.005408445470051
Formation,set2_early_soh,GPR,log,protocol_holdout,random_selection,6,12,19.2163946655631
Formation,set2_early_soh,GPR,log,protocol_holdout,random_selection,6,24,20.257612091885925
Formation,set2_early_soh,GPR,log,protocol_holdout,random_selection,6,36,18.93654113761683
Formation,set2_early_soh,GPR,log,protocol_holdout,random_selection,6,48,20.41112042500077
Formation,set2_early_soh,GPR,log,protocol_holdout,random_selection,6,60,19.978229605787043
Formation,set2_early_soh,GPR,log,protocol_holdout,random_selection,6,72,20.508925704857845
Formation,set2_early_soh,GPR,log,protocol_holdout,random_selection,6,84,20.0866431466982
Formation,set2_early_soh,GPR,log,protocol_holdout,random_selection,6,96,20.81388545926332
Formation,set2_early_soh,GPR,log,protocol_holdout,random_selection,6,108,20.09755323427137
Formation,set2_early_soh,GPR,log,protocol_holdout,random_selection,6,120,20.348934806600568
Formation,set2_early_soh,GPR,log,protocol_holdout,random_selection,6,132,18.77956590466285
Formation,set2_early_soh,GPR,log,protocol_holdout,random_selection,6,144,18.48174141235251
Formation,set2_early_soh,GPR,log,protocol_holdout,random_selection,6,146,18.48602131388047
Formation,set2_early_soh,GPR,log,protocol_holdout,random_selection,7,12,20.88715689880811
Formation,set2_early_soh,GPR,log,protocol_holdout,random_selection,7,24,21.54281489591088
Formation,set2_early_soh,GPR,log,protocol_holdout,random_selection,7,36,17.66938246683758
Formation,set2_early_soh,GPR,log,protocol_holdout,random_selection,7,48,17.966344664203433
Formation,set2_early_soh,GPR,log,protocol_holdout,random_selection,7,60,18.596319039344145
Formation,set2_early_soh,GPR,log,protocol_holdout,random_selection,7,72,19.01054580602548
Formation,set2_early_soh,GPR,log,protocol_holdout,random_selection,7,84,20.067017532597
Formation,set2_early_soh,GPR,log,protocol_holdout,random_selection,7,96,18.897103267622427
Formation,set2_early_soh,GPR,log,protocol_holdout,random_selection,7,108,21.90304358038706
Formation,set2_early_soh,GPR,log,protocol_holdout,random_selection,7,120,20.727319185449662
Formation,set2_early_soh,GPR,log,protocol_holdout,random_selection,7,132,20.70847821999423
Formation,set2_early_soh,GPR,log,protocol_holdout,random_selection,7,144,20.806184182240425
Formation,set2_early_soh,GPR,log,protocol_holdout,random_selection,7,146,20.65011870411216
Formation,set2_early_soh,GPR,log,protocol_holdout,random_selection,8,12,18.643416086915604
Formation,set2_early_soh,GPR,log,protocol_holdout,random_selection,8,24,19.37708962545544
Formation,set2_early_soh,GPR,log,protocol_holdout,random_selection,8,36,19.20248560922536
Formation,set2_early_soh,GPR,log,protocol_holdout,random_selection,8,48,19.23214605504754
Formation,set2_early_soh,GPR,log,protocol_holdout,random_selection,8,60,19.11755024988905
Formation,set2_early_soh,GPR,log,protocol_holdout,random_selection,8,72,17.393615173825292
Formation,set2_early_soh,GPR,log,protocol_holdout,random_selection,8,84,17.641214580134335
Formation,set2_early_soh,GPR,log,protocol_holdout,random_selection,8,96,17.421694365018528
Formation,set2_early_soh,GPR,log,protocol_holdout,random_selection,8,108,17.425266575656096
Formation,set2_early_soh,GPR,log,protocol_holdout,random_selection,8,120,17.281478240507088
Formation,set2_early_soh,GPR,log,protocol_holdout,random_selection,8,132,17.203208179572915
Formation,set2_early_soh,GPR,log,protocol_holdout,random_selection,8,144,17.05450876615365
Formation,set2_early_soh,GPR,log,protocol_holdout,random_selection,8,146,16.976075129730937
Formation,set2_early_soh,GPR,log,protocol_holdout,random_selection,9,12,20.44059567765069
Formation,set2_early_soh,GPR,log,protocol_holdout,random_selection,9,24,19.03101002558456
Formation,set2_early_soh,GPR,log,protocol_holdout,random_selection,9,36,18.318543335325
Formation,set2_early_soh,GPR,log,protocol_holdout,random_selection,9,48,16.949805317878234
Formation,set2_early_soh,GPR,log,protocol_holdout,random_selection,9,60,19.07542250714939
Formation,set2_early_soh,GPR,log,protocol_holdout,random_selection,9,72,20.1745720895962
Formation,set2_early_soh,GPR,log,protocol_holdout,random_selection,9,84,18.54844578080193
Formation,set2_early_soh,GPR,log,protocol_holdout,random_selection,9,96,19.2187105471432
Formation,set2_early_soh,GPR,log,protocol_holdout,random_selection,9,108,19.21064667203649
Formation,set2_early_soh,GPR,log,protocol_holdout,random_selection,9,120,18.0339199042968
Formation,set2_early_soh,GPR,log,protocol_holdout,random_selection,9,132,18.05665544784064
Formation,set2_early_soh,GPR,log,protocol_holdout,random_selection,9,144,18.545111779574988
Formation,set2_early_soh,GPR,log,protocol_holdout,random_selection,9,146,19.3840790668398
Formation,set2_early_soh,GPR,log,protocol_holdout,random_selection,10,12,16.84004484390808
Formation,set2_early_soh,GPR,log,protocol_holdout,random_selection,10,24,19.20364493271416
Formation,set2_early_soh,GPR,log,protocol_holdout,random_selection,10,36,18.59121926182731
Formation,set2_early_soh,GPR,log,protocol_holdout,random_selection,10,48,20.143834548212148
Formation,set2_early_soh,GPR,log,protocol_holdout,random_selection,10,60,21.35709616052129
Formation,set2_early_soh,GPR,log,protocol_holdout,random_selection,10,72,21.082857738593223
Formation,set2_early_soh,GPR,log,protocol_holdout,random_selection,10,84,20.030072796577123
Formation,set2_early_soh,GPR,log,protocol_holdout,random_selection,10,96,20.24403917757788
Formation,set2_early_soh,GPR,log,protocol_holdout,random_selection,10,108,20.627084099711062
Formation,set2_early_soh,GPR,log,protocol_holdout,random_selection,10,120,20.895746963759848
Formation,set2_early_soh,GPR,log,protocol_holdout,random_selection,10,132,20.821015305585817
Formation,set2_early_soh,GPR,log,protocol_holdout,random_selection,10,144,16.527477310024384
Formation,set2_early_soh,GPR,log,protocol_holdout,random_selection,10,146,16.608501214533362
Formation,set2_early_soh,GPR,log,protocol_holdout,diversity_oneshot,1,12,14.52987192189956
Formation,set2_early_soh,GPR,log,protocol_holdout,diversity_oneshot,1,24,19.90620061723097
Formation,set2_early_soh,GPR,log,protocol_holdout,diversity_oneshot,1,36,16.990948235467595
Formation,set2_early_soh,GPR,log,protocol_holdout,diversity_oneshot,1,48,18.011049077605403
Formation,set2_early_soh,GPR,log,protocol_holdout,diversity_oneshot,1,60,18.184459566710107
Formation,set2_early_soh,GPR,log,protocol_holdout,diversity_oneshot,1,72,18.51102688096327
Formation,set2_early_soh,GPR,log,protocol_holdout,diversity_oneshot,1,84,18.35081063865277
Formation,set2_early_soh,GPR,log,protocol_holdout,diversity_oneshot,1,96,18.278148312568582
Formation,set2_early_soh,GPR,log,protocol_holdout,diversity_oneshot,1,108,17.87693334474023
Formation,set2_early_soh,GPR,log,protocol_holdout,diversity_oneshot,1,120,17.066653558358233
Formation,set2_early_soh,GPR,log,protocol_holdout,diversity_oneshot,1,132,16.935115162578583
Formation,set2_early_soh,GPR,log,protocol_holdout,diversity_oneshot,1,144,17.23368492622292
Formation,set2_early_soh,GPR,log,protocol_holdout,diversity_oneshot,1,146,14.991334606108929
Formation,set2_early_soh,GPR,log,protocol_holdout,diversity_oneshot,2,12,28.37904577260598
Formation,set2_early_soh,GPR,log,protocol_holdout,diversity_oneshot,2,24,23.803296423504065
Formation,set2_early_soh,GPR,log,protocol_holdout,diversity_oneshot,2,36,33.25062102145328
Formation,set2_early_soh,GPR,log,protocol_holdout,diversity_oneshot,2,48,30.535135047621843
Formation,set2_early_soh,GPR,log,protocol_holdout,diversity_oneshot,2,60,23.74587957160317
Formation,set2_early_soh,GPR,log,protocol_holdout,diversity_oneshot,2,72,25.31059335721637
Formation,set2_early_soh,GPR,log,protocol_holdout,diversity_oneshot,2,84,22.55984192218313
Formation,set2_early_soh,GPR,log,protocol_holdout,diversity_oneshot,2,96,23.17822312186908
Formation,set2_early_soh,GPR,log,protocol_holdout,diversity_oneshot,2,108,22.56710594718044
Formation,set2_early_soh,GPR,log,protocol_holdout,diversity_oneshot,2,120,23.90511765284406
Formation,set2_early_soh,GPR,log,protocol_holdout,diversity_oneshot,2,132,24.084548010881093
Formation,set2_early_soh,GPR,log,protocol_holdout,diversity_oneshot,2,144,24.38957214417564
Formation,set2_early_soh,GPR,log,protocol_holdout,diversity_oneshot,2,146,24.452559580333126
Formation,set2_early_soh,GPR,log,protocol_holdout,diversity_oneshot,3,12,20.828216179936604
Formation,set2_early_soh,GPR,log,protocol_holdout,diversity_oneshot,3,24,16.41818564426592
Formation,set2_early_soh,GPR,log,protocol_holdout,diversity_oneshot,3,36,17.4045046573302
Formation,set2_early_soh,GPR,log,protocol_holdout,diversity_oneshot,3,48,12.885130043333216
Formation,set2_early_soh,GPR,log,protocol_holdout,diversity_oneshot,3,60,13.889216981879995
Formation,set2_early_soh,GPR,log,protocol_holdout,diversity_oneshot,3,72,13.632765350524544
Formation,set2_early_soh,GPR,log,protocol_holdout,diversity_oneshot,3,84,14.186212353968758
Formation,set2_early_soh,GPR,log,protocol_holdout,diversity_oneshot,3,96,14.681750959127417
Formation,set2_early_soh,GPR,log,protocol_holdout,diversity_oneshot,3,108,13.579196902910628
Formation,set2_early_soh,GPR,log,protocol_holdout,diversity_oneshot,3,120,16.00814389004059
Formation,set2_early_soh,GPR,log,protocol_holdout,diversity_oneshot,3,132,16.048742229205125
Formation,set2_early_soh,GPR,log,protocol_holdout,diversity_oneshot,3,144,12.843244085485
Formation,set2_early_soh,GPR,log,protocol_holdout,diversity_oneshot,3,146,12.588375731676429
Formation,set2_early_soh,GPR,log,protocol_holdout,diversity_oneshot,4,12,23.657090272328183
Formation,set2_early_soh,GPR,log,protocol_holdout,diversity_oneshot,4,24,17.610440320915735
Formation,set2_early_soh,GPR,log,protocol_holdout,diversity_oneshot,4,36,23.931674739339435
Formation,set2_early_soh,GPR,log,protocol_holdout,diversity_oneshot,4,48,26.11302620202457
Formation,set2_early_soh,GPR,log,protocol_holdout,diversity_oneshot,4,60,21.478277634625343
Formation,set2_early_soh,GPR,log,protocol_holdout,diversity_oneshot,4,72,21.557483627546787
Formation,set2_early_soh,GPR,log,protocol_holdout,diversity_oneshot,4,84,21.098952176498624
Formation,set2_early_soh,GPR,log,protocol_holdout,diversity_oneshot,4,96,19.561290869835464
Formation,set2_early_soh,GPR,log,protocol_holdout,diversity_oneshot,4,108,20.988463335186985
Formation,set2_early_soh,GPR,log,protocol_holdout,diversity_oneshot,4,120,20.20947997834496
Formation,set2_early_soh,GPR,log,protocol_holdout,diversity_oneshot,4,132,20.12401230838634
Formation,set2_early_soh,GPR,log,protocol_holdout,diversity_oneshot,4,144,20.866515197446205
Formation,set2_early_soh,GPR,log,protocol_holdout,diversity_oneshot,4,146,20.648821402078774
Formation,set2_early_soh,GPR,log,protocol_holdout,diversity_oneshot,5,12,22.53266838366456
Formation,set2_early_soh,GPR,log,protocol_holdout,diversity_oneshot,5,24,21.1628904075847
Formation,set2_early_soh,GPR,log,protocol_holdout,diversity_oneshot,5,36,16.949094896933104
Formation,set2_early_soh,GPR,log,protocol_holdout,diversity_oneshot,5,48,17.747995732670287
Formation,set2_early_soh,GPR,log,protocol_holdout,diversity_oneshot,5,60,16.349299007747288
Formation,set2_early_soh,GPR,log,protocol_holdout,diversity_oneshot,5,72,13.974969154826034
Formation,set2_early_soh,GPR,log,protocol_holdout,diversity_oneshot,5,84,15.742230470461797
Formation,set2_early_soh,GPR,log,protocol_holdout,diversity_oneshot,5,96,15.426627652549232
Formation,set2_early_soh,GPR,log,protocol_holdout,diversity_oneshot,5,108,17.110615488848076
Formation,set2_early_soh,GPR,log,protocol_holdout,diversity_oneshot,5,120,13.006660186847109
Formation,set2_early_soh,GPR,log,protocol_holdout,diversity_oneshot,5,132,13.03371229697479
Formation,set2_early_soh,GPR,log,protocol_holdout,diversity_oneshot,5,144,13.061820528548983
Formation,set2_early_soh,GPR,log,protocol_holdout,diversity_oneshot,5,146,13.005408445470051
Formation,set2_early_soh,GPR,log,protocol_holdout,diversity_oneshot,6,12,28.53592734743699
Formation,set2_early_soh,GPR,log,protocol_holdout,diversity_oneshot,6,24,16.817888468469583
Formation,set2_early_soh,GPR,log,protocol_holdout,diversity_oneshot,6,36,19.42088784254147
Formation,set2_early_soh,GPR,log,protocol_holdout,diversity_oneshot,6,48,23.92642153490925
Formation,set2_early_soh,GPR,log,protocol_holdout,diversity_oneshot,6,60,18.759676135971063
Formation,set2_early_soh,GPR,log,protocol_holdout,diversity_oneshot,6,72,18.50197064748282
Formation,set2_early_soh,GPR,log,protocol_holdout,diversity_oneshot,6,84,18.75274503105338
Formation,set2_early_soh,GPR,log,protocol_holdout,diversity_oneshot,6,96,19.0547870634466
Formation,set2_early_soh,GPR,log,protocol_holdout,diversity_oneshot,6,108,18.962165654327485
Formation,set2_early_soh,GPR,log,protocol_holdout,diversity_oneshot,6,120,18.203537354768244
Formation,set2_early_soh,GPR,log,protocol_holdout,diversity_oneshot,6,132,17.987984099088596
Formation,set2_early_soh,GPR,log,protocol_holdout,diversity_oneshot,6,144,19.209200483183224
Formation,set2_early_soh,GPR,log,protocol_holdout,diversity_oneshot,6,146,18.48602131388047
Formation,set2_early_soh,GPR,log,protocol_holdout,diversity_oneshot,7,12,21.24851249026967
Formation,set2_early_soh,GPR,log,protocol_holdout,diversity_oneshot,7,24,17.0342076582355
Formation,set2_early_soh,GPR,log,protocol_holdout,diversity_oneshot,7,36,16.707558903290423
Formation,set2_early_soh,GPR,log,protocol_holdout,diversity_oneshot,7,48,17.70917977383839
Formation,set2_early_soh,GPR,log,protocol_holdout,diversity_oneshot,7,60,18.645291600930808
Formation,set2_early_soh,GPR,log,protocol_holdout,diversity_oneshot,7,72,18.215873469634587
Formation,set2_early_soh,GPR,log,protocol_holdout,diversity_oneshot,7,84,20.7241971154641
Formation,set2_early_soh,GPR,log,protocol_holdout,diversity_oneshot,7,96,16.244461250366612
Formation,set2_early_soh,GPR,log,protocol_holdout,diversity_oneshot,7,108,16.371759461381085
Formation,set2_early_soh,GPR,log,protocol_holdout,diversity_oneshot,7,120,16.815728027581567
Formation,set2_early_soh,GPR,log,protocol_holdout,diversity_oneshot,7,132,20.629054317537992
Formation,set2_early_soh,GPR,log,protocol_holdout,diversity_oneshot,7,144,20.693387567975897
Formation,set2_early_soh,GPR,log,protocol_holdout,diversity_oneshot,7,146,20.65011870411216
Formation,set2_early_soh,GPR,log,protocol_holdout,diversity_oneshot,8,12,20.89781087550405
Formation,set2_early_soh,GPR,log,protocol_holdout,diversity_oneshot,8,24,19.2118173074178
Formation,set2_early_soh,GPR,log,protocol_holdout,diversity_oneshot,8,36,17.773179552003736
Formation,set2_early_soh,GPR,log,protocol_holdout,diversity_oneshot,8,48,18.06028003747469
Formation,set2_early_soh,GPR,log,protocol_holdout,diversity_oneshot,8,60,19.688306190227824
Formation,set2_early_soh,GPR,log,protocol_holdout,diversity_oneshot,8,72,18.001237106171907
Formation,set2_early_soh,GPR,log,protocol_holdout,diversity_oneshot,8,84,18.89238148732891
Formation,set2_early_soh,GPR,log,protocol_holdout,diversity_oneshot,8,96,21.0355202145838
Formation,set2_early_soh,GPR,log,protocol_holdout,diversity_oneshot,8,108,20.950965324683025
Formation,set2_early_soh,GPR,log,protocol_holdout,diversity_oneshot,8,120,20.36398407615556
Formation,set2_early_soh,GPR,log,protocol_holdout,diversity_oneshot,8,132,17.087246215188863
Formation,set2_early_soh,GPR,log,protocol_holdout,diversity_oneshot,8,144,17.05201067783441
Formation,set2_early_soh,GPR,log,protocol_holdout,diversity_oneshot,8,146,16.976075129730937
Formation,set2_early_soh,GPR,log,protocol_holdout,diversity_oneshot,9,12,20.74076821892662
Formation,set2_early_soh,GPR,log,protocol_holdout,diversity_oneshot,9,24,21.280644313383096
Formation,set2_early_soh,GPR,log,protocol_holdout,diversity_oneshot,9,36,20.24469932677277
Formation,set2_early_soh,GPR,log,protocol_holdout,diversity_oneshot,9,48,19.053087619943543
Formation,set2_early_soh,GPR,log,protocol_holdout,diversity_oneshot,9,60,18.18418631818385
Formation,set2_early_soh,GPR,log,protocol_holdout,diversity_oneshot,9,72,18.13101914764076
Formation,set2_early_soh,GPR,log,protocol_holdout,diversity_oneshot,9,84,17.127973492669778
Formation,set2_early_soh,GPR,log,protocol_holdout,diversity_oneshot,9,96,18.917585532188383
Formation,set2_early_soh,GPR,log,protocol_holdout,diversity_oneshot,9,108,18.64255459230276
Formation,set2_early_soh,GPR,log,protocol_holdout,diversity_oneshot,9,120,19.048167642424847
Formation,set2_early_soh,GPR,log,protocol_holdout,diversity_oneshot,9,132,18.633242615956327
Formation,set2_early_soh,GPR,log,protocol_holdout,diversity_oneshot,9,144,18.885600638473743
Formation,set2_early_soh,GPR,log,protocol_holdout,diversity_oneshot,9,146,19.3840790668398
Formation,set2_early_soh,GPR,log,protocol_holdout,diversity_oneshot,10,12,25.578894651350048
Formation,set2_early_soh,GPR,log,protocol_holdout,diversity_oneshot,10,24,27.265931172663453
Formation,set2_early_soh,GPR,log,protocol_holdout,diversity_oneshot,10,36,22.665251093540785
Formation,set2_early_soh,GPR,log,protocol_holdout,diversity_oneshot,10,48,20.994988265445684
Formation,set2_early_soh,GPR,log,protocol_holdout,diversity_oneshot,10,60,20.95166252106987
Formation,set2_early_soh,GPR,log,protocol_holdout,diversity_oneshot,10,72,19.306283039581825
Formation,set2_early_soh,GPR,log,protocol_holdout,diversity_oneshot,10,84,19.82857518274684
Formation,set2_early_soh,GPR,log,protocol_holdout,diversity_oneshot,10,96,20.06763104833085
Formation,set2_early_soh,GPR,log,protocol_holdout,diversity_oneshot,10,108,19.348318030037905
Formation,set2_early_soh,GPR,log,protocol_holdout,diversity_oneshot,10,120,20.97029401564444
Formation,set2_early_soh,GPR,log,protocol_holdout,diversity_oneshot,10,132,20.868908730587464
Formation,set2_early_soh,GPR,log,protocol_holdout,diversity_oneshot,10,144,16.59112138213451
Formation,set2_early_soh,GPR,log,protocol_holdout,diversity_oneshot,10,146,16.608501214533362
Formation,set2_early_soh,GPR,log,protocol_holdout,diversity_iterative,1,12,14.52987192189956
Formation,set2_early_soh,GPR,log,protocol_holdout,diversity_iterative,1,24,14.332834760682786
Formation,set2_early_soh,GPR,log,protocol_holdout,diversity_iterative,1,36,13.904586539171286
Formation,set2_early_soh,GPR,log,protocol_holdout,diversity_iterative,1,48,14.877363817282513
Formation,set2_early_soh,GPR,log,protocol_holdout,diversity_iterative,1,60,16.697865388807504
Formation,set2_early_soh,GPR,log,protocol_holdout,diversity_iterative,1,72,16.60564397804385
Formation,set2_early_soh,GPR,log,protocol_holdout,diversity_iterative,1,84,16.66601210946666
Formation,set2_early_soh,GPR,log,protocol_holdout,diversity_iterative,1,96,17.78246267710695
Formation,set2_early_soh,GPR,log,protocol_holdout,diversity_iterative,1,108,17.370987478888615
Formation,set2_early_soh,GPR,log,protocol_holdout,diversity_iterative,1,120,17.607935209363884
Formation,set2_early_soh,GPR,log,protocol_holdout,diversity_iterative,1,132,14.853681045027836
Formation,set2_early_soh,GPR,log,protocol_holdout,diversity_iterative,1,144,17.319056840798535
Formation,set2_early_soh,GPR,log,protocol_holdout,diversity_iterative,1,146,14.991334606108929
Formation,set2_early_soh,GPR,log,protocol_holdout,diversity_iterative,2,12,28.37904577260598
Formation,set2_early_soh,GPR,log,protocol_holdout,diversity_iterative,2,24,30.570649042473296
Formation,set2_early_soh,GPR,log,protocol_holdout,diversity_iterative,2,36,30.14368790391332
Formation,set2_early_soh,GPR,log,protocol_holdout,diversity_iterative,2,48,27.4947399606375
Formation,set2_early_soh,GPR,log,protocol_holdout,diversity_iterative,2,60,27.29726188988121
Formation,set2_early_soh,GPR,log,protocol_holdout,diversity_iterative,2,72,25.81590724625969
Formation,set2_early_soh,GPR,log,protocol_holdout,diversity_iterative,2,84,25.33100287412118
Formation,set2_early_soh,GPR,log,protocol_holdout,diversity_iterative,2,96,25.200733636007723
Formation,set2_early_soh,GPR,log,protocol_holdout,diversity_iterative,2,108,26.006675535255035
Formation,set2_early_soh,GPR,log,protocol_holdout,diversity_iterative,2,120,25.064952636003788
Formation,set2_early_soh,GPR,log,protocol_holdout,diversity_iterative,2,132,24.34665824534056
Formation,set2_early_soh,GPR,log,protocol_holdout,diversity_iterative,2,144,24.51363197030541
Formation,set2_early_soh,GPR,log,protocol_holdout,diversity_iterative,2,146,24.452559580333126
Formation,set2_early_soh,GPR,log,protocol_holdout,diversity_iterative,3,12,20.828216179936604
Formation,set2_early_soh,GPR,log,protocol_holdout,diversity_iterative,3,24,20.000899998726315
Formation,set2_early_soh,GPR,log,protocol_holdout,diversity_iterative,3,36,21.239703137891805
Formation,set2_early_soh,GPR,log,protocol_holdout,diversity_iterative,3,48,20.02726714251749
Formation,set2_early_soh,GPR,log,protocol_holdout,diversity_iterative,3,60,18.93326884995321
Formation,set2_early_soh,GPR,log,protocol_holdout,diversity_iterative,3,72,17.271777947088264
Formation,set2_early_soh,GPR,log,protocol_holdout,diversity_iterative,3,84,17.143042598288304
Formation,set2_early_soh,GPR,log,protocol_holdout,diversity_iterative,3,96,16.815957128520186
Formation,set2_early_soh,GPR,log,protocol_holdout,diversity_iterative,3,108,15.784152805132887
Formation,set2_early_soh,GPR,log,protocol_holdout,diversity_iterative,3,120,16.64043358905332
Formation,set2_early_soh,GPR,log,protocol_holdout,diversity_iterative,3,132,15.84423241598811
Formation,set2_early_soh,GPR,log,protocol_holdout,diversity_iterative,3,144,12.703856247985524
Formation,set2_early_soh,GPR,log,protocol_holdout,diversity_iterative,3,146,12.588375731676429
Formation,set2_early_soh,GPR,log,protocol_holdout,diversity_iterative,4,12,23.657090272328183
Formation,set2_early_soh,GPR,log,protocol_holdout,diversity_iterative,4,24,24.838883102608104
Formation,set2_early_soh,GPR,log,protocol_holdout,diversity_iterative,4,36,24.697233844741177
Formation,set2_early_soh,GPR,log,protocol_holdout,diversity_iterative,4,48,25.23319348068308
Formation,set2_early_soh,GPR,log,protocol_holdout,diversity_iterative,4,60,23.84249028468216
Formation,set2_early_soh,GPR,log,protocol_holdout,diversity_iterative,4,72,23.186844795532647
Formation,set2_early_soh,GPR,log,protocol_holdout,diversity_iterative,4,84,18.607429656177327
Formation,set2_early_soh,GPR,log,protocol_holdout,diversity_iterative,4,96,18.137424990766792
Formation,set2_early_soh,GPR,log,protocol_holdout,diversity_iterative,4,108,20.48934079728972
Formation,set2_early_soh,GPR,log,protocol_holdout,diversity_iterative,4,120,20.334877485692022
Formation,set2_early_soh,GPR,log,protocol_holdout,diversity_iterative,4,132,20.355608609091284
Formation,set2_early_soh,GPR,log,protocol_holdout,diversity_iterative,4,144,20.75375970315784
Formation,set2_early_soh,GPR,log,protocol_holdout,diversity_iterative,4,146,20.648821402078774
Formation,set2_early_soh,GPR,log,protocol_holdout,diversity_iterative,5,12,22.53266838366456
Formation,set2_early_soh,GPR,log,protocol_holdout,diversity_iterative,5,24,22.916557212884097
Formation,set2_early_soh,GPR,log,protocol_holdout,diversity_iterative,5,36,19.96485787603971
Formation,set2_early_soh,GPR,log,protocol_holdout,diversity_iterative,5,48,17.838577041337736
Formation,set2_early_soh,GPR,log,protocol_holdout,diversity_iterative,5,60,16.089310709833715
Formation,set2_early_soh,GPR,log,protocol_holdout,diversity_iterative,5,72,15.722051841668344
Formation,set2_early_soh,GPR,log,protocol_holdout,diversity_iterative,5,84,16.055660214010977
Formation,set2_early_soh,GPR,log,protocol_holdout,diversity_iterative,5,96,16.241637134883796
Formation,set2_early_soh,GPR,log,protocol_holdout,diversity_iterative,5,108,17.069309775607593
Formation,set2_early_soh,GPR,log,protocol_holdout,diversity_iterative,5,120,12.092604355045308
Formation,set2_early_soh,GPR,log,protocol_holdout,diversity_iterative,5,132,12.813680363947572
Formation,set2_early_soh,GPR,log,protocol_holdout,diversity_iterative,5,144,13.124038616206049
Formation,set2_early_soh,GPR,log,protocol_holdout,diversity_iterative,5,146,13.005408445470051
Formation,set2_early_soh,GPR,log,protocol_holdout,diversity_iterative,6,12,28.53592734743699
Formation,set2_early_soh,GPR,log,protocol_holdout,diversity_iterative,6,24,23.14167459720197
Formation,set2_early_soh,GPR,log,protocol_holdout,diversity_iterative,6,36,19.82705557910816
Formation,set2_early_soh,GPR,log,protocol_holdout,diversity_iterative,6,48,18.130527648018703
Formation,set2_early_soh,GPR,log,protocol_holdout,diversity_iterative,6,60,16.4175207125897
Formation,set2_early_soh,GPR,log,protocol_holdout,diversity_iterative,6,72,17.308159418038148
Formation,set2_early_soh,GPR,log,protocol_holdout,diversity_iterative,6,84,16.648126837463526
Formation,set2_early_soh,GPR,log,protocol_holdout,diversity_iterative,6,96,16.17211391092738
Formation,set2_early_soh,GPR,log,protocol_holdout,diversity_iterative,6,108,16.166404869393162
Formation,set2_early_soh,GPR,log,protocol_holdout,diversity_iterative,6,120,16.282961983771564
Formation,set2_early_soh,GPR,log,protocol_holdout,diversity_iterative,6,132,16.801704203317698
Formation,set2_early_soh,GPR,log,protocol_holdout,diversity_iterative,6,144,18.93835221091966
Formation,set2_early_soh,GPR,log,protocol_holdout,diversity_iterative,6,146,18.48602131388047
Formation,set2_early_soh,GPR,log,protocol_holdout,diversity_iterative,7,12,21.24851249026967
Formation,set2_early_soh,GPR,log,protocol_holdout,diversity_iterative,7,24,23.743469270858032
Formation,set2_early_soh,GPR,log,protocol_holdout,diversity_iterative,7,36,20.66787195022275
Formation,set2_early_soh,GPR,log,protocol_holdout,diversity_iterative,7,48,22.26537711598113
Formation,set2_early_soh,GPR,log,protocol_holdout,diversity_iterative,7,60,19.01421155609406
Formation,set2_early_soh,GPR,log,protocol_holdout,diversity_iterative,7,72,18.37942349746752
Formation,set2_early_soh,GPR,log,protocol_holdout,diversity_iterative,7,84,17.400035682628644
Formation,set2_early_soh,GPR,log,protocol_holdout,diversity_iterative,7,96,20.87995924715177
Formation,set2_early_soh,GPR,log,protocol_holdout,diversity_iterative,7,108,20.145907567595223
Formation,set2_early_soh,GPR,log,protocol_holdout,diversity_iterative,7,120,20.28354766074179
Formation,set2_early_soh,GPR,log,protocol_holdout,diversity_iterative,7,132,19.852053477353845
Formation,set2_early_soh,GPR,log,protocol_holdout,diversity_iterative,7,144,20.43512709265902
Formation,set2_early_soh,GPR,log,protocol_holdout,diversity_iterative,7,146,20.65011870411216
Formation,set2_early_soh,GPR,log,protocol_holdout,diversity_iterative,8,12,20.89781087550405
Formation,set2_early_soh,GPR,log,protocol_holdout,diversity_iterative,8,24,21.941513485767384
Formation,set2_early_soh,GPR,log,protocol_holdout,diversity_iterative,8,36,20.2009281290832
Formation,set2_early_soh,GPR,log,protocol_holdout,diversity_iterative,8,48,19.755863543982947
Formation,set2_early_soh,GPR,log,protocol_holdout,diversity_iterative,8,60,17.40454546637962
Formation,set2_early_soh,GPR,log,protocol_holdout,diversity_iterative,8,72,17.44757023153435
Formation,set2_early_soh,GPR,log,protocol_holdout,diversity_iterative,8,84,17.418770782949068
Formation,set2_early_soh,GPR,log,protocol_holdout,diversity_iterative,8,96,17.36744839162506
Formation,set2_early_soh,GPR,log,protocol_holdout,diversity_iterative,8,108,17.411012687081136
Formation,set2_early_soh,GPR,log,protocol_holdout,diversity_iterative,8,120,17.432473370044978
Formation,set2_early_soh,GPR,log,protocol_holdout,diversity_iterative,8,132,16.93172278829426
Formation,set2_early_soh,GPR,log,protocol_holdout,diversity_iterative,8,144,16.242893411165184
Formation,set2_early_soh,GPR,log,protocol_holdout,diversity_iterative,8,146,16.976075129730937
Formation,set2_early_soh,GPR,log,protocol_holdout,diversity_iterative,9,12,20.74076821892662
Formation,set2_early_soh,GPR,log,protocol_holdout,diversity_iterative,9,24,19.020935312163605
Formation,set2_early_soh,GPR,log,protocol_holdout,diversity_iterative,9,36,18.387804688492466
Formation,set2_early_soh,GPR,log,protocol_holdout,diversity_iterative,9,48,18.104819409150867
Formation,set2_early_soh,GPR,log,protocol_holdout,diversity_iterative,9,60,20.10164743733506
Formation,set2_early_soh,GPR,log,protocol_holdout,diversity_iterative,9,72,19.50051861944995
Formation,set2_early_soh,GPR,log,protocol_holdout,diversity_iterative,9,84,18.787022326313068
Formation,set2_early_soh,GPR,log,protocol_holdout,diversity_iterative,9,96,18.603661103023413
Formation,set2_early_soh,GPR,log,protocol_holdout,diversity_iterative,9,108,18.879496599572697
Formation,set2_early_soh,GPR,log,protocol_holdout,diversity_iterative,9,120,19.6628833623613
Formation,set2_early_soh,GPR,log,protocol_holdout,diversity_iterative,9,132,18.966539541283208
Formation,set2_early_soh,GPR,log,protocol_holdout,diversity_iterative,9,144,19.67266208734236
Formation,set2_early_soh,GPR,log,protocol_holdout,diversity_iterative,9,146,19.3840790668398
Formation,set2_early_soh,GPR,log,protocol_holdout,diversity_iterative,10,12,25.578894651350048
Formation,set2_early_soh,GPR,log,protocol_holdout,diversity_iterative,10,24,19.470651122504627
Formation,set2_early_soh,GPR,log,protocol_holdout,diversity_iterative,10,36,22.147625664272123
Formation,set2_early_soh,GPR,log,protocol_holdout,diversity_iterative,10,48,20.9691174342713
Formation,set2_early_soh,GPR,log,protocol_holdout,diversity_iterative,10,60,21.031098665903706
Formation,set2_early_soh,GPR,log,protocol_holdout,diversity_iterative,10,72,20.974940684533344
Formation,set2_early_soh,GPR,log,protocol_holdout,diversity_iterative,10,84,20.39394114272644
Formation,set2_early_soh,GPR,log,protocol_holdout,diversity_iterative,10,96,20.501444470584808
Formation,set2_early_soh,GPR,log,protocol_holdout,diversity_iterative,10,108,17.988863189731802
Formation,set2_early_soh,GPR,log,protocol_holdout,diversity_iterative,10,120,18.601026610473447
Formation,set2_early_soh,GPR,log,protocol_holdout,diversity_iterative,10,132,18.6757239941969
Formation,set2_early_soh,GPR,log,protocol_holdout,diversity_iterative,10,144,16.440217599054574
Formation,set2_early_soh,GPR,log,protocol_holdout,diversity_iterative,10,146,16.608501214533362
Formation,set2_early_soh,GPR,log,protocol_holdout,coverage,1,12,17.1929835851145
Formation,set2_early_soh,GPR,log,protocol_holdout,coverage,1,24,18.66079400498868
Formation,set2_early_soh,GPR,log,protocol_holdout,coverage,1,36,18.11127950812661
Formation,set2_early_soh,GPR,log,protocol_holdout,coverage,1,48,17.606950834596525
Formation,set2_early_soh,GPR,log,protocol_holdout,coverage,1,60,18.128849894325626
Formation,set2_early_soh,GPR,log,protocol_holdout,coverage,1,72,17.495730087995852
Formation,set2_early_soh,GPR,log,protocol_holdout,coverage,1,84,17.463507433793744
Formation,set2_early_soh,GPR,log,protocol_holdout,coverage,1,96,17.35926183560631
Formation,set2_early_soh,GPR,log,protocol_holdout,coverage,1,108,16.569702013776055
Formation,set2_early_soh,GPR,log,protocol_holdout,coverage,1,120,17.009792336481272
Formation,set2_early_soh,GPR,log,protocol_holdout,coverage,1,132,16.89694341201443
Formation,set2_early_soh,GPR,log,protocol_holdout,coverage,1,144,17.258505513332995
Formation,set2_early_soh,GPR,log,protocol_holdout,coverage,1,146,14.991334606108929
Formation,set2_early_soh,GPR,log,protocol_holdout,coverage,2,12,36.00047156245132
Formation,set2_early_soh,GPR,log,protocol_holdout,coverage,2,24,30.658722937299704
Formation,set2_early_soh,GPR,log,protocol_holdout,coverage,2,36,32.28894481896789
Formation,set2_early_soh,GPR,log,protocol_holdout,coverage,2,48,28.05158744733341
Formation,set2_early_soh,GPR,log,protocol_holdout,coverage,2,60,27.52550802657503
Formation,set2_early_soh,GPR,log,protocol_holdout,coverage,2,72,26.482258693539524
Formation,set2_early_soh,GPR,log,protocol_holdout,coverage,2,84,25.464870538568498
Formation,set2_early_soh,GPR,log,protocol_holdout,coverage,2,96,23.281471002211195
Formation,set2_early_soh,GPR,log,protocol_holdout,coverage,2,108,23.67757603803695
Formation,set2_early_soh,GPR,log,protocol_holdout,coverage,2,120,24.4009339811305
Formation,set2_early_soh,GPR,log,protocol_holdout,coverage,2,132,24.18250372056425
Formation,set2_early_soh,GPR,log,protocol_holdout,coverage,2,144,24.38957214417564
Formation,set2_early_soh,GPR,log,protocol_holdout,coverage,2,146,24.452559580333126
Formation,set2_early_soh,GPR,log,protocol_holdout,coverage,3,12,15.351134861189813
Formation,set2_early_soh,GPR,log,protocol_holdout,coverage,3,24,17.50671395156539
Formation,set2_early_soh,GPR,log,protocol_holdout,coverage,3,36,15.649301138893938
Formation,set2_early_soh,GPR,log,protocol_holdout,coverage,3,48,14.798778099846428
Formation,set2_early_soh,GPR,log,protocol_holdout,coverage,3,60,18.196222118075863
Formation,set2_early_soh,GPR,log,protocol_holdout,coverage,3,72,17.64694799085788
Formation,set2_early_soh,GPR,log,protocol_holdout,coverage,3,84,17.292334060105983
Formation,set2_early_soh,GPR,log,protocol_holdout,coverage,3,96,15.27026633261779
Formation,set2_early_soh,GPR,log,protocol_holdout,coverage,3,108,12.027076546877474
Formation,set2_early_soh,GPR,log,protocol_holdout,coverage,3,120,12.254931830803418
Formation,set2_early_soh,GPR,log,protocol_holdout,coverage,3,132,13.25953602896682
Formation,set2_early_soh,GPR,log,protocol_holdout,coverage,3,144,12.856631711300617
Formation,set2_early_soh,GPR,log,protocol_holdout,coverage,3,146,12.588375731676429
Formation,set2_early_soh,GPR,log,protocol_holdout,coverage,4,12,24.218861608157223
Formation,set2_early_soh,GPR,log,protocol_holdout,coverage,4,24,21.96657800416433
Formation,set2_early_soh,GPR,log,protocol_holdout,coverage,4,36,21.91831782060472
Formation,set2_early_soh,GPR,log,protocol_holdout,coverage,4,48,18.397011947305845
Formation,set2_early_soh,GPR,log,protocol_holdout,coverage,4,60,18.39462871097645
Formation,set2_early_soh,GPR,log,protocol_holdout,coverage,4,72,20.21217927066272
Formation,set2_early_soh,GPR,log,protocol_holdout,coverage,4,84,19.398876365137
Formation,set2_early_soh,GPR,log,protocol_holdout,coverage,4,96,19.51236784928354
Formation,set2_early_soh,GPR,log,protocol_holdout,coverage,4,108,20.312470332314497
Formation,set2_early_soh,GPR,log,protocol_holdout,coverage,4,120,20.24821991423436
Formation,set2_early_soh,GPR,log,protocol_holdout,coverage,4,132,20.47898688749511
Formation,set2_early_soh,GPR,log,protocol_holdout,coverage,4,144,20.626762579210293
Formation,set2_early_soh,GPR,log,protocol_holdout,coverage,4,146,20.648821402078774
Formation,set2_early_soh,GPR,log,protocol_holdout,coverage,5,12,17.365116277698707
Formation,set2_early_soh,GPR,log,protocol_holdout,coverage,5,24,20.146857048393983
Formation,set2_early_soh,GPR,log,protocol_holdout,coverage,5,36,17.65481881227009
Formation,set2_early_soh,GPR,log,protocol_holdout,coverage,5,48,17.53094485858788
Formation,set2_early_soh,GPR,log,protocol_holdout,coverage,5,60,16.3673770283729
Formation,set2_early_soh,GPR,log,protocol_holdout,coverage,5,72,16.879885557176323
Formation,set2_early_soh,GPR,log,protocol_holdout,coverage,5,84,17.582819923448454
Formation,set2_early_soh,GPR,log,protocol_holdout,coverage,5,96,16.718916616071805
Formation,set2_early_soh,GPR,log,protocol_holdout,coverage,5,108,17.25963684321009
Formation,set2_early_soh,GPR,log,protocol_holdout,coverage,5,120,13.508278739894278
Formation,set2_early_soh,GPR,log,protocol_holdout,coverage,5,132,13.215731705849349
Formation,set2_early_soh,GPR,log,protocol_holdout,coverage,5,144,13.091087179521963
Formation,set2_early_soh,GPR,log,protocol_holdout,coverage,5,146,13.005408445470051
Formation,set2_early_soh,GPR,log,protocol_holdout,coverage,6,12,19.2163946655631
Formation,set2_early_soh,GPR,log,protocol_holdout,coverage,6,24,21.61419596006762
Formation,set2_early_soh,GPR,log,protocol_holdout,coverage,6,36,16.927510903178643
Formation,set2_early_soh,GPR,log,protocol_holdout,coverage,6,48,16.43407817776205
Formation,set2_early_soh,GPR,log,protocol_holdout,coverage,6,60,17.82190899129478
Formation,set2_early_soh,GPR,log,protocol_holdout,coverage,6,72,17.531955490868285
Formation,set2_early_soh,GPR,log,protocol_holdout,coverage,6,84,19.41198691322825
Formation,set2_early_soh,GPR,log,protocol_holdout,coverage,6,96,19.2473056821893
Formation,set2_early_soh,GPR,log,protocol_holdout,coverage,6,108,19.04296565058556
Formation,set2_early_soh,GPR,log,protocol_holdout,coverage,6,120,17.077633254655492
Formation,set2_early_soh,GPR,log,protocol_holdout,coverage,6,132,18.964935315901773
Formation,set2_early_soh,GPR,log,protocol_holdout,coverage,6,144,18.659509486132567
Formation,set2_early_soh,GPR,log,protocol_holdout,coverage,6,146,18.48602131388047
Formation,set2_early_soh,GPR,log,protocol_holdout,coverage,7,12,20.88715689880811
Formation,set2_early_soh,GPR,log,protocol_holdout,coverage,7,24,20.99997008205336
Formation,set2_early_soh,GPR,log,protocol_holdout,coverage,7,36,19.81968072411293
Formation,set2_early_soh,GPR,log,protocol_holdout,coverage,7,48,15.636470768892076
Formation,set2_early_soh,GPR,log,protocol_holdout,coverage,7,60,19.92572414002491
Formation,set2_early_soh,GPR,log,protocol_holdout,coverage,7,72,19.670306613895715
Formation,set2_early_soh,GPR,log,protocol_holdout,coverage,7,84,16.086628030808996
Formation,set2_early_soh,GPR,log,protocol_holdout,coverage,7,96,16.46130161374901
Formation,set2_early_soh,GPR,log,protocol_holdout,coverage,7,108,18.8534575129565
Formation,set2_early_soh,GPR,log,protocol_holdout,coverage,7,120,21.257073314148087
Formation,set2_early_soh,GPR,log,protocol_holdout,coverage,7,132,20.55923282897021
Formation,set2_early_soh,GPR,log,protocol_holdout,coverage,7,144,20.562598133547223
Formation,set2_early_soh,GPR,log,protocol_holdout,coverage,7,146,20.65011870411216
Formation,set2_early_soh,GPR,log,protocol_holdout,coverage,8,12,18.643416086915604
Formation,set2_early_soh,GPR,log,protocol_holdout,coverage,8,24,17.89161441190201
Formation,set2_early_soh,GPR,log,protocol_holdout,coverage,8,36,17.713414925249836
Formation,set2_early_soh,GPR,log,protocol_holdout,coverage,8,48,17.899137064405007
Formation,set2_early_soh,GPR,log,protocol_holdout,coverage,8,60,18.461625564980167
Formation,set2_early_soh,GPR,log,protocol_holdout,coverage,8,72,17.72418777216549
Formation,set2_early_soh,GPR,log,protocol_holdout,coverage,8,84,18.01432946343081
Formation,set2_early_soh,GPR,log,protocol_holdout,coverage,8,96,17.96295719378404
Formation,set2_early_soh,GPR,log,protocol_holdout,coverage,8,108,17.72212660007395
Formation,set2_early_soh,GPR,log,protocol_holdout,coverage,8,120,17.32546800140529
Formation,set2_early_soh,GPR,log,protocol_holdout,coverage,8,132,17.126677010853463
Formation,set2_early_soh,GPR,log,protocol_holdout,coverage,8,144,17.05201067783441
Formation,set2_early_soh,GPR,log,protocol_holdout,coverage,8,146,16.976075129730937
Formation,set2_early_soh,GPR,log,protocol_holdout,coverage,9,12,20.44059567765069
Formation,set2_early_soh,GPR,log,protocol_holdout,coverage,9,24,24.457573555338133
Formation,set2_early_soh,GPR,log,protocol_holdout,coverage,9,36,20.354873275893183
Formation,set2_early_soh,GPR,log,protocol_holdout,coverage,9,48,21.586744582020376
Formation,set2_early_soh,GPR,log,protocol_holdout,coverage,9,60,17.998374686180103
Formation,set2_early_soh,GPR,log,protocol_holdout,coverage,9,72,18.836654182275183
Formation,set2_early_soh,GPR,log,protocol_holdout,coverage,9,84,18.76862457357812
Formation,set2_early_soh,GPR,log,protocol_holdout,coverage,9,96,18.493334926595352
Formation,set2_early_soh,GPR,log,protocol_holdout,coverage,9,108,18.85367376827305
Formation,set2_early_soh,GPR,log,protocol_holdout,coverage,9,120,20.108569807166337
Formation,set2_early_soh,GPR,log,protocol_holdout,coverage,9,132,19.35972371441602
Formation,set2_early_soh,GPR,log,protocol_holdout,coverage,9,144,19.42370560790499
Formation,set2_early_soh,GPR,log,protocol_holdout,coverage,9,146,19.3840790668398
Formation,set2_early_soh,GPR,log,protocol_holdout,coverage,10,12,16.84004484390808
Formation,set2_early_soh,GPR,log,protocol_holdout,coverage,10,24,20.66005121843241
Formation,set2_early_soh,GPR,log,protocol_holdout,coverage,10,36,19.479924802548656
Formation,set2_early_soh,GPR,log,protocol_holdout,coverage,10,48,19.84429613422001
Formation,set2_early_soh,GPR,log,protocol_holdout,coverage,10,60,19.75678856628181
Formation,set2_early_soh,GPR,log,protocol_holdout,coverage,10,72,19.96190704626235
Formation,set2_early_soh,GPR,log,protocol_holdout,coverage,10,84,19.32184844768036
Formation,set2_early_soh,GPR,log,protocol_holdout,coverage,10,96,20.66416782114413
Formation,set2_early_soh,GPR,log,protocol_holdout,coverage,10,108,20.658608591122128
Formation,set2_early_soh,GPR,log,protocol_holdout,coverage,10,120,20.741962584835875
Formation,set2_early_soh,GPR,log,protocol_holdout,coverage,10,132,20.65924631656529
Formation,set2_early_soh,GPR,log,protocol_holdout,coverage,10,144,20.55589050594183
Formation,set2_early_soh,GPR,log,protocol_holdout,coverage,10,146,16.608501214533362
Formation,set2_early_soh,GPR,log,protocol_holdout,exploration,1,12,17.1929835851145
Formation,set2_early_soh,GPR,log,protocol_holdout,exploration,1,24,18.66079400498868
Formation,set2_early_soh,GPR,log,protocol_holdout,exploration,1,36,19.81626126228038
Formation,set2_early_soh,GPR,log,protocol_holdout,exploration,1,48,18.049930757693208
Formation,set2_early_soh,GPR,log,protocol_holdout,exploration,1,60,19.608818893288262
Formation,set2_early_soh,GPR,log,protocol_holdout,exploration,1,72,18.63103422277502
Formation,set2_early_soh,GPR,log,protocol_holdout,exploration,1,84,18.02860885976381
Formation,set2_early_soh,GPR,log,protocol_holdout,exploration,1,96,17.606506671840737
Formation,set2_early_soh,GPR,log,protocol_holdout,exploration,1,108,17.23458360342671
Formation,set2_early_soh,GPR,log,protocol_holdout,exploration,1,120,17.500127048972903
Formation,set2_early_soh,GPR,log,protocol_holdout,exploration,1,132,16.82331176489635
Formation,set2_early_soh,GPR,log,protocol_holdout,exploration,1,144,17.160400592400872
Formation,set2_early_soh,GPR,log,protocol_holdout,exploration,1,146,14.991334606108929
Formation,set2_early_soh,GPR,log,protocol_holdout,exploration,2,12,36.00047156245132
Formation,set2_early_soh,GPR,log,protocol_holdout,exploration,2,24,30.658722937299704
Formation,set2_early_soh,GPR,log,protocol_holdout,exploration,2,36,32.28894481896789
Formation,set2_early_soh,GPR,log,protocol_holdout,exploration,2,48,28.05158744733341
Formation,set2_early_soh,GPR,log,protocol_holdout,exploration,2,60,27.760360499114924
Formation,set2_early_soh,GPR,log,protocol_holdout,exploration,2,72,26.73509575894204
Formation,set2_early_soh,GPR,log,protocol_holdout,exploration,2,84,23.95283421030807
Formation,set2_early_soh,GPR,log,protocol_holdout,exploration,2,96,24.23358154006554
Formation,set2_early_soh,GPR,log,protocol_holdout,exploration,2,108,24.336897676211
Formation,set2_early_soh,GPR,log,protocol_holdout,exploration,2,120,24.447389787576647
Formation,set2_early_soh,GPR,log,protocol_holdout,exploration,2,132,24.31401581748877
Formation,set2_early_soh,GPR,log,protocol_holdout,exploration,2,144,24.508633187290084
Formation,set2_early_soh,GPR,log,protocol_holdout,exploration,2,146,24.452559580333126
Formation,set2_early_soh,GPR,log,protocol_holdout,exploration,3,12,15.351134861189813
Formation,set2_early_soh,GPR,log,protocol_holdout,exploration,3,24,13.76195734111249
Formation,set2_early_soh,GPR,log,protocol_holdout,exploration,3,36,13.85316723338266
Formation,set2_early_soh,GPR,log,protocol_holdout,exploration,3,48,13.95638723398586
Formation,set2_early_soh,GPR,log,protocol_holdout,exploration,3,60,13.116591015047826
Formation,set2_early_soh,GPR,log,protocol_holdout,exploration,3,72,13.939351908134508
Formation,set2_early_soh,GPR,log,protocol_holdout,exploration,3,84,14.344982438702026
Formation,set2_early_soh,GPR,log,protocol_holdout,exploration,3,96,14.894676272912394
Formation,set2_early_soh,GPR,log,protocol_holdout,exploration,3,108,12.973259085346472
Formation,set2_early_soh,GPR,log,protocol_holdout,exploration,3,120,16.64861735707781
Formation,set2_early_soh,GPR,log,protocol_holdout,exploration,3,132,13.26816243737401
Formation,set2_early_soh,GPR,log,protocol_holdout,exploration,3,144,12.62536824354616
Formation,set2_early_soh,GPR,log,protocol_holdout,exploration,3,146,12.588375731676429
Formation,set2_early_soh,GPR,log,protocol_holdout,exploration,4,12,24.218861608157223
Formation,set2_early_soh,GPR,log,protocol_holdout,exploration,4,24,14.204461440395244
Formation,set2_early_soh,GPR,log,protocol_holdout,exploration,4,36,15.61987557595444
Formation,set2_early_soh,GPR,log,protocol_holdout,exploration,4,48,15.762526644294214
Formation,set2_early_soh,GPR,log,protocol_holdout,exploration,4,60,15.082966554989069
Formation,set2_early_soh,GPR,log,protocol_holdout,exploration,4,72,17.5198659623284
Formation,set2_early_soh,GPR,log,protocol_holdout,exploration,4,84,18.79296463018733
Formation,set2_early_soh,GPR,log,protocol_holdout,exploration,4,96,20.03521478636109
Formation,set2_early_soh,GPR,log,protocol_holdout,exploration,4,108,21.20505057841037
Formation,set2_early_soh,GPR,log,protocol_holdout,exploration,4,120,22.326015701346545
Formation,set2_early_soh,GPR,log,protocol_holdout,exploration,4,132,21.93624662533808
Formation,set2_early_soh,GPR,log,protocol_holdout,exploration,4,144,20.818373115527805
Formation,set2_early_soh,GPR,log,protocol_holdout,exploration,4,146,20.648821402078774
Formation,set2_early_soh,GPR,log,protocol_holdout,exploration,5,12,17.365116277698707
Formation,set2_early_soh,GPR,log,protocol_holdout,exploration,5,24,14.087588902457403
Formation,set2_early_soh,GPR,log,protocol_holdout,exploration,5,36,14.002938371237796
Formation,set2_early_soh,GPR,log,protocol_holdout,exploration,5,48,14.232010384433938
Formation,set2_early_soh,GPR,log,protocol_holdout,exploration,5,60,14.7235303224376
Formation,set2_early_soh,GPR,log,protocol_holdout,exploration,5,72,15.874537692306742
Formation,set2_early_soh,GPR,log,protocol_holdout,exploration,5,84,16.139460543257798
Formation,set2_early_soh,GPR,log,protocol_holdout,exploration,5,96,15.962873493330555
Formation,set2_early_soh,GPR,log,protocol_holdout,exploration,5,108,13.44428976241086
Formation,set2_early_soh,GPR,log,protocol_holdout,exploration,5,120,13.326588232452927
Formation,set2_early_soh,GPR,log,protocol_holdout,exploration,5,132,13.077513394246076
Formation,set2_early_soh,GPR,log,protocol_holdout,exploration,5,144,13.02068857840746
Formation,set2_early_soh,GPR,log,protocol_holdout,exploration,5,146,13.005408445470051
Formation,set2_early_soh,GPR,log,protocol_holdout,exploration,6,12,19.2163946655631
Formation,set2_early_soh,GPR,log,protocol_holdout,exploration,6,24,16.016489894491908
Formation,set2_early_soh,GPR,log,protocol_holdout,exploration,6,36,15.18525956507282
Formation,set2_early_soh,GPR,log,protocol_holdout,exploration,6,48,17.36175191278151
Formation,set2_early_soh,GPR,log,protocol_holdout,exploration,6,60,17.262688472859285
Formation,set2_early_soh,GPR,log,protocol_holdout,exploration,6,72,19.79764987625708
Formation,set2_early_soh,GPR,log,protocol_holdout,exploration,6,84,19.98682494415191
Formation,set2_early_soh,GPR,log,protocol_holdout,exploration,6,96,19.310683866757937
Formation,set2_early_soh,GPR,log,protocol_holdout,exploration,6,108,19.432971856043565
Formation,set2_early_soh,GPR,log,protocol_holdout,exploration,6,120,19.252351042181303
Formation,set2_early_soh,GPR,log,protocol_holdout,exploration,6,132,18.4795091049116
Formation,set2_early_soh,GPR,log,protocol_holdout,exploration,6,144,19.01160527477913
Formation,set2_early_soh,GPR,log,protocol_holdout,exploration,6,146,18.48602131388047
Formation,set2_early_soh,GPR,log,protocol_holdout,exploration,7,12,20.88715689880811
Formation,set2_early_soh,GPR,log,protocol_holdout,exploration,7,24,20.923877162280952
Formation,set2_early_soh,GPR,log,protocol_holdout,exploration,7,36,21.01967278328553
Formation,set2_early_soh,GPR,log,protocol_holdout,exploration,7,48,15.194520875914758
Formation,set2_early_soh,GPR,log,protocol_holdout,exploration,7,60,14.851311087319887
Formation,set2_early_soh,GPR,log,protocol_holdout,exploration,7,72,15.219009893446628
Formation,set2_early_soh,GPR,log,protocol_holdout,exploration,7,84,18.2473287369194
Formation,set2_early_soh,GPR,log,protocol_holdout,exploration,7,96,19.00950883818688
Formation,set2_early_soh,GPR,log,protocol_holdout,exploration,7,108,18.352826976294786
Formation,set2_early_soh,GPR,log,protocol_holdout,exploration,7,120,20.12595247188641
Formation,set2_early_soh,GPR,log,protocol_holdout,exploration,7,132,20.496667148802
Formation,set2_early_soh,GPR,log,protocol_holdout,exploration,7,144,20.63723895231289
Formation,set2_early_soh,GPR,log,protocol_holdout,exploration,7,146,20.65011870411216
Formation,set2_early_soh,GPR,log,protocol_holdout,exploration,8,12,18.643416086915604
Formation,set2_early_soh,GPR,log,protocol_holdout,exploration,8,24,22.05966539277965
Formation,set2_early_soh,GPR,log,protocol_holdout,exploration,8,36,19.50867919896035
Formation,set2_early_soh,GPR,log,protocol_holdout,exploration,8,48,18.48260933335026
Formation,set2_early_soh,GPR,log,protocol_holdout,exploration,8,60,18.425987543037365
Formation,set2_early_soh,GPR,log,protocol_holdout,exploration,8,72,17.74925651619349
Formation,set2_early_soh,GPR,log,protocol_holdout,exploration,8,84,18.631970675649534
Formation,set2_early_soh,GPR,log,protocol_holdout,exploration,8,96,18.490975695047247
Formation,set2_early_soh,GPR,log,protocol_holdout,exploration,8,108,17.28001711172866
Formation,set2_early_soh,GPR,log,protocol_holdout,exploration,8,120,17.22551927460958
Formation,set2_early_soh,GPR,log,protocol_holdout,exploration,8,132,17.207056780742356
Formation,set2_early_soh,GPR,log,protocol_holdout,exploration,8,144,17.01234009320477
Formation,set2_early_soh,GPR,log,protocol_holdout,exploration,8,146,16.976075129730937
Formation,set2_early_soh,GPR,log,protocol_holdout,exploration,9,12,20.44059567765069
Formation,set2_early_soh,GPR,log,protocol_holdout,exploration,9,24,22.12893157441469
Formation,set2_early_soh,GPR,log,protocol_holdout,exploration,9,36,20.13371331532693
Formation,set2_early_soh,GPR,log,protocol_holdout,exploration,9,48,20.0463566878044
Formation,set2_early_soh,GPR,log,protocol_holdout,exploration,9,60,18.72892274377817
Formation,set2_early_soh,GPR,log,protocol_holdout,exploration,9,72,19.382983485641528
Formation,set2_early_soh,GPR,log,protocol_holdout,exploration,9,84,20.18848871423622
Formation,set2_early_soh,GPR,log,protocol_holdout,exploration,9,96,18.89179635146222
Formation,set2_early_soh,GPR,log,protocol_holdout,exploration,9,108,18.61483447244961
Formation,set2_early_soh,GPR,log,protocol_holdout,exploration,9,120,19.216422858922684
Formation,set2_early_soh,GPR,log,protocol_holdout,exploration,9,132,19.14857502096248
Formation,set2_early_soh,GPR,log,protocol_holdout,exploration,9,144,19.814990492700744
Formation,set2_early_soh,GPR,log,protocol_holdout,exploration,9,146,19.3840790668398
Formation,set2_early_soh,GPR,log,protocol_holdout,exploration,10,12,16.84004484390808
Formation,set2_early_soh,GPR,log,protocol_holdout,exploration,10,24,15.142295520430224
Formation,set2_early_soh,GPR,log,protocol_holdout,exploration,10,36,14.664266709688215
Formation,set2_early_soh,GPR,log,protocol_holdout,exploration,10,48,17.639516922562834
Formation,set2_early_soh,GPR,log,protocol_holdout,exploration,10,60,16.980570064251594
Formation,set2_early_soh,GPR,log,protocol_holdout,exploration,10,72,18.923655251056847
Formation,set2_early_soh,GPR,log,protocol_holdout,exploration,10,84,19.99415254218933
Formation,set2_early_soh,GPR,log,protocol_holdout,exploration,10,96,19.79079430043092
Formation,set2_early_soh,GPR,log,protocol_holdout,exploration,10,108,18.73289904548252
Formation,set2_early_soh,GPR,log,protocol_holdout,exploration,10,120,19.736149200847617
Formation,set2_early_soh,GPR,log,protocol_holdout,exploration,10,132,20.4395191730003
Formation,set2_early_soh,GPR,log,protocol_holdout,exploration,10,144,20.22692497407512
Formation,set2_early_soh,GPR,log,protocol_holdout,exploration,10,146,16.608501214533362
Formation,set2_early_soh,GPR,log,protocol_holdout,exploitation,1,12,17.1929835851145
Formation,set2_early_soh,GPR,log,protocol_holdout,exploitation,1,24,16.639238496344937
Formation,set2_early_soh,GPR,log,protocol_holdout,exploitation,1,36,26.789036300450693
Formation,set2_early_soh,GPR,log,protocol_holdout,exploitation,1,48,27.171204040395374
Formation,set2_early_soh,GPR,log,protocol_holdout,exploitation,1,60,23.66130545176224
Formation,set2_early_soh,GPR,log,protocol_holdout,exploitation,1,72,20.46009937412952
Formation,set2_early_soh,GPR,log,protocol_holdout,exploitation,1,84,18.5541015086054
Formation,set2_early_soh,GPR,log,protocol_holdout,exploitation,1,96,17.798227088278963
Formation,set2_early_soh,GPR,log,protocol_holdout,exploitation,1,108,17.5551435433168
Formation,set2_early_soh,GPR,log,protocol_holdout,exploitation,1,120,14.594027315899195
Formation,set2_early_soh,GPR,log,protocol_holdout,exploitation,1,132,14.607385007485655
Formation,set2_early_soh,GPR,log,protocol_holdout,exploitation,1,144,17.207721821504116
Formation,set2_early_soh,GPR,log,protocol_holdout,exploitation,1,146,14.991334606108929
Formation,set2_early_soh,GPR,log,protocol_holdout,exploitation,2,12,36.00047156245132
Formation,set2_early_soh,GPR,log,protocol_holdout,exploitation,2,24,31.579554590515148
Formation,set2_early_soh,GPR,log,protocol_holdout,exploitation,2,36,24.447235102046623
Formation,set2_early_soh,GPR,log,protocol_holdout,exploitation,2,48,20.25488533221953
Formation,set2_early_soh,GPR,log,protocol_holdout,exploitation,2,60,25.08518807981053
Formation,set2_early_soh,GPR,log,protocol_holdout,exploitation,2,72,24.900479958778
Formation,set2_early_soh,GPR,log,protocol_holdout,exploitation,2,84,23.116993749163587
Formation,set2_early_soh,GPR,log,protocol_holdout,exploitation,2,96,24.62706353938721
Formation,set2_early_soh,GPR,log,protocol_holdout,exploitation,2,108,23.98492986189881
Formation,set2_early_soh,GPR,log,protocol_holdout,exploitation,2,120,24.38765914161426
Formation,set2_early_soh,GPR,log,protocol_holdout,exploitation,2,132,24.3647084507837
Formation,set2_early_soh,GPR,log,protocol_holdout,exploitation,2,144,24.59564373599534
Formation,set2_early_soh,GPR,log,protocol_holdout,exploitation,2,146,24.452559580333126
Formation,set2_early_soh,GPR,log,protocol_holdout,exploitation,3,12,15.351134861189813
Formation,set2_early_soh,GPR,log,protocol_holdout,exploitation,3,24,15.814363484599545
Formation,set2_early_soh,GPR,log,protocol_holdout,exploitation,3,36,16.88686654701862
Formation,set2_early_soh,GPR,log,protocol_holdout,exploitation,3,48,16.787165715187562
Formation,set2_early_soh,GPR,log,protocol_holdout,exploitation,3,60,16.434290439040975
Formation,set2_early_soh,GPR,log,protocol_holdout,exploitation,3,72,17.304437050727273
Formation,set2_early_soh,GPR,log,protocol_holdout,exploitation,3,84,16.434582633930713
Formation,set2_early_soh,GPR,log,protocol_holdout,exploitation,3,96,15.805775640286852
Formation,set2_early_soh,GPR,log,protocol_holdout,exploitation,3,108,13.21738144049564
Formation,set2_early_soh,GPR,log,protocol_holdout,exploitation,3,120,12.969010458260612
Formation,set2_early_soh,GPR,log,protocol_holdout,exploitation,3,132,12.173856417883316
Formation,set2_early_soh,GPR,log,protocol_holdout,exploitation,3,144,12.530095924902598
Formation,set2_early_soh,GPR,log,protocol_holdout,exploitation,3,146,12.588375731676429
Formation,set2_early_soh,GPR,log,protocol_holdout,exploitation,4,12,24.218861608157223
Formation,set2_early_soh,GPR,log,protocol_holdout,exploitation,4,24,21.53022615139432
Formation,set2_early_soh,GPR,log,protocol_holdout,exploitation,4,36,21.58156102801893
Formation,set2_early_soh,GPR,log,protocol_holdout,exploitation,4,48,21.273356789840552
Formation,set2_early_soh,GPR,log,protocol_holdout,exploitation,4,60,22.032319302717507
Formation,set2_early_soh,GPR,log,protocol_holdout,exploitation,4,72,21.339624430045497
Formation,set2_early_soh,GPR,log,protocol_holdout,exploitation,4,84,20.500779310618046
Formation,set2_early_soh,GPR,log,protocol_holdout,exploitation,4,96,21.82386476525052
Formation,set2_early_soh,GPR,log,protocol_holdout,exploitation,4,108,22.12892945691108
Formation,set2_early_soh,GPR,log,protocol_holdout,exploitation,4,120,20.58604482911058
Formation,set2_early_soh,GPR,log,protocol_holdout,exploitation,4,132,21.643150307637978
Formation,set2_early_soh,GPR,log,protocol_holdout,exploitation,4,144,20.585857183557582
Formation,set2_early_soh,GPR,log,protocol_holdout,exploitation,4,146,20.648821402078774
Formation,set2_early_soh,GPR,log,protocol_holdout,exploitation,5,12,17.365116277698707
Formation,set2_early_soh,GPR,log,protocol_holdout,exploitation,5,24,18.437367526336367
Formation,set2_early_soh,GPR,log,protocol_holdout,exploitation,5,36,19.20794923470034
Formation,set2_early_soh,GPR,log,protocol_holdout,exploitation,5,48,20.33542300033578
Formation,set2_early_soh,GPR,log,protocol_holdout,exploitation,5,60,20.339585079028044
Formation,set2_early_soh,GPR,log,protocol_holdout,exploitation,5,72,20.02933147143284
Formation,set2_early_soh,GPR,log,protocol_holdout,exploitation,5,84,20.545737438498048
Formation,set2_early_soh,GPR,log,protocol_holdout,exploitation,5,96,19.39105500022404
Formation,set2_early_soh,GPR,log,protocol_holdout,exploitation,5,108,13.61229987492602
Formation,set2_early_soh,GPR,log,protocol_holdout,exploitation,5,120,13.141848906261252
Formation,set2_early_soh,GPR,log,protocol_holdout,exploitation,5,132,13.351498783618355
Formation,set2_early_soh,GPR,log,protocol_holdout,exploitation,5,144,13.0136796193821
Formation,set2_early_soh,GPR,log,protocol_holdout,exploitation,5,146,13.005408445470051
Formation,set2_early_soh,GPR,log,protocol_holdout,exploitation,6,12,19.2163946655631
Formation,set2_early_soh,GPR,log,protocol_holdout,exploitation,6,24,22.221734073970087
Formation,set2_early_soh,GPR,log,protocol_holdout,exploitation,6,36,21.06781151920308
Formation,set2_early_soh,GPR,log,protocol_holdout,exploitation,6,48,19.495532475680967
Formation,set2_early_soh,GPR,log,protocol_holdout,exploitation,6,60,19.019847714118207
Formation,set2_early_soh,GPR,log,protocol_holdout,exploitation,6,72,19.18025434389762
Formation,set2_early_soh,GPR,log,protocol_holdout,exploitation,6,84,18.43604528372608
Formation,set2_early_soh,GPR,log,protocol_holdout,exploitation,6,96,19.379593891963
Formation,set2_early_soh,GPR,log,protocol_holdout,exploitation,6,108,19.63654276129832
Formation,set2_early_soh,GPR,log,protocol_holdout,exploitation,6,120,19.26726346964934
Formation,set2_early_soh,GPR,log,protocol_holdout,exploitation,6,132,19.69553851825384
Formation,set2_early_soh,GPR,log,protocol_holdout,exploitation,6,144,19.201341228240693
Formation,set2_early_soh,GPR,log,protocol_holdout,exploitation,6,146,18.48602131388047
Formation,set2_early_soh,GPR,log,protocol_holdout,exploitation,7,12,20.88715689880811
Formation,set2_early_soh,GPR,log,protocol_holdout,exploitation,7,24,18.81999741847082
Formation,set2_early_soh,GPR,log,protocol_holdout,exploitation,7,36,19.375120885386032
Formation,set2_early_soh,GPR,log,protocol_holdout,exploitation,7,48,20.502418194015466
Formation,set2_early_soh,GPR,log,protocol_holdout,exploitation,7,60,21.870234558629782
Formation,set2_early_soh,GPR,log,protocol_holdout,exploitation,7,72,21.399656200594976
Formation,set2_early_soh,GPR,log,protocol_holdout,exploitation,7,84,20.63985514505192
Formation,set2_early_soh,GPR,log,protocol_holdout,exploitation,7,96,19.78086079632234
Formation,set2_early_soh,GPR,log,protocol_holdout,exploitation,7,108,19.68965812685438
Formation,set2_early_soh,GPR,log,protocol_holdout,exploitation,7,120,19.327425248280537
Formation,set2_early_soh,GPR,log,protocol_holdout,exploitation,7,132,20.333081832905314
Formation,set2_early_soh,GPR,log,protocol_holdout,exploitation,7,144,20.6619420112014
Formation,set2_early_soh,GPR,log,protocol_holdout,exploitation,7,146,20.65011870411216
Formation,set2_early_soh,GPR,log,protocol_holdout,exploitation,8,12,18.643416086915604
Formation,set2_early_soh,GPR,log,protocol_holdout,exploitation,8,24,18.84151381268418
Formation,set2_early_soh,GPR,log,protocol_holdout,exploitation,8,36,21.20256782609329
Formation,set2_early_soh,GPR,log,protocol_holdout,exploitation,8,48,21.446813244106018
Formation,set2_early_soh,GPR,log,protocol_holdout,exploitation,8,60,20.265920175095943
Formation,set2_early_soh,GPR,log,protocol_holdout,exploitation,8,72,20.36371883221898
Formation,set2_early_soh,GPR,log,protocol_holdout,exploitation,8,84,18.68074051142422
Formation,set2_early_soh,GPR,log,protocol_holdout,exploitation,8,96,17.521584575824036
Formation,set2_early_soh,GPR,log,protocol_holdout,exploitation,8,108,17.704637271359143
Formation,set2_early_soh,GPR,log,protocol_holdout,exploitation,8,120,17.308122674363016
Formation,set2_early_soh,GPR,log,protocol_holdout,exploitation,8,132,17.186483805030253
Formation,set2_early_soh,GPR,log,protocol_holdout,exploitation,8,144,16.93962328077603
Formation,set2_early_soh,GPR,log,protocol_holdout,exploitation,8,146,16.976075129730937
Formation,set2_early_soh,GPR,log,protocol_holdout,exploitation,9,12,20.44059567765069
Formation,set2_early_soh,GPR,log,protocol_holdout,exploitation,9,24,20.667710556583312
Formation,set2_early_soh,GPR,log,protocol_holdout,exploitation,9,36,19.869313554916523
Formation,set2_early_soh,GPR,log,protocol_holdout,exploitation,9,48,19.88448493174001
Formation,set2_early_soh,GPR,log,protocol_holdout,exploitation,9,60,18.875733755003164
Formation,set2_early_soh,GPR,log,protocol_holdout,exploitation,9,72,19.830599743841564
Formation,set2_early_soh,GPR,log,protocol_holdout,exploitation,9,84,20.549715001100548
Formation,set2_early_soh,GPR,log,protocol_holdout,exploitation,9,96,18.43866134664049
Formation,set2_early_soh,GPR,log,protocol_holdout,exploitation,9,108,19.64250800502526
Formation,set2_early_soh,GPR,log,protocol_holdout,exploitation,9,120,18.82643456322005
Formation,set2_early_soh,GPR,log,protocol_holdout,exploitation,9,132,18.795005754787987
Formation,set2_early_soh,GPR,log,protocol_holdout,exploitation,9,144,19.82162654318728
Formation,set2_early_soh,GPR,log,protocol_holdout,exploitation,9,146,19.3840790668398
Formation,set2_early_soh,GPR,log,protocol_holdout,exploitation,10,12,16.84004484390808
Formation,set2_early_soh,GPR,log,protocol_holdout,exploitation,10,24,15.142295520430224
Formation,set2_early_soh,GPR,log,protocol_holdout,exploitation,10,36,15.33943630327282
Formation,set2_early_soh,GPR,log,protocol_holdout,exploitation,10,48,17.760200957686347
Formation,set2_early_soh,GPR,log,protocol_holdout,exploitation,10,60,18.51845100351615
Formation,set2_early_soh,GPR,log,protocol_holdout,exploitation,10,72,18.65403420845069
Formation,set2_early_soh,GPR,log,protocol_holdout,exploitation,10,84,18.4201594603429
Formation,set2_early_soh,GPR,log,protocol_holdout,exploitation,10,96,18.77521310800905
Formation,set2_early_soh,GPR,log,protocol_holdout,exploitation,10,108,18.974777349349186
Formation,set2_early_soh,GPR,log,protocol_holdout,exploitation,10,120,19.92221675765285
Formation,set2_early_soh,GPR,log,protocol_holdout,exploitation,10,132,17.030052694854994
Formation,set2_early_soh,GPR,log,protocol_holdout,exploitation,10,144,16.74492079218725
Formation,set2_early_soh,GPR,log,protocol_holdout,exploitation,10,146,16.608501214533362
Formation,set2_early_soh,GPR,log,protocol_holdout,hybrid,1,12,17.1929835851145
Formation,set2_early_soh,GPR,log,protocol_holdout,hybrid,1,24,18.481072101016967
Formation,set2_early_soh,GPR,log,protocol_holdout,hybrid,1,36,19.589263347801616
Formation,set2_early_soh,GPR,log,protocol_holdout,hybrid,1,48,19.10591327099017
Formation,set2_early_soh,GPR,log,protocol_holdout,hybrid,1,60,18.06026925084911
Formation,set2_early_soh,GPR,log,protocol_holdout,hybrid,1,72,18.061304212179465
Formation,set2_early_soh,GPR,log,protocol_holdout,hybrid,1,84,18.329276891082795
Formation,set2_early_soh,GPR,log,protocol_holdout,hybrid,1,96,18.277222657410867
Formation,set2_early_soh,GPR,log,protocol_holdout,hybrid,1,108,15.554391817278216
Formation,set2_early_soh,GPR,log,protocol_holdout,hybrid,1,120,17.46029980495281
Formation,set2_early_soh,GPR,log,protocol_holdout,hybrid,1,132,16.964822001552957
Formation,set2_early_soh,GPR,log,protocol_holdout,hybrid,1,144,17.195844931361435
Formation,set2_early_soh,GPR,log,protocol_holdout,hybrid,1,146,14.991334606108929
Formation,set2_early_soh,GPR,log,protocol_holdout,hybrid,2,12,36.00047156245132
Formation,set2_early_soh,GPR,log,protocol_holdout,hybrid,2,24,32.72665567227163
Formation,set2_early_soh,GPR,log,protocol_holdout,hybrid,2,36,25.511873264698217
Formation,set2_early_soh,GPR,log,protocol_holdout,hybrid,2,48,24.184516210204603
Formation,set2_early_soh,GPR,log,protocol_holdout,hybrid,2,60,22.590999334692448
Formation,set2_early_soh,GPR,log,protocol_holdout,hybrid,2,72,22.2331326118578
Formation,set2_early_soh,GPR,log,protocol_holdout,hybrid,2,84,23.330723297326067
Formation,set2_early_soh,GPR,log,protocol_holdout,hybrid,2,96,23.72854945606153
Formation,set2_early_soh,GPR,log,protocol_holdout,hybrid,2,108,24.51274671353022
Formation,set2_early_soh,GPR,log,protocol_holdout,hybrid,2,120,24.74477078731978
Formation,set2_early_soh,GPR,log,protocol_holdout,hybrid,2,132,24.29148261964996
Formation,set2_early_soh,GPR,log,protocol_holdout,hybrid,2,144,24.30895152507879
Formation,set2_early_soh,GPR,log,protocol_holdout,hybrid,2,146,24.452559580333126
Formation,set2_early_soh,GPR,log,protocol_holdout,hybrid,3,12,15.351134861189813
Formation,set2_early_soh,GPR,log,protocol_holdout,hybrid,3,24,13.08936301144675
Formation,set2_early_soh,GPR,log,protocol_holdout,hybrid,3,36,13.751752137883711
Formation,set2_early_soh,GPR,log,protocol_holdout,hybrid,3,48,16.600403005334726
Formation,set2_early_soh,GPR,log,protocol_holdout,hybrid,3,60,15.99782540444612
Formation,set2_early_soh,GPR,log,protocol_holdout,hybrid,3,72,13.942153202494934
Formation,set2_early_soh,GPR,log,protocol_holdout,hybrid,3,84,16.027620850458067
Formation,set2_early_soh,GPR,log,protocol_holdout,hybrid,3,96,14.315483180709224
Formation,set2_early_soh,GPR,log,protocol_holdout,hybrid,3,108,12.132434317669455
Formation,set2_early_soh,GPR,log,protocol_holdout,hybrid,3,120,16.61405214844774
Formation,set2_early_soh,GPR,log,protocol_holdout,hybrid,3,132,15.315657698865262
Formation,set2_early_soh,GPR,log,protocol_holdout,hybrid,3,144,12.68385792455852
Formation,set2_early_soh,GPR,log,protocol_holdout,hybrid,3,146,12.588375731676429
Formation,set2_early_soh,GPR,log,protocol_holdout,hybrid,4,12,24.218861608157223
Formation,set2_early_soh,GPR,log,protocol_holdout,hybrid,4,24,20.462245393410928
Formation,set2_early_soh,GPR,log,protocol_holdout,hybrid,4,36,19.907996712687257
Formation,set2_early_soh,GPR,log,protocol_holdout,hybrid,4,48,21.10826331005781
Formation,set2_early_soh,GPR,log,protocol_holdout,hybrid,4,60,20.08145084604346
Formation,set2_early_soh,GPR,log,protocol_holdout,hybrid,4,72,20.171705087781213
Formation,set2_early_soh,GPR,log,protocol_holdout,hybrid,4,84,19.39037718524652
Formation,set2_early_soh,GPR,log,protocol_holdout,hybrid,4,96,19.41931257418092
Formation,set2_early_soh,GPR,log,protocol_holdout,hybrid,4,108,19.976952867264355
Formation,set2_early_soh,GPR,log,protocol_holdout,hybrid,4,120,19.79685207289261
Formation,set2_early_soh,GPR,log,protocol_holdout,hybrid,4,132,20.077226052746333
Formation,set2_early_soh,GPR,log,protocol_holdout,hybrid,4,144,20.79205561965569
Formation,set2_early_soh,GPR,log,protocol_holdout,hybrid,4,146,20.648821402078774
Formation,set2_early_soh,GPR,log,protocol_holdout,hybrid,5,12,17.365116277698707
Formation,set2_early_soh,GPR,log,protocol_holdout,hybrid,5,24,17.91573609672273
Formation,set2_early_soh,GPR,log,protocol_holdout,hybrid,5,36,15.81687600403072
Formation,set2_early_soh,GPR,log,protocol_holdout,hybrid,5,48,15.277411563350702
Formation,set2_early_soh,GPR,log,protocol_holdout,hybrid,5,60,17.433062135909214
Formation,set2_early_soh,GPR,log,protocol_holdout,hybrid,5,72,16.5760257194862
Formation,set2_early_soh,GPR,log,protocol_holdout,hybrid,5,84,17.712729277942383
Formation,set2_early_soh,GPR,log,protocol_holdout,hybrid,5,96,17.189247567546136
Formation,set2_early_soh,GPR,log,protocol_holdout,hybrid,5,108,17.032913262060664
Formation,set2_early_soh,GPR,log,protocol_holdout,hybrid,5,120,13.49257227717096
Formation,set2_early_soh,GPR,log,protocol_holdout,hybrid,5,132,13.404994360307128
Formation,set2_early_soh,GPR,log,protocol_holdout,hybrid,5,144,13.038536066445449
Formation,set2_early_soh,GPR,log,protocol_holdout,hybrid,5,146,13.005408445470051
Formation,set2_early_soh,GPR,log,protocol_holdout,hybrid,6,12,19.2163946655631
Formation,set2_early_soh,GPR,log,protocol_holdout,hybrid,6,24,18.420696879244588
Formation,set2_early_soh,GPR,log,protocol_holdout,hybrid,6,36,19.7901519561089
Formation,set2_early_soh,GPR,log,protocol_holdout,hybrid,6,48,15.734600541336722
Formation,set2_early_soh,GPR,log,protocol_holdout,hybrid,6,60,17.9051946484215
Formation,set2_early_soh,GPR,log,protocol_holdout,hybrid,6,72,17.545906197390266
Formation,set2_early_soh,GPR,log,protocol_holdout,hybrid,6,84,19.48443578415957
Formation,set2_early_soh,GPR,log,protocol_holdout,hybrid,6,96,19.22013161107468
Formation,set2_early_soh,GPR,log,protocol_holdout,hybrid,6,108,18.72686205896055
Formation,set2_early_soh,GPR,log,protocol_holdout,hybrid,6,120,19.4491086564258
Formation,set2_early_soh,GPR,log,protocol_holdout,hybrid,6,132,18.74368676650217
Formation,set2_early_soh,GPR,log,protocol_holdout,hybrid,6,144,18.659509486132567
Formation,set2_early_soh,GPR,log,protocol_holdout,hybrid,6,146,18.48602131388047
Formation,set2_early_soh,GPR,log,protocol_holdout,hybrid,7,12,20.88715689880811
Formation,set2_early_soh,GPR,log,protocol_holdout,hybrid,7,24,19.169914807042147
Formation,set2_early_soh,GPR,log,protocol_holdout,hybrid,7,36,18.184994012834444
Formation,set2_early_soh,GPR,log,protocol_holdout,hybrid,7,48,16.096804599204777
Formation,set2_early_soh,GPR,log,protocol_holdout,hybrid,7,60,15.749413246556587
Formation,set2_early_soh,GPR,log,protocol_holdout,hybrid,7,72,16.234987569781957
Formation,set2_early_soh,GPR,log,protocol_holdout,hybrid,7,84,20.016023582511373
Formation,set2_early_soh,GPR,log,protocol_holdout,hybrid,7,96,16.856003930161442
Formation,set2_early_soh,GPR,log,protocol_holdout,hybrid,7,108,19.41143379514181
Formation,set2_early_soh,GPR,log,protocol_holdout,hybrid,7,120,20.933506287404263
Formation,set2_early_soh,GPR,log,protocol_holdout,hybrid,7,132,20.73817853994448
Formation,set2_early_soh,GPR,log,protocol_holdout,hybrid,7,144,20.693387567975897
Formation,set2_early_soh,GPR,log,protocol_holdout,hybrid,7,146,20.65011870411216
Formation,set2_early_soh,GPR,log,protocol_holdout,hybrid,8,12,18.643416086915604
Formation,set2_early_soh,GPR,log,protocol_holdout,hybrid,8,24,18.681217970295595
Formation,set2_early_soh,GPR,log,protocol_holdout,hybrid,8,36,18.89082374740116
Formation,set2_early_soh,GPR,log,protocol_holdout,hybrid,8,48,18.73851848204584
Formation,set2_early_soh,GPR,log,protocol_holdout,hybrid,8,60,18.14981060855904
Formation,set2_early_soh,GPR,log,protocol_holdout,hybrid,8,72,18.09685986268008
Formation,set2_early_soh,GPR,log,protocol_holdout,hybrid,8,84,17.9633092698579
Formation,set2_early_soh,GPR,log,protocol_holdout,hybrid,8,96,17.56078058568057
Formation,set2_early_soh,GPR,log,protocol_holdout,hybrid,8,108,17.39895797104502
Formation,set2_early_soh,GPR,log,protocol_holdout,hybrid,8,120,17.13223215423319
Formation,set2_early_soh,GPR,log,protocol_holdout,hybrid,8,132,17.296556227095746
Formation,set2_early_soh,GPR,log,protocol_holdout,hybrid,8,144,16.921619451760574
Formation,set2_early_soh,GPR,log,protocol_holdout,hybrid,8,146,16.976075129730937
Formation,set2_early_soh,GPR,log,protocol_holdout,hybrid,9,12,20.44059567765069
Formation,set2_early_soh,GPR,log,protocol_holdout,hybrid,9,24,21.32228031166867
Formation,set2_early_soh,GPR,log,protocol_holdout,hybrid,9,36,22.099499700416693
Formation,set2_early_soh,GPR,log,protocol_holdout,hybrid,9,48,21.223376236243265
Formation,set2_early_soh,GPR,log,protocol_holdout,hybrid,9,60,20.25269029228133
Formation,set2_early_soh,GPR,log,protocol_holdout,hybrid,9,72,20.814940648933867
Formation,set2_early_soh,GPR,log,protocol_holdout,hybrid,9,84,20.92779192432744
Formation,set2_early_soh,GPR,log,protocol_holdout,hybrid,9,96,20.11724365018448
Formation,set2_early_soh,GPR,log,protocol_holdout,hybrid,9,108,19.29491897907485
Formation,set2_early_soh,GPR,log,protocol_holdout,hybrid,9,120,19.059614280177115
Formation,set2_early_soh,GPR,log,protocol_holdout,hybrid,9,132,18.92186834863333
Formation,set2_early_soh,GPR,log,protocol_holdout,hybrid,9,144,19.20237068211075
Formation,set2_early_soh,GPR,log,protocol_holdout,hybrid,9,146,19.3840790668398
Formation,set2_early_soh,GPR,log,protocol_holdout,hybrid,10,12,16.84004484390808
Formation,set2_early_soh,GPR,log,protocol_holdout,hybrid,10,24,15.42455674469
Formation,set2_early_soh,GPR,log,protocol_holdout,hybrid,10,36,15.504783759353463
Formation,set2_early_soh,GPR,log,protocol_holdout,hybrid,10,48,17.367309353746386
Formation,set2_early_soh,GPR,log,protocol_holdout,hybrid,10,60,21.151423389739342
Formation,set2_early_soh,GPR,log,protocol_holdout,hybrid,10,72,20.77546515445724
Formation,set2_early_soh,GPR,log,protocol_holdout,hybrid,10,84,19.730182174957548
Formation,set2_early_soh,GPR,log,protocol_holdout,hybrid,10,96,20.962200798489093
Formation,set2_early_soh,GPR,log,protocol_holdout,hybrid,10,108,19.970416840932355
Formation,set2_early_soh,GPR,log,protocol_holdout,hybrid,10,120,20.75265108236741
Formation,set2_early_soh,GPR,log,protocol_holdout,hybrid,10,132,21.101315769438635
Formation,set2_early_soh,GPR,log,protocol_holdout,hybrid,10,144,20.56060262158985
Formation,set2_early_soh,GPR,log,protocol_holdout,hybrid,10,146,16.608501214533362
TRI_Tesla,set2_early_soh,GPR,log,protocol_holdout,random_selection,1,8,47.41646216827644
TRI_Tesla,set2_early_soh,GPR,log,protocol_holdout,random_selection,1,16,24.03543821327426
TRI_Tesla,set2_early_soh,GPR,log,protocol_holdout,random_selection,1,24,28.32272843410324
TRI_Tesla,set2_early_soh,GPR,log,protocol_holdout,random_selection,1,32,24.71800693794464
TRI_Tesla,set2_early_soh,GPR,log,protocol_holdout,random_selection,1,40,29.99369814442281
TRI_Tesla,set2_early_soh,GPR,log,protocol_holdout,random_selection,1,48,23.038037863019404
TRI_Tesla,set2_early_soh,GPR,log,protocol_holdout,random_selection,1,56,20.45187807176116
TRI_Tesla,set2_early_soh,GPR,log,protocol_holdout,random_selection,1,64,22.41496709045776
TRI_Tesla,set2_early_soh,GPR,log,protocol_holdout,random_selection,1,72,22.83643304970986
TRI_Tesla,set2_early_soh,GPR,log,protocol_holdout,random_selection,1,80,24.267532693161755
TRI_Tesla,set2_early_soh,GPR,log,protocol_holdout,random_selection,1,88,22.07149927336903
TRI_Tesla,set2_early_soh,GPR,log,protocol_holdout,random_selection,1,96,19.78229219174685
TRI_Tesla,set2_early_soh,GPR,log,protocol_holdout,random_selection,1,104,20.35323095343916
TRI_Tesla,set2_early_soh,GPR,log,protocol_holdout,random_selection,1,107,20.093300672831184
TRI_Tesla,set2_early_soh,GPR,log,protocol_holdout,random_selection,2,8,44.35356726903724
TRI_Tesla,set2_early_soh,GPR,log,protocol_holdout,random_selection,2,16,26.8299992791471
TRI_Tesla,set2_early_soh,GPR,log,protocol_holdout,random_selection,2,24,25.85834548096786
TRI_Tesla,set2_early_soh,GPR,log,protocol_holdout,random_selection,2,32,23.525908134162822
TRI_Tesla,set2_early_soh,GPR,log,protocol_holdout,random_selection,2,40,22.456827280679555
TRI_Tesla,set2_early_soh,GPR,log,protocol_holdout,random_selection,2,48,18.22059418850052
TRI_Tesla,set2_early_soh,GPR,log,protocol_holdout,random_selection,2,56,20.06242422303091
TRI_Tesla,set2_early_soh,GPR,log,protocol_holdout,random_selection,2,64,17.855529913833053
TRI_Tesla,set2_early_soh,GPR,log,protocol_holdout,random_selection,2,72,17.645157395690276
TRI_Tesla,set2_early_soh,GPR,log,protocol_holdout,random_selection,2,80,16.538171212854426
TRI_Tesla,set2_early_soh,GPR,log,protocol_holdout,random_selection,2,88,18.22609725740621
TRI_Tesla,set2_early_soh,GPR,log,protocol_holdout,random_selection,2,96,17.88361723967341
TRI_Tesla,set2_early_soh,GPR,log,protocol_holdout,random_selection,2,104,17.744006846620003
TRI_Tesla,set2_early_soh,GPR,log,protocol_holdout,random_selection,2,107,18.44504330957335
TRI_Tesla,set2_early_soh,GPR,log,protocol_holdout,random_selection,3,8,59.17706667289031
TRI_Tesla,set2_early_soh,GPR,log,protocol_holdout,random_selection,3,16,47.58818683790444
TRI_Tesla,set2_early_soh,GPR,log,protocol_holdout,random_selection,3,24,50.35683499817232
TRI_Tesla,set2_early_soh,GPR,log,protocol_holdout,random_selection,3,32,50.83852294641888
TRI_Tesla,set2_early_soh,GPR,log,protocol_holdout,random_selection,3,40,40.10229031262952
TRI_Tesla,set2_early_soh,GPR,log,protocol_holdout,random_selection,3,48,32.81166124221336
TRI_Tesla,set2_early_soh,GPR,log,protocol_holdout,random_selection,3,56,31.89586846543566
TRI_Tesla,set2_early_soh,GPR,log,protocol_holdout,random_selection,3,64,29.42549283256955
TRI_Tesla,set2_early_soh,GPR,log,protocol_holdout,random_selection,3,72,25.06526730215071
TRI_Tesla,set2_early_soh,GPR,log,protocol_holdout,random_selection,3,80,24.55679668075893
TRI_Tesla,set2_early_soh,GPR,log,protocol_holdout,random_selection,3,88,23.8706642755079
TRI_Tesla,set2_early_soh,GPR,log,protocol_holdout,random_selection,3,96,24.38289781622861
TRI_Tesla,set2_early_soh,GPR,log,protocol_holdout,random_selection,3,104,21.083687535465863
TRI_Tesla,set2_early_soh,GPR,log,protocol_holdout,random_selection,3,107,21.114127474784507
TRI_Tesla,set2_early_soh,GPR,log,protocol_holdout,random_selection,4,8,91.41693702221966
TRI_Tesla,set2_early_soh,GPR,log,protocol_holdout,random_selection,4,16,79.18589348021305
TRI_Tesla,set2_early_soh,GPR,log,protocol_holdout,random_selection,4,24,52.52979425203406
TRI_Tesla,set2_early_soh,GPR,log,protocol_holdout,random_selection,4,32,25.350627731285268
TRI_Tesla,set2_early_soh,GPR,log,protocol_holdout,random_selection,4,40,33.350916362005016
TRI_Tesla,set2_early_soh,GPR,log,protocol_holdout,random_selection,4,48,28.0109382336947
TRI_Tesla,set2_early_soh,GPR,log,protocol_holdout,random_selection,4,56,26.69484433147265
TRI_Tesla,set2_early_soh,GPR,log,protocol_holdout,random_selection,4,64,32.16897844748693
TRI_Tesla,set2_early_soh,GPR,log,protocol_holdout,random_selection,4,72,29.037632034007693
TRI_Tesla,set2_early_soh,GPR,log,protocol_holdout,random_selection,4,80,30.310881953865827
TRI_Tesla,set2_early_soh,GPR,log,protocol_holdout,random_selection,4,88,32.40908356882056
TRI_Tesla,set2_early_soh,GPR,log,protocol_holdout,random_selection,4,96,32.4264565700716
TRI_Tesla,set2_early_soh,GPR,log,protocol_holdout,random_selection,4,104,35.189681390919354
TRI_Tesla,set2_early_soh,GPR,log,protocol_holdout,random_selection,4,107,33.388076244773714
TRI_Tesla,set2_early_soh,GPR,log,protocol_holdout,random_selection,5,8,76.51759598372557
TRI_Tesla,set2_early_soh,GPR,log,protocol_holdout,random_selection,5,16,26.85141979381897
TRI_Tesla,set2_early_soh,GPR,log,protocol_holdout,random_selection,5,24,18.81917692154225
TRI_Tesla,set2_early_soh,GPR,log,protocol_holdout,random_selection,5,32,20.299978313766832
TRI_Tesla,set2_early_soh,GPR,log,protocol_holdout,random_selection,5,40,18.883821595235567
TRI_Tesla,set2_early_soh,GPR,log,protocol_holdout,random_selection,5,48,16.736859458456628
TRI_Tesla,set2_early_soh,GPR,log,protocol_holdout,random_selection,5,56,16.548962610128374
TRI_Tesla,set2_early_soh,GPR,log,protocol_holdout,random_selection,5,64,18.152747548984514
TRI_Tesla,set2_early_soh,GPR,log,protocol_holdout,random_selection,5,72,15.227513879877067
TRI_Tesla,set2_early_soh,GPR,log,protocol_holdout,random_selection,5,80,17.308362644109447
TRI_Tesla,set2_early_soh,GPR,log,protocol_holdout,random_selection,5,88,19.08544482273833
TRI_Tesla,set2_early_soh,GPR,log,protocol_holdout,random_selection,5,96,18.38948601981912
TRI_Tesla,set2_early_soh,GPR,log,protocol_holdout,random_selection,5,104,16.87526449152404
TRI_Tesla,set2_early_soh,GPR,log,protocol_holdout,random_selection,5,107,16.93994414946083
TRI_Tesla,set2_early_soh,GPR,log,protocol_holdout,random_selection,6,8,32.86559628884287
TRI_Tesla,set2_early_soh,GPR,log,protocol_holdout,random_selection,6,16,29.37175388644997
TRI_Tesla,set2_early_soh,GPR,log,protocol_holdout,random_selection,6,24,22.031039052818667
TRI_Tesla,set2_early_soh,GPR,log,protocol_holdout,random_selection,6,32,26.567183961725032
TRI_Tesla,set2_early_soh,GPR,log,protocol_holdout,random_selection,6,40,24.628329714511768
TRI_Tesla,set2_early_soh,GPR,log,protocol_holdout,random_selection,6,48,22.56170415641439
TRI_Tesla,set2_early_soh,GPR,log,protocol_holdout,random_selection,6,56,21.33826134826644
TRI_Tesla,set2_early_soh,GPR,log,protocol_holdout,random_selection,6,64,21.6832732756326
TRI_Tesla,set2_early_soh,GPR,log,protocol_holdout,random_selection,6,72,20.75196342671896
TRI_Tesla,set2_early_soh,GPR,log,protocol_holdout,random_selection,6,80,16.958936086682158
TRI_Tesla,set2_early_soh,GPR,log,protocol_holdout,random_selection,6,88,15.202792206592502
TRI_Tesla,set2_early_soh,GPR,log,protocol_holdout,random_selection,6,96,21.413202339964087
TRI_Tesla,set2_early_soh,GPR,log,protocol_holdout,random_selection,6,104,22.03907829025392
TRI_Tesla,set2_early_soh,GPR,log,protocol_holdout,random_selection,6,107,21.22989351489512
TRI_Tesla,set2_early_soh,GPR,log,protocol_holdout,random_selection,7,8,41.21889156442263
TRI_Tesla,set2_early_soh,GPR,log,protocol_holdout,random_selection,7,16,50.39071226297423
TRI_Tesla,set2_early_soh,GPR,log,protocol_holdout,random_selection,7,24,46.42618895497723
TRI_Tesla,set2_early_soh,GPR,log,protocol_holdout,random_selection,7,32,41.40023891495095
TRI_Tesla,set2_early_soh,GPR,log,protocol_holdout,random_selection,7,40,40.40728919924753
TRI_Tesla,set2_early_soh,GPR,log,protocol_holdout,random_selection,7,48,41.42116124025684
TRI_Tesla,set2_early_soh,GPR,log,protocol_holdout,random_selection,7,56,38.489028752138445
TRI_Tesla,set2_early_soh,GPR,log,protocol_holdout,random_selection,7,64,37.52568037100493
TRI_Tesla,set2_early_soh,GPR,log,protocol_holdout,random_selection,7,72,34.94590373218684
TRI_Tesla,set2_early_soh,GPR,log,protocol_holdout,random_selection,7,80,33.89287031070356
TRI_Tesla,set2_early_soh,GPR,log,protocol_holdout,random_selection,7,88,32.244375071976954
TRI_Tesla,set2_early_soh,GPR,log,protocol_holdout,random_selection,7,96,30.98094938058803
TRI_Tesla,set2_early_soh,GPR,log,protocol_holdout,random_selection,7,104,28.99989209691915
TRI_Tesla,set2_early_soh,GPR,log,protocol_holdout,random_selection,7,107,28.40181312820288
TRI_Tesla,set2_early_soh,GPR,log,protocol_holdout,random_selection,8,8,88.15315634559752
TRI_Tesla,set2_early_soh,GPR,log,protocol_holdout,random_selection,8,16,50.63379698563752
TRI_Tesla,set2_early_soh,GPR,log,protocol_holdout,random_selection,8,24,41.21543553376561
TRI_Tesla,set2_early_soh,GPR,log,protocol_holdout,random_selection,8,32,54.156007372321305
TRI_Tesla,set2_early_soh,GPR,log,protocol_holdout,random_selection,8,40,30.34586079212592
TRI_Tesla,set2_early_soh,GPR,log,protocol_holdout,random_selection,8,48,39.68171184120416
TRI_Tesla,set2_early_soh,GPR,log,protocol_holdout,random_selection,8,56,36.41842530937743
TRI_Tesla,set2_early_soh,GPR,log,protocol_holdout,random_selection,8,64,37.18550923727707
TRI_Tesla,set2_early_soh,GPR,log,protocol_holdout,random_selection,8,72,35.56461222533067
TRI_Tesla,set2_early_soh,GPR,log,protocol_holdout,random_selection,8,80,34.261840595389145
TRI_Tesla,set2_early_soh,GPR,log,protocol_holdout,random_selection,8,88,27.080161902231808
TRI_Tesla,set2_early_soh,GPR,log,protocol_holdout,random_selection,8,96,27.999433567209906
TRI_Tesla,set2_early_soh,GPR,log,protocol_holdout,random_selection,8,104,26.350721125830272
TRI_Tesla,set2_early_soh,GPR,log,protocol_holdout,random_selection,8,107,26.08581782842847
TRI_Tesla,set2_early_soh,GPR,log,protocol_holdout,random_selection,9,8,36.167131807141125
TRI_Tesla,set2_early_soh,GPR,log,protocol_holdout,random_selection,9,16,92.90523046464205
TRI_Tesla,set2_early_soh,GPR,log,protocol_holdout,random_selection,9,24,64.1972585701233
TRI_Tesla,set2_early_soh,GPR,log,protocol_holdout,random_selection,9,32,45.28811143680551
TRI_Tesla,set2_early_soh,GPR,log,protocol_holdout,random_selection,9,40,45.603601076318405
TRI_Tesla,set2_early_soh,GPR,log,protocol_holdout,random_selection,9,48,39.85650002249766
TRI_Tesla,set2_early_soh,GPR,log,protocol_holdout,random_selection,9,56,34.5309201732125
TRI_Tesla,set2_early_soh,GPR,log,protocol_holdout,random_selection,9,64,30.333323907157872
TRI_Tesla,set2_early_soh,GPR,log,protocol_holdout,random_selection,9,72,26.931141103673173
TRI_Tesla,set2_early_soh,GPR,log,protocol_holdout,random_selection,9,80,25.846680307253315
TRI_Tesla,set2_early_soh,GPR,log,protocol_holdout,random_selection,9,88,26.83502167709236
TRI_Tesla,set2_early_soh,GPR,log,protocol_holdout,random_selection,9,96,27.28441147817917
TRI_Tesla,set2_early_soh,GPR,log,protocol_holdout,random_selection,9,104,28.061061463576653
TRI_Tesla,set2_early_soh,GPR,log,protocol_holdout,random_selection,9,107,28.086055075002324
TRI_Tesla,set2_early_soh,GPR,log,protocol_holdout,random_selection,10,8,36.77573595054727
TRI_Tesla,set2_early_soh,GPR,log,protocol_holdout,random_selection,10,16,29.54713063053948
TRI_Tesla,set2_early_soh,GPR,log,protocol_holdout,random_selection,10,24,22.7765874888514
TRI_Tesla,set2_early_soh,GPR,log,protocol_holdout,random_selection,10,32,74.39496798460277
TRI_Tesla,set2_early_soh,GPR,log,protocol_holdout,random_selection,10,40,72.18058024999836
TRI_Tesla,set2_early_soh,GPR,log,protocol_holdout,random_selection,10,48,45.740036211506336
TRI_Tesla,set2_early_soh,GPR,log,protocol_holdout,random_selection,10,56,26.431270688108512
TRI_Tesla,set2_early_soh,GPR,log,protocol_holdout,random_selection,10,64,24.24006636204964
TRI_Tesla,set2_early_soh,GPR,log,protocol_holdout,random_selection,10,72,26.12352076109225
TRI_Tesla,set2_early_soh,GPR,log,protocol_holdout,random_selection,10,80,25.31841130868122
TRI_Tesla,set2_early_soh,GPR,log,protocol_holdout,random_selection,10,88,26.920403690916388
TRI_Tesla,set2_early_soh,GPR,log,protocol_holdout,random_selection,10,96,26.92071817124493
TRI_Tesla,set2_early_soh,GPR,log,protocol_holdout,random_selection,10,104,23.91466237593568
TRI_Tesla,set2_early_soh,GPR,log,protocol_holdout,random_selection,10,107,24.778143827891693
TRI_Tesla,set2_early_soh,GPR,log,protocol_holdout,diversity_oneshot,1,8,28.628059509866027
TRI_Tesla,set2_early_soh,GPR,log,protocol_holdout,diversity_oneshot,1,16,34.25906775589957
TRI_Tesla,set2_early_soh,GPR,log,protocol_holdout,diversity_oneshot,1,24,29.72424691759256
TRI_Tesla,set2_early_soh,GPR,log,protocol_holdout,diversity_oneshot,1,32,31.25183479054405
TRI_Tesla,set2_early_soh,GPR,log,protocol_holdout,diversity_oneshot,1,40,29.8585851853378
TRI_Tesla,set2_early_soh,GPR,log,protocol_holdout,diversity_oneshot,1,48,29.65572746334686
TRI_Tesla,set2_early_soh,GPR,log,protocol_holdout,diversity_oneshot,1,56,27.517071823992968
TRI_Tesla,set2_early_soh,GPR,log,protocol_holdout,diversity_oneshot,1,64,24.491156879671525
TRI_Tesla,set2_early_soh,GPR,log,protocol_holdout,diversity_oneshot,1,72,23.582449713339862
TRI_Tesla,set2_early_soh,GPR,log,protocol_holdout,diversity_oneshot,1,80,22.23258419601789
TRI_Tesla,set2_early_soh,GPR,log,protocol_holdout,diversity_oneshot,1,88,21.92773334079217
TRI_Tesla,set2_early_soh,GPR,log,protocol_holdout,diversity_oneshot,1,96,20.27421315601968
TRI_Tesla,set2_early_soh,GPR,log,protocol_holdout,diversity_oneshot,1,104,20.456060937765308
TRI_Tesla,set2_early_soh,GPR,log,protocol_holdout,diversity_oneshot,1,107,20.093300672831184
TRI_Tesla,set2_early_soh,GPR,log,protocol_holdout,diversity_oneshot,2,8,40.0952929646064
TRI_Tesla,set2_early_soh,GPR,log,protocol_holdout,diversity_oneshot,2,16,29.714470358447148
TRI_Tesla,set2_early_soh,GPR,log,protocol_holdout,diversity_oneshot,2,24,25.863219159094104
TRI_Tesla,set2_early_soh,GPR,log,protocol_holdout,diversity_oneshot,2,32,24.01441647606832
TRI_Tesla,set2_early_soh,GPR,log,protocol_holdout,diversity_oneshot,2,40,24.184008663473275
TRI_Tesla,set2_early_soh,GPR,log,protocol_holdout,diversity_oneshot,2,48,23.74662816321252
TRI_Tesla,set2_early_soh,GPR,log,protocol_holdout,diversity_oneshot,2,56,20.3090199090468
TRI_Tesla,set2_early_soh,GPR,log,protocol_holdout,diversity_oneshot,2,64,19.993408127318105
TRI_Tesla,set2_early_soh,GPR,log,protocol_holdout,diversity_oneshot,2,72,18.727938065496243
TRI_Tesla,set2_early_soh,GPR,log,protocol_holdout,diversity_oneshot,2,80,19.050530226224428
TRI_Tesla,set2_early_soh,GPR,log,protocol_holdout,diversity_oneshot,2,88,17.869167170866962
TRI_Tesla,set2_early_soh,GPR,log,protocol_holdout,diversity_oneshot,2,96,18.0667050180004
TRI_Tesla,set2_early_soh,GPR,log,protocol_holdout,diversity_oneshot,2,104,18.645887327756306
TRI_Tesla,set2_early_soh,GPR,log,protocol_holdout,diversity_oneshot,2,107,18.44504330957335
TRI_Tesla,set2_early_soh,GPR,log,protocol_holdout,diversity_oneshot,3,8,61.84851467283931
TRI_Tesla,set2_early_soh,GPR,log,protocol_holdout,diversity_oneshot,3,16,30.40670783028424
TRI_Tesla,set2_early_soh,GPR,log,protocol_holdout,diversity_oneshot,3,24,33.7359497916848
TRI_Tesla,set2_early_soh,GPR,log,protocol_holdout,diversity_oneshot,3,32,39.05148869492452
TRI_Tesla,set2_early_soh,GPR,log,protocol_holdout,diversity_oneshot,3,40,37.485075460205465
TRI_Tesla,set2_early_soh,GPR,log,protocol_holdout,diversity_oneshot,3,48,31.06676886570637
TRI_Tesla,set2_early_soh,GPR,log,protocol_holdout,diversity_oneshot,3,56,30.60000211427381
TRI_Tesla,set2_early_soh,GPR,log,protocol_holdout,diversity_oneshot,3,64,28.930447319851176
TRI_Tesla,set2_early_soh,GPR,log,protocol_holdout,diversity_oneshot,3,72,25.63618449397977
TRI_Tesla,set2_early_soh,GPR,log,protocol_holdout,diversity_oneshot,3,80,25.08217133161535
TRI_Tesla,set2_early_soh,GPR,log,protocol_holdout,diversity_oneshot,3,88,24.14532715556769
TRI_Tesla,set2_early_soh,GPR,log,protocol_holdout,diversity_oneshot,3,96,22.70078414878587
TRI_Tesla,set2_early_soh,GPR,log,protocol_holdout,diversity_oneshot,3,104,21.235411603803275
TRI_Tesla,set2_early_soh,GPR,log,protocol_holdout,diversity_oneshot,3,107,21.114127474784507
TRI_Tesla,set2_early_soh,GPR,log,protocol_holdout,diversity_oneshot,4,8,69.17286800407174
TRI_Tesla,set2_early_soh,GPR,log,protocol_holdout,diversity_oneshot,4,16,54.82484815486971
TRI_Tesla,set2_early_soh,GPR,log,protocol_holdout,diversity_oneshot,4,24,53.279747437122296
TRI_Tesla,set2_early_soh,GPR,log,protocol_holdout,diversity_oneshot,4,32,57.75870269751204
TRI_Tesla,set2_early_soh,GPR,log,protocol_holdout,diversity_oneshot,4,40,53.949709889912455
TRI_Tesla,set2_early_soh,GPR,log,protocol_holdout,diversity_oneshot,4,48,50.85890651592154
TRI_Tesla,set2_early_soh,GPR,log,protocol_holdout,diversity_oneshot,4,56,47.80613330517908
TRI_Tesla,set2_early_soh,GPR,log,protocol_holdout,diversity_oneshot,4,64,40.4542066590519
TRI_Tesla,set2_early_soh,GPR,log,protocol_holdout,diversity_oneshot,4,72,39.06947601947658
TRI_Tesla,set2_early_soh,GPR,log,protocol_holdout,diversity_oneshot,4,80,38.12384673453096
TRI_Tesla,set2_early_soh,GPR,log,protocol_holdout,diversity_oneshot,4,88,36.03230816427333
TRI_Tesla,set2_early_soh,GPR,log,protocol_holdout,diversity_oneshot,4,96,32.48128195210236
TRI_Tesla,set2_early_soh,GPR,log,protocol_holdout,diversity_oneshot,4,104,33.29686907089915
TRI_Tesla,set2_early_soh,GPR,log,protocol_holdout,diversity_oneshot,4,107,33.388076244773714
TRI_Tesla,set2_early_soh,GPR,log,protocol_holdout,diversity_oneshot,5,8,35.27962186049799
TRI_Tesla,set2_early_soh,GPR,log,protocol_holdout,diversity_oneshot,5,16,22.34367455912779
TRI_Tesla,set2_early_soh,GPR,log,protocol_holdout,diversity_oneshot,5,24,19.607021651571834
TRI_Tesla,set2_early_soh,GPR,log,protocol_holdout,diversity_oneshot,5,32,14.290753086215602
TRI_Tesla,set2_early_soh,GPR,log,protocol_holdout,diversity_oneshot,5,40,12.900013855525966
TRI_Tesla,set2_early_soh,GPR,log,protocol_holdout,diversity_oneshot,5,48,16.04124373940449
TRI_Tesla,set2_early_soh,GPR,log,protocol_holdout,diversity_oneshot,5,56,16.371451086203777
TRI_Tesla,set2_early_soh,GPR,log,protocol_holdout,diversity_oneshot,5,64,15.436185960448972
TRI_Tesla,set2_early_soh,GPR,log,protocol_holdout,diversity_oneshot,5,72,16.55073211858882
TRI_Tesla,set2_early_soh,GPR,log,protocol_holdout,diversity_oneshot,5,80,16.221170699858146
TRI_Tesla,set2_early_soh,GPR,log,protocol_holdout,diversity_oneshot,5,88,18.408700925581662
TRI_Tesla,set2_early_soh,GPR,log,protocol_holdout,diversity_oneshot,5,96,17.31052092449086
TRI_Tesla,set2_early_soh,GPR,log,protocol_holdout,diversity_oneshot,5,104,17.509484057206265
TRI_Tesla,set2_early_soh,GPR,log,protocol_holdout,diversity_oneshot,5,107,16.93994414946083
TRI_Tesla,set2_early_soh,GPR,log,protocol_holdout,diversity_oneshot,6,8,25.064369161461787
TRI_Tesla,set2_early_soh,GPR,log,protocol_holdout,diversity_oneshot,6,16,25.39297347315729
TRI_Tesla,set2_early_soh,GPR,log,protocol_holdout,diversity_oneshot,6,24,23.957561811590057
TRI_Tesla,set2_early_soh,GPR,log,protocol_holdout,diversity_oneshot,6,32,28.7711689398548
TRI_Tesla,set2_early_soh,GPR,log,protocol_holdout,diversity_oneshot,6,40,26.686970460327224
TRI_Tesla,set2_early_soh,GPR,log,protocol_holdout,diversity_oneshot,6,48,28.44430272552114
TRI_Tesla,set2_early_soh,GPR,log,protocol_holdout,diversity_oneshot,6,56,22.20183979435755
TRI_Tesla,set2_early_soh,GPR,log,protocol_holdout,diversity_oneshot,6,64,16.275018233023683
TRI_Tesla,set2_early_soh,GPR,log,protocol_holdout,diversity_oneshot,6,72,16.284678332856167
TRI_Tesla,set2_early_soh,GPR,log,protocol_holdout,diversity_oneshot,6,80,16.456172424922816
TRI_Tesla,set2_early_soh,GPR,log,protocol_holdout,diversity_oneshot,6,88,16.529550442751898
TRI_Tesla,set2_early_soh,GPR,log,protocol_holdout,diversity_oneshot,6,96,18.60497110361282
TRI_Tesla,set2_early_soh,GPR,log,protocol_holdout,diversity_oneshot,6,104,20.281682207016587
TRI_Tesla,set2_early_soh,GPR,log,protocol_holdout,diversity_oneshot,6,107,21.22989351489512
TRI_Tesla,set2_early_soh,GPR,log,protocol_holdout,diversity_oneshot,7,8,48.02132876272778
TRI_Tesla,set2_early_soh,GPR,log,protocol_holdout,diversity_oneshot,7,16,34.76649938008917
TRI_Tesla,set2_early_soh,GPR,log,protocol_holdout,diversity_oneshot,7,24,47.08169469790193
TRI_Tesla,set2_early_soh,GPR,log,protocol_holdout,diversity_oneshot,7,32,44.68659461528868
TRI_Tesla,set2_early_soh,GPR,log,protocol_holdout,diversity_oneshot,7,40,40.657961891135166
TRI_Tesla,set2_early_soh,GPR,log,protocol_holdout,diversity_oneshot,7,48,42.41463725014467
TRI_Tesla,set2_early_soh,GPR,log,protocol_holdout,diversity_oneshot,7,56,40.67960968837245
TRI_Tesla,set2_early_soh,GPR,log,protocol_holdout,diversity_oneshot,7,64,40.6277847040791
TRI_Tesla,set2_early_soh,GPR,log,protocol_holdout,diversity_oneshot,7,72,36.11677204520776
TRI_Tesla,set2_early_soh,GPR,log,protocol_holdout,diversity_oneshot,7,80,35.37029897085298
TRI_Tesla,set2_early_soh,GPR,log,protocol_holdout,diversity_oneshot,7,88,32.8428714528859
TRI_Tesla,set2_early_soh,GPR,log,protocol_holdout,diversity_oneshot,7,96,29.913735970068444
TRI_Tesla,set2_early_soh,GPR,log,protocol_holdout,diversity_oneshot,7,104,28.985181157127
TRI_Tesla,set2_early_soh,GPR,log,protocol_holdout,diversity_oneshot,7,107,28.40181312820288
TRI_Tesla,set2_early_soh,GPR,log,protocol_holdout,diversity_oneshot,8,8,43.179062584069165
TRI_Tesla,set2_early_soh,GPR,log,protocol_holdout,diversity_oneshot,8,16,42.63835346901345
TRI_Tesla,set2_early_soh,GPR,log,protocol_holdout,diversity_oneshot,8,24,48.680428453521024
TRI_Tesla,set2_early_soh,GPR,log,protocol_holdout,diversity_oneshot,8,32,38.21004464280044
TRI_Tesla,set2_early_soh,GPR,log,protocol_holdout,diversity_oneshot,8,40,43.17615643189978
TRI_Tesla,set2_early_soh,GPR,log,protocol_holdout,diversity_oneshot,8,48,42.88772149538238
TRI_Tesla,set2_early_soh,GPR,log,protocol_holdout,diversity_oneshot,8,56,37.794626954999735
TRI_Tesla,set2_early_soh,GPR,log,protocol_holdout,diversity_oneshot,8,64,33.839733356249454
TRI_Tesla,set2_early_soh,GPR,log,protocol_holdout,diversity_oneshot,8,72,32.83835304583007
TRI_Tesla,set2_early_soh,GPR,log,protocol_holdout,diversity_oneshot,8,80,29.62659485657592
TRI_Tesla,set2_early_soh,GPR,log,protocol_holdout,diversity_oneshot,8,88,29.386783731178063
TRI_Tesla,set2_early_soh,GPR,log,protocol_holdout,diversity_oneshot,8,96,26.577736589792742
TRI_Tesla,set2_early_soh,GPR,log,protocol_holdout,diversity_oneshot,8,104,26.145933390915232
TRI_Tesla,set2_early_soh,GPR,log,protocol_holdout,diversity_oneshot,8,107,26.08581782842847
TRI_Tesla,set2_early_soh,GPR,log,protocol_holdout,diversity_oneshot,9,8,38.05019588780855
TRI_Tesla,set2_early_soh,GPR,log,protocol_holdout,diversity_oneshot,9,16,30.54234966964095
TRI_Tesla,set2_early_soh,GPR,log,protocol_holdout,diversity_oneshot,9,24,32.13090262296191
TRI_Tesla,set2_early_soh,GPR,log,protocol_holdout,diversity_oneshot,9,32,29.502820280591163
TRI_Tesla,set2_early_soh,GPR,log,protocol_holdout,diversity_oneshot,9,40,30.28222699100716
TRI_Tesla,set2_early_soh,GPR,log,protocol_holdout,diversity_oneshot,9,48,28.96300718048328
TRI_Tesla,set2_early_soh,GPR,log,protocol_holdout,diversity_oneshot,9,56,28.929390816652656
TRI_Tesla,set2_early_soh,GPR,log,protocol_holdout,diversity_oneshot,9,64,27.547329447238344
TRI_Tesla,set2_early_soh,GPR,log,protocol_holdout,diversity_oneshot,9,72,26.91526798132849
TRI_Tesla,set2_early_soh,GPR,log,protocol_holdout,diversity_oneshot,9,80,26.65768756391832
TRI_Tesla,set2_early_soh,GPR,log,protocol_holdout,diversity_oneshot,9,88,26.36131333737641
TRI_Tesla,set2_early_soh,GPR,log,protocol_holdout,diversity_oneshot,9,96,28.68081690744022
TRI_Tesla,set2_early_soh,GPR,log,protocol_holdout,diversity_oneshot,9,104,28.942304903880885
TRI_Tesla,set2_early_soh,GPR,log,protocol_holdout,diversity_oneshot,9,107,28.086055075002324
TRI_Tesla,set2_early_soh,GPR,log,protocol_holdout,diversity_oneshot,10,8,22.9294098753245
TRI_Tesla,set2_early_soh,GPR,log,protocol_holdout,diversity_oneshot,10,16,33.75086102045427
TRI_Tesla,set2_early_soh,GPR,log,protocol_holdout,diversity_oneshot,10,24,28.74918173411536
TRI_Tesla,set2_early_soh,GPR,log,protocol_holdout,diversity_oneshot,10,32,21.127625002779315
TRI_Tesla,set2_early_soh,GPR,log,protocol_holdout,diversity_oneshot,10,40,22.812879974441604
TRI_Tesla,set2_early_soh,GPR,log,protocol_holdout,diversity_oneshot,10,48,17.755211049723666
TRI_Tesla,set2_early_soh,GPR,log,protocol_holdout,diversity_oneshot,10,56,16.58976977727222
TRI_Tesla,set2_early_soh,GPR,log,protocol_holdout,diversity_oneshot,10,64,16.66980520948465
TRI_Tesla,set2_early_soh,GPR,log,protocol_holdout,diversity_oneshot,10,72,16.094823015621973
TRI_Tesla,set2_early_soh,GPR,log,protocol_holdout,diversity_oneshot,10,80,15.400664620646484
TRI_Tesla,set2_early_soh,GPR,log,protocol_holdout,diversity_oneshot,10,88,21.83821707324956
TRI_Tesla,set2_early_soh,GPR,log,protocol_holdout,diversity_oneshot,10,96,23.23223048886004
TRI_Tesla,set2_early_soh,GPR,log,protocol_holdout,diversity_oneshot,10,104,24.49544549062383
TRI_Tesla,set2_early_soh,GPR,log,protocol_holdout,diversity_oneshot,10,107,24.778143827891693
TRI_Tesla,set2_early_soh,GPR,log,protocol_holdout,diversity_iterative,1,8,28.628059509866027
TRI_Tesla,set2_early_soh,GPR,log,protocol_holdout,diversity_iterative,1,16,30.948022793025338
TRI_Tesla,set2_early_soh,GPR,log,protocol_holdout,diversity_iterative,1,24,22.10055577735009
TRI_Tesla,set2_early_soh,GPR,log,protocol_holdout,diversity_iterative,1,32,23.05585472749473
TRI_Tesla,set2_early_soh,GPR,log,protocol_holdout,diversity_iterative,1,40,23.365035711955148
TRI_Tesla,set2_early_soh,GPR,log,protocol_holdout,diversity_iterative,1,48,23.85993682350616
TRI_Tesla,set2_early_soh,GPR,log,protocol_holdout,diversity_iterative,1,56,21.324727885793923
TRI_Tesla,set2_early_soh,GPR,log,protocol_holdout,diversity_iterative,1,64,22.59909364239725
TRI_Tesla,set2_early_soh,GPR,log,protocol_holdout,diversity_iterative,1,72,22.29316648927661
TRI_Tesla,set2_early_soh,GPR,log,protocol_holdout,diversity_iterative,1,80,21.56179341523129
TRI_Tesla,set2_early_soh,GPR,log,protocol_holdout,diversity_iterative,1,88,22.162696264542944
TRI_Tesla,set2_early_soh,GPR,log,protocol_holdout,diversity_iterative,1,96,22.14118987079047
TRI_Tesla,set2_early_soh,GPR,log,protocol_holdout,diversity_iterative,1,104,20.45238271162888
TRI_Tesla,set2_early_soh,GPR,log,protocol_holdout,diversity_iterative,1,107,20.093300672831184
TRI_Tesla,set2_early_soh,GPR,log,protocol_holdout,diversity_iterative,2,8,40.0952929646064
TRI_Tesla,set2_early_soh,GPR,log,protocol_holdout,diversity_iterative,2,16,33.552587411934084
TRI_Tesla,set2_early_soh,GPR,log,protocol_holdout,diversity_iterative,2,24,32.59326735310911
TRI_Tesla,set2_early_soh,GPR,log,protocol_holdout,diversity_iterative,2,32,28.674494489689184
TRI_Tesla,set2_early_soh,GPR,log,protocol_holdout,diversity_iterative,2,40,26.989613141467768
TRI_Tesla,set2_early_soh,GPR,log,protocol_holdout,diversity_iterative,2,48,22.08152129779928
TRI_Tesla,set2_early_soh,GPR,log,protocol_holdout,diversity_iterative,2,56,22.66544946571644
TRI_Tesla,set2_early_soh,GPR,log,protocol_holdout,diversity_iterative,2,64,21.530140242850425
TRI_Tesla,set2_early_soh,GPR,log,protocol_holdout,diversity_iterative,2,72,21.228538591218573
TRI_Tesla,set2_early_soh,GPR,log,protocol_holdout,diversity_iterative,2,80,20.96157951160164
TRI_Tesla,set2_early_soh,GPR,log,protocol_holdout,diversity_iterative,2,88,19.75529665260665
TRI_Tesla,set2_early_soh,GPR,log,protocol_holdout,diversity_iterative,2,96,18.482405694230813
TRI_Tesla,set2_early_soh,GPR,log,protocol_holdout,diversity_iterative,2,104,18.92341940993621
TRI_Tesla,set2_early_soh,GPR,log,protocol_holdout,diversity_iterative,2,107,18.44504330957335
TRI_Tesla,set2_early_soh,GPR,log,protocol_holdout,diversity_iterative,3,8,61.84851467283931
TRI_Tesla,set2_early_soh,GPR,log,protocol_holdout,diversity_iterative,3,16,35.949606759056635
TRI_Tesla,set2_early_soh,GPR,log,protocol_holdout,diversity_iterative,3,24,33.492895603023385
TRI_Tesla,set2_early_soh,GPR,log,protocol_holdout,diversity_iterative,3,32,30.472179694477784
TRI_Tesla,set2_early_soh,GPR,log,protocol_holdout,diversity_iterative,3,40,26.627793622704733
TRI_Tesla,set2_early_soh,GPR,log,protocol_holdout,diversity_iterative,3,48,24.10992553253425
TRI_Tesla,set2_early_soh,GPR,log,protocol_holdout,diversity_iterative,3,56,22.31809238992137
TRI_Tesla,set2_early_soh,GPR,log,protocol_holdout,diversity_iterative,3,64,25.207294654540064
TRI_Tesla,set2_early_soh,GPR,log,protocol_holdout,diversity_iterative,3,72,24.06132583529258
TRI_Tesla,set2_early_soh,GPR,log,protocol_holdout,diversity_iterative,3,80,23.802248036008745
TRI_Tesla,set2_early_soh,GPR,log,protocol_holdout,diversity_iterative,3,88,24.579636984929508
TRI_Tesla,set2_early_soh,GPR,log,protocol_holdout,diversity_iterative,3,96,23.25810778227996
TRI_Tesla,set2_early_soh,GPR,log,protocol_holdout,diversity_iterative,3,104,21.676101689933937
TRI_Tesla,set2_early_soh,GPR,log,protocol_holdout,diversity_iterative,3,107,21.114127474784507
TRI_Tesla,set2_early_soh,GPR,log,protocol_holdout,diversity_iterative,4,8,69.17286800407174
TRI_Tesla,set2_early_soh,GPR,log,protocol_holdout,diversity_iterative,4,16,64.65997899989136
TRI_Tesla,set2_early_soh,GPR,log,protocol_holdout,diversity_iterative,4,24,62.21454347778502
TRI_Tesla,set2_early_soh,GPR,log,protocol_holdout,diversity_iterative,4,32,53.30582931153379
TRI_Tesla,set2_early_soh,GPR,log,protocol_holdout,diversity_iterative,4,40,47.61676184002192
TRI_Tesla,set2_early_soh,GPR,log,protocol_holdout,diversity_iterative,4,48,41.808662555154726
TRI_Tesla,set2_early_soh,GPR,log,protocol_holdout,diversity_iterative,4,56,37.914702237282285
TRI_Tesla,set2_early_soh,GPR,log,protocol_holdout,diversity_iterative,4,64,38.87883032281675
TRI_Tesla,set2_early_soh,GPR,log,protocol_holdout,diversity_iterative,4,72,38.72133093584199
TRI_Tesla,set2_early_soh,GPR,log,protocol_holdout,diversity_iterative,4,80,40.94467411477524
TRI_Tesla,set2_early_soh,GPR,log,protocol_holdout,diversity_iterative,4,88,41.35639741949877
TRI_Tesla,set2_early_soh,GPR,log,protocol_holdout,diversity_iterative,4,96,32.27311956273398
TRI_Tesla,set2_early_soh,GPR,log,protocol_holdout,diversity_iterative,4,104,32.529776000473234
TRI_Tesla,set2_early_soh,GPR,log,protocol_holdout,diversity_iterative,4,107,33.388076244773714
TRI_Tesla,set2_early_soh,GPR,log,protocol_holdout,diversity_iterative,5,8,35.27962186049799
TRI_Tesla,set2_early_soh,GPR,log,protocol_holdout,diversity_iterative,5,16,32.54386336511917
TRI_Tesla,set2_early_soh,GPR,log,protocol_holdout,diversity_iterative,5,24,24.357486853782845
TRI_Tesla,set2_early_soh,GPR,log,protocol_holdout,diversity_iterative,5,32,21.740690232060725
TRI_Tesla,set2_early_soh,GPR,log,protocol_holdout,diversity_iterative,5,40,16.825527323193846
TRI_Tesla,set2_early_soh,GPR,log,protocol_holdout,diversity_iterative,5,48,15.950915767779556
TRI_Tesla,set2_early_soh,GPR,log,protocol_holdout,diversity_iterative,5,56,15.34751442952565
TRI_Tesla,set2_early_soh,GPR,log,protocol_holdout,diversity_iterative,5,64,17.716340582170353
TRI_Tesla,set2_early_soh,GPR,log,protocol_holdout,diversity_iterative,5,72,16.44632666414459
TRI_Tesla,set2_early_soh,GPR,log,protocol_holdout,diversity_iterative,5,80,14.835220532637711
TRI_Tesla,set2_early_soh,GPR,log,protocol_holdout,diversity_iterative,5,88,14.435131578956309
TRI_Tesla,set2_early_soh,GPR,log,protocol_holdout,diversity_iterative,5,96,14.662301578162255
TRI_Tesla,set2_early_soh,GPR,log,protocol_holdout,diversity_iterative,5,104,17.329515705857514
TRI_Tesla,set2_early_soh,GPR,log,protocol_holdout,diversity_iterative,5,107,16.93994414946083
TRI_Tesla,set2_early_soh,GPR,log,protocol_holdout,diversity_iterative,6,8,25.064369161461787
TRI_Tesla,set2_early_soh,GPR,log,protocol_holdout,diversity_iterative,6,16,26.891753466666568
TRI_Tesla,set2_early_soh,GPR,log,protocol_holdout,diversity_iterative,6,24,27.9944707374692
TRI_Tesla,set2_early_soh,GPR,log,protocol_holdout,diversity_iterative,6,32,19.24562312722562
TRI_Tesla,set2_early_soh,GPR,log,protocol_holdout,diversity_iterative,6,40,20.10690602602238
TRI_Tesla,set2_early_soh,GPR,log,protocol_holdout,diversity_iterative,6,48,20.58784862837944
TRI_Tesla,set2_early_soh,GPR,log,protocol_holdout,diversity_iterative,6,56,19.70824946748517
TRI_Tesla,set2_early_soh,GPR,log,protocol_holdout,diversity_iterative,6,64,20.936644656852707
TRI_Tesla,set2_early_soh,GPR,log,protocol_holdout,diversity_iterative,6,72,19.7028108558353
TRI_Tesla,set2_early_soh,GPR,log,protocol_holdout,diversity_iterative,6,80,18.21390832860544
TRI_Tesla,set2_early_soh,GPR,log,protocol_holdout,diversity_iterative,6,88,18.56925514541705
TRI_Tesla,set2_early_soh,GPR,log,protocol_holdout,diversity_iterative,6,96,21.99555207472853
TRI_Tesla,set2_early_soh,GPR,log,protocol_holdout,diversity_iterative,6,104,21.42886139107737
TRI_Tesla,set2_early_soh,GPR,log,protocol_holdout,diversity_iterative,6,107,21.22989351489512
TRI_Tesla,set2_early_soh,GPR,log,protocol_holdout,diversity_iterative,7,8,48.02132876272778
TRI_Tesla,set2_early_soh,GPR,log,protocol_holdout,diversity_iterative,7,16,50.26319392532488
TRI_Tesla,set2_early_soh,GPR,log,protocol_holdout,diversity_iterative,7,24,44.0966189544407
TRI_Tesla,set2_early_soh,GPR,log,protocol_holdout,diversity_iterative,7,32,42.09590281059995
TRI_Tesla,set2_early_soh,GPR,log,protocol_holdout,diversity_iterative,7,40,41.44033926388536
TRI_Tesla,set2_early_soh,GPR,log,protocol_holdout,diversity_iterative,7,48,35.40949065343133
TRI_Tesla,set2_early_soh,GPR,log,protocol_holdout,diversity_iterative,7,56,33.44838953466951
TRI_Tesla,set2_early_soh,GPR,log,protocol_holdout,diversity_iterative,7,64,30.887139184363903
TRI_Tesla,set2_early_soh,GPR,log,protocol_holdout,diversity_iterative,7,72,30.01695791547931
TRI_Tesla,set2_early_soh,GPR,log,protocol_holdout,diversity_iterative,7,80,28.58596479154016
TRI_Tesla,set2_early_soh,GPR,log,protocol_holdout,diversity_iterative,7,88,30.89015100959104
TRI_Tesla,set2_early_soh,GPR,log,protocol_holdout,diversity_iterative,7,96,30.321039883021
TRI_Tesla,set2_early_soh,GPR,log,protocol_holdout,diversity_iterative,7,104,29.637553516427275
TRI_Tesla,set2_early_soh,GPR,log,protocol_holdout,diversity_iterative,7,107,28.40181312820288
TRI_Tesla,set2_early_soh,GPR,log,protocol_holdout,diversity_iterative,8,8,43.179062584069165
TRI_Tesla,set2_early_soh,GPR,log,protocol_holdout,diversity_iterative,8,16,43.08759974921569
TRI_Tesla,set2_early_soh,GPR,log,protocol_holdout,diversity_iterative,8,24,36.180078826984
TRI_Tesla,set2_early_soh,GPR,log,protocol_holdout,diversity_iterative,8,32,32.56373986828181
TRI_Tesla,set2_early_soh,GPR,log,protocol_holdout,diversity_iterative,8,40,30.506188221029312
TRI_Tesla,set2_early_soh,GPR,log,protocol_holdout,diversity_iterative,8,48,27.27690134162093
TRI_Tesla,set2_early_soh,GPR,log,protocol_holdout,diversity_iterative,8,56,27.603371989654978
TRI_Tesla,set2_early_soh,GPR,log,protocol_holdout,diversity_iterative,8,64,28.18386347817406
TRI_Tesla,set2_early_soh,GPR,log,protocol_holdout,diversity_iterative,8,72,22.73573198512617
TRI_Tesla,set2_early_soh,GPR,log,protocol_holdout,diversity_iterative,8,80,20.611702581521698
TRI_Tesla,set2_early_soh,GPR,log,protocol_holdout,diversity_iterative,8,88,21.83571824213045
TRI_Tesla,set2_early_soh,GPR,log,protocol_holdout,diversity_iterative,8,96,25.4708350109896
TRI_Tesla,set2_early_soh,GPR,log,protocol_holdout,diversity_iterative,8,104,27.04857982766808
TRI_Tesla,set2_early_soh,GPR,log,protocol_holdout,diversity_iterative,8,107,26.08581782842847
TRI_Tesla,set2_early_soh,GPR,log,protocol_holdout,diversity_iterative,9,8,38.05019588780855
TRI_Tesla,set2_early_soh,GPR,log,protocol_holdout,diversity_iterative,9,16,34.15135401189487
TRI_Tesla,set2_early_soh,GPR,log,protocol_holdout,diversity_iterative,9,24,34.454048569872505
TRI_Tesla,set2_early_soh,GPR,log,protocol_holdout,diversity_iterative,9,32,30.90539669099521
TRI_Tesla,set2_early_soh,GPR,log,protocol_holdout,diversity_iterative,9,40,31.26374482468079
TRI_Tesla,set2_early_soh,GPR,log,protocol_holdout,diversity_iterative,9,48,30.797469093674025
TRI_Tesla,set2_early_soh,GPR,log,protocol_holdout,diversity_iterative,9,56,28.40873503718858
TRI_Tesla,set2_early_soh,GPR,log,protocol_holdout,diversity_iterative,9,64,28.023402009795017
TRI_Tesla,set2_early_soh,GPR,log,protocol_holdout,diversity_iterative,9,72,27.5586272929237
TRI_Tesla,set2_early_soh,GPR,log,protocol_holdout,diversity_iterative,9,80,27.637198642668835
TRI_Tesla,set2_early_soh,GPR,log,protocol_holdout,diversity_iterative,9,88,26.957399547516225
TRI_Tesla,set2_early_soh,GPR,log,protocol_holdout,diversity_iterative,9,96,27.850591722319656
TRI_Tesla,set2_early_soh,GPR,log,protocol_holdout,diversity_iterative,9,104,27.70602012066016
TRI_Tesla,set2_early_soh,GPR,log,protocol_holdout,diversity_iterative,9,107,28.086055075002324
TRI_Tesla,set2_early_soh,GPR,log,protocol_holdout,diversity_iterative,10,8,22.9294098753245
TRI_Tesla,set2_early_soh,GPR,log,protocol_holdout,diversity_iterative,10,16,20.741862362991828
TRI_Tesla,set2_early_soh,GPR,log,protocol_holdout,diversity_iterative,10,24,26.146575403422755
TRI_Tesla,set2_early_soh,GPR,log,protocol_holdout,diversity_iterative,10,32,22.85906163946376
TRI_Tesla,set2_early_soh,GPR,log,protocol_holdout,diversity_iterative,10,40,23.12277190290227
TRI_Tesla,set2_early_soh,GPR,log,protocol_holdout,diversity_iterative,10,48,22.18466573745735
TRI_Tesla,set2_early_soh,GPR,log,protocol_holdout,diversity_iterative,10,56,20.534702191446343
TRI_Tesla,set2_early_soh,GPR,log,protocol_holdout,diversity_iterative,10,64,18.77652052855254
TRI_Tesla,set2_early_soh,GPR,log,protocol_holdout,diversity_iterative,10,72,18.329618519780748
TRI_Tesla,set2_early_soh,GPR,log,protocol_holdout,diversity_iterative,10,80,16.693710435440646
TRI_Tesla,set2_early_soh,GPR,log,protocol_holdout,diversity_iterative,10,88,17.017000966460056
TRI_Tesla,set2_early_soh,GPR,log,protocol_holdout,diversity_iterative,10,96,22.40892284659845
TRI_Tesla,set2_early_soh,GPR,log,protocol_holdout,diversity_iterative,10,104,25.090535825664745
TRI_Tesla,set2_early_soh,GPR,log,protocol_holdout,diversity_iterative,10,107,24.778143827891693
TRI_Tesla,set2_early_soh,GPR,log,protocol_holdout,coverage,1,8,47.41646216827644
TRI_Tesla,set2_early_soh,GPR,log,protocol_holdout,coverage,1,16,40.23837085934608
TRI_Tesla,set2_early_soh,GPR,log,protocol_holdout,coverage,1,24,33.81333050687673
TRI_Tesla,set2_early_soh,GPR,log,protocol_holdout,coverage,1,32,30.790397429665216
TRI_Tesla,set2_early_soh,GPR,log,protocol_holdout,coverage,1,40,32.16546637955606
TRI_Tesla,set2_early_soh,GPR,log,protocol_holdout,coverage,1,48,29.763313089140603
TRI_Tesla,set2_early_soh,GPR,log,protocol_holdout,coverage,1,56,27.99454609455392
TRI_Tesla,set2_early_soh,GPR,log,protocol_holdout,coverage,1,64,27.556861374117062
TRI_Tesla,set2_early_soh,GPR,log,protocol_holdout,coverage,1,72,26.176947470470783
TRI_Tesla,set2_early_soh,GPR,log,protocol_holdout,coverage,1,80,22.596698933975688
TRI_Tesla,set2_early_soh,GPR,log,protocol_holdout,coverage,1,88,21.849884455756506
TRI_Tesla,set2_early_soh,GPR,log,protocol_holdout,coverage,1,96,20.448397365423503
TRI_Tesla,set2_early_soh,GPR,log,protocol_holdout,coverage,1,104,20.09796252427659
TRI_Tesla,set2_early_soh,GPR,log,protocol_holdout,coverage,1,107,20.093300672831184
TRI_Tesla,set2_early_soh,GPR,log,protocol_holdout,coverage,2,8,44.35356726903724
TRI_Tesla,set2_early_soh,GPR,log,protocol_holdout,coverage,2,16,56.93606391219911
TRI_Tesla,set2_early_soh,GPR,log,protocol_holdout,coverage,2,24,47.04199712136784
TRI_Tesla,set2_early_soh,GPR,log,protocol_holdout,coverage,2,32,24.14475848792
TRI_Tesla,set2_early_soh,GPR,log,protocol_holdout,coverage,2,40,22.315528192648188
TRI_Tesla,set2_early_soh,GPR,log,protocol_holdout,coverage,2,48,22.277653298465204
TRI_Tesla,set2_early_soh,GPR,log,protocol_holdout,coverage,2,56,23.94861046940297
TRI_Tesla,set2_early_soh,GPR,log,protocol_holdout,coverage,2,64,21.221887161782284
TRI_Tesla,set2_early_soh,GPR,log,protocol_holdout,coverage,2,72,20.299281711460456
TRI_Tesla,set2_early_soh,GPR,log,protocol_holdout,coverage,2,80,20.86787977534336
TRI_Tesla,set2_early_soh,GPR,log,protocol_holdout,coverage,2,88,19.648464208607983
TRI_Tesla,set2_early_soh,GPR,log,protocol_holdout,coverage,2,96,18.589339896474367
TRI_Tesla,set2_early_soh,GPR,log,protocol_holdout,coverage,2,104,18.34694382202529
TRI_Tesla,set2_early_soh,GPR,log,protocol_holdout,coverage,2,107,18.44504330957335
TRI_Tesla,set2_early_soh,GPR,log,protocol_holdout,coverage,3,8,59.17706667289031
TRI_Tesla,set2_early_soh,GPR,log,protocol_holdout,coverage,3,16,51.565791587692814
TRI_Tesla,set2_early_soh,GPR,log,protocol_holdout,coverage,3,24,43.56059658197261
TRI_Tesla,set2_early_soh,GPR,log,protocol_holdout,coverage,3,32,36.73195981930572
TRI_Tesla,set2_early_soh,GPR,log,protocol_holdout,coverage,3,40,32.38047830551613
TRI_Tesla,set2_early_soh,GPR,log,protocol_holdout,coverage,3,48,30.87137482690552
TRI_Tesla,set2_early_soh,GPR,log,protocol_holdout,coverage,3,56,28.67799551665908
TRI_Tesla,set2_early_soh,GPR,log,protocol_holdout,coverage,3,64,27.394950920189203
TRI_Tesla,set2_early_soh,GPR,log,protocol_holdout,coverage,3,72,26.13916657883577
TRI_Tesla,set2_early_soh,GPR,log,protocol_holdout,coverage,3,80,24.476747267901448
TRI_Tesla,set2_early_soh,GPR,log,protocol_holdout,coverage,3,88,22.913390518761247
TRI_Tesla,set2_early_soh,GPR,log,protocol_holdout,coverage,3,96,21.631940799466847
TRI_Tesla,set2_early_soh,GPR,log,protocol_holdout,coverage,3,104,21.32349727190129
TRI_Tesla,set2_early_soh,GPR,log,protocol_holdout,coverage,3,107,21.114127474784507
TRI_Tesla,set2_early_soh,GPR,log,protocol_holdout,coverage,4,8,91.41693702221966
TRI_Tesla,set2_early_soh,GPR,log,protocol_holdout,coverage,4,16,47.13196630245871
TRI_Tesla,set2_early_soh,GPR,log,protocol_holdout,coverage,4,24,43.914690067071234
TRI_Tesla,set2_early_soh,GPR,log,protocol_holdout,coverage,4,32,49.90799935550188
TRI_Tesla,set2_early_soh,GPR,log,protocol_holdout,coverage,4,40,47.209056867526776
TRI_Tesla,set2_early_soh,GPR,log,protocol_holdout,coverage,4,48,50.92819242248148
TRI_Tesla,set2_early_soh,GPR,log,protocol_holdout,coverage,4,56,45.55075723322594
TRI_Tesla,set2_early_soh,GPR,log,protocol_holdout,coverage,4,64,42.81598434811256
TRI_Tesla,set2_early_soh,GPR,log,protocol_holdout,coverage,4,72,40.12483859917636
TRI_Tesla,set2_early_soh,GPR,log,protocol_holdout,coverage,4,80,35.05671198406772
TRI_Tesla,set2_early_soh,GPR,log,protocol_holdout,coverage,4,88,34.988622207660754
TRI_Tesla,set2_early_soh,GPR,log,protocol_holdout,coverage,4,96,33.573810093135606
TRI_Tesla,set2_early_soh,GPR,log,protocol_holdout,coverage,4,104,32.80035270000197
TRI_Tesla,set2_early_soh,GPR,log,protocol_holdout,coverage,4,107,33.388076244773714
TRI_Tesla,set2_early_soh,GPR,log,protocol_holdout,coverage,5,8,76.51759598372557
TRI_Tesla,set2_early_soh,GPR,log,protocol_holdout,coverage,5,16,31.83170267414096
TRI_Tesla,set2_early_soh,GPR,log,protocol_holdout,coverage,5,24,16.77300659381111
TRI_Tesla,set2_early_soh,GPR,log,protocol_holdout,coverage,5,32,17.6059934586341
TRI_Tesla,set2_early_soh,GPR,log,protocol_holdout,coverage,5,40,17.13596838108027
TRI_Tesla,set2_early_soh,GPR,log,protocol_holdout,coverage,5,48,14.51137531577689
TRI_Tesla,set2_early_soh,GPR,log,protocol_holdout,coverage,5,56,13.393551519169868
TRI_Tesla,set2_early_soh,GPR,log,protocol_holdout,coverage,5,64,12.957644313913832
TRI_Tesla,set2_early_soh,GPR,log,protocol_holdout,coverage,5,72,13.732301024059916
TRI_Tesla,set2_early_soh,GPR,log,protocol_holdout,coverage,5,80,16.740872145573732
TRI_Tesla,set2_early_soh,GPR,log,protocol_holdout,coverage,5,88,17.787322570193254
TRI_Tesla,set2_early_soh,GPR,log,protocol_holdout,coverage,5,96,17.41249951997888
TRI_Tesla,set2_early_soh,GPR,log,protocol_holdout,coverage,5,104,16.56870345675967
TRI_Tesla,set2_early_soh,GPR,log,protocol_holdout,coverage,5,107,16.93994414946083
TRI_Tesla,set2_early_soh,GPR,log,protocol_holdout,coverage,6,8,32.86559628884287
TRI_Tesla,set2_early_soh,GPR,log,protocol_holdout,coverage,6,16,29.9732635095333
TRI_Tesla,set2_early_soh,GPR,log,protocol_holdout,coverage,6,24,22.15565718433877
TRI_Tesla,set2_early_soh,GPR,log,protocol_holdout,coverage,6,32,20.89246863817365
TRI_Tesla,set2_early_soh,GPR,log,protocol_holdout,coverage,6,40,20.9863072630066
TRI_Tesla,set2_early_soh,GPR,log,protocol_holdout,coverage,6,48,22.91546191729949
TRI_Tesla,set2_early_soh,GPR,log,protocol_holdout,coverage,6,56,23.136399736427112
TRI_Tesla,set2_early_soh,GPR,log,protocol_holdout,coverage,6,64,20.83785654289905
TRI_Tesla,set2_early_soh,GPR,log,protocol_holdout,coverage,6,72,18.69472114033598
TRI_Tesla,set2_early_soh,GPR,log,protocol_holdout,coverage,6,80,17.84476963026756
TRI_Tesla,set2_early_soh,GPR,log,protocol_holdout,coverage,6,88,19.435729750434685
TRI_Tesla,set2_early_soh,GPR,log,protocol_holdout,coverage,6,96,20.78554427795214
TRI_Tesla,set2_early_soh,GPR,log,protocol_holdout,coverage,6,104,20.717226402516506
TRI_Tesla,set2_early_soh,GPR,log,protocol_holdout,coverage,6,107,21.22989351489512
TRI_Tesla,set2_early_soh,GPR,log,protocol_holdout,coverage,7,8,41.21889156442263
TRI_Tesla,set2_early_soh,GPR,log,protocol_holdout,coverage,7,16,46.46181022212752
TRI_Tesla,set2_early_soh,GPR,log,protocol_holdout,coverage,7,24,41.72962849203965
TRI_Tesla,set2_early_soh,GPR,log,protocol_holdout,coverage,7,32,36.82515965406694
TRI_Tesla,set2_early_soh,GPR,log,protocol_holdout,coverage,7,40,35.24706847169402
TRI_Tesla,set2_early_soh,GPR,log,protocol_holdout,coverage,7,48,36.20304784303322
TRI_Tesla,set2_early_soh,GPR,log,protocol_holdout,coverage,7,56,33.19998910009973
TRI_Tesla,set2_early_soh,GPR,log,protocol_holdout,coverage,7,64,34.54055520990033
TRI_Tesla,set2_early_soh,GPR,log,protocol_holdout,coverage,7,72,34.175981308758175
TRI_Tesla,set2_early_soh,GPR,log,protocol_holdout,coverage,7,80,31.8979122861306
TRI_Tesla,set2_early_soh,GPR,log,protocol_holdout,coverage,7,88,31.11500686853528
TRI_Tesla,set2_early_soh,GPR,log,protocol_holdout,coverage,7,96,30.105405628171848
TRI_Tesla,set2_early_soh,GPR,log,protocol_holdout,coverage,7,104,29.05278516088573
TRI_Tesla,set2_early_soh,GPR,log,protocol_holdout,coverage,7,107,28.40181312820288
TRI_Tesla,set2_early_soh,GPR,log,protocol_holdout,coverage,8,8,88.15315634559752
TRI_Tesla,set2_early_soh,GPR,log,protocol_holdout,coverage,8,16,48.43556495396746
TRI_Tesla,set2_early_soh,GPR,log,protocol_holdout,coverage,8,24,46.29241891471738
TRI_Tesla,set2_early_soh,GPR,log,protocol_holdout,coverage,8,32,46.39050560048719
TRI_Tesla,set2_early_soh,GPR,log,protocol_holdout,coverage,8,40,42.29818984079725
TRI_Tesla,set2_early_soh,GPR,log,protocol_holdout,coverage,8,48,39.133491276977246
TRI_Tesla,set2_early_soh,GPR,log,protocol_holdout,coverage,8,56,38.012581145100086
TRI_Tesla,set2_early_soh,GPR,log,protocol_holdout,coverage,8,64,35.11509948543302
TRI_Tesla,set2_early_soh,GPR,log,protocol_holdout,coverage,8,72,33.40545526711913
TRI_Tesla,set2_early_soh,GPR,log,protocol_holdout,coverage,8,80,28.13346606502991
TRI_Tesla,set2_early_soh,GPR,log,protocol_holdout,coverage,8,88,26.56858884307616
TRI_Tesla,set2_early_soh,GPR,log,protocol_holdout,coverage,8,96,25.36769801308053
TRI_Tesla,set2_early_soh,GPR,log,protocol_holdout,coverage,8,104,26.694915861838243
TRI_Tesla,set2_early_soh,GPR,log,protocol_holdout,coverage,8,107,26.08581782842847
TRI_Tesla,set2_early_soh,GPR,log,protocol_holdout,coverage,9,8,36.167131807141125
TRI_Tesla,set2_early_soh,GPR,log,protocol_holdout,coverage,9,16,29.61050907084706
TRI_Tesla,set2_early_soh,GPR,log,protocol_holdout,coverage,9,24,29.610173923971555
TRI_Tesla,set2_early_soh,GPR,log,protocol_holdout,coverage,9,32,28.44710913746537
TRI_Tesla,set2_early_soh,GPR,log,protocol_holdout,coverage,9,40,27.250966174587248
TRI_Tesla,set2_early_soh,GPR,log,protocol_holdout,coverage,9,48,27.279170478006527
TRI_Tesla,set2_early_soh,GPR,log,protocol_holdout,coverage,9,56,26.76268464957373
TRI_Tesla,set2_early_soh,GPR,log,protocol_holdout,coverage,9,64,26.45891254227918
TRI_Tesla,set2_early_soh,GPR,log,protocol_holdout,coverage,9,72,25.80041981782385
TRI_Tesla,set2_early_soh,GPR,log,protocol_holdout,coverage,9,80,26.508464001628624
TRI_Tesla,set2_early_soh,GPR,log,protocol_holdout,coverage,9,88,26.229302302079848
TRI_Tesla,set2_early_soh,GPR,log,protocol_holdout,coverage,9,96,27.844800361189005
TRI_Tesla,set2_early_soh,GPR,log,protocol_holdout,coverage,9,104,28.20787825115668
TRI_Tesla,set2_early_soh,GPR,log,protocol_holdout,coverage,9,107,28.086055075002324
TRI_Tesla,set2_early_soh,GPR,log,protocol_holdout,coverage,10,8,36.77573595054727
TRI_Tesla,set2_early_soh,GPR,log,protocol_holdout,coverage,10,16,25.396597902720146
TRI_Tesla,set2_early_soh,GPR,log,protocol_holdout,coverage,10,24,26.748148039224063
TRI_Tesla,set2_early_soh,GPR,log,protocol_holdout,coverage,10,32,25.61953056998517
TRI_Tesla,set2_early_soh,GPR,log,protocol_holdout,coverage,10,40,23.00151898941448
TRI_Tesla,set2_early_soh,GPR,log,protocol_holdout,coverage,10,48,17.05785938989635
TRI_Tesla,set2_early_soh,GPR,log,protocol_holdout,coverage,10,56,16.890071121189273
TRI_Tesla,set2_early_soh,GPR,log,protocol_holdout,coverage,10,64,16.622171410123755
TRI_Tesla,set2_early_soh,GPR,log,protocol_holdout,coverage,10,72,15.255034418800802
TRI_Tesla,set2_early_soh,GPR,log,protocol_holdout,coverage,10,80,15.054462473254626
TRI_Tesla,set2_early_soh,GPR,log,protocol_holdout,coverage,10,88,21.17741232745548
TRI_Tesla,set2_early_soh,GPR,log,protocol_holdout,coverage,10,96,23.72885590483621
TRI_Tesla,set2_early_soh,GPR,log,protocol_holdout,coverage,10,104,24.790033835579827
TRI_Tesla,set2_early_soh,GPR,log,protocol_holdout,coverage,10,107,24.778143827891693
TRI_Tesla,set2_early_soh,GPR,log,protocol_holdout,exploration,1,8,47.41646216827644
TRI_Tesla,set2_early_soh,GPR,log,protocol_holdout,exploration,1,16,39.19320062791585
TRI_Tesla,set2_early_soh,GPR,log,protocol_holdout,exploration,1,24,43.686135246816185
TRI_Tesla,set2_early_soh,GPR,log,protocol_holdout,exploration,1,32,40.84372477411608
TRI_Tesla,set2_early_soh,GPR,log,protocol_holdout,exploration,1,40,31.960367722232213
TRI_Tesla,set2_early_soh,GPR,log,protocol_holdout,exploration,1,48,31.218184378470287
TRI_Tesla,set2_early_soh,GPR,log,protocol_holdout,exploration,1,56,29.68026518141284
TRI_Tesla,set2_early_soh,GPR,log,protocol_holdout,exploration,1,64,29.109851391673992
TRI_Tesla,set2_early_soh,GPR,log,protocol_holdout,exploration,1,72,25.613918341032083
TRI_Tesla,set2_early_soh,GPR,log,protocol_holdout,exploration,1,80,24.24007335760181
TRI_Tesla,set2_early_soh,GPR,log,protocol_holdout,exploration,1,88,22.09908576028068
TRI_Tesla,set2_early_soh,GPR,log,protocol_holdout,exploration,1,96,21.60090135575128
TRI_Tesla,set2_early_soh,GPR,log,protocol_holdout,exploration,1,104,20.49635937361228
TRI_Tesla,set2_early_soh,GPR,log,protocol_holdout,exploration,1,107,20.093300672831184
TRI_Tesla,set2_early_soh,GPR,log,protocol_holdout,exploration,2,8,44.35356726903724
TRI_Tesla,set2_early_soh,GPR,log,protocol_holdout,exploration,2,16,56.93606391219911
TRI_Tesla,set2_early_soh,GPR,log,protocol_holdout,exploration,2,24,24.80532049277224
TRI_Tesla,set2_early_soh,GPR,log,protocol_holdout,exploration,2,32,24.33984478740628
TRI_Tesla,set2_early_soh,GPR,log,protocol_holdout,exploration,2,40,23.50691005171716
TRI_Tesla,set2_early_soh,GPR,log,protocol_holdout,exploration,2,48,22.650757426467376
TRI_Tesla,set2_early_soh,GPR,log,protocol_holdout,exploration,2,56,23.11862063329897
TRI_Tesla,set2_early_soh,GPR,log,protocol_holdout,exploration,2,64,22.58659248738272
TRI_Tesla,set2_early_soh,GPR,log,protocol_holdout,exploration,2,72,22.58050353435507
TRI_Tesla,set2_early_soh,GPR,log,protocol_holdout,exploration,2,80,19.49484133852608
TRI_Tesla,set2_early_soh,GPR,log,protocol_holdout,exploration,2,88,19.91334692009128
TRI_Tesla,set2_early_soh,GPR,log,protocol_holdout,exploration,2,96,17.901012985985112
TRI_Tesla,set2_early_soh,GPR,log,protocol_holdout,exploration,2,104,18.48464327334062
TRI_Tesla,set2_early_soh,GPR,log,protocol_holdout,exploration,2,107,18.44504330957335
TRI_Tesla,set2_early_soh,GPR,log,protocol_holdout,exploration,3,8,59.17706667289031
TRI_Tesla,set2_early_soh,GPR,log,protocol_holdout,exploration,3,16,53.16013109531978
TRI_Tesla,set2_early_soh,GPR,log,protocol_holdout,exploration,3,24,48.28729269723135
TRI_Tesla,set2_early_soh,GPR,log,protocol_holdout,exploration,3,32,36.88072842384042
TRI_Tesla,set2_early_soh,GPR,log,protocol_holdout,exploration,3,40,33.10321152097209
TRI_Tesla,set2_early_soh,GPR,log,protocol_holdout,exploration,3,48,30.64791902100017
TRI_Tesla,set2_early_soh,GPR,log,protocol_holdout,exploration,3,56,28.99096128855635
TRI_Tesla,set2_early_soh,GPR,log,protocol_holdout,exploration,3,64,29.26198388432668
TRI_Tesla,set2_early_soh,GPR,log,protocol_holdout,exploration,3,72,27.184458016317954
TRI_Tesla,set2_early_soh,GPR,log,protocol_holdout,exploration,3,80,24.86730499874047
TRI_Tesla,set2_early_soh,GPR,log,protocol_holdout,exploration,3,88,23.08247865735535
TRI_Tesla,set2_early_soh,GPR,log,protocol_holdout,exploration,3,96,22.474460936380048
TRI_Tesla,set2_early_soh,GPR,log,protocol_holdout,exploration,3,104,21.25679664583477
TRI_Tesla,set2_early_soh,GPR,log,protocol_holdout,exploration,3,107,21.114127474784507
TRI_Tesla,set2_early_soh,GPR,log,protocol_holdout,exploration,4,8,91.41693702221966
TRI_Tesla,set2_early_soh,GPR,log,protocol_holdout,exploration,4,16,47.13196630245871
TRI_Tesla,set2_early_soh,GPR,log,protocol_holdout,exploration,4,24,52.31561135804965
TRI_Tesla,set2_early_soh,GPR,log,protocol_holdout,exploration,4,32,51.93143719867576
TRI_Tesla,set2_early_soh,GPR,log,protocol_holdout,exploration,4,40,47.94947563856682
TRI_Tesla,set2_early_soh,GPR,log,protocol_holdout,exploration,4,48,43.9630876325238
TRI_Tesla,set2_early_soh,GPR,log,protocol_holdout,exploration,4,56,41.41564872275384
TRI_Tesla,set2_early_soh,GPR,log,protocol_holdout,exploration,4,64,41.00561042696659
TRI_Tesla,set2_early_soh,GPR,log,protocol_holdout,exploration,4,72,37.80854377077203
TRI_Tesla,set2_early_soh,GPR,log,protocol_holdout,exploration,4,80,36.99850749977007
TRI_Tesla,set2_early_soh,GPR,log,protocol_holdout,exploration,4,88,35.58809420417033
TRI_Tesla,set2_early_soh,GPR,log,protocol_holdout,exploration,4,96,32.4856136307938
TRI_Tesla,set2_early_soh,GPR,log,protocol_holdout,exploration,4,104,32.91306137348039
TRI_Tesla,set2_early_soh,GPR,log,protocol_holdout,exploration,4,107,33.388076244773714
TRI_Tesla,set2_early_soh,GPR,log,protocol_holdout,exploration,5,8,76.51759598372557
TRI_Tesla,set2_early_soh,GPR,log,protocol_holdout,exploration,5,16,31.83170267414096
TRI_Tesla,set2_early_soh,GPR,log,protocol_holdout,exploration,5,24,28.49839765113205
TRI_Tesla,set2_early_soh,GPR,log,protocol_holdout,exploration,5,32,16.56807504648733
TRI_Tesla,set2_early_soh,GPR,log,protocol_holdout,exploration,5,40,13.065888158131353
TRI_Tesla,set2_early_soh,GPR,log,protocol_holdout,exploration,5,48,13.18811444231962
TRI_Tesla,set2_early_soh,GPR,log,protocol_holdout,exploration,5,56,14.16653398731174
TRI_Tesla,set2_early_soh,GPR,log,protocol_holdout,exploration,5,64,13.761070680721543
TRI_Tesla,set2_early_soh,GPR,log,protocol_holdout,exploration,5,72,17.42501201408662
TRI_Tesla,set2_early_soh,GPR,log,protocol_holdout,exploration,5,80,17.817067165924648
TRI_Tesla,set2_early_soh,GPR,log,protocol_holdout,exploration,5,88,17.545589385074113
TRI_Tesla,set2_early_soh,GPR,log,protocol_holdout,exploration,5,96,17.215042889389853
TRI_Tesla,set2_early_soh,GPR,log,protocol_holdout,exploration,5,104,16.9816653547906
TRI_Tesla,set2_early_soh,GPR,log,protocol_holdout,exploration,5,107,16.93994414946083
TRI_Tesla,set2_early_soh,GPR,log,protocol_holdout,exploration,6,8,32.86559628884287
TRI_Tesla,set2_early_soh,GPR,log,protocol_holdout,exploration,6,16,24.82496077437197
TRI_Tesla,set2_early_soh,GPR,log,protocol_holdout,exploration,6,24,23.88977884549214
TRI_Tesla,set2_early_soh,GPR,log,protocol_holdout,exploration,6,32,18.56227630715905
TRI_Tesla,set2_early_soh,GPR,log,protocol_holdout,exploration,6,40,23.48600896966808
TRI_Tesla,set2_early_soh,GPR,log,protocol_holdout,exploration,6,48,22.43861991087204
TRI_Tesla,set2_early_soh,GPR,log,protocol_holdout,exploration,6,56,22.744945271600365
TRI_Tesla,set2_early_soh,GPR,log,protocol_holdout,exploration,6,64,22.80643963725252
TRI_Tesla,set2_early_soh,GPR,log,protocol_holdout,exploration,6,72,20.41398568124921
TRI_Tesla,set2_early_soh,GPR,log,protocol_holdout,exploration,6,80,18.81616300982976
TRI_Tesla,set2_early_soh,GPR,log,protocol_holdout,exploration,6,88,20.143831120628324
TRI_Tesla,set2_early_soh,GPR,log,protocol_holdout,exploration,6,96,20.719392050627043
TRI_Tesla,set2_early_soh,GPR,log,protocol_holdout,exploration,6,104,20.972375660603426
TRI_Tesla,set2_early_soh,GPR,log,protocol_holdout,exploration,6,107,21.22989351489512
TRI_Tesla,set2_early_soh,GPR,log,protocol_holdout,exploration,7,8,41.21889156442263
TRI_Tesla,set2_early_soh,GPR,log,protocol_holdout,exploration,7,16,45.73403470670117
TRI_Tesla,set2_early_soh,GPR,log,protocol_holdout,exploration,7,24,44.87076837658692
TRI_Tesla,set2_early_soh,GPR,log,protocol_holdout,exploration,7,32,40.09872957894632
TRI_Tesla,set2_early_soh,GPR,log,protocol_holdout,exploration,7,40,39.01674381044188
TRI_Tesla,set2_early_soh,GPR,log,protocol_holdout,exploration,7,48,37.09807082758529
TRI_Tesla,set2_early_soh,GPR,log,protocol_holdout,exploration,7,56,36.5149698039688
TRI_Tesla,set2_early_soh,GPR,log,protocol_holdout,exploration,7,64,40.66720797902168
TRI_Tesla,set2_early_soh,GPR,log,protocol_holdout,exploration,7,72,41.17155429172712
TRI_Tesla,set2_early_soh,GPR,log,protocol_holdout,exploration,7,80,37.3524813084753
TRI_Tesla,set2_early_soh,GPR,log,protocol_holdout,exploration,7,88,34.162775961084726
TRI_Tesla,set2_early_soh,GPR,log,protocol_holdout,exploration,7,96,30.9772809428359
TRI_Tesla,set2_early_soh,GPR,log,protocol_holdout,exploration,7,104,29.17566271281749
TRI_Tesla,set2_early_soh,GPR,log,protocol_holdout,exploration,7,107,28.40181312820288
TRI_Tesla,set2_early_soh,GPR,log,protocol_holdout,exploration,8,8,88.15315634559752
TRI_Tesla,set2_early_soh,GPR,log,protocol_holdout,exploration,8,16,48.43556495396746
TRI_Tesla,set2_early_soh,GPR,log,protocol_holdout,exploration,8,24,50.68998413254441
TRI_Tesla,set2_early_soh,GPR,log,protocol_holdout,exploration,8,32,41.73170285499324
TRI_Tesla,set2_early_soh,GPR,log,protocol_holdout,exploration,8,40,38.59497634656712
TRI_Tesla,set2_early_soh,GPR,log,protocol_holdout,exploration,8,48,34.16653127624837
TRI_Tesla,set2_early_soh,GPR,log,protocol_holdout,exploration,8,56,45.46999178754376
TRI_Tesla,set2_early_soh,GPR,log,protocol_holdout,exploration,8,64,32.92907496750303
TRI_Tesla,set2_early_soh,GPR,log,protocol_holdout,exploration,8,72,31.706621962222915
TRI_Tesla,set2_early_soh,GPR,log,protocol_holdout,exploration,8,80,31.99135993192626
TRI_Tesla,set2_early_soh,GPR,log,protocol_holdout,exploration,8,88,31.2887437740417
TRI_Tesla,set2_early_soh,GPR,log,protocol_holdout,exploration,8,96,28.4222645025879
TRI_Tesla,set2_early_soh,GPR,log,protocol_holdout,exploration,8,104,26.73811750906116
TRI_Tesla,set2_early_soh,GPR,log,protocol_holdout,exploration,8,107,26.08581782842847
TRI_Tesla,set2_early_soh,GPR,log,protocol_holdout,exploration,9,8,36.167131807141125
TRI_Tesla,set2_early_soh,GPR,log,protocol_holdout,exploration,9,16,31.0340582197196
TRI_Tesla,set2_early_soh,GPR,log,protocol_holdout,exploration,9,24,29.93601504225537
TRI_Tesla,set2_early_soh,GPR,log,protocol_holdout,exploration,9,32,29.81853567623592
TRI_Tesla,set2_early_soh,GPR,log,protocol_holdout,exploration,9,40,28.81993174485606
TRI_Tesla,set2_early_soh,GPR,log,protocol_holdout,exploration,9,48,27.85692259000941
TRI_Tesla,set2_early_soh,GPR,log,protocol_holdout,exploration,9,56,28.079527420856564
TRI_Tesla,set2_early_soh,GPR,log,protocol_holdout,exploration,9,64,27.633353346755456
TRI_Tesla,set2_early_soh,GPR,log,protocol_holdout,exploration,9,72,27.45922644463678
TRI_Tesla,set2_early_soh,GPR,log,protocol_holdout,exploration,9,80,29.153341196204952
TRI_Tesla,set2_early_soh,GPR,log,protocol_holdout,exploration,9,88,28.352851359954546
TRI_Tesla,set2_early_soh,GPR,log,protocol_holdout,exploration,9,96,27.845752596623136
TRI_Tesla,set2_early_soh,GPR,log,protocol_holdout,exploration,9,104,28.087607481422733
TRI_Tesla,set2_early_soh,GPR,log,protocol_holdout,exploration,9,107,28.086055075002324
TRI_Tesla,set2_early_soh,GPR,log,protocol_holdout,exploration,10,8,36.77573595054727
TRI_Tesla,set2_early_soh,GPR,log,protocol_holdout,exploration,10,16,29.3624694497282
TRI_Tesla,set2_early_soh,GPR,log,protocol_holdout,exploration,10,24,24.210411412818093
TRI_Tesla,set2_early_soh,GPR,log,protocol_holdout,exploration,10,32,22.679806921546632
TRI_Tesla,set2_early_soh,GPR,log,protocol_holdout,exploration,10,40,23.482961731204902
TRI_Tesla,set2_early_soh,GPR,log,protocol_holdout,exploration,10,48,19.97326936794384
TRI_Tesla,set2_early_soh,GPR,log,protocol_holdout,exploration,10,56,17.666066456716386
TRI_Tesla,set2_early_soh,GPR,log,protocol_holdout,exploration,10,64,18.10830488365524
TRI_Tesla,set2_early_soh,GPR,log,protocol_holdout,exploration,10,72,19.49292529194753
TRI_Tesla,set2_early_soh,GPR,log,protocol_holdout,exploration,10,80,23.45638942223805
TRI_Tesla,set2_early_soh,GPR,log,protocol_holdout,exploration,10,88,23.71016031774687
TRI_Tesla,set2_early_soh,GPR,log,protocol_holdout,exploration,10,96,24.0281919873646
TRI_Tesla,set2_early_soh,GPR,log,protocol_holdout,exploration,10,104,24.512756849307944
TRI_Tesla,set2_early_soh,GPR,log,protocol_holdout,exploration,10,107,24.778143827891693
TRI_Tesla,set2_early_soh,GPR,log,protocol_holdout,exploitation,1,8,47.41646216827644
TRI_Tesla,set2_early_soh,GPR,log,protocol_holdout,exploitation,1,16,29.74837767781928
TRI_Tesla,set2_early_soh,GPR,log,protocol_holdout,exploitation,1,24,30.55664762327793
TRI_Tesla,set2_early_soh,GPR,log,protocol_holdout,exploitation,1,32,31.118438674981263
TRI_Tesla,set2_early_soh,GPR,log,protocol_holdout,exploitation,1,40,28.902416424477185
TRI_Tesla,set2_early_soh,GPR,log,protocol_holdout,exploitation,1,48,23.722546741603885
TRI_Tesla,set2_early_soh,GPR,log,protocol_holdout,exploitation,1,56,28.176047590880927
TRI_Tesla,set2_early_soh,GPR,log,protocol_holdout,exploitation,1,64,25.807404711069275
TRI_Tesla,set2_early_soh,GPR,log,protocol_holdout,exploitation,1,72,25.29874380145431
TRI_Tesla,set2_early_soh,GPR,log,protocol_holdout,exploitation,1,80,21.984770633389537
TRI_Tesla,set2_early_soh,GPR,log,protocol_holdout,exploitation,1,88,19.813780989224032
TRI_Tesla,set2_early_soh,GPR,log,protocol_holdout,exploitation,1,96,19.61809934115349
TRI_Tesla,set2_early_soh,GPR,log,protocol_holdout,exploitation,1,104,20.55033264788808
TRI_Tesla,set2_early_soh,GPR,log,protocol_holdout,exploitation,1,107,20.093300672831184
TRI_Tesla,set2_early_soh,GPR,log,protocol_holdout,exploitation,2,8,44.35356726903724
TRI_Tesla,set2_early_soh,GPR,log,protocol_holdout,exploitation,2,16,21.700559276370058
TRI_Tesla,set2_early_soh,GPR,log,protocol_holdout,exploitation,2,24,23.41093372002301
TRI_Tesla,set2_early_soh,GPR,log,protocol_holdout,exploitation,2,32,21.936461219436648
TRI_Tesla,set2_early_soh,GPR,log,protocol_holdout,exploitation,2,40,22.674699336423544
TRI_Tesla,set2_early_soh,GPR,log,protocol_holdout,exploitation,2,48,21.072059996565425
TRI_Tesla,set2_early_soh,GPR,log,protocol_holdout,exploitation,2,56,19.76507166525473
TRI_Tesla,set2_early_soh,GPR,log,protocol_holdout,exploitation,2,64,19.79742007881149
TRI_Tesla,set2_early_soh,GPR,log,protocol_holdout,exploitation,2,72,25.11432653582889
TRI_Tesla,set2_early_soh,GPR,log,protocol_holdout,exploitation,2,80,21.27123595855142
TRI_Tesla,set2_early_soh,GPR,log,protocol_holdout,exploitation,2,88,20.18417587905397
TRI_Tesla,set2_early_soh,GPR,log,protocol_holdout,exploitation,2,96,19.67068490195918
TRI_Tesla,set2_early_soh,GPR,log,protocol_holdout,exploitation,2,104,18.682016871275977
TRI_Tesla,set2_early_soh,GPR,log,protocol_holdout,exploitation,2,107,18.44504330957335
TRI_Tesla,set2_early_soh,GPR,log,protocol_holdout,exploitation,3,8,59.17706667289031
TRI_Tesla,set2_early_soh,GPR,log,protocol_holdout,exploitation,3,16,39.04864469311381
TRI_Tesla,set2_early_soh,GPR,log,protocol_holdout,exploitation,3,24,39.08573726638479
TRI_Tesla,set2_early_soh,GPR,log,protocol_holdout,exploitation,3,32,31.45566107571302
TRI_Tesla,set2_early_soh,GPR,log,protocol_holdout,exploitation,3,40,29.588170899033333
TRI_Tesla,set2_early_soh,GPR,log,protocol_holdout,exploitation,3,48,26.847560174869063
TRI_Tesla,set2_early_soh,GPR,log,protocol_holdout,exploitation,3,56,26.40140682314518
TRI_Tesla,set2_early_soh,GPR,log,protocol_holdout,exploitation,3,64,25.600713940202606
TRI_Tesla,set2_early_soh,GPR,log,protocol_holdout,exploitation,3,72,25.86096240733732
TRI_Tesla,set2_early_soh,GPR,log,protocol_holdout,exploitation,3,80,22.13896973046668
TRI_Tesla,set2_early_soh,GPR,log,protocol_holdout,exploitation,3,88,22.05108318711285
TRI_Tesla,set2_early_soh,GPR,log,protocol_holdout,exploitation,3,96,21.911552413198454
TRI_Tesla,set2_early_soh,GPR,log,protocol_holdout,exploitation,3,104,21.12177737054617
TRI_Tesla,set2_early_soh,GPR,log,protocol_holdout,exploitation,3,107,21.114127474784507
TRI_Tesla,set2_early_soh,GPR,log,protocol_holdout,exploitation,4,8,91.41693702221966
TRI_Tesla,set2_early_soh,GPR,log,protocol_holdout,exploitation,4,16,64.8831642419505
TRI_Tesla,set2_early_soh,GPR,log,protocol_holdout,exploitation,4,24,37.63329785601766
TRI_Tesla,set2_early_soh,GPR,log,protocol_holdout,exploitation,4,32,35.53793265440227
TRI_Tesla,set2_early_soh,GPR,log,protocol_holdout,exploitation,4,40,44.41661187986117
TRI_Tesla,set2_early_soh,GPR,log,protocol_holdout,exploitation,4,48,30.25400111658246
TRI_Tesla,set2_early_soh,GPR,log,protocol_holdout,exploitation,4,56,40.8314543225345
TRI_Tesla,set2_early_soh,GPR,log,protocol_holdout,exploitation,4,64,33.25214566564747
TRI_Tesla,set2_early_soh,GPR,log,protocol_holdout,exploitation,4,72,26.651158849738053
TRI_Tesla,set2_early_soh,GPR,log,protocol_holdout,exploitation,4,80,25.94459190586269
TRI_Tesla,set2_early_soh,GPR,log,protocol_holdout,exploitation,4,88,31.722932274145982
TRI_Tesla,set2_early_soh,GPR,log,protocol_holdout,exploitation,4,96,37.63449442960186
TRI_Tesla,set2_early_soh,GPR,log,protocol_holdout,exploitation,4,104,36.31258842220642
TRI_Tesla,set2_early_soh,GPR,log,protocol_holdout,exploitation,4,107,33.388076244773714
TRI_Tesla,set2_early_soh,GPR,log,protocol_holdout,exploitation,5,8,76.51759598372557
TRI_Tesla,set2_early_soh,GPR,log,protocol_holdout,exploitation,5,16,17.229302913702877
TRI_Tesla,set2_early_soh,GPR,log,protocol_holdout,exploitation,5,24,29.238938898291543
TRI_Tesla,set2_early_soh,GPR,log,protocol_holdout,exploitation,5,32,21.530984697590032
TRI_Tesla,set2_early_soh,GPR,log,protocol_holdout,exploitation,5,40,22.074113420636564
TRI_Tesla,set2_early_soh,GPR,log,protocol_holdout,exploitation,5,48,21.093106064640025
TRI_Tesla,set2_early_soh,GPR,log,protocol_holdout,exploitation,5,56,31.26819290539852
TRI_Tesla,set2_early_soh,GPR,log,protocol_holdout,exploitation,5,64,24.6138536169032
TRI_Tesla,set2_early_soh,GPR,log,protocol_holdout,exploitation,5,72,19.812785344479845
TRI_Tesla,set2_early_soh,GPR,log,protocol_holdout,exploitation,5,80,17.576368510594214
TRI_Tesla,set2_early_soh,GPR,log,protocol_holdout,exploitation,5,88,17.52158031309285
TRI_Tesla,set2_early_soh,GPR,log,protocol_holdout,exploitation,5,96,17.56737566534525
TRI_Tesla,set2_early_soh,GPR,log,protocol_holdout,exploitation,5,104,15.635580343042538
TRI_Tesla,set2_early_soh,GPR,log,protocol_holdout,exploitation,5,107,16.93994414946083
TRI_Tesla,set2_early_soh,GPR,log,protocol_holdout,exploitation,6,8,32.86559628884287
TRI_Tesla,set2_early_soh,GPR,log,protocol_holdout,exploitation,6,16,21.285907344412653
TRI_Tesla,set2_early_soh,GPR,log,protocol_holdout,exploitation,6,24,35.62515620292015
TRI_Tesla,set2_early_soh,GPR,log,protocol_holdout,exploitation,6,32,32.19434292472245
TRI_Tesla,set2_early_soh,GPR,log,protocol_holdout,exploitation,6,40,35.54790991034091
TRI_Tesla,set2_early_soh,GPR,log,protocol_holdout,exploitation,6,48,24.697995517302584
TRI_Tesla,set2_early_soh,GPR,log,protocol_holdout,exploitation,6,56,24.640380286262143
TRI_Tesla,set2_early_soh,GPR,log,protocol_holdout,exploitation,6,64,26.7336321814682
TRI_Tesla,set2_early_soh,GPR,log,protocol_holdout,exploitation,6,72,23.570981046700528
TRI_Tesla,set2_early_soh,GPR,log,protocol_holdout,exploitation,6,80,23.120835365545886
TRI_Tesla,set2_early_soh,GPR,log,protocol_holdout,exploitation,6,88,23.179544180579445
TRI_Tesla,set2_early_soh,GPR,log,protocol_holdout,exploitation,6,96,23.03095229329788
TRI_Tesla,set2_early_soh,GPR,log,protocol_holdout,exploitation,6,104,21.281585119224264
TRI_Tesla,set2_early_soh,GPR,log,protocol_holdout,exploitation,6,107,21.22989351489512
TRI_Tesla,set2_early_soh,GPR,log,protocol_holdout,exploitation,7,8,41.21889156442263
TRI_Tesla,set2_early_soh,GPR,log,protocol_holdout,exploitation,7,16,37.44259560338821
TRI_Tesla,set2_early_soh,GPR,log,protocol_holdout,exploitation,7,24,33.57196652883066
TRI_Tesla,set2_early_soh,GPR,log,protocol_holdout,exploitation,7,32,34.97471918878692
TRI_Tesla,set2_early_soh,GPR,log,protocol_holdout,exploitation,7,40,32.52045962081724
TRI_Tesla,set2_early_soh,GPR,log,protocol_holdout,exploitation,7,48,27.46653085416304
TRI_Tesla,set2_early_soh,GPR,log,protocol_holdout,exploitation,7,56,24.028034380666146
TRI_Tesla,set2_early_soh,GPR,log,protocol_holdout,exploitation,7,64,21.019050679286035
TRI_Tesla,set2_early_soh,GPR,log,protocol_holdout,exploitation,7,72,25.522148776403025
TRI_Tesla,set2_early_soh,GPR,log,protocol_holdout,exploitation,7,80,30.42391021111711
TRI_Tesla,set2_early_soh,GPR,log,protocol_holdout,exploitation,7,88,31.60901574577292
TRI_Tesla,set2_early_soh,GPR,log,protocol_holdout,exploitation,7,96,30.33032443456209
TRI_Tesla,set2_early_soh,GPR,log,protocol_holdout,exploitation,7,104,20.753560263867165
TRI_Tesla,set2_early_soh,GPR,log,protocol_holdout,exploitation,7,107,28.40181312820288
TRI_Tesla,set2_early_soh,GPR,log,protocol_holdout,exploitation,8,8,88.15315634559752
TRI_Tesla,set2_early_soh,GPR,log,protocol_holdout,exploitation,8,16,121.83967760065626
TRI_Tesla,set2_early_soh,GPR,log,protocol_holdout,exploitation,8,24,32.05691657454542
TRI_Tesla,set2_early_soh,GPR,log,protocol_holdout,exploitation,8,32,27.472631416310566
TRI_Tesla,set2_early_soh,GPR,log,protocol_holdout,exploitation,8,40,33.69978066595972
TRI_Tesla,set2_early_soh,GPR,log,protocol_holdout,exploitation,8,48,32.46954021366324
TRI_Tesla,set2_early_soh,GPR,log,protocol_holdout,exploitation,8,56,25.29799672012856
TRI_Tesla,set2_early_soh,GPR,log,protocol_holdout,exploitation,8,64,21.55456129651359
TRI_Tesla,set2_early_soh,GPR,log,protocol_holdout,exploitation,8,72,20.389986536242464
TRI_Tesla,set2_early_soh,GPR,log,protocol_holdout,exploitation,8,80,23.145267462962167
TRI_Tesla,set2_early_soh,GPR,log,protocol_holdout,exploitation,8,88,26.686405934888285
TRI_Tesla,set2_early_soh,GPR,log,protocol_holdout,exploitation,8,96,28.26813371812325
TRI_Tesla,set2_early_soh,GPR,log,protocol_holdout,exploitation,8,104,26.93415664446554
TRI_Tesla,set2_early_soh,GPR,log,protocol_holdout,exploitation,8,107,26.08581782842847
TRI_Tesla,set2_early_soh,GPR,log,protocol_holdout,exploitation,9,8,36.167131807141125
TRI_Tesla,set2_early_soh,GPR,log,protocol_holdout,exploitation,9,16,49.57318695454035
TRI_Tesla,set2_early_soh,GPR,log,protocol_holdout,exploitation,9,24,44.54098095751782
TRI_Tesla,set2_early_soh,GPR,log,protocol_holdout,exploitation,9,32,41.53968590685504
TRI_Tesla,set2_early_soh,GPR,log,protocol_holdout,exploitation,9,40,75.57369113262824
TRI_Tesla,set2_early_soh,GPR,log,protocol_holdout,exploitation,9,48,66.74049735832823
TRI_Tesla,set2_early_soh,GPR,log,protocol_holdout,exploitation,9,56,25.36418426965213
TRI_Tesla,set2_early_soh,GPR,log,protocol_holdout,exploitation,9,64,31.148619273671383
TRI_Tesla,set2_early_soh,GPR,log,protocol_holdout,exploitation,9,72,28.060315268108443
TRI_Tesla,set2_early_soh,GPR,log,protocol_holdout,exploitation,9,80,27.857896563818947
TRI_Tesla,set2_early_soh,GPR,log,protocol_holdout,exploitation,9,88,30.014881784989743
TRI_Tesla,set2_early_soh,GPR,log,protocol_holdout,exploitation,9,96,30.49398797344413
TRI_Tesla,set2_early_soh,GPR,log,protocol_holdout,exploitation,9,104,30.78950992298752
TRI_Tesla,set2_early_soh,GPR,log,protocol_holdout,exploitation,9,107,28.086055075002324
TRI_Tesla,set2_early_soh,GPR,log,protocol_holdout,exploitation,10,8,36.77573595054727
TRI_Tesla,set2_early_soh,GPR,log,protocol_holdout,exploitation,10,16,31.35154212195293
TRI_Tesla,set2_early_soh,GPR,log,protocol_holdout,exploitation,10,24,86.34346630690285
TRI_Tesla,set2_early_soh,GPR,log,protocol_holdout,exploitation,10,32,63.89642449440266
TRI_Tesla,set2_early_soh,GPR,log,protocol_holdout,exploitation,10,40,48.72068037458305
TRI_Tesla,set2_early_soh,GPR,log,protocol_holdout,exploitation,10,48,46.26782025947296
TRI_Tesla,set2_early_soh,GPR,log,protocol_holdout,exploitation,10,56,31.963255384604043
TRI_Tesla,set2_early_soh,GPR,log,protocol_holdout,exploitation,10,64,30.88250188807513
TRI_Tesla,set2_early_soh,GPR,log,protocol_holdout,exploitation,10,72,37.46682050730402
TRI_Tesla,set2_early_soh,GPR,log,protocol_holdout,exploitation,10,80,31.73147097334238
TRI_Tesla,set2_early_soh,GPR,log,protocol_holdout,exploitation,10,88,31.702329961237663
TRI_Tesla,set2_early_soh,GPR,log,protocol_holdout,exploitation,10,96,29.72973860717052
TRI_Tesla,set2_early_soh,GPR,log,protocol_holdout,exploitation,10,104,26.42272990526473
TRI_Tesla,set2_early_soh,GPR,log,protocol_holdout,exploitation,10,107,24.778143827891693
TRI_Tesla,set2_early_soh,GPR,log,protocol_holdout,hybrid,1,8,47.41646216827644
TRI_Tesla,set2_early_soh,GPR,log,protocol_holdout,hybrid,1,16,37.359155106210565
TRI_Tesla,set2_early_soh,GPR,log,protocol_holdout,hybrid,1,24,28.10024572604184
TRI_Tesla,set2_early_soh,GPR,log,protocol_holdout,hybrid,1,32,35.03172052289492
TRI_Tesla,set2_early_soh,GPR,log,protocol_holdout,hybrid,1,40,32.529566715408784
TRI_Tesla,set2_early_soh,GPR,log,protocol_holdout,hybrid,1,48,33.21929303813905
TRI_Tesla,set2_early_soh,GPR,log,protocol_holdout,hybrid,1,56,28.8402421802433
TRI_Tesla,set2_early_soh,GPR,log,protocol_holdout,hybrid,1,64,25.96116270411448
TRI_Tesla,set2_early_soh,GPR,log,protocol_holdout,hybrid,1,72,25.30782395412397
TRI_Tesla,set2_early_soh,GPR,log,protocol_holdout,hybrid,1,80,22.739007497355782
TRI_Tesla,set2_early_soh,GPR,log,protocol_holdout,hybrid,1,88,21.0418516266086
TRI_Tesla,set2_early_soh,GPR,log,protocol_holdout,hybrid,1,96,21.13845740739253
TRI_Tesla,set2_early_soh,GPR,log,protocol_holdout,hybrid,1,104,20.108732201795405
TRI_Tesla,set2_early_soh,GPR,log,protocol_holdout,hybrid,1,107,20.093300672831184
TRI_Tesla,set2_early_soh,GPR,log,protocol_holdout,hybrid,2,8,44.35356726903724
TRI_Tesla,set2_early_soh,GPR,log,protocol_holdout,hybrid,2,16,25.801890758201747
TRI_Tesla,set2_early_soh,GPR,log,protocol_holdout,hybrid,2,24,24.316710957549382
TRI_Tesla,set2_early_soh,GPR,log,protocol_holdout,hybrid,2,32,24.02238081281868
TRI_Tesla,set2_early_soh,GPR,log,protocol_holdout,hybrid,2,40,23.131651966978705
TRI_Tesla,set2_early_soh,GPR,log,protocol_holdout,hybrid,2,48,21.12377624362805
TRI_Tesla,set2_early_soh,GPR,log,protocol_holdout,hybrid,2,56,22.75349200689039
TRI_Tesla,set2_early_soh,GPR,log,protocol_holdout,hybrid,2,64,21.459402828617588
TRI_Tesla,set2_early_soh,GPR,log,protocol_holdout,hybrid,2,72,19.49732916780764
TRI_Tesla,set2_early_soh,GPR,log,protocol_holdout,hybrid,2,80,18.42497444819253
TRI_Tesla,set2_early_soh,GPR,log,protocol_holdout,hybrid,2,88,17.328981497317653
TRI_Tesla,set2_early_soh,GPR,log,protocol_holdout,hybrid,2,96,17.559223013547452
TRI_Tesla,set2_early_soh,GPR,log,protocol_holdout,hybrid,2,104,18.394223066613108
TRI_Tesla,set2_early_soh,GPR,log,protocol_holdout,hybrid,2,107,18.44504330957335
TRI_Tesla,set2_early_soh,GPR,log,protocol_holdout,hybrid,3,8,59.17706667289031
TRI_Tesla,set2_early_soh,GPR,log,protocol_holdout,hybrid,3,16,53.53226623823954
TRI_Tesla,set2_early_soh,GPR,log,protocol_holdout,hybrid,3,24,40.15934686072064
TRI_Tesla,set2_early_soh,GPR,log,protocol_holdout,hybrid,3,32,35.677964712935136
TRI_Tesla,set2_early_soh,GPR,log,protocol_holdout,hybrid,3,40,31.64209490909255
TRI_Tesla,set2_early_soh,GPR,log,protocol_holdout,hybrid,3,48,30.096725549355163
TRI_Tesla,set2_early_soh,GPR,log,protocol_holdout,hybrid,3,56,29.771714839119014
TRI_Tesla,set2_early_soh,GPR,log,protocol_holdout,hybrid,3,64,28.557186070840835
TRI_Tesla,set2_early_soh,GPR,log,protocol_holdout,hybrid,3,72,26.84249570164708
TRI_Tesla,set2_early_soh,GPR,log,protocol_holdout,hybrid,3,80,24.61067529734781
TRI_Tesla,set2_early_soh,GPR,log,protocol_holdout,hybrid,3,88,23.173265529664555
TRI_Tesla,set2_early_soh,GPR,log,protocol_holdout,hybrid,3,96,21.51230090183408
TRI_Tesla,set2_early_soh,GPR,log,protocol_holdout,hybrid,3,104,21.58110173964697
TRI_Tesla,set2_early_soh,GPR,log,protocol_holdout,hybrid,3,107,21.114127474784507
TRI_Tesla,set2_early_soh,GPR,log,protocol_holdout,hybrid,4,8,91.41693702221966
TRI_Tesla,set2_early_soh,GPR,log,protocol_holdout,hybrid,4,16,64.25051303732069
TRI_Tesla,set2_early_soh,GPR,log,protocol_holdout,hybrid,4,24,52.203174182812816
TRI_Tesla,set2_early_soh,GPR,log,protocol_holdout,hybrid,4,32,48.71234150519562
TRI_Tesla,set2_early_soh,GPR,log,protocol_holdout,hybrid,4,40,48.465413992327726
TRI_Tesla,set2_early_soh,GPR,log,protocol_holdout,hybrid,4,48,46.50240177109811
TRI_Tesla,set2_early_soh,GPR,log,protocol_holdout,hybrid,4,56,47.89315262000832
TRI_Tesla,set2_early_soh,GPR,log,protocol_holdout,hybrid,4,64,38.27670362407047
TRI_Tesla,set2_early_soh,GPR,log,protocol_holdout,hybrid,4,72,37.29744932115193
TRI_Tesla,set2_early_soh,GPR,log,protocol_holdout,hybrid,4,80,36.00703725520293
TRI_Tesla,set2_early_soh,GPR,log,protocol_holdout,hybrid,4,88,35.137579045593014
TRI_Tesla,set2_early_soh,GPR,log,protocol_holdout,hybrid,4,96,31.64247660785463
TRI_Tesla,set2_early_soh,GPR,log,protocol_holdout,hybrid,4,104,33.042567434518155
TRI_Tesla,set2_early_soh,GPR,log,protocol_holdout,hybrid,4,107,33.388076244773714
TRI_Tesla,set2_early_soh,GPR,log,protocol_holdout,hybrid,5,8,76.51759598372557
TRI_Tesla,set2_early_soh,GPR,log,protocol_holdout,hybrid,5,16,28.79763193116352
TRI_Tesla,set2_early_soh,GPR,log,protocol_holdout,hybrid,5,24,18.976470018045468
TRI_Tesla,set2_early_soh,GPR,log,protocol_holdout,hybrid,5,32,13.907478313596432
TRI_Tesla,set2_early_soh,GPR,log,protocol_holdout,hybrid,5,40,13.675777615348984
TRI_Tesla,set2_early_soh,GPR,log,protocol_holdout,hybrid,5,48,13.35968913331781
TRI_Tesla,set2_early_soh,GPR,log,protocol_holdout,hybrid,5,56,13.524382073964569
TRI_Tesla,set2_early_soh,GPR,log,protocol_holdout,hybrid,5,64,14.138004478820154
TRI_Tesla,set2_early_soh,GPR,log,protocol_holdout,hybrid,5,72,14.081930240565727
TRI_Tesla,set2_early_soh,GPR,log,protocol_holdout,hybrid,5,80,18.3968149285818
TRI_Tesla,set2_early_soh,GPR,log,protocol_holdout,hybrid,5,88,17.054983666551728
TRI_Tesla,set2_early_soh,GPR,log,protocol_holdout,hybrid,5,96,17.08466593017885
TRI_Tesla,set2_early_soh,GPR,log,protocol_holdout,hybrid,5,104,16.75538545930767
TRI_Tesla,set2_early_soh,GPR,log,protocol_holdout,hybrid,5,107,16.93994414946083
TRI_Tesla,set2_early_soh,GPR,log,protocol_holdout,hybrid,6,8,32.86559628884287
TRI_Tesla,set2_early_soh,GPR,log,protocol_holdout,hybrid,6,16,24.294797627859342
TRI_Tesla,set2_early_soh,GPR,log,protocol_holdout,hybrid,6,24,22.71784299563483
TRI_Tesla,set2_early_soh,GPR,log,protocol_holdout,hybrid,6,32,21.279632694102
TRI_Tesla,set2_early_soh,GPR,log,protocol_holdout,hybrid,6,40,22.34834170478963
TRI_Tesla,set2_early_soh,GPR,log,protocol_holdout,hybrid,6,48,19.82692909262364
TRI_Tesla,set2_early_soh,GPR,log,protocol_holdout,hybrid,6,56,18.16743360482534
TRI_Tesla,set2_early_soh,GPR,log,protocol_holdout,hybrid,6,64,16.92386281060154
TRI_Tesla,set2_early_soh,GPR,log,protocol_holdout,hybrid,6,72,17.82589389158229
TRI_Tesla,set2_early_soh,GPR,log,protocol_holdout,hybrid,6,80,16.56426704464859
TRI_Tesla,set2_early_soh,GPR,log,protocol_holdout,hybrid,6,88,19.14821266361073
TRI_Tesla,set2_early_soh,GPR,log,protocol_holdout,hybrid,6,96,19.60884491796701
TRI_Tesla,set2_early_soh,GPR,log,protocol_holdout,hybrid,6,104,20.70210742188561
TRI_Tesla,set2_early_soh,GPR,log,protocol_holdout,hybrid,6,107,21.22989351489512
TRI_Tesla,set2_early_soh,GPR,log,protocol_holdout,hybrid,7,8,41.21889156442263
TRI_Tesla,set2_early_soh,GPR,log,protocol_holdout,hybrid,7,16,39.081191562071815
TRI_Tesla,set2_early_soh,GPR,log,protocol_holdout,hybrid,7,24,42.678133627346185
TRI_Tesla,set2_early_soh,GPR,log,protocol_holdout,hybrid,7,32,41.34000873179143
TRI_Tesla,set2_early_soh,GPR,log,protocol_holdout,hybrid,7,40,38.52773122631634
TRI_Tesla,set2_early_soh,GPR,log,protocol_holdout,hybrid,7,48,41.38615528842356
TRI_Tesla,set2_early_soh,GPR,log,protocol_holdout,hybrid,7,56,38.66134154385932
TRI_Tesla,set2_early_soh,GPR,log,protocol_holdout,hybrid,7,64,37.86524842459304
TRI_Tesla,set2_early_soh,GPR,log,protocol_holdout,hybrid,7,72,34.17687004121813
TRI_Tesla,set2_early_soh,GPR,log,protocol_holdout,hybrid,7,80,33.027029626204424
TRI_Tesla,set2_early_soh,GPR,log,protocol_holdout,hybrid,7,88,31.83347630467808
TRI_Tesla,set2_early_soh,GPR,log,protocol_holdout,hybrid,7,96,30.800019993907945
TRI_Tesla,set2_early_soh,GPR,log,protocol_holdout,hybrid,7,104,28.80112142570015
TRI_Tesla,set2_early_soh,GPR,log,protocol_holdout,hybrid,7,107,28.40181312820288
TRI_Tesla,set2_early_soh,GPR,log,protocol_holdout,hybrid,8,8,88.15315634559752
TRI_Tesla,set2_early_soh,GPR,log,protocol_holdout,hybrid,8,16,44.88042289380719
TRI_Tesla,set2_early_soh,GPR,log,protocol_holdout,hybrid,8,24,41.784609317416624
TRI_Tesla,set2_early_soh,GPR,log,protocol_holdout,hybrid,8,32,44.51418365111979
TRI_Tesla,set2_early_soh,GPR,log,protocol_holdout,hybrid,8,40,45.07049658267819
TRI_Tesla,set2_early_soh,GPR,log,protocol_holdout,hybrid,8,48,42.3616015826606
TRI_Tesla,set2_early_soh,GPR,log,protocol_holdout,hybrid,8,56,39.67411865491262
TRI_Tesla,set2_early_soh,GPR,log,protocol_holdout,hybrid,8,64,34.46582986131687
TRI_Tesla,set2_early_soh,GPR,log,protocol_holdout,hybrid,8,72,32.674783838438096
TRI_Tesla,set2_early_soh,GPR,log,protocol_holdout,hybrid,8,80,27.07296956537957
TRI_Tesla,set2_early_soh,GPR,log,protocol_holdout,hybrid,8,88,29.29991428672449
TRI_Tesla,set2_early_soh,GPR,log,protocol_holdout,hybrid,8,96,28.21204813639152
TRI_Tesla,set2_early_soh,GPR,log,protocol_holdout,hybrid,8,104,26.475100771329767
TRI_Tesla,set2_early_soh,GPR,log,protocol_holdout,hybrid,8,107,26.08581782842847
TRI_Tesla,set2_early_soh,GPR,log,protocol_holdout,hybrid,9,8,36.167131807141125
TRI_Tesla,set2_early_soh,GPR,log,protocol_holdout,hybrid,9,16,28.68793490441664
TRI_Tesla,set2_early_soh,GPR,log,protocol_holdout,hybrid,9,24,30.00718517067273
TRI_Tesla,set2_early_soh,GPR,log,protocol_holdout,hybrid,9,32,28.2267453002856
TRI_Tesla,set2_early_soh,GPR,log,protocol_holdout,hybrid,9,40,27.946653977556146
TRI_Tesla,set2_early_soh,GPR,log,protocol_holdout,hybrid,9,48,27.96213604234801
TRI_Tesla,set2_early_soh,GPR,log,protocol_holdout,hybrid,9,56,28.811879545532616
TRI_Tesla,set2_early_soh,GPR,log,protocol_holdout,hybrid,9,64,28.665982247491705
TRI_Tesla,set2_early_soh,GPR,log,protocol_holdout,hybrid,9,72,27.3516220027467
TRI_Tesla,set2_early_soh,GPR,log,protocol_holdout,hybrid,9,80,26.925296754221726
TRI_Tesla,set2_early_soh,GPR,log,protocol_holdout,hybrid,9,88,28.501035039535864
TRI_Tesla,set2_early_soh,GPR,log,protocol_holdout,hybrid,9,96,28.554279067321865
TRI_Tesla,set2_early_soh,GPR,log,protocol_holdout,hybrid,9,104,28.092715904717537
TRI_Tesla,set2_early_soh,GPR,log,protocol_holdout,hybrid,9,107,28.086055075002324
TRI_Tesla,set2_early_soh,GPR,log,protocol_holdout,hybrid,10,8,36.77573595054727
TRI_Tesla,set2_early_soh,GPR,log,protocol_holdout,hybrid,10,16,21.69658383791348
TRI_Tesla,set2_early_soh,GPR,log,protocol_holdout,hybrid,10,24,21.54245174580824
TRI_Tesla,set2_early_soh,GPR,log,protocol_holdout,hybrid,10,32,21.775287513819773
TRI_Tesla,set2_early_soh,GPR,log,protocol_holdout,hybrid,10,40,17.349337576278256
TRI_Tesla,set2_early_soh,GPR,log,protocol_holdout,hybrid,10,48,21.223824786835387
TRI_Tesla,set2_early_soh,GPR,log,protocol_holdout,hybrid,10,56,20.16084424916645
TRI_Tesla,set2_early_soh,GPR,log,protocol_holdout,hybrid,10,64,20.22750591047768
TRI_Tesla,set2_early_soh,GPR,log,protocol_holdout,hybrid,10,72,16.004611392705943
TRI_Tesla,set2_early_soh,GPR,log,protocol_holdout,hybrid,10,80,23.80835660659476
TRI_Tesla,set2_early_soh,GPR,log,protocol_holdout,hybrid,10,88,22.77943925189406
TRI_Tesla,set2_early_soh,GPR,log,protocol_holdout,hybrid,10,96,24.75136905823839
TRI_Tesla,set2_early_soh,GPR,log,protocol_holdout,hybrid,10,104,25.010539349728216
TRI_Tesla,set2_early_soh,GPR,log,protocol_holdout,hybrid,10,107,24.778143827891693
