dataset,feature_set,regressor,target_transform,pool_holdout_split_mode,method,trial,budget_total,mape
MIT,set5_features_metadata_corr95,GPR,log,protocol_holdout,random_selection,1,8,24.837089965189776
MIT,set5_features_metadata_corr95,GPR,log,protocol_holdout,random_selection,1,16,28.652982397572192
MIT,set5_features_metadata_corr95,GPR,log,protocol_holdout,random_selection,1,24,27.80811962338077
MIT,set5_features_metadata_corr95,GPR,log,protocol_holdout,random_selection,1,32,27.061358262655045
MIT,set5_features_metadata_corr95,GPR,log,protocol_holdout,random_selection,1,40,17.553156410753786
MIT,set5_features_metadata_corr95,GPR,log,protocol_holdout,random_selection,1,48,18.93156982793198
MIT,set5_features_metadata_corr95,GPR,log,protocol_holdout,random_selection,1,56,17.8293667744358
MIT,set5_features_metadata_corr95,GPR,log,protocol_holdout,random_selection,1,64,16.992089998949858
MIT,set5_features_metadata_corr95,GPR,log,protocol_holdout,random_selection,1,72,17.562487843572644
MIT,set5_features_metadata_corr95,GPR,log,protocol_holdout,random_selection,1,80,18.30703462191456
MIT,set5_features_metadata_corr95,GPR,log,protocol_holdout,random_selection,1,88,18.27957588811664
MIT,set5_features_metadata_corr95,GPR,log,protocol_holdout,random_selection,1,96,18.57584655897252
MIT,set5_features_metadata_corr95,GPR,log,protocol_holdout,random_selection,1,99,18.30505490472204
MIT,set5_features_metadata_corr95,GPR,log,protocol_holdout,random_selection,2,8,18.49956108964722
MIT,set5_features_metadata_corr95,GPR,log,protocol_holdout,random_selection,2,16,16.842132129169283
MIT,set5_features_metadata_corr95,GPR,log,protocol_holdout,random_selection,2,24,15.352830993750713
MIT,set5_features_metadata_corr95,GPR,log,protocol_holdout,random_selection,2,32,12.934189192817444
MIT,set5_features_metadata_corr95,GPR,log,protocol_holdout,random_selection,2,40,11.843629804422864
MIT,set5_features_metadata_corr95,GPR,log,protocol_holdout,random_selection,2,48,11.350655312791924
MIT,set5_features_metadata_corr95,GPR,log,protocol_holdout,random_selection,2,56,12.159629674676404
MIT,set5_features_metadata_corr95,GPR,log,protocol_holdout,random_selection,2,64,12.45160864375421
MIT,set5_features_metadata_corr95,GPR,log,protocol_holdout,random_selection,2,72,13.8858652694466
MIT,set5_features_metadata_corr95,GPR,log,protocol_holdout,random_selection,2,80,14.881404826525166
MIT,set5_features_metadata_corr95,GPR,log,protocol_holdout,random_selection,2,88,12.709387272992082
MIT,set5_features_metadata_corr95,GPR,log,protocol_holdout,random_selection,2,96,13.167812158297023
MIT,set5_features_metadata_corr95,GPR,log,protocol_holdout,random_selection,2,99,13.152763409969005
MIT,set5_features_metadata_corr95,GPR,log,protocol_holdout,random_selection,3,8,20.85460708559213
MIT,set5_features_metadata_corr95,GPR,log,protocol_holdout,random_selection,3,16,25.192698541755792
MIT,set5_features_metadata_corr95,GPR,log,protocol_holdout,random_selection,3,24,14.134785543877944
MIT,set5_features_metadata_corr95,GPR,log,protocol_holdout,random_selection,3,32,16.938806043501465
MIT,set5_features_metadata_corr95,GPR,log,protocol_holdout,random_selection,3,40,14.611402364750688
MIT,set5_features_metadata_corr95,GPR,log,protocol_holdout,random_selection,3,48,13.88143034775507
MIT,set5_features_metadata_corr95,GPR,log,protocol_holdout,random_selection,3,56,13.898625224603723
MIT,set5_features_metadata_corr95,GPR,log,protocol_holdout,random_selection,3,64,13.652855589124934
MIT,set5_features_metadata_corr95,GPR,log,protocol_holdout,random_selection,3,72,13.019200709433306
MIT,set5_features_metadata_corr95,GPR,log,protocol_holdout,random_selection,3,80,12.225680601661416
MIT,set5_features_metadata_corr95,GPR,log,protocol_holdout,random_selection,3,88,11.549106140001443
MIT,set5_features_metadata_corr95,GPR,log,protocol_holdout,random_selection,3,96,12.216134704900677
MIT,set5_features_metadata_corr95,GPR,log,protocol_holdout,random_selection,3,99,12.17251784832251
MIT,set5_features_metadata_corr95,GPR,log,protocol_holdout,random_selection,4,8,15.125006152805852
MIT,set5_features_metadata_corr95,GPR,log,protocol_holdout,random_selection,4,16,12.14475185200034
MIT,set5_features_metadata_corr95,GPR,log,protocol_holdout,random_selection,4,24,11.714331606891111
MIT,set5_features_metadata_corr95,GPR,log,protocol_holdout,random_selection,4,32,12.151517765124638
MIT,set5_features_metadata_corr95,GPR,log,protocol_holdout,random_selection,4,40,12.77497216372296
MIT,set5_features_metadata_corr95,GPR,log,protocol_holdout,random_selection,4,48,14.511870276099517
MIT,set5_features_metadata_corr95,GPR,log,protocol_holdout,random_selection,4,56,8.46961972518449
MIT,set5_features_metadata_corr95,GPR,log,protocol_holdout,random_selection,4,64,8.43824119718251
MIT,set5_features_metadata_corr95,GPR,log,protocol_holdout,random_selection,4,72,8.897961301065168
MIT,set5_features_metadata_corr95,GPR,log,protocol_holdout,random_selection,4,80,9.044461565661706
MIT,set5_features_metadata_corr95,GPR,log,protocol_holdout,random_selection,4,88,8.860560982763136
MIT,set5_features_metadata_corr95,GPR,log,protocol_holdout,random_selection,4,96,9.094984394926948
MIT,set5_features_metadata_corr95,GPR,log,protocol_holdout,random_selection,4,99,8.663390063476035
MIT,set5_features_metadata_corr95,GPR,log,protocol_holdout,random_selection,5,8,16.306654553137538
MIT,set5_features_metadata_corr95,GPR,log,protocol_holdout,random_selection,5,16,13.909940414979834
MIT,set5_features_metadata_corr95,GPR,log,protocol_holdout,random_selection,5,24,17.455013775487675
MIT,set5_features_metadata_corr95,GPR,log,protocol_holdout,random_selection,5,32,16.554567817521416
MIT,set5_features_metadata_corr95,GPR,log,protocol_holdout,random_selection,5,40,13.321455514091454
MIT,set5_features_metadata_corr95,GPR,log,protocol_holdout,random_selection,5,48,16.87653823093191
MIT,set5_features_metadata_corr95,GPR,log,protocol_holdout,random_selection,5,56,15.118337170482391
MIT,set5_features_metadata_corr95,GPR,log,protocol_holdout,random_selection,5,64,13.87165706452073
MIT,set5_features_metadata_corr95,GPR,log,protocol_holdout,random_selection,5,72,13.020003767132412
MIT,set5_features_metadata_corr95,GPR,log,protocol_holdout,random_selection,5,80,12.815019493359122
MIT,set5_features_metadata_corr95,GPR,log,protocol_holdout,random_selection,5,88,12.231666428725568
MIT,set5_features_metadata_corr95,GPR,log,protocol_holdout,random_selection,5,96,11.964820091204206
MIT,set5_features_metadata_corr95,GPR,log,protocol_holdout,random_selection,5,99,11.959781275991462
MIT,set5_features_metadata_corr95,GPR,log,protocol_holdout,random_selection,6,8,21.482651609119635
MIT,set5_features_metadata_corr95,GPR,log,protocol_holdout,random_selection,6,16,20.07682962073536
MIT,set5_features_metadata_corr95,GPR,log,protocol_holdout,random_selection,6,24,17.634041980186804
MIT,set5_features_metadata_corr95,GPR,log,protocol_holdout,random_selection,6,32,17.74380058943122
MIT,set5_features_metadata_corr95,GPR,log,protocol_holdout,random_selection,6,40,14.942267227331556
MIT,set5_features_metadata_corr95,GPR,log,protocol_holdout,random_selection,6,48,14.529961154588774
MIT,set5_features_metadata_corr95,GPR,log,protocol_holdout,random_selection,6,56,13.62522305051953
MIT,set5_features_metadata_corr95,GPR,log,protocol_holdout,random_selection,6,64,14.254281625379903
MIT,set5_features_metadata_corr95,GPR,log,protocol_holdout,random_selection,6,72,14.285028054860408
MIT,set5_features_metadata_corr95,GPR,log,protocol_holdout,random_selection,6,80,13.856992983611862
MIT,set5_features_metadata_corr95,GPR,log,protocol_holdout,random_selection,6,88,13.87581041119673
MIT,set5_features_metadata_corr95,GPR,log,protocol_holdout,random_selection,6,96,14.075356734328572
MIT,set5_features_metadata_corr95,GPR,log,protocol_holdout,random_selection,6,99,14.587724857718593
MIT,set5_features_metadata_corr95,GPR,log,protocol_holdout,random_selection,7,8,26.258948053381264
MIT,set5_features_metadata_corr95,GPR,log,protocol_holdout,random_selection,7,16,14.40446610423866
MIT,set5_features_metadata_corr95,GPR,log,protocol_holdout,random_selection,7,24,12.967892617989971
MIT,set5_features_metadata_corr95,GPR,log,protocol_holdout,random_selection,7,32,12.08173965978312
MIT,set5_features_metadata_corr95,GPR,log,protocol_holdout,random_selection,7,40,12.43460909376702
MIT,set5_features_metadata_corr95,GPR,log,protocol_holdout,random_selection,7,48,13.22096398126674
MIT,set5_features_metadata_corr95,GPR,log,protocol_holdout,random_selection,7,56,12.873402915423284
MIT,set5_features_metadata_corr95,GPR,log,protocol_holdout,random_selection,7,64,9.574311466258017
MIT,set5_features_metadata_corr95,GPR,log,protocol_holdout,random_selection,7,72,9.18917960317127
MIT,set5_features_metadata_corr95,GPR,log,protocol_holdout,random_selection,7,80,9.664436232284022
MIT,set5_features_metadata_corr95,GPR,log,protocol_holdout,random_selection,7,88,11.087391536111364
MIT,set5_features_metadata_corr95,GPR,log,protocol_holdout,random_selection,7,96,11.579882068583618
MIT,set5_features_metadata_corr95,GPR,log,protocol_holdout,random_selection,7,99,11.308169057259754
MIT,set5_features_metadata_corr95,GPR,log,protocol_holdout,random_selection,8,8,16.538130211384377
MIT,set5_features_metadata_corr95,GPR,log,protocol_holdout,random_selection,8,16,15.010255479299492
MIT,set5_features_metadata_corr95,GPR,log,protocol_holdout,random_selection,8,24,13.803282906000444
MIT,set5_features_metadata_corr95,GPR,log,protocol_holdout,random_selection,8,32,14.452682861906377
MIT,set5_features_metadata_corr95,GPR,log,protocol_holdout,random_selection,8,40,14.639328655880012
MIT,set5_features_metadata_corr95,GPR,log,protocol_holdout,random_selection,8,48,11.460807198884783
MIT,set5_features_metadata_corr95,GPR,log,protocol_holdout,random_selection,8,56,12.264889328106662
MIT,set5_features_metadata_corr95,GPR,log,protocol_holdout,random_selection,8,64,13.061404221559748
MIT,set5_features_metadata_corr95,GPR,log,protocol_holdout,random_selection,8,72,12.60820717976113
MIT,set5_features_metadata_corr95,GPR,log,protocol_holdout,random_selection,8,80,12.379991745607215
MIT,set5_features_metadata_corr95,GPR,log,protocol_holdout,random_selection,8,88,12.059646670140582
MIT,set5_features_metadata_corr95,GPR,log,protocol_holdout,random_selection,8,96,11.997605400295678
MIT,set5_features_metadata_corr95,GPR,log,protocol_holdout,random_selection,8,99,12.14796916438998
MIT,set5_features_metadata_corr95,GPR,log,protocol_holdout,random_selection,9,8,19.08719803760636
MIT,set5_features_metadata_corr95,GPR,log,protocol_holdout,random_selection,9,16,15.478330812893368
MIT,set5_features_metadata_corr95,GPR,log,protocol_holdout,random_selection,9,24,12.85594058246208
MIT,set5_features_metadata_corr95,GPR,log,protocol_holdout,random_selection,9,32,13.269548894863409
MIT,set5_features_metadata_corr95,GPR,log,protocol_holdout,random_selection,9,40,11.863577725335803
MIT,set5_features_metadata_corr95,GPR,log,protocol_holdout,random_selection,9,48,9.7405844791036
MIT,set5_features_metadata_corr95,GPR,log,protocol_holdout,random_selection,9,56,11.108141764669588
MIT,set5_features_metadata_corr95,GPR,log,protocol_holdout,random_selection,9,64,10.766948453087572
MIT,set5_features_metadata_corr95,GPR,log,protocol_holdout,random_selection,9,72,12.894336695804132
MIT,set5_features_metadata_corr95,GPR,log,protocol_holdout,random_selection,9,80,13.960258674297371
MIT,set5_features_metadata_corr95,GPR,log,protocol_holdout,random_selection,9,88,11.557316480638724
MIT,set5_features_metadata_corr95,GPR,log,protocol_holdout,random_selection,9,96,10.00099574650914
MIT,set5_features_metadata_corr95,GPR,log,protocol_holdout,random_selection,9,99,10.792794541628735
MIT,set5_features_metadata_corr95,GPR,log,protocol_holdout,random_selection,10,8,36.58819017791941
MIT,set5_features_metadata_corr95,GPR,log,protocol_holdout,random_selection,10,16,20.60002116184175
MIT,set5_features_metadata_corr95,GPR,log,protocol_holdout,random_selection,10,24,18.03133423373428
MIT,set5_features_metadata_corr95,GPR,log,protocol_holdout,random_selection,10,32,14.61224078591499
MIT,set5_features_metadata_corr95,GPR,log,protocol_holdout,random_selection,10,40,14.077585175667364
MIT,set5_features_metadata_corr95,GPR,log,protocol_holdout,random_selection,10,48,13.377005993250442
MIT,set5_features_metadata_corr95,GPR,log,protocol_holdout,random_selection,10,56,9.98225963905217
MIT,set5_features_metadata_corr95,GPR,log,protocol_holdout,random_selection,10,64,10.137158716529978
MIT,set5_features_metadata_corr95,GPR,log,protocol_holdout,random_selection,10,72,9.700800249103818
MIT,set5_features_metadata_corr95,GPR,log,protocol_holdout,random_selection,10,80,9.05907496576502
MIT,set5_features_metadata_corr95,GPR,log,protocol_holdout,random_selection,10,88,9.464914371099372
MIT,set5_features_metadata_corr95,GPR,log,protocol_holdout,random_selection,10,96,9.624206916724294
MIT,set5_features_metadata_corr95,GPR,log,protocol_holdout,random_selection,10,99,9.810460365477986
MIT,set5_features_metadata_corr95,GPR,log,protocol_holdout,diversity_oneshot,1,8,26.12071949336208
MIT,set5_features_metadata_corr95,GPR,log,protocol_holdout,diversity_oneshot,1,16,22.07218842379664
MIT,set5_features_metadata_corr95,GPR,log,protocol_holdout,diversity_oneshot,1,24,21.37591620849089
MIT,set5_features_metadata_corr95,GPR,log,protocol_holdout,diversity_oneshot,1,32,19.428279796847683
MIT,set5_features_metadata_corr95,GPR,log,protocol_holdout,diversity_oneshot,1,40,21.60586979628665
MIT,set5_features_metadata_corr95,GPR,log,protocol_holdout,diversity_oneshot,1,48,21.23322334909832
MIT,set5_features_metadata_corr95,GPR,log,protocol_holdout,diversity_oneshot,1,56,19.326522063539507
MIT,set5_features_metadata_corr95,GPR,log,protocol_holdout,diversity_oneshot,1,64,19.54296139128898
MIT,set5_features_metadata_corr95,GPR,log,protocol_holdout,diversity_oneshot,1,72,19.033830311700584
MIT,set5_features_metadata_corr95,GPR,log,protocol_holdout,diversity_oneshot,1,80,18.920745051226778
MIT,set5_features_metadata_corr95,GPR,log,protocol_holdout,diversity_oneshot,1,88,18.082780316703225
MIT,set5_features_metadata_corr95,GPR,log,protocol_holdout,diversity_oneshot,1,96,17.943656758288924
MIT,set5_features_metadata_corr95,GPR,log,protocol_holdout,diversity_oneshot,1,99,18.30505490472204
MIT,set5_features_metadata_corr95,GPR,log,protocol_holdout,diversity_oneshot,2,8,15.448572365595572
MIT,set5_features_metadata_corr95,GPR,log,protocol_holdout,diversity_oneshot,2,16,13.038979363489178
MIT,set5_features_metadata_corr95,GPR,log,protocol_holdout,diversity_oneshot,2,24,12.95995909252162
MIT,set5_features_metadata_corr95,GPR,log,protocol_holdout,diversity_oneshot,2,32,11.652556785048162
MIT,set5_features_metadata_corr95,GPR,log,protocol_holdout,diversity_oneshot,2,40,12.099554301808467
MIT,set5_features_metadata_corr95,GPR,log,protocol_holdout,diversity_oneshot,2,48,13.247293470316723
MIT,set5_features_metadata_corr95,GPR,log,protocol_holdout,diversity_oneshot,2,56,13.741899677096328
MIT,set5_features_metadata_corr95,GPR,log,protocol_holdout,diversity_oneshot,2,64,13.37169756242469
MIT,set5_features_metadata_corr95,GPR,log,protocol_holdout,diversity_oneshot,2,72,13.90905719915467
MIT,set5_features_metadata_corr95,GPR,log,protocol_holdout,diversity_oneshot,2,80,13.566880018885628
MIT,set5_features_metadata_corr95,GPR,log,protocol_holdout,diversity_oneshot,2,88,12.677148469695815
MIT,set5_features_metadata_corr95,GPR,log,protocol_holdout,diversity_oneshot,2,96,12.819176374128768
MIT,set5_features_metadata_corr95,GPR,log,protocol_holdout,diversity_oneshot,2,99,13.152763409969005
MIT,set5_features_metadata_corr95,GPR,log,protocol_holdout,diversity_oneshot,3,8,18.63266419904492
MIT,set5_features_metadata_corr95,GPR,log,protocol_holdout,diversity_oneshot,3,16,11.610374188182188
MIT,set5_features_metadata_corr95,GPR,log,protocol_holdout,diversity_oneshot,3,24,15.553155158390291
MIT,set5_features_metadata_corr95,GPR,log,protocol_holdout,diversity_oneshot,3,32,15.851247718709809
MIT,set5_features_metadata_corr95,GPR,log,protocol_holdout,diversity_oneshot,3,40,12.810602622334994
MIT,set5_features_metadata_corr95,GPR,log,protocol_holdout,diversity_oneshot,3,48,14.914963713832766
MIT,set5_features_metadata_corr95,GPR,log,protocol_holdout,diversity_oneshot,3,56,12.554431082787284
MIT,set5_features_metadata_corr95,GPR,log,protocol_holdout,diversity_oneshot,3,64,12.779582224376082
MIT,set5_features_metadata_corr95,GPR,log,protocol_holdout,diversity_oneshot,3,72,12.614602995587502
MIT,set5_features_metadata_corr95,GPR,log,protocol_holdout,diversity_oneshot,3,80,12.443105634694358
MIT,set5_features_metadata_corr95,GPR,log,protocol_holdout,diversity_oneshot,3,88,12.28189728272696
MIT,set5_features_metadata_corr95,GPR,log,protocol_holdout,diversity_oneshot,3,96,12.17409685458387
MIT,set5_features_metadata_corr95,GPR,log,protocol_holdout,diversity_oneshot,3,99,12.17251784832251
MIT,set5_features_metadata_corr95,GPR,log,protocol_holdout,diversity_oneshot,4,8,22.331730610878434
MIT,set5_features_metadata_corr95,GPR,log,protocol_holdout,diversity_oneshot,4,16,12.613474442443351
MIT,set5_features_metadata_corr95,GPR,log,protocol_holdout,diversity_oneshot,4,24,12.350329772430564
MIT,set5_features_metadata_corr95,GPR,log,protocol_holdout,diversity_oneshot,4,32,10.543209115772052
MIT,set5_features_metadata_corr95,GPR,log,protocol_holdout,diversity_oneshot,4,40,13.243510319226443
MIT,set5_features_metadata_corr95,GPR,log,protocol_holdout,diversity_oneshot,4,48,8.797191686446586
MIT,set5_features_metadata_corr95,GPR,log,protocol_holdout,diversity_oneshot,4,56,9.125593405459728
MIT,set5_features_metadata_corr95,GPR,log,protocol_holdout,diversity_oneshot,4,64,9.811465757633965
MIT,set5_features_metadata_corr95,GPR,log,protocol_holdout,diversity_oneshot,4,72,9.647145688130546
MIT,set5_features_metadata_corr95,GPR,log,protocol_holdout,diversity_oneshot,4,80,9.021581210089831
MIT,set5_features_metadata_corr95,GPR,log,protocol_holdout,diversity_oneshot,4,88,8.503652009780431
MIT,set5_features_metadata_corr95,GPR,log,protocol_holdout,diversity_oneshot,4,96,8.60002153296701
MIT,set5_features_metadata_corr95,GPR,log,protocol_holdout,diversity_oneshot,4,99,8.663390063476035
MIT,set5_features_metadata_corr95,GPR,log,protocol_holdout,diversity_oneshot,5,8,15.62132178516536
MIT,set5_features_metadata_corr95,GPR,log,protocol_holdout,diversity_oneshot,5,16,16.496486624793192
MIT,set5_features_metadata_corr95,GPR,log,protocol_holdout,diversity_oneshot,5,24,13.747386231768257
MIT,set5_features_metadata_corr95,GPR,log,protocol_holdout,diversity_oneshot,5,32,12.924406817347082
MIT,set5_features_metadata_corr95,GPR,log,protocol_holdout,diversity_oneshot,5,40,11.303012508860402
MIT,set5_features_metadata_corr95,GPR,log,protocol_holdout,diversity_oneshot,5,48,11.304848617147512
MIT,set5_features_metadata_corr95,GPR,log,protocol_holdout,diversity_oneshot,5,56,11.020902428781266
MIT,set5_features_metadata_corr95,GPR,log,protocol_holdout,diversity_oneshot,5,64,12.294345285345718
MIT,set5_features_metadata_corr95,GPR,log,protocol_holdout,diversity_oneshot,5,72,11.849240780647296
MIT,set5_features_metadata_corr95,GPR,log,protocol_holdout,diversity_oneshot,5,80,11.226856847699482
MIT,set5_features_metadata_corr95,GPR,log,protocol_holdout,diversity_oneshot,5,88,11.282406830245495
MIT,set5_features_metadata_corr95,GPR,log,protocol_holdout,diversity_oneshot,5,96,11.792476922615563
MIT,set5_features_metadata_corr95,GPR,log,protocol_holdout,diversity_oneshot,5,99,11.959781275991462
MIT,set5_features_metadata_corr95,GPR,log,protocol_holdout,diversity_oneshot,6,8,27.90669268692104
MIT,set5_features_metadata_corr95,GPR,log,protocol_holdout,diversity_oneshot,6,16,19.23560844795712
MIT,set5_features_metadata_corr95,GPR,log,protocol_holdout,diversity_oneshot,6,24,19.832725537000385
MIT,set5_features_metadata_corr95,GPR,log,protocol_holdout,diversity_oneshot,6,32,15.891197683571642
MIT,set5_features_metadata_corr95,GPR,log,protocol_holdout,diversity_oneshot,6,40,16.01291915106616
MIT,set5_features_metadata_corr95,GPR,log,protocol_holdout,diversity_oneshot,6,48,14.297671392863808
MIT,set5_features_metadata_corr95,GPR,log,protocol_holdout,diversity_oneshot,6,56,14.442208094034047
MIT,set5_features_metadata_corr95,GPR,log,protocol_holdout,diversity_oneshot,6,64,15.201695014011843
MIT,set5_features_metadata_corr95,GPR,log,protocol_holdout,diversity_oneshot,6,72,14.090747409329897
MIT,set5_features_metadata_corr95,GPR,log,protocol_holdout,diversity_oneshot,6,80,13.589826115386316
MIT,set5_features_metadata_corr95,GPR,log,protocol_holdout,diversity_oneshot,6,88,13.60197540859377
MIT,set5_features_metadata_corr95,GPR,log,protocol_holdout,diversity_oneshot,6,96,14.29297493950363
MIT,set5_features_metadata_corr95,GPR,log,protocol_holdout,diversity_oneshot,6,99,14.587724857718593
MIT,set5_features_metadata_corr95,GPR,log,protocol_holdout,diversity_oneshot,7,8,22.28765616710294
MIT,set5_features_metadata_corr95,GPR,log,protocol_holdout,diversity_oneshot,7,16,19.21255001815113
MIT,set5_features_metadata_corr95,GPR,log,protocol_holdout,diversity_oneshot,7,24,12.66239214772053
MIT,set5_features_metadata_corr95,GPR,log,protocol_holdout,diversity_oneshot,7,32,13.533164165841225
MIT,set5_features_metadata_corr95,GPR,log,protocol_holdout,diversity_oneshot,7,40,11.98609939214182
MIT,set5_features_metadata_corr95,GPR,log,protocol_holdout,diversity_oneshot,7,48,14.004542103981022
MIT,set5_features_metadata_corr95,GPR,log,protocol_holdout,diversity_oneshot,7,56,13.265871641105528
MIT,set5_features_metadata_corr95,GPR,log,protocol_holdout,diversity_oneshot,7,64,12.261166346289588
MIT,set5_features_metadata_corr95,GPR,log,protocol_holdout,diversity_oneshot,7,72,11.440723545453382
MIT,set5_features_metadata_corr95,GPR,log,protocol_holdout,diversity_oneshot,7,80,10.523307857070012
MIT,set5_features_metadata_corr95,GPR,log,protocol_holdout,diversity_oneshot,7,88,10.92463092924692
MIT,set5_features_metadata_corr95,GPR,log,protocol_holdout,diversity_oneshot,7,96,10.575224812481112
MIT,set5_features_metadata_corr95,GPR,log,protocol_holdout,diversity_oneshot,7,99,11.308169057259754
MIT,set5_features_metadata_corr95,GPR,log,protocol_holdout,diversity_oneshot,8,8,18.763703554956503
MIT,set5_features_metadata_corr95,GPR,log,protocol_holdout,diversity_oneshot,8,16,15.050674017090532
MIT,set5_features_metadata_corr95,GPR,log,protocol_holdout,diversity_oneshot,8,24,12.497804216371122
MIT,set5_features_metadata_corr95,GPR,log,protocol_holdout,diversity_oneshot,8,32,14.012117189737674
MIT,set5_features_metadata_corr95,GPR,log,protocol_holdout,diversity_oneshot,8,40,12.36980279470088
MIT,set5_features_metadata_corr95,GPR,log,protocol_holdout,diversity_oneshot,8,48,12.623091942510015
MIT,set5_features_metadata_corr95,GPR,log,protocol_holdout,diversity_oneshot,8,56,12.161977240199336
MIT,set5_features_metadata_corr95,GPR,log,protocol_holdout,diversity_oneshot,8,64,12.170915035216357
MIT,set5_features_metadata_corr95,GPR,log,protocol_holdout,diversity_oneshot,8,72,12.427378770960107
MIT,set5_features_metadata_corr95,GPR,log,protocol_holdout,diversity_oneshot,8,80,12.344840318282795
MIT,set5_features_metadata_corr95,GPR,log,protocol_holdout,diversity_oneshot,8,88,12.269140599745583
MIT,set5_features_metadata_corr95,GPR,log,protocol_holdout,diversity_oneshot,8,96,12.209900788660368
MIT,set5_features_metadata_corr95,GPR,log,protocol_holdout,diversity_oneshot,8,99,12.14796916438998
MIT,set5_features_metadata_corr95,GPR,log,protocol_holdout,diversity_oneshot,9,8,12.227695811639936
MIT,set5_features_metadata_corr95,GPR,log,protocol_holdout,diversity_oneshot,9,16,15.529531109897588
MIT,set5_features_metadata_corr95,GPR,log,protocol_holdout,diversity_oneshot,9,24,15.156395055409307
MIT,set5_features_metadata_corr95,GPR,log,protocol_holdout,diversity_oneshot,9,32,15.257379921869823
MIT,set5_features_metadata_corr95,GPR,log,protocol_holdout,diversity_oneshot,9,40,9.383060007140898
MIT,set5_features_metadata_corr95,GPR,log,protocol_holdout,diversity_oneshot,9,48,10.827798501585674
MIT,set5_features_metadata_corr95,GPR,log,protocol_holdout,diversity_oneshot,9,56,9.100398168059613
MIT,set5_features_metadata_corr95,GPR,log,protocol_holdout,diversity_oneshot,9,64,10.153920234730432
MIT,set5_features_metadata_corr95,GPR,log,protocol_holdout,diversity_oneshot,9,72,9.202171235297492
MIT,set5_features_metadata_corr95,GPR,log,protocol_holdout,diversity_oneshot,9,80,9.764942037150234
MIT,set5_features_metadata_corr95,GPR,log,protocol_holdout,diversity_oneshot,9,88,10.42380300618887
MIT,set5_features_metadata_corr95,GPR,log,protocol_holdout,diversity_oneshot,9,96,11.572841563836516
MIT,set5_features_metadata_corr95,GPR,log,protocol_holdout,diversity_oneshot,9,99,10.792794541628735
MIT,set5_features_metadata_corr95,GPR,log,protocol_holdout,diversity_oneshot,10,8,18.357186979065528
MIT,set5_features_metadata_corr95,GPR,log,protocol_holdout,diversity_oneshot,10,16,14.68224703951484
MIT,set5_features_metadata_corr95,GPR,log,protocol_holdout,diversity_oneshot,10,24,18.070825540255097
MIT,set5_features_metadata_corr95,GPR,log,protocol_holdout,diversity_oneshot,10,32,12.577041655173463
MIT,set5_features_metadata_corr95,GPR,log,protocol_holdout,diversity_oneshot,10,40,13.30815576291543
MIT,set5_features_metadata_corr95,GPR,log,protocol_holdout,diversity_oneshot,10,48,12.569913628793802
MIT,set5_features_metadata_corr95,GPR,log,protocol_holdout,diversity_oneshot,10,56,11.26002644389059
MIT,set5_features_metadata_corr95,GPR,log,protocol_holdout,diversity_oneshot,10,64,10.856772683691686
MIT,set5_features_metadata_corr95,GPR,log,protocol_holdout,diversity_oneshot,10,72,9.57876414071425
MIT,set5_features_metadata_corr95,GPR,log,protocol_holdout,diversity_oneshot,10,80,10.596877525166413
MIT,set5_features_metadata_corr95,GPR,log,protocol_holdout,diversity_oneshot,10,88,10.29420600845407
MIT,set5_features_metadata_corr95,GPR,log,protocol_holdout,diversity_oneshot,10,96,9.68134335360164
MIT,set5_features_metadata_corr95,GPR,log,protocol_holdout,diversity_oneshot,10,99,9.810460365477986
MIT,set5_features_metadata_corr95,GPR,log,protocol_holdout,diversity_iterative,1,8,26.12071949336208
MIT,set5_features_metadata_corr95,GPR,log,protocol_holdout,diversity_iterative,1,16,23.015047946835487
MIT,set5_features_metadata_corr95,GPR,log,protocol_holdout,diversity_iterative,1,24,24.667500347813203
MIT,set5_features_metadata_corr95,GPR,log,protocol_holdout,diversity_iterative,1,32,21.831322200647787
MIT,set5_features_metadata_corr95,GPR,log,protocol_holdout,diversity_iterative,1,40,19.99149987016675
MIT,set5_features_metadata_corr95,GPR,log,protocol_holdout,diversity_iterative,1,48,20.92267498714416
MIT,set5_features_metadata_corr95,GPR,log,protocol_holdout,diversity_iterative,1,56,22.22960827956281
MIT,set5_features_metadata_corr95,GPR,log,protocol_holdout,diversity_iterative,1,64,20.06159112223173
MIT,set5_features_metadata_corr95,GPR,log,protocol_holdout,diversity_iterative,1,72,19.106945133306105
MIT,set5_features_metadata_corr95,GPR,log,protocol_holdout,diversity_iterative,1,80,19.970249143806235
MIT,set5_features_metadata_corr95,GPR,log,protocol_holdout,diversity_iterative,1,88,18.935460985408923
MIT,set5_features_metadata_corr95,GPR,log,protocol_holdout,diversity_iterative,1,96,19.333444058770123
MIT,set5_features_metadata_corr95,GPR,log,protocol_holdout,diversity_iterative,1,99,18.30505490472204
MIT,set5_features_metadata_corr95,GPR,log,protocol_holdout,diversity_iterative,2,8,15.448572365595572
MIT,set5_features_metadata_corr95,GPR,log,protocol_holdout,diversity_iterative,2,16,12.80828381370622
MIT,set5_features_metadata_corr95,GPR,log,protocol_holdout,diversity_iterative,2,24,10.80006970735505
MIT,set5_features_metadata_corr95,GPR,log,protocol_holdout,diversity_iterative,2,32,11.120527038343855
MIT,set5_features_metadata_corr95,GPR,log,protocol_holdout,diversity_iterative,2,40,12.545445620330431
MIT,set5_features_metadata_corr95,GPR,log,protocol_holdout,diversity_iterative,2,48,11.290913069969127
MIT,set5_features_metadata_corr95,GPR,log,protocol_holdout,diversity_iterative,2,56,14.32510375571098
MIT,set5_features_metadata_corr95,GPR,log,protocol_holdout,diversity_iterative,2,64,14.55581380286356
MIT,set5_features_metadata_corr95,GPR,log,protocol_holdout,diversity_iterative,2,72,14.399007035123818
MIT,set5_features_metadata_corr95,GPR,log,protocol_holdout,diversity_iterative,2,80,13.04778697514197
MIT,set5_features_metadata_corr95,GPR,log,protocol_holdout,diversity_iterative,2,88,12.757737976076124
MIT,set5_features_metadata_corr95,GPR,log,protocol_holdout,diversity_iterative,2,96,13.267245560363529
MIT,set5_features_metadata_corr95,GPR,log,protocol_holdout,diversity_iterative,2,99,13.152763409969005
MIT,set5_features_metadata_corr95,GPR,log,protocol_holdout,diversity_iterative,3,8,18.63266419904492
MIT,set5_features_metadata_corr95,GPR,log,protocol_holdout,diversity_iterative,3,16,18.99542515656736
MIT,set5_features_metadata_corr95,GPR,log,protocol_holdout,diversity_iterative,3,24,17.166660689435783
MIT,set5_features_metadata_corr95,GPR,log,protocol_holdout,diversity_iterative,3,32,14.973202782159929
MIT,set5_features_metadata_corr95,GPR,log,protocol_holdout,diversity_iterative,3,40,14.468061408339722
MIT,set5_features_metadata_corr95,GPR,log,protocol_holdout,diversity_iterative,3,48,13.074177491256805
MIT,set5_features_metadata_corr95,GPR,log,protocol_holdout,diversity_iterative,3,56,12.345665358407269
MIT,set5_features_metadata_corr95,GPR,log,protocol_holdout,diversity_iterative,3,64,12.352710403440884
MIT,set5_features_metadata_corr95,GPR,log,protocol_holdout,diversity_iterative,3,72,12.143859677795684
MIT,set5_features_metadata_corr95,GPR,log,protocol_holdout,diversity_iterative,3,80,13.210834893551509
MIT,set5_features_metadata_corr95,GPR,log,protocol_holdout,diversity_iterative,3,88,12.468129276154931
MIT,set5_features_metadata_corr95,GPR,log,protocol_holdout,diversity_iterative,3,96,12.015506910177823
MIT,set5_features_metadata_corr95,GPR,log,protocol_holdout,diversity_iterative,3,99,12.17251784832251
MIT,set5_features_metadata_corr95,GPR,log,protocol_holdout,diversity_iterative,4,8,22.331730610878434
MIT,set5_features_metadata_corr95,GPR,log,protocol_holdout,diversity_iterative,4,16,14.005999450318404
MIT,set5_features_metadata_corr95,GPR,log,protocol_holdout,diversity_iterative,4,24,12.214309173247877
MIT,set5_features_metadata_corr95,GPR,log,protocol_holdout,diversity_iterative,4,32,13.266734210852697
MIT,set5_features_metadata_corr95,GPR,log,protocol_holdout,diversity_iterative,4,40,12.326301243678834
MIT,set5_features_metadata_corr95,GPR,log,protocol_holdout,diversity_iterative,4,48,11.758946639168704
MIT,set5_features_metadata_corr95,GPR,log,protocol_holdout,diversity_iterative,4,56,11.353308086903546
MIT,set5_features_metadata_corr95,GPR,log,protocol_holdout,diversity_iterative,4,64,9.700137159694696
MIT,set5_features_metadata_corr95,GPR,log,protocol_holdout,diversity_iterative,4,72,9.704459875105702
MIT,set5_features_metadata_corr95,GPR,log,protocol_holdout,diversity_iterative,4,80,10.374078177170842
MIT,set5_features_metadata_corr95,GPR,log,protocol_holdout,diversity_iterative,4,88,9.30388347599265
MIT,set5_features_metadata_corr95,GPR,log,protocol_holdout,diversity_iterative,4,96,8.634625464930085
MIT,set5_features_metadata_corr95,GPR,log,protocol_holdout,diversity_iterative,4,99,8.663390063476035
MIT,set5_features_metadata_corr95,GPR,log,protocol_holdout,diversity_iterative,5,8,15.62132178516536
MIT,set5_features_metadata_corr95,GPR,log,protocol_holdout,diversity_iterative,5,16,12.949838295530965
MIT,set5_features_metadata_corr95,GPR,log,protocol_holdout,diversity_iterative,5,24,11.199379494019087
MIT,set5_features_metadata_corr95,GPR,log,protocol_holdout,diversity_iterative,5,32,12.628527129506484
MIT,set5_features_metadata_corr95,GPR,log,protocol_holdout,diversity_iterative,5,40,12.927942694666136
MIT,set5_features_metadata_corr95,GPR,log,protocol_holdout,diversity_iterative,5,48,12.79295268574114
MIT,set5_features_metadata_corr95,GPR,log,protocol_holdout,diversity_iterative,5,56,12.571564423025649
MIT,set5_features_metadata_corr95,GPR,log,protocol_holdout,diversity_iterative,5,64,12.56792784805601
MIT,set5_features_metadata_corr95,GPR,log,protocol_holdout,diversity_iterative,5,72,11.793967112711083
MIT,set5_features_metadata_corr95,GPR,log,protocol_holdout,diversity_iterative,5,80,10.448499977306824
MIT,set5_features_metadata_corr95,GPR,log,protocol_holdout,diversity_iterative,5,88,10.451445232071688
MIT,set5_features_metadata_corr95,GPR,log,protocol_holdout,diversity_iterative,5,96,11.56198066264607
MIT,set5_features_metadata_corr95,GPR,log,protocol_holdout,diversity_iterative,5,99,11.959781275991462
MIT,set5_features_metadata_corr95,GPR,log,protocol_holdout,diversity_iterative,6,8,27.90669268692104
MIT,set5_features_metadata_corr95,GPR,log,protocol_holdout,diversity_iterative,6,16,21.805775708767367
MIT,set5_features_metadata_corr95,GPR,log,protocol_holdout,diversity_iterative,6,24,20.322389601128965
MIT,set5_features_metadata_corr95,GPR,log,protocol_holdout,diversity_iterative,6,32,21.83514596939298
MIT,set5_features_metadata_corr95,GPR,log,protocol_holdout,diversity_iterative,6,40,16.861691022754375
MIT,set5_features_metadata_corr95,GPR,log,protocol_holdout,diversity_iterative,6,48,18.16345721909197
MIT,set5_features_metadata_corr95,GPR,log,protocol_holdout,diversity_iterative,6,56,16.18797063433203
MIT,set5_features_metadata_corr95,GPR,log,protocol_holdout,diversity_iterative,6,64,17.081356637595302
MIT,set5_features_metadata_corr95,GPR,log,protocol_holdout,diversity_iterative,6,72,13.89850038668775
MIT,set5_features_metadata_corr95,GPR,log,protocol_holdout,diversity_iterative,6,80,14.629931854550676
MIT,set5_features_metadata_corr95,GPR,log,protocol_holdout,diversity_iterative,6,88,14.842571011877553
MIT,set5_features_metadata_corr95,GPR,log,protocol_holdout,diversity_iterative,6,96,14.834428785014364
MIT,set5_features_metadata_corr95,GPR,log,protocol_holdout,diversity_iterative,6,99,14.587724857718593
MIT,set5_features_metadata_corr95,GPR,log,protocol_holdout,diversity_iterative,7,8,22.28765616710294
MIT,set5_features_metadata_corr95,GPR,log,protocol_holdout,diversity_iterative,7,16,13.171325130222703
MIT,set5_features_metadata_corr95,GPR,log,protocol_holdout,diversity_iterative,7,24,11.125816870179866
MIT,set5_features_metadata_corr95,GPR,log,protocol_holdout,diversity_iterative,7,32,13.77711439450281
MIT,set5_features_metadata_corr95,GPR,log,protocol_holdout,diversity_iterative,7,40,12.266249649717746
MIT,set5_features_metadata_corr95,GPR,log,protocol_holdout,diversity_iterative,7,48,13.274636001308432
MIT,set5_features_metadata_corr95,GPR,log,protocol_holdout,diversity_iterative,7,56,16.39189587943968
MIT,set5_features_metadata_corr95,GPR,log,protocol_holdout,diversity_iterative,7,64,15.587847826316958
MIT,set5_features_metadata_corr95,GPR,log,protocol_holdout,diversity_iterative,7,72,12.777116952954728
MIT,set5_features_metadata_corr95,GPR,log,protocol_holdout,diversity_iterative,7,80,11.254060519603096
MIT,set5_features_metadata_corr95,GPR,log,protocol_holdout,diversity_iterative,7,88,11.22091792105161
MIT,set5_features_metadata_corr95,GPR,log,protocol_holdout,diversity_iterative,7,96,11.089862068865356
MIT,set5_features_metadata_corr95,GPR,log,protocol_holdout,diversity_iterative,7,99,11.308169057259754
MIT,set5_features_metadata_corr95,GPR,log,protocol_holdout,diversity_iterative,8,8,18.763703554956503
MIT,set5_features_metadata_corr95,GPR,log,protocol_holdout,diversity_iterative,8,16,15.21235012963304
MIT,set5_features_metadata_corr95,GPR,log,protocol_holdout,diversity_iterative,8,24,14.306599330998262
MIT,set5_features_metadata_corr95,GPR,log,protocol_holdout,diversity_iterative,8,32,12.592207636830375
MIT,set5_features_metadata_corr95,GPR,log,protocol_holdout,diversity_iterative,8,40,11.863936837028218
MIT,set5_features_metadata_corr95,GPR,log,protocol_holdout,diversity_iterative,8,48,11.12681546721234
MIT,set5_features_metadata_corr95,GPR,log,protocol_holdout,diversity_iterative,8,56,11.863700918781385
MIT,set5_features_metadata_corr95,GPR,log,protocol_holdout,diversity_iterative,8,64,11.849962023386288
MIT,set5_features_metadata_corr95,GPR,log,protocol_holdout,diversity_iterative,8,72,11.388145360785954
MIT,set5_features_metadata_corr95,GPR,log,protocol_holdout,diversity_iterative,8,80,11.517567032567136
MIT,set5_features_metadata_corr95,GPR,log,protocol_holdout,diversity_iterative,8,88,12.138021759145133
MIT,set5_features_metadata_corr95,GPR,log,protocol_holdout,diversity_iterative,8,96,12.05633690569701
MIT,set5_features_metadata_corr95,GPR,log,protocol_holdout,diversity_iterative,8,99,12.14796916438998
MIT,set5_features_metadata_corr95,GPR,log,protocol_holdout,diversity_iterative,9,8,12.227695811639936
MIT,set5_features_metadata_corr95,GPR,log,protocol_holdout,diversity_iterative,9,16,17.708742424057068
MIT,set5_features_metadata_corr95,GPR,log,protocol_holdout,diversity_iterative,9,24,13.210871800785284
MIT,set5_features_metadata_corr95,GPR,log,protocol_holdout,diversity_iterative,9,32,13.312738180705033
MIT,set5_features_metadata_corr95,GPR,log,protocol_holdout,diversity_iterative,9,40,11.359200949736282
MIT,set5_features_metadata_corr95,GPR,log,protocol_holdout,diversity_iterative,9,48,9.964632337785224
MIT,set5_features_metadata_corr95,GPR,log,protocol_holdout,diversity_iterative,9,56,8.467483617714786
MIT,set5_features_metadata_corr95,GPR,log,protocol_holdout,diversity_iterative,9,64,9.843609229975511
MIT,set5_features_metadata_corr95,GPR,log,protocol_holdout,diversity_iterative,9,72,9.476134858301888
MIT,set5_features_metadata_corr95,GPR,log,protocol_holdout,diversity_iterative,9,80,9.780073678442273
MIT,set5_features_metadata_corr95,GPR,log,protocol_holdout,diversity_iterative,9,88,10.607490541713483
MIT,set5_features_metadata_corr95,GPR,log,protocol_holdout,diversity_iterative,9,96,9.908478208770704
MIT,set5_features_metadata_corr95,GPR,log,protocol_holdout,diversity_iterative,9,99,10.792794541628735
MIT,set5_features_metadata_corr95,GPR,log,protocol_holdout,diversity_iterative,10,8,18.357186979065528
MIT,set5_features_metadata_corr95,GPR,log,protocol_holdout,diversity_iterative,10,16,16.737965103756494
MIT,set5_features_metadata_corr95,GPR,log,protocol_holdout,diversity_iterative,10,24,14.800928008559843
MIT,set5_features_metadata_corr95,GPR,log,protocol_holdout,diversity_iterative,10,32,17.913628929037895
MIT,set5_features_metadata_corr95,GPR,log,protocol_holdout,diversity_iterative,10,40,13.312045278492194
MIT,set5_features_metadata_corr95,GPR,log,protocol_holdout,diversity_iterative,10,48,12.990179469591547
MIT,set5_features_metadata_corr95,GPR,log,protocol_holdout,diversity_iterative,10,56,12.798155042207316
MIT,set5_features_metadata_corr95,GPR,log,protocol_holdout,diversity_iterative,10,64,11.148919059404076
MIT,set5_features_metadata_corr95,GPR,log,protocol_holdout,diversity_iterative,10,72,10.340027635020482
MIT,set5_features_metadata_corr95,GPR,log,protocol_holdout,diversity_iterative,10,80,10.057010138510048
MIT,set5_features_metadata_corr95,GPR,log,protocol_holdout,diversity_iterative,10,88,10.291163240389002
MIT,set5_features_metadata_corr95,GPR,log,protocol_holdout,diversity_iterative,10,96,10.53390672887392
MIT,set5_features_metadata_corr95,GPR,log,protocol_holdout,diversity_iterative,10,99,9.810460365477986
MIT,set5_features_metadata_corr95,GPR,log,protocol_holdout,coverage,1,8,24.837089965189776
MIT,set5_features_metadata_corr95,GPR,log,protocol_holdout,coverage,1,16,21.33182773337032
MIT,set5_features_metadata_corr95,GPR,log,protocol_holdout,coverage,1,24,18.04801562517671
MIT,set5_features_metadata_corr95,GPR,log,protocol_holdout,coverage,1,32,17.328154604556065
MIT,set5_features_metadata_corr95,GPR,log,protocol_holdout,coverage,1,40,18.26780133225452
MIT,set5_features_metadata_corr95,GPR,log,protocol_holdout,coverage,1,48,20.238504276646168
MIT,set5_features_metadata_corr95,GPR,log,protocol_holdout,coverage,1,56,19.1633037969934
MIT,set5_features_metadata_corr95,GPR,log,protocol_holdout,coverage,1,64,18.77109640195056
MIT,set5_features_metadata_corr95,GPR,log,protocol_holdout,coverage,1,72,18.30086253813503
MIT,set5_features_metadata_corr95,GPR,log,protocol_holdout,coverage,1,80,18.57104926183979
MIT,set5_features_metadata_corr95,GPR,log,protocol_holdout,coverage,1,88,18.64378627404181
MIT,set5_features_metadata_corr95,GPR,log,protocol_holdout,coverage,1,96,17.976511558618405
MIT,set5_features_metadata_corr95,GPR,log,protocol_holdout,coverage,1,99,18.30505490472204
MIT,set5_features_metadata_corr95,GPR,log,protocol_holdout,coverage,2,8,18.49956108964722
MIT,set5_features_metadata_corr95,GPR,log,protocol_holdout,coverage,2,16,14.657358279508731
MIT,set5_features_metadata_corr95,GPR,log,protocol_holdout,coverage,2,24,10.735448438899782
MIT,set5_features_metadata_corr95,GPR,log,protocol_holdout,coverage,2,32,12.85190340601047
MIT,set5_features_metadata_corr95,GPR,log,protocol_holdout,coverage,2,40,13.341516343441697
MIT,set5_features_metadata_corr95,GPR,log,protocol_holdout,coverage,2,48,15.48580874408464
MIT,set5_features_metadata_corr95,GPR,log,protocol_holdout,coverage,2,56,15.63628995283677
MIT,set5_features_metadata_corr95,GPR,log,protocol_holdout,coverage,2,64,14.780757673171475
MIT,set5_features_metadata_corr95,GPR,log,protocol_holdout,coverage,2,72,14.762802056199392
MIT,set5_features_metadata_corr95,GPR,log,protocol_holdout,coverage,2,80,14.005428910355375
MIT,set5_features_metadata_corr95,GPR,log,protocol_holdout,coverage,2,88,14.327086478388829
MIT,set5_features_metadata_corr95,GPR,log,protocol_holdout,coverage,2,96,13.129537051080757
MIT,set5_features_metadata_corr95,GPR,log,protocol_holdout,coverage,2,99,13.152763409969005
MIT,set5_features_metadata_corr95,GPR,log,protocol_holdout,coverage,3,8,20.85460708559213
MIT,set5_features_metadata_corr95,GPR,log,protocol_holdout,coverage,3,16,14.617422342216043
MIT,set5_features_metadata_corr95,GPR,log,protocol_holdout,coverage,3,24,11.841837424994017
MIT,set5_features_metadata_corr95,GPR,log,protocol_holdout,coverage,3,32,12.511994043062838
MIT,set5_features_metadata_corr95,GPR,log,protocol_holdout,coverage,3,40,15.0973662099604
MIT,set5_features_metadata_corr95,GPR,log,protocol_holdout,coverage,3,48,13.599040161713583
MIT,set5_features_metadata_corr95,GPR,log,protocol_holdout,coverage,3,56,10.542502458917836
MIT,set5_features_metadata_corr95,GPR,log,protocol_holdout,coverage,3,64,11.51518274462977
MIT,set5_features_metadata_corr95,GPR,log,protocol_holdout,coverage,3,72,11.722119006634465
MIT,set5_features_metadata_corr95,GPR,log,protocol_holdout,coverage,3,80,12.048382259744905
MIT,set5_features_metadata_corr95,GPR,log,protocol_holdout,coverage,3,88,12.155386931700074
MIT,set5_features_metadata_corr95,GPR,log,protocol_holdout,coverage,3,96,12.088677182923178
MIT,set5_features_metadata_corr95,GPR,log,protocol_holdout,coverage,3,99,12.17251784832251
MIT,set5_features_metadata_corr95,GPR,log,protocol_holdout,coverage,4,8,15.125006152805852
MIT,set5_features_metadata_corr95,GPR,log,protocol_holdout,coverage,4,16,11.68943938362837
MIT,set5_features_metadata_corr95,GPR,log,protocol_holdout,coverage,4,24,17.262249928387188
MIT,set5_features_metadata_corr95,GPR,log,protocol_holdout,coverage,4,32,13.04786242618394
MIT,set5_features_metadata_corr95,GPR,log,protocol_holdout,coverage,4,40,11.649692975872156
MIT,set5_features_metadata_corr95,GPR,log,protocol_holdout,coverage,4,48,10.089455552801256
MIT,set5_features_metadata_corr95,GPR,log,protocol_holdout,coverage,4,56,9.466722129549366
MIT,set5_features_metadata_corr95,GPR,log,protocol_holdout,coverage,4,64,9.008204227441874
MIT,set5_features_metadata_corr95,GPR,log,protocol_holdout,coverage,4,72,8.478568023655193
MIT,set5_features_metadata_corr95,GPR,log,protocol_holdout,coverage,4,80,8.251392630514113
MIT,set5_features_metadata_corr95,GPR,log,protocol_holdout,coverage,4,88,8.41842352341438
MIT,set5_features_metadata_corr95,GPR,log,protocol_holdout,coverage,4,96,8.568874800008349
MIT,set5_features_metadata_corr95,GPR,log,protocol_holdout,coverage,4,99,8.663390063476035
MIT,set5_features_metadata_corr95,GPR,log,protocol_holdout,coverage,5,8,16.306654553137538
MIT,set5_features_metadata_corr95,GPR,log,protocol_holdout,coverage,5,16,12.766457357568516
MIT,set5_features_metadata_corr95,GPR,log,protocol_holdout,coverage,5,24,12.748384424567332
MIT,set5_features_metadata_corr95,GPR,log,protocol_holdout,coverage,5,32,11.106587251783631
MIT,set5_features_metadata_corr95,GPR,log,protocol_holdout,coverage,5,40,12.28777101614326
MIT,set5_features_metadata_corr95,GPR,log,protocol_holdout,coverage,5,48,11.867863716935464
MIT,set5_features_metadata_corr95,GPR,log,protocol_holdout,coverage,5,56,14.115077244030704
MIT,set5_features_metadata_corr95,GPR,log,protocol_holdout,coverage,5,64,14.524933693123748
MIT,set5_features_metadata_corr95,GPR,log,protocol_holdout,coverage,5,72,13.129853403900874
MIT,set5_features_metadata_corr95,GPR,log,protocol_holdout,coverage,5,80,12.479414565366223
MIT,set5_features_metadata_corr95,GPR,log,protocol_holdout,coverage,5,88,12.368604461615154
MIT,set5_features_metadata_corr95,GPR,log,protocol_holdout,coverage,5,96,12.159178005038044
MIT,set5_features_metadata_corr95,GPR,log,protocol_holdout,coverage,5,99,11.959781275991462
MIT,set5_features_metadata_corr95,GPR,log,protocol_holdout,coverage,6,8,21.482651609119635
MIT,set5_features_metadata_corr95,GPR,log,protocol_holdout,coverage,6,16,24.654490711513127
MIT,set5_features_metadata_corr95,GPR,log,protocol_holdout,coverage,6,24,21.15239996562444
MIT,set5_features_metadata_corr95,GPR,log,protocol_holdout,coverage,6,32,16.880607912735574
MIT,set5_features_metadata_corr95,GPR,log,protocol_holdout,coverage,6,40,17.402324727070724
MIT,set5_features_metadata_corr95,GPR,log,protocol_holdout,coverage,6,48,15.817445343866837
MIT,set5_features_metadata_corr95,GPR,log,protocol_holdout,coverage,6,56,13.324608287582906
MIT,set5_features_metadata_corr95,GPR,log,protocol_holdout,coverage,6,64,14.582702287636346
MIT,set5_features_metadata_corr95,GPR,log,protocol_holdout,coverage,6,72,14.580236433308777
MIT,set5_features_metadata_corr95,GPR,log,protocol_holdout,coverage,6,80,14.235264329487508
MIT,set5_features_metadata_corr95,GPR,log,protocol_holdout,coverage,6,88,14.29604305979549
MIT,set5_features_metadata_corr95,GPR,log,protocol_holdout,coverage,6,96,14.427918883330095
MIT,set5_features_metadata_corr95,GPR,log,protocol_holdout,coverage,6,99,14.587724857718593
MIT,set5_features_metadata_corr95,GPR,log,protocol_holdout,coverage,7,8,26.258948053381264
MIT,set5_features_metadata_corr95,GPR,log,protocol_holdout,coverage,7,16,17.148430782844887
MIT,set5_features_metadata_corr95,GPR,log,protocol_holdout,coverage,7,24,11.225383973970876
MIT,set5_features_metadata_corr95,GPR,log,protocol_holdout,coverage,7,32,10.268483568241852
MIT,set5_features_metadata_corr95,GPR,log,protocol_holdout,coverage,7,40,10.426973068801278
MIT,set5_features_metadata_corr95,GPR,log,protocol_holdout,coverage,7,48,10.507570472487195
MIT,set5_features_metadata_corr95,GPR,log,protocol_holdout,coverage,7,56,11.713416543299909
MIT,set5_features_metadata_corr95,GPR,log,protocol_holdout,coverage,7,64,12.500149994192927
MIT,set5_features_metadata_corr95,GPR,log,protocol_holdout,coverage,7,72,12.83645850370307
MIT,set5_features_metadata_corr95,GPR,log,protocol_holdout,coverage,7,80,13.75190539159434
MIT,set5_features_metadata_corr95,GPR,log,protocol_holdout,coverage,7,88,10.954091252093582
MIT,set5_features_metadata_corr95,GPR,log,protocol_holdout,coverage,7,96,10.54988583881454
MIT,set5_features_metadata_corr95,GPR,log,protocol_holdout,coverage,7,99,11.308169057259754
MIT,set5_features_metadata_corr95,GPR,log,protocol_holdout,coverage,8,8,16.538130211384377
MIT,set5_features_metadata_corr95,GPR,log,protocol_holdout,coverage,8,16,13.158858824337106
MIT,set5_features_metadata_corr95,GPR,log,protocol_holdout,coverage,8,24,12.61264805203898
MIT,set5_features_metadata_corr95,GPR,log,protocol_holdout,coverage,8,32,12.82595716696309
MIT,set5_features_metadata_corr95,GPR,log,protocol_holdout,coverage,8,40,13.27508839303906
MIT,set5_features_metadata_corr95,GPR,log,protocol_holdout,coverage,8,48,13.428444649301465
MIT,set5_features_metadata_corr95,GPR,log,protocol_holdout,coverage,8,56,12.834408741179445
MIT,set5_features_metadata_corr95,GPR,log,protocol_holdout,coverage,8,64,12.3008562739285
MIT,set5_features_metadata_corr95,GPR,log,protocol_holdout,coverage,8,72,12.36365101607024
MIT,set5_features_metadata_corr95,GPR,log,protocol_holdout,coverage,8,80,11.903528875967869
MIT,set5_features_metadata_corr95,GPR,log,protocol_holdout,coverage,8,88,12.05075846624129
MIT,set5_features_metadata_corr95,GPR,log,protocol_holdout,coverage,8,96,12.080582099702818
MIT,set5_features_metadata_corr95,GPR,log,protocol_holdout,coverage,8,99,12.14796916438998
MIT,set5_features_metadata_corr95,GPR,log,protocol_holdout,coverage,9,8,19.08719803760636
MIT,set5_features_metadata_corr95,GPR,log,protocol_holdout,coverage,9,16,15.236210736074582
MIT,set5_features_metadata_corr95,GPR,log,protocol_holdout,coverage,9,24,14.717508228075816
MIT,set5_features_metadata_corr95,GPR,log,protocol_holdout,coverage,9,32,14.106084408181635
MIT,set5_features_metadata_corr95,GPR,log,protocol_holdout,coverage,9,40,13.962718155122223
MIT,set5_features_metadata_corr95,GPR,log,protocol_holdout,coverage,9,48,13.54046166271871
MIT,set5_features_metadata_corr95,GPR,log,protocol_holdout,coverage,9,56,12.33700317933006
MIT,set5_features_metadata_corr95,GPR,log,protocol_holdout,coverage,9,64,12.09534822514878
MIT,set5_features_metadata_corr95,GPR,log,protocol_holdout,coverage,9,72,11.54416467001664
MIT,set5_features_metadata_corr95,GPR,log,protocol_holdout,coverage,9,80,11.436348694272626
MIT,set5_features_metadata_corr95,GPR,log,protocol_holdout,coverage,9,88,11.244608724969495
MIT,set5_features_metadata_corr95,GPR,log,protocol_holdout,coverage,9,96,11.1073921706669
MIT,set5_features_metadata_corr95,GPR,log,protocol_holdout,coverage,9,99,10.792794541628735
MIT,set5_features_metadata_corr95,GPR,log,protocol_holdout,coverage,10,8,36.58819017791941
MIT,set5_features_metadata_corr95,GPR,log,protocol_holdout,coverage,10,16,13.804897534089402
MIT,set5_features_metadata_corr95,GPR,log,protocol_holdout,coverage,10,24,12.521257698491942
MIT,set5_features_metadata_corr95,GPR,log,protocol_holdout,coverage,10,32,17.88655479814153
MIT,set5_features_metadata_corr95,GPR,log,protocol_holdout,coverage,10,40,12.223701712616014
MIT,set5_features_metadata_corr95,GPR,log,protocol_holdout,coverage,10,48,10.564533172275754
MIT,set5_features_metadata_corr95,GPR,log,protocol_holdout,coverage,10,56,9.809615733188208
MIT,set5_features_metadata_corr95,GPR,log,protocol_holdout,coverage,10,64,9.711560414277402
MIT,set5_features_metadata_corr95,GPR,log,protocol_holdout,coverage,10,72,9.609361737853783
MIT,set5_features_metadata_corr95,GPR,log,protocol_holdout,coverage,10,80,9.676174497931331
MIT,set5_features_metadata_corr95,GPR,log,protocol_holdout,coverage,10,88,9.851567695857195
MIT,set5_features_metadata_corr95,GPR,log,protocol_holdout,coverage,10,96,9.54827051533992
MIT,set5_features_metadata_corr95,GPR,log,protocol_holdout,coverage,10,99,9.810460365477986
MIT,set5_features_metadata_corr95,GPR,log,protocol_holdout,exploration,1,8,24.837089965189776
MIT,set5_features_metadata_corr95,GPR,log,protocol_holdout,exploration,1,16,32.711020321440145
MIT,set5_features_metadata_corr95,GPR,log,protocol_holdout,exploration,1,24,18.52734079656657
MIT,set5_features_metadata_corr95,GPR,log,protocol_holdout,exploration,1,32,17.68083745890771
MIT,set5_features_metadata_corr95,GPR,log,protocol_holdout,exploration,1,40,18.117054159958943
MIT,set5_features_metadata_corr95,GPR,log,protocol_holdout,exploration,1,48,18.809989129216447
MIT,set5_features_metadata_corr95,GPR,log,protocol_holdout,exploration,1,56,18.586049347255784
MIT,set5_features_metadata_corr95,GPR,log,protocol_holdout,exploration,1,64,18.24586023427517
MIT,set5_features_metadata_corr95,GPR,log,protocol_holdout,exploration,1,72,17.93254245657207
MIT,set5_features_metadata_corr95,GPR,log,protocol_holdout,exploration,1,80,17.920995750713416
MIT,set5_features_metadata_corr95,GPR,log,protocol_holdout,exploration,1,88,18.16736644340723
MIT,set5_features_metadata_corr95,GPR,log,protocol_holdout,exploration,1,96,18.225882849123064
MIT,set5_features_metadata_corr95,GPR,log,protocol_holdout,exploration,1,99,18.30505490472204
MIT,set5_features_metadata_corr95,GPR,log,protocol_holdout,exploration,2,8,18.49956108964722
MIT,set5_features_metadata_corr95,GPR,log,protocol_holdout,exploration,2,16,14.657358279508731
MIT,set5_features_metadata_corr95,GPR,log,protocol_holdout,exploration,2,24,12.286838838513075
MIT,set5_features_metadata_corr95,GPR,log,protocol_holdout,exploration,2,32,11.853948355400512
MIT,set5_features_metadata_corr95,GPR,log,protocol_holdout,exploration,2,40,11.29319936017236
MIT,set5_features_metadata_corr95,GPR,log,protocol_holdout,exploration,2,48,11.021594280142766
MIT,set5_features_metadata_corr95,GPR,log,protocol_holdout,exploration,2,56,12.279379867900674
MIT,set5_features_metadata_corr95,GPR,log,protocol_holdout,exploration,2,64,12.62793175767946
MIT,set5_features_metadata_corr95,GPR,log,protocol_holdout,exploration,2,72,12.772300337530575
MIT,set5_features_metadata_corr95,GPR,log,protocol_holdout,exploration,2,80,12.640288502390554
MIT,set5_features_metadata_corr95,GPR,log,protocol_holdout,exploration,2,88,13.015504341371134
MIT,set5_features_metadata_corr95,GPR,log,protocol_holdout,exploration,2,96,13.103417930320196
MIT,set5_features_metadata_corr95,GPR,log,protocol_holdout,exploration,2,99,13.152763409969005
MIT,set5_features_metadata_corr95,GPR,log,protocol_holdout,exploration,3,8,20.85460708559213
MIT,set5_features_metadata_corr95,GPR,log,protocol_holdout,exploration,3,16,14.617422342216043
MIT,set5_features_metadata_corr95,GPR,log,protocol_holdout,exploration,3,24,12.962187512350711
MIT,set5_features_metadata_corr95,GPR,log,protocol_holdout,exploration,3,32,14.196441600156756
MIT,set5_features_metadata_corr95,GPR,log,protocol_holdout,exploration,3,40,17.675187015839732
MIT,set5_features_metadata_corr95,GPR,log,protocol_holdout,exploration,3,48,17.508862866180444
MIT,set5_features_metadata_corr95,GPR,log,protocol_holdout,exploration,3,56,17.340682076573138
MIT,set5_features_metadata_corr95,GPR,log,protocol_holdout,exploration,3,64,15.239208466970464
MIT,set5_features_metadata_corr95,GPR,log,protocol_holdout,exploration,3,72,15.0600399348427
MIT,set5_features_metadata_corr95,GPR,log,protocol_holdout,exploration,3,80,13.544722419330418
MIT,set5_features_metadata_corr95,GPR,log,protocol_holdout,exploration,3,88,12.57813262301272
MIT,set5_features_metadata_corr95,GPR,log,protocol_holdout,exploration,3,96,12.20890554921966
MIT,set5_features_metadata_corr95,GPR,log,protocol_holdout,exploration,3,99,12.17251784832251
MIT,set5_features_metadata_corr95,GPR,log,protocol_holdout,exploration,4,8,15.125006152805852
MIT,set5_features_metadata_corr95,GPR,log,protocol_holdout,exploration,4,16,10.87499012056922
MIT,set5_features_metadata_corr95,GPR,log,protocol_holdout,exploration,4,24,11.53943580953896
MIT,set5_features_metadata_corr95,GPR,log,protocol_holdout,exploration,4,32,8.765004458335744
MIT,set5_features_metadata_corr95,GPR,log,protocol_holdout,exploration,4,40,9.031900061647312
MIT,set5_features_metadata_corr95,GPR,log,protocol_holdout,exploration,4,48,8.59914093312582
MIT,set5_features_metadata_corr95,GPR,log,protocol_holdout,exploration,4,56,8.563804039812668
MIT,set5_features_metadata_corr95,GPR,log,protocol_holdout,exploration,4,64,8.587794127680247
MIT,set5_features_metadata_corr95,GPR,log,protocol_holdout,exploration,4,72,8.421099835100076
MIT,set5_features_metadata_corr95,GPR,log,protocol_holdout,exploration,4,80,8.725243204782561
MIT,set5_features_metadata_corr95,GPR,log,protocol_holdout,exploration,4,88,8.831368044011526
MIT,set5_features_metadata_corr95,GPR,log,protocol_holdout,exploration,4,96,8.659378303309435
MIT,set5_features_metadata_corr95,GPR,log,protocol_holdout,exploration,4,99,8.663390063476035
MIT,set5_features_metadata_corr95,GPR,log,protocol_holdout,exploration,5,8,16.306654553137538
MIT,set5_features_metadata_corr95,GPR,log,protocol_holdout,exploration,5,16,12.766457357568516
MIT,set5_features_metadata_corr95,GPR,log,protocol_holdout,exploration,5,24,12.063627910028972
MIT,set5_features_metadata_corr95,GPR,log,protocol_holdout,exploration,5,32,12.553194848532328
MIT,set5_features_metadata_corr95,GPR,log,protocol_holdout,exploration,5,40,12.360018431863192
MIT,set5_features_metadata_corr95,GPR,log,protocol_holdout,exploration,5,48,12.739222137205388
MIT,set5_features_metadata_corr95,GPR,log,protocol_holdout,exploration,5,56,12.990876846324309
MIT,set5_features_metadata_corr95,GPR,log,protocol_holdout,exploration,5,64,14.34248756253808
MIT,set5_features_metadata_corr95,GPR,log,protocol_holdout,exploration,5,72,13.234721005023689
MIT,set5_features_metadata_corr95,GPR,log,protocol_holdout,exploration,5,80,12.548129770799932
MIT,set5_features_metadata_corr95,GPR,log,protocol_holdout,exploration,5,88,12.22829429584015
MIT,set5_features_metadata_corr95,GPR,log,protocol_holdout,exploration,5,96,11.922443901395356
MIT,set5_features_metadata_corr95,GPR,log,protocol_holdout,exploration,5,99,11.959781275991462
MIT,set5_features_metadata_corr95,GPR,log,protocol_holdout,exploration,6,8,21.482651609119635
MIT,set5_features_metadata_corr95,GPR,log,protocol_holdout,exploration,6,16,24.654490711513127
MIT,set5_features_metadata_corr95,GPR,log,protocol_holdout,exploration,6,24,20.53208884480577
MIT,set5_features_metadata_corr95,GPR,log,protocol_holdout,exploration,6,32,15.20119126355223
MIT,set5_features_metadata_corr95,GPR,log,protocol_holdout,exploration,6,40,15.9142137742304
MIT,set5_features_metadata_corr95,GPR,log,protocol_holdout,exploration,6,48,15.287529219013264
MIT,set5_features_metadata_corr95,GPR,log,protocol_holdout,exploration,6,56,15.071839647130425
MIT,set5_features_metadata_corr95,GPR,log,protocol_holdout,exploration,6,64,14.893606170385372
MIT,set5_features_metadata_corr95,GPR,log,protocol_holdout,exploration,6,72,14.232919255927367
MIT,set5_features_metadata_corr95,GPR,log,protocol_holdout,exploration,6,80,14.618814656475871
MIT,set5_features_metadata_corr95,GPR,log,protocol_holdout,exploration,6,88,14.310727314866195
MIT,set5_features_metadata_corr95,GPR,log,protocol_holdout,exploration,6,96,14.384338737657169
MIT,set5_features_metadata_corr95,GPR,log,protocol_holdout,exploration,6,99,14.587724857718593
MIT,set5_features_metadata_corr95,GPR,log,protocol_holdout,exploration,7,8,26.258948053381264
MIT,set5_features_metadata_corr95,GPR,log,protocol_holdout,exploration,7,16,17.31942004023035
MIT,set5_features_metadata_corr95,GPR,log,protocol_holdout,exploration,7,24,11.043480525566723
MIT,set5_features_metadata_corr95,GPR,log,protocol_holdout,exploration,7,32,9.42673939691499
MIT,set5_features_metadata_corr95,GPR,log,protocol_holdout,exploration,7,40,9.422957757197338
MIT,set5_features_metadata_corr95,GPR,log,protocol_holdout,exploration,7,48,8.711669977627935
MIT,set5_features_metadata_corr95,GPR,log,protocol_holdout,exploration,7,56,9.5816273054356
MIT,set5_features_metadata_corr95,GPR,log,protocol_holdout,exploration,7,64,10.229447598842365
MIT,set5_features_metadata_corr95,GPR,log,protocol_holdout,exploration,7,72,10.701653314256832
MIT,set5_features_metadata_corr95,GPR,log,protocol_holdout,exploration,7,80,10.9849385753204
MIT,set5_features_metadata_corr95,GPR,log,protocol_holdout,exploration,7,88,11.128935963193728
MIT,set5_features_metadata_corr95,GPR,log,protocol_holdout,exploration,7,96,11.254325669921164
MIT,set5_features_metadata_corr95,GPR,log,protocol_holdout,exploration,7,99,11.308169057259754
MIT,set5_features_metadata_corr95,GPR,log,protocol_holdout,exploration,8,8,16.538130211384377
MIT,set5_features_metadata_corr95,GPR,log,protocol_holdout,exploration,8,16,15.473860340521556
MIT,set5_features_metadata_corr95,GPR,log,protocol_holdout,exploration,8,24,11.980651763529378
MIT,set5_features_metadata_corr95,GPR,log,protocol_holdout,exploration,8,32,12.274471006268437
MIT,set5_features_metadata_corr95,GPR,log,protocol_holdout,exploration,8,40,12.589670771595838
MIT,set5_features_metadata_corr95,GPR,log,protocol_holdout,exploration,8,48,12.55420636572758
MIT,set5_features_metadata_corr95,GPR,log,protocol_holdout,exploration,8,56,12.707038140617174
MIT,set5_features_metadata_corr95,GPR,log,protocol_holdout,exploration,8,64,12.527659297505089
MIT,set5_features_metadata_corr95,GPR,log,protocol_holdout,exploration,8,72,12.260780876993136
MIT,set5_features_metadata_corr95,GPR,log,protocol_holdout,exploration,8,80,12.442028706803129
MIT,set5_features_metadata_corr95,GPR,log,protocol_holdout,exploration,8,88,12.413681218844385
MIT,set5_features_metadata_corr95,GPR,log,protocol_holdout,exploration,8,96,12.26894974957017
MIT,set5_features_metadata_corr95,GPR,log,protocol_holdout,exploration,8,99,12.14796916438998
MIT,set5_features_metadata_corr95,GPR,log,protocol_holdout,exploration,9,8,19.08719803760636
MIT,set5_features_metadata_corr95,GPR,log,protocol_holdout,exploration,9,16,14.755191316510748
MIT,set5_features_metadata_corr95,GPR,log,protocol_holdout,exploration,9,24,14.175247476008588
MIT,set5_features_metadata_corr95,GPR,log,protocol_holdout,exploration,9,32,11.517677632781425
MIT,set5_features_metadata_corr95,GPR,log,protocol_holdout,exploration,9,40,12.18572339154711
MIT,set5_features_metadata_corr95,GPR,log,protocol_holdout,exploration,9,48,11.934181316047326
MIT,set5_features_metadata_corr95,GPR,log,protocol_holdout,exploration,9,56,11.131139158965386
MIT,set5_features_metadata_corr95,GPR,log,protocol_holdout,exploration,9,64,11.252335227897785
MIT,set5_features_metadata_corr95,GPR,log,protocol_holdout,exploration,9,72,12.341978615803722
MIT,set5_features_metadata_corr95,GPR,log,protocol_holdout,exploration,9,80,11.978495373076653
MIT,set5_features_metadata_corr95,GPR,log,protocol_holdout,exploration,9,88,12.233653026015512
MIT,set5_features_metadata_corr95,GPR,log,protocol_holdout,exploration,9,96,11.10800786726406
MIT,set5_features_metadata_corr95,GPR,log,protocol_holdout,exploration,9,99,10.792794541628735
MIT,set5_features_metadata_corr95,GPR,log,protocol_holdout,exploration,10,8,36.58819017791941
MIT,set5_features_metadata_corr95,GPR,log,protocol_holdout,exploration,10,16,13.369680834771408
MIT,set5_features_metadata_corr95,GPR,log,protocol_holdout,exploration,10,24,14.269669983376064
MIT,set5_features_metadata_corr95,GPR,log,protocol_holdout,exploration,10,32,11.609464780777977
MIT,set5_features_metadata_corr95,GPR,log,protocol_holdout,exploration,10,40,10.90912309295305
MIT,set5_features_metadata_corr95,GPR,log,protocol_holdout,exploration,10,48,11.297378496944114
MIT,set5_features_metadata_corr95,GPR,log,protocol_holdout,exploration,10,56,10.636969215181855
MIT,set5_features_metadata_corr95,GPR,log,protocol_holdout,exploration,10,64,9.441386997690504
MIT,set5_features_metadata_corr95,GPR,log,protocol_holdout,exploration,10,72,9.935098696600123
MIT,set5_features_metadata_corr95,GPR,log,protocol_holdout,exploration,10,80,10.209557293600756
MIT,set5_features_metadata_corr95,GPR,log,protocol_holdout,exploration,10,88,10.045045421978324
MIT,set5_features_metadata_corr95,GPR,log,protocol_holdout,exploration,10,96,9.764917553707182
MIT,set5_features_metadata_corr95,GPR,log,protocol_holdout,exploration,10,99,9.810460365477986
MIT,set5_features_metadata_corr95,GPR,log,protocol_holdout,exploitation,1,8,24.837089965189776
MIT,set5_features_metadata_corr95,GPR,log,protocol_holdout,exploitation,1,16,32.53519261206977
MIT,set5_features_metadata_corr95,GPR,log,protocol_holdout,exploitation,1,24,33.81686810732534
MIT,set5_features_metadata_corr95,GPR,log,protocol_holdout,exploitation,1,32,31.26218305725488
MIT,set5_features_metadata_corr95,GPR,log,protocol_holdout,exploitation,1,40,30.774221828096167
MIT,set5_features_metadata_corr95,GPR,log,protocol_holdout,exploitation,1,48,30.273011811295625
MIT,set5_features_metadata_corr95,GPR,log,protocol_holdout,exploitation,1,56,17.306064012950092
MIT,set5_features_metadata_corr95,GPR,log,protocol_holdout,exploitation,1,64,17.917104466161916
MIT,set5_features_metadata_corr95,GPR,log,protocol_holdout,exploitation,1,72,18.727090461155445
MIT,set5_features_metadata_corr95,GPR,log,protocol_holdout,exploitation,1,80,18.60500177451393
MIT,set5_features_metadata_corr95,GPR,log,protocol_holdout,exploitation,1,88,18.277234009302312
MIT,set5_features_metadata_corr95,GPR,log,protocol_holdout,exploitation,1,96,18.23891101399541
MIT,set5_features_metadata_corr95,GPR,log,protocol_holdout,exploitation,1,99,18.30505490472204
MIT,set5_features_metadata_corr95,GPR,log,protocol_holdout,exploitation,2,8,18.49956108964722
MIT,set5_features_metadata_corr95,GPR,log,protocol_holdout,exploitation,2,16,16.83110438319928
MIT,set5_features_metadata_corr95,GPR,log,protocol_holdout,exploitation,2,24,17.15806287777234
MIT,set5_features_metadata_corr95,GPR,log,protocol_holdout,exploitation,2,32,15.210559210156124
MIT,set5_features_metadata_corr95,GPR,log,protocol_holdout,exploitation,2,40,11.573804022021566
MIT,set5_features_metadata_corr95,GPR,log,protocol_holdout,exploitation,2,48,11.049308207728576
MIT,set5_features_metadata_corr95,GPR,log,protocol_holdout,exploitation,2,56,11.283836973106594
MIT,set5_features_metadata_corr95,GPR,log,protocol_holdout,exploitation,2,64,12.869802135144411
MIT,set5_features_metadata_corr95,GPR,log,protocol_holdout,exploitation,2,72,12.586158445740685
MIT,set5_features_metadata_corr95,GPR,log,protocol_holdout,exploitation,2,80,12.42813851853
MIT,set5_features_metadata_corr95,GPR,log,protocol_holdout,exploitation,2,88,12.998235336421931
MIT,set5_features_metadata_corr95,GPR,log,protocol_holdout,exploitation,2,96,13.24202007787694
MIT,set5_features_metadata_corr95,GPR,log,protocol_holdout,exploitation,2,99,13.152763409969005
MIT,set5_features_metadata_corr95,GPR,log,protocol_holdout,exploitation,3,8,20.85460708559213
MIT,set5_features_metadata_corr95,GPR,log,protocol_holdout,exploitation,3,16,21.686168157181225
MIT,set5_features_metadata_corr95,GPR,log,protocol_holdout,exploitation,3,24,17.479653619010914
MIT,set5_features_metadata_corr95,GPR,log,protocol_holdout,exploitation,3,32,21.92935751837972
MIT,set5_features_metadata_corr95,GPR,log,protocol_holdout,exploitation,3,40,15.91269481799909
MIT,set5_features_metadata_corr95,GPR,log,protocol_holdout,exploitation,3,48,14.74321582445046
MIT,set5_features_metadata_corr95,GPR,log,protocol_holdout,exploitation,3,56,16.863564135547865
MIT,set5_features_metadata_corr95,GPR,log,protocol_holdout,exploitation,3,64,15.750528465553549
MIT,set5_features_metadata_corr95,GPR,log,protocol_holdout,exploitation,3,72,17.135687757564337
MIT,set5_features_metadata_corr95,GPR,log,protocol_holdout,exploitation,3,80,14.219291899237192
MIT,set5_features_metadata_corr95,GPR,log,protocol_holdout,exploitation,3,88,13.253565452199537
MIT,set5_features_metadata_corr95,GPR,log,protocol_holdout,exploitation,3,96,12.199995205355032
MIT,set5_features_metadata_corr95,GPR,log,protocol_holdout,exploitation,3,99,12.17251784832251
MIT,set5_features_metadata_corr95,GPR,log,protocol_holdout,exploitation,4,8,15.125006152805852
MIT,set5_features_metadata_corr95,GPR,log,protocol_holdout,exploitation,4,16,10.8947325932436
MIT,set5_features_metadata_corr95,GPR,log,protocol_holdout,exploitation,4,24,9.47879145866566
MIT,set5_features_metadata_corr95,GPR,log,protocol_holdout,exploitation,4,32,9.196936620013048
MIT,set5_features_metadata_corr95,GPR,log,protocol_holdout,exploitation,4,40,10.376939616594711
MIT,set5_features_metadata_corr95,GPR,log,protocol_holdout,exploitation,4,48,11.499095490418492
MIT,set5_features_metadata_corr95,GPR,log,protocol_holdout,exploitation,4,56,10.362088926809747
MIT,set5_features_metadata_corr95,GPR,log,protocol_holdout,exploitation,4,64,10.079674201132931
MIT,set5_features_metadata_corr95,GPR,log,protocol_holdout,exploitation,4,72,9.438149332815032
MIT,set5_features_metadata_corr95,GPR,log,protocol_holdout,exploitation,4,80,8.631350436569685
MIT,set5_features_metadata_corr95,GPR,log,protocol_holdout,exploitation,4,88,8.553300541277396
MIT,set5_features_metadata_corr95,GPR,log,protocol_holdout,exploitation,4,96,8.685324746527156
MIT,set5_features_metadata_corr95,GPR,log,protocol_holdout,exploitation,4,99,8.663390063476035
MIT,set5_features_metadata_corr95,GPR,log,protocol_holdout,exploitation,5,8,16.306654553137538
MIT,set5_features_metadata_corr95,GPR,log,protocol_holdout,exploitation,5,16,16.76155366513285
MIT,set5_features_metadata_corr95,GPR,log,protocol_holdout,exploitation,5,24,13.548075540498576
MIT,set5_features_metadata_corr95,GPR,log,protocol_holdout,exploitation,5,32,13.933737992408874
MIT,set5_features_metadata_corr95,GPR,log,protocol_holdout,exploitation,5,40,12.486954792768415
MIT,set5_features_metadata_corr95,GPR,log,protocol_holdout,exploitation,5,48,13.21465210468985
MIT,set5_features_metadata_corr95,GPR,log,protocol_holdout,exploitation,5,56,13.422246702251597
MIT,set5_features_metadata_corr95,GPR,log,protocol_holdout,exploitation,5,64,13.682356044374623
MIT,set5_features_metadata_corr95,GPR,log,protocol_holdout,exploitation,5,72,12.897537795779815
MIT,set5_features_metadata_corr95,GPR,log,protocol_holdout,exploitation,5,80,13.271773799332752
MIT,set5_features_metadata_corr95,GPR,log,protocol_holdout,exploitation,5,88,12.414545033180657
MIT,set5_features_metadata_corr95,GPR,log,protocol_holdout,exploitation,5,96,11.965205112544869
MIT,set5_features_metadata_corr95,GPR,log,protocol_holdout,exploitation,5,99,11.959781275991462
MIT,set5_features_metadata_corr95,GPR,log,protocol_holdout,exploitation,6,8,21.482651609119635
MIT,set5_features_metadata_corr95,GPR,log,protocol_holdout,exploitation,6,16,19.33241128073654
MIT,set5_features_metadata_corr95,GPR,log,protocol_holdout,exploitation,6,24,20.09169283167682
MIT,set5_features_metadata_corr95,GPR,log,protocol_holdout,exploitation,6,32,22.68579727618804
MIT,set5_features_metadata_corr95,GPR,log,protocol_holdout,exploitation,6,40,20.219228569273884
MIT,set5_features_metadata_corr95,GPR,log,protocol_holdout,exploitation,6,48,18.1370217897947
MIT,set5_features_metadata_corr95,GPR,log,protocol_holdout,exploitation,6,56,17.132995879541312
MIT,set5_features_metadata_corr95,GPR,log,protocol_holdout,exploitation,6,64,16.008871426029224
MIT,set5_features_metadata_corr95,GPR,log,protocol_holdout,exploitation,6,72,15.80109369018694
MIT,set5_features_metadata_corr95,GPR,log,protocol_holdout,exploitation,6,80,14.930231794726245
MIT,set5_features_metadata_corr95,GPR,log,protocol_holdout,exploitation,6,88,14.623464860450502
MIT,set5_features_metadata_corr95,GPR,log,protocol_holdout,exploitation,6,96,14.307046085780144
MIT,set5_features_metadata_corr95,GPR,log,protocol_holdout,exploitation,6,99,14.587724857718593
MIT,set5_features_metadata_corr95,GPR,log,protocol_holdout,exploitation,7,8,26.258948053381264
MIT,set5_features_metadata_corr95,GPR,log,protocol_holdout,exploitation,7,16,14.723645724741
MIT,set5_features_metadata_corr95,GPR,log,protocol_holdout,exploitation,7,24,17.079060191616193
MIT,set5_features_metadata_corr95,GPR,log,protocol_holdout,exploitation,7,32,12.218690841602074
MIT,set5_features_metadata_corr95,GPR,log,protocol_holdout,exploitation,7,40,9.24352834473109
MIT,set5_features_metadata_corr95,GPR,log,protocol_holdout,exploitation,7,48,9.713755540495889
MIT,set5_features_metadata_corr95,GPR,log,protocol_holdout,exploitation,7,56,10.184532448499754
MIT,set5_features_metadata_corr95,GPR,log,protocol_holdout,exploitation,7,64,10.707711569074007
MIT,set5_features_metadata_corr95,GPR,log,protocol_holdout,exploitation,7,72,10.887657294640196
MIT,set5_features_metadata_corr95,GPR,log,protocol_holdout,exploitation,7,80,10.898148589068011
MIT,set5_features_metadata_corr95,GPR,log,protocol_holdout,exploitation,7,88,11.255869552530728
MIT,set5_features_metadata_corr95,GPR,log,protocol_holdout,exploitation,7,96,11.265085426105102
MIT,set5_features_metadata_corr95,GPR,log,protocol_holdout,exploitation,7,99,11.308169057259754
MIT,set5_features_metadata_corr95,GPR,log,protocol_holdout,exploitation,8,8,16.538130211384377
MIT,set5_features_metadata_corr95,GPR,log,protocol_holdout,exploitation,8,16,16.716885205900052
MIT,set5_features_metadata_corr95,GPR,log,protocol_holdout,exploitation,8,24,13.450760086178182
MIT,set5_features_metadata_corr95,GPR,log,protocol_holdout,exploitation,8,32,12.796019888899968
MIT,set5_features_metadata_corr95,GPR,log,protocol_holdout,exploitation,8,40,14.146826686006316
MIT,set5_features_metadata_corr95,GPR,log,protocol_holdout,exploitation,8,48,13.989892381639375
MIT,set5_features_metadata_corr95,GPR,log,protocol_holdout,exploitation,8,56,13.19526530854715
MIT,set5_features_metadata_corr95,GPR,log,protocol_holdout,exploitation,8,64,12.346622178427095
MIT,set5_features_metadata_corr95,GPR,log,protocol_holdout,exploitation,8,72,12.401646381161092
MIT,set5_features_metadata_corr95,GPR,log,protocol_holdout,exploitation,8,80,12.48458001585268
MIT,set5_features_metadata_corr95,GPR,log,protocol_holdout,exploitation,8,88,12.379107538657165
MIT,set5_features_metadata_corr95,GPR,log,protocol_holdout,exploitation,8,96,12.041221602931277
MIT,set5_features_metadata_corr95,GPR,log,protocol_holdout,exploitation,8,99,12.14796916438998
MIT,set5_features_metadata_corr95,GPR,log,protocol_holdout,exploitation,9,8,19.08719803760636
MIT,set5_features_metadata_corr95,GPR,log,protocol_holdout,exploitation,9,16,14.610661513195314
MIT,set5_features_metadata_corr95,GPR,log,protocol_holdout,exploitation,9,24,11.714831294392328
MIT,set5_features_metadata_corr95,GPR,log,protocol_holdout,exploitation,9,32,10.352416083381076
MIT,set5_features_metadata_corr95,GPR,log,protocol_holdout,exploitation,9,40,9.822162370734231
MIT,set5_features_metadata_corr95,GPR,log,protocol_holdout,exploitation,9,48,10.490304992591245
MIT,set5_features_metadata_corr95,GPR,log,protocol_holdout,exploitation,9,56,11.138540219378664
MIT,set5_features_metadata_corr95,GPR,log,protocol_holdout,exploitation,9,64,12.432779603059364
MIT,set5_features_metadata_corr95,GPR,log,protocol_holdout,exploitation,9,72,12.810065328929118
MIT,set5_features_metadata_corr95,GPR,log,protocol_holdout,exploitation,9,80,13.138399971632944
MIT,set5_features_metadata_corr95,GPR,log,protocol_holdout,exploitation,9,88,12.945224540997192
MIT,set5_features_metadata_corr95,GPR,log,protocol_holdout,exploitation,9,96,11.332445861564947
MIT,set5_features_metadata_corr95,GPR,log,protocol_holdout,exploitation,9,99,10.792794541628735
MIT,set5_features_metadata_corr95,GPR,log,protocol_holdout,exploitation,10,8,36.58819017791941
MIT,set5_features_metadata_corr95,GPR,log,protocol_holdout,exploitation,10,16,22.784958255429423
MIT,set5_features_metadata_corr95,GPR,log,protocol_holdout,exploitation,10,24,20.27058647737378
MIT,set5_features_metadata_corr95,GPR,log,protocol_holdout,exploitation,10,32,18.218710002730266
MIT,set5_features_metadata_corr95,GPR,log,protocol_holdout,exploitation,10,40,12.866511444152144
MIT,set5_features_metadata_corr95,GPR,log,protocol_holdout,exploitation,10,48,13.982671603862828
MIT,set5_features_metadata_corr95,GPR,log,protocol_holdout,exploitation,10,56,13.131599492336358
MIT,set5_features_metadata_corr95,GPR,log,protocol_holdout,exploitation,10,64,12.239886376681486
MIT,set5_features_metadata_corr95,GPR,log,protocol_holdout,exploitation,10,72,11.753850891943426
MIT,set5_features_metadata_corr95,GPR,log,protocol_holdout,exploitation,10,80,10.36364317013388
MIT,set5_features_metadata_corr95,GPR,log,protocol_holdout,exploitation,10,88,10.05503110057014
MIT,set5_features_metadata_corr95,GPR,log,protocol_holdout,exploitation,10,96,10.230672305358384
MIT,set5_features_metadata_corr95,GPR,log,protocol_holdout,exploitation,10,99,9.810460365477986
MIT,set5_features_metadata_corr95,GPR,log,protocol_holdout,hybrid,1,8,24.837089965189776
MIT,set5_features_metadata_corr95,GPR,log,protocol_holdout,hybrid,1,16,23.543045254227803
MIT,set5_features_metadata_corr95,GPR,log,protocol_holdout,hybrid,1,24,19.06135294697406
MIT,set5_features_metadata_corr95,GPR,log,protocol_holdout,hybrid,1,32,18.688500305476165
MIT,set5_features_metadata_corr95,GPR,log,protocol_holdout,hybrid,1,40,19.172689495688616
MIT,set5_features_metadata_corr95,GPR,log,protocol_holdout,hybrid,1,48,18.94278772819808
MIT,set5_features_metadata_corr95,GPR,log,protocol_holdout,hybrid,1,56,19.006730377857423
MIT,set5_features_metadata_corr95,GPR,log,protocol_holdout,hybrid,1,64,18.866870810682297
MIT,set5_features_metadata_corr95,GPR,log,protocol_holdout,hybrid,1,72,18.36766743879824
MIT,set5_features_metadata_corr95,GPR,log,protocol_holdout,hybrid,1,80,18.04730948204422
MIT,set5_features_metadata_corr95,GPR,log,protocol_holdout,hybrid,1,88,17.88126410296013
MIT,set5_features_metadata_corr95,GPR,log,protocol_holdout,hybrid,1,96,17.98603111232152
MIT,set5_features_metadata_corr95,GPR,log,protocol_holdout,hybrid,1,99,18.30505490472204
MIT,set5_features_metadata_corr95,GPR,log,protocol_holdout,hybrid,2,8,18.49956108964722
MIT,set5_features_metadata_corr95,GPR,log,protocol_holdout,hybrid,2,16,12.570440154230653
MIT,set5_features_metadata_corr95,GPR,log,protocol_holdout,hybrid,2,24,11.687982737712794
MIT,set5_features_metadata_corr95,GPR,log,protocol_holdout,hybrid,2,32,14.943289273388574
MIT,set5_features_metadata_corr95,GPR,log,protocol_holdout,hybrid,2,40,12.627219543936803
MIT,set5_features_metadata_corr95,GPR,log,protocol_holdout,hybrid,2,48,14.55884008180621
MIT,set5_features_metadata_corr95,GPR,log,protocol_holdout,hybrid,2,56,14.806997980858986
MIT,set5_features_metadata_corr95,GPR,log,protocol_holdout,hybrid,2,64,14.101749380094205
MIT,set5_features_metadata_corr95,GPR,log,protocol_holdout,hybrid,2,72,12.747290950547663
MIT,set5_features_metadata_corr95,GPR,log,protocol_holdout,hybrid,2,80,12.812853220219251
MIT,set5_features_metadata_corr95,GPR,log,protocol_holdout,hybrid,2,88,12.905722077497035
MIT,set5_features_metadata_corr95,GPR,log,protocol_holdout,hybrid,2,96,12.878672059121628
MIT,set5_features_metadata_corr95,GPR,log,protocol_holdout,hybrid,2,99,13.152763409969005
MIT,set5_features_metadata_corr95,GPR,log,protocol_holdout,hybrid,3,8,20.85460708559213
MIT,set5_features_metadata_corr95,GPR,log,protocol_holdout,hybrid,3,16,16.89590720082253
MIT,set5_features_metadata_corr95,GPR,log,protocol_holdout,hybrid,3,24,11.715300729773036
MIT,set5_features_metadata_corr95,GPR,log,protocol_holdout,hybrid,3,32,16.91045320905854
MIT,set5_features_metadata_corr95,GPR,log,protocol_holdout,hybrid,3,40,16.073030788983754
MIT,set5_features_metadata_corr95,GPR,log,protocol_holdout,hybrid,3,48,17.42598546570006
MIT,set5_features_metadata_corr95,GPR,log,protocol_holdout,hybrid,3,56,15.55781732343524
MIT,set5_features_metadata_corr95,GPR,log,protocol_holdout,hybrid,3,64,14.872525527506305
MIT,set5_features_metadata_corr95,GPR,log,protocol_holdout,hybrid,3,72,15.132483951273189
MIT,set5_features_metadata_corr95,GPR,log,protocol_holdout,hybrid,3,80,12.60246477843292
MIT,set5_features_metadata_corr95,GPR,log,protocol_holdout,hybrid,3,88,12.863417648980258
MIT,set5_features_metadata_corr95,GPR,log,protocol_holdout,hybrid,3,96,12.154951286364104
MIT,set5_features_metadata_corr95,GPR,log,protocol_holdout,hybrid,3,99,12.17251784832251
MIT,set5_features_metadata_corr95,GPR,log,protocol_holdout,hybrid,4,8,15.125006152805852
MIT,set5_features_metadata_corr95,GPR,log,protocol_holdout,hybrid,4,16,14.767127149688882
MIT,set5_features_metadata_corr95,GPR,log,protocol_holdout,hybrid,4,24,11.663802184818744
MIT,set5_features_metadata_corr95,GPR,log,protocol_holdout,hybrid,4,32,8.81339946963256
MIT,set5_features_metadata_corr95,GPR,log,protocol_holdout,hybrid,4,40,8.217522261673658
MIT,set5_features_metadata_corr95,GPR,log,protocol_holdout,hybrid,4,48,8.208447148498752
MIT,set5_features_metadata_corr95,GPR,log,protocol_holdout,hybrid,4,56,8.197133981934538
MIT,set5_features_metadata_corr95,GPR,log,protocol_holdout,hybrid,4,64,8.784419819802674
MIT,set5_features_metadata_corr95,GPR,log,protocol_holdout,hybrid,4,72,7.977132435464508
MIT,set5_features_metadata_corr95,GPR,log,protocol_holdout,hybrid,4,80,8.250885313106092
MIT,set5_features_metadata_corr95,GPR,log,protocol_holdout,hybrid,4,88,8.612214866449737
MIT,set5_features_metadata_corr95,GPR,log,protocol_holdout,hybrid,4,96,8.585913079935953
MIT,set5_features_metadata_corr95,GPR,log,protocol_holdout,hybrid,4,99,8.663390063476035
MIT,set5_features_metadata_corr95,GPR,log,protocol_holdout,hybrid,5,8,16.306654553137538
MIT,set5_features_metadata_corr95,GPR,log,protocol_holdout,hybrid,5,16,13.930719484854162
MIT,set5_features_metadata_corr95,GPR,log,protocol_holdout,hybrid,5,24,12.121474296678103
MIT,set5_features_metadata_corr95,GPR,log,protocol_holdout,hybrid,5,32,13.43914281761326
MIT,set5_features_metadata_corr95,GPR,log,protocol_holdout,hybrid,5,40,12.696541110297376
MIT,set5_features_metadata_corr95,GPR,log,protocol_holdout,hybrid,5,48,12.10731520766208
MIT,set5_features_metadata_corr95,GPR,log,protocol_holdout,hybrid,5,56,14.147661485076068
MIT,set5_features_metadata_corr95,GPR,log,protocol_holdout,hybrid,5,64,14.73853946665589
MIT,set5_features_metadata_corr95,GPR,log,protocol_holdout,hybrid,5,72,12.123208033159644
MIT,set5_features_metadata_corr95,GPR,log,protocol_holdout,hybrid,5,80,12.144764583470796
MIT,set5_features_metadata_corr95,GPR,log,protocol_holdout,hybrid,5,88,11.880615836956895
MIT,set5_features_metadata_corr95,GPR,log,protocol_holdout,hybrid,5,96,11.916840051361074
MIT,set5_features_metadata_corr95,GPR,log,protocol_holdout,hybrid,5,99,11.959781275991462
MIT,set5_features_metadata_corr95,GPR,log,protocol_holdout,hybrid,6,8,21.482651609119635
MIT,set5_features_metadata_corr95,GPR,log,protocol_holdout,hybrid,6,16,21.76787474203389
MIT,set5_features_metadata_corr95,GPR,log,protocol_holdout,hybrid,6,24,16.49883732642196
MIT,set5_features_metadata_corr95,GPR,log,protocol_holdout,hybrid,6,32,17.892115764906688
MIT,set5_features_metadata_corr95,GPR,log,protocol_holdout,hybrid,6,40,16.076047188960516
MIT,set5_features_metadata_corr95,GPR,log,protocol_holdout,hybrid,6,48,14.648615625486832
MIT,set5_features_metadata_corr95,GPR,log,protocol_holdout,hybrid,6,56,13.983998587697604
MIT,set5_features_metadata_corr95,GPR,log,protocol_holdout,hybrid,6,64,14.161874597666833
MIT,set5_features_metadata_corr95,GPR,log,protocol_holdout,hybrid,6,72,14.350363001934586
MIT,set5_features_metadata_corr95,GPR,log,protocol_holdout,hybrid,6,80,13.999378296972653
MIT,set5_features_metadata_corr95,GPR,log,protocol_holdout,hybrid,6,88,13.91760515067261
MIT,set5_features_metadata_corr95,GPR,log,protocol_holdout,hybrid,6,96,14.476846158509298
MIT,set5_features_metadata_corr95,GPR,log,protocol_holdout,hybrid,6,99,14.587724857718593
MIT,set5_features_metadata_corr95,GPR,log,protocol_holdout,hybrid,7,8,26.258948053381264
MIT,set5_features_metadata_corr95,GPR,log,protocol_holdout,hybrid,7,16,13.882942205944648
MIT,set5_features_metadata_corr95,GPR,log,protocol_holdout,hybrid,7,24,11.289189426580093
MIT,set5_features_metadata_corr95,GPR,log,protocol_holdout,hybrid,7,32,10.438528545650708
MIT,set5_features_metadata_corr95,GPR,log,protocol_holdout,hybrid,7,40,9.855140026087478
MIT,set5_features_metadata_corr95,GPR,log,protocol_holdout,hybrid,7,48,11.538773280449464
MIT,set5_features_metadata_corr95,GPR,log,protocol_holdout,hybrid,7,56,12.375122501697517
MIT,set5_features_metadata_corr95,GPR,log,protocol_holdout,hybrid,7,64,12.195650984419022
MIT,set5_features_metadata_corr95,GPR,log,protocol_holdout,hybrid,7,72,10.89232045403732
MIT,set5_features_metadata_corr95,GPR,log,protocol_holdout,hybrid,7,80,10.553705618552511
MIT,set5_features_metadata_corr95,GPR,log,protocol_holdout,hybrid,7,88,10.629682682754128
MIT,set5_features_metadata_corr95,GPR,log,protocol_holdout,hybrid,7,96,10.516658819308237
MIT,set5_features_metadata_corr95,GPR,log,protocol_holdout,hybrid,7,99,11.308169057259754
MIT,set5_features_metadata_corr95,GPR,log,protocol_holdout,hybrid,8,8,16.538130211384377
MIT,set5_features_metadata_corr95,GPR,log,protocol_holdout,hybrid,8,16,14.466322232709306
MIT,set5_features_metadata_corr95,GPR,log,protocol_holdout,hybrid,8,24,12.443833734385016
MIT,set5_features_metadata_corr95,GPR,log,protocol_holdout,hybrid,8,32,12.469272319451491
MIT,set5_features_metadata_corr95,GPR,log,protocol_holdout,hybrid,8,40,12.54208140461814
MIT,set5_features_metadata_corr95,GPR,log,protocol_holdout,hybrid,8,48,12.421886230022263
MIT,set5_features_metadata_corr95,GPR,log,protocol_holdout,hybrid,8,56,12.335001877234818
MIT,set5_features_metadata_corr95,GPR,log,protocol_holdout,hybrid,8,64,12.271037212701914
MIT,set5_features_metadata_corr95,GPR,log,protocol_holdout,hybrid,8,72,12.30400278086477
MIT,set5_features_metadata_corr95,GPR,log,protocol_holdout,hybrid,8,80,12.212207379010168
MIT,set5_features_metadata_corr95,GPR,log,protocol_holdout,hybrid,8,88,12.190413976033732
MIT,set5_features_metadata_corr95,GPR,log,protocol_holdout,hybrid,8,96,12.254182028372314
MIT,set5_features_metadata_corr95,GPR,log,protocol_holdout,hybrid,8,99,12.14796916438998
MIT,set5_features_metadata_corr95,GPR,log,protocol_holdout,hybrid,9,8,19.08719803760636
MIT,set5_features_metadata_corr95,GPR,log,protocol_holdout,hybrid,9,16,15.629234461429158
MIT,set5_features_metadata_corr95,GPR,log,protocol_holdout,hybrid,9,24,12.42039327044088
MIT,set5_features_metadata_corr95,GPR,log,protocol_holdout,hybrid,9,32,12.794951102328136
MIT,set5_features_metadata_corr95,GPR,log,protocol_holdout,hybrid,9,40,11.215417967756368
MIT,set5_features_metadata_corr95,GPR,log,protocol_holdout,hybrid,9,48,10.941374306102745
MIT,set5_features_metadata_corr95,GPR,log,protocol_holdout,hybrid,9,56,11.309720209566814
MIT,set5_features_metadata_corr95,GPR,log,protocol_holdout,hybrid,9,64,11.71548901707888
MIT,set5_features_metadata_corr95,GPR,log,protocol_holdout,hybrid,9,72,12.748253968482452
MIT,set5_features_metadata_corr95,GPR,log,protocol_holdout,hybrid,9,80,12.833957818848257
MIT,set5_features_metadata_corr95,GPR,log,protocol_holdout,hybrid,9,88,12.723877602078396
MIT,set5_features_metadata_corr95,GPR,log,protocol_holdout,hybrid,9,96,11.361557223987496
MIT,set5_features_metadata_corr95,GPR,log,protocol_holdout,hybrid,9,99,10.792794541628735
MIT,set5_features_metadata_corr95,GPR,log,protocol_holdout,hybrid,10,8,36.58819017791941
MIT,set5_features_metadata_corr95,GPR,log,protocol_holdout,hybrid,10,16,10.7471350815923
MIT,set5_features_metadata_corr95,GPR,log,protocol_holdout,hybrid,10,24,13.248557433824724
MIT,set5_features_metadata_corr95,GPR,log,protocol_holdout,hybrid,10,32,11.51107311711763
MIT,set5_features_metadata_corr95,GPR,log,protocol_holdout,hybrid,10,40,10.632251054059044
MIT,set5_features_metadata_corr95,GPR,log,protocol_holdout,hybrid,10,48,10.103632359640658
MIT,set5_features_metadata_corr95,GPR,log,protocol_holdout,hybrid,10,56,9.53243431226455
MIT,set5_features_metadata_corr95,GPR,log,protocol_holdout,hybrid,10,64,10.1378263780828
MIT,set5_features_metadata_corr95,GPR,log,protocol_holdout,hybrid,10,72,10.076919252753724
MIT,set5_features_metadata_corr95,GPR,log,protocol_holdout,hybrid,10,80,9.48611579131689
MIT,set5_features_metadata_corr95,GPR,log,protocol_holdout,hybrid,10,88,9.555472611448684
MIT,set5_features_metadata_corr95,GPR,log,protocol_holdout,hybrid,10,96,9.659223834480349
MIT,set5_features_metadata_corr95,GPR,log,protocol_holdout,hybrid,10,99,9.810460365477986
ISU_ILCC,set5_features_metadata_corr95,GPR,log,protocol_holdout,random_selection,1,16,29.33423345596824
ISU_ILCC,set5_features_metadata_corr95,GPR,log,protocol_holdout,random_selection,1,32,25.59793780327334
ISU_ILCC,set5_features_metadata_corr95,GPR,log,protocol_holdout,random_selection,1,48,19.91191136528889
ISU_ILCC,set5_features_metadata_corr95,GPR,log,protocol_holdout,random_selection,1,64,17.97965595093017
ISU_ILCC,set5_features_metadata_corr95,GPR,log,protocol_holdout,random_selection,1,80,16.9005034917375
ISU_ILCC,set5_features_metadata_corr95,GPR,log,protocol_holdout,random_selection,1,96,15.961893903838364
ISU_ILCC,set5_features_metadata_corr95,GPR,log,protocol_holdout,random_selection,1,112,16.2343613281456
ISU_ILCC,set5_features_metadata_corr95,GPR,log,protocol_holdout,random_selection,1,128,16.060043490015495
ISU_ILCC,set5_features_metadata_corr95,GPR,log,protocol_holdout,random_selection,1,144,15.608877521046068
ISU_ILCC,set5_features_metadata_corr95,GPR,log,protocol_holdout,random_selection,1,160,15.915349558187602
ISU_ILCC,set5_features_metadata_corr95,GPR,log,protocol_holdout,random_selection,1,176,15.298735685481654
ISU_ILCC,set5_features_metadata_corr95,GPR,log,protocol_holdout,random_selection,1,192,14.776064143754944
ISU_ILCC,set5_features_metadata_corr95,GPR,log,protocol_holdout,random_selection,1,193,14.801307217217827
ISU_ILCC,set5_features_metadata_corr95,GPR,log,protocol_holdout,random_selection,2,16,32.55607302225202
ISU_ILCC,set5_features_metadata_corr95,GPR,log,protocol_holdout,random_selection,2,32,20.048486524204044
ISU_ILCC,set5_features_metadata_corr95,GPR,log,protocol_holdout,random_selection,2,48,19.05585941298784
ISU_ILCC,set5_features_metadata_corr95,GPR,log,protocol_holdout,random_selection,2,64,18.582151155729417
ISU_ILCC,set5_features_metadata_corr95,GPR,log,protocol_holdout,random_selection,2,80,17.541679614640948
ISU_ILCC,set5_features_metadata_corr95,GPR,log,protocol_holdout,random_selection,2,96,18.25613738923829
ISU_ILCC,set5_features_metadata_corr95,GPR,log,protocol_holdout,random_selection,2,112,17.403713222562242
ISU_ILCC,set5_features_metadata_corr95,GPR,log,protocol_holdout,random_selection,2,128,18.81779119610367
ISU_ILCC,set5_features_metadata_corr95,GPR,log,protocol_holdout,random_selection,2,144,18.4835253750994
ISU_ILCC,set5_features_metadata_corr95,GPR,log,protocol_holdout,random_selection,2,160,18.90901985533335
ISU_ILCC,set5_features_metadata_corr95,GPR,log,protocol_holdout,random_selection,2,176,19.69636425665382
ISU_ILCC,set5_features_metadata_corr95,GPR,log,protocol_holdout,random_selection,2,192,19.186144065345765
ISU_ILCC,set5_features_metadata_corr95,GPR,log,protocol_holdout,random_selection,2,193,19.25342427351053
ISU_ILCC,set5_features_metadata_corr95,GPR,log,protocol_holdout,random_selection,3,16,19.551790960464626
ISU_ILCC,set5_features_metadata_corr95,GPR,log,protocol_holdout,random_selection,3,32,19.6633414633964
ISU_ILCC,set5_features_metadata_corr95,GPR,log,protocol_holdout,random_selection,3,48,15.628818385100692
ISU_ILCC,set5_features_metadata_corr95,GPR,log,protocol_holdout,random_selection,3,64,14.212171887689976
ISU_ILCC,set5_features_metadata_corr95,GPR,log,protocol_holdout,random_selection,3,80,14.54696317036128
ISU_ILCC,set5_features_metadata_corr95,GPR,log,protocol_holdout,random_selection,3,96,14.359354692807605
ISU_ILCC,set5_features_metadata_corr95,GPR,log,protocol_holdout,random_selection,3,112,14.042193270544711
ISU_ILCC,set5_features_metadata_corr95,GPR,log,protocol_holdout,random_selection,3,128,14.252210898826464
ISU_ILCC,set5_features_metadata_corr95,GPR,log,protocol_holdout,random_selection,3,144,14.111229108024084
ISU_ILCC,set5_features_metadata_corr95,GPR,log,protocol_holdout,random_selection,3,160,13.70547883028147
ISU_ILCC,set5_features_metadata_corr95,GPR,log,protocol_holdout,random_selection,3,176,14.158727723941777
ISU_ILCC,set5_features_metadata_corr95,GPR,log,protocol_holdout,random_selection,3,192,13.945052758976942
ISU_ILCC,set5_features_metadata_corr95,GPR,log,protocol_holdout,random_selection,3,193,13.983624538627298
ISU_ILCC,set5_features_metadata_corr95,GPR,log,protocol_holdout,random_selection,4,16,25.55837475985073
ISU_ILCC,set5_features_metadata_corr95,GPR,log,protocol_holdout,random_selection,4,32,23.666944364890448
ISU_ILCC,set5_features_metadata_corr95,GPR,log,protocol_holdout,random_selection,4,48,21.84031285991979
ISU_ILCC,set5_features_metadata_corr95,GPR,log,protocol_holdout,random_selection,4,64,23.606105032329776
ISU_ILCC,set5_features_metadata_corr95,GPR,log,protocol_holdout,random_selection,4,80,21.49784956341109
ISU_ILCC,set5_features_metadata_corr95,GPR,log,protocol_holdout,random_selection,4,96,18.48043136889777
ISU_ILCC,set5_features_metadata_corr95,GPR,log,protocol_holdout,random_selection,4,112,18.617005319389254
ISU_ILCC,set5_features_metadata_corr95,GPR,log,protocol_holdout,random_selection,4,128,18.60586943261854
ISU_ILCC,set5_features_metadata_corr95,GPR,log,protocol_holdout,random_selection,4,144,18.52157823393208
ISU_ILCC,set5_features_metadata_corr95,GPR,log,protocol_holdout,random_selection,4,160,17.583251529946896
ISU_ILCC,set5_features_metadata_corr95,GPR,log,protocol_holdout,random_selection,4,176,16.887369015033684
ISU_ILCC,set5_features_metadata_corr95,GPR,log,protocol_holdout,random_selection,4,192,16.188386084267815
ISU_ILCC,set5_features_metadata_corr95,GPR,log,protocol_holdout,random_selection,4,193,16.302811935775598
ISU_ILCC,set5_features_metadata_corr95,GPR,log,protocol_holdout,random_selection,5,16,36.820545071367846
ISU_ILCC,set5_features_metadata_corr95,GPR,log,protocol_holdout,random_selection,5,32,34.87676844986647
ISU_ILCC,set5_features_metadata_corr95,GPR,log,protocol_holdout,random_selection,5,48,29.545407066784552
ISU_ILCC,set5_features_metadata_corr95,GPR,log,protocol_holdout,random_selection,5,64,22.722535878378647
ISU_ILCC,set5_features_metadata_corr95,GPR,log,protocol_holdout,random_selection,5,80,21.331294902991583
ISU_ILCC,set5_features_metadata_corr95,GPR,log,protocol_holdout,random_selection,5,96,21.35934045319096
ISU_ILCC,set5_features_metadata_corr95,GPR,log,protocol_holdout,random_selection,5,112,21.21010316977113
ISU_ILCC,set5_features_metadata_corr95,GPR,log,protocol_holdout,random_selection,5,128,20.02612619900877
ISU_ILCC,set5_features_metadata_corr95,GPR,log,protocol_holdout,random_selection,5,144,19.2104742477484
ISU_ILCC,set5_features_metadata_corr95,GPR,log,protocol_holdout,random_selection,5,160,18.749730353507392
ISU_ILCC,set5_features_metadata_corr95,GPR,log,protocol_holdout,random_selection,5,176,19.62629285680081
ISU_ILCC,set5_features_metadata_corr95,GPR,log,protocol_holdout,random_selection,5,192,18.431631248039228
ISU_ILCC,set5_features_metadata_corr95,GPR,log,protocol_holdout,random_selection,5,193,18.367370727578592
ISU_ILCC,set5_features_metadata_corr95,GPR,log,protocol_holdout,random_selection,6,16,31.7999375492524
ISU_ILCC,set5_features_metadata_corr95,GPR,log,protocol_holdout,random_selection,6,32,27.328022814898134
ISU_ILCC,set5_features_metadata_corr95,GPR,log,protocol_holdout,random_selection,6,48,26.34837763379488
ISU_ILCC,set5_features_metadata_corr95,GPR,log,protocol_holdout,random_selection,6,64,27.49267883088256
ISU_ILCC,set5_features_metadata_corr95,GPR,log,protocol_holdout,random_selection,6,80,25.373933513564644
ISU_ILCC,set5_features_metadata_corr95,GPR,log,protocol_holdout,random_selection,6,96,22.726172664573472
ISU_ILCC,set5_features_metadata_corr95,GPR,log,protocol_holdout,random_selection,6,112,23.24291481211448
ISU_ILCC,set5_features_metadata_corr95,GPR,log,protocol_holdout,random_selection,6,128,21.339002928818232
ISU_ILCC,set5_features_metadata_corr95,GPR,log,protocol_holdout,random_selection,6,144,22.414140485436995
ISU_ILCC,set5_features_metadata_corr95,GPR,log,protocol_holdout,random_selection,6,160,22.38041766175221
ISU_ILCC,set5_features_metadata_corr95,GPR,log,protocol_holdout,random_selection,6,176,23.003362362935324
ISU_ILCC,set5_features_metadata_corr95,GPR,log,protocol_holdout,random_selection,6,192,21.1056591969894
ISU_ILCC,set5_features_metadata_corr95,GPR,log,protocol_holdout,random_selection,6,193,21.4031467711028
ISU_ILCC,set5_features_metadata_corr95,GPR,log,protocol_holdout,random_selection,7,16,20.838110184835948
ISU_ILCC,set5_features_metadata_corr95,GPR,log,protocol_holdout,random_selection,7,32,19.36163080013516
ISU_ILCC,set5_features_metadata_corr95,GPR,log,protocol_holdout,random_selection,7,48,22.96819604919189
ISU_ILCC,set5_features_metadata_corr95,GPR,log,protocol_holdout,random_selection,7,64,20.909732813075568
ISU_ILCC,set5_features_metadata_corr95,GPR,log,protocol_holdout,random_selection,7,80,20.4792334440252
ISU_ILCC,set5_features_metadata_corr95,GPR,log,protocol_holdout,random_selection,7,96,21.88195694336238
ISU_ILCC,set5_features_metadata_corr95,GPR,log,protocol_holdout,random_selection,7,112,21.221169365250724
ISU_ILCC,set5_features_metadata_corr95,GPR,log,protocol_holdout,random_selection,7,128,20.607424716480725
ISU_ILCC,set5_features_metadata_corr95,GPR,log,protocol_holdout,random_selection,7,144,20.457144097381995
ISU_ILCC,set5_features_metadata_corr95,GPR,log,protocol_holdout,random_selection,7,160,20.10914776620313
ISU_ILCC,set5_features_metadata_corr95,GPR,log,protocol_holdout,random_selection,7,176,19.521068174023423
ISU_ILCC,set5_features_metadata_corr95,GPR,log,protocol_holdout,random_selection,7,192,20.282430076841663
ISU_ILCC,set5_features_metadata_corr95,GPR,log,protocol_holdout,random_selection,7,193,20.18669391097907
ISU_ILCC,set5_features_metadata_corr95,GPR,log,protocol_holdout,random_selection,8,16,77.51816135336546
ISU_ILCC,set5_features_metadata_corr95,GPR,log,protocol_holdout,random_selection,8,32,35.940290192903554
ISU_ILCC,set5_features_metadata_corr95,GPR,log,protocol_holdout,random_selection,8,48,28.648990659678383
ISU_ILCC,set5_features_metadata_corr95,GPR,log,protocol_holdout,random_selection,8,64,30.488209817087235
ISU_ILCC,set5_features_metadata_corr95,GPR,log,protocol_holdout,random_selection,8,80,27.837365642845747
ISU_ILCC,set5_features_metadata_corr95,GPR,log,protocol_holdout,random_selection,8,96,23.535495382033343
ISU_ILCC,set5_features_metadata_corr95,GPR,log,protocol_holdout,random_selection,8,112,22.925894962950373
ISU_ILCC,set5_features_metadata_corr95,GPR,log,protocol_holdout,random_selection,8,128,25.033195616448893
ISU_ILCC,set5_features_metadata_corr95,GPR,log,protocol_holdout,random_selection,8,144,25.229562110276664
ISU_ILCC,set5_features_metadata_corr95,GPR,log,protocol_holdout,random_selection,8,160,25.313818426925334
ISU_ILCC,set5_features_metadata_corr95,GPR,log,protocol_holdout,random_selection,8,176,25.47472594294772
ISU_ILCC,set5_features_metadata_corr95,GPR,log,protocol_holdout,random_selection,8,192,26.406008228165533
ISU_ILCC,set5_features_metadata_corr95,GPR,log,protocol_holdout,random_selection,8,193,26.40776075553068
ISU_ILCC,set5_features_metadata_corr95,GPR,log,protocol_holdout,random_selection,9,16,26.364572128230183
ISU_ILCC,set5_features_metadata_corr95,GPR,log,protocol_holdout,random_selection,9,32,25.94704437451908
ISU_ILCC,set5_features_metadata_corr95,GPR,log,protocol_holdout,random_selection,9,48,28.405917361265143
ISU_ILCC,set5_features_metadata_corr95,GPR,log,protocol_holdout,random_selection,9,64,24.49745903150455
ISU_ILCC,set5_features_metadata_corr95,GPR,log,protocol_holdout,random_selection,9,80,23.74231503490953
ISU_ILCC,set5_features_metadata_corr95,GPR,log,protocol_holdout,random_selection,9,96,24.79507786879606
ISU_ILCC,set5_features_metadata_corr95,GPR,log,protocol_holdout,random_selection,9,112,25.90465120923276
ISU_ILCC,set5_features_metadata_corr95,GPR,log,protocol_holdout,random_selection,9,128,23.76512356577624
ISU_ILCC,set5_features_metadata_corr95,GPR,log,protocol_holdout,random_selection,9,144,24.50187285890925
ISU_ILCC,set5_features_metadata_corr95,GPR,log,protocol_holdout,random_selection,9,160,24.29351259523765
ISU_ILCC,set5_features_metadata_corr95,GPR,log,protocol_holdout,random_selection,9,176,22.802938414293823
ISU_ILCC,set5_features_metadata_corr95,GPR,log,protocol_holdout,random_selection,9,192,23.00586252754494
ISU_ILCC,set5_features_metadata_corr95,GPR,log,protocol_holdout,random_selection,9,193,22.937231270646937
ISU_ILCC,set5_features_metadata_corr95,GPR,log,protocol_holdout,random_selection,10,16,33.96538595084116
ISU_ILCC,set5_features_metadata_corr95,GPR,log,protocol_holdout,random_selection,10,32,21.18705107672896
ISU_ILCC,set5_features_metadata_corr95,GPR,log,protocol_holdout,random_selection,10,48,21.766381582133075
ISU_ILCC,set5_features_metadata_corr95,GPR,log,protocol_holdout,random_selection,10,64,20.396314023188463
ISU_ILCC,set5_features_metadata_corr95,GPR,log,protocol_holdout,random_selection,10,80,21.932747287471543
ISU_ILCC,set5_features_metadata_corr95,GPR,log,protocol_holdout,random_selection,10,96,21.96444383980872
ISU_ILCC,set5_features_metadata_corr95,GPR,log,protocol_holdout,random_selection,10,112,21.991511310132747
ISU_ILCC,set5_features_metadata_corr95,GPR,log,protocol_holdout,random_selection,10,128,21.84463379523545
ISU_ILCC,set5_features_metadata_corr95,GPR,log,protocol_holdout,random_selection,10,144,22.733013400354604
ISU_ILCC,set5_features_metadata_corr95,GPR,log,protocol_holdout,random_selection,10,160,23.02873680877745
ISU_ILCC,set5_features_metadata_corr95,GPR,log,protocol_holdout,random_selection,10,176,22.34431484173677
ISU_ILCC,set5_features_metadata_corr95,GPR,log,protocol_holdout,random_selection,10,192,22.25555500358261
ISU_ILCC,set5_features_metadata_corr95,GPR,log,protocol_holdout,random_selection,10,193,22.25563915967739
ISU_ILCC,set5_features_metadata_corr95,GPR,log,protocol_holdout,diversity_oneshot,1,16,30.37146347525439
ISU_ILCC,set5_features_metadata_corr95,GPR,log,protocol_holdout,diversity_oneshot,1,32,18.34220201686085
ISU_ILCC,set5_features_metadata_corr95,GPR,log,protocol_holdout,diversity_oneshot,1,48,18.24282692945705
ISU_ILCC,set5_features_metadata_corr95,GPR,log,protocol_holdout,diversity_oneshot,1,64,17.686694315286346
ISU_ILCC,set5_features_metadata_corr95,GPR,log,protocol_holdout,diversity_oneshot,1,80,16.68172972778533
ISU_ILCC,set5_features_metadata_corr95,GPR,log,protocol_holdout,diversity_oneshot,1,96,16.18465935106559
ISU_ILCC,set5_features_metadata_corr95,GPR,log,protocol_holdout,diversity_oneshot,1,112,17.002240815163155
ISU_ILCC,set5_features_metadata_corr95,GPR,log,protocol_holdout,diversity_oneshot,1,128,15.894409841881632
ISU_ILCC,set5_features_metadata_corr95,GPR,log,protocol_holdout,diversity_oneshot,1,144,15.633995984613872
ISU_ILCC,set5_features_metadata_corr95,GPR,log,protocol_holdout,diversity_oneshot,1,160,14.820826768078913
ISU_ILCC,set5_features_metadata_corr95,GPR,log,protocol_holdout,diversity_oneshot,1,176,14.57684019995638
ISU_ILCC,set5_features_metadata_corr95,GPR,log,protocol_holdout,diversity_oneshot,1,192,14.809231501472324
ISU_ILCC,set5_features_metadata_corr95,GPR,log,protocol_holdout,diversity_oneshot,1,193,14.801307217217827
ISU_ILCC,set5_features_metadata_corr95,GPR,log,protocol_holdout,diversity_oneshot,2,16,17.84100834753458
ISU_ILCC,set5_features_metadata_corr95,GPR,log,protocol_holdout,diversity_oneshot,2,32,20.674439058286584
ISU_ILCC,set5_features_metadata_corr95,GPR,log,protocol_holdout,diversity_oneshot,2,48,19.340444363029523
ISU_ILCC,set5_features_metadata_corr95,GPR,log,protocol_holdout,diversity_oneshot,2,64,19.66724983225604
ISU_ILCC,set5_features_metadata_corr95,GPR,log,protocol_holdout,diversity_oneshot,2,80,18.13283457243179
ISU_ILCC,set5_features_metadata_corr95,GPR,log,protocol_holdout,diversity_oneshot,2,96,20.10636159019084
ISU_ILCC,set5_features_metadata_corr95,GPR,log,protocol_holdout,diversity_oneshot,2,112,19.35221926395089
ISU_ILCC,set5_features_metadata_corr95,GPR,log,protocol_holdout,diversity_oneshot,2,128,21.3428845726746
ISU_ILCC,set5_features_metadata_corr95,GPR,log,protocol_holdout,diversity_oneshot,2,144,19.94179504996476
ISU_ILCC,set5_features_metadata_corr95,GPR,log,protocol_holdout,diversity_oneshot,2,160,21.331031535056947
ISU_ILCC,set5_features_metadata_corr95,GPR,log,protocol_holdout,diversity_oneshot,2,176,19.487867883648853
ISU_ILCC,set5_features_metadata_corr95,GPR,log,protocol_holdout,diversity_oneshot,2,192,19.31197469265439
ISU_ILCC,set5_features_metadata_corr95,GPR,log,protocol_holdout,diversity_oneshot,2,193,19.25342427351053
ISU_ILCC,set5_features_metadata_corr95,GPR,log,protocol_holdout,diversity_oneshot,3,16,24.13833999202876
ISU_ILCC,set5_features_metadata_corr95,GPR,log,protocol_holdout,diversity_oneshot,3,32,17.471026141314297
ISU_ILCC,set5_features_metadata_corr95,GPR,log,protocol_holdout,diversity_oneshot,3,48,17.06383525043238
ISU_ILCC,set5_features_metadata_corr95,GPR,log,protocol_holdout,diversity_oneshot,3,64,18.77266606872995
ISU_ILCC,set5_features_metadata_corr95,GPR,log,protocol_holdout,diversity_oneshot,3,80,16.31445661560135
ISU_ILCC,set5_features_metadata_corr95,GPR,log,protocol_holdout,diversity_oneshot,3,96,17.10662801124877
ISU_ILCC,set5_features_metadata_corr95,GPR,log,protocol_holdout,diversity_oneshot,3,112,14.903458160886284
ISU_ILCC,set5_features_metadata_corr95,GPR,log,protocol_holdout,diversity_oneshot,3,128,15.845346804750598
ISU_ILCC,set5_features_metadata_corr95,GPR,log,protocol_holdout,diversity_oneshot,3,144,15.600209385178902
ISU_ILCC,set5_features_metadata_corr95,GPR,log,protocol_holdout,diversity_oneshot,3,160,13.96419378835583
ISU_ILCC,set5_features_metadata_corr95,GPR,log,protocol_holdout,diversity_oneshot,3,176,14.203779279299557
ISU_ILCC,set5_features_metadata_corr95,GPR,log,protocol_holdout,diversity_oneshot,3,192,13.994630580388762
ISU_ILCC,set5_features_metadata_corr95,GPR,log,protocol_holdout,diversity_oneshot,3,193,13.983624538627298
ISU_ILCC,set5_features_metadata_corr95,GPR,log,protocol_holdout,diversity_oneshot,4,16,19.09616715589415
ISU_ILCC,set5_features_metadata_corr95,GPR,log,protocol_holdout,diversity_oneshot,4,32,13.755942045348975
ISU_ILCC,set5_features_metadata_corr95,GPR,log,protocol_holdout,diversity_oneshot,4,48,12.702747020328491
ISU_ILCC,set5_features_metadata_corr95,GPR,log,protocol_holdout,diversity_oneshot,4,64,17.00823318700344
ISU_ILCC,set5_features_metadata_corr95,GPR,log,protocol_holdout,diversity_oneshot,4,80,14.488507394611974
ISU_ILCC,set5_features_metadata_corr95,GPR,log,protocol_holdout,diversity_oneshot,4,96,13.182200107803594
ISU_ILCC,set5_features_metadata_corr95,GPR,log,protocol_holdout,diversity_oneshot,4,112,11.63415182792118
ISU_ILCC,set5_features_metadata_corr95,GPR,log,protocol_holdout,diversity_oneshot,4,128,14.28114711961907
ISU_ILCC,set5_features_metadata_corr95,GPR,log,protocol_holdout,diversity_oneshot,4,144,15.815119738167391
ISU_ILCC,set5_features_metadata_corr95,GPR,log,protocol_holdout,diversity_oneshot,4,160,15.481507655029809
ISU_ILCC,set5_features_metadata_corr95,GPR,log,protocol_holdout,diversity_oneshot,4,176,15.76006358370978
ISU_ILCC,set5_features_metadata_corr95,GPR,log,protocol_holdout,diversity_oneshot,4,192,16.258637208423774
ISU_ILCC,set5_features_metadata_corr95,GPR,log,protocol_holdout,diversity_oneshot,4,193,16.302811935775598
ISU_ILCC,set5_features_metadata_corr95,GPR,log,protocol_holdout,diversity_oneshot,5,16,34.837324252554254
ISU_ILCC,set5_features_metadata_corr95,GPR,log,protocol_holdout,diversity_oneshot,5,32,24.386648083012567
ISU_ILCC,set5_features_metadata_corr95,GPR,log,protocol_holdout,diversity_oneshot,5,48,24.345935353004705
ISU_ILCC,set5_features_metadata_corr95,GPR,log,protocol_holdout,diversity_oneshot,5,64,22.42965022456728
ISU_ILCC,set5_features_metadata_corr95,GPR,log,protocol_holdout,diversity_oneshot,5,80,20.96526124019652
ISU_ILCC,set5_features_metadata_corr95,GPR,log,protocol_holdout,diversity_oneshot,5,96,20.97805910910263
ISU_ILCC,set5_features_metadata_corr95,GPR,log,protocol_holdout,diversity_oneshot,5,112,20.053679796400203
ISU_ILCC,set5_features_metadata_corr95,GPR,log,protocol_holdout,diversity_oneshot,5,128,19.74640533753245
ISU_ILCC,set5_features_metadata_corr95,GPR,log,protocol_holdout,diversity_oneshot,5,144,19.50553212914124
ISU_ILCC,set5_features_metadata_corr95,GPR,log,protocol_holdout,diversity_oneshot,5,160,17.96838400659873
ISU_ILCC,set5_features_metadata_corr95,GPR,log,protocol_holdout,diversity_oneshot,5,176,17.97209916764583
ISU_ILCC,set5_features_metadata_corr95,GPR,log,protocol_holdout,diversity_oneshot,5,192,18.37498114923776
ISU_ILCC,set5_features_metadata_corr95,GPR,log,protocol_holdout,diversity_oneshot,5,193,18.367370727578592
ISU_ILCC,set5_features_metadata_corr95,GPR,log,protocol_holdout,diversity_oneshot,6,16,21.51177466899273
ISU_ILCC,set5_features_metadata_corr95,GPR,log,protocol_holdout,diversity_oneshot,6,32,20.7630598529869
ISU_ILCC,set5_features_metadata_corr95,GPR,log,protocol_holdout,diversity_oneshot,6,48,21.963230310553115
ISU_ILCC,set5_features_metadata_corr95,GPR,log,protocol_holdout,diversity_oneshot,6,64,22.216349805558814
ISU_ILCC,set5_features_metadata_corr95,GPR,log,protocol_holdout,diversity_oneshot,6,80,19.301095865008893
ISU_ILCC,set5_features_metadata_corr95,GPR,log,protocol_holdout,diversity_oneshot,6,96,19.25809897772769
ISU_ILCC,set5_features_metadata_corr95,GPR,log,protocol_holdout,diversity_oneshot,6,112,20.831533403352413
ISU_ILCC,set5_features_metadata_corr95,GPR,log,protocol_holdout,diversity_oneshot,6,128,20.415091375902133
ISU_ILCC,set5_features_metadata_corr95,GPR,log,protocol_holdout,diversity_oneshot,6,144,21.71544881822928
ISU_ILCC,set5_features_metadata_corr95,GPR,log,protocol_holdout,diversity_oneshot,6,160,21.42933110119021
ISU_ILCC,set5_features_metadata_corr95,GPR,log,protocol_holdout,diversity_oneshot,6,176,21.71286581528645
ISU_ILCC,set5_features_metadata_corr95,GPR,log,protocol_holdout,diversity_oneshot,6,192,21.394384315070788
ISU_ILCC,set5_features_metadata_corr95,GPR,log,protocol_holdout,diversity_oneshot,6,193,21.4031467711028
ISU_ILCC,set5_features_metadata_corr95,GPR,log,protocol_holdout,diversity_oneshot,7,16,26.573407924501574
ISU_ILCC,set5_features_metadata_corr95,GPR,log,protocol_holdout,diversity_oneshot,7,32,25.759566265113826
ISU_ILCC,set5_features_metadata_corr95,GPR,log,protocol_holdout,diversity_oneshot,7,48,23.240081965403988
ISU_ILCC,set5_features_metadata_corr95,GPR,log,protocol_holdout,diversity_oneshot,7,64,22.268700923136272
ISU_ILCC,set5_features_metadata_corr95,GPR,log,protocol_holdout,diversity_oneshot,7,80,21.91821452821174
ISU_ILCC,set5_features_metadata_corr95,GPR,log,protocol_holdout,diversity_oneshot,7,96,20.45843538996484
ISU_ILCC,set5_features_metadata_corr95,GPR,log,protocol_holdout,diversity_oneshot,7,112,20.17795176243407
ISU_ILCC,set5_features_metadata_corr95,GPR,log,protocol_holdout,diversity_oneshot,7,128,18.68907125277685
ISU_ILCC,set5_features_metadata_corr95,GPR,log,protocol_holdout,diversity_oneshot,7,144,19.393078045633803
ISU_ILCC,set5_features_metadata_corr95,GPR,log,protocol_holdout,diversity_oneshot,7,160,20.34048796214795
ISU_ILCC,set5_features_metadata_corr95,GPR,log,protocol_holdout,diversity_oneshot,7,176,19.832416282236583
ISU_ILCC,set5_features_metadata_corr95,GPR,log,protocol_holdout,diversity_oneshot,7,192,20.204534187002725
ISU_ILCC,set5_features_metadata_corr95,GPR,log,protocol_holdout,diversity_oneshot,7,193,20.18669391097907
ISU_ILCC,set5_features_metadata_corr95,GPR,log,protocol_holdout,diversity_oneshot,8,16,43.17174996111783
ISU_ILCC,set5_features_metadata_corr95,GPR,log,protocol_holdout,diversity_oneshot,8,32,27.37234739875365
ISU_ILCC,set5_features_metadata_corr95,GPR,log,protocol_holdout,diversity_oneshot,8,48,37.30760372461464
ISU_ILCC,set5_features_metadata_corr95,GPR,log,protocol_holdout,diversity_oneshot,8,64,34.32245497939062
ISU_ILCC,set5_features_metadata_corr95,GPR,log,protocol_holdout,diversity_oneshot,8,80,27.82823799876317
ISU_ILCC,set5_features_metadata_corr95,GPR,log,protocol_holdout,diversity_oneshot,8,96,25.843243444022107
ISU_ILCC,set5_features_metadata_corr95,GPR,log,protocol_holdout,diversity_oneshot,8,112,25.61728299512394
ISU_ILCC,set5_features_metadata_corr95,GPR,log,protocol_holdout,diversity_oneshot,8,128,24.859505177453176
ISU_ILCC,set5_features_metadata_corr95,GPR,log,protocol_holdout,diversity_oneshot,8,144,24.047585815185617
ISU_ILCC,set5_features_metadata_corr95,GPR,log,protocol_holdout,diversity_oneshot,8,160,25.23632652810542
ISU_ILCC,set5_features_metadata_corr95,GPR,log,protocol_holdout,diversity_oneshot,8,176,26.3516756430423
ISU_ILCC,set5_features_metadata_corr95,GPR,log,protocol_holdout,diversity_oneshot,8,192,26.358263588828297
ISU_ILCC,set5_features_metadata_corr95,GPR,log,protocol_holdout,diversity_oneshot,8,193,26.40776075553068
ISU_ILCC,set5_features_metadata_corr95,GPR,log,protocol_holdout,diversity_oneshot,9,16,24.457699371253085
ISU_ILCC,set5_features_metadata_corr95,GPR,log,protocol_holdout,diversity_oneshot,9,32,20.797726391038744
ISU_ILCC,set5_features_metadata_corr95,GPR,log,protocol_holdout,diversity_oneshot,9,48,26.86852245847644
ISU_ILCC,set5_features_metadata_corr95,GPR,log,protocol_holdout,diversity_oneshot,9,64,23.796749850488464
ISU_ILCC,set5_features_metadata_corr95,GPR,log,protocol_holdout,diversity_oneshot,9,80,20.44694203805364
ISU_ILCC,set5_features_metadata_corr95,GPR,log,protocol_holdout,diversity_oneshot,9,96,21.913347950083587
ISU_ILCC,set5_features_metadata_corr95,GPR,log,protocol_holdout,diversity_oneshot,9,112,22.28537914530232
ISU_ILCC,set5_features_metadata_corr95,GPR,log,protocol_holdout,diversity_oneshot,9,128,23.5880578584305
ISU_ILCC,set5_features_metadata_corr95,GPR,log,protocol_holdout,diversity_oneshot,9,144,22.55836658107665
ISU_ILCC,set5_features_metadata_corr95,GPR,log,protocol_holdout,diversity_oneshot,9,160,22.73786350731172
ISU_ILCC,set5_features_metadata_corr95,GPR,log,protocol_holdout,diversity_oneshot,9,176,22.989336436816647
ISU_ILCC,set5_features_metadata_corr95,GPR,log,protocol_holdout,diversity_oneshot,9,192,22.9284509313858
ISU_ILCC,set5_features_metadata_corr95,GPR,log,protocol_holdout,diversity_oneshot,9,193,22.937231270646937
ISU_ILCC,set5_features_metadata_corr95,GPR,log,protocol_holdout,diversity_oneshot,10,16,25.003747445946782
ISU_ILCC,set5_features_metadata_corr95,GPR,log,protocol_holdout,diversity_oneshot,10,32,24.551851500009523
ISU_ILCC,set5_features_metadata_corr95,GPR,log,protocol_holdout,diversity_oneshot,10,48,21.76384481899659
ISU_ILCC,set5_features_metadata_corr95,GPR,log,protocol_holdout,diversity_oneshot,10,64,25.0719192869727
ISU_ILCC,set5_features_metadata_corr95,GPR,log,protocol_holdout,diversity_oneshot,10,80,22.05783669812905
ISU_ILCC,set5_features_metadata_corr95,GPR,log,protocol_holdout,diversity_oneshot,10,96,23.036420312416286
ISU_ILCC,set5_features_metadata_corr95,GPR,log,protocol_holdout,diversity_oneshot,10,112,23.883482028893106
ISU_ILCC,set5_features_metadata_corr95,GPR,log,protocol_holdout,diversity_oneshot,10,128,23.275609478233346
ISU_ILCC,set5_features_metadata_corr95,GPR,log,protocol_holdout,diversity_oneshot,10,144,23.00823097605785
ISU_ILCC,set5_features_metadata_corr95,GPR,log,protocol_holdout,diversity_oneshot,10,160,23.45529746722926
ISU_ILCC,set5_features_metadata_corr95,GPR,log,protocol_holdout,diversity_oneshot,10,176,22.4912885903259
ISU_ILCC,set5_features_metadata_corr95,GPR,log,protocol_holdout,diversity_oneshot,10,192,22.23859834821411
ISU_ILCC,set5_features_metadata_corr95,GPR,log,protocol_holdout,diversity_oneshot,10,193,22.25563915967739
ISU_ILCC,set5_features_metadata_corr95,GPR,log,protocol_holdout,diversity_iterative,1,16,30.37146347525439
ISU_ILCC,set5_features_metadata_corr95,GPR,log,protocol_holdout,diversity_iterative,1,32,22.751699633183275
ISU_ILCC,set5_features_metadata_corr95,GPR,log,protocol_holdout,diversity_iterative,1,48,18.225918491490123
ISU_ILCC,set5_features_metadata_corr95,GPR,log,protocol_holdout,diversity_iterative,1,64,17.00971748350357
ISU_ILCC,set5_features_metadata_corr95,GPR,log,protocol_holdout,diversity_iterative,1,80,16.303942547880638
ISU_ILCC,set5_features_metadata_corr95,GPR,log,protocol_holdout,diversity_iterative,1,96,17.118241719855508
ISU_ILCC,set5_features_metadata_corr95,GPR,log,protocol_holdout,diversity_iterative,1,112,17.22800298480164
ISU_ILCC,set5_features_metadata_corr95,GPR,log,protocol_holdout,diversity_iterative,1,128,16.59837037275328
ISU_ILCC,set5_features_metadata_corr95,GPR,log,protocol_holdout,diversity_iterative,1,144,16.696948057214406
ISU_ILCC,set5_features_metadata_corr95,GPR,log,protocol_holdout,diversity_iterative,1,160,17.142305835456455
ISU_ILCC,set5_features_metadata_corr95,GPR,log,protocol_holdout,diversity_iterative,1,176,15.442155277414162
ISU_ILCC,set5_features_metadata_corr95,GPR,log,protocol_holdout,diversity_iterative,1,192,14.753417724549378
ISU_ILCC,set5_features_metadata_corr95,GPR,log,protocol_holdout,diversity_iterative,1,193,14.801307217217827
ISU_ILCC,set5_features_metadata_corr95,GPR,log,protocol_holdout,diversity_iterative,2,16,17.84100834753458
ISU_ILCC,set5_features_metadata_corr95,GPR,log,protocol_holdout,diversity_iterative,2,32,17.572771535934155
ISU_ILCC,set5_features_metadata_corr95,GPR,log,protocol_holdout,diversity_iterative,2,48,17.445217918741815
ISU_ILCC,set5_features_metadata_corr95,GPR,log,protocol_holdout,diversity_iterative,2,64,16.62676190615602
ISU_ILCC,set5_features_metadata_corr95,GPR,log,protocol_holdout,diversity_iterative,2,80,15.900908547818725
ISU_ILCC,set5_features_metadata_corr95,GPR,log,protocol_holdout,diversity_iterative,2,96,15.818112665159298
ISU_ILCC,set5_features_metadata_corr95,GPR,log,protocol_holdout,diversity_iterative,2,112,17.33129753058492
ISU_ILCC,set5_features_metadata_corr95,GPR,log,protocol_holdout,diversity_iterative,2,128,17.433013952474706
ISU_ILCC,set5_features_metadata_corr95,GPR,log,protocol_holdout,diversity_iterative,2,144,18.32766889872368
ISU_ILCC,set5_features_metadata_corr95,GPR,log,protocol_holdout,diversity_iterative,2,160,19.85627028769089
ISU_ILCC,set5_features_metadata_corr95,GPR,log,protocol_holdout,diversity_iterative,2,176,19.976080217906024
ISU_ILCC,set5_features_metadata_corr95,GPR,log,protocol_holdout,diversity_iterative,2,192,19.05379246081418
ISU_ILCC,set5_features_metadata_corr95,GPR,log,protocol_holdout,diversity_iterative,2,193,19.25342427351053
ISU_ILCC,set5_features_metadata_corr95,GPR,log,protocol_holdout,diversity_iterative,3,16,24.13833999202876
ISU_ILCC,set5_features_metadata_corr95,GPR,log,protocol_holdout,diversity_iterative,3,32,18.999591946653894
ISU_ILCC,set5_features_metadata_corr95,GPR,log,protocol_holdout,diversity_iterative,3,48,19.617785745367613
ISU_ILCC,set5_features_metadata_corr95,GPR,log,protocol_holdout,diversity_iterative,3,64,19.952278820840608
ISU_ILCC,set5_features_metadata_corr95,GPR,log,protocol_holdout,diversity_iterative,3,80,17.31397335856193
ISU_ILCC,set5_features_metadata_corr95,GPR,log,protocol_holdout,diversity_iterative,3,96,16.61904076924204
ISU_ILCC,set5_features_metadata_corr95,GPR,log,protocol_holdout,diversity_iterative,3,112,16.43082694214548
ISU_ILCC,set5_features_metadata_corr95,GPR,log,protocol_holdout,diversity_iterative,3,128,14.446818569423083
ISU_ILCC,set5_features_metadata_corr95,GPR,log,protocol_holdout,diversity_iterative,3,144,15.089522156784346
ISU_ILCC,set5_features_metadata_corr95,GPR,log,protocol_holdout,diversity_iterative,3,160,14.803265375746149
ISU_ILCC,set5_features_metadata_corr95,GPR,log,protocol_holdout,diversity_iterative,3,176,14.502081062331357
ISU_ILCC,set5_features_metadata_corr95,GPR,log,protocol_holdout,diversity_iterative,3,192,13.987725064700978
ISU_ILCC,set5_features_metadata_corr95,GPR,log,protocol_holdout,diversity_iterative,3,193,13.983624538627298
ISU_ILCC,set5_features_metadata_corr95,GPR,log,protocol_holdout,diversity_iterative,4,16,19.09616715589415
ISU_ILCC,set5_features_metadata_corr95,GPR,log,protocol_holdout,diversity_iterative,4,32,15.672659214019037
ISU_ILCC,set5_features_metadata_corr95,GPR,log,protocol_holdout,diversity_iterative,4,48,13.539133207025069
ISU_ILCC,set5_features_metadata_corr95,GPR,log,protocol_holdout,diversity_iterative,4,64,12.92950774870626
ISU_ILCC,set5_features_metadata_corr95,GPR,log,protocol_holdout,diversity_iterative,4,80,13.000839987646485
ISU_ILCC,set5_features_metadata_corr95,GPR,log,protocol_holdout,diversity_iterative,4,96,12.232056614874802
ISU_ILCC,set5_features_metadata_corr95,GPR,log,protocol_holdout,diversity_iterative,4,112,14.799010378563294
ISU_ILCC,set5_features_metadata_corr95,GPR,log,protocol_holdout,diversity_iterative,4,128,15.509677499865484
ISU_ILCC,set5_features_metadata_corr95,GPR,log,protocol_holdout,diversity_iterative,4,144,16.9189001924805
ISU_ILCC,set5_features_metadata_corr95,GPR,log,protocol_holdout,diversity_iterative,4,160,16.392626906902088
ISU_ILCC,set5_features_metadata_corr95,GPR,log,protocol_holdout,diversity_iterative,4,176,16.498430349311988
ISU_ILCC,set5_features_metadata_corr95,GPR,log,protocol_holdout,diversity_iterative,4,192,16.188386084267815
ISU_ILCC,set5_features_metadata_corr95,GPR,log,protocol_holdout,diversity_iterative,4,193,16.302811935775598
ISU_ILCC,set5_features_metadata_corr95,GPR,log,protocol_holdout,diversity_iterative,5,16,34.837324252554254
ISU_ILCC,set5_features_metadata_corr95,GPR,log,protocol_holdout,diversity_iterative,5,32,31.031375769980013
ISU_ILCC,set5_features_metadata_corr95,GPR,log,protocol_holdout,diversity_iterative,5,48,26.455470360983195
ISU_ILCC,set5_features_metadata_corr95,GPR,log,protocol_holdout,diversity_iterative,5,64,24.02043818976404
ISU_ILCC,set5_features_metadata_corr95,GPR,log,protocol_holdout,diversity_iterative,5,80,23.027016922222423
ISU_ILCC,set5_features_metadata_corr95,GPR,log,protocol_holdout,diversity_iterative,5,96,24.463045086296724
ISU_ILCC,set5_features_metadata_corr95,GPR,log,protocol_holdout,diversity_iterative,5,112,23.036479884217453
ISU_ILCC,set5_features_metadata_corr95,GPR,log,protocol_holdout,diversity_iterative,5,128,22.775026432067303
ISU_ILCC,set5_features_metadata_corr95,GPR,log,protocol_holdout,diversity_iterative,5,144,22.01251597213446
ISU_ILCC,set5_features_metadata_corr95,GPR,log,protocol_holdout,diversity_iterative,5,160,18.993329567465608
ISU_ILCC,set5_features_metadata_corr95,GPR,log,protocol_holdout,diversity_iterative,5,176,17.992954401295446
ISU_ILCC,set5_features_metadata_corr95,GPR,log,protocol_holdout,diversity_iterative,5,192,18.362483420258727
ISU_ILCC,set5_features_metadata_corr95,GPR,log,protocol_holdout,diversity_iterative,5,193,18.367370727578592
ISU_ILCC,set5_features_metadata_corr95,GPR,log,protocol_holdout,diversity_iterative,6,16,21.51177466899273
ISU_ILCC,set5_features_metadata_corr95,GPR,log,protocol_holdout,diversity_iterative,6,32,19.811141302140573
ISU_ILCC,set5_features_metadata_corr95,GPR,log,protocol_holdout,diversity_iterative,6,48,19.66393542615909
ISU_ILCC,set5_features_metadata_corr95,GPR,log,protocol_holdout,diversity_iterative,6,64,19.597085936814835
ISU_ILCC,set5_features_metadata_corr95,GPR,log,protocol_holdout,diversity_iterative,6,80,20.82169355424999
ISU_ILCC,set5_features_metadata_corr95,GPR,log,protocol_holdout,diversity_iterative,6,96,21.56721039817735
ISU_ILCC,set5_features_metadata_corr95,GPR,log,protocol_holdout,diversity_iterative,6,112,20.40783029826117
ISU_ILCC,set5_features_metadata_corr95,GPR,log,protocol_holdout,diversity_iterative,6,128,19.6907158451603
ISU_ILCC,set5_features_metadata_corr95,GPR,log,protocol_holdout,diversity_iterative,6,144,19.42250445351716
ISU_ILCC,set5_features_metadata_corr95,GPR,log,protocol_holdout,diversity_iterative,6,160,19.80786601680606
ISU_ILCC,set5_features_metadata_corr95,GPR,log,protocol_holdout,diversity_iterative,6,176,20.711936119100525
ISU_ILCC,set5_features_metadata_corr95,GPR,log,protocol_holdout,diversity_iterative,6,192,21.53217870064924
ISU_ILCC,set5_features_metadata_corr95,GPR,log,protocol_holdout,diversity_iterative,6,193,21.4031467711028
ISU_ILCC,set5_features_metadata_corr95,GPR,log,protocol_holdout,diversity_iterative,7,16,26.573407924501574
ISU_ILCC,set5_features_metadata_corr95,GPR,log,protocol_holdout,diversity_iterative,7,32,25.428659986830983
ISU_ILCC,set5_features_metadata_corr95,GPR,log,protocol_holdout,diversity_iterative,7,48,24.301840863205847
ISU_ILCC,set5_features_metadata_corr95,GPR,log,protocol_holdout,diversity_iterative,7,64,23.77221363330384
ISU_ILCC,set5_features_metadata_corr95,GPR,log,protocol_holdout,diversity_iterative,7,80,22.435422155836324
ISU_ILCC,set5_features_metadata_corr95,GPR,log,protocol_holdout,diversity_iterative,7,96,23.732659009141223
ISU_ILCC,set5_features_metadata_corr95,GPR,log,protocol_holdout,diversity_iterative,7,112,23.577862641627785
ISU_ILCC,set5_features_metadata_corr95,GPR,log,protocol_holdout,diversity_iterative,7,128,22.919352281326933
ISU_ILCC,set5_features_metadata_corr95,GPR,log,protocol_holdout,diversity_iterative,7,144,21.8916770978791
ISU_ILCC,set5_features_metadata_corr95,GPR,log,protocol_holdout,diversity_iterative,7,160,21.12245539195405
ISU_ILCC,set5_features_metadata_corr95,GPR,log,protocol_holdout,diversity_iterative,7,176,20.5302142376237
ISU_ILCC,set5_features_metadata_corr95,GPR,log,protocol_holdout,diversity_iterative,7,192,20.17711979827592
ISU_ILCC,set5_features_metadata_corr95,GPR,log,protocol_holdout,diversity_iterative,7,193,20.18669391097907
ISU_ILCC,set5_features_metadata_corr95,GPR,log,protocol_holdout,diversity_iterative,8,16,43.17174996111783
ISU_ILCC,set5_features_metadata_corr95,GPR,log,protocol_holdout,diversity_iterative,8,32,26.088289382117647
ISU_ILCC,set5_features_metadata_corr95,GPR,log,protocol_holdout,diversity_iterative,8,48,26.84278821181949
ISU_ILCC,set5_features_metadata_corr95,GPR,log,protocol_holdout,diversity_iterative,8,64,26.072956241993754
ISU_ILCC,set5_features_metadata_corr95,GPR,log,protocol_holdout,diversity_iterative,8,80,26.201601581180256
ISU_ILCC,set5_features_metadata_corr95,GPR,log,protocol_holdout,diversity_iterative,8,96,26.012719288894587
ISU_ILCC,set5_features_metadata_corr95,GPR,log,protocol_holdout,diversity_iterative,8,112,24.898958301150746
ISU_ILCC,set5_features_metadata_corr95,GPR,log,protocol_holdout,diversity_iterative,8,128,25.403616113966315
ISU_ILCC,set5_features_metadata_corr95,GPR,log,protocol_holdout,diversity_iterative,8,144,26.096796126280715
ISU_ILCC,set5_features_metadata_corr95,GPR,log,protocol_holdout,diversity_iterative,8,160,26.170007334563145
ISU_ILCC,set5_features_metadata_corr95,GPR,log,protocol_holdout,diversity_iterative,8,176,25.94752518231207
ISU_ILCC,set5_features_metadata_corr95,GPR,log,protocol_holdout,diversity_iterative,8,192,26.30896385681065
ISU_ILCC,set5_features_metadata_corr95,GPR,log,protocol_holdout,diversity_iterative,8,193,26.40776075553068
ISU_ILCC,set5_features_metadata_corr95,GPR,log,protocol_holdout,diversity_iterative,9,16,24.457699371253085
ISU_ILCC,set5_features_metadata_corr95,GPR,log,protocol_holdout,diversity_iterative,9,32,23.727645890391592
ISU_ILCC,set5_features_metadata_corr95,GPR,log,protocol_holdout,diversity_iterative,9,48,22.162255417563767
ISU_ILCC,set5_features_metadata_corr95,GPR,log,protocol_holdout,diversity_iterative,9,64,21.755859492119136
ISU_ILCC,set5_features_metadata_corr95,GPR,log,protocol_holdout,diversity_iterative,9,80,18.957014619298008
ISU_ILCC,set5_features_metadata_corr95,GPR,log,protocol_holdout,diversity_iterative,9,96,20.81675307085497
ISU_ILCC,set5_features_metadata_corr95,GPR,log,protocol_holdout,diversity_iterative,9,112,20.80375598427753
ISU_ILCC,set5_features_metadata_corr95,GPR,log,protocol_holdout,diversity_iterative,9,128,21.890928581142564
ISU_ILCC,set5_features_metadata_corr95,GPR,log,protocol_holdout,diversity_iterative,9,144,22.11909338580662
ISU_ILCC,set5_features_metadata_corr95,GPR,log,protocol_holdout,diversity_iterative,9,160,23.566101187354192
ISU_ILCC,set5_features_metadata_corr95,GPR,log,protocol_holdout,diversity_iterative,9,176,23.587779101567826
ISU_ILCC,set5_features_metadata_corr95,GPR,log,protocol_holdout,diversity_iterative,9,192,22.97847818166147
ISU_ILCC,set5_features_metadata_corr95,GPR,log,protocol_holdout,diversity_iterative,9,193,22.937231270646937
ISU_ILCC,set5_features_metadata_corr95,GPR,log,protocol_holdout,diversity_iterative,10,16,25.003747445946782
ISU_ILCC,set5_features_metadata_corr95,GPR,log,protocol_holdout,diversity_iterative,10,32,26.431073472597145
ISU_ILCC,set5_features_metadata_corr95,GPR,log,protocol_holdout,diversity_iterative,10,48,22.330117909159867
ISU_ILCC,set5_features_metadata_corr95,GPR,log,protocol_holdout,diversity_iterative,10,64,21.849939727394307
ISU_ILCC,set5_features_metadata_corr95,GPR,log,protocol_holdout,diversity_iterative,10,80,22.28552213442112
ISU_ILCC,set5_features_metadata_corr95,GPR,log,protocol_holdout,diversity_iterative,10,96,22.04312981004027
ISU_ILCC,set5_features_metadata_corr95,GPR,log,protocol_holdout,diversity_iterative,10,112,23.489313945921765
ISU_ILCC,set5_features_metadata_corr95,GPR,log,protocol_holdout,diversity_iterative,10,128,22.95929023322364
ISU_ILCC,set5_features_metadata_corr95,GPR,log,protocol_holdout,diversity_iterative,10,144,22.31019229956805
ISU_ILCC,set5_features_metadata_corr95,GPR,log,protocol_holdout,diversity_iterative,10,160,22.1733910941276
ISU_ILCC,set5_features_metadata_corr95,GPR,log,protocol_holdout,diversity_iterative,10,176,22.19854342741283
ISU_ILCC,set5_features_metadata_corr95,GPR,log,protocol_holdout,diversity_iterative,10,192,22.24726741608773
ISU_ILCC,set5_features_metadata_corr95,GPR,log,protocol_holdout,diversity_iterative,10,193,22.25563915967739
ISU_ILCC,set5_features_metadata_corr95,GPR,log,protocol_holdout,coverage,1,16,29.33423345596824
ISU_ILCC,set5_features_metadata_corr95,GPR,log,protocol_holdout,coverage,1,32,23.296283028652624
ISU_ILCC,set5_features_metadata_corr95,GPR,log,protocol_holdout,coverage,1,48,21.49106920881283
ISU_ILCC,set5_features_metadata_corr95,GPR,log,protocol_holdout,coverage,1,64,21.54892770989241
ISU_ILCC,set5_features_metadata_corr95,GPR,log,protocol_holdout,coverage,1,80,19.638555630613016
ISU_ILCC,set5_features_metadata_corr95,GPR,log,protocol_holdout,coverage,1,96,18.03317134070107
ISU_ILCC,set5_features_metadata_corr95,GPR,log,protocol_holdout,coverage,1,112,15.27074294738537
ISU_ILCC,set5_features_metadata_corr95,GPR,log,protocol_holdout,coverage,1,128,14.37558752676972
ISU_ILCC,set5_features_metadata_corr95,GPR,log,protocol_holdout,coverage,1,144,14.714734751329017
ISU_ILCC,set5_features_metadata_corr95,GPR,log,protocol_holdout,coverage,1,160,14.603659446124418
ISU_ILCC,set5_features_metadata_corr95,GPR,log,protocol_holdout,coverage,1,176,14.005724712603552
ISU_ILCC,set5_features_metadata_corr95,GPR,log,protocol_holdout,coverage,1,192,14.715007407793346
ISU_ILCC,set5_features_metadata_corr95,GPR,log,protocol_holdout,coverage,1,193,14.801307217217827
ISU_ILCC,set5_features_metadata_corr95,GPR,log,protocol_holdout,coverage,2,16,32.55607302225202
ISU_ILCC,set5_features_metadata_corr95,GPR,log,protocol_holdout,coverage,2,32,19.09842882256938
ISU_ILCC,set5_features_metadata_corr95,GPR,log,protocol_holdout,coverage,2,48,17.37068286972341
ISU_ILCC,set5_features_metadata_corr95,GPR,log,protocol_holdout,coverage,2,64,18.181852858981248
ISU_ILCC,set5_features_metadata_corr95,GPR,log,protocol_holdout,coverage,2,80,17.326099457171942
ISU_ILCC,set5_features_metadata_corr95,GPR,log,protocol_holdout,coverage,2,96,15.96524507179332
ISU_ILCC,set5_features_metadata_corr95,GPR,log,protocol_holdout,coverage,2,112,16.37407754376856
ISU_ILCC,set5_features_metadata_corr95,GPR,log,protocol_holdout,coverage,2,128,16.48136365022968
ISU_ILCC,set5_features_metadata_corr95,GPR,log,protocol_holdout,coverage,2,144,17.654884176180378
ISU_ILCC,set5_features_metadata_corr95,GPR,log,protocol_holdout,coverage,2,160,18.99338917981737
ISU_ILCC,set5_features_metadata_corr95,GPR,log,protocol_holdout,coverage,2,176,18.36525022403134
ISU_ILCC,set5_features_metadata_corr95,GPR,log,protocol_holdout,coverage,2,192,19.31197469265439
ISU_ILCC,set5_features_metadata_corr95,GPR,log,protocol_holdout,coverage,2,193,19.25342427351053
ISU_ILCC,set5_features_metadata_corr95,GPR,log,protocol_holdout,coverage,3,16,19.551790960464626
ISU_ILCC,set5_features_metadata_corr95,GPR,log,protocol_holdout,coverage,3,32,19.149247932661844
ISU_ILCC,set5_features_metadata_corr95,GPR,log,protocol_holdout,coverage,3,48,19.268510742100062
ISU_ILCC,set5_features_metadata_corr95,GPR,log,protocol_holdout,coverage,3,64,19.15953438841159
ISU_ILCC,set5_features_metadata_corr95,GPR,log,protocol_holdout,coverage,3,80,16.094792327329298
ISU_ILCC,set5_features_metadata_corr95,GPR,log,protocol_holdout,coverage,3,96,16.48319026770881
ISU_ILCC,set5_features_metadata_corr95,GPR,log,protocol_holdout,coverage,3,112,16.556513637269283
ISU_ILCC,set5_features_metadata_corr95,GPR,log,protocol_holdout,coverage,3,128,15.525298272756908
ISU_ILCC,set5_features_metadata_corr95,GPR,log,protocol_holdout,coverage,3,144,15.331536898351604
ISU_ILCC,set5_features_metadata_corr95,GPR,log,protocol_holdout,coverage,3,160,14.88401334878584
ISU_ILCC,set5_features_metadata_corr95,GPR,log,protocol_holdout,coverage,3,176,13.936048168305232
ISU_ILCC,set5_features_metadata_corr95,GPR,log,protocol_holdout,coverage,3,192,13.992225766157688
ISU_ILCC,set5_features_metadata_corr95,GPR,log,protocol_holdout,coverage,3,193,13.983624538627298
ISU_ILCC,set5_features_metadata_corr95,GPR,log,protocol_holdout,coverage,4,16,25.55837475985073
ISU_ILCC,set5_features_metadata_corr95,GPR,log,protocol_holdout,coverage,4,32,21.92059361455028
ISU_ILCC,set5_features_metadata_corr95,GPR,log,protocol_holdout,coverage,4,48,14.22602337737859
ISU_ILCC,set5_features_metadata_corr95,GPR,log,protocol_holdout,coverage,4,64,13.397264622624144
ISU_ILCC,set5_features_metadata_corr95,GPR,log,protocol_holdout,coverage,4,80,15.597791576568246
ISU_ILCC,set5_features_metadata_corr95,GPR,log,protocol_holdout,coverage,4,96,15.398750473376069
ISU_ILCC,set5_features_metadata_corr95,GPR,log,protocol_holdout,coverage,4,112,15.201704007014213
ISU_ILCC,set5_features_metadata_corr95,GPR,log,protocol_holdout,coverage,4,128,15.297694762740994
ISU_ILCC,set5_features_metadata_corr95,GPR,log,protocol_holdout,coverage,4,144,15.709405520654649
ISU_ILCC,set5_features_metadata_corr95,GPR,log,protocol_holdout,coverage,4,160,16.808117511141074
ISU_ILCC,set5_features_metadata_corr95,GPR,log,protocol_holdout,coverage,4,176,15.786279744759584
ISU_ILCC,set5_features_metadata_corr95,GPR,log,protocol_holdout,coverage,4,192,16.253696882361833
ISU_ILCC,set5_features_metadata_corr95,GPR,log,protocol_holdout,coverage,4,193,16.302811935775598
ISU_ILCC,set5_features_metadata_corr95,GPR,log,protocol_holdout,coverage,5,16,36.820545071367846
ISU_ILCC,set5_features_metadata_corr95,GPR,log,protocol_holdout,coverage,5,32,29.451881250477065
ISU_ILCC,set5_features_metadata_corr95,GPR,log,protocol_holdout,coverage,5,48,22.331098129538223
ISU_ILCC,set5_features_metadata_corr95,GPR,log,protocol_holdout,coverage,5,64,21.673328996078425
ISU_ILCC,set5_features_metadata_corr95,GPR,log,protocol_holdout,coverage,5,80,18.793303936091807
ISU_ILCC,set5_features_metadata_corr95,GPR,log,protocol_holdout,coverage,5,96,18.587235725692697
ISU_ILCC,set5_features_metadata_corr95,GPR,log,protocol_holdout,coverage,5,112,18.25063938644616
ISU_ILCC,set5_features_metadata_corr95,GPR,log,protocol_holdout,coverage,5,128,18.54316709887561
ISU_ILCC,set5_features_metadata_corr95,GPR,log,protocol_holdout,coverage,5,144,18.075437455758173
ISU_ILCC,set5_features_metadata_corr95,GPR,log,protocol_holdout,coverage,5,160,18.15054987301749
ISU_ILCC,set5_features_metadata_corr95,GPR,log,protocol_holdout,coverage,5,176,18.098256196793024
ISU_ILCC,set5_features_metadata_corr95,GPR,log,protocol_holdout,coverage,5,192,18.37498114923776
ISU_ILCC,set5_features_metadata_corr95,GPR,log,protocol_holdout,coverage,5,193,18.367370727578592
ISU_ILCC,set5_features_metadata_corr95,GPR,log,protocol_holdout,coverage,6,16,31.7999375492524
ISU_ILCC,set5_features_metadata_corr95,GPR,log,protocol_holdout,coverage,6,32,24.41025018657163
ISU_ILCC,set5_features_metadata_corr95,GPR,log,protocol_holdout,coverage,6,48,23.250364926523154
ISU_ILCC,set5_features_metadata_corr95,GPR,log,protocol_holdout,coverage,6,64,20.130136498383003
ISU_ILCC,set5_features_metadata_corr95,GPR,log,protocol_holdout,coverage,6,80,23.777221055312616
ISU_ILCC,set5_features_metadata_corr95,GPR,log,protocol_holdout,coverage,6,96,22.041474741223897
ISU_ILCC,set5_features_metadata_corr95,GPR,log,protocol_holdout,coverage,6,112,21.96282225969328
ISU_ILCC,set5_features_metadata_corr95,GPR,log,protocol_holdout,coverage,6,128,20.76938163533675
ISU_ILCC,set5_features_metadata_corr95,GPR,log,protocol_holdout,coverage,6,144,22.11981272627845
ISU_ILCC,set5_features_metadata_corr95,GPR,log,protocol_holdout,coverage,6,160,22.64219545287752
ISU_ILCC,set5_features_metadata_corr95,GPR,log,protocol_holdout,coverage,6,176,22.16857069445036
ISU_ILCC,set5_features_metadata_corr95,GPR,log,protocol_holdout,coverage,6,192,21.440505206291224
ISU_ILCC,set5_features_metadata_corr95,GPR,log,protocol_holdout,coverage,6,193,21.4031467711028
ISU_ILCC,set5_features_metadata_corr95,GPR,log,protocol_holdout,coverage,7,16,20.838110184835948
ISU_ILCC,set5_features_metadata_corr95,GPR,log,protocol_holdout,coverage,7,32,26.677519265973377
ISU_ILCC,set5_features_metadata_corr95,GPR,log,protocol_holdout,coverage,7,48,25.43156364542229
ISU_ILCC,set5_features_metadata_corr95,GPR,log,protocol_holdout,coverage,7,64,25.85321436279408
ISU_ILCC,set5_features_metadata_corr95,GPR,log,protocol_holdout,coverage,7,80,25.322024087295265
ISU_ILCC,set5_features_metadata_corr95,GPR,log,protocol_holdout,coverage,7,96,23.33199364940741
ISU_ILCC,set5_features_metadata_corr95,GPR,log,protocol_holdout,coverage,7,112,21.978711860319446
ISU_ILCC,set5_features_metadata_corr95,GPR,log,protocol_holdout,coverage,7,128,20.912419395183903
ISU_ILCC,set5_features_metadata_corr95,GPR,log,protocol_holdout,coverage,7,144,20.62408244659211
ISU_ILCC,set5_features_metadata_corr95,GPR,log,protocol_holdout,coverage,7,160,19.716468210443526
ISU_ILCC,set5_features_metadata_corr95,GPR,log,protocol_holdout,coverage,7,176,20.21588049517698
ISU_ILCC,set5_features_metadata_corr95,GPR,log,protocol_holdout,coverage,7,192,20.191146885060792
ISU_ILCC,set5_features_metadata_corr95,GPR,log,protocol_holdout,coverage,7,193,20.18669391097907
ISU_ILCC,set5_features_metadata_corr95,GPR,log,protocol_holdout,coverage,8,16,77.51816135336546
ISU_ILCC,set5_features_metadata_corr95,GPR,log,protocol_holdout,coverage,8,32,27.90789743335161
ISU_ILCC,set5_features_metadata_corr95,GPR,log,protocol_holdout,coverage,8,48,28.27266414587484
ISU_ILCC,set5_features_metadata_corr95,GPR,log,protocol_holdout,coverage,8,64,29.136763555349628
ISU_ILCC,set5_features_metadata_corr95,GPR,log,protocol_holdout,coverage,8,80,27.586633125364983
ISU_ILCC,set5_features_metadata_corr95,GPR,log,protocol_holdout,coverage,8,96,26.90163748250225
ISU_ILCC,set5_features_metadata_corr95,GPR,log,protocol_holdout,coverage,8,112,25.89943034315676
ISU_ILCC,set5_features_metadata_corr95,GPR,log,protocol_holdout,coverage,8,128,26.8749839533644
ISU_ILCC,set5_features_metadata_corr95,GPR,log,protocol_holdout,coverage,8,144,25.45891818665827
ISU_ILCC,set5_features_metadata_corr95,GPR,log,protocol_holdout,coverage,8,160,25.69675754557287
ISU_ILCC,set5_features_metadata_corr95,GPR,log,protocol_holdout,coverage,8,176,25.9245841218364
ISU_ILCC,set5_features_metadata_corr95,GPR,log,protocol_holdout,coverage,8,192,26.340070205579885
ISU_ILCC,set5_features_metadata_corr95,GPR,log,protocol_holdout,coverage,8,193,26.40776075553068
ISU_ILCC,set5_features_metadata_corr95,GPR,log,protocol_holdout,coverage,9,16,26.364572128230183
ISU_ILCC,set5_features_metadata_corr95,GPR,log,protocol_holdout,coverage,9,32,23.4247089456297
ISU_ILCC,set5_features_metadata_corr95,GPR,log,protocol_holdout,coverage,9,48,22.012446685752053
ISU_ILCC,set5_features_metadata_corr95,GPR,log,protocol_holdout,coverage,9,64,22.080749729031044
ISU_ILCC,set5_features_metadata_corr95,GPR,log,protocol_holdout,coverage,9,80,23.960897268392188
ISU_ILCC,set5_features_metadata_corr95,GPR,log,protocol_holdout,coverage,9,96,22.935721424118803
ISU_ILCC,set5_features_metadata_corr95,GPR,log,protocol_holdout,coverage,9,112,22.794029279558856
ISU_ILCC,set5_features_metadata_corr95,GPR,log,protocol_holdout,coverage,9,128,23.10112505132925
ISU_ILCC,set5_features_metadata_corr95,GPR,log,protocol_holdout,coverage,9,144,23.34206607303153
ISU_ILCC,set5_features_metadata_corr95,GPR,log,protocol_holdout,coverage,9,160,22.60764549473119
ISU_ILCC,set5_features_metadata_corr95,GPR,log,protocol_holdout,coverage,9,176,22.510691029497345
ISU_ILCC,set5_features_metadata_corr95,GPR,log,protocol_holdout,coverage,9,192,22.93042239472621
ISU_ILCC,set5_features_metadata_corr95,GPR,log,protocol_holdout,coverage,9,193,22.937231270646937
ISU_ILCC,set5_features_metadata_corr95,GPR,log,protocol_holdout,coverage,10,16,33.96538595084116
ISU_ILCC,set5_features_metadata_corr95,GPR,log,protocol_holdout,coverage,10,32,23.495774933726032
ISU_ILCC,set5_features_metadata_corr95,GPR,log,protocol_holdout,coverage,10,48,21.917043856501213
ISU_ILCC,set5_features_metadata_corr95,GPR,log,protocol_holdout,coverage,10,64,22.07040742377009
ISU_ILCC,set5_features_metadata_corr95,GPR,log,protocol_holdout,coverage,10,80,24.80193996419374
ISU_ILCC,set5_features_metadata_corr95,GPR,log,protocol_holdout,coverage,10,96,20.42820101794721
ISU_ILCC,set5_features_metadata_corr95,GPR,log,protocol_holdout,coverage,10,112,20.40001247235934
ISU_ILCC,set5_features_metadata_corr95,GPR,log,protocol_holdout,coverage,10,128,21.240540195432363
ISU_ILCC,set5_features_metadata_corr95,GPR,log,protocol_holdout,coverage,10,144,22.66434979443428
ISU_ILCC,set5_features_metadata_corr95,GPR,log,protocol_holdout,coverage,10,160,23.38789930183012
ISU_ILCC,set5_features_metadata_corr95,GPR,log,protocol_holdout,coverage,10,176,23.321872393916497
ISU_ILCC,set5_features_metadata_corr95,GPR,log,protocol_holdout,coverage,10,192,22.245872413190742
ISU_ILCC,set5_features_metadata_corr95,GPR,log,protocol_holdout,coverage,10,193,22.25563915967739
ISU_ILCC,set5_features_metadata_corr95,GPR,log,protocol_holdout,exploration,1,16,29.33423345596824
ISU_ILCC,set5_features_metadata_corr95,GPR,log,protocol_holdout,exploration,1,32,29.971368426934607
ISU_ILCC,set5_features_metadata_corr95,GPR,log,protocol_holdout,exploration,1,48,20.2120773977917
ISU_ILCC,set5_features_metadata_corr95,GPR,log,protocol_holdout,exploration,1,64,18.8788922337638
ISU_ILCC,set5_features_metadata_corr95,GPR,log,protocol_holdout,exploration,1,80,19.19983392473599
ISU_ILCC,set5_features_metadata_corr95,GPR,log,protocol_holdout,exploration,1,96,16.91309712396623
ISU_ILCC,set5_features_metadata_corr95,GPR,log,protocol_holdout,exploration,1,112,17.03352786324674
ISU_ILCC,set5_features_metadata_corr95,GPR,log,protocol_holdout,exploration,1,128,16.26233006474333
ISU_ILCC,set5_features_metadata_corr95,GPR,log,protocol_holdout,exploration,1,144,16.19593247984161
ISU_ILCC,set5_features_metadata_corr95,GPR,log,protocol_holdout,exploration,1,160,14.453346495887835
ISU_ILCC,set5_features_metadata_corr95,GPR,log,protocol_holdout,exploration,1,176,14.66535941229638
ISU_ILCC,set5_features_metadata_corr95,GPR,log,protocol_holdout,exploration,1,192,14.78049534908887
ISU_ILCC,set5_features_metadata_corr95,GPR,log,protocol_holdout,exploration,1,193,14.801307217217827
ISU_ILCC,set5_features_metadata_corr95,GPR,log,protocol_holdout,exploration,2,16,32.55607302225202
ISU_ILCC,set5_features_metadata_corr95,GPR,log,protocol_holdout,exploration,2,32,19.09842882256938
ISU_ILCC,set5_features_metadata_corr95,GPR,log,protocol_holdout,exploration,2,48,26.040601480284977
ISU_ILCC,set5_features_metadata_corr95,GPR,log,protocol_holdout,exploration,2,64,17.118648737182273
ISU_ILCC,set5_features_metadata_corr95,GPR,log,protocol_holdout,exploration,2,80,20.94998897184988
ISU_ILCC,set5_features_metadata_corr95,GPR,log,protocol_holdout,exploration,2,96,15.74676484805926
ISU_ILCC,set5_features_metadata_corr95,GPR,log,protocol_holdout,exploration,2,112,16.161120015228132
ISU_ILCC,set5_features_metadata_corr95,GPR,log,protocol_holdout,exploration,2,128,16.15563042216053
ISU_ILCC,set5_features_metadata_corr95,GPR,log,protocol_holdout,exploration,2,144,17.20444884847984
ISU_ILCC,set5_features_metadata_corr95,GPR,log,protocol_holdout,exploration,2,160,18.92059059447504
ISU_ILCC,set5_features_metadata_corr95,GPR,log,protocol_holdout,exploration,2,176,19.340161526201424
ISU_ILCC,set5_features_metadata_corr95,GPR,log,protocol_holdout,exploration,2,192,19.260726690621
ISU_ILCC,set5_features_metadata_corr95,GPR,log,protocol_holdout,exploration,2,193,19.25342427351053
ISU_ILCC,set5_features_metadata_corr95,GPR,log,protocol_holdout,exploration,3,16,19.551790960464626
ISU_ILCC,set5_features_metadata_corr95,GPR,log,protocol_holdout,exploration,3,32,21.15811120742258
ISU_ILCC,set5_features_metadata_corr95,GPR,log,protocol_holdout,exploration,3,48,20.37564516480245
ISU_ILCC,set5_features_metadata_corr95,GPR,log,protocol_holdout,exploration,3,64,20.183352365787464
ISU_ILCC,set5_features_metadata_corr95,GPR,log,protocol_holdout,exploration,3,80,17.67495032440861
ISU_ILCC,set5_features_metadata_corr95,GPR,log,protocol_holdout,exploration,3,96,17.19799417376038
ISU_ILCC,set5_features_metadata_corr95,GPR,log,protocol_holdout,exploration,3,112,17.38856771600352
ISU_ILCC,set5_features_metadata_corr95,GPR,log,protocol_holdout,exploration,3,128,16.03786037882732
ISU_ILCC,set5_features_metadata_corr95,GPR,log,protocol_holdout,exploration,3,144,15.761964932968857
ISU_ILCC,set5_features_metadata_corr95,GPR,log,protocol_holdout,exploration,3,160,15.240916421816864
ISU_ILCC,set5_features_metadata_corr95,GPR,log,protocol_holdout,exploration,3,176,14.725378444945685
ISU_ILCC,set5_features_metadata_corr95,GPR,log,protocol_holdout,exploration,3,192,13.978144110292313
ISU_ILCC,set5_features_metadata_corr95,GPR,log,protocol_holdout,exploration,3,193,13.983624538627298
ISU_ILCC,set5_features_metadata_corr95,GPR,log,protocol_holdout,exploration,4,16,25.55837475985073
ISU_ILCC,set5_features_metadata_corr95,GPR,log,protocol_holdout,exploration,4,32,23.659028650368704
ISU_ILCC,set5_features_metadata_corr95,GPR,log,protocol_holdout,exploration,4,48,17.599916097734425
ISU_ILCC,set5_features_metadata_corr95,GPR,log,protocol_holdout,exploration,4,64,13.3017971896303
ISU_ILCC,set5_features_metadata_corr95,GPR,log,protocol_holdout,exploration,4,80,12.541672864306014
ISU_ILCC,set5_features_metadata_corr95,GPR,log,protocol_holdout,exploration,4,96,13.958862771281972
ISU_ILCC,set5_features_metadata_corr95,GPR,log,protocol_holdout,exploration,4,112,16.124176460997067
ISU_ILCC,set5_features_metadata_corr95,GPR,log,protocol_holdout,exploration,4,128,12.866738638397718
ISU_ILCC,set5_features_metadata_corr95,GPR,log,protocol_holdout,exploration,4,144,13.326994925589736
ISU_ILCC,set5_features_metadata_corr95,GPR,log,protocol_holdout,exploration,4,160,15.057457315000091
ISU_ILCC,set5_features_metadata_corr95,GPR,log,protocol_holdout,exploration,4,176,15.64583091220764
ISU_ILCC,set5_features_metadata_corr95,GPR,log,protocol_holdout,exploration,4,192,16.303809125613018
ISU_ILCC,set5_features_metadata_corr95,GPR,log,protocol_holdout,exploration,4,193,16.302811935775598
ISU_ILCC,set5_features_metadata_corr95,GPR,log,protocol_holdout,exploration,5,16,36.820545071367846
ISU_ILCC,set5_features_metadata_corr95,GPR,log,protocol_holdout,exploration,5,32,28.77635654451361
ISU_ILCC,set5_features_metadata_corr95,GPR,log,protocol_holdout,exploration,5,48,21.740693918309965
ISU_ILCC,set5_features_metadata_corr95,GPR,log,protocol_holdout,exploration,5,64,19.56344533875044
ISU_ILCC,set5_features_metadata_corr95,GPR,log,protocol_holdout,exploration,5,80,18.996290151607543
ISU_ILCC,set5_features_metadata_corr95,GPR,log,protocol_holdout,exploration,5,96,18.3896899831902
ISU_ILCC,set5_features_metadata_corr95,GPR,log,protocol_holdout,exploration,5,112,18.636445669669712
ISU_ILCC,set5_features_metadata_corr95,GPR,log,protocol_holdout,exploration,5,128,18.926909727480723
ISU_ILCC,set5_features_metadata_corr95,GPR,log,protocol_holdout,exploration,5,144,18.60679678632268
ISU_ILCC,set5_features_metadata_corr95,GPR,log,protocol_holdout,exploration,5,160,18.992679582248
ISU_ILCC,set5_features_metadata_corr95,GPR,log,protocol_holdout,exploration,5,176,18.715114749622707
ISU_ILCC,set5_features_metadata_corr95,GPR,log,protocol_holdout,exploration,5,192,18.431631248039228
ISU_ILCC,set5_features_metadata_corr95,GPR,log,protocol_holdout,exploration,5,193,18.367370727578592
ISU_ILCC,set5_features_metadata_corr95,GPR,log,protocol_holdout,exploration,6,16,31.7999375492524
ISU_ILCC,set5_features_metadata_corr95,GPR,log,protocol_holdout,exploration,6,32,24.41025018657163
ISU_ILCC,set5_features_metadata_corr95,GPR,log,protocol_holdout,exploration,6,48,24.01125525635447
ISU_ILCC,set5_features_metadata_corr95,GPR,log,protocol_holdout,exploration,6,64,20.44362690096378
ISU_ILCC,set5_features_metadata_corr95,GPR,log,protocol_holdout,exploration,6,80,20.35562982796528
ISU_ILCC,set5_features_metadata_corr95,GPR,log,protocol_holdout,exploration,6,96,22.572181419895426
ISU_ILCC,set5_features_metadata_corr95,GPR,log,protocol_holdout,exploration,6,112,22.198214250409617
ISU_ILCC,set5_features_metadata_corr95,GPR,log,protocol_holdout,exploration,6,128,22.4453013923908
ISU_ILCC,set5_features_metadata_corr95,GPR,log,protocol_holdout,exploration,6,144,22.77691038859663
ISU_ILCC,set5_features_metadata_corr95,GPR,log,protocol_holdout,exploration,6,160,22.16780423997176
ISU_ILCC,set5_features_metadata_corr95,GPR,log,protocol_holdout,exploration,6,176,21.374426623716168
ISU_ILCC,set5_features_metadata_corr95,GPR,log,protocol_holdout,exploration,6,192,21.301620343400664
ISU_ILCC,set5_features_metadata_corr95,GPR,log,protocol_holdout,exploration,6,193,21.4031467711028
ISU_ILCC,set5_features_metadata_corr95,GPR,log,protocol_holdout,exploration,7,16,20.838110184835948
ISU_ILCC,set5_features_metadata_corr95,GPR,log,protocol_holdout,exploration,7,32,27.131351123971744
ISU_ILCC,set5_features_metadata_corr95,GPR,log,protocol_holdout,exploration,7,48,24.82131835044067
ISU_ILCC,set5_features_metadata_corr95,GPR,log,protocol_holdout,exploration,7,64,22.64907333578137
ISU_ILCC,set5_features_metadata_corr95,GPR,log,protocol_holdout,exploration,7,80,21.360771877864547
ISU_ILCC,set5_features_metadata_corr95,GPR,log,protocol_holdout,exploration,7,96,21.288172918944248
ISU_ILCC,set5_features_metadata_corr95,GPR,log,protocol_holdout,exploration,7,112,20.8683123343652
ISU_ILCC,set5_features_metadata_corr95,GPR,log,protocol_holdout,exploration,7,128,21.23474273882201
ISU_ILCC,set5_features_metadata_corr95,GPR,log,protocol_holdout,exploration,7,144,20.455184328176216
ISU_ILCC,set5_features_metadata_corr95,GPR,log,protocol_holdout,exploration,7,160,20.371335301693595
ISU_ILCC,set5_features_metadata_corr95,GPR,log,protocol_holdout,exploration,7,176,20.308004767828866
ISU_ILCC,set5_features_metadata_corr95,GPR,log,protocol_holdout,exploration,7,192,20.21987545383616
ISU_ILCC,set5_features_metadata_corr95,GPR,log,protocol_holdout,exploration,7,193,20.18669391097907
ISU_ILCC,set5_features_metadata_corr95,GPR,log,protocol_holdout,exploration,8,16,77.51816135336546
ISU_ILCC,set5_features_metadata_corr95,GPR,log,protocol_holdout,exploration,8,32,27.789971937571405
ISU_ILCC,set5_features_metadata_corr95,GPR,log,protocol_holdout,exploration,8,48,25.45707895039948
ISU_ILCC,set5_features_metadata_corr95,GPR,log,protocol_holdout,exploration,8,64,27.22372760533829
ISU_ILCC,set5_features_metadata_corr95,GPR,log,protocol_holdout,exploration,8,80,27.340655006775965
ISU_ILCC,set5_features_metadata_corr95,GPR,log,protocol_holdout,exploration,8,96,27.92557603156793
ISU_ILCC,set5_features_metadata_corr95,GPR,log,protocol_holdout,exploration,8,112,27.40814361337763
ISU_ILCC,set5_features_metadata_corr95,GPR,log,protocol_holdout,exploration,8,128,26.68852847257363
ISU_ILCC,set5_features_metadata_corr95,GPR,log,protocol_holdout,exploration,8,144,25.81055263121276
ISU_ILCC,set5_features_metadata_corr95,GPR,log,protocol_holdout,exploration,8,160,25.2422859839724
ISU_ILCC,set5_features_metadata_corr95,GPR,log,protocol_holdout,exploration,8,176,26.13487290745175
ISU_ILCC,set5_features_metadata_corr95,GPR,log,protocol_holdout,exploration,8,192,26.34340749401029
ISU_ILCC,set5_features_metadata_corr95,GPR,log,protocol_holdout,exploration,8,193,26.40776075553068
ISU_ILCC,set5_features_metadata_corr95,GPR,log,protocol_holdout,exploration,9,16,26.364572128230183
ISU_ILCC,set5_features_metadata_corr95,GPR,log,protocol_holdout,exploration,9,32,23.108676460528656
ISU_ILCC,set5_features_metadata_corr95,GPR,log,protocol_holdout,exploration,9,48,20.81310673470962
ISU_ILCC,set5_features_metadata_corr95,GPR,log,protocol_holdout,exploration,9,64,21.189689833159232
ISU_ILCC,set5_features_metadata_corr95,GPR,log,protocol_holdout,exploration,9,80,21.811702409173613
ISU_ILCC,set5_features_metadata_corr95,GPR,log,protocol_holdout,exploration,9,96,21.64827709289883
ISU_ILCC,set5_features_metadata_corr95,GPR,log,protocol_holdout,exploration,9,112,23.131361552672644
ISU_ILCC,set5_features_metadata_corr95,GPR,log,protocol_holdout,exploration,9,128,23.83252539369245
ISU_ILCC,set5_features_metadata_corr95,GPR,log,protocol_holdout,exploration,9,144,23.128740712225067
ISU_ILCC,set5_features_metadata_corr95,GPR,log,protocol_holdout,exploration,9,160,23.428432513875688
ISU_ILCC,set5_features_metadata_corr95,GPR,log,protocol_holdout,exploration,9,176,22.94810705656491
ISU_ILCC,set5_features_metadata_corr95,GPR,log,protocol_holdout,exploration,9,192,22.92623824962811
ISU_ILCC,set5_features_metadata_corr95,GPR,log,protocol_holdout,exploration,9,193,22.937231270646937
ISU_ILCC,set5_features_metadata_corr95,GPR,log,protocol_holdout,exploration,10,16,33.96538595084116
ISU_ILCC,set5_features_metadata_corr95,GPR,log,protocol_holdout,exploration,10,32,23.35589720582776
ISU_ILCC,set5_features_metadata_corr95,GPR,log,protocol_holdout,exploration,10,48,21.13849791505156
ISU_ILCC,set5_features_metadata_corr95,GPR,log,protocol_holdout,exploration,10,64,20.33134324831436
ISU_ILCC,set5_features_metadata_corr95,GPR,log,protocol_holdout,exploration,10,80,21.80254404805068
ISU_ILCC,set5_features_metadata_corr95,GPR,log,protocol_holdout,exploration,10,96,22.12191279105036
ISU_ILCC,set5_features_metadata_corr95,GPR,log,protocol_holdout,exploration,10,112,23.31637645529096
ISU_ILCC,set5_features_metadata_corr95,GPR,log,protocol_holdout,exploration,10,128,22.53915666495774
ISU_ILCC,set5_features_metadata_corr95,GPR,log,protocol_holdout,exploration,10,144,22.276085859985503
ISU_ILCC,set5_features_metadata_corr95,GPR,log,protocol_holdout,exploration,10,160,22.085494481198616
ISU_ILCC,set5_features_metadata_corr95,GPR,log,protocol_holdout,exploration,10,176,22.36381912559838
ISU_ILCC,set5_features_metadata_corr95,GPR,log,protocol_holdout,exploration,10,192,22.23395523987897
ISU_ILCC,set5_features_metadata_corr95,GPR,log,protocol_holdout,exploration,10,193,22.25563915967739
ISU_ILCC,set5_features_metadata_corr95,GPR,log,protocol_holdout,exploitation,1,16,29.33423345596824
ISU_ILCC,set5_features_metadata_corr95,GPR,log,protocol_holdout,exploitation,1,32,17.61577639330571
ISU_ILCC,set5_features_metadata_corr95,GPR,log,protocol_holdout,exploitation,1,48,17.156976337900733
ISU_ILCC,set5_features_metadata_corr95,GPR,log,protocol_holdout,exploitation,1,64,15.60987771437516
ISU_ILCC,set5_features_metadata_corr95,GPR,log,protocol_holdout,exploitation,1,80,16.21442280852959
ISU_ILCC,set5_features_metadata_corr95,GPR,log,protocol_holdout,exploitation,1,96,15.616145446955311
ISU_ILCC,set5_features_metadata_corr95,GPR,log,protocol_holdout,exploitation,1,112,16.23735942534378
ISU_ILCC,set5_features_metadata_corr95,GPR,log,protocol_holdout,exploitation,1,128,16.130883324710958
ISU_ILCC,set5_features_metadata_corr95,GPR,log,protocol_holdout,exploitation,1,144,16.09623748830177
ISU_ILCC,set5_features_metadata_corr95,GPR,log,protocol_holdout,exploitation,1,160,14.973404917487784
ISU_ILCC,set5_features_metadata_corr95,GPR,log,protocol_holdout,exploitation,1,176,14.611986425603646
ISU_ILCC,set5_features_metadata_corr95,GPR,log,protocol_holdout,exploitation,1,192,14.79094933745852
ISU_ILCC,set5_features_metadata_corr95,GPR,log,protocol_holdout,exploitation,1,193,14.801307217217827
ISU_ILCC,set5_features_metadata_corr95,GPR,log,protocol_holdout,exploitation,2,16,32.55607302225202
ISU_ILCC,set5_features_metadata_corr95,GPR,log,protocol_holdout,exploitation,2,32,20.550789715473098
ISU_ILCC,set5_features_metadata_corr95,GPR,log,protocol_holdout,exploitation,2,48,19.64973290786265
ISU_ILCC,set5_features_metadata_corr95,GPR,log,protocol_holdout,exploitation,2,64,22.40594365363984
ISU_ILCC,set5_features_metadata_corr95,GPR,log,protocol_holdout,exploitation,2,80,24.08670978150341
ISU_ILCC,set5_features_metadata_corr95,GPR,log,protocol_holdout,exploitation,2,96,21.526776714992067
ISU_ILCC,set5_features_metadata_corr95,GPR,log,protocol_holdout,exploitation,2,112,17.736796778748353
ISU_ILCC,set5_features_metadata_corr95,GPR,log,protocol_holdout,exploitation,2,128,17.30677090348518
ISU_ILCC,set5_features_metadata_corr95,GPR,log,protocol_holdout,exploitation,2,144,18.19796923845477
ISU_ILCC,set5_features_metadata_corr95,GPR,log,protocol_holdout,exploitation,2,160,18.444900479051345
ISU_ILCC,set5_features_metadata_corr95,GPR,log,protocol_holdout,exploitation,2,176,19.54488366176429
ISU_ILCC,set5_features_metadata_corr95,GPR,log,protocol_holdout,exploitation,2,192,19.28412777012687
ISU_ILCC,set5_features_metadata_corr95,GPR,log,protocol_holdout,exploitation,2,193,19.25342427351053
ISU_ILCC,set5_features_metadata_corr95,GPR,log,protocol_holdout,exploitation,3,16,19.551790960464626
ISU_ILCC,set5_features_metadata_corr95,GPR,log,protocol_holdout,exploitation,3,32,34.3119258940218
ISU_ILCC,set5_features_metadata_corr95,GPR,log,protocol_holdout,exploitation,3,48,17.73828214146669
ISU_ILCC,set5_features_metadata_corr95,GPR,log,protocol_holdout,exploitation,3,64,17.865034672705814
ISU_ILCC,set5_features_metadata_corr95,GPR,log,protocol_holdout,exploitation,3,80,15.489043798140264
ISU_ILCC,set5_features_metadata_corr95,GPR,log,protocol_holdout,exploitation,3,96,16.091617450864668
ISU_ILCC,set5_features_metadata_corr95,GPR,log,protocol_holdout,exploitation,3,112,16.010181283277927
ISU_ILCC,set5_features_metadata_corr95,GPR,log,protocol_holdout,exploitation,3,128,16.017001856258737
ISU_ILCC,set5_features_metadata_corr95,GPR,log,protocol_holdout,exploitation,3,144,15.159508229889616
ISU_ILCC,set5_features_metadata_corr95,GPR,log,protocol_holdout,exploitation,3,160,14.812311437790765
ISU_ILCC,set5_features_metadata_corr95,GPR,log,protocol_holdout,exploitation,3,176,14.1899604432721
ISU_ILCC,set5_features_metadata_corr95,GPR,log,protocol_holdout,exploitation,3,192,14.005423466097088
ISU_ILCC,set5_features_metadata_corr95,GPR,log,protocol_holdout,exploitation,3,193,13.983624538627298
ISU_ILCC,set5_features_metadata_corr95,GPR,log,protocol_holdout,exploitation,4,16,25.55837475985073
ISU_ILCC,set5_features_metadata_corr95,GPR,log,protocol_holdout,exploitation,4,32,28.972891514810435
ISU_ILCC,set5_features_metadata_corr95,GPR,log,protocol_holdout,exploitation,4,48,26.366932350234418
ISU_ILCC,set5_features_metadata_corr95,GPR,log,protocol_holdout,exploitation,4,64,23.954491734328904
ISU_ILCC,set5_features_metadata_corr95,GPR,log,protocol_holdout,exploitation,4,80,23.31095536610808
ISU_ILCC,set5_features_metadata_corr95,GPR,log,protocol_holdout,exploitation,4,96,19.50452797301158
ISU_ILCC,set5_features_metadata_corr95,GPR,log,protocol_holdout,exploitation,4,112,20.69550114997553
ISU_ILCC,set5_features_metadata_corr95,GPR,log,protocol_holdout,exploitation,4,128,20.373704021776074
ISU_ILCC,set5_features_metadata_corr95,GPR,log,protocol_holdout,exploitation,4,144,19.59251977293072
ISU_ILCC,set5_features_metadata_corr95,GPR,log,protocol_holdout,exploitation,4,160,16.683655723745105
ISU_ILCC,set5_features_metadata_corr95,GPR,log,protocol_holdout,exploitation,4,176,15.720692645024409
ISU_ILCC,set5_features_metadata_corr95,GPR,log,protocol_holdout,exploitation,4,192,16.30744518742569
ISU_ILCC,set5_features_metadata_corr95,GPR,log,protocol_holdout,exploitation,4,193,16.302811935775598
ISU_ILCC,set5_features_metadata_corr95,GPR,log,protocol_holdout,exploitation,5,16,36.820545071367846
ISU_ILCC,set5_features_metadata_corr95,GPR,log,protocol_holdout,exploitation,5,32,40.05025722135859
ISU_ILCC,set5_features_metadata_corr95,GPR,log,protocol_holdout,exploitation,5,48,35.80504599478141
ISU_ILCC,set5_features_metadata_corr95,GPR,log,protocol_holdout,exploitation,5,64,19.36143584229912
ISU_ILCC,set5_features_metadata_corr95,GPR,log,protocol_holdout,exploitation,5,80,19.70187275591996
ISU_ILCC,set5_features_metadata_corr95,GPR,log,protocol_holdout,exploitation,5,96,20.135056689326504
ISU_ILCC,set5_features_metadata_corr95,GPR,log,protocol_holdout,exploitation,5,112,19.39938521893908
ISU_ILCC,set5_features_metadata_corr95,GPR,log,protocol_holdout,exploitation,5,128,19.3775159533262
ISU_ILCC,set5_features_metadata_corr95,GPR,log,protocol_holdout,exploitation,5,144,18.891096090909457
ISU_ILCC,set5_features_metadata_corr95,GPR,log,protocol_holdout,exploitation,5,160,18.479512094020308
ISU_ILCC,set5_features_metadata_corr95,GPR,log,protocol_holdout,exploitation,5,176,18.04898743767065
ISU_ILCC,set5_features_metadata_corr95,GPR,log,protocol_holdout,exploitation,5,192,18.1752827910327
ISU_ILCC,set5_features_metadata_corr95,GPR,log,protocol_holdout,exploitation,5,193,18.367370727578592
ISU_ILCC,set5_features_metadata_corr95,GPR,log,protocol_holdout,exploitation,6,16,31.7999375492524
ISU_ILCC,set5_features_metadata_corr95,GPR,log,protocol_holdout,exploitation,6,32,30.163215471501093
ISU_ILCC,set5_features_metadata_corr95,GPR,log,protocol_holdout,exploitation,6,48,30.97647276857049
ISU_ILCC,set5_features_metadata_corr95,GPR,log,protocol_holdout,exploitation,6,64,25.985973604851825
ISU_ILCC,set5_features_metadata_corr95,GPR,log,protocol_holdout,exploitation,6,80,27.44692184335284
ISU_ILCC,set5_features_metadata_corr95,GPR,log,protocol_holdout,exploitation,6,96,20.63014243724096
ISU_ILCC,set5_features_metadata_corr95,GPR,log,protocol_holdout,exploitation,6,112,22.23488840510922
ISU_ILCC,set5_features_metadata_corr95,GPR,log,protocol_holdout,exploitation,6,128,21.63764622339476
ISU_ILCC,set5_features_metadata_corr95,GPR,log,protocol_holdout,exploitation,6,144,22.599100344725823
ISU_ILCC,set5_features_metadata_corr95,GPR,log,protocol_holdout,exploitation,6,160,21.356368333989227
ISU_ILCC,set5_features_metadata_corr95,GPR,log,protocol_holdout,exploitation,6,176,21.987368410715952
ISU_ILCC,set5_features_metadata_corr95,GPR,log,protocol_holdout,exploitation,6,192,21.409275701500345
ISU_ILCC,set5_features_metadata_corr95,GPR,log,protocol_holdout,exploitation,6,193,21.4031467711028
ISU_ILCC,set5_features_metadata_corr95,GPR,log,protocol_holdout,exploitation,7,16,20.838110184835948
ISU_ILCC,set5_features_metadata_corr95,GPR,log,protocol_holdout,exploitation,7,32,21.984982983721025
ISU_ILCC,set5_features_metadata_corr95,GPR,log,protocol_holdout,exploitation,7,48,23.73020409553405
ISU_ILCC,set5_features_metadata_corr95,GPR,log,protocol_holdout,exploitation,7,64,21.95499396789404
ISU_ILCC,set5_features_metadata_corr95,GPR,log,protocol_holdout,exploitation,7,80,22.454845604162955
ISU_ILCC,set5_features_metadata_corr95,GPR,log,protocol_holdout,exploitation,7,96,21.86712781053969
ISU_ILCC,set5_features_metadata_corr95,GPR,log,protocol_holdout,exploitation,7,112,21.38845106238401
ISU_ILCC,set5_features_metadata_corr95,GPR,log,protocol_holdout,exploitation,7,128,21.02143364212651
ISU_ILCC,set5_features_metadata_corr95,GPR,log,protocol_holdout,exploitation,7,144,20.56402732816796
ISU_ILCC,set5_features_metadata_corr95,GPR,log,protocol_holdout,exploitation,7,160,19.581320818756307
ISU_ILCC,set5_features_metadata_corr95,GPR,log,protocol_holdout,exploitation,7,176,20.02553368287453
ISU_ILCC,set5_features_metadata_corr95,GPR,log,protocol_holdout,exploitation,7,192,20.22365179818287
ISU_ILCC,set5_features_metadata_corr95,GPR,log,protocol_holdout,exploitation,7,193,20.18669391097907
ISU_ILCC,set5_features_metadata_corr95,GPR,log,protocol_holdout,exploitation,8,16,77.51816135336546
ISU_ILCC,set5_features_metadata_corr95,GPR,log,protocol_holdout,exploitation,8,32,69.38092072854879
ISU_ILCC,set5_features_metadata_corr95,GPR,log,protocol_holdout,exploitation,8,48,63.21033601520363
ISU_ILCC,set5_features_metadata_corr95,GPR,log,protocol_holdout,exploitation,8,64,40.48056071301151
ISU_ILCC,set5_features_metadata_corr95,GPR,log,protocol_holdout,exploitation,8,80,39.66510426073373
ISU_ILCC,set5_features_metadata_corr95,GPR,log,protocol_holdout,exploitation,8,96,43.992375216245634
ISU_ILCC,set5_features_metadata_corr95,GPR,log,protocol_holdout,exploitation,8,112,26.72443281682481
ISU_ILCC,set5_features_metadata_corr95,GPR,log,protocol_holdout,exploitation,8,128,26.77957231242416
ISU_ILCC,set5_features_metadata_corr95,GPR,log,protocol_holdout,exploitation,8,144,27.880442347233057
ISU_ILCC,set5_features_metadata_corr95,GPR,log,protocol_holdout,exploitation,8,160,27.13674932385657
ISU_ILCC,set5_features_metadata_corr95,GPR,log,protocol_holdout,exploitation,8,176,26.63619311282808
ISU_ILCC,set5_features_metadata_corr95,GPR,log,protocol_holdout,exploitation,8,192,26.395841314216657
ISU_ILCC,set5_features_metadata_corr95,GPR,log,protocol_holdout,exploitation,8,193,26.40776075553068
ISU_ILCC,set5_features_metadata_corr95,GPR,log,protocol_holdout,exploitation,9,16,26.364572128230183
ISU_ILCC,set5_features_metadata_corr95,GPR,log,protocol_holdout,exploitation,9,32,30.57428607413967
ISU_ILCC,set5_features_metadata_corr95,GPR,log,protocol_holdout,exploitation,9,48,27.281950695968987
ISU_ILCC,set5_features_metadata_corr95,GPR,log,protocol_holdout,exploitation,9,64,29.148629083813805
ISU_ILCC,set5_features_metadata_corr95,GPR,log,protocol_holdout,exploitation,9,80,26.219662914284104
ISU_ILCC,set5_features_metadata_corr95,GPR,log,protocol_holdout,exploitation,9,96,24.15422268312255
ISU_ILCC,set5_features_metadata_corr95,GPR,log,protocol_holdout,exploitation,9,112,24.065731401688364
ISU_ILCC,set5_features_metadata_corr95,GPR,log,protocol_holdout,exploitation,9,128,23.47296335823721
ISU_ILCC,set5_features_metadata_corr95,GPR,log,protocol_holdout,exploitation,9,144,22.4862788010146
ISU_ILCC,set5_features_metadata_corr95,GPR,log,protocol_holdout,exploitation,9,160,22.150691179252004
ISU_ILCC,set5_features_metadata_corr95,GPR,log,protocol_holdout,exploitation,9,176,22.981981296437752
ISU_ILCC,set5_features_metadata_corr95,GPR,log,protocol_holdout,exploitation,9,192,23.08418149283474
ISU_ILCC,set5_features_metadata_corr95,GPR,log,protocol_holdout,exploitation,9,193,22.937231270646937
ISU_ILCC,set5_features_metadata_corr95,GPR,log,protocol_holdout,exploitation,10,16,33.96538595084116
ISU_ILCC,set5_features_metadata_corr95,GPR,log,protocol_holdout,exploitation,10,32,25.85958077072741
ISU_ILCC,set5_features_metadata_corr95,GPR,log,protocol_holdout,exploitation,10,48,27.833557614203823
ISU_ILCC,set5_features_metadata_corr95,GPR,log,protocol_holdout,exploitation,10,64,26.25335033403414
ISU_ILCC,set5_features_metadata_corr95,GPR,log,protocol_holdout,exploitation,10,80,26.537223829624075
ISU_ILCC,set5_features_metadata_corr95,GPR,log,protocol_holdout,exploitation,10,96,21.936080274622714
ISU_ILCC,set5_features_metadata_corr95,GPR,log,protocol_holdout,exploitation,10,112,21.657751715003503
ISU_ILCC,set5_features_metadata_corr95,GPR,log,protocol_holdout,exploitation,10,128,22.26076842451452
ISU_ILCC,set5_features_metadata_corr95,GPR,log,protocol_holdout,exploitation,10,144,22.45935585161204
ISU_ILCC,set5_features_metadata_corr95,GPR,log,protocol_holdout,exploitation,10,160,22.44741259702758
ISU_ILCC,set5_features_metadata_corr95,GPR,log,protocol_holdout,exploitation,10,176,22.135002595630752
ISU_ILCC,set5_features_metadata_corr95,GPR,log,protocol_holdout,exploitation,10,192,22.246791579332527
ISU_ILCC,set5_features_metadata_corr95,GPR,log,protocol_holdout,exploitation,10,193,22.25563915967739
ISU_ILCC,set5_features_metadata_corr95,GPR,log,protocol_holdout,hybrid,1,16,29.33423345596824
ISU_ILCC,set5_features_metadata_corr95,GPR,log,protocol_holdout,hybrid,1,32,21.501358315899747
ISU_ILCC,set5_features_metadata_corr95,GPR,log,protocol_holdout,hybrid,1,48,17.794167780376412
ISU_ILCC,set5_features_metadata_corr95,GPR,log,protocol_holdout,hybrid,1,64,17.34985294878294
ISU_ILCC,set5_features_metadata_corr95,GPR,log,protocol_holdout,hybrid,1,80,17.5317006766147
ISU_ILCC,set5_features_metadata_corr95,GPR,log,protocol_holdout,hybrid,1,96,17.05987480969949
ISU_ILCC,set5_features_metadata_corr95,GPR,log,protocol_holdout,hybrid,1,112,16.805089810101258
ISU_ILCC,set5_features_metadata_corr95,GPR,log,protocol_holdout,hybrid,1,128,15.927291000705992
ISU_ILCC,set5_features_metadata_corr95,GPR,log,protocol_holdout,hybrid,1,144,15.776941006000625
ISU_ILCC,set5_features_metadata_corr95,GPR,log,protocol_holdout,hybrid,1,160,14.436152967392172
ISU_ILCC,set5_features_metadata_corr95,GPR,log,protocol_holdout,hybrid,1,176,14.773509805316626
ISU_ILCC,set5_features_metadata_corr95,GPR,log,protocol_holdout,hybrid,1,192,14.809231501472324
ISU_ILCC,set5_features_metadata_corr95,GPR,log,protocol_holdout,hybrid,1,193,14.801307217217827
ISU_ILCC,set5_features_metadata_corr95,GPR,log,protocol_holdout,hybrid,2,16,32.55607302225202
ISU_ILCC,set5_features_metadata_corr95,GPR,log,protocol_holdout,hybrid,2,32,19.4865097183828
ISU_ILCC,set5_features_metadata_corr95,GPR,log,protocol_holdout,hybrid,2,48,17.55498028896636
ISU_ILCC,set5_features_metadata_corr95,GPR,log,protocol_holdout,hybrid,2,64,17.07493976772915
ISU_ILCC,set5_features_metadata_corr95,GPR,log,protocol_holdout,hybrid,2,80,17.11790306430713
ISU_ILCC,set5_features_metadata_corr95,GPR,log,protocol_holdout,hybrid,2,96,16.338428281633014
ISU_ILCC,set5_features_metadata_corr95,GPR,log,protocol_holdout,hybrid,2,112,16.50662034238307
ISU_ILCC,set5_features_metadata_corr95,GPR,log,protocol_holdout,hybrid,2,128,15.810017788134632
ISU_ILCC,set5_features_metadata_corr95,GPR,log,protocol_holdout,hybrid,2,144,15.908266307361435
ISU_ILCC,set5_features_metadata_corr95,GPR,log,protocol_holdout,hybrid,2,160,18.564368807036416
ISU_ILCC,set5_features_metadata_corr95,GPR,log,protocol_holdout,hybrid,2,176,19.30513580143268
ISU_ILCC,set5_features_metadata_corr95,GPR,log,protocol_holdout,hybrid,2,192,19.31197469265439
ISU_ILCC,set5_features_metadata_corr95,GPR,log,protocol_holdout,hybrid,2,193,19.25342427351053
ISU_ILCC,set5_features_metadata_corr95,GPR,log,protocol_holdout,hybrid,3,16,19.551790960464626
ISU_ILCC,set5_features_metadata_corr95,GPR,log,protocol_holdout,hybrid,3,32,18.519100923187263
ISU_ILCC,set5_features_metadata_corr95,GPR,log,protocol_holdout,hybrid,3,48,18.70358273537982
ISU_ILCC,set5_features_metadata_corr95,GPR,log,protocol_holdout,hybrid,3,64,18.822543844637003
ISU_ILCC,set5_features_metadata_corr95,GPR,log,protocol_holdout,hybrid,3,80,16.997623820715777
ISU_ILCC,set5_features_metadata_corr95,GPR,log,protocol_holdout,hybrid,3,96,16.032929532534602
ISU_ILCC,set5_features_metadata_corr95,GPR,log,protocol_holdout,hybrid,3,112,15.90956355617922
ISU_ILCC,set5_features_metadata_corr95,GPR,log,protocol_holdout,hybrid,3,128,16.292333300625486
ISU_ILCC,set5_features_metadata_corr95,GPR,log,protocol_holdout,hybrid,3,144,14.788925626179008
ISU_ILCC,set5_features_metadata_corr95,GPR,log,protocol_holdout,hybrid,3,160,14.852383800972872
ISU_ILCC,set5_features_metadata_corr95,GPR,log,protocol_holdout,hybrid,3,176,14.263240907141558
ISU_ILCC,set5_features_metadata_corr95,GPR,log,protocol_holdout,hybrid,3,192,14.055703838397202
ISU_ILCC,set5_features_metadata_corr95,GPR,log,protocol_holdout,hybrid,3,193,13.983624538627298
ISU_ILCC,set5_features_metadata_corr95,GPR,log,protocol_holdout,hybrid,4,16,25.55837475985073
ISU_ILCC,set5_features_metadata_corr95,GPR,log,protocol_holdout,hybrid,4,32,21.29170726078373
ISU_ILCC,set5_features_metadata_corr95,GPR,log,protocol_holdout,hybrid,4,48,14.520250105404925
ISU_ILCC,set5_features_metadata_corr95,GPR,log,protocol_holdout,hybrid,4,64,12.386988858125129
ISU_ILCC,set5_features_metadata_corr95,GPR,log,protocol_holdout,hybrid,4,80,11.891274725064802
ISU_ILCC,set5_features_metadata_corr95,GPR,log,protocol_holdout,hybrid,4,96,12.9113237904344
ISU_ILCC,set5_features_metadata_corr95,GPR,log,protocol_holdout,hybrid,4,112,11.0675640187849
ISU_ILCC,set5_features_metadata_corr95,GPR,log,protocol_holdout,hybrid,4,128,11.56934919951958
ISU_ILCC,set5_features_metadata_corr95,GPR,log,protocol_holdout,hybrid,4,144,14.50900927512771
ISU_ILCC,set5_features_metadata_corr95,GPR,log,protocol_holdout,hybrid,4,160,15.48387437834515
ISU_ILCC,set5_features_metadata_corr95,GPR,log,protocol_holdout,hybrid,4,176,15.487818934834245
ISU_ILCC,set5_features_metadata_corr95,GPR,log,protocol_holdout,hybrid,4,192,16.280518941206374
ISU_ILCC,set5_features_metadata_corr95,GPR,log,protocol_holdout,hybrid,4,193,16.302811935775598
ISU_ILCC,set5_features_metadata_corr95,GPR,log,protocol_holdout,hybrid,5,16,36.820545071367846
ISU_ILCC,set5_features_metadata_corr95,GPR,log,protocol_holdout,hybrid,5,32,27.66228279085925
ISU_ILCC,set5_features_metadata_corr95,GPR,log,protocol_holdout,hybrid,5,48,23.205293695000737
ISU_ILCC,set5_features_metadata_corr95,GPR,log,protocol_holdout,hybrid,5,64,19.169141918859843
ISU_ILCC,set5_features_metadata_corr95,GPR,log,protocol_holdout,hybrid,5,80,18.62599324437327
ISU_ILCC,set5_features_metadata_corr95,GPR,log,protocol_holdout,hybrid,5,96,18.31682857444256
ISU_ILCC,set5_features_metadata_corr95,GPR,log,protocol_holdout,hybrid,5,112,18.75253661146904
ISU_ILCC,set5_features_metadata_corr95,GPR,log,protocol_holdout,hybrid,5,128,19.33757683277055
ISU_ILCC,set5_features_metadata_corr95,GPR,log,protocol_holdout,hybrid,5,144,18.79728953927545
ISU_ILCC,set5_features_metadata_corr95,GPR,log,protocol_holdout,hybrid,5,160,18.60970957868677
ISU_ILCC,set5_features_metadata_corr95,GPR,log,protocol_holdout,hybrid,5,176,18.40010852800804
ISU_ILCC,set5_features_metadata_corr95,GPR,log,protocol_holdout,hybrid,5,192,18.37498114923776
ISU_ILCC,set5_features_metadata_corr95,GPR,log,protocol_holdout,hybrid,5,193,18.367370727578592
ISU_ILCC,set5_features_metadata_corr95,GPR,log,protocol_holdout,hybrid,6,16,31.7999375492524
ISU_ILCC,set5_features_metadata_corr95,GPR,log,protocol_holdout,hybrid,6,32,23.57696750038962
ISU_ILCC,set5_features_metadata_corr95,GPR,log,protocol_holdout,hybrid,6,48,20.11218330171536
ISU_ILCC,set5_features_metadata_corr95,GPR,log,protocol_holdout,hybrid,6,64,21.110122754346
ISU_ILCC,set5_features_metadata_corr95,GPR,log,protocol_holdout,hybrid,6,80,19.92380696059505
ISU_ILCC,set5_features_metadata_corr95,GPR,log,protocol_holdout,hybrid,6,96,20.62172206193806
ISU_ILCC,set5_features_metadata_corr95,GPR,log,protocol_holdout,hybrid,6,112,22.43020567677005
ISU_ILCC,set5_features_metadata_corr95,GPR,log,protocol_holdout,hybrid,6,128,23.207718335629536
ISU_ILCC,set5_features_metadata_corr95,GPR,log,protocol_holdout,hybrid,6,144,22.859032236299505
ISU_ILCC,set5_features_metadata_corr95,GPR,log,protocol_holdout,hybrid,6,160,21.54072019229606
ISU_ILCC,set5_features_metadata_corr95,GPR,log,protocol_holdout,hybrid,6,176,21.37553726680648
ISU_ILCC,set5_features_metadata_corr95,GPR,log,protocol_holdout,hybrid,6,192,21.301620343400664
ISU_ILCC,set5_features_metadata_corr95,GPR,log,protocol_holdout,hybrid,6,193,21.4031467711028
ISU_ILCC,set5_features_metadata_corr95,GPR,log,protocol_holdout,hybrid,7,16,20.838110184835948
ISU_ILCC,set5_features_metadata_corr95,GPR,log,protocol_holdout,hybrid,7,32,25.47442092336772
ISU_ILCC,set5_features_metadata_corr95,GPR,log,protocol_holdout,hybrid,7,48,23.11583559286817
ISU_ILCC,set5_features_metadata_corr95,GPR,log,protocol_holdout,hybrid,7,64,21.373426442609343
ISU_ILCC,set5_features_metadata_corr95,GPR,log,protocol_holdout,hybrid,7,80,19.84034237924984
ISU_ILCC,set5_features_metadata_corr95,GPR,log,protocol_holdout,hybrid,7,96,20.66967098034882
ISU_ILCC,set5_features_metadata_corr95,GPR,log,protocol_holdout,hybrid,7,112,20.297881918450063
ISU_ILCC,set5_features_metadata_corr95,GPR,log,protocol_holdout,hybrid,7,128,20.857360794020327
ISU_ILCC,set5_features_metadata_corr95,GPR,log,protocol_holdout,hybrid,7,144,19.80673744343674
ISU_ILCC,set5_features_metadata_corr95,GPR,log,protocol_holdout,hybrid,7,160,20.115801220698863
ISU_ILCC,set5_features_metadata_corr95,GPR,log,protocol_holdout,hybrid,7,176,20.48232263412699
ISU_ILCC,set5_features_metadata_corr95,GPR,log,protocol_holdout,hybrid,7,192,20.18654789262076
ISU_ILCC,set5_features_metadata_corr95,GPR,log,protocol_holdout,hybrid,7,193,20.18669391097907
ISU_ILCC,set5_features_metadata_corr95,GPR,log,protocol_holdout,hybrid,8,16,77.51816135336546
ISU_ILCC,set5_features_metadata_corr95,GPR,log,protocol_holdout,hybrid,8,32,28.377902348933848
ISU_ILCC,set5_features_metadata_corr95,GPR,log,protocol_holdout,hybrid,8,48,28.97570029399248
ISU_ILCC,set5_features_metadata_corr95,GPR,log,protocol_holdout,hybrid,8,64,28.00649513063369
ISU_ILCC,set5_features_metadata_corr95,GPR,log,protocol_holdout,hybrid,8,80,27.355493511954315
ISU_ILCC,set5_features_metadata_corr95,GPR,log,protocol_holdout,hybrid,8,96,26.858938324609383
ISU_ILCC,set5_features_metadata_corr95,GPR,log,protocol_holdout,hybrid,8,112,25.26336418602973
ISU_ILCC,set5_features_metadata_corr95,GPR,log,protocol_holdout,hybrid,8,128,25.28710728143268
ISU_ILCC,set5_features_metadata_corr95,GPR,log,protocol_holdout,hybrid,8,144,25.10849920664001
ISU_ILCC,set5_features_metadata_corr95,GPR,log,protocol_holdout,hybrid,8,160,25.603185571108405
ISU_ILCC,set5_features_metadata_corr95,GPR,log,protocol_holdout,hybrid,8,176,25.673779324860146
ISU_ILCC,set5_features_metadata_corr95,GPR,log,protocol_holdout,hybrid,8,192,26.3696287585774
ISU_ILCC,set5_features_metadata_corr95,GPR,log,protocol_holdout,hybrid,8,193,26.40776075553068
ISU_ILCC,set5_features_metadata_corr95,GPR,log,protocol_holdout,hybrid,9,16,26.364572128230183
ISU_ILCC,set5_features_metadata_corr95,GPR,log,protocol_holdout,hybrid,9,32,26.222970367237124
ISU_ILCC,set5_features_metadata_corr95,GPR,log,protocol_holdout,hybrid,9,48,23.571867343317468
ISU_ILCC,set5_features_metadata_corr95,GPR,log,protocol_holdout,hybrid,9,64,20.877351315442148
ISU_ILCC,set5_features_metadata_corr95,GPR,log,protocol_holdout,hybrid,9,80,22.755378991126584
ISU_ILCC,set5_features_metadata_corr95,GPR,log,protocol_holdout,hybrid,9,96,23.04536942794628
ISU_ILCC,set5_features_metadata_corr95,GPR,log,protocol_holdout,hybrid,9,112,23.538986382878367
ISU_ILCC,set5_features_metadata_corr95,GPR,log,protocol_holdout,hybrid,9,128,22.80733392606323
ISU_ILCC,set5_features_metadata_corr95,GPR,log,protocol_holdout,hybrid,9,144,22.82893589263804
ISU_ILCC,set5_features_metadata_corr95,GPR,log,protocol_holdout,hybrid,9,160,23.216692035520246
ISU_ILCC,set5_features_metadata_corr95,GPR,log,protocol_holdout,hybrid,9,176,22.96539979441132
ISU_ILCC,set5_features_metadata_corr95,GPR,log,protocol_holdout,hybrid,9,192,22.92623824962811
ISU_ILCC,set5_features_metadata_corr95,GPR,log,protocol_holdout,hybrid,9,193,22.937231270646937
ISU_ILCC,set5_features_metadata_corr95,GPR,log,protocol_holdout,hybrid,10,16,33.96538595084116
ISU_ILCC,set5_features_metadata_corr95,GPR,log,protocol_holdout,hybrid,10,32,21.900142661035503
ISU_ILCC,set5_features_metadata_corr95,GPR,log,protocol_holdout,hybrid,10,48,22.18829521184784
ISU_ILCC,set5_features_metadata_corr95,GPR,log,protocol_holdout,hybrid,10,64,20.69910020752969
ISU_ILCC,set5_features_metadata_corr95,GPR,log,protocol_holdout,hybrid,10,80,21.50848384077145
ISU_ILCC,set5_features_metadata_corr95,GPR,log,protocol_holdout,hybrid,10,96,22.20344794166079
ISU_ILCC,set5_features_metadata_corr95,GPR,log,protocol_holdout,hybrid,10,112,21.64441653439034
ISU_ILCC,set5_features_metadata_corr95,GPR,log,protocol_holdout,hybrid,10,128,22.55058538858988
ISU_ILCC,set5_features_metadata_corr95,GPR,log,protocol_holdout,hybrid,10,144,22.821074090701675
ISU_ILCC,set5_features_metadata_corr95,GPR,log,protocol_holdout,hybrid,10,160,22.6204390367986
ISU_ILCC,set5_features_metadata_corr95,GPR,log,protocol_holdout,hybrid,10,176,22.115523060858948
ISU_ILCC,set5_features_metadata_corr95,GPR,log,protocol_holdout,hybrid,10,192,22.252936605831927
ISU_ILCC,set5_features_metadata_corr95,GPR,log,protocol_holdout,hybrid,10,193,22.25563915967739
LSD_Primary,set5_features_metadata_corr95,GPR,log,protocol_holdout,random_selection,1,6,105.22726443575549
LSD_Primary,set5_features_metadata_corr95,GPR,log,protocol_holdout,random_selection,1,12,112.2653779081527
LSD_Primary,set5_features_metadata_corr95,GPR,log,protocol_holdout,random_selection,1,18,66.44446217017017
LSD_Primary,set5_features_metadata_corr95,GPR,log,protocol_holdout,random_selection,1,24,53.95003564124431
LSD_Primary,set5_features_metadata_corr95,GPR,log,protocol_holdout,random_selection,1,30,52.44674376375842
LSD_Primary,set5_features_metadata_corr95,GPR,log,protocol_holdout,random_selection,1,36,96.61189980225538
LSD_Primary,set5_features_metadata_corr95,GPR,log,protocol_holdout,random_selection,1,42,58.53508392078785
LSD_Primary,set5_features_metadata_corr95,GPR,log,protocol_holdout,random_selection,1,48,104.92997946945228
LSD_Primary,set5_features_metadata_corr95,GPR,log,protocol_holdout,random_selection,1,54,107.96404726373444
LSD_Primary,set5_features_metadata_corr95,GPR,log,protocol_holdout,random_selection,1,58,97.7357476378708
LSD_Primary,set5_features_metadata_corr95,GPR,log,protocol_holdout,random_selection,2,6,32.02711179948912
LSD_Primary,set5_features_metadata_corr95,GPR,log,protocol_holdout,random_selection,2,12,29.05917735954193
LSD_Primary,set5_features_metadata_corr95,GPR,log,protocol_holdout,random_selection,2,18,26.886490209266583
LSD_Primary,set5_features_metadata_corr95,GPR,log,protocol_holdout,random_selection,2,24,27.371185149926035
LSD_Primary,set5_features_metadata_corr95,GPR,log,protocol_holdout,random_selection,2,30,24.306550167858347
LSD_Primary,set5_features_metadata_corr95,GPR,log,protocol_holdout,random_selection,2,36,29.99055798777896
LSD_Primary,set5_features_metadata_corr95,GPR,log,protocol_holdout,random_selection,2,42,31.06887081350861
LSD_Primary,set5_features_metadata_corr95,GPR,log,protocol_holdout,random_selection,2,48,26.147169168639284
LSD_Primary,set5_features_metadata_corr95,GPR,log,protocol_holdout,random_selection,2,54,27.95874783722195
LSD_Primary,set5_features_metadata_corr95,GPR,log,protocol_holdout,random_selection,2,58,26.08568488548476
LSD_Primary,set5_features_metadata_corr95,GPR,log,protocol_holdout,random_selection,3,6,36.2725640152563
LSD_Primary,set5_features_metadata_corr95,GPR,log,protocol_holdout,random_selection,3,12,26.010423187800303
LSD_Primary,set5_features_metadata_corr95,GPR,log,protocol_holdout,random_selection,3,18,22.94186266485013
LSD_Primary,set5_features_metadata_corr95,GPR,log,protocol_holdout,random_selection,3,24,15.256110070232737
LSD_Primary,set5_features_metadata_corr95,GPR,log,protocol_holdout,random_selection,3,30,14.251182254126254
LSD_Primary,set5_features_metadata_corr95,GPR,log,protocol_holdout,random_selection,3,36,16.828211107542764
LSD_Primary,set5_features_metadata_corr95,GPR,log,protocol_holdout,random_selection,3,42,18.15330037004155
LSD_Primary,set5_features_metadata_corr95,GPR,log,protocol_holdout,random_selection,3,48,17.392053098532713
LSD_Primary,set5_features_metadata_corr95,GPR,log,protocol_holdout,random_selection,3,54,16.87890103721856
LSD_Primary,set5_features_metadata_corr95,GPR,log,protocol_holdout,random_selection,3,58,23.343362393586904
LSD_Primary,set5_features_metadata_corr95,GPR,log,protocol_holdout,random_selection,4,6,80.02650910529653
LSD_Primary,set5_features_metadata_corr95,GPR,log,protocol_holdout,random_selection,4,12,35.5616550023242
LSD_Primary,set5_features_metadata_corr95,GPR,log,protocol_holdout,random_selection,4,18,40.492030105540906
LSD_Primary,set5_features_metadata_corr95,GPR,log,protocol_holdout,random_selection,4,24,53.61066056803862
LSD_Primary,set5_features_metadata_corr95,GPR,log,protocol_holdout,random_selection,4,30,38.18799602743281
LSD_Primary,set5_features_metadata_corr95,GPR,log,protocol_holdout,random_selection,4,36,36.98002790903313
LSD_Primary,set5_features_metadata_corr95,GPR,log,protocol_holdout,random_selection,4,42,46.512142669818346
LSD_Primary,set5_features_metadata_corr95,GPR,log,protocol_holdout,random_selection,4,48,47.54634336452722
LSD_Primary,set5_features_metadata_corr95,GPR,log,protocol_holdout,random_selection,4,54,46.794935767644574
LSD_Primary,set5_features_metadata_corr95,GPR,log,protocol_holdout,random_selection,4,58,48.85468801308335
LSD_Primary,set5_features_metadata_corr95,GPR,log,protocol_holdout,random_selection,5,6,94.19896918433376
LSD_Primary,set5_features_metadata_corr95,GPR,log,protocol_holdout,random_selection,5,12,144.99857829416607
LSD_Primary,set5_features_metadata_corr95,GPR,log,protocol_holdout,random_selection,5,18,62.5588815362124
LSD_Primary,set5_features_metadata_corr95,GPR,log,protocol_holdout,random_selection,5,24,51.86124763575568
LSD_Primary,set5_features_metadata_corr95,GPR,log,protocol_holdout,random_selection,5,30,116.1809394070364
LSD_Primary,set5_features_metadata_corr95,GPR,log,protocol_holdout,random_selection,5,36,125.24759610214006
LSD_Primary,set5_features_metadata_corr95,GPR,log,protocol_holdout,random_selection,5,42,117.69481822802636
LSD_Primary,set5_features_metadata_corr95,GPR,log,protocol_holdout,random_selection,5,48,121.09309216669088
LSD_Primary,set5_features_metadata_corr95,GPR,log,protocol_holdout,random_selection,5,54,98.55614411646806
LSD_Primary,set5_features_metadata_corr95,GPR,log,protocol_holdout,random_selection,5,58,92.80651440573756
LSD_Primary,set5_features_metadata_corr95,GPR,log,protocol_holdout,random_selection,6,6,96.50272288495955
LSD_Primary,set5_features_metadata_corr95,GPR,log,protocol_holdout,random_selection,6,12,63.75540305977896
LSD_Primary,set5_features_metadata_corr95,GPR,log,protocol_holdout,random_selection,6,18,39.450684827102975
LSD_Primary,set5_features_metadata_corr95,GPR,log,protocol_holdout,random_selection,6,24,46.92220542041115
LSD_Primary,set5_features_metadata_corr95,GPR,log,protocol_holdout,random_selection,6,30,35.11322254551681
LSD_Primary,set5_features_metadata_corr95,GPR,log,protocol_holdout,random_selection,6,36,30.577605628892574
LSD_Primary,set5_features_metadata_corr95,GPR,log,protocol_holdout,random_selection,6,42,29.01738349899684
LSD_Primary,set5_features_metadata_corr95,GPR,log,protocol_holdout,random_selection,6,48,36.10835190577438
LSD_Primary,set5_features_metadata_corr95,GPR,log,protocol_holdout,random_selection,6,54,92.13165091956004
LSD_Primary,set5_features_metadata_corr95,GPR,log,protocol_holdout,random_selection,6,58,98.77424805728222
LSD_Primary,set5_features_metadata_corr95,GPR,log,protocol_holdout,random_selection,7,6,119.30761588384593
LSD_Primary,set5_features_metadata_corr95,GPR,log,protocol_holdout,random_selection,7,12,77.46967665923486
LSD_Primary,set5_features_metadata_corr95,GPR,log,protocol_holdout,random_selection,7,18,41.2184356260769
LSD_Primary,set5_features_metadata_corr95,GPR,log,protocol_holdout,random_selection,7,24,46.35928675221586
LSD_Primary,set5_features_metadata_corr95,GPR,log,protocol_holdout,random_selection,7,30,45.47871066525981
LSD_Primary,set5_features_metadata_corr95,GPR,log,protocol_holdout,random_selection,7,36,49.28269019666282
LSD_Primary,set5_features_metadata_corr95,GPR,log,protocol_holdout,random_selection,7,42,26.854824331188777
LSD_Primary,set5_features_metadata_corr95,GPR,log,protocol_holdout,random_selection,7,48,33.007838165129485
LSD_Primary,set5_features_metadata_corr95,GPR,log,protocol_holdout,random_selection,7,54,39.73637538881268
LSD_Primary,set5_features_metadata_corr95,GPR,log,protocol_holdout,random_selection,7,58,57.02580127910933
LSD_Primary,set5_features_metadata_corr95,GPR,log,protocol_holdout,random_selection,8,6,218.51903012854945
LSD_Primary,set5_features_metadata_corr95,GPR,log,protocol_holdout,random_selection,8,12,131.48469659036775
LSD_Primary,set5_features_metadata_corr95,GPR,log,protocol_holdout,random_selection,8,18,212.5137604952175
LSD_Primary,set5_features_metadata_corr95,GPR,log,protocol_holdout,random_selection,8,24,157.15067842788875
LSD_Primary,set5_features_metadata_corr95,GPR,log,protocol_holdout,random_selection,8,30,149.55769054603286
LSD_Primary,set5_features_metadata_corr95,GPR,log,protocol_holdout,random_selection,8,36,123.81394184498936
LSD_Primary,set5_features_metadata_corr95,GPR,log,protocol_holdout,random_selection,8,42,124.69635748211698
LSD_Primary,set5_features_metadata_corr95,GPR,log,protocol_holdout,random_selection,8,48,115.85554570269288
LSD_Primary,set5_features_metadata_corr95,GPR,log,protocol_holdout,random_selection,8,54,114.76513675907223
LSD_Primary,set5_features_metadata_corr95,GPR,log,protocol_holdout,random_selection,8,58,106.7628870533188
LSD_Primary,set5_features_metadata_corr95,GPR,log,protocol_holdout,random_selection,9,6,46.40839436858181
LSD_Primary,set5_features_metadata_corr95,GPR,log,protocol_holdout,random_selection,9,12,28.66318864289589
LSD_Primary,set5_features_metadata_corr95,GPR,log,protocol_holdout,random_selection,9,18,26.795709846888965
LSD_Primary,set5_features_metadata_corr95,GPR,log,protocol_holdout,random_selection,9,24,30.74932686998388
LSD_Primary,set5_features_metadata_corr95,GPR,log,protocol_holdout,random_selection,9,30,33.63860936256995
LSD_Primary,set5_features_metadata_corr95,GPR,log,protocol_holdout,random_selection,9,36,34.53411938192717
LSD_Primary,set5_features_metadata_corr95,GPR,log,protocol_holdout,random_selection,9,42,34.0266616212127
LSD_Primary,set5_features_metadata_corr95,GPR,log,protocol_holdout,random_selection,9,48,35.3966600295167
LSD_Primary,set5_features_metadata_corr95,GPR,log,protocol_holdout,random_selection,9,54,39.45152208901495
LSD_Primary,set5_features_metadata_corr95,GPR,log,protocol_holdout,random_selection,9,58,41.59512348754863
LSD_Primary,set5_features_metadata_corr95,GPR,log,protocol_holdout,random_selection,10,6,120.56776396628766
LSD_Primary,set5_features_metadata_corr95,GPR,log,protocol_holdout,random_selection,10,12,129.63115793010155
LSD_Primary,set5_features_metadata_corr95,GPR,log,protocol_holdout,random_selection,10,18,143.72584145403863
LSD_Primary,set5_features_metadata_corr95,GPR,log,protocol_holdout,random_selection,10,24,158.1540177886969
LSD_Primary,set5_features_metadata_corr95,GPR,log,protocol_holdout,random_selection,10,30,150.76128362947236
LSD_Primary,set5_features_metadata_corr95,GPR,log,protocol_holdout,random_selection,10,36,132.36690104164714
LSD_Primary,set5_features_metadata_corr95,GPR,log,protocol_holdout,random_selection,10,42,127.53869961663392
LSD_Primary,set5_features_metadata_corr95,GPR,log,protocol_holdout,random_selection,10,48,85.64324483742098
LSD_Primary,set5_features_metadata_corr95,GPR,log,protocol_holdout,random_selection,10,54,129.28709060552717
LSD_Primary,set5_features_metadata_corr95,GPR,log,protocol_holdout,random_selection,10,58,83.35336549150082
LSD_Primary,set5_features_metadata_corr95,GPR,log,protocol_holdout,diversity_oneshot,1,6,48.60349667608191
LSD_Primary,set5_features_metadata_corr95,GPR,log,protocol_holdout,diversity_oneshot,1,12,47.82638659034092
LSD_Primary,set5_features_metadata_corr95,GPR,log,protocol_holdout,diversity_oneshot,1,18,42.69290736985485
LSD_Primary,set5_features_metadata_corr95,GPR,log,protocol_holdout,diversity_oneshot,1,24,39.50859461467961
LSD_Primary,set5_features_metadata_corr95,GPR,log,protocol_holdout,diversity_oneshot,1,30,42.52474039319154
LSD_Primary,set5_features_metadata_corr95,GPR,log,protocol_holdout,diversity_oneshot,1,36,45.620861609900814
LSD_Primary,set5_features_metadata_corr95,GPR,log,protocol_holdout,diversity_oneshot,1,42,47.96937624862797
LSD_Primary,set5_features_metadata_corr95,GPR,log,protocol_holdout,diversity_oneshot,1,48,50.12681796210057
LSD_Primary,set5_features_metadata_corr95,GPR,log,protocol_holdout,diversity_oneshot,1,54,88.9575475245857
LSD_Primary,set5_features_metadata_corr95,GPR,log,protocol_holdout,diversity_oneshot,1,58,97.7357476378708
LSD_Primary,set5_features_metadata_corr95,GPR,log,protocol_holdout,diversity_oneshot,2,6,11.911696059778642
LSD_Primary,set5_features_metadata_corr95,GPR,log,protocol_holdout,diversity_oneshot,2,12,41.16773573163721
LSD_Primary,set5_features_metadata_corr95,GPR,log,protocol_holdout,diversity_oneshot,2,18,30.28605995402409
LSD_Primary,set5_features_metadata_corr95,GPR,log,protocol_holdout,diversity_oneshot,2,24,26.03966305930333
LSD_Primary,set5_features_metadata_corr95,GPR,log,protocol_holdout,diversity_oneshot,2,30,19.58859111640364
LSD_Primary,set5_features_metadata_corr95,GPR,log,protocol_holdout,diversity_oneshot,2,36,23.3532773311605
LSD_Primary,set5_features_metadata_corr95,GPR,log,protocol_holdout,diversity_oneshot,2,42,24.45546702078052
LSD_Primary,set5_features_metadata_corr95,GPR,log,protocol_holdout,diversity_oneshot,2,48,24.79639628748472
LSD_Primary,set5_features_metadata_corr95,GPR,log,protocol_holdout,diversity_oneshot,2,54,24.82374133676088
LSD_Primary,set5_features_metadata_corr95,GPR,log,protocol_holdout,diversity_oneshot,2,58,26.08568488548476
LSD_Primary,set5_features_metadata_corr95,GPR,log,protocol_holdout,diversity_oneshot,3,6,43.9657146227464
LSD_Primary,set5_features_metadata_corr95,GPR,log,protocol_holdout,diversity_oneshot,3,12,47.69428697383336
LSD_Primary,set5_features_metadata_corr95,GPR,log,protocol_holdout,diversity_oneshot,3,18,21.853499983460487
LSD_Primary,set5_features_metadata_corr95,GPR,log,protocol_holdout,diversity_oneshot,3,24,21.15626026871701
LSD_Primary,set5_features_metadata_corr95,GPR,log,protocol_holdout,diversity_oneshot,3,30,13.684561989086005
LSD_Primary,set5_features_metadata_corr95,GPR,log,protocol_holdout,diversity_oneshot,3,36,13.06366858640366
LSD_Primary,set5_features_metadata_corr95,GPR,log,protocol_holdout,diversity_oneshot,3,42,14.378251641507784
LSD_Primary,set5_features_metadata_corr95,GPR,log,protocol_holdout,diversity_oneshot,3,48,17.54549122306683
LSD_Primary,set5_features_metadata_corr95,GPR,log,protocol_holdout,diversity_oneshot,3,54,15.07622072210036
LSD_Primary,set5_features_metadata_corr95,GPR,log,protocol_holdout,diversity_oneshot,3,58,23.343362393586904
LSD_Primary,set5_features_metadata_corr95,GPR,log,protocol_holdout,diversity_oneshot,4,6,28.96583240888772
LSD_Primary,set5_features_metadata_corr95,GPR,log,protocol_holdout,diversity_oneshot,4,12,49.59213693979064
LSD_Primary,set5_features_metadata_corr95,GPR,log,protocol_holdout,diversity_oneshot,4,18,24.744161319921883
LSD_Primary,set5_features_metadata_corr95,GPR,log,protocol_holdout,diversity_oneshot,4,24,23.193233064900184
LSD_Primary,set5_features_metadata_corr95,GPR,log,protocol_holdout,diversity_oneshot,4,30,22.70594130120966
LSD_Primary,set5_features_metadata_corr95,GPR,log,protocol_holdout,diversity_oneshot,4,36,38.54094948823029
LSD_Primary,set5_features_metadata_corr95,GPR,log,protocol_holdout,diversity_oneshot,4,42,44.29623621596835
LSD_Primary,set5_features_metadata_corr95,GPR,log,protocol_holdout,diversity_oneshot,4,48,42.74336495740139
LSD_Primary,set5_features_metadata_corr95,GPR,log,protocol_holdout,diversity_oneshot,4,54,50.40608972598294
LSD_Primary,set5_features_metadata_corr95,GPR,log,protocol_holdout,diversity_oneshot,4,58,48.85468801308335
LSD_Primary,set5_features_metadata_corr95,GPR,log,protocol_holdout,diversity_oneshot,5,6,54.84752940736871
LSD_Primary,set5_features_metadata_corr95,GPR,log,protocol_holdout,diversity_oneshot,5,12,57.76316546576263
LSD_Primary,set5_features_metadata_corr95,GPR,log,protocol_holdout,diversity_oneshot,5,18,37.0006883381153
LSD_Primary,set5_features_metadata_corr95,GPR,log,protocol_holdout,diversity_oneshot,5,24,43.02549986009074
LSD_Primary,set5_features_metadata_corr95,GPR,log,protocol_holdout,diversity_oneshot,5,30,44.58911207959896
LSD_Primary,set5_features_metadata_corr95,GPR,log,protocol_holdout,diversity_oneshot,5,36,56.73933912102181
LSD_Primary,set5_features_metadata_corr95,GPR,log,protocol_holdout,diversity_oneshot,5,42,57.214642240706205
LSD_Primary,set5_features_metadata_corr95,GPR,log,protocol_holdout,diversity_oneshot,5,48,58.05613654174352
LSD_Primary,set5_features_metadata_corr95,GPR,log,protocol_holdout,diversity_oneshot,5,54,61.78773024708166
LSD_Primary,set5_features_metadata_corr95,GPR,log,protocol_holdout,diversity_oneshot,5,58,92.80651440573756
LSD_Primary,set5_features_metadata_corr95,GPR,log,protocol_holdout,diversity_oneshot,6,6,55.15848395987781
LSD_Primary,set5_features_metadata_corr95,GPR,log,protocol_holdout,diversity_oneshot,6,12,95.60312746300202
LSD_Primary,set5_features_metadata_corr95,GPR,log,protocol_holdout,diversity_oneshot,6,18,34.72300718374129
LSD_Primary,set5_features_metadata_corr95,GPR,log,protocol_holdout,diversity_oneshot,6,24,35.00816468073911
LSD_Primary,set5_features_metadata_corr95,GPR,log,protocol_holdout,diversity_oneshot,6,30,33.62700801979342
LSD_Primary,set5_features_metadata_corr95,GPR,log,protocol_holdout,diversity_oneshot,6,36,38.43092422466329
LSD_Primary,set5_features_metadata_corr95,GPR,log,protocol_holdout,diversity_oneshot,6,42,40.23251554114832
LSD_Primary,set5_features_metadata_corr95,GPR,log,protocol_holdout,diversity_oneshot,6,48,43.55985571948612
LSD_Primary,set5_features_metadata_corr95,GPR,log,protocol_holdout,diversity_oneshot,6,54,94.2968870583093
LSD_Primary,set5_features_metadata_corr95,GPR,log,protocol_holdout,diversity_oneshot,6,58,98.77424805728222
LSD_Primary,set5_features_metadata_corr95,GPR,log,protocol_holdout,diversity_oneshot,7,6,47.61980863069201
LSD_Primary,set5_features_metadata_corr95,GPR,log,protocol_holdout,diversity_oneshot,7,12,59.08660527459511
LSD_Primary,set5_features_metadata_corr95,GPR,log,protocol_holdout,diversity_oneshot,7,18,35.45900010379188
LSD_Primary,set5_features_metadata_corr95,GPR,log,protocol_holdout,diversity_oneshot,7,24,27.19951487337357
LSD_Primary,set5_features_metadata_corr95,GPR,log,protocol_holdout,diversity_oneshot,7,30,24.89898914710235
LSD_Primary,set5_features_metadata_corr95,GPR,log,protocol_holdout,diversity_oneshot,7,36,39.04794605988101
LSD_Primary,set5_features_metadata_corr95,GPR,log,protocol_holdout,diversity_oneshot,7,42,49.18846355800177
LSD_Primary,set5_features_metadata_corr95,GPR,log,protocol_holdout,diversity_oneshot,7,48,49.22879618087554
LSD_Primary,set5_features_metadata_corr95,GPR,log,protocol_holdout,diversity_oneshot,7,54,51.86506565935815
LSD_Primary,set5_features_metadata_corr95,GPR,log,protocol_holdout,diversity_oneshot,7,58,57.02580127910933
LSD_Primary,set5_features_metadata_corr95,GPR,log,protocol_holdout,diversity_oneshot,8,6,70.29399922020235
LSD_Primary,set5_features_metadata_corr95,GPR,log,protocol_holdout,diversity_oneshot,8,12,54.02823555163236
LSD_Primary,set5_features_metadata_corr95,GPR,log,protocol_holdout,diversity_oneshot,8,18,40.83161046711693
LSD_Primary,set5_features_metadata_corr95,GPR,log,protocol_holdout,diversity_oneshot,8,24,34.295380854468775
LSD_Primary,set5_features_metadata_corr95,GPR,log,protocol_holdout,diversity_oneshot,8,30,42.98410240219488
LSD_Primary,set5_features_metadata_corr95,GPR,log,protocol_holdout,diversity_oneshot,8,36,55.44373062131398
LSD_Primary,set5_features_metadata_corr95,GPR,log,protocol_holdout,diversity_oneshot,8,42,57.44877005131773
LSD_Primary,set5_features_metadata_corr95,GPR,log,protocol_holdout,diversity_oneshot,8,48,57.06387849604892
LSD_Primary,set5_features_metadata_corr95,GPR,log,protocol_holdout,diversity_oneshot,8,54,97.37293862703082
LSD_Primary,set5_features_metadata_corr95,GPR,log,protocol_holdout,diversity_oneshot,8,58,106.7628870533188
LSD_Primary,set5_features_metadata_corr95,GPR,log,protocol_holdout,diversity_oneshot,9,6,45.53350660489507
LSD_Primary,set5_features_metadata_corr95,GPR,log,protocol_holdout,diversity_oneshot,9,12,33.17302950625682
LSD_Primary,set5_features_metadata_corr95,GPR,log,protocol_holdout,diversity_oneshot,9,18,17.30159773725962
LSD_Primary,set5_features_metadata_corr95,GPR,log,protocol_holdout,diversity_oneshot,9,24,16.664142425061307
LSD_Primary,set5_features_metadata_corr95,GPR,log,protocol_holdout,diversity_oneshot,9,30,17.86358776276989
LSD_Primary,set5_features_metadata_corr95,GPR,log,protocol_holdout,diversity_oneshot,9,36,15.38688590615446
LSD_Primary,set5_features_metadata_corr95,GPR,log,protocol_holdout,diversity_oneshot,9,42,45.7098772626642
LSD_Primary,set5_features_metadata_corr95,GPR,log,protocol_holdout,diversity_oneshot,9,48,33.114693467472
LSD_Primary,set5_features_metadata_corr95,GPR,log,protocol_holdout,diversity_oneshot,9,54,32.13659883983799
LSD_Primary,set5_features_metadata_corr95,GPR,log,protocol_holdout,diversity_oneshot,9,58,41.59512348754863
LSD_Primary,set5_features_metadata_corr95,GPR,log,protocol_holdout,diversity_oneshot,10,6,124.45465360580845
LSD_Primary,set5_features_metadata_corr95,GPR,log,protocol_holdout,diversity_oneshot,10,12,73.54714422919841
LSD_Primary,set5_features_metadata_corr95,GPR,log,protocol_holdout,diversity_oneshot,10,18,36.07085531249075
LSD_Primary,set5_features_metadata_corr95,GPR,log,protocol_holdout,diversity_oneshot,10,24,43.12828746050582
LSD_Primary,set5_features_metadata_corr95,GPR,log,protocol_holdout,diversity_oneshot,10,30,55.794028073566245
LSD_Primary,set5_features_metadata_corr95,GPR,log,protocol_holdout,diversity_oneshot,10,36,65.53629095669136
LSD_Primary,set5_features_metadata_corr95,GPR,log,protocol_holdout,diversity_oneshot,10,42,70.7911397971287
LSD_Primary,set5_features_metadata_corr95,GPR,log,protocol_holdout,diversity_oneshot,10,48,69.98285736752108
LSD_Primary,set5_features_metadata_corr95,GPR,log,protocol_holdout,diversity_oneshot,10,54,80.3910670953191
LSD_Primary,set5_features_metadata_corr95,GPR,log,protocol_holdout,diversity_oneshot,10,58,83.35336549150082
LSD_Primary,set5_features_metadata_corr95,GPR,log,protocol_holdout,diversity_iterative,1,6,48.60349667608191
LSD_Primary,set5_features_metadata_corr95,GPR,log,protocol_holdout,diversity_iterative,1,12,80.23869911573995
LSD_Primary,set5_features_metadata_corr95,GPR,log,protocol_holdout,diversity_iterative,1,18,85.4875105952082
LSD_Primary,set5_features_metadata_corr95,GPR,log,protocol_holdout,diversity_iterative,1,24,77.29918063749923
LSD_Primary,set5_features_metadata_corr95,GPR,log,protocol_holdout,diversity_iterative,1,30,68.81083018480106
LSD_Primary,set5_features_metadata_corr95,GPR,log,protocol_holdout,diversity_iterative,1,36,62.48388645890785
LSD_Primary,set5_features_metadata_corr95,GPR,log,protocol_holdout,diversity_iterative,1,42,71.60453827182619
LSD_Primary,set5_features_metadata_corr95,GPR,log,protocol_holdout,diversity_iterative,1,48,48.42955556281384
LSD_Primary,set5_features_metadata_corr95,GPR,log,protocol_holdout,diversity_iterative,1,54,97.02375045058376
LSD_Primary,set5_features_metadata_corr95,GPR,log,protocol_holdout,diversity_iterative,1,58,97.7357476378708
LSD_Primary,set5_features_metadata_corr95,GPR,log,protocol_holdout,diversity_iterative,2,6,11.911696059778642
LSD_Primary,set5_features_metadata_corr95,GPR,log,protocol_holdout,diversity_iterative,2,12,13.53352779327544
LSD_Primary,set5_features_metadata_corr95,GPR,log,protocol_holdout,diversity_iterative,2,18,30.30145947359182
LSD_Primary,set5_features_metadata_corr95,GPR,log,protocol_holdout,diversity_iterative,2,24,33.163526256906145
LSD_Primary,set5_features_metadata_corr95,GPR,log,protocol_holdout,diversity_iterative,2,30,29.58033826178923
LSD_Primary,set5_features_metadata_corr95,GPR,log,protocol_holdout,diversity_iterative,2,36,31.12211540362836
LSD_Primary,set5_features_metadata_corr95,GPR,log,protocol_holdout,diversity_iterative,2,42,23.768743539966064
LSD_Primary,set5_features_metadata_corr95,GPR,log,protocol_holdout,diversity_iterative,2,48,29.98569469725767
LSD_Primary,set5_features_metadata_corr95,GPR,log,protocol_holdout,diversity_iterative,2,54,28.79338926722212
LSD_Primary,set5_features_metadata_corr95,GPR,log,protocol_holdout,diversity_iterative,2,58,26.08568488548476
LSD_Primary,set5_features_metadata_corr95,GPR,log,protocol_holdout,diversity_iterative,3,6,43.9657146227464
LSD_Primary,set5_features_metadata_corr95,GPR,log,protocol_holdout,diversity_iterative,3,12,67.52965352573557
LSD_Primary,set5_features_metadata_corr95,GPR,log,protocol_holdout,diversity_iterative,3,18,53.62216194040279
LSD_Primary,set5_features_metadata_corr95,GPR,log,protocol_holdout,diversity_iterative,3,24,30.19708937550719
LSD_Primary,set5_features_metadata_corr95,GPR,log,protocol_holdout,diversity_iterative,3,30,31.56533911971942
LSD_Primary,set5_features_metadata_corr95,GPR,log,protocol_holdout,diversity_iterative,3,36,19.620198279936265
LSD_Primary,set5_features_metadata_corr95,GPR,log,protocol_holdout,diversity_iterative,3,42,28.692645629402925
LSD_Primary,set5_features_metadata_corr95,GPR,log,protocol_holdout,diversity_iterative,3,48,26.372531430807417
LSD_Primary,set5_features_metadata_corr95,GPR,log,protocol_holdout,diversity_iterative,3,54,21.80651230513892
LSD_Primary,set5_features_metadata_corr95,GPR,log,protocol_holdout,diversity_iterative,3,58,23.343362393586904
LSD_Primary,set5_features_metadata_corr95,GPR,log,protocol_holdout,diversity_iterative,4,6,28.96583240888772
LSD_Primary,set5_features_metadata_corr95,GPR,log,protocol_holdout,diversity_iterative,4,12,68.5167967146306
LSD_Primary,set5_features_metadata_corr95,GPR,log,protocol_holdout,diversity_iterative,4,18,64.2811824264314
LSD_Primary,set5_features_metadata_corr95,GPR,log,protocol_holdout,diversity_iterative,4,24,68.06109419995107
LSD_Primary,set5_features_metadata_corr95,GPR,log,protocol_holdout,diversity_iterative,4,30,61.50617557343744
LSD_Primary,set5_features_metadata_corr95,GPR,log,protocol_holdout,diversity_iterative,4,36,59.22431135817449
LSD_Primary,set5_features_metadata_corr95,GPR,log,protocol_holdout,diversity_iterative,4,42,47.48685002537083
LSD_Primary,set5_features_metadata_corr95,GPR,log,protocol_holdout,diversity_iterative,4,48,44.85392612471618
LSD_Primary,set5_features_metadata_corr95,GPR,log,protocol_holdout,diversity_iterative,4,54,44.37132597521209
LSD_Primary,set5_features_metadata_corr95,GPR,log,protocol_holdout,diversity_iterative,4,58,48.85468801308335
LSD_Primary,set5_features_metadata_corr95,GPR,log,protocol_holdout,diversity_iterative,5,6,54.84752940736871
LSD_Primary,set5_features_metadata_corr95,GPR,log,protocol_holdout,diversity_iterative,5,12,57.71628006299877
LSD_Primary,set5_features_metadata_corr95,GPR,log,protocol_holdout,diversity_iterative,5,18,44.49550523699793
LSD_Primary,set5_features_metadata_corr95,GPR,log,protocol_holdout,diversity_iterative,5,24,53.2668765354534
LSD_Primary,set5_features_metadata_corr95,GPR,log,protocol_holdout,diversity_iterative,5,30,40.121186455040906
LSD_Primary,set5_features_metadata_corr95,GPR,log,protocol_holdout,diversity_iterative,5,36,47.99481380530784
LSD_Primary,set5_features_metadata_corr95,GPR,log,protocol_holdout,diversity_iterative,5,42,52.62642796816801
LSD_Primary,set5_features_metadata_corr95,GPR,log,protocol_holdout,diversity_iterative,5,48,51.32878037772512
LSD_Primary,set5_features_metadata_corr95,GPR,log,protocol_holdout,diversity_iterative,5,54,88.03615591254652
LSD_Primary,set5_features_metadata_corr95,GPR,log,protocol_holdout,diversity_iterative,5,58,92.80651440573756
LSD_Primary,set5_features_metadata_corr95,GPR,log,protocol_holdout,diversity_iterative,6,6,55.15848395987781
LSD_Primary,set5_features_metadata_corr95,GPR,log,protocol_holdout,diversity_iterative,6,12,55.53050209422457
LSD_Primary,set5_features_metadata_corr95,GPR,log,protocol_holdout,diversity_iterative,6,18,45.18994821541483
LSD_Primary,set5_features_metadata_corr95,GPR,log,protocol_holdout,diversity_iterative,6,24,47.86364156662221
LSD_Primary,set5_features_metadata_corr95,GPR,log,protocol_holdout,diversity_iterative,6,30,96.67121957940014
LSD_Primary,set5_features_metadata_corr95,GPR,log,protocol_holdout,diversity_iterative,6,36,101.3238233828717
LSD_Primary,set5_features_metadata_corr95,GPR,log,protocol_holdout,diversity_iterative,6,42,91.40005129109132
LSD_Primary,set5_features_metadata_corr95,GPR,log,protocol_holdout,diversity_iterative,6,48,88.2847785270166
LSD_Primary,set5_features_metadata_corr95,GPR,log,protocol_holdout,diversity_iterative,6,54,87.94911436972225
LSD_Primary,set5_features_metadata_corr95,GPR,log,protocol_holdout,diversity_iterative,6,58,98.77424805728222
LSD_Primary,set5_features_metadata_corr95,GPR,log,protocol_holdout,diversity_iterative,7,6,47.61980863069201
LSD_Primary,set5_features_metadata_corr95,GPR,log,protocol_holdout,diversity_iterative,7,12,57.49291794754906
LSD_Primary,set5_features_metadata_corr95,GPR,log,protocol_holdout,diversity_iterative,7,18,69.39696502346622
LSD_Primary,set5_features_metadata_corr95,GPR,log,protocol_holdout,diversity_iterative,7,24,86.49120369625875
LSD_Primary,set5_features_metadata_corr95,GPR,log,protocol_holdout,diversity_iterative,7,30,79.8536665629566
LSD_Primary,set5_features_metadata_corr95,GPR,log,protocol_holdout,diversity_iterative,7,36,62.7159652051504
LSD_Primary,set5_features_metadata_corr95,GPR,log,protocol_holdout,diversity_iterative,7,42,71.49090352198483
LSD_Primary,set5_features_metadata_corr95,GPR,log,protocol_holdout,diversity_iterative,7,48,61.2841976295266
LSD_Primary,set5_features_metadata_corr95,GPR,log,protocol_holdout,diversity_iterative,7,54,60.47588937414362
LSD_Primary,set5_features_metadata_corr95,GPR,log,protocol_holdout,diversity_iterative,7,58,57.02580127910933
LSD_Primary,set5_features_metadata_corr95,GPR,log,protocol_holdout,diversity_iterative,8,6,70.29399922020235
LSD_Primary,set5_features_metadata_corr95,GPR,log,protocol_holdout,diversity_iterative,8,12,77.65942501323818
LSD_Primary,set5_features_metadata_corr95,GPR,log,protocol_holdout,diversity_iterative,8,18,92.99465637628482
LSD_Primary,set5_features_metadata_corr95,GPR,log,protocol_holdout,diversity_iterative,8,24,103.029924003361
LSD_Primary,set5_features_metadata_corr95,GPR,log,protocol_holdout,diversity_iterative,8,30,105.7954167081429
LSD_Primary,set5_features_metadata_corr95,GPR,log,protocol_holdout,diversity_iterative,8,36,89.0692208495711
LSD_Primary,set5_features_metadata_corr95,GPR,log,protocol_holdout,diversity_iterative,8,42,69.95066713025265
LSD_Primary,set5_features_metadata_corr95,GPR,log,protocol_holdout,diversity_iterative,8,48,86.40204851868512
LSD_Primary,set5_features_metadata_corr95,GPR,log,protocol_holdout,diversity_iterative,8,54,98.75236292385702
LSD_Primary,set5_features_metadata_corr95,GPR,log,protocol_holdout,diversity_iterative,8,58,106.7628870533188
LSD_Primary,set5_features_metadata_corr95,GPR,log,protocol_holdout,diversity_iterative,9,6,45.53350660489507
LSD_Primary,set5_features_metadata_corr95,GPR,log,protocol_holdout,diversity_iterative,9,12,22.17219537800735
LSD_Primary,set5_features_metadata_corr95,GPR,log,protocol_holdout,diversity_iterative,9,18,26.241565836768903
LSD_Primary,set5_features_metadata_corr95,GPR,log,protocol_holdout,diversity_iterative,9,24,37.48810471611917
LSD_Primary,set5_features_metadata_corr95,GPR,log,protocol_holdout,diversity_iterative,9,30,39.187362595815095
LSD_Primary,set5_features_metadata_corr95,GPR,log,protocol_holdout,diversity_iterative,9,36,40.70728492295587
LSD_Primary,set5_features_metadata_corr95,GPR,log,protocol_holdout,diversity_iterative,9,42,42.88849010096645
LSD_Primary,set5_features_metadata_corr95,GPR,log,protocol_holdout,diversity_iterative,9,48,38.48708340992244
LSD_Primary,set5_features_metadata_corr95,GPR,log,protocol_holdout,diversity_iterative,9,54,39.296916302065895
LSD_Primary,set5_features_metadata_corr95,GPR,log,protocol_holdout,diversity_iterative,9,58,41.59512348754863
LSD_Primary,set5_features_metadata_corr95,GPR,log,protocol_holdout,diversity_iterative,10,6,124.45465360580845
LSD_Primary,set5_features_metadata_corr95,GPR,log,protocol_holdout,diversity_iterative,10,12,92.940483427204
LSD_Primary,set5_features_metadata_corr95,GPR,log,protocol_holdout,diversity_iterative,10,18,95.18471101570256
LSD_Primary,set5_features_metadata_corr95,GPR,log,protocol_holdout,diversity_iterative,10,24,70.63040864061556
LSD_Primary,set5_features_metadata_corr95,GPR,log,protocol_holdout,diversity_iterative,10,30,71.91512190976354
LSD_Primary,set5_features_metadata_corr95,GPR,log,protocol_holdout,diversity_iterative,10,36,86.58310776184021
LSD_Primary,set5_features_metadata_corr95,GPR,log,protocol_holdout,diversity_iterative,10,42,78.97722765095257
LSD_Primary,set5_features_metadata_corr95,GPR,log,protocol_holdout,diversity_iterative,10,48,80.75001533097478
LSD_Primary,set5_features_metadata_corr95,GPR,log,protocol_holdout,diversity_iterative,10,54,84.3885009017398
LSD_Primary,set5_features_metadata_corr95,GPR,log,protocol_holdout,diversity_iterative,10,58,83.35336549150082
LSD_Primary,set5_features_metadata_corr95,GPR,log,protocol_holdout,coverage,1,6,105.22726443575549
LSD_Primary,set5_features_metadata_corr95,GPR,log,protocol_holdout,coverage,1,12,39.31835726341164
LSD_Primary,set5_features_metadata_corr95,GPR,log,protocol_holdout,coverage,1,18,54.90174172275085
LSD_Primary,set5_features_metadata_corr95,GPR,log,protocol_holdout,coverage,1,24,57.70203052905559
LSD_Primary,set5_features_metadata_corr95,GPR,log,protocol_holdout,coverage,1,30,52.11171725603744
LSD_Primary,set5_features_metadata_corr95,GPR,log,protocol_holdout,coverage,1,36,52.24733706178471
LSD_Primary,set5_features_metadata_corr95,GPR,log,protocol_holdout,coverage,1,42,39.39830860122623
LSD_Primary,set5_features_metadata_corr95,GPR,log,protocol_holdout,coverage,1,48,42.914020728072266
LSD_Primary,set5_features_metadata_corr95,GPR,log,protocol_holdout,coverage,1,54,49.9208001246777
LSD_Primary,set5_features_metadata_corr95,GPR,log,protocol_holdout,coverage,1,58,97.7357476378708
LSD_Primary,set5_features_metadata_corr95,GPR,log,protocol_holdout,coverage,2,6,32.02711179948912
LSD_Primary,set5_features_metadata_corr95,GPR,log,protocol_holdout,coverage,2,12,29.992103747810862
LSD_Primary,set5_features_metadata_corr95,GPR,log,protocol_holdout,coverage,2,18,28.01660630998547
LSD_Primary,set5_features_metadata_corr95,GPR,log,protocol_holdout,coverage,2,24,23.79107068276888
LSD_Primary,set5_features_metadata_corr95,GPR,log,protocol_holdout,coverage,2,30,23.51489065687792
LSD_Primary,set5_features_metadata_corr95,GPR,log,protocol_holdout,coverage,2,36,27.98424808642765
LSD_Primary,set5_features_metadata_corr95,GPR,log,protocol_holdout,coverage,2,42,19.880402731508592
LSD_Primary,set5_features_metadata_corr95,GPR,log,protocol_holdout,coverage,2,48,23.865387047035817
LSD_Primary,set5_features_metadata_corr95,GPR,log,protocol_holdout,coverage,2,54,25.17586297634719
LSD_Primary,set5_features_metadata_corr95,GPR,log,protocol_holdout,coverage,2,58,26.08568488548476
LSD_Primary,set5_features_metadata_corr95,GPR,log,protocol_holdout,coverage,3,6,36.2725640152563
LSD_Primary,set5_features_metadata_corr95,GPR,log,protocol_holdout,coverage,3,12,29.932333294495724
LSD_Primary,set5_features_metadata_corr95,GPR,log,protocol_holdout,coverage,3,18,26.20641919616769
LSD_Primary,set5_features_metadata_corr95,GPR,log,protocol_holdout,coverage,3,24,19.70654473761364
LSD_Primary,set5_features_metadata_corr95,GPR,log,protocol_holdout,coverage,3,30,14.800352300205985
LSD_Primary,set5_features_metadata_corr95,GPR,log,protocol_holdout,coverage,3,36,18.44319979118912
LSD_Primary,set5_features_metadata_corr95,GPR,log,protocol_holdout,coverage,3,42,15.60066180916308
LSD_Primary,set5_features_metadata_corr95,GPR,log,protocol_holdout,coverage,3,48,13.011080233258888
LSD_Primary,set5_features_metadata_corr95,GPR,log,protocol_holdout,coverage,3,54,15.665487008194898
LSD_Primary,set5_features_metadata_corr95,GPR,log,protocol_holdout,coverage,3,58,23.343362393586904
LSD_Primary,set5_features_metadata_corr95,GPR,log,protocol_holdout,coverage,4,6,80.02650910529653
LSD_Primary,set5_features_metadata_corr95,GPR,log,protocol_holdout,coverage,4,12,37.69941573693716
LSD_Primary,set5_features_metadata_corr95,GPR,log,protocol_holdout,coverage,4,18,24.882286280441622
LSD_Primary,set5_features_metadata_corr95,GPR,log,protocol_holdout,coverage,4,24,34.79693358230443
LSD_Primary,set5_features_metadata_corr95,GPR,log,protocol_holdout,coverage,4,30,42.88759388122544
LSD_Primary,set5_features_metadata_corr95,GPR,log,protocol_holdout,coverage,4,36,49.38740947034349
LSD_Primary,set5_features_metadata_corr95,GPR,log,protocol_holdout,coverage,4,42,41.4170123389108
LSD_Primary,set5_features_metadata_corr95,GPR,log,protocol_holdout,coverage,4,48,51.52548662648504
LSD_Primary,set5_features_metadata_corr95,GPR,log,protocol_holdout,coverage,4,54,44.66544041527375
LSD_Primary,set5_features_metadata_corr95,GPR,log,protocol_holdout,coverage,4,58,48.85468801308335
LSD_Primary,set5_features_metadata_corr95,GPR,log,protocol_holdout,coverage,5,6,94.19896918433376
LSD_Primary,set5_features_metadata_corr95,GPR,log,protocol_holdout,coverage,5,12,55.667588910730736
LSD_Primary,set5_features_metadata_corr95,GPR,log,protocol_holdout,coverage,5,18,62.67466963641066
LSD_Primary,set5_features_metadata_corr95,GPR,log,protocol_holdout,coverage,5,24,62.24335319084263
LSD_Primary,set5_features_metadata_corr95,GPR,log,protocol_holdout,coverage,5,30,61.6815130528198
LSD_Primary,set5_features_metadata_corr95,GPR,log,protocol_holdout,coverage,5,36,54.88868542515111
LSD_Primary,set5_features_metadata_corr95,GPR,log,protocol_holdout,coverage,5,42,55.94594044675092
LSD_Primary,set5_features_metadata_corr95,GPR,log,protocol_holdout,coverage,5,48,61.48270754339784
LSD_Primary,set5_features_metadata_corr95,GPR,log,protocol_holdout,coverage,5,54,61.25728834034499
LSD_Primary,set5_features_metadata_corr95,GPR,log,protocol_holdout,coverage,5,58,92.80651440573756
LSD_Primary,set5_features_metadata_corr95,GPR,log,protocol_holdout,coverage,6,6,96.50272288495955
LSD_Primary,set5_features_metadata_corr95,GPR,log,protocol_holdout,coverage,6,12,53.27330476467633
LSD_Primary,set5_features_metadata_corr95,GPR,log,protocol_holdout,coverage,6,18,50.17415801282197
LSD_Primary,set5_features_metadata_corr95,GPR,log,protocol_holdout,coverage,6,24,35.262202667732254
LSD_Primary,set5_features_metadata_corr95,GPR,log,protocol_holdout,coverage,6,30,34.18109945192364
LSD_Primary,set5_features_metadata_corr95,GPR,log,protocol_holdout,coverage,6,36,32.90192857247643
LSD_Primary,set5_features_metadata_corr95,GPR,log,protocol_holdout,coverage,6,42,42.84275290010433
LSD_Primary,set5_features_metadata_corr95,GPR,log,protocol_holdout,coverage,6,48,82.38346284198725
LSD_Primary,set5_features_metadata_corr95,GPR,log,protocol_holdout,coverage,6,54,93.7358704573082
LSD_Primary,set5_features_metadata_corr95,GPR,log,protocol_holdout,coverage,6,58,98.77424805728222
LSD_Primary,set5_features_metadata_corr95,GPR,log,protocol_holdout,coverage,7,6,119.30761588384593
LSD_Primary,set5_features_metadata_corr95,GPR,log,protocol_holdout,coverage,7,12,54.23003001132077
LSD_Primary,set5_features_metadata_corr95,GPR,log,protocol_holdout,coverage,7,18,52.544493654153
LSD_Primary,set5_features_metadata_corr95,GPR,log,protocol_holdout,coverage,7,24,54.37987337268256
LSD_Primary,set5_features_metadata_corr95,GPR,log,protocol_holdout,coverage,7,30,51.69279356737664
LSD_Primary,set5_features_metadata_corr95,GPR,log,protocol_holdout,coverage,7,36,43.14394746294132
LSD_Primary,set5_features_metadata_corr95,GPR,log,protocol_holdout,coverage,7,42,41.971279494029545
LSD_Primary,set5_features_metadata_corr95,GPR,log,protocol_holdout,coverage,7,48,40.73060231485008
LSD_Primary,set5_features_metadata_corr95,GPR,log,protocol_holdout,coverage,7,54,52.31555033301197
LSD_Primary,set5_features_metadata_corr95,GPR,log,protocol_holdout,coverage,7,58,57.02580127910933
LSD_Primary,set5_features_metadata_corr95,GPR,log,protocol_holdout,coverage,8,6,218.51903012854945
LSD_Primary,set5_features_metadata_corr95,GPR,log,protocol_holdout,coverage,8,12,44.21022924090609
LSD_Primary,set5_features_metadata_corr95,GPR,log,protocol_holdout,coverage,8,18,40.82895339396122
LSD_Primary,set5_features_metadata_corr95,GPR,log,protocol_holdout,coverage,8,24,55.62340288121887
LSD_Primary,set5_features_metadata_corr95,GPR,log,protocol_holdout,coverage,8,30,48.06009937290376
LSD_Primary,set5_features_metadata_corr95,GPR,log,protocol_holdout,coverage,8,36,119.62529621721907
LSD_Primary,set5_features_metadata_corr95,GPR,log,protocol_holdout,coverage,8,42,106.80357814215952
LSD_Primary,set5_features_metadata_corr95,GPR,log,protocol_holdout,coverage,8,48,106.75090173474112
LSD_Primary,set5_features_metadata_corr95,GPR,log,protocol_holdout,coverage,8,54,99.39127888091744
LSD_Primary,set5_features_metadata_corr95,GPR,log,protocol_holdout,coverage,8,58,106.7628870533188
LSD_Primary,set5_features_metadata_corr95,GPR,log,protocol_holdout,coverage,9,6,46.40839436858181
LSD_Primary,set5_features_metadata_corr95,GPR,log,protocol_holdout,coverage,9,12,39.49581458587315
LSD_Primary,set5_features_metadata_corr95,GPR,log,protocol_holdout,coverage,9,18,22.08230744698993
LSD_Primary,set5_features_metadata_corr95,GPR,log,protocol_holdout,coverage,9,24,18.80771632822638
LSD_Primary,set5_features_metadata_corr95,GPR,log,protocol_holdout,coverage,9,30,17.809077743638316
LSD_Primary,set5_features_metadata_corr95,GPR,log,protocol_holdout,coverage,9,36,24.33478378749216
LSD_Primary,set5_features_metadata_corr95,GPR,log,protocol_holdout,coverage,9,42,41.75038940457119
LSD_Primary,set5_features_metadata_corr95,GPR,log,protocol_holdout,coverage,9,48,45.92795062440207
LSD_Primary,set5_features_metadata_corr95,GPR,log,protocol_holdout,coverage,9,54,43.15667729126883
LSD_Primary,set5_features_metadata_corr95,GPR,log,protocol_holdout,coverage,9,58,41.59512348754863
LSD_Primary,set5_features_metadata_corr95,GPR,log,protocol_holdout,coverage,10,6,120.56776396628766
LSD_Primary,set5_features_metadata_corr95,GPR,log,protocol_holdout,coverage,10,12,54.65621145134071
LSD_Primary,set5_features_metadata_corr95,GPR,log,protocol_holdout,coverage,10,18,60.87209622338988
LSD_Primary,set5_features_metadata_corr95,GPR,log,protocol_holdout,coverage,10,24,86.87738283892004
LSD_Primary,set5_features_metadata_corr95,GPR,log,protocol_holdout,coverage,10,30,71.95921234433662
LSD_Primary,set5_features_metadata_corr95,GPR,log,protocol_holdout,coverage,10,36,73.50122157760147
LSD_Primary,set5_features_metadata_corr95,GPR,log,protocol_holdout,coverage,10,42,75.49578349497327
LSD_Primary,set5_features_metadata_corr95,GPR,log,protocol_holdout,coverage,10,48,75.82519610924469
LSD_Primary,set5_features_metadata_corr95,GPR,log,protocol_holdout,coverage,10,54,80.99951768490705
LSD_Primary,set5_features_metadata_corr95,GPR,log,protocol_holdout,coverage,10,58,83.35336549150082
LSD_Primary,set5_features_metadata_corr95,GPR,log,protocol_holdout,exploration,1,6,105.22726443575549
LSD_Primary,set5_features_metadata_corr95,GPR,log,protocol_holdout,exploration,1,12,39.31835726341164
LSD_Primary,set5_features_metadata_corr95,GPR,log,protocol_holdout,exploration,1,18,57.8515382697604
LSD_Primary,set5_features_metadata_corr95,GPR,log,protocol_holdout,exploration,1,24,51.13738753253458
LSD_Primary,set5_features_metadata_corr95,GPR,log,protocol_holdout,exploration,1,30,43.01978690505696
LSD_Primary,set5_features_metadata_corr95,GPR,log,protocol_holdout,exploration,1,36,80.290985928398
LSD_Primary,set5_features_metadata_corr95,GPR,log,protocol_holdout,exploration,1,42,46.380214153373686
LSD_Primary,set5_features_metadata_corr95,GPR,log,protocol_holdout,exploration,1,48,49.886695977963655
LSD_Primary,set5_features_metadata_corr95,GPR,log,protocol_holdout,exploration,1,54,48.33973749958445
LSD_Primary,set5_features_metadata_corr95,GPR,log,protocol_holdout,exploration,1,58,97.7357476378708
LSD_Primary,set5_features_metadata_corr95,GPR,log,protocol_holdout,exploration,2,6,32.02711179948912
LSD_Primary,set5_features_metadata_corr95,GPR,log,protocol_holdout,exploration,2,12,29.87399652423155
LSD_Primary,set5_features_metadata_corr95,GPR,log,protocol_holdout,exploration,2,18,27.25078930434589
LSD_Primary,set5_features_metadata_corr95,GPR,log,protocol_holdout,exploration,2,24,23.06561432548556
LSD_Primary,set5_features_metadata_corr95,GPR,log,protocol_holdout,exploration,2,30,28.457211945215583
LSD_Primary,set5_features_metadata_corr95,GPR,log,protocol_holdout,exploration,2,36,19.668429104480545
LSD_Primary,set5_features_metadata_corr95,GPR,log,protocol_holdout,exploration,2,42,21.261107533925
LSD_Primary,set5_features_metadata_corr95,GPR,log,protocol_holdout,exploration,2,48,19.119764078516248
LSD_Primary,set5_features_metadata_corr95,GPR,log,protocol_holdout,exploration,2,54,24.141222729542456
LSD_Primary,set5_features_metadata_corr95,GPR,log,protocol_holdout,exploration,2,58,26.08568488548476
LSD_Primary,set5_features_metadata_corr95,GPR,log,protocol_holdout,exploration,3,6,36.2725640152563
LSD_Primary,set5_features_metadata_corr95,GPR,log,protocol_holdout,exploration,3,12,29.465648578811315
LSD_Primary,set5_features_metadata_corr95,GPR,log,protocol_holdout,exploration,3,18,27.258091441782017
LSD_Primary,set5_features_metadata_corr95,GPR,log,protocol_holdout,exploration,3,24,22.277200101726805
LSD_Primary,set5_features_metadata_corr95,GPR,log,protocol_holdout,exploration,3,30,18.412081983082448
LSD_Primary,set5_features_metadata_corr95,GPR,log,protocol_holdout,exploration,3,36,16.65968813652053
LSD_Primary,set5_features_metadata_corr95,GPR,log,protocol_holdout,exploration,3,42,17.442018574935076
LSD_Primary,set5_features_metadata_corr95,GPR,log,protocol_holdout,exploration,3,48,15.891062182351678
LSD_Primary,set5_features_metadata_corr95,GPR,log,protocol_holdout,exploration,3,54,41.91356973138802
LSD_Primary,set5_features_metadata_corr95,GPR,log,protocol_holdout,exploration,3,58,23.343362393586904
LSD_Primary,set5_features_metadata_corr95,GPR,log,protocol_holdout,exploration,4,6,80.02650910529653
LSD_Primary,set5_features_metadata_corr95,GPR,log,protocol_holdout,exploration,4,12,37.69941573693716
LSD_Primary,set5_features_metadata_corr95,GPR,log,protocol_holdout,exploration,4,18,38.53028857014101
LSD_Primary,set5_features_metadata_corr95,GPR,log,protocol_holdout,exploration,4,24,24.765632634242586
LSD_Primary,set5_features_metadata_corr95,GPR,log,protocol_holdout,exploration,4,30,44.87231183042876
LSD_Primary,set5_features_metadata_corr95,GPR,log,protocol_holdout,exploration,4,36,41.60439977629728
LSD_Primary,set5_features_metadata_corr95,GPR,log,protocol_holdout,exploration,4,42,45.75819241881184
LSD_Primary,set5_features_metadata_corr95,GPR,log,protocol_holdout,exploration,4,48,53.63189203527532
LSD_Primary,set5_features_metadata_corr95,GPR,log,protocol_holdout,exploration,4,54,46.57493868253514
LSD_Primary,set5_features_metadata_corr95,GPR,log,protocol_holdout,exploration,4,58,48.85468801308335
LSD_Primary,set5_features_metadata_corr95,GPR,log,protocol_holdout,exploration,5,6,94.19896918433376
LSD_Primary,set5_features_metadata_corr95,GPR,log,protocol_holdout,exploration,5,12,74.37270348531399
LSD_Primary,set5_features_metadata_corr95,GPR,log,protocol_holdout,exploration,5,18,65.84852931237039
LSD_Primary,set5_features_metadata_corr95,GPR,log,protocol_holdout,exploration,5,24,65.43435895764794
LSD_Primary,set5_features_metadata_corr95,GPR,log,protocol_holdout,exploration,5,30,49.837658318905525
LSD_Primary,set5_features_metadata_corr95,GPR,log,protocol_holdout,exploration,5,36,47.72475246404524
LSD_Primary,set5_features_metadata_corr95,GPR,log,protocol_holdout,exploration,5,42,61.02679099272624
LSD_Primary,set5_features_metadata_corr95,GPR,log,protocol_holdout,exploration,5,48,60.21275607771803
LSD_Primary,set5_features_metadata_corr95,GPR,log,protocol_holdout,exploration,5,54,57.70556173737745
LSD_Primary,set5_features_metadata_corr95,GPR,log,protocol_holdout,exploration,5,58,92.80651440573756
LSD_Primary,set5_features_metadata_corr95,GPR,log,protocol_holdout,exploration,6,6,96.50272288495955
LSD_Primary,set5_features_metadata_corr95,GPR,log,protocol_holdout,exploration,6,12,53.27330476467633
LSD_Primary,set5_features_metadata_corr95,GPR,log,protocol_holdout,exploration,6,18,64.00302222680814
LSD_Primary,set5_features_metadata_corr95,GPR,log,protocol_holdout,exploration,6,24,40.432865612757546
LSD_Primary,set5_features_metadata_corr95,GPR,log,protocol_holdout,exploration,6,30,49.75533980938361
LSD_Primary,set5_features_metadata_corr95,GPR,log,protocol_holdout,exploration,6,36,38.56210893020428
LSD_Primary,set5_features_metadata_corr95,GPR,log,protocol_holdout,exploration,6,42,40.64784622522496
LSD_Primary,set5_features_metadata_corr95,GPR,log,protocol_holdout,exploration,6,48,88.11775198806536
LSD_Primary,set5_features_metadata_corr95,GPR,log,protocol_holdout,exploration,6,54,97.8853172960249
LSD_Primary,set5_features_metadata_corr95,GPR,log,protocol_holdout,exploration,6,58,98.77424805728222
LSD_Primary,set5_features_metadata_corr95,GPR,log,protocol_holdout,exploration,7,6,119.30761588384593
LSD_Primary,set5_features_metadata_corr95,GPR,log,protocol_holdout,exploration,7,12,112.98616683971711
LSD_Primary,set5_features_metadata_corr95,GPR,log,protocol_holdout,exploration,7,18,63.7903823179245
LSD_Primary,set5_features_metadata_corr95,GPR,log,protocol_holdout,exploration,7,24,65.96041448268308
LSD_Primary,set5_features_metadata_corr95,GPR,log,protocol_holdout,exploration,7,30,62.097996848108274
LSD_Primary,set5_features_metadata_corr95,GPR,log,protocol_holdout,exploration,7,36,42.21298520215407
LSD_Primary,set5_features_metadata_corr95,GPR,log,protocol_holdout,exploration,7,42,36.77611294284053
LSD_Primary,set5_features_metadata_corr95,GPR,log,protocol_holdout,exploration,7,48,50.709588307781786
LSD_Primary,set5_features_metadata_corr95,GPR,log,protocol_holdout,exploration,7,54,54.26680184533132
LSD_Primary,set5_features_metadata_corr95,GPR,log,protocol_holdout,exploration,7,58,57.02580127910933
LSD_Primary,set5_features_metadata_corr95,GPR,log,protocol_holdout,exploration,8,6,218.51903012854945
LSD_Primary,set5_features_metadata_corr95,GPR,log,protocol_holdout,exploration,8,12,44.21022924090609
LSD_Primary,set5_features_metadata_corr95,GPR,log,protocol_holdout,exploration,8,18,47.023148656048086
LSD_Primary,set5_features_metadata_corr95,GPR,log,protocol_holdout,exploration,8,24,60.686394300923205
LSD_Primary,set5_features_metadata_corr95,GPR,log,protocol_holdout,exploration,8,30,42.15578804930633
LSD_Primary,set5_features_metadata_corr95,GPR,log,protocol_holdout,exploration,8,36,37.024027554480206
LSD_Primary,set5_features_metadata_corr95,GPR,log,protocol_holdout,exploration,8,42,68.10991072941786
LSD_Primary,set5_features_metadata_corr95,GPR,log,protocol_holdout,exploration,8,48,106.61679795719787
LSD_Primary,set5_features_metadata_corr95,GPR,log,protocol_holdout,exploration,8,54,99.93819122984851
LSD_Primary,set5_features_metadata_corr95,GPR,log,protocol_holdout,exploration,8,58,106.7628870533188
LSD_Primary,set5_features_metadata_corr95,GPR,log,protocol_holdout,exploration,9,6,46.40839436858181
LSD_Primary,set5_features_metadata_corr95,GPR,log,protocol_holdout,exploration,9,12,39.49581458587315
LSD_Primary,set5_features_metadata_corr95,GPR,log,protocol_holdout,exploration,9,18,20.1756439636586
LSD_Primary,set5_features_metadata_corr95,GPR,log,protocol_holdout,exploration,9,24,17.330440575373988
LSD_Primary,set5_features_metadata_corr95,GPR,log,protocol_holdout,exploration,9,30,31.16601362284009
LSD_Primary,set5_features_metadata_corr95,GPR,log,protocol_holdout,exploration,9,36,19.417259281382616
LSD_Primary,set5_features_metadata_corr95,GPR,log,protocol_holdout,exploration,9,42,59.41641537554133
LSD_Primary,set5_features_metadata_corr95,GPR,log,protocol_holdout,exploration,9,48,54.73869353181219
LSD_Primary,set5_features_metadata_corr95,GPR,log,protocol_holdout,exploration,9,54,44.59531313864019
LSD_Primary,set5_features_metadata_corr95,GPR,log,protocol_holdout,exploration,9,58,41.59512348754863
LSD_Primary,set5_features_metadata_corr95,GPR,log,protocol_holdout,exploration,10,6,120.56776396628766
LSD_Primary,set5_features_metadata_corr95,GPR,log,protocol_holdout,exploration,10,12,49.37586168931996
LSD_Primary,set5_features_metadata_corr95,GPR,log,protocol_holdout,exploration,10,18,72.53101102130039
LSD_Primary,set5_features_metadata_corr95,GPR,log,protocol_holdout,exploration,10,24,70.70508000897357
LSD_Primary,set5_features_metadata_corr95,GPR,log,protocol_holdout,exploration,10,30,43.18575101538734
LSD_Primary,set5_features_metadata_corr95,GPR,log,protocol_holdout,exploration,10,36,56.03587579418857
LSD_Primary,set5_features_metadata_corr95,GPR,log,protocol_holdout,exploration,10,42,73.43449539258252
LSD_Primary,set5_features_metadata_corr95,GPR,log,protocol_holdout,exploration,10,48,71.77601648452753
LSD_Primary,set5_features_metadata_corr95,GPR,log,protocol_holdout,exploration,10,54,78.76129538146031
LSD_Primary,set5_features_metadata_corr95,GPR,log,protocol_holdout,exploration,10,58,83.35336549150082
LSD_Primary,set5_features_metadata_corr95,GPR,log,protocol_holdout,exploitation,1,6,105.22726443575549
LSD_Primary,set5_features_metadata_corr95,GPR,log,protocol_holdout,exploitation,1,12,137.17896605725707
LSD_Primary,set5_features_metadata_corr95,GPR,log,protocol_holdout,exploitation,1,18,124.44802437787575
LSD_Primary,set5_features_metadata_corr95,GPR,log,protocol_holdout,exploitation,1,24,125.77145595942628
LSD_Primary,set5_features_metadata_corr95,GPR,log,protocol_holdout,exploitation,1,30,132.9995112313351
LSD_Primary,set5_features_metadata_corr95,GPR,log,protocol_holdout,exploitation,1,36,136.67391158099602
LSD_Primary,set5_features_metadata_corr95,GPR,log,protocol_holdout,exploitation,1,42,113.9827733124866
LSD_Primary,set5_features_metadata_corr95,GPR,log,protocol_holdout,exploitation,1,48,90.17143941704032
LSD_Primary,set5_features_metadata_corr95,GPR,log,protocol_holdout,exploitation,1,54,100.58492031345708
LSD_Primary,set5_features_metadata_corr95,GPR,log,protocol_holdout,exploitation,1,58,97.7357476378708
LSD_Primary,set5_features_metadata_corr95,GPR,log,protocol_holdout,exploitation,2,6,32.02711179948912
LSD_Primary,set5_features_metadata_corr95,GPR,log,protocol_holdout,exploitation,2,12,31.54405661318064
LSD_Primary,set5_features_metadata_corr95,GPR,log,protocol_holdout,exploitation,2,18,27.23500425771108
LSD_Primary,set5_features_metadata_corr95,GPR,log,protocol_holdout,exploitation,2,24,25.68651530714224
LSD_Primary,set5_features_metadata_corr95,GPR,log,protocol_holdout,exploitation,2,30,17.896698954041035
LSD_Primary,set5_features_metadata_corr95,GPR,log,protocol_holdout,exploitation,2,36,23.552257942191098
LSD_Primary,set5_features_metadata_corr95,GPR,log,protocol_holdout,exploitation,2,42,27.20572427561544
LSD_Primary,set5_features_metadata_corr95,GPR,log,protocol_holdout,exploitation,2,48,17.945609476941964
LSD_Primary,set5_features_metadata_corr95,GPR,log,protocol_holdout,exploitation,2,54,23.58591988124732
LSD_Primary,set5_features_metadata_corr95,GPR,log,protocol_holdout,exploitation,2,58,26.08568488548476
LSD_Primary,set5_features_metadata_corr95,GPR,log,protocol_holdout,exploitation,3,6,36.2725640152563
LSD_Primary,set5_features_metadata_corr95,GPR,log,protocol_holdout,exploitation,3,12,34.398526732722075
LSD_Primary,set5_features_metadata_corr95,GPR,log,protocol_holdout,exploitation,3,18,30.32038404116905
LSD_Primary,set5_features_metadata_corr95,GPR,log,protocol_holdout,exploitation,3,24,28.84787145571164
LSD_Primary,set5_features_metadata_corr95,GPR,log,protocol_holdout,exploitation,3,30,30.732407151306266
LSD_Primary,set5_features_metadata_corr95,GPR,log,protocol_holdout,exploitation,3,36,29.99247352167717
LSD_Primary,set5_features_metadata_corr95,GPR,log,protocol_holdout,exploitation,3,42,16.688846540250065
LSD_Primary,set5_features_metadata_corr95,GPR,log,protocol_holdout,exploitation,3,48,27.36811242128304
LSD_Primary,set5_features_metadata_corr95,GPR,log,protocol_holdout,exploitation,3,54,18.920503162188965
LSD_Primary,set5_features_metadata_corr95,GPR,log,protocol_holdout,exploitation,3,58,23.343362393586904
LSD_Primary,set5_features_metadata_corr95,GPR,log,protocol_holdout,exploitation,4,6,80.02650910529653
LSD_Primary,set5_features_metadata_corr95,GPR,log,protocol_holdout,exploitation,4,12,61.16266370814777
LSD_Primary,set5_features_metadata_corr95,GPR,log,protocol_holdout,exploitation,4,18,40.15267488628963
LSD_Primary,set5_features_metadata_corr95,GPR,log,protocol_holdout,exploitation,4,24,28.47294057841102
LSD_Primary,set5_features_metadata_corr95,GPR,log,protocol_holdout,exploitation,4,30,30.66295926995864
LSD_Primary,set5_features_metadata_corr95,GPR,log,protocol_holdout,exploitation,4,36,27.91614883542782
LSD_Primary,set5_features_metadata_corr95,GPR,log,protocol_holdout,exploitation,4,42,56.63640021978472
LSD_Primary,set5_features_metadata_corr95,GPR,log,protocol_holdout,exploitation,4,48,41.93832358330664
LSD_Primary,set5_features_metadata_corr95,GPR,log,protocol_holdout,exploitation,4,54,46.2344337145948
LSD_Primary,set5_features_metadata_corr95,GPR,log,protocol_holdout,exploitation,4,58,48.85468801308335
LSD_Primary,set5_features_metadata_corr95,GPR,log,protocol_holdout,exploitation,5,6,94.19896918433376
LSD_Primary,set5_features_metadata_corr95,GPR,log,protocol_holdout,exploitation,5,12,113.66363233211348
LSD_Primary,set5_features_metadata_corr95,GPR,log,protocol_holdout,exploitation,5,18,118.0128481590479
LSD_Primary,set5_features_metadata_corr95,GPR,log,protocol_holdout,exploitation,5,24,137.03379845275765
LSD_Primary,set5_features_metadata_corr95,GPR,log,protocol_holdout,exploitation,5,30,133.31928283900584
LSD_Primary,set5_features_metadata_corr95,GPR,log,protocol_holdout,exploitation,5,36,138.2388535648727
LSD_Primary,set5_features_metadata_corr95,GPR,log,protocol_holdout,exploitation,5,42,162.60433774321902
LSD_Primary,set5_features_metadata_corr95,GPR,log,protocol_holdout,exploitation,5,48,108.3944608280586
LSD_Primary,set5_features_metadata_corr95,GPR,log,protocol_holdout,exploitation,5,54,97.9208994177154
LSD_Primary,set5_features_metadata_corr95,GPR,log,protocol_holdout,exploitation,5,58,92.80651440573756
LSD_Primary,set5_features_metadata_corr95,GPR,log,protocol_holdout,exploitation,6,6,96.50272288495955
LSD_Primary,set5_features_metadata_corr95,GPR,log,protocol_holdout,exploitation,6,12,45.54058277967332
LSD_Primary,set5_features_metadata_corr95,GPR,log,protocol_holdout,exploitation,6,18,70.4118929298964
LSD_Primary,set5_features_metadata_corr95,GPR,log,protocol_holdout,exploitation,6,24,78.55147266626528
LSD_Primary,set5_features_metadata_corr95,GPR,log,protocol_holdout,exploitation,6,30,89.07390155947571
LSD_Primary,set5_features_metadata_corr95,GPR,log,protocol_holdout,exploitation,6,36,74.80879405513703
LSD_Primary,set5_features_metadata_corr95,GPR,log,protocol_holdout,exploitation,6,42,95.53207220845636
LSD_Primary,set5_features_metadata_corr95,GPR,log,protocol_holdout,exploitation,6,48,104.32320846567022
LSD_Primary,set5_features_metadata_corr95,GPR,log,protocol_holdout,exploitation,6,54,97.46069217517888
LSD_Primary,set5_features_metadata_corr95,GPR,log,protocol_holdout,exploitation,6,58,98.77424805728222
LSD_Primary,set5_features_metadata_corr95,GPR,log,protocol_holdout,exploitation,7,6,119.30761588384593
LSD_Primary,set5_features_metadata_corr95,GPR,log,protocol_holdout,exploitation,7,12,92.69812644472908
LSD_Primary,set5_features_metadata_corr95,GPR,log,protocol_holdout,exploitation,7,18,104.87532479408983
LSD_Primary,set5_features_metadata_corr95,GPR,log,protocol_holdout,exploitation,7,24,110.77512931009667
LSD_Primary,set5_features_metadata_corr95,GPR,log,protocol_holdout,exploitation,7,30,77.21754638083489
LSD_Primary,set5_features_metadata_corr95,GPR,log,protocol_holdout,exploitation,7,36,78.60720503522415
LSD_Primary,set5_features_metadata_corr95,GPR,log,protocol_holdout,exploitation,7,42,63.42778492013647
LSD_Primary,set5_features_metadata_corr95,GPR,log,protocol_holdout,exploitation,7,48,57.64212092981563
LSD_Primary,set5_features_metadata_corr95,GPR,log,protocol_holdout,exploitation,7,54,58.00587445061224
LSD_Primary,set5_features_metadata_corr95,GPR,log,protocol_holdout,exploitation,7,58,57.02580127910933
LSD_Primary,set5_features_metadata_corr95,GPR,log,protocol_holdout,exploitation,8,6,218.51903012854945
LSD_Primary,set5_features_metadata_corr95,GPR,log,protocol_holdout,exploitation,8,12,205.3413160189684
LSD_Primary,set5_features_metadata_corr95,GPR,log,protocol_holdout,exploitation,8,18,213.53437171680773
LSD_Primary,set5_features_metadata_corr95,GPR,log,protocol_holdout,exploitation,8,24,244.41286225699292
LSD_Primary,set5_features_metadata_corr95,GPR,log,protocol_holdout,exploitation,8,30,92.84499874156155
LSD_Primary,set5_features_metadata_corr95,GPR,log,protocol_holdout,exploitation,8,36,99.00034925398916
LSD_Primary,set5_features_metadata_corr95,GPR,log,protocol_holdout,exploitation,8,42,77.31660643583524
LSD_Primary,set5_features_metadata_corr95,GPR,log,protocol_holdout,exploitation,8,48,116.5956679428653
LSD_Primary,set5_features_metadata_corr95,GPR,log,protocol_holdout,exploitation,8,54,103.6927157745518
LSD_Primary,set5_features_metadata_corr95,GPR,log,protocol_holdout,exploitation,8,58,106.7628870533188
LSD_Primary,set5_features_metadata_corr95,GPR,log,protocol_holdout,exploitation,9,6,46.40839436858181
LSD_Primary,set5_features_metadata_corr95,GPR,log,protocol_holdout,exploitation,9,12,52.17993677487721
LSD_Primary,set5_features_metadata_corr95,GPR,log,protocol_holdout,exploitation,9,18,21.054139916966665
LSD_Primary,set5_features_metadata_corr95,GPR,log,protocol_holdout,exploitation,9,24,14.983779983519952
LSD_Primary,set5_features_metadata_corr95,GPR,log,protocol_holdout,exploitation,9,30,14.37558297711109
LSD_Primary,set5_features_metadata_corr95,GPR,log,protocol_holdout,exploitation,9,36,16.14044271155247
LSD_Primary,set5_features_metadata_corr95,GPR,log,protocol_holdout,exploitation,9,42,21.85195606196392
LSD_Primary,set5_features_metadata_corr95,GPR,log,protocol_holdout,exploitation,9,48,42.64667838650959
LSD_Primary,set5_features_metadata_corr95,GPR,log,protocol_holdout,exploitation,9,54,43.167166624872806
LSD_Primary,set5_features_metadata_corr95,GPR,log,protocol_holdout,exploitation,9,58,41.59512348754863
LSD_Primary,set5_features_metadata_corr95,GPR,log,protocol_holdout,exploitation,10,6,120.56776396628766
LSD_Primary,set5_features_metadata_corr95,GPR,log,protocol_holdout,exploitation,10,12,138.4932171596301
LSD_Primary,set5_features_metadata_corr95,GPR,log,protocol_holdout,exploitation,10,18,136.0671919095241
LSD_Primary,set5_features_metadata_corr95,GPR,log,protocol_holdout,exploitation,10,24,156.15563318697934
LSD_Primary,set5_features_metadata_corr95,GPR,log,protocol_holdout,exploitation,10,30,177.34783290755786
LSD_Primary,set5_features_metadata_corr95,GPR,log,protocol_holdout,exploitation,10,36,201.0358291808954
LSD_Primary,set5_features_metadata_corr95,GPR,log,protocol_holdout,exploitation,10,42,160.42061774975622
LSD_Primary,set5_features_metadata_corr95,GPR,log,protocol_holdout,exploitation,10,48,139.69569502162565
LSD_Primary,set5_features_metadata_corr95,GPR,log,protocol_holdout,exploitation,10,54,83.87208620639981
LSD_Primary,set5_features_metadata_corr95,GPR,log,protocol_holdout,exploitation,10,58,83.35336549150082
LSD_Primary,set5_features_metadata_corr95,GPR,log,protocol_holdout,hybrid,1,6,105.22726443575549
LSD_Primary,set5_features_metadata_corr95,GPR,log,protocol_holdout,hybrid,1,12,50.84665464076078
LSD_Primary,set5_features_metadata_corr95,GPR,log,protocol_holdout,hybrid,1,18,27.458687802127645
LSD_Primary,set5_features_metadata_corr95,GPR,log,protocol_holdout,hybrid,1,24,43.99924813305032
LSD_Primary,set5_features_metadata_corr95,GPR,log,protocol_holdout,hybrid,1,30,57.23405957576081
LSD_Primary,set5_features_metadata_corr95,GPR,log,protocol_holdout,hybrid,1,36,41.49902214445761
LSD_Primary,set5_features_metadata_corr95,GPR,log,protocol_holdout,hybrid,1,42,43.54770834592314
LSD_Primary,set5_features_metadata_corr95,GPR,log,protocol_holdout,hybrid,1,48,47.1101571350376
LSD_Primary,set5_features_metadata_corr95,GPR,log,protocol_holdout,hybrid,1,54,49.159691020202686
LSD_Primary,set5_features_metadata_corr95,GPR,log,protocol_holdout,hybrid,1,58,97.7357476378708
LSD_Primary,set5_features_metadata_corr95,GPR,log,protocol_holdout,hybrid,2,6,32.02711179948912
LSD_Primary,set5_features_metadata_corr95,GPR,log,protocol_holdout,hybrid,2,12,29.87399652423155
LSD_Primary,set5_features_metadata_corr95,GPR,log,protocol_holdout,hybrid,2,18,27.420393748064058
LSD_Primary,set5_features_metadata_corr95,GPR,log,protocol_holdout,hybrid,2,24,21.863214267472696
LSD_Primary,set5_features_metadata_corr95,GPR,log,protocol_holdout,hybrid,2,30,28.846832271492843
LSD_Primary,set5_features_metadata_corr95,GPR,log,protocol_holdout,hybrid,2,36,22.31625511892376
LSD_Primary,set5_features_metadata_corr95,GPR,log,protocol_holdout,hybrid,2,42,19.8632924228937
LSD_Primary,set5_features_metadata_corr95,GPR,log,protocol_holdout,hybrid,2,48,22.42119980199423
LSD_Primary,set5_features_metadata_corr95,GPR,log,protocol_holdout,hybrid,2,54,26.16247648919853
LSD_Primary,set5_features_metadata_corr95,GPR,log,protocol_holdout,hybrid,2,58,26.08568488548476
LSD_Primary,set5_features_metadata_corr95,GPR,log,protocol_holdout,hybrid,3,6,36.2725640152563
LSD_Primary,set5_features_metadata_corr95,GPR,log,protocol_holdout,hybrid,3,12,29.1428514448142
LSD_Primary,set5_features_metadata_corr95,GPR,log,protocol_holdout,hybrid,3,18,26.26401629732205
LSD_Primary,set5_features_metadata_corr95,GPR,log,protocol_holdout,hybrid,3,24,19.514721684793063
LSD_Primary,set5_features_metadata_corr95,GPR,log,protocol_holdout,hybrid,3,30,17.085931271246846
LSD_Primary,set5_features_metadata_corr95,GPR,log,protocol_holdout,hybrid,3,36,14.867637937575534
LSD_Primary,set5_features_metadata_corr95,GPR,log,protocol_holdout,hybrid,3,42,15.277586008286075
LSD_Primary,set5_features_metadata_corr95,GPR,log,protocol_holdout,hybrid,3,48,15.537932371190458
LSD_Primary,set5_features_metadata_corr95,GPR,log,protocol_holdout,hybrid,3,54,17.445010853229274
LSD_Primary,set5_features_metadata_corr95,GPR,log,protocol_holdout,hybrid,3,58,23.343362393586904
LSD_Primary,set5_features_metadata_corr95,GPR,log,protocol_holdout,hybrid,4,6,80.02650910529653
LSD_Primary,set5_features_metadata_corr95,GPR,log,protocol_holdout,hybrid,4,12,40.1834537235558
LSD_Primary,set5_features_metadata_corr95,GPR,log,protocol_holdout,hybrid,4,18,31.678935709030693
LSD_Primary,set5_features_metadata_corr95,GPR,log,protocol_holdout,hybrid,4,24,29.54095960567335
LSD_Primary,set5_features_metadata_corr95,GPR,log,protocol_holdout,hybrid,4,30,29.146005953139664
LSD_Primary,set5_features_metadata_corr95,GPR,log,protocol_holdout,hybrid,4,36,39.66076977225693
LSD_Primary,set5_features_metadata_corr95,GPR,log,protocol_holdout,hybrid,4,42,52.43949137990253
LSD_Primary,set5_features_metadata_corr95,GPR,log,protocol_holdout,hybrid,4,48,53.38043660950501
LSD_Primary,set5_features_metadata_corr95,GPR,log,protocol_holdout,hybrid,4,54,48.37637099350839
LSD_Primary,set5_features_metadata_corr95,GPR,log,protocol_holdout,hybrid,4,58,48.85468801308335
LSD_Primary,set5_features_metadata_corr95,GPR,log,protocol_holdout,hybrid,5,6,94.19896918433376
LSD_Primary,set5_features_metadata_corr95,GPR,log,protocol_holdout,hybrid,5,12,60.76185169712406
LSD_Primary,set5_features_metadata_corr95,GPR,log,protocol_holdout,hybrid,5,18,69.85965510530878
LSD_Primary,set5_features_metadata_corr95,GPR,log,protocol_holdout,hybrid,5,24,68.50679372926287
LSD_Primary,set5_features_metadata_corr95,GPR,log,protocol_holdout,hybrid,5,30,57.24052768662104
LSD_Primary,set5_features_metadata_corr95,GPR,log,protocol_holdout,hybrid,5,36,54.97654511894719
LSD_Primary,set5_features_metadata_corr95,GPR,log,protocol_holdout,hybrid,5,42,57.02167084829196
LSD_Primary,set5_features_metadata_corr95,GPR,log,protocol_holdout,hybrid,5,48,56.29321243603631
LSD_Primary,set5_features_metadata_corr95,GPR,log,protocol_holdout,hybrid,5,54,59.85718806306743
LSD_Primary,set5_features_metadata_corr95,GPR,log,protocol_holdout,hybrid,5,58,92.80651440573756
LSD_Primary,set5_features_metadata_corr95,GPR,log,protocol_holdout,hybrid,6,6,96.50272288495955
LSD_Primary,set5_features_metadata_corr95,GPR,log,protocol_holdout,hybrid,6,12,53.27330476467633
LSD_Primary,set5_features_metadata_corr95,GPR,log,protocol_holdout,hybrid,6,18,55.369961757047705
LSD_Primary,set5_features_metadata_corr95,GPR,log,protocol_holdout,hybrid,6,24,42.40683222991501
LSD_Primary,set5_features_metadata_corr95,GPR,log,protocol_holdout,hybrid,6,30,42.36904143154074
LSD_Primary,set5_features_metadata_corr95,GPR,log,protocol_holdout,hybrid,6,36,37.74130564292713
LSD_Primary,set5_features_metadata_corr95,GPR,log,protocol_holdout,hybrid,6,42,40.33541556267883
LSD_Primary,set5_features_metadata_corr95,GPR,log,protocol_holdout,hybrid,6,48,90.90169877168528
LSD_Primary,set5_features_metadata_corr95,GPR,log,protocol_holdout,hybrid,6,54,93.8948522316983
LSD_Primary,set5_features_metadata_corr95,GPR,log,protocol_holdout,hybrid,6,58,98.77424805728222
LSD_Primary,set5_features_metadata_corr95,GPR,log,protocol_holdout,hybrid,7,6,119.30761588384593
LSD_Primary,set5_features_metadata_corr95,GPR,log,protocol_holdout,hybrid,7,12,48.38129697280829
LSD_Primary,set5_features_metadata_corr95,GPR,log,protocol_holdout,hybrid,7,18,28.477713248380788
LSD_Primary,set5_features_metadata_corr95,GPR,log,protocol_holdout,hybrid,7,24,28.090455563804067
LSD_Primary,set5_features_metadata_corr95,GPR,log,protocol_holdout,hybrid,7,30,33.00464066801022
LSD_Primary,set5_features_metadata_corr95,GPR,log,protocol_holdout,hybrid,7,36,25.682881490092168
LSD_Primary,set5_features_metadata_corr95,GPR,log,protocol_holdout,hybrid,7,42,38.26352899008887
LSD_Primary,set5_features_metadata_corr95,GPR,log,protocol_holdout,hybrid,7,48,36.937448010267765
LSD_Primary,set5_features_metadata_corr95,GPR,log,protocol_holdout,hybrid,7,54,53.78349327940391
LSD_Primary,set5_features_metadata_corr95,GPR,log,protocol_holdout,hybrid,7,58,57.02580127910933
LSD_Primary,set5_features_metadata_corr95,GPR,log,protocol_holdout,hybrid,8,6,218.51903012854945
LSD_Primary,set5_features_metadata_corr95,GPR,log,protocol_holdout,hybrid,8,12,42.39325447419153
LSD_Primary,set5_features_metadata_corr95,GPR,log,protocol_holdout,hybrid,8,18,46.27157980295701
LSD_Primary,set5_features_metadata_corr95,GPR,log,protocol_holdout,hybrid,8,24,40.30717289589346
LSD_Primary,set5_features_metadata_corr95,GPR,log,protocol_holdout,hybrid,8,30,37.185549279730246
LSD_Primary,set5_features_metadata_corr95,GPR,log,protocol_holdout,hybrid,8,36,43.39661954438328
LSD_Primary,set5_features_metadata_corr95,GPR,log,protocol_holdout,hybrid,8,42,52.6276742164262
LSD_Primary,set5_features_metadata_corr95,GPR,log,protocol_holdout,hybrid,8,48,101.95324071006108
LSD_Primary,set5_features_metadata_corr95,GPR,log,protocol_holdout,hybrid,8,54,103.07178797973155
LSD_Primary,set5_features_metadata_corr95,GPR,log,protocol_holdout,hybrid,8,58,106.7628870533188
LSD_Primary,set5_features_metadata_corr95,GPR,log,protocol_holdout,hybrid,9,6,46.40839436858181
LSD_Primary,set5_features_metadata_corr95,GPR,log,protocol_holdout,hybrid,9,12,42.22656416005863
LSD_Primary,set5_features_metadata_corr95,GPR,log,protocol_holdout,hybrid,9,18,20.56363128009243
LSD_Primary,set5_features_metadata_corr95,GPR,log,protocol_holdout,hybrid,9,24,27.030914313214826
LSD_Primary,set5_features_metadata_corr95,GPR,log,protocol_holdout,hybrid,9,30,25.54559689068333
LSD_Primary,set5_features_metadata_corr95,GPR,log,protocol_holdout,hybrid,9,36,20.974129774123533
LSD_Primary,set5_features_metadata_corr95,GPR,log,protocol_holdout,hybrid,9,42,17.883939397183614
LSD_Primary,set5_features_metadata_corr95,GPR,log,protocol_holdout,hybrid,9,48,20.62156381704005
LSD_Primary,set5_features_metadata_corr95,GPR,log,protocol_holdout,hybrid,9,54,43.26784986078203
LSD_Primary,set5_features_metadata_corr95,GPR,log,protocol_holdout,hybrid,9,58,41.59512348754863
LSD_Primary,set5_features_metadata_corr95,GPR,log,protocol_holdout,hybrid,10,6,120.56776396628766
LSD_Primary,set5_features_metadata_corr95,GPR,log,protocol_holdout,hybrid,10,12,64.83475377566782
LSD_Primary,set5_features_metadata_corr95,GPR,log,protocol_holdout,hybrid,10,18,48.731996328528034
LSD_Primary,set5_features_metadata_corr95,GPR,log,protocol_holdout,hybrid,10,24,53.7039095660001
LSD_Primary,set5_features_metadata_corr95,GPR,log,protocol_holdout,hybrid,10,30,66.60438515233908
LSD_Primary,set5_features_metadata_corr95,GPR,log,protocol_holdout,hybrid,10,36,71.17902018167129
LSD_Primary,set5_features_metadata_corr95,GPR,log,protocol_holdout,hybrid,10,42,69.7587329222882
LSD_Primary,set5_features_metadata_corr95,GPR,log,protocol_holdout,hybrid,10,48,69.37374287684396
LSD_Primary,set5_features_metadata_corr95,GPR,log,protocol_holdout,hybrid,10,54,78.0470621817955
LSD_Primary,set5_features_metadata_corr95,GPR,log,protocol_holdout,hybrid,10,58,83.35336549150082
LSD_Second,set5_features_metadata_corr95,GPR,log,protocol_holdout,random_selection,1,6,63.07999523668391
LSD_Second,set5_features_metadata_corr95,GPR,log,protocol_holdout,random_selection,1,12,14.134763375234346
LSD_Second,set5_features_metadata_corr95,GPR,log,protocol_holdout,random_selection,1,18,13.569547077658598
LSD_Second,set5_features_metadata_corr95,GPR,log,protocol_holdout,random_selection,1,24,15.965418379490696
LSD_Second,set5_features_metadata_corr95,GPR,log,protocol_holdout,random_selection,1,30,14.918202495587632
LSD_Second,set5_features_metadata_corr95,GPR,log,protocol_holdout,random_selection,1,36,15.36729670559714
LSD_Second,set5_features_metadata_corr95,GPR,log,protocol_holdout,random_selection,1,42,16.155452362062846
LSD_Second,set5_features_metadata_corr95,GPR,log,protocol_holdout,random_selection,1,48,15.347596151459673
LSD_Second,set5_features_metadata_corr95,GPR,log,protocol_holdout,random_selection,1,54,14.89129803313553
LSD_Second,set5_features_metadata_corr95,GPR,log,protocol_holdout,random_selection,1,58,16.768506642710797
LSD_Second,set5_features_metadata_corr95,GPR,log,protocol_holdout,random_selection,2,6,25.24179766796185
LSD_Second,set5_features_metadata_corr95,GPR,log,protocol_holdout,random_selection,2,12,17.937664431785635
LSD_Second,set5_features_metadata_corr95,GPR,log,protocol_holdout,random_selection,2,18,15.468317670174311
LSD_Second,set5_features_metadata_corr95,GPR,log,protocol_holdout,random_selection,2,24,16.20625348953651
LSD_Second,set5_features_metadata_corr95,GPR,log,protocol_holdout,random_selection,2,30,14.6034237058689
LSD_Second,set5_features_metadata_corr95,GPR,log,protocol_holdout,random_selection,2,36,15.777357860455282
LSD_Second,set5_features_metadata_corr95,GPR,log,protocol_holdout,random_selection,2,42,21.48726905644562
LSD_Second,set5_features_metadata_corr95,GPR,log,protocol_holdout,random_selection,2,48,24.077405316840064
LSD_Second,set5_features_metadata_corr95,GPR,log,protocol_holdout,random_selection,2,54,22.86646949245149
LSD_Second,set5_features_metadata_corr95,GPR,log,protocol_holdout,random_selection,2,58,21.696946188039103
LSD_Second,set5_features_metadata_corr95,GPR,log,protocol_holdout,random_selection,3,6,37.43664146176815
LSD_Second,set5_features_metadata_corr95,GPR,log,protocol_holdout,random_selection,3,12,36.653041874586975
LSD_Second,set5_features_metadata_corr95,GPR,log,protocol_holdout,random_selection,3,18,23.829556190779577
LSD_Second,set5_features_metadata_corr95,GPR,log,protocol_holdout,random_selection,3,24,21.517910063581866
LSD_Second,set5_features_metadata_corr95,GPR,log,protocol_holdout,random_selection,3,30,25.322243869142085
LSD_Second,set5_features_metadata_corr95,GPR,log,protocol_holdout,random_selection,3,36,18.050262593130352
LSD_Second,set5_features_metadata_corr95,GPR,log,protocol_holdout,random_selection,3,42,18.43492389745605
LSD_Second,set5_features_metadata_corr95,GPR,log,protocol_holdout,random_selection,3,48,17.451480306756974
LSD_Second,set5_features_metadata_corr95,GPR,log,protocol_holdout,random_selection,3,54,13.892516808324851
LSD_Second,set5_features_metadata_corr95,GPR,log,protocol_holdout,random_selection,3,58,13.779716391480562
LSD_Second,set5_features_metadata_corr95,GPR,log,protocol_holdout,random_selection,4,6,23.226194773600845
LSD_Second,set5_features_metadata_corr95,GPR,log,protocol_holdout,random_selection,4,12,19.26105643625491
LSD_Second,set5_features_metadata_corr95,GPR,log,protocol_holdout,random_selection,4,18,15.944453074165004
LSD_Second,set5_features_metadata_corr95,GPR,log,protocol_holdout,random_selection,4,24,15.67523383603482
LSD_Second,set5_features_metadata_corr95,GPR,log,protocol_holdout,random_selection,4,30,17.987949049300425
LSD_Second,set5_features_metadata_corr95,GPR,log,protocol_holdout,random_selection,4,36,14.978760042399449
LSD_Second,set5_features_metadata_corr95,GPR,log,protocol_holdout,random_selection,4,42,16.073375645301923
LSD_Second,set5_features_metadata_corr95,GPR,log,protocol_holdout,random_selection,4,48,16.394425520298544
LSD_Second,set5_features_metadata_corr95,GPR,log,protocol_holdout,random_selection,4,54,18.19718190312717
LSD_Second,set5_features_metadata_corr95,GPR,log,protocol_holdout,random_selection,4,58,19.6203849108308
LSD_Second,set5_features_metadata_corr95,GPR,log,protocol_holdout,random_selection,5,6,30.151577918366502
LSD_Second,set5_features_metadata_corr95,GPR,log,protocol_holdout,random_selection,5,12,29.56565461419376
LSD_Second,set5_features_metadata_corr95,GPR,log,protocol_holdout,random_selection,5,18,25.32767078059851
LSD_Second,set5_features_metadata_corr95,GPR,log,protocol_holdout,random_selection,5,24,22.23641536085275
LSD_Second,set5_features_metadata_corr95,GPR,log,protocol_holdout,random_selection,5,30,22.853518657958123
LSD_Second,set5_features_metadata_corr95,GPR,log,protocol_holdout,random_selection,5,36,20.802606131251704
LSD_Second,set5_features_metadata_corr95,GPR,log,protocol_holdout,random_selection,5,42,21.926013825310008
LSD_Second,set5_features_metadata_corr95,GPR,log,protocol_holdout,random_selection,5,48,22.299349491587865
LSD_Second,set5_features_metadata_corr95,GPR,log,protocol_holdout,random_selection,5,54,17.97892667579766
LSD_Second,set5_features_metadata_corr95,GPR,log,protocol_holdout,random_selection,5,58,17.814736834709713
LSD_Second,set5_features_metadata_corr95,GPR,log,protocol_holdout,random_selection,6,6,30.905744634783577
LSD_Second,set5_features_metadata_corr95,GPR,log,protocol_holdout,random_selection,6,12,17.306958570057304
LSD_Second,set5_features_metadata_corr95,GPR,log,protocol_holdout,random_selection,6,18,25.331368454515825
LSD_Second,set5_features_metadata_corr95,GPR,log,protocol_holdout,random_selection,6,24,26.391273182446103
LSD_Second,set5_features_metadata_corr95,GPR,log,protocol_holdout,random_selection,6,30,22.464477821458736
LSD_Second,set5_features_metadata_corr95,GPR,log,protocol_holdout,random_selection,6,36,13.793873193550574
LSD_Second,set5_features_metadata_corr95,GPR,log,protocol_holdout,random_selection,6,42,14.488429487781374
LSD_Second,set5_features_metadata_corr95,GPR,log,protocol_holdout,random_selection,6,48,12.87873522971858
LSD_Second,set5_features_metadata_corr95,GPR,log,protocol_holdout,random_selection,6,54,13.392445298993607
LSD_Second,set5_features_metadata_corr95,GPR,log,protocol_holdout,random_selection,6,58,14.190081180598929
LSD_Second,set5_features_metadata_corr95,GPR,log,protocol_holdout,random_selection,7,6,32.86465996811416
LSD_Second,set5_features_metadata_corr95,GPR,log,protocol_holdout,random_selection,7,12,13.628910410867126
LSD_Second,set5_features_metadata_corr95,GPR,log,protocol_holdout,random_selection,7,18,23.272488911521148
LSD_Second,set5_features_metadata_corr95,GPR,log,protocol_holdout,random_selection,7,24,15.166003518933652
LSD_Second,set5_features_metadata_corr95,GPR,log,protocol_holdout,random_selection,7,30,20.52215278606525
LSD_Second,set5_features_metadata_corr95,GPR,log,protocol_holdout,random_selection,7,36,21.61494362575249
LSD_Second,set5_features_metadata_corr95,GPR,log,protocol_holdout,random_selection,7,42,25.022162684212613
LSD_Second,set5_features_metadata_corr95,GPR,log,protocol_holdout,random_selection,7,48,24.12674174338265
LSD_Second,set5_features_metadata_corr95,GPR,log,protocol_holdout,random_selection,7,54,25.73341762576315
LSD_Second,set5_features_metadata_corr95,GPR,log,protocol_holdout,random_selection,7,58,23.260943809093646
LSD_Second,set5_features_metadata_corr95,GPR,log,protocol_holdout,random_selection,8,6,34.02696962697526
LSD_Second,set5_features_metadata_corr95,GPR,log,protocol_holdout,random_selection,8,12,29.78131577438583
LSD_Second,set5_features_metadata_corr95,GPR,log,protocol_holdout,random_selection,8,18,29.42166686640337
LSD_Second,set5_features_metadata_corr95,GPR,log,protocol_holdout,random_selection,8,24,29.677176671270487
LSD_Second,set5_features_metadata_corr95,GPR,log,protocol_holdout,random_selection,8,30,19.3262945042355
LSD_Second,set5_features_metadata_corr95,GPR,log,protocol_holdout,random_selection,8,36,20.44202113449052
LSD_Second,set5_features_metadata_corr95,GPR,log,protocol_holdout,random_selection,8,42,18.31749440893154
LSD_Second,set5_features_metadata_corr95,GPR,log,protocol_holdout,random_selection,8,48,18.88348346406251
LSD_Second,set5_features_metadata_corr95,GPR,log,protocol_holdout,random_selection,8,54,17.911904345154692
LSD_Second,set5_features_metadata_corr95,GPR,log,protocol_holdout,random_selection,8,58,18.191625584084115
LSD_Second,set5_features_metadata_corr95,GPR,log,protocol_holdout,random_selection,9,6,27.247474475053927
LSD_Second,set5_features_metadata_corr95,GPR,log,protocol_holdout,random_selection,9,12,20.75181001164648
LSD_Second,set5_features_metadata_corr95,GPR,log,protocol_holdout,random_selection,9,18,24.59293700709172
LSD_Second,set5_features_metadata_corr95,GPR,log,protocol_holdout,random_selection,9,24,22.67280364170834
LSD_Second,set5_features_metadata_corr95,GPR,log,protocol_holdout,random_selection,9,30,19.90012497917649
LSD_Second,set5_features_metadata_corr95,GPR,log,protocol_holdout,random_selection,9,36,16.22111389868099
LSD_Second,set5_features_metadata_corr95,GPR,log,protocol_holdout,random_selection,9,42,15.057712478763746
LSD_Second,set5_features_metadata_corr95,GPR,log,protocol_holdout,random_selection,9,48,16.789271015333913
LSD_Second,set5_features_metadata_corr95,GPR,log,protocol_holdout,random_selection,9,54,14.691720285244822
LSD_Second,set5_features_metadata_corr95,GPR,log,protocol_holdout,random_selection,9,58,14.413346257639397
LSD_Second,set5_features_metadata_corr95,GPR,log,protocol_holdout,random_selection,10,6,24.531064431644868
LSD_Second,set5_features_metadata_corr95,GPR,log,protocol_holdout,random_selection,10,12,25.243560111239898
LSD_Second,set5_features_metadata_corr95,GPR,log,protocol_holdout,random_selection,10,18,20.66164677216629
LSD_Second,set5_features_metadata_corr95,GPR,log,protocol_holdout,random_selection,10,24,19.79023899319729
LSD_Second,set5_features_metadata_corr95,GPR,log,protocol_holdout,random_selection,10,30,19.67375726289744
LSD_Second,set5_features_metadata_corr95,GPR,log,protocol_holdout,random_selection,10,36,19.400179294523344
LSD_Second,set5_features_metadata_corr95,GPR,log,protocol_holdout,random_selection,10,42,19.70109175508252
LSD_Second,set5_features_metadata_corr95,GPR,log,protocol_holdout,random_selection,10,48,19.054807463230507
LSD_Second,set5_features_metadata_corr95,GPR,log,protocol_holdout,random_selection,10,54,18.94126166938464
LSD_Second,set5_features_metadata_corr95,GPR,log,protocol_holdout,random_selection,10,58,20.28158506919506
LSD_Second,set5_features_metadata_corr95,GPR,log,protocol_holdout,diversity_oneshot,1,6,17.585507378987625
LSD_Second,set5_features_metadata_corr95,GPR,log,protocol_holdout,diversity_oneshot,1,12,21.195094277313903
LSD_Second,set5_features_metadata_corr95,GPR,log,protocol_holdout,diversity_oneshot,1,18,32.930489201635595
LSD_Second,set5_features_metadata_corr95,GPR,log,protocol_holdout,diversity_oneshot,1,24,20.865558191685672
LSD_Second,set5_features_metadata_corr95,GPR,log,protocol_holdout,diversity_oneshot,1,30,26.21174205420592
LSD_Second,set5_features_metadata_corr95,GPR,log,protocol_holdout,diversity_oneshot,1,36,23.9521157898828
LSD_Second,set5_features_metadata_corr95,GPR,log,protocol_holdout,diversity_oneshot,1,42,18.30729661960489
LSD_Second,set5_features_metadata_corr95,GPR,log,protocol_holdout,diversity_oneshot,1,48,16.716960829397973
LSD_Second,set5_features_metadata_corr95,GPR,log,protocol_holdout,diversity_oneshot,1,54,17.011193207138774
LSD_Second,set5_features_metadata_corr95,GPR,log,protocol_holdout,diversity_oneshot,1,58,16.768506642710797
LSD_Second,set5_features_metadata_corr95,GPR,log,protocol_holdout,diversity_oneshot,2,6,32.49999784687026
LSD_Second,set5_features_metadata_corr95,GPR,log,protocol_holdout,diversity_oneshot,2,12,13.88610951780411
LSD_Second,set5_features_metadata_corr95,GPR,log,protocol_holdout,diversity_oneshot,2,18,14.015133817269003
LSD_Second,set5_features_metadata_corr95,GPR,log,protocol_holdout,diversity_oneshot,2,24,20.97370341637877
LSD_Second,set5_features_metadata_corr95,GPR,log,protocol_holdout,diversity_oneshot,2,30,13.91537865021417
LSD_Second,set5_features_metadata_corr95,GPR,log,protocol_holdout,diversity_oneshot,2,36,17.01874973913558
LSD_Second,set5_features_metadata_corr95,GPR,log,protocol_holdout,diversity_oneshot,2,42,17.71385129486589
LSD_Second,set5_features_metadata_corr95,GPR,log,protocol_holdout,diversity_oneshot,2,48,18.473657241265727
LSD_Second,set5_features_metadata_corr95,GPR,log,protocol_holdout,diversity_oneshot,2,54,21.49438905624969
LSD_Second,set5_features_metadata_corr95,GPR,log,protocol_holdout,diversity_oneshot,2,58,21.696946188039103
LSD_Second,set5_features_metadata_corr95,GPR,log,protocol_holdout,diversity_oneshot,3,6,27.5694701747448
LSD_Second,set5_features_metadata_corr95,GPR,log,protocol_holdout,diversity_oneshot,3,12,31.523197607410246
LSD_Second,set5_features_metadata_corr95,GPR,log,protocol_holdout,diversity_oneshot,3,18,13.14855765075708
LSD_Second,set5_features_metadata_corr95,GPR,log,protocol_holdout,diversity_oneshot,3,24,18.83590836267508
LSD_Second,set5_features_metadata_corr95,GPR,log,protocol_holdout,diversity_oneshot,3,30,17.05014150537427
LSD_Second,set5_features_metadata_corr95,GPR,log,protocol_holdout,diversity_oneshot,3,36,16.404801214970767
LSD_Second,set5_features_metadata_corr95,GPR,log,protocol_holdout,diversity_oneshot,3,42,16.742693011870504
LSD_Second,set5_features_metadata_corr95,GPR,log,protocol_holdout,diversity_oneshot,3,48,15.618541851769448
LSD_Second,set5_features_metadata_corr95,GPR,log,protocol_holdout,diversity_oneshot,3,54,13.6489812044159
LSD_Second,set5_features_metadata_corr95,GPR,log,protocol_holdout,diversity_oneshot,3,58,13.779716391480562
LSD_Second,set5_features_metadata_corr95,GPR,log,protocol_holdout,diversity_oneshot,4,6,24.66821521515838
LSD_Second,set5_features_metadata_corr95,GPR,log,protocol_holdout,diversity_oneshot,4,12,19.09268496799781
LSD_Second,set5_features_metadata_corr95,GPR,log,protocol_holdout,diversity_oneshot,4,18,17.036170742307238
LSD_Second,set5_features_metadata_corr95,GPR,log,protocol_holdout,diversity_oneshot,4,24,19.039519624951865
LSD_Second,set5_features_metadata_corr95,GPR,log,protocol_holdout,diversity_oneshot,4,30,18.342628105282817
LSD_Second,set5_features_metadata_corr95,GPR,log,protocol_holdout,diversity_oneshot,4,36,20.413181127803647
LSD_Second,set5_features_metadata_corr95,GPR,log,protocol_holdout,diversity_oneshot,4,42,20.30230782689861
LSD_Second,set5_features_metadata_corr95,GPR,log,protocol_holdout,diversity_oneshot,4,48,19.50208188297422
LSD_Second,set5_features_metadata_corr95,GPR,log,protocol_holdout,diversity_oneshot,4,54,19.68524399130829
LSD_Second,set5_features_metadata_corr95,GPR,log,protocol_holdout,diversity_oneshot,4,58,19.6203849108308
LSD_Second,set5_features_metadata_corr95,GPR,log,protocol_holdout,diversity_oneshot,5,6,30.695946945747256
LSD_Second,set5_features_metadata_corr95,GPR,log,protocol_holdout,diversity_oneshot,5,12,25.80331428859148
LSD_Second,set5_features_metadata_corr95,GPR,log,protocol_holdout,diversity_oneshot,5,18,20.340594289294
LSD_Second,set5_features_metadata_corr95,GPR,log,protocol_holdout,diversity_oneshot,5,24,16.81023139408239
LSD_Second,set5_features_metadata_corr95,GPR,log,protocol_holdout,diversity_oneshot,5,30,15.33118466466806
LSD_Second,set5_features_metadata_corr95,GPR,log,protocol_holdout,diversity_oneshot,5,36,20.23236395204668
LSD_Second,set5_features_metadata_corr95,GPR,log,protocol_holdout,diversity_oneshot,5,42,19.266042980411875
LSD_Second,set5_features_metadata_corr95,GPR,log,protocol_holdout,diversity_oneshot,5,48,17.780483409963523
LSD_Second,set5_features_metadata_corr95,GPR,log,protocol_holdout,diversity_oneshot,5,54,17.904559070909844
LSD_Second,set5_features_metadata_corr95,GPR,log,protocol_holdout,diversity_oneshot,5,58,17.814736834709713
LSD_Second,set5_features_metadata_corr95,GPR,log,protocol_holdout,diversity_oneshot,6,6,25.42429968759069
LSD_Second,set5_features_metadata_corr95,GPR,log,protocol_holdout,diversity_oneshot,6,12,14.93251160373628
LSD_Second,set5_features_metadata_corr95,GPR,log,protocol_holdout,diversity_oneshot,6,18,20.698231540387088
LSD_Second,set5_features_metadata_corr95,GPR,log,protocol_holdout,diversity_oneshot,6,24,18.451907827834983
LSD_Second,set5_features_metadata_corr95,GPR,log,protocol_holdout,diversity_oneshot,6,30,15.225328278525566
LSD_Second,set5_features_metadata_corr95,GPR,log,protocol_holdout,diversity_oneshot,6,36,13.50946537041668
LSD_Second,set5_features_metadata_corr95,GPR,log,protocol_holdout,diversity_oneshot,6,42,11.788689922706215
LSD_Second,set5_features_metadata_corr95,GPR,log,protocol_holdout,diversity_oneshot,6,48,14.71611773592018
LSD_Second,set5_features_metadata_corr95,GPR,log,protocol_holdout,diversity_oneshot,6,54,15.295271612836023
LSD_Second,set5_features_metadata_corr95,GPR,log,protocol_holdout,diversity_oneshot,6,58,14.190081180598929
LSD_Second,set5_features_metadata_corr95,GPR,log,protocol_holdout,diversity_oneshot,7,6,31.9018390026219
LSD_Second,set5_features_metadata_corr95,GPR,log,protocol_holdout,diversity_oneshot,7,12,27.157278217544626
LSD_Second,set5_features_metadata_corr95,GPR,log,protocol_holdout,diversity_oneshot,7,18,24.84276159541284
LSD_Second,set5_features_metadata_corr95,GPR,log,protocol_holdout,diversity_oneshot,7,24,24.43870505664416
LSD_Second,set5_features_metadata_corr95,GPR,log,protocol_holdout,diversity_oneshot,7,30,24.54484048856349
LSD_Second,set5_features_metadata_corr95,GPR,log,protocol_holdout,diversity_oneshot,7,36,21.2696980753572
LSD_Second,set5_features_metadata_corr95,GPR,log,protocol_holdout,diversity_oneshot,7,42,21.5803292568233
LSD_Second,set5_features_metadata_corr95,GPR,log,protocol_holdout,diversity_oneshot,7,48,15.105944076354511
LSD_Second,set5_features_metadata_corr95,GPR,log,protocol_holdout,diversity_oneshot,7,54,22.441283683477423
LSD_Second,set5_features_metadata_corr95,GPR,log,protocol_holdout,diversity_oneshot,7,58,23.260943809093646
LSD_Second,set5_features_metadata_corr95,GPR,log,protocol_holdout,diversity_oneshot,8,6,29.4731625698646
LSD_Second,set5_features_metadata_corr95,GPR,log,protocol_holdout,diversity_oneshot,8,12,24.75944039956776
LSD_Second,set5_features_metadata_corr95,GPR,log,protocol_holdout,diversity_oneshot,8,18,22.43520721528853
LSD_Second,set5_features_metadata_corr95,GPR,log,protocol_holdout,diversity_oneshot,8,24,18.859007524056555
LSD_Second,set5_features_metadata_corr95,GPR,log,protocol_holdout,diversity_oneshot,8,30,21.095408310694324
LSD_Second,set5_features_metadata_corr95,GPR,log,protocol_holdout,diversity_oneshot,8,36,21.48712970477765
LSD_Second,set5_features_metadata_corr95,GPR,log,protocol_holdout,diversity_oneshot,8,42,20.368675252696093
LSD_Second,set5_features_metadata_corr95,GPR,log,protocol_holdout,diversity_oneshot,8,48,18.5380552402987
LSD_Second,set5_features_metadata_corr95,GPR,log,protocol_holdout,diversity_oneshot,8,54,17.73168050567175
LSD_Second,set5_features_metadata_corr95,GPR,log,protocol_holdout,diversity_oneshot,8,58,18.191625584084115
LSD_Second,set5_features_metadata_corr95,GPR,log,protocol_holdout,diversity_oneshot,9,6,29.19936269073915
LSD_Second,set5_features_metadata_corr95,GPR,log,protocol_holdout,diversity_oneshot,9,12,18.992501530647765
LSD_Second,set5_features_metadata_corr95,GPR,log,protocol_holdout,diversity_oneshot,9,18,16.951293909518526
LSD_Second,set5_features_metadata_corr95,GPR,log,protocol_holdout,diversity_oneshot,9,24,15.50855451993692
LSD_Second,set5_features_metadata_corr95,GPR,log,protocol_holdout,diversity_oneshot,9,30,13.019093946283302
LSD_Second,set5_features_metadata_corr95,GPR,log,protocol_holdout,diversity_oneshot,9,36,17.083554586750555
LSD_Second,set5_features_metadata_corr95,GPR,log,protocol_holdout,diversity_oneshot,9,42,16.58551290442995
LSD_Second,set5_features_metadata_corr95,GPR,log,protocol_holdout,diversity_oneshot,9,48,15.51593834282278
LSD_Second,set5_features_metadata_corr95,GPR,log,protocol_holdout,diversity_oneshot,9,54,14.840041442177412
LSD_Second,set5_features_metadata_corr95,GPR,log,protocol_holdout,diversity_oneshot,9,58,14.413346257639397
LSD_Second,set5_features_metadata_corr95,GPR,log,protocol_holdout,diversity_oneshot,10,6,27.90048417379672
LSD_Second,set5_features_metadata_corr95,GPR,log,protocol_holdout,diversity_oneshot,10,12,37.87666595270469
LSD_Second,set5_features_metadata_corr95,GPR,log,protocol_holdout,diversity_oneshot,10,18,24.86724410131261
LSD_Second,set5_features_metadata_corr95,GPR,log,protocol_holdout,diversity_oneshot,10,24,24.95402672420912
LSD_Second,set5_features_metadata_corr95,GPR,log,protocol_holdout,diversity_oneshot,10,30,25.139338179864072
LSD_Second,set5_features_metadata_corr95,GPR,log,protocol_holdout,diversity_oneshot,10,36,21.191180840449373
LSD_Second,set5_features_metadata_corr95,GPR,log,protocol_holdout,diversity_oneshot,10,42,19.6882416558468
LSD_Second,set5_features_metadata_corr95,GPR,log,protocol_holdout,diversity_oneshot,10,48,20.940911848063408
LSD_Second,set5_features_metadata_corr95,GPR,log,protocol_holdout,diversity_oneshot,10,54,19.932599956796647
LSD_Second,set5_features_metadata_corr95,GPR,log,protocol_holdout,diversity_oneshot,10,58,20.28158506919506
LSD_Second,set5_features_metadata_corr95,GPR,log,protocol_holdout,diversity_iterative,1,6,17.585507378987625
LSD_Second,set5_features_metadata_corr95,GPR,log,protocol_holdout,diversity_iterative,1,12,17.990865036010803
LSD_Second,set5_features_metadata_corr95,GPR,log,protocol_holdout,diversity_iterative,1,18,46.32361270758773
LSD_Second,set5_features_metadata_corr95,GPR,log,protocol_holdout,diversity_iterative,1,24,28.440354571787807
LSD_Second,set5_features_metadata_corr95,GPR,log,protocol_holdout,diversity_iterative,1,30,24.59683040814952
LSD_Second,set5_features_metadata_corr95,GPR,log,protocol_holdout,diversity_iterative,1,36,22.9802689555131
LSD_Second,set5_features_metadata_corr95,GPR,log,protocol_holdout,diversity_iterative,1,42,26.3701326005312
LSD_Second,set5_features_metadata_corr95,GPR,log,protocol_holdout,diversity_iterative,1,48,19.25288292897648
LSD_Second,set5_features_metadata_corr95,GPR,log,protocol_holdout,diversity_iterative,1,54,17.842550416529164
LSD_Second,set5_features_metadata_corr95,GPR,log,protocol_holdout,diversity_iterative,1,58,16.768506642710797
LSD_Second,set5_features_metadata_corr95,GPR,log,protocol_holdout,diversity_iterative,2,6,32.49999784687026
LSD_Second,set5_features_metadata_corr95,GPR,log,protocol_holdout,diversity_iterative,2,12,30.34595400361758
LSD_Second,set5_features_metadata_corr95,GPR,log,protocol_holdout,diversity_iterative,2,18,7.609998882705758
LSD_Second,set5_features_metadata_corr95,GPR,log,protocol_holdout,diversity_iterative,2,24,8.898807382860968
LSD_Second,set5_features_metadata_corr95,GPR,log,protocol_holdout,diversity_iterative,2,30,8.023267782963469
LSD_Second,set5_features_metadata_corr95,GPR,log,protocol_holdout,diversity_iterative,2,36,10.131514139450443
LSD_Second,set5_features_metadata_corr95,GPR,log,protocol_holdout,diversity_iterative,2,42,11.196788005418911
LSD_Second,set5_features_metadata_corr95,GPR,log,protocol_holdout,diversity_iterative,2,48,13.584608837320667
LSD_Second,set5_features_metadata_corr95,GPR,log,protocol_holdout,diversity_iterative,2,54,17.997352604151214
LSD_Second,set5_features_metadata_corr95,GPR,log,protocol_holdout,diversity_iterative,2,58,21.696946188039103
LSD_Second,set5_features_metadata_corr95,GPR,log,protocol_holdout,diversity_iterative,3,6,27.5694701747448
LSD_Second,set5_features_metadata_corr95,GPR,log,protocol_holdout,diversity_iterative,3,12,26.42947443338941
LSD_Second,set5_features_metadata_corr95,GPR,log,protocol_holdout,diversity_iterative,3,18,26.204954819115123
LSD_Second,set5_features_metadata_corr95,GPR,log,protocol_holdout,diversity_iterative,3,24,24.290604985712687
LSD_Second,set5_features_metadata_corr95,GPR,log,protocol_holdout,diversity_iterative,3,30,21.845268409967808
LSD_Second,set5_features_metadata_corr95,GPR,log,protocol_holdout,diversity_iterative,3,36,19.713299212564586
LSD_Second,set5_features_metadata_corr95,GPR,log,protocol_holdout,diversity_iterative,3,42,17.445958271119956
LSD_Second,set5_features_metadata_corr95,GPR,log,protocol_holdout,diversity_iterative,3,48,17.607798801654717
LSD_Second,set5_features_metadata_corr95,GPR,log,protocol_holdout,diversity_iterative,3,54,15.289992302747516
LSD_Second,set5_features_metadata_corr95,GPR,log,protocol_holdout,diversity_iterative,3,58,13.779716391480562
LSD_Second,set5_features_metadata_corr95,GPR,log,protocol_holdout,diversity_iterative,4,6,24.66821521515838
LSD_Second,set5_features_metadata_corr95,GPR,log,protocol_holdout,diversity_iterative,4,12,19.655294038138088
LSD_Second,set5_features_metadata_corr95,GPR,log,protocol_holdout,diversity_iterative,4,18,17.30067212727763
LSD_Second,set5_features_metadata_corr95,GPR,log,protocol_holdout,diversity_iterative,4,24,17.689309519810163
LSD_Second,set5_features_metadata_corr95,GPR,log,protocol_holdout,diversity_iterative,4,30,19.44883092925315
LSD_Second,set5_features_metadata_corr95,GPR,log,protocol_holdout,diversity_iterative,4,36,21.072104049055657
LSD_Second,set5_features_metadata_corr95,GPR,log,protocol_holdout,diversity_iterative,4,42,20.7705710529344
LSD_Second,set5_features_metadata_corr95,GPR,log,protocol_holdout,diversity_iterative,4,48,21.983669629663016
LSD_Second,set5_features_metadata_corr95,GPR,log,protocol_holdout,diversity_iterative,4,54,20.65477588625204
LSD_Second,set5_features_metadata_corr95,GPR,log,protocol_holdout,diversity_iterative,4,58,19.6203849108308
LSD_Second,set5_features_metadata_corr95,GPR,log,protocol_holdout,diversity_iterative,5,6,30.695946945747256
LSD_Second,set5_features_metadata_corr95,GPR,log,protocol_holdout,diversity_iterative,5,12,16.44456039476338
LSD_Second,set5_features_metadata_corr95,GPR,log,protocol_holdout,diversity_iterative,5,18,17.434800811281008
LSD_Second,set5_features_metadata_corr95,GPR,log,protocol_holdout,diversity_iterative,5,24,22.525904061843548
LSD_Second,set5_features_metadata_corr95,GPR,log,protocol_holdout,diversity_iterative,5,30,18.056610323038537
LSD_Second,set5_features_metadata_corr95,GPR,log,protocol_holdout,diversity_iterative,5,36,19.385561537213444
LSD_Second,set5_features_metadata_corr95,GPR,log,protocol_holdout,diversity_iterative,5,42,21.764100084883324
LSD_Second,set5_features_metadata_corr95,GPR,log,protocol_holdout,diversity_iterative,5,48,21.491736716147283
LSD_Second,set5_features_metadata_corr95,GPR,log,protocol_holdout,diversity_iterative,5,54,17.387858595789137
LSD_Second,set5_features_metadata_corr95,GPR,log,protocol_holdout,diversity_iterative,5,58,17.814736834709713
LSD_Second,set5_features_metadata_corr95,GPR,log,protocol_holdout,diversity_iterative,6,6,25.42429968759069
LSD_Second,set5_features_metadata_corr95,GPR,log,protocol_holdout,diversity_iterative,6,12,26.1914461675344
LSD_Second,set5_features_metadata_corr95,GPR,log,protocol_holdout,diversity_iterative,6,18,24.033169148506783
LSD_Second,set5_features_metadata_corr95,GPR,log,protocol_holdout,diversity_iterative,6,24,20.75906305514244
LSD_Second,set5_features_metadata_corr95,GPR,log,protocol_holdout,diversity_iterative,6,30,15.523878677975333
LSD_Second,set5_features_metadata_corr95,GPR,log,protocol_holdout,diversity_iterative,6,36,14.802214365175644
LSD_Second,set5_features_metadata_corr95,GPR,log,protocol_holdout,diversity_iterative,6,42,12.225325247056617
LSD_Second,set5_features_metadata_corr95,GPR,log,protocol_holdout,diversity_iterative,6,48,15.885295721308514
LSD_Second,set5_features_metadata_corr95,GPR,log,protocol_holdout,diversity_iterative,6,54,14.80854230809073
LSD_Second,set5_features_metadata_corr95,GPR,log,protocol_holdout,diversity_iterative,6,58,14.190081180598929
LSD_Second,set5_features_metadata_corr95,GPR,log,protocol_holdout,diversity_iterative,7,6,31.9018390026219
LSD_Second,set5_features_metadata_corr95,GPR,log,protocol_holdout,diversity_iterative,7,12,35.85677446970935
LSD_Second,set5_features_metadata_corr95,GPR,log,protocol_holdout,diversity_iterative,7,18,25.74132563928017
LSD_Second,set5_features_metadata_corr95,GPR,log,protocol_holdout,diversity_iterative,7,24,16.30889986225353
LSD_Second,set5_features_metadata_corr95,GPR,log,protocol_holdout,diversity_iterative,7,30,13.360571589136503
LSD_Second,set5_features_metadata_corr95,GPR,log,protocol_holdout,diversity_iterative,7,36,11.282411566937814
LSD_Second,set5_features_metadata_corr95,GPR,log,protocol_holdout,diversity_iterative,7,42,9.696996130295176
LSD_Second,set5_features_metadata_corr95,GPR,log,protocol_holdout,diversity_iterative,7,48,11.669894918306415
LSD_Second,set5_features_metadata_corr95,GPR,log,protocol_holdout,diversity_iterative,7,54,23.633846833971333
LSD_Second,set5_features_metadata_corr95,GPR,log,protocol_holdout,diversity_iterative,7,58,23.260943809093646
LSD_Second,set5_features_metadata_corr95,GPR,log,protocol_holdout,diversity_iterative,8,6,29.4731625698646
LSD_Second,set5_features_metadata_corr95,GPR,log,protocol_holdout,diversity_iterative,8,12,29.56492043633846
LSD_Second,set5_features_metadata_corr95,GPR,log,protocol_holdout,diversity_iterative,8,18,32.92008584405653
LSD_Second,set5_features_metadata_corr95,GPR,log,protocol_holdout,diversity_iterative,8,24,29.96713645782357
LSD_Second,set5_features_metadata_corr95,GPR,log,protocol_holdout,diversity_iterative,8,30,29.55864113790552
LSD_Second,set5_features_metadata_corr95,GPR,log,protocol_holdout,diversity_iterative,8,36,25.60834597050668
LSD_Second,set5_features_metadata_corr95,GPR,log,protocol_holdout,diversity_iterative,8,42,25.06767510737977
LSD_Second,set5_features_metadata_corr95,GPR,log,protocol_holdout,diversity_iterative,8,48,19.520226441453783
LSD_Second,set5_features_metadata_corr95,GPR,log,protocol_holdout,diversity_iterative,8,54,19.638839880614523
LSD_Second,set5_features_metadata_corr95,GPR,log,protocol_holdout,diversity_iterative,8,58,18.191625584084115
LSD_Second,set5_features_metadata_corr95,GPR,log,protocol_holdout,diversity_iterative,9,6,29.19936269073915
LSD_Second,set5_features_metadata_corr95,GPR,log,protocol_holdout,diversity_iterative,9,12,26.54327939052666
LSD_Second,set5_features_metadata_corr95,GPR,log,protocol_holdout,diversity_iterative,9,18,26.24919983603457
LSD_Second,set5_features_metadata_corr95,GPR,log,protocol_holdout,diversity_iterative,9,24,25.01918939382653
LSD_Second,set5_features_metadata_corr95,GPR,log,protocol_holdout,diversity_iterative,9,30,15.852656319673065
LSD_Second,set5_features_metadata_corr95,GPR,log,protocol_holdout,diversity_iterative,9,36,16.470612440421757
LSD_Second,set5_features_metadata_corr95,GPR,log,protocol_holdout,diversity_iterative,9,42,16.10192563368084
LSD_Second,set5_features_metadata_corr95,GPR,log,protocol_holdout,diversity_iterative,9,48,15.409698550521403
LSD_Second,set5_features_metadata_corr95,GPR,log,protocol_holdout,diversity_iterative,9,54,14.894650864127886
LSD_Second,set5_features_metadata_corr95,GPR,log,protocol_holdout,diversity_iterative,9,58,14.413346257639397
LSD_Second,set5_features_metadata_corr95,GPR,log,protocol_holdout,diversity_iterative,10,6,27.90048417379672
LSD_Second,set5_features_metadata_corr95,GPR,log,protocol_holdout,diversity_iterative,10,12,24.84852241396579
LSD_Second,set5_features_metadata_corr95,GPR,log,protocol_holdout,diversity_iterative,10,18,24.464938492316577
LSD_Second,set5_features_metadata_corr95,GPR,log,protocol_holdout,diversity_iterative,10,24,23.710365981703603
LSD_Second,set5_features_metadata_corr95,GPR,log,protocol_holdout,diversity_iterative,10,30,21.448000888823195
LSD_Second,set5_features_metadata_corr95,GPR,log,protocol_holdout,diversity_iterative,10,36,22.816162864761523
LSD_Second,set5_features_metadata_corr95,GPR,log,protocol_holdout,diversity_iterative,10,42,21.051181768092512
LSD_Second,set5_features_metadata_corr95,GPR,log,protocol_holdout,diversity_iterative,10,48,22.43249666439961
LSD_Second,set5_features_metadata_corr95,GPR,log,protocol_holdout,diversity_iterative,10,54,21.94850786650748
LSD_Second,set5_features_metadata_corr95,GPR,log,protocol_holdout,diversity_iterative,10,58,20.28158506919506
LSD_Second,set5_features_metadata_corr95,GPR,log,protocol_holdout,coverage,1,6,63.07999523668391
LSD_Second,set5_features_metadata_corr95,GPR,log,protocol_holdout,coverage,1,12,36.602975402806976
LSD_Second,set5_features_metadata_corr95,GPR,log,protocol_holdout,coverage,1,18,37.21826307011318
LSD_Second,set5_features_metadata_corr95,GPR,log,protocol_holdout,coverage,1,24,22.016799733204127
LSD_Second,set5_features_metadata_corr95,GPR,log,protocol_holdout,coverage,1,30,20.493127231109806
LSD_Second,set5_features_metadata_corr95,GPR,log,protocol_holdout,coverage,1,36,25.14213777222511
LSD_Second,set5_features_metadata_corr95,GPR,log,protocol_holdout,coverage,1,42,20.970617149432123
LSD_Second,set5_features_metadata_corr95,GPR,log,protocol_holdout,coverage,1,48,17.353398803144845
LSD_Second,set5_features_metadata_corr95,GPR,log,protocol_holdout,coverage,1,54,16.81910878538748
LSD_Second,set5_features_metadata_corr95,GPR,log,protocol_holdout,coverage,1,58,16.768506642710797
LSD_Second,set5_features_metadata_corr95,GPR,log,protocol_holdout,coverage,2,6,25.24179766796185
LSD_Second,set5_features_metadata_corr95,GPR,log,protocol_holdout,coverage,2,12,24.03657346010453
LSD_Second,set5_features_metadata_corr95,GPR,log,protocol_holdout,coverage,2,18,13.57103891385514
LSD_Second,set5_features_metadata_corr95,GPR,log,protocol_holdout,coverage,2,24,24.427427336404744
LSD_Second,set5_features_metadata_corr95,GPR,log,protocol_holdout,coverage,2,30,20.53861144853516
LSD_Second,set5_features_metadata_corr95,GPR,log,protocol_holdout,coverage,2,36,19.25521470584649
LSD_Second,set5_features_metadata_corr95,GPR,log,protocol_holdout,coverage,2,42,19.69077690860139
LSD_Second,set5_features_metadata_corr95,GPR,log,protocol_holdout,coverage,2,48,20.810306241534583
LSD_Second,set5_features_metadata_corr95,GPR,log,protocol_holdout,coverage,2,54,21.59588699868126
LSD_Second,set5_features_metadata_corr95,GPR,log,protocol_holdout,coverage,2,58,21.696946188039103
LSD_Second,set5_features_metadata_corr95,GPR,log,protocol_holdout,coverage,3,6,37.43664146176815
LSD_Second,set5_features_metadata_corr95,GPR,log,protocol_holdout,coverage,3,12,20.388779162732494
LSD_Second,set5_features_metadata_corr95,GPR,log,protocol_holdout,coverage,3,18,19.539575343015265
LSD_Second,set5_features_metadata_corr95,GPR,log,protocol_holdout,coverage,3,24,17.979065729821777
LSD_Second,set5_features_metadata_corr95,GPR,log,protocol_holdout,coverage,3,30,16.682817922038133
LSD_Second,set5_features_metadata_corr95,GPR,log,protocol_holdout,coverage,3,36,15.436028082483972
LSD_Second,set5_features_metadata_corr95,GPR,log,protocol_holdout,coverage,3,42,17.419403373282226
LSD_Second,set5_features_metadata_corr95,GPR,log,protocol_holdout,coverage,3,48,16.4200960924758
LSD_Second,set5_features_metadata_corr95,GPR,log,protocol_holdout,coverage,3,54,14.358642021003009
LSD_Second,set5_features_metadata_corr95,GPR,log,protocol_holdout,coverage,3,58,13.779716391480562
LSD_Second,set5_features_metadata_corr95,GPR,log,protocol_holdout,coverage,4,6,23.226194773600845
LSD_Second,set5_features_metadata_corr95,GPR,log,protocol_holdout,coverage,4,12,19.91390443565043
LSD_Second,set5_features_metadata_corr95,GPR,log,protocol_holdout,coverage,4,18,23.088924363399247
LSD_Second,set5_features_metadata_corr95,GPR,log,protocol_holdout,coverage,4,24,23.95914498313978
LSD_Second,set5_features_metadata_corr95,GPR,log,protocol_holdout,coverage,4,30,26.75638707734697
LSD_Second,set5_features_metadata_corr95,GPR,log,protocol_holdout,coverage,4,36,27.123980973323867
LSD_Second,set5_features_metadata_corr95,GPR,log,protocol_holdout,coverage,4,42,23.90704966506086
LSD_Second,set5_features_metadata_corr95,GPR,log,protocol_holdout,coverage,4,48,25.16944330684221
LSD_Second,set5_features_metadata_corr95,GPR,log,protocol_holdout,coverage,4,54,21.75405672724528
LSD_Second,set5_features_metadata_corr95,GPR,log,protocol_holdout,coverage,4,58,19.6203849108308
LSD_Second,set5_features_metadata_corr95,GPR,log,protocol_holdout,coverage,5,6,30.151577918366502
LSD_Second,set5_features_metadata_corr95,GPR,log,protocol_holdout,coverage,5,12,19.397535846316565
LSD_Second,set5_features_metadata_corr95,GPR,log,protocol_holdout,coverage,5,18,23.013111130794726
LSD_Second,set5_features_metadata_corr95,GPR,log,protocol_holdout,coverage,5,24,21.2035443231736
LSD_Second,set5_features_metadata_corr95,GPR,log,protocol_holdout,coverage,5,30,18.25966232616675
LSD_Second,set5_features_metadata_corr95,GPR,log,protocol_holdout,coverage,5,36,18.299755846548948
LSD_Second,set5_features_metadata_corr95,GPR,log,protocol_holdout,coverage,5,42,20.114140404101207
LSD_Second,set5_features_metadata_corr95,GPR,log,protocol_holdout,coverage,5,48,18.9484301148748
LSD_Second,set5_features_metadata_corr95,GPR,log,protocol_holdout,coverage,5,54,18.07761347226826
LSD_Second,set5_features_metadata_corr95,GPR,log,protocol_holdout,coverage,5,58,17.814736834709713
LSD_Second,set5_features_metadata_corr95,GPR,log,protocol_holdout,coverage,6,6,30.905744634783577
LSD_Second,set5_features_metadata_corr95,GPR,log,protocol_holdout,coverage,6,12,22.33870580008581
LSD_Second,set5_features_metadata_corr95,GPR,log,protocol_holdout,coverage,6,18,22.84098816366833
LSD_Second,set5_features_metadata_corr95,GPR,log,protocol_holdout,coverage,6,24,11.203558190362736
LSD_Second,set5_features_metadata_corr95,GPR,log,protocol_holdout,coverage,6,30,11.000792054867109
LSD_Second,set5_features_metadata_corr95,GPR,log,protocol_holdout,coverage,6,36,11.035380278778112
LSD_Second,set5_features_metadata_corr95,GPR,log,protocol_holdout,coverage,6,42,11.846625178329312
LSD_Second,set5_features_metadata_corr95,GPR,log,protocol_holdout,coverage,6,48,12.83847394660068
LSD_Second,set5_features_metadata_corr95,GPR,log,protocol_holdout,coverage,6,54,14.117795299687472
LSD_Second,set5_features_metadata_corr95,GPR,log,protocol_holdout,coverage,6,58,14.190081180598929
LSD_Second,set5_features_metadata_corr95,GPR,log,protocol_holdout,coverage,7,6,32.86465996811416
LSD_Second,set5_features_metadata_corr95,GPR,log,protocol_holdout,coverage,7,12,54.40327905421681
LSD_Second,set5_features_metadata_corr95,GPR,log,protocol_holdout,coverage,7,18,48.54977670290504
LSD_Second,set5_features_metadata_corr95,GPR,log,protocol_holdout,coverage,7,24,50.87990337512343
LSD_Second,set5_features_metadata_corr95,GPR,log,protocol_holdout,coverage,7,30,42.02552225261964
LSD_Second,set5_features_metadata_corr95,GPR,log,protocol_holdout,coverage,7,36,32.093433756988084
LSD_Second,set5_features_metadata_corr95,GPR,log,protocol_holdout,coverage,7,42,25.44201296863754
LSD_Second,set5_features_metadata_corr95,GPR,log,protocol_holdout,coverage,7,48,24.887620208143584
LSD_Second,set5_features_metadata_corr95,GPR,log,protocol_holdout,coverage,7,54,22.306237760127228
LSD_Second,set5_features_metadata_corr95,GPR,log,protocol_holdout,coverage,7,58,23.260943809093646
LSD_Second,set5_features_metadata_corr95,GPR,log,protocol_holdout,coverage,8,6,34.02696962697526
LSD_Second,set5_features_metadata_corr95,GPR,log,protocol_holdout,coverage,8,12,30.347559221877933
LSD_Second,set5_features_metadata_corr95,GPR,log,protocol_holdout,coverage,8,18,21.97806840118855
LSD_Second,set5_features_metadata_corr95,GPR,log,protocol_holdout,coverage,8,24,20.44377616056247
LSD_Second,set5_features_metadata_corr95,GPR,log,protocol_holdout,coverage,8,30,18.23944979654119
LSD_Second,set5_features_metadata_corr95,GPR,log,protocol_holdout,coverage,8,36,17.253509505573465
LSD_Second,set5_features_metadata_corr95,GPR,log,protocol_holdout,coverage,8,42,17.505745833375943
LSD_Second,set5_features_metadata_corr95,GPR,log,protocol_holdout,coverage,8,48,18.207306611210885
LSD_Second,set5_features_metadata_corr95,GPR,log,protocol_holdout,coverage,8,54,17.633622226319634
LSD_Second,set5_features_metadata_corr95,GPR,log,protocol_holdout,coverage,8,58,18.191625584084115
LSD_Second,set5_features_metadata_corr95,GPR,log,protocol_holdout,coverage,9,6,27.247474475053927
LSD_Second,set5_features_metadata_corr95,GPR,log,protocol_holdout,coverage,9,12,20.86044345811651
LSD_Second,set5_features_metadata_corr95,GPR,log,protocol_holdout,coverage,9,18,21.595436989364813
LSD_Second,set5_features_metadata_corr95,GPR,log,protocol_holdout,coverage,9,24,23.326912348387
LSD_Second,set5_features_metadata_corr95,GPR,log,protocol_holdout,coverage,9,30,18.17816088534753
LSD_Second,set5_features_metadata_corr95,GPR,log,protocol_holdout,coverage,9,36,18.04526072637001
LSD_Second,set5_features_metadata_corr95,GPR,log,protocol_holdout,coverage,9,42,19.04900107310532
LSD_Second,set5_features_metadata_corr95,GPR,log,protocol_holdout,coverage,9,48,15.765149469010948
LSD_Second,set5_features_metadata_corr95,GPR,log,protocol_holdout,coverage,9,54,16.09229852278596
LSD_Second,set5_features_metadata_corr95,GPR,log,protocol_holdout,coverage,9,58,14.413346257639397
LSD_Second,set5_features_metadata_corr95,GPR,log,protocol_holdout,coverage,10,6,24.531064431644868
LSD_Second,set5_features_metadata_corr95,GPR,log,protocol_holdout,coverage,10,12,25.1390680711674
LSD_Second,set5_features_metadata_corr95,GPR,log,protocol_holdout,coverage,10,18,19.43632931782749
LSD_Second,set5_features_metadata_corr95,GPR,log,protocol_holdout,coverage,10,24,18.3132539868606
LSD_Second,set5_features_metadata_corr95,GPR,log,protocol_holdout,coverage,10,30,20.417670174566137
LSD_Second,set5_features_metadata_corr95,GPR,log,protocol_holdout,coverage,10,36,20.74958754025592
LSD_Second,set5_features_metadata_corr95,GPR,log,protocol_holdout,coverage,10,42,19.600542663435224
LSD_Second,set5_features_metadata_corr95,GPR,log,protocol_holdout,coverage,10,48,20.176253530827605
LSD_Second,set5_features_metadata_corr95,GPR,log,protocol_holdout,coverage,10,54,20.4310009220934
LSD_Second,set5_features_metadata_corr95,GPR,log,protocol_holdout,coverage,10,58,20.28158506919506
LSD_Second,set5_features_metadata_corr95,GPR,log,protocol_holdout,exploration,1,6,63.07999523668391
LSD_Second,set5_features_metadata_corr95,GPR,log,protocol_holdout,exploration,1,12,36.21657144474416
LSD_Second,set5_features_metadata_corr95,GPR,log,protocol_holdout,exploration,1,18,32.78911789914901
LSD_Second,set5_features_metadata_corr95,GPR,log,protocol_holdout,exploration,1,24,28.03239458328163
LSD_Second,set5_features_metadata_corr95,GPR,log,protocol_holdout,exploration,1,30,28.16143592134664
LSD_Second,set5_features_metadata_corr95,GPR,log,protocol_holdout,exploration,1,36,26.215721603424058
LSD_Second,set5_features_metadata_corr95,GPR,log,protocol_holdout,exploration,1,42,17.330572315330436
LSD_Second,set5_features_metadata_corr95,GPR,log,protocol_holdout,exploration,1,48,19.77866367551486
LSD_Second,set5_features_metadata_corr95,GPR,log,protocol_holdout,exploration,1,54,17.12954122599289
LSD_Second,set5_features_metadata_corr95,GPR,log,protocol_holdout,exploration,1,58,16.768506642710797
LSD_Second,set5_features_metadata_corr95,GPR,log,protocol_holdout,exploration,2,6,25.24179766796185
LSD_Second,set5_features_metadata_corr95,GPR,log,protocol_holdout,exploration,2,12,19.80040655065979
LSD_Second,set5_features_metadata_corr95,GPR,log,protocol_holdout,exploration,2,18,24.51187056748798
LSD_Second,set5_features_metadata_corr95,GPR,log,protocol_holdout,exploration,2,24,21.427299249391023
LSD_Second,set5_features_metadata_corr95,GPR,log,protocol_holdout,exploration,2,30,19.17248539988229
LSD_Second,set5_features_metadata_corr95,GPR,log,protocol_holdout,exploration,2,36,18.862830808667105
LSD_Second,set5_features_metadata_corr95,GPR,log,protocol_holdout,exploration,2,42,20.27612701443793
LSD_Second,set5_features_metadata_corr95,GPR,log,protocol_holdout,exploration,2,48,20.29062717924834
LSD_Second,set5_features_metadata_corr95,GPR,log,protocol_holdout,exploration,2,54,21.173953268282624
LSD_Second,set5_features_metadata_corr95,GPR,log,protocol_holdout,exploration,2,58,21.696946188039103
LSD_Second,set5_features_metadata_corr95,GPR,log,protocol_holdout,exploration,3,6,37.43664146176815
LSD_Second,set5_features_metadata_corr95,GPR,log,protocol_holdout,exploration,3,12,20.693106488738465
LSD_Second,set5_features_metadata_corr95,GPR,log,protocol_holdout,exploration,3,18,20.61843748942208
LSD_Second,set5_features_metadata_corr95,GPR,log,protocol_holdout,exploration,3,24,17.60145470179838
LSD_Second,set5_features_metadata_corr95,GPR,log,protocol_holdout,exploration,3,30,16.734494215784864
LSD_Second,set5_features_metadata_corr95,GPR,log,protocol_holdout,exploration,3,36,17.69616401343357
LSD_Second,set5_features_metadata_corr95,GPR,log,protocol_holdout,exploration,3,42,14.974734836358577
LSD_Second,set5_features_metadata_corr95,GPR,log,protocol_holdout,exploration,3,48,14.231974240875925
LSD_Second,set5_features_metadata_corr95,GPR,log,protocol_holdout,exploration,3,54,13.649724080720274
LSD_Second,set5_features_metadata_corr95,GPR,log,protocol_holdout,exploration,3,58,13.779716391480562
LSD_Second,set5_features_metadata_corr95,GPR,log,protocol_holdout,exploration,4,6,23.226194773600845
LSD_Second,set5_features_metadata_corr95,GPR,log,protocol_holdout,exploration,4,12,19.91390443565043
LSD_Second,set5_features_metadata_corr95,GPR,log,protocol_holdout,exploration,4,18,21.17669301946429
LSD_Second,set5_features_metadata_corr95,GPR,log,protocol_holdout,exploration,4,24,20.20240474512319
LSD_Second,set5_features_metadata_corr95,GPR,log,protocol_holdout,exploration,4,30,21.24100642743988
LSD_Second,set5_features_metadata_corr95,GPR,log,protocol_holdout,exploration,4,36,22.009030440283624
LSD_Second,set5_features_metadata_corr95,GPR,log,protocol_holdout,exploration,4,42,22.54659461877668
LSD_Second,set5_features_metadata_corr95,GPR,log,protocol_holdout,exploration,4,48,22.333790043047305
LSD_Second,set5_features_metadata_corr95,GPR,log,protocol_holdout,exploration,4,54,20.25251595580135
LSD_Second,set5_features_metadata_corr95,GPR,log,protocol_holdout,exploration,4,58,19.6203849108308
LSD_Second,set5_features_metadata_corr95,GPR,log,protocol_holdout,exploration,5,6,30.151577918366502
LSD_Second,set5_features_metadata_corr95,GPR,log,protocol_holdout,exploration,5,12,19.397535846316565
LSD_Second,set5_features_metadata_corr95,GPR,log,protocol_holdout,exploration,5,18,20.793823576528208
LSD_Second,set5_features_metadata_corr95,GPR,log,protocol_holdout,exploration,5,24,19.991169376745297
LSD_Second,set5_features_metadata_corr95,GPR,log,protocol_holdout,exploration,5,30,19.31997019290084
LSD_Second,set5_features_metadata_corr95,GPR,log,protocol_holdout,exploration,5,36,18.3568462308246
LSD_Second,set5_features_metadata_corr95,GPR,log,protocol_holdout,exploration,5,42,19.195805243767687
LSD_Second,set5_features_metadata_corr95,GPR,log,protocol_holdout,exploration,5,48,18.56939893188172
LSD_Second,set5_features_metadata_corr95,GPR,log,protocol_holdout,exploration,5,54,18.842022189538987
LSD_Second,set5_features_metadata_corr95,GPR,log,protocol_holdout,exploration,5,58,17.814736834709713
LSD_Second,set5_features_metadata_corr95,GPR,log,protocol_holdout,exploration,6,6,30.905744634783577
LSD_Second,set5_features_metadata_corr95,GPR,log,protocol_holdout,exploration,6,12,22.33870580008581
LSD_Second,set5_features_metadata_corr95,GPR,log,protocol_holdout,exploration,6,18,18.96743055110577
LSD_Second,set5_features_metadata_corr95,GPR,log,protocol_holdout,exploration,6,24,12.387306934676197
LSD_Second,set5_features_metadata_corr95,GPR,log,protocol_holdout,exploration,6,30,15.156825152966936
LSD_Second,set5_features_metadata_corr95,GPR,log,protocol_holdout,exploration,6,36,13.819741857919048
LSD_Second,set5_features_metadata_corr95,GPR,log,protocol_holdout,exploration,6,42,9.575655306503124
LSD_Second,set5_features_metadata_corr95,GPR,log,protocol_holdout,exploration,6,48,14.650593126700915
LSD_Second,set5_features_metadata_corr95,GPR,log,protocol_holdout,exploration,6,54,15.78024540638906
LSD_Second,set5_features_metadata_corr95,GPR,log,protocol_holdout,exploration,6,58,14.190081180598929
LSD_Second,set5_features_metadata_corr95,GPR,log,protocol_holdout,exploration,7,6,32.86465996811416
LSD_Second,set5_features_metadata_corr95,GPR,log,protocol_holdout,exploration,7,12,54.077909842025605
LSD_Second,set5_features_metadata_corr95,GPR,log,protocol_holdout,exploration,7,18,43.65017389196117
LSD_Second,set5_features_metadata_corr95,GPR,log,protocol_holdout,exploration,7,24,34.1383766015572
LSD_Second,set5_features_metadata_corr95,GPR,log,protocol_holdout,exploration,7,30,37.41981032924007
LSD_Second,set5_features_metadata_corr95,GPR,log,protocol_holdout,exploration,7,36,30.49281714507168
LSD_Second,set5_features_metadata_corr95,GPR,log,protocol_holdout,exploration,7,42,20.57517508573235
LSD_Second,set5_features_metadata_corr95,GPR,log,protocol_holdout,exploration,7,48,25.936924937889778
LSD_Second,set5_features_metadata_corr95,GPR,log,protocol_holdout,exploration,7,54,26.505182090559583
LSD_Second,set5_features_metadata_corr95,GPR,log,protocol_holdout,exploration,7,58,23.260943809093646
LSD_Second,set5_features_metadata_corr95,GPR,log,protocol_holdout,exploration,8,6,34.02696962697526
LSD_Second,set5_features_metadata_corr95,GPR,log,protocol_holdout,exploration,8,12,30.897105139599606
LSD_Second,set5_features_metadata_corr95,GPR,log,protocol_holdout,exploration,8,18,25.65337596763776
LSD_Second,set5_features_metadata_corr95,GPR,log,protocol_holdout,exploration,8,24,24.34209148010948
LSD_Second,set5_features_metadata_corr95,GPR,log,protocol_holdout,exploration,8,30,20.014060123493586
LSD_Second,set5_features_metadata_corr95,GPR,log,protocol_holdout,exploration,8,36,17.489461431297855
LSD_Second,set5_features_metadata_corr95,GPR,log,protocol_holdout,exploration,8,42,15.815738149517207
LSD_Second,set5_features_metadata_corr95,GPR,log,protocol_holdout,exploration,8,48,16.81040974183176
LSD_Second,set5_features_metadata_corr95,GPR,log,protocol_holdout,exploration,8,54,16.442981116399952
LSD_Second,set5_features_metadata_corr95,GPR,log,protocol_holdout,exploration,8,58,18.191625584084115
LSD_Second,set5_features_metadata_corr95,GPR,log,protocol_holdout,exploration,9,6,27.247474475053927
LSD_Second,set5_features_metadata_corr95,GPR,log,protocol_holdout,exploration,9,12,22.121576384633112
LSD_Second,set5_features_metadata_corr95,GPR,log,protocol_holdout,exploration,9,18,21.66978636392603
LSD_Second,set5_features_metadata_corr95,GPR,log,protocol_holdout,exploration,9,24,21.64697830216432
LSD_Second,set5_features_metadata_corr95,GPR,log,protocol_holdout,exploration,9,30,16.460777207304066
LSD_Second,set5_features_metadata_corr95,GPR,log,protocol_holdout,exploration,9,36,16.198623437881427
LSD_Second,set5_features_metadata_corr95,GPR,log,protocol_holdout,exploration,9,42,17.051614311457065
LSD_Second,set5_features_metadata_corr95,GPR,log,protocol_holdout,exploration,9,48,18.815837058987395
LSD_Second,set5_features_metadata_corr95,GPR,log,protocol_holdout,exploration,9,54,14.58691026097079
LSD_Second,set5_features_metadata_corr95,GPR,log,protocol_holdout,exploration,9,58,14.413346257639397
LSD_Second,set5_features_metadata_corr95,GPR,log,protocol_holdout,exploration,10,6,24.531064431644868
LSD_Second,set5_features_metadata_corr95,GPR,log,protocol_holdout,exploration,10,12,25.46823444898033
LSD_Second,set5_features_metadata_corr95,GPR,log,protocol_holdout,exploration,10,18,23.62374701647561
LSD_Second,set5_features_metadata_corr95,GPR,log,protocol_holdout,exploration,10,24,28.854420409449748
LSD_Second,set5_features_metadata_corr95,GPR,log,protocol_holdout,exploration,10,30,22.096232001085937
LSD_Second,set5_features_metadata_corr95,GPR,log,protocol_holdout,exploration,10,36,22.816047036748323
LSD_Second,set5_features_metadata_corr95,GPR,log,protocol_holdout,exploration,10,42,21.31036694913585
LSD_Second,set5_features_metadata_corr95,GPR,log,protocol_holdout,exploration,10,48,24.078556125543983
LSD_Second,set5_features_metadata_corr95,GPR,log,protocol_holdout,exploration,10,54,21.95661459886892
LSD_Second,set5_features_metadata_corr95,GPR,log,protocol_holdout,exploration,10,58,20.28158506919506
LSD_Second,set5_features_metadata_corr95,GPR,log,protocol_holdout,exploitation,1,6,63.07999523668391
LSD_Second,set5_features_metadata_corr95,GPR,log,protocol_holdout,exploitation,1,12,23.29117033241853
LSD_Second,set5_features_metadata_corr95,GPR,log,protocol_holdout,exploitation,1,18,21.90385813533452
LSD_Second,set5_features_metadata_corr95,GPR,log,protocol_holdout,exploitation,1,24,16.976996005893817
LSD_Second,set5_features_metadata_corr95,GPR,log,protocol_holdout,exploitation,1,30,30.73405623320486
LSD_Second,set5_features_metadata_corr95,GPR,log,protocol_holdout,exploitation,1,36,21.179966867528783
LSD_Second,set5_features_metadata_corr95,GPR,log,protocol_holdout,exploitation,1,42,16.60033394091926
LSD_Second,set5_features_metadata_corr95,GPR,log,protocol_holdout,exploitation,1,48,15.96235176770849
LSD_Second,set5_features_metadata_corr95,GPR,log,protocol_holdout,exploitation,1,54,17.98089884812486
LSD_Second,set5_features_metadata_corr95,GPR,log,protocol_holdout,exploitation,1,58,16.768506642710797
LSD_Second,set5_features_metadata_corr95,GPR,log,protocol_holdout,exploitation,2,6,25.24179766796185
LSD_Second,set5_features_metadata_corr95,GPR,log,protocol_holdout,exploitation,2,12,23.64882890683108
LSD_Second,set5_features_metadata_corr95,GPR,log,protocol_holdout,exploitation,2,18,20.94029736817011
LSD_Second,set5_features_metadata_corr95,GPR,log,protocol_holdout,exploitation,2,24,14.898793729734097
LSD_Second,set5_features_metadata_corr95,GPR,log,protocol_holdout,exploitation,2,30,16.141311866956983
LSD_Second,set5_features_metadata_corr95,GPR,log,protocol_holdout,exploitation,2,36,21.195260766228195
LSD_Second,set5_features_metadata_corr95,GPR,log,protocol_holdout,exploitation,2,42,14.902319240519647
LSD_Second,set5_features_metadata_corr95,GPR,log,protocol_holdout,exploitation,2,48,20.482928961367897
LSD_Second,set5_features_metadata_corr95,GPR,log,protocol_holdout,exploitation,2,54,21.262159894592287
LSD_Second,set5_features_metadata_corr95,GPR,log,protocol_holdout,exploitation,2,58,21.696946188039103
LSD_Second,set5_features_metadata_corr95,GPR,log,protocol_holdout,exploitation,3,6,37.43664146176815
LSD_Second,set5_features_metadata_corr95,GPR,log,protocol_holdout,exploitation,3,12,20.157703006436865
LSD_Second,set5_features_metadata_corr95,GPR,log,protocol_holdout,exploitation,3,18,13.045985887908628
LSD_Second,set5_features_metadata_corr95,GPR,log,protocol_holdout,exploitation,3,24,14.618707418692942
LSD_Second,set5_features_metadata_corr95,GPR,log,protocol_holdout,exploitation,3,30,15.813037213962572
LSD_Second,set5_features_metadata_corr95,GPR,log,protocol_holdout,exploitation,3,36,17.40809490440644
LSD_Second,set5_features_metadata_corr95,GPR,log,protocol_holdout,exploitation,3,42,20.75934877338822
LSD_Second,set5_features_metadata_corr95,GPR,log,protocol_holdout,exploitation,3,48,17.516449995529875
LSD_Second,set5_features_metadata_corr95,GPR,log,protocol_holdout,exploitation,3,54,14.852702344134771
LSD_Second,set5_features_metadata_corr95,GPR,log,protocol_holdout,exploitation,3,58,13.779716391480562
LSD_Second,set5_features_metadata_corr95,GPR,log,protocol_holdout,exploitation,4,6,23.226194773600845
LSD_Second,set5_features_metadata_corr95,GPR,log,protocol_holdout,exploitation,4,12,26.009657796083896
LSD_Second,set5_features_metadata_corr95,GPR,log,protocol_holdout,exploitation,4,18,19.04703177475613
LSD_Second,set5_features_metadata_corr95,GPR,log,protocol_holdout,exploitation,4,24,20.106606775285226
LSD_Second,set5_features_metadata_corr95,GPR,log,protocol_holdout,exploitation,4,30,19.213382257227497
LSD_Second,set5_features_metadata_corr95,GPR,log,protocol_holdout,exploitation,4,36,18.790832518924297
LSD_Second,set5_features_metadata_corr95,GPR,log,protocol_holdout,exploitation,4,42,19.89572621691638
LSD_Second,set5_features_metadata_corr95,GPR,log,protocol_holdout,exploitation,4,48,16.91133434765592
LSD_Second,set5_features_metadata_corr95,GPR,log,protocol_holdout,exploitation,4,54,21.372237160921024
LSD_Second,set5_features_metadata_corr95,GPR,log,protocol_holdout,exploitation,4,58,19.6203849108308
LSD_Second,set5_features_metadata_corr95,GPR,log,protocol_holdout,exploitation,5,6,30.151577918366502
LSD_Second,set5_features_metadata_corr95,GPR,log,protocol_holdout,exploitation,5,12,27.716245036514607
LSD_Second,set5_features_metadata_corr95,GPR,log,protocol_holdout,exploitation,5,18,24.29904157840587
LSD_Second,set5_features_metadata_corr95,GPR,log,protocol_holdout,exploitation,5,24,29.857539972799746
LSD_Second,set5_features_metadata_corr95,GPR,log,protocol_holdout,exploitation,5,30,23.07127558030741
LSD_Second,set5_features_metadata_corr95,GPR,log,protocol_holdout,exploitation,5,36,19.849606759385168
LSD_Second,set5_features_metadata_corr95,GPR,log,protocol_holdout,exploitation,5,42,22.96669629762609
LSD_Second,set5_features_metadata_corr95,GPR,log,protocol_holdout,exploitation,5,48,25.737577719676104
LSD_Second,set5_features_metadata_corr95,GPR,log,protocol_holdout,exploitation,5,54,18.367545955560946
LSD_Second,set5_features_metadata_corr95,GPR,log,protocol_holdout,exploitation,5,58,17.814736834709713
LSD_Second,set5_features_metadata_corr95,GPR,log,protocol_holdout,exploitation,6,6,30.905744634783577
LSD_Second,set5_features_metadata_corr95,GPR,log,protocol_holdout,exploitation,6,12,31.51475023934024
LSD_Second,set5_features_metadata_corr95,GPR,log,protocol_holdout,exploitation,6,18,14.524523748310592
LSD_Second,set5_features_metadata_corr95,GPR,log,protocol_holdout,exploitation,6,24,12.58065328012717
LSD_Second,set5_features_metadata_corr95,GPR,log,protocol_holdout,exploitation,6,30,11.75294331277212
LSD_Second,set5_features_metadata_corr95,GPR,log,protocol_holdout,exploitation,6,36,12.53880860755428
LSD_Second,set5_features_metadata_corr95,GPR,log,protocol_holdout,exploitation,6,42,12.481587004759128
LSD_Second,set5_features_metadata_corr95,GPR,log,protocol_holdout,exploitation,6,48,12.73445196742527
LSD_Second,set5_features_metadata_corr95,GPR,log,protocol_holdout,exploitation,6,54,11.112099649823886
LSD_Second,set5_features_metadata_corr95,GPR,log,protocol_holdout,exploitation,6,58,14.190081180598929
LSD_Second,set5_features_metadata_corr95,GPR,log,protocol_holdout,exploitation,7,6,32.86465996811416
LSD_Second,set5_features_metadata_corr95,GPR,log,protocol_holdout,exploitation,7,12,58.81451608225498
LSD_Second,set5_features_metadata_corr95,GPR,log,protocol_holdout,exploitation,7,18,35.81400546297059
LSD_Second,set5_features_metadata_corr95,GPR,log,protocol_holdout,exploitation,7,24,24.69535783243488
LSD_Second,set5_features_metadata_corr95,GPR,log,protocol_holdout,exploitation,7,30,26.52268123987395
LSD_Second,set5_features_metadata_corr95,GPR,log,protocol_holdout,exploitation,7,36,11.911233421242676
LSD_Second,set5_features_metadata_corr95,GPR,log,protocol_holdout,exploitation,7,42,12.595932601193123
LSD_Second,set5_features_metadata_corr95,GPR,log,protocol_holdout,exploitation,7,48,22.059268976237963
LSD_Second,set5_features_metadata_corr95,GPR,log,protocol_holdout,exploitation,7,54,16.87467601817855
LSD_Second,set5_features_metadata_corr95,GPR,log,protocol_holdout,exploitation,7,58,23.260943809093646
LSD_Second,set5_features_metadata_corr95,GPR,log,protocol_holdout,exploitation,8,6,34.02696962697526
LSD_Second,set5_features_metadata_corr95,GPR,log,protocol_holdout,exploitation,8,12,22.338059747024403
LSD_Second,set5_features_metadata_corr95,GPR,log,protocol_holdout,exploitation,8,18,21.57233030373268
LSD_Second,set5_features_metadata_corr95,GPR,log,protocol_holdout,exploitation,8,24,23.95341301357025
LSD_Second,set5_features_metadata_corr95,GPR,log,protocol_holdout,exploitation,8,30,18.27033229394729
LSD_Second,set5_features_metadata_corr95,GPR,log,protocol_holdout,exploitation,8,36,16.895234211766713
LSD_Second,set5_features_metadata_corr95,GPR,log,protocol_holdout,exploitation,8,42,17.624710444504142
LSD_Second,set5_features_metadata_corr95,GPR,log,protocol_holdout,exploitation,8,48,17.874536039262683
LSD_Second,set5_features_metadata_corr95,GPR,log,protocol_holdout,exploitation,8,54,17.77256106011892
LSD_Second,set5_features_metadata_corr95,GPR,log,protocol_holdout,exploitation,8,58,18.191625584084115
LSD_Second,set5_features_metadata_corr95,GPR,log,protocol_holdout,exploitation,9,6,27.247474475053927
LSD_Second,set5_features_metadata_corr95,GPR,log,protocol_holdout,exploitation,9,12,29.771059860241163
LSD_Second,set5_features_metadata_corr95,GPR,log,protocol_holdout,exploitation,9,18,25.23094115970556
LSD_Second,set5_features_metadata_corr95,GPR,log,protocol_holdout,exploitation,9,24,18.382761270808867
LSD_Second,set5_features_metadata_corr95,GPR,log,protocol_holdout,exploitation,9,30,17.52354072200872
LSD_Second,set5_features_metadata_corr95,GPR,log,protocol_holdout,exploitation,9,36,17.83194974455641
LSD_Second,set5_features_metadata_corr95,GPR,log,protocol_holdout,exploitation,9,42,17.719059407403865
LSD_Second,set5_features_metadata_corr95,GPR,log,protocol_holdout,exploitation,9,48,18.94584250840762
LSD_Second,set5_features_metadata_corr95,GPR,log,protocol_holdout,exploitation,9,54,14.4195192754888
LSD_Second,set5_features_metadata_corr95,GPR,log,protocol_holdout,exploitation,9,58,14.413346257639397
LSD_Second,set5_features_metadata_corr95,GPR,log,protocol_holdout,exploitation,10,6,24.531064431644868
LSD_Second,set5_features_metadata_corr95,GPR,log,protocol_holdout,exploitation,10,12,23.764405077680458
LSD_Second,set5_features_metadata_corr95,GPR,log,protocol_holdout,exploitation,10,18,23.59805874161308
LSD_Second,set5_features_metadata_corr95,GPR,log,protocol_holdout,exploitation,10,24,20.39774883113105
LSD_Second,set5_features_metadata_corr95,GPR,log,protocol_holdout,exploitation,10,30,21.34139119958851
LSD_Second,set5_features_metadata_corr95,GPR,log,protocol_holdout,exploitation,10,36,21.279905648399847
LSD_Second,set5_features_metadata_corr95,GPR,log,protocol_holdout,exploitation,10,42,22.22459621372073
LSD_Second,set5_features_metadata_corr95,GPR,log,protocol_holdout,exploitation,10,48,20.82705195930514
LSD_Second,set5_features_metadata_corr95,GPR,log,protocol_holdout,exploitation,10,54,20.7795770852594
LSD_Second,set5_features_metadata_corr95,GPR,log,protocol_holdout,exploitation,10,58,20.28158506919506
LSD_Second,set5_features_metadata_corr95,GPR,log,protocol_holdout,hybrid,1,6,63.07999523668391
LSD_Second,set5_features_metadata_corr95,GPR,log,protocol_holdout,hybrid,1,12,37.04345424141547
LSD_Second,set5_features_metadata_corr95,GPR,log,protocol_holdout,hybrid,1,18,23.49472768563448
LSD_Second,set5_features_metadata_corr95,GPR,log,protocol_holdout,hybrid,1,24,25.07980613743233
LSD_Second,set5_features_metadata_corr95,GPR,log,protocol_holdout,hybrid,1,30,28.872580864406512
LSD_Second,set5_features_metadata_corr95,GPR,log,protocol_holdout,hybrid,1,36,19.632698510800857
LSD_Second,set5_features_metadata_corr95,GPR,log,protocol_holdout,hybrid,1,42,18.911033397807472
LSD_Second,set5_features_metadata_corr95,GPR,log,protocol_holdout,hybrid,1,48,18.64615031752612
LSD_Second,set5_features_metadata_corr95,GPR,log,protocol_holdout,hybrid,1,54,17.407712393941136
LSD_Second,set5_features_metadata_corr95,GPR,log,protocol_holdout,hybrid,1,58,16.768506642710797
LSD_Second,set5_features_metadata_corr95,GPR,log,protocol_holdout,hybrid,2,6,25.24179766796185
LSD_Second,set5_features_metadata_corr95,GPR,log,protocol_holdout,hybrid,2,12,15.300865836546294
LSD_Second,set5_features_metadata_corr95,GPR,log,protocol_holdout,hybrid,2,18,22.561846324329515
LSD_Second,set5_features_metadata_corr95,GPR,log,protocol_holdout,hybrid,2,24,18.94211211301277
LSD_Second,set5_features_metadata_corr95,GPR,log,protocol_holdout,hybrid,2,30,17.565136759955262
LSD_Second,set5_features_metadata_corr95,GPR,log,protocol_holdout,hybrid,2,36,19.727572245725657
LSD_Second,set5_features_metadata_corr95,GPR,log,protocol_holdout,hybrid,2,42,17.194014520203098
LSD_Second,set5_features_metadata_corr95,GPR,log,protocol_holdout,hybrid,2,48,20.60482022012167
LSD_Second,set5_features_metadata_corr95,GPR,log,protocol_holdout,hybrid,2,54,22.048600000639933
LSD_Second,set5_features_metadata_corr95,GPR,log,protocol_holdout,hybrid,2,58,21.696946188039103
LSD_Second,set5_features_metadata_corr95,GPR,log,protocol_holdout,hybrid,3,6,37.43664146176815
LSD_Second,set5_features_metadata_corr95,GPR,log,protocol_holdout,hybrid,3,12,28.108059410221152
LSD_Second,set5_features_metadata_corr95,GPR,log,protocol_holdout,hybrid,3,18,17.04499924000613
LSD_Second,set5_features_metadata_corr95,GPR,log,protocol_holdout,hybrid,3,24,16.11461730159428
LSD_Second,set5_features_metadata_corr95,GPR,log,protocol_holdout,hybrid,3,30,16.859265209627665
LSD_Second,set5_features_metadata_corr95,GPR,log,protocol_holdout,hybrid,3,36,16.68029946361982
LSD_Second,set5_features_metadata_corr95,GPR,log,protocol_holdout,hybrid,3,42,14.308981686703277
LSD_Second,set5_features_metadata_corr95,GPR,log,protocol_holdout,hybrid,3,48,14.898808484106956
LSD_Second,set5_features_metadata_corr95,GPR,log,protocol_holdout,hybrid,3,54,13.687808917606292
LSD_Second,set5_features_metadata_corr95,GPR,log,protocol_holdout,hybrid,3,58,13.779716391480562
LSD_Second,set5_features_metadata_corr95,GPR,log,protocol_holdout,hybrid,4,6,23.226194773600845
LSD_Second,set5_features_metadata_corr95,GPR,log,protocol_holdout,hybrid,4,12,20.98232093286866
LSD_Second,set5_features_metadata_corr95,GPR,log,protocol_holdout,hybrid,4,18,18.03549529195636
LSD_Second,set5_features_metadata_corr95,GPR,log,protocol_holdout,hybrid,4,24,26.16150641066371
LSD_Second,set5_features_metadata_corr95,GPR,log,protocol_holdout,hybrid,4,30,25.081834344680832
LSD_Second,set5_features_metadata_corr95,GPR,log,protocol_holdout,hybrid,4,36,28.430587466421454
LSD_Second,set5_features_metadata_corr95,GPR,log,protocol_holdout,hybrid,4,42,24.590689579075725
LSD_Second,set5_features_metadata_corr95,GPR,log,protocol_holdout,hybrid,4,48,23.12718123372959
LSD_Second,set5_features_metadata_corr95,GPR,log,protocol_holdout,hybrid,4,54,19.4549113036238
LSD_Second,set5_features_metadata_corr95,GPR,log,protocol_holdout,hybrid,4,58,19.6203849108308
LSD_Second,set5_features_metadata_corr95,GPR,log,protocol_holdout,hybrid,5,6,30.151577918366502
LSD_Second,set5_features_metadata_corr95,GPR,log,protocol_holdout,hybrid,5,12,19.74336841740038
LSD_Second,set5_features_metadata_corr95,GPR,log,protocol_holdout,hybrid,5,18,17.07428463072605
LSD_Second,set5_features_metadata_corr95,GPR,log,protocol_holdout,hybrid,5,24,18.40611633740672
LSD_Second,set5_features_metadata_corr95,GPR,log,protocol_holdout,hybrid,5,30,19.641984232582672
LSD_Second,set5_features_metadata_corr95,GPR,log,protocol_holdout,hybrid,5,36,17.924873972430586
LSD_Second,set5_features_metadata_corr95,GPR,log,protocol_holdout,hybrid,5,42,18.63808163524648
LSD_Second,set5_features_metadata_corr95,GPR,log,protocol_holdout,hybrid,5,48,18.92543425866701
LSD_Second,set5_features_metadata_corr95,GPR,log,protocol_holdout,hybrid,5,54,17.83345002923773
LSD_Second,set5_features_metadata_corr95,GPR,log,protocol_holdout,hybrid,5,58,17.814736834709713
LSD_Second,set5_features_metadata_corr95,GPR,log,protocol_holdout,hybrid,6,6,30.905744634783577
LSD_Second,set5_features_metadata_corr95,GPR,log,protocol_holdout,hybrid,6,12,25.040379845093124
LSD_Second,set5_features_metadata_corr95,GPR,log,protocol_holdout,hybrid,6,18,16.43890987165262
LSD_Second,set5_features_metadata_corr95,GPR,log,protocol_holdout,hybrid,6,24,16.192335164544414
LSD_Second,set5_features_metadata_corr95,GPR,log,protocol_holdout,hybrid,6,30,14.064644308257982
LSD_Second,set5_features_metadata_corr95,GPR,log,protocol_holdout,hybrid,6,36,10.510176557281724
LSD_Second,set5_features_metadata_corr95,GPR,log,protocol_holdout,hybrid,6,42,12.2751623215951
LSD_Second,set5_features_metadata_corr95,GPR,log,protocol_holdout,hybrid,6,48,13.035706077385475
LSD_Second,set5_features_metadata_corr95,GPR,log,protocol_holdout,hybrid,6,54,14.963646322524236
LSD_Second,set5_features_metadata_corr95,GPR,log,protocol_holdout,hybrid,6,58,14.190081180598929
LSD_Second,set5_features_metadata_corr95,GPR,log,protocol_holdout,hybrid,7,6,32.86465996811416
LSD_Second,set5_features_metadata_corr95,GPR,log,protocol_holdout,hybrid,7,12,51.92651672011351
LSD_Second,set5_features_metadata_corr95,GPR,log,protocol_holdout,hybrid,7,18,43.30244974846288
LSD_Second,set5_features_metadata_corr95,GPR,log,protocol_holdout,hybrid,7,24,38.67234183697466
LSD_Second,set5_features_metadata_corr95,GPR,log,protocol_holdout,hybrid,7,30,54.97051985193247
LSD_Second,set5_features_metadata_corr95,GPR,log,protocol_holdout,hybrid,7,36,25.307463603863788
LSD_Second,set5_features_metadata_corr95,GPR,log,protocol_holdout,hybrid,7,42,26.83192443446381
LSD_Second,set5_features_metadata_corr95,GPR,log,protocol_holdout,hybrid,7,48,29.165159565201325
LSD_Second,set5_features_metadata_corr95,GPR,log,protocol_holdout,hybrid,7,54,28.40609156161188
LSD_Second,set5_features_metadata_corr95,GPR,log,protocol_holdout,hybrid,7,58,23.260943809093646
LSD_Second,set5_features_metadata_corr95,GPR,log,protocol_holdout,hybrid,8,6,34.02696962697526
LSD_Second,set5_features_metadata_corr95,GPR,log,protocol_holdout,hybrid,8,12,23.92854129117895
LSD_Second,set5_features_metadata_corr95,GPR,log,protocol_holdout,hybrid,8,18,19.9497891211354
LSD_Second,set5_features_metadata_corr95,GPR,log,protocol_holdout,hybrid,8,24,19.6964834384449
LSD_Second,set5_features_metadata_corr95,GPR,log,protocol_holdout,hybrid,8,30,20.722563031222112
LSD_Second,set5_features_metadata_corr95,GPR,log,protocol_holdout,hybrid,8,36,19.85990971518355
LSD_Second,set5_features_metadata_corr95,GPR,log,protocol_holdout,hybrid,8,42,16.54776830015429
LSD_Second,set5_features_metadata_corr95,GPR,log,protocol_holdout,hybrid,8,48,17.2025708231685
LSD_Second,set5_features_metadata_corr95,GPR,log,protocol_holdout,hybrid,8,54,16.7587440142644
LSD_Second,set5_features_metadata_corr95,GPR,log,protocol_holdout,hybrid,8,58,18.191625584084115
LSD_Second,set5_features_metadata_corr95,GPR,log,protocol_holdout,hybrid,9,6,27.247474475053927
LSD_Second,set5_features_metadata_corr95,GPR,log,protocol_holdout,hybrid,9,12,20.356932132225005
LSD_Second,set5_features_metadata_corr95,GPR,log,protocol_holdout,hybrid,9,18,23.5332153972354
LSD_Second,set5_features_metadata_corr95,GPR,log,protocol_holdout,hybrid,9,24,18.61234126207445
LSD_Second,set5_features_metadata_corr95,GPR,log,protocol_holdout,hybrid,9,30,18.826562893447093
LSD_Second,set5_features_metadata_corr95,GPR,log,protocol_holdout,hybrid,9,36,17.409625145693468
LSD_Second,set5_features_metadata_corr95,GPR,log,protocol_holdout,hybrid,9,42,18.188298199824924
LSD_Second,set5_features_metadata_corr95,GPR,log,protocol_holdout,hybrid,9,48,14.050523413823475
LSD_Second,set5_features_metadata_corr95,GPR,log,protocol_holdout,hybrid,9,54,13.661708021135617
LSD_Second,set5_features_metadata_corr95,GPR,log,protocol_holdout,hybrid,9,58,14.413346257639397
LSD_Second,set5_features_metadata_corr95,GPR,log,protocol_holdout,hybrid,10,6,24.531064431644868
LSD_Second,set5_features_metadata_corr95,GPR,log,protocol_holdout,hybrid,10,12,23.849474425914053
LSD_Second,set5_features_metadata_corr95,GPR,log,protocol_holdout,hybrid,10,18,26.03000313235704
LSD_Second,set5_features_metadata_corr95,GPR,log,protocol_holdout,hybrid,10,24,26.93588371986577
LSD_Second,set5_features_metadata_corr95,GPR,log,protocol_holdout,hybrid,10,30,22.79418513813833
LSD_Second,set5_features_metadata_corr95,GPR,log,protocol_holdout,hybrid,10,36,21.46706197277504
LSD_Second,set5_features_metadata_corr95,GPR,log,protocol_holdout,hybrid,10,42,27.75988446959462
LSD_Second,set5_features_metadata_corr95,GPR,log,protocol_holdout,hybrid,10,48,24.06398558029968
LSD_Second,set5_features_metadata_corr95,GPR,log,protocol_holdout,hybrid,10,54,21.796532487232792
LSD_Second,set5_features_metadata_corr95,GPR,log,protocol_holdout,hybrid,10,58,20.28158506919506
HUST,set5_features_metadata_corr95,GPR,log,protocol_holdout,random_selection,1,6,11.959805591368026
HUST,set5_features_metadata_corr95,GPR,log,protocol_holdout,random_selection,1,12,13.078280617916477
HUST,set5_features_metadata_corr95,GPR,log,protocol_holdout,random_selection,1,18,13.12592338617337
HUST,set5_features_metadata_corr95,GPR,log,protocol_holdout,random_selection,1,24,11.830952546186127
HUST,set5_features_metadata_corr95,GPR,log,protocol_holdout,random_selection,1,30,10.36297642590808
HUST,set5_features_metadata_corr95,GPR,log,protocol_holdout,random_selection,1,36,10.28691019028387
HUST,set5_features_metadata_corr95,GPR,log,protocol_holdout,random_selection,1,42,9.846098185146689
HUST,set5_features_metadata_corr95,GPR,log,protocol_holdout,random_selection,1,48,8.633617772260681
HUST,set5_features_metadata_corr95,GPR,log,protocol_holdout,random_selection,1,54,8.363735562474472
HUST,set5_features_metadata_corr95,GPR,log,protocol_holdout,random_selection,1,60,8.675833754575894
HUST,set5_features_metadata_corr95,GPR,log,protocol_holdout,random_selection,1,62,8.410525008972808
HUST,set5_features_metadata_corr95,GPR,log,protocol_holdout,random_selection,2,6,18.262565121743567
HUST,set5_features_metadata_corr95,GPR,log,protocol_holdout,random_selection,2,12,15.429900645264729
HUST,set5_features_metadata_corr95,GPR,log,protocol_holdout,random_selection,2,18,12.522424425513709
HUST,set5_features_metadata_corr95,GPR,log,protocol_holdout,random_selection,2,24,13.865199579611511
HUST,set5_features_metadata_corr95,GPR,log,protocol_holdout,random_selection,2,30,13.81387880556399
HUST,set5_features_metadata_corr95,GPR,log,protocol_holdout,random_selection,2,36,14.30941064658666
HUST,set5_features_metadata_corr95,GPR,log,protocol_holdout,random_selection,2,42,14.094585179966773
HUST,set5_features_metadata_corr95,GPR,log,protocol_holdout,random_selection,2,48,13.896578153238623
HUST,set5_features_metadata_corr95,GPR,log,protocol_holdout,random_selection,2,54,13.45672857129752
HUST,set5_features_metadata_corr95,GPR,log,protocol_holdout,random_selection,2,60,12.092901206773508
HUST,set5_features_metadata_corr95,GPR,log,protocol_holdout,random_selection,2,62,12.0750557404429
HUST,set5_features_metadata_corr95,GPR,log,protocol_holdout,random_selection,3,6,15.72580168681183
HUST,set5_features_metadata_corr95,GPR,log,protocol_holdout,random_selection,3,12,16.98628821871429
HUST,set5_features_metadata_corr95,GPR,log,protocol_holdout,random_selection,3,18,17.04763605376965
HUST,set5_features_metadata_corr95,GPR,log,protocol_holdout,random_selection,3,24,15.931519588237425
HUST,set5_features_metadata_corr95,GPR,log,protocol_holdout,random_selection,3,30,12.679551824089302
HUST,set5_features_metadata_corr95,GPR,log,protocol_holdout,random_selection,3,36,11.662879951223966
HUST,set5_features_metadata_corr95,GPR,log,protocol_holdout,random_selection,3,42,7.30260546229559
HUST,set5_features_metadata_corr95,GPR,log,protocol_holdout,random_selection,3,48,8.67147297017039
HUST,set5_features_metadata_corr95,GPR,log,protocol_holdout,random_selection,3,54,11.14550401918942
HUST,set5_features_metadata_corr95,GPR,log,protocol_holdout,random_selection,3,60,10.066088235469344
HUST,set5_features_metadata_corr95,GPR,log,protocol_holdout,random_selection,3,62,9.507169299871794
HUST,set5_features_metadata_corr95,GPR,log,protocol_holdout,random_selection,4,6,11.541071078811276
HUST,set5_features_metadata_corr95,GPR,log,protocol_holdout,random_selection,4,12,14.3391524012012
HUST,set5_features_metadata_corr95,GPR,log,protocol_holdout,random_selection,4,18,13.330529844037237
HUST,set5_features_metadata_corr95,GPR,log,protocol_holdout,random_selection,4,24,13.509218204933038
HUST,set5_features_metadata_corr95,GPR,log,protocol_holdout,random_selection,4,30,12.494455269647144
HUST,set5_features_metadata_corr95,GPR,log,protocol_holdout,random_selection,4,36,11.67222787452534
HUST,set5_features_metadata_corr95,GPR,log,protocol_holdout,random_selection,4,42,10.88935533856828
HUST,set5_features_metadata_corr95,GPR,log,protocol_holdout,random_selection,4,48,11.10565655548188
HUST,set5_features_metadata_corr95,GPR,log,protocol_holdout,random_selection,4,54,11.071184433611098
HUST,set5_features_metadata_corr95,GPR,log,protocol_holdout,random_selection,4,60,9.72849930926431
HUST,set5_features_metadata_corr95,GPR,log,protocol_holdout,random_selection,4,62,10.176974861530828
HUST,set5_features_metadata_corr95,GPR,log,protocol_holdout,random_selection,5,6,12.166947676629208
HUST,set5_features_metadata_corr95,GPR,log,protocol_holdout,random_selection,5,12,13.321832005854798
HUST,set5_features_metadata_corr95,GPR,log,protocol_holdout,random_selection,5,18,14.610140416890468
HUST,set5_features_metadata_corr95,GPR,log,protocol_holdout,random_selection,5,24,13.555868466362936
HUST,set5_features_metadata_corr95,GPR,log,protocol_holdout,random_selection,5,30,13.373738900299434
HUST,set5_features_metadata_corr95,GPR,log,protocol_holdout,random_selection,5,36,13.308163656977298
HUST,set5_features_metadata_corr95,GPR,log,protocol_holdout,random_selection,5,42,12.50804185930107
HUST,set5_features_metadata_corr95,GPR,log,protocol_holdout,random_selection,5,48,12.67869167533407
HUST,set5_features_metadata_corr95,GPR,log,protocol_holdout,random_selection,5,54,11.567930051358918
HUST,set5_features_metadata_corr95,GPR,log,protocol_holdout,random_selection,5,60,11.667199360840703
HUST,set5_features_metadata_corr95,GPR,log,protocol_holdout,random_selection,5,62,11.577524693483108
HUST,set5_features_metadata_corr95,GPR,log,protocol_holdout,random_selection,6,6,19.491762994587887
HUST,set5_features_metadata_corr95,GPR,log,protocol_holdout,random_selection,6,12,18.6448895852603
HUST,set5_features_metadata_corr95,GPR,log,protocol_holdout,random_selection,6,18,13.122557846867638
HUST,set5_features_metadata_corr95,GPR,log,protocol_holdout,random_selection,6,24,13.812178592831309
HUST,set5_features_metadata_corr95,GPR,log,protocol_holdout,random_selection,6,30,6.930131908865299
HUST,set5_features_metadata_corr95,GPR,log,protocol_holdout,random_selection,6,36,9.256753265281644
HUST,set5_features_metadata_corr95,GPR,log,protocol_holdout,random_selection,6,42,7.675074170321078
HUST,set5_features_metadata_corr95,GPR,log,protocol_holdout,random_selection,6,48,8.496822681426883
HUST,set5_features_metadata_corr95,GPR,log,protocol_holdout,random_selection,6,54,8.278712334310272
HUST,set5_features_metadata_corr95,GPR,log,protocol_holdout,random_selection,6,60,8.40414824660558
HUST,set5_features_metadata_corr95,GPR,log,protocol_holdout,random_selection,6,62,8.697777974236216
HUST,set5_features_metadata_corr95,GPR,log,protocol_holdout,random_selection,7,6,32.1967290991519
HUST,set5_features_metadata_corr95,GPR,log,protocol_holdout,random_selection,7,12,27.907312026712667
HUST,set5_features_metadata_corr95,GPR,log,protocol_holdout,random_selection,7,18,22.8363867245212
HUST,set5_features_metadata_corr95,GPR,log,protocol_holdout,random_selection,7,24,20.8825931269044
HUST,set5_features_metadata_corr95,GPR,log,protocol_holdout,random_selection,7,30,20.88464516268316
HUST,set5_features_metadata_corr95,GPR,log,protocol_holdout,random_selection,7,36,19.99786303090916
HUST,set5_features_metadata_corr95,GPR,log,protocol_holdout,random_selection,7,42,17.35572309052637
HUST,set5_features_metadata_corr95,GPR,log,protocol_holdout,random_selection,7,48,14.7233944818448
HUST,set5_features_metadata_corr95,GPR,log,protocol_holdout,random_selection,7,54,14.74114370615496
HUST,set5_features_metadata_corr95,GPR,log,protocol_holdout,random_selection,7,60,14.365260696694262
HUST,set5_features_metadata_corr95,GPR,log,protocol_holdout,random_selection,7,62,12.133386034130185
HUST,set5_features_metadata_corr95,GPR,log,protocol_holdout,random_selection,8,6,24.940209014005447
HUST,set5_features_metadata_corr95,GPR,log,protocol_holdout,random_selection,8,12,16.618249218609872
HUST,set5_features_metadata_corr95,GPR,log,protocol_holdout,random_selection,8,18,18.501612240100243
HUST,set5_features_metadata_corr95,GPR,log,protocol_holdout,random_selection,8,24,16.002020311515107
HUST,set5_features_metadata_corr95,GPR,log,protocol_holdout,random_selection,8,30,15.408045367441714
HUST,set5_features_metadata_corr95,GPR,log,protocol_holdout,random_selection,8,36,15.912916748152384
HUST,set5_features_metadata_corr95,GPR,log,protocol_holdout,random_selection,8,42,15.57907894362049
HUST,set5_features_metadata_corr95,GPR,log,protocol_holdout,random_selection,8,48,16.87667114956968
HUST,set5_features_metadata_corr95,GPR,log,protocol_holdout,random_selection,8,54,15.388469948596043
HUST,set5_features_metadata_corr95,GPR,log,protocol_holdout,random_selection,8,60,15.247851875318588
HUST,set5_features_metadata_corr95,GPR,log,protocol_holdout,random_selection,8,62,14.403286510232974
HUST,set5_features_metadata_corr95,GPR,log,protocol_holdout,random_selection,9,6,15.529474216948108
HUST,set5_features_metadata_corr95,GPR,log,protocol_holdout,random_selection,9,12,12.406200856675168
HUST,set5_features_metadata_corr95,GPR,log,protocol_holdout,random_selection,9,18,12.03806708433312
HUST,set5_features_metadata_corr95,GPR,log,protocol_holdout,random_selection,9,24,11.31882812618842
HUST,set5_features_metadata_corr95,GPR,log,protocol_holdout,random_selection,9,30,11.740184509015462
HUST,set5_features_metadata_corr95,GPR,log,protocol_holdout,random_selection,9,36,11.096090343704248
HUST,set5_features_metadata_corr95,GPR,log,protocol_holdout,random_selection,9,42,11.41637396821364
HUST,set5_features_metadata_corr95,GPR,log,protocol_holdout,random_selection,9,48,11.078423027225073
HUST,set5_features_metadata_corr95,GPR,log,protocol_holdout,random_selection,9,54,11.300612234646538
HUST,set5_features_metadata_corr95,GPR,log,protocol_holdout,random_selection,9,60,10.3831610767817
HUST,set5_features_metadata_corr95,GPR,log,protocol_holdout,random_selection,9,62,10.018797175110745
HUST,set5_features_metadata_corr95,GPR,log,protocol_holdout,random_selection,10,6,24.28771674403846
HUST,set5_features_metadata_corr95,GPR,log,protocol_holdout,random_selection,10,12,18.324439662044647
HUST,set5_features_metadata_corr95,GPR,log,protocol_holdout,random_selection,10,18,23.876515206254503
HUST,set5_features_metadata_corr95,GPR,log,protocol_holdout,random_selection,10,24,15.589819558782834
HUST,set5_features_metadata_corr95,GPR,log,protocol_holdout,random_selection,10,30,14.371153456949726
HUST,set5_features_metadata_corr95,GPR,log,protocol_holdout,random_selection,10,36,11.543515320817477
HUST,set5_features_metadata_corr95,GPR,log,protocol_holdout,random_selection,10,42,11.126087717074968
HUST,set5_features_metadata_corr95,GPR,log,protocol_holdout,random_selection,10,48,11.655919253486498
HUST,set5_features_metadata_corr95,GPR,log,protocol_holdout,random_selection,10,54,10.238223889337071
HUST,set5_features_metadata_corr95,GPR,log,protocol_holdout,random_selection,10,60,11.41398118461978
HUST,set5_features_metadata_corr95,GPR,log,protocol_holdout,random_selection,10,62,11.37791335154156
HUST,set5_features_metadata_corr95,GPR,log,protocol_holdout,diversity_oneshot,1,6,11.792552509726685
HUST,set5_features_metadata_corr95,GPR,log,protocol_holdout,diversity_oneshot,1,12,13.00903898780555
HUST,set5_features_metadata_corr95,GPR,log,protocol_holdout,diversity_oneshot,1,18,8.666460586229285
HUST,set5_features_metadata_corr95,GPR,log,protocol_holdout,diversity_oneshot,1,24,8.794630795118195
HUST,set5_features_metadata_corr95,GPR,log,protocol_holdout,diversity_oneshot,1,30,12.894534248840367
HUST,set5_features_metadata_corr95,GPR,log,protocol_holdout,diversity_oneshot,1,36,8.962986256279798
HUST,set5_features_metadata_corr95,GPR,log,protocol_holdout,diversity_oneshot,1,42,8.171373409910895
HUST,set5_features_metadata_corr95,GPR,log,protocol_holdout,diversity_oneshot,1,48,9.707431837017293
HUST,set5_features_metadata_corr95,GPR,log,protocol_holdout,diversity_oneshot,1,54,8.353593784232359
HUST,set5_features_metadata_corr95,GPR,log,protocol_holdout,diversity_oneshot,1,60,8.34546402400648
HUST,set5_features_metadata_corr95,GPR,log,protocol_holdout,diversity_oneshot,1,62,8.410525008972808
HUST,set5_features_metadata_corr95,GPR,log,protocol_holdout,diversity_oneshot,2,6,22.608725486186646
HUST,set5_features_metadata_corr95,GPR,log,protocol_holdout,diversity_oneshot,2,12,22.49447666678537
HUST,set5_features_metadata_corr95,GPR,log,protocol_holdout,diversity_oneshot,2,18,16.140129507296777
HUST,set5_features_metadata_corr95,GPR,log,protocol_holdout,diversity_oneshot,2,24,16.10742093232956
HUST,set5_features_metadata_corr95,GPR,log,protocol_holdout,diversity_oneshot,2,30,14.815085876235567
HUST,set5_features_metadata_corr95,GPR,log,protocol_holdout,diversity_oneshot,2,36,14.65300284670372
HUST,set5_features_metadata_corr95,GPR,log,protocol_holdout,diversity_oneshot,2,42,12.277791670035535
HUST,set5_features_metadata_corr95,GPR,log,protocol_holdout,diversity_oneshot,2,48,11.848130229984513
HUST,set5_features_metadata_corr95,GPR,log,protocol_holdout,diversity_oneshot,2,54,11.534030580733546
HUST,set5_features_metadata_corr95,GPR,log,protocol_holdout,diversity_oneshot,2,60,10.908017503186464
HUST,set5_features_metadata_corr95,GPR,log,protocol_holdout,diversity_oneshot,2,62,12.0750557404429
HUST,set5_features_metadata_corr95,GPR,log,protocol_holdout,diversity_oneshot,3,6,17.675816069887755
HUST,set5_features_metadata_corr95,GPR,log,protocol_holdout,diversity_oneshot,3,12,15.959613483246343
HUST,set5_features_metadata_corr95,GPR,log,protocol_holdout,diversity_oneshot,3,18,17.403280504051153
HUST,set5_features_metadata_corr95,GPR,log,protocol_holdout,diversity_oneshot,3,24,16.75287119464879
HUST,set5_features_metadata_corr95,GPR,log,protocol_holdout,diversity_oneshot,3,30,14.235021179916904
HUST,set5_features_metadata_corr95,GPR,log,protocol_holdout,diversity_oneshot,3,36,13.54691933970146
HUST,set5_features_metadata_corr95,GPR,log,protocol_holdout,diversity_oneshot,3,42,13.831124156682332
HUST,set5_features_metadata_corr95,GPR,log,protocol_holdout,diversity_oneshot,3,48,13.018008026996783
HUST,set5_features_metadata_corr95,GPR,log,protocol_holdout,diversity_oneshot,3,54,11.030168378466676
HUST,set5_features_metadata_corr95,GPR,log,protocol_holdout,diversity_oneshot,3,60,10.206650453879256
HUST,set5_features_metadata_corr95,GPR,log,protocol_holdout,diversity_oneshot,3,62,9.507169299871794
HUST,set5_features_metadata_corr95,GPR,log,protocol_holdout,diversity_oneshot,4,6,13.441031821014244
HUST,set5_features_metadata_corr95,GPR,log,protocol_holdout,diversity_oneshot,4,12,12.359228461971169
HUST,set5_features_metadata_corr95,GPR,log,protocol_holdout,diversity_oneshot,4,18,10.28869331282441
HUST,set5_features_metadata_corr95,GPR,log,protocol_holdout,diversity_oneshot,4,24,11.09497177009428
HUST,set5_features_metadata_corr95,GPR,log,protocol_holdout,diversity_oneshot,4,30,12.647585708846728
HUST,set5_features_metadata_corr95,GPR,log,protocol_holdout,diversity_oneshot,4,36,11.071477777568967
HUST,set5_features_metadata_corr95,GPR,log,protocol_holdout,diversity_oneshot,4,42,11.182069495252223
HUST,set5_features_metadata_corr95,GPR,log,protocol_holdout,diversity_oneshot,4,48,10.817125548228557
HUST,set5_features_metadata_corr95,GPR,log,protocol_holdout,diversity_oneshot,4,54,10.971666024037232
HUST,set5_features_metadata_corr95,GPR,log,protocol_holdout,diversity_oneshot,4,60,9.397786894135685
HUST,set5_features_metadata_corr95,GPR,log,protocol_holdout,diversity_oneshot,4,62,10.176974861530828
HUST,set5_features_metadata_corr95,GPR,log,protocol_holdout,diversity_oneshot,5,6,22.75727202821964
HUST,set5_features_metadata_corr95,GPR,log,protocol_holdout,diversity_oneshot,5,12,15.922216194465658
HUST,set5_features_metadata_corr95,GPR,log,protocol_holdout,diversity_oneshot,5,18,13.912452283261652
HUST,set5_features_metadata_corr95,GPR,log,protocol_holdout,diversity_oneshot,5,24,11.05129133687672
HUST,set5_features_metadata_corr95,GPR,log,protocol_holdout,diversity_oneshot,5,30,12.10490557320152
HUST,set5_features_metadata_corr95,GPR,log,protocol_holdout,diversity_oneshot,5,36,12.443173190860012
HUST,set5_features_metadata_corr95,GPR,log,protocol_holdout,diversity_oneshot,5,42,11.274547292538385
HUST,set5_features_metadata_corr95,GPR,log,protocol_holdout,diversity_oneshot,5,48,11.47394895388572
HUST,set5_features_metadata_corr95,GPR,log,protocol_holdout,diversity_oneshot,5,54,12.065092806596535
HUST,set5_features_metadata_corr95,GPR,log,protocol_holdout,diversity_oneshot,5,60,11.618323827128314
HUST,set5_features_metadata_corr95,GPR,log,protocol_holdout,diversity_oneshot,5,62,11.577524693483108
HUST,set5_features_metadata_corr95,GPR,log,protocol_holdout,diversity_oneshot,6,6,17.769188915573302
HUST,set5_features_metadata_corr95,GPR,log,protocol_holdout,diversity_oneshot,6,12,15.250108892391454
HUST,set5_features_metadata_corr95,GPR,log,protocol_holdout,diversity_oneshot,6,18,20.2235164916002
HUST,set5_features_metadata_corr95,GPR,log,protocol_holdout,diversity_oneshot,6,24,16.96731686007266
HUST,set5_features_metadata_corr95,GPR,log,protocol_holdout,diversity_oneshot,6,30,16.970363422918517
HUST,set5_features_metadata_corr95,GPR,log,protocol_holdout,diversity_oneshot,6,36,16.476483957076468
HUST,set5_features_metadata_corr95,GPR,log,protocol_holdout,diversity_oneshot,6,42,16.354165993116546
HUST,set5_features_metadata_corr95,GPR,log,protocol_holdout,diversity_oneshot,6,48,15.083043531872104
HUST,set5_features_metadata_corr95,GPR,log,protocol_holdout,diversity_oneshot,6,54,11.828009208814876
HUST,set5_features_metadata_corr95,GPR,log,protocol_holdout,diversity_oneshot,6,60,8.476519210716155
HUST,set5_features_metadata_corr95,GPR,log,protocol_holdout,diversity_oneshot,6,62,8.697777974236216
HUST,set5_features_metadata_corr95,GPR,log,protocol_holdout,diversity_oneshot,7,6,25.5228427845898
HUST,set5_features_metadata_corr95,GPR,log,protocol_holdout,diversity_oneshot,7,12,20.52091376510397
HUST,set5_features_metadata_corr95,GPR,log,protocol_holdout,diversity_oneshot,7,18,21.00047527024919
HUST,set5_features_metadata_corr95,GPR,log,protocol_holdout,diversity_oneshot,7,24,16.777851882572005
HUST,set5_features_metadata_corr95,GPR,log,protocol_holdout,diversity_oneshot,7,30,17.497188045303183
HUST,set5_features_metadata_corr95,GPR,log,protocol_holdout,diversity_oneshot,7,36,16.478835982470976
HUST,set5_features_metadata_corr95,GPR,log,protocol_holdout,diversity_oneshot,7,42,17.09082619845095
HUST,set5_features_metadata_corr95,GPR,log,protocol_holdout,diversity_oneshot,7,48,15.451893552542554
HUST,set5_features_metadata_corr95,GPR,log,protocol_holdout,diversity_oneshot,7,54,13.01263062005996
HUST,set5_features_metadata_corr95,GPR,log,protocol_holdout,diversity_oneshot,7,60,12.344857213393372
HUST,set5_features_metadata_corr95,GPR,log,protocol_holdout,diversity_oneshot,7,62,12.133386034130185
HUST,set5_features_metadata_corr95,GPR,log,protocol_holdout,diversity_oneshot,8,6,18.53535842214845
HUST,set5_features_metadata_corr95,GPR,log,protocol_holdout,diversity_oneshot,8,12,19.5751431428895
HUST,set5_features_metadata_corr95,GPR,log,protocol_holdout,diversity_oneshot,8,18,16.759301967678343
HUST,set5_features_metadata_corr95,GPR,log,protocol_holdout,diversity_oneshot,8,24,17.893025504919287
HUST,set5_features_metadata_corr95,GPR,log,protocol_holdout,diversity_oneshot,8,30,18.17141321666062
HUST,set5_features_metadata_corr95,GPR,log,protocol_holdout,diversity_oneshot,8,36,19.34442253618546
HUST,set5_features_metadata_corr95,GPR,log,protocol_holdout,diversity_oneshot,8,42,16.397607167692367
HUST,set5_features_metadata_corr95,GPR,log,protocol_holdout,diversity_oneshot,8,48,15.821189432306198
HUST,set5_features_metadata_corr95,GPR,log,protocol_holdout,diversity_oneshot,8,54,15.262018673973602
HUST,set5_features_metadata_corr95,GPR,log,protocol_holdout,diversity_oneshot,8,60,14.773202287095492
HUST,set5_features_metadata_corr95,GPR,log,protocol_holdout,diversity_oneshot,8,62,14.403286510232974
HUST,set5_features_metadata_corr95,GPR,log,protocol_holdout,diversity_oneshot,9,6,17.500015917909657
HUST,set5_features_metadata_corr95,GPR,log,protocol_holdout,diversity_oneshot,9,12,13.781220626751582
HUST,set5_features_metadata_corr95,GPR,log,protocol_holdout,diversity_oneshot,9,18,13.60717543781115
HUST,set5_features_metadata_corr95,GPR,log,protocol_holdout,diversity_oneshot,9,24,13.355203162498782
HUST,set5_features_metadata_corr95,GPR,log,protocol_holdout,diversity_oneshot,9,30,11.844906630488762
HUST,set5_features_metadata_corr95,GPR,log,protocol_holdout,diversity_oneshot,9,36,10.090910037227657
HUST,set5_features_metadata_corr95,GPR,log,protocol_holdout,diversity_oneshot,9,42,10.898065838620209
HUST,set5_features_metadata_corr95,GPR,log,protocol_holdout,diversity_oneshot,9,48,9.819507092499322
HUST,set5_features_metadata_corr95,GPR,log,protocol_holdout,diversity_oneshot,9,54,9.8928981509664
HUST,set5_features_metadata_corr95,GPR,log,protocol_holdout,diversity_oneshot,9,60,9.796035652857908
HUST,set5_features_metadata_corr95,GPR,log,protocol_holdout,diversity_oneshot,9,62,10.018797175110745
HUST,set5_features_metadata_corr95,GPR,log,protocol_holdout,diversity_oneshot,10,6,31.581709671806284
HUST,set5_features_metadata_corr95,GPR,log,protocol_holdout,diversity_oneshot,10,12,14.236839257147484
HUST,set5_features_metadata_corr95,GPR,log,protocol_holdout,diversity_oneshot,10,18,14.344386271341062
HUST,set5_features_metadata_corr95,GPR,log,protocol_holdout,diversity_oneshot,10,24,13.085697384086483
HUST,set5_features_metadata_corr95,GPR,log,protocol_holdout,diversity_oneshot,10,30,11.499383455454955
HUST,set5_features_metadata_corr95,GPR,log,protocol_holdout,diversity_oneshot,10,36,13.46449775233941
HUST,set5_features_metadata_corr95,GPR,log,protocol_holdout,diversity_oneshot,10,42,12.77254735906286
HUST,set5_features_metadata_corr95,GPR,log,protocol_holdout,diversity_oneshot,10,48,12.04836967378428
HUST,set5_features_metadata_corr95,GPR,log,protocol_holdout,diversity_oneshot,10,54,10.948609732061412
HUST,set5_features_metadata_corr95,GPR,log,protocol_holdout,diversity_oneshot,10,60,11.514010762200156
HUST,set5_features_metadata_corr95,GPR,log,protocol_holdout,diversity_oneshot,10,62,11.37791335154156
HUST,set5_features_metadata_corr95,GPR,log,protocol_holdout,diversity_iterative,1,6,11.792552509726685
HUST,set5_features_metadata_corr95,GPR,log,protocol_holdout,diversity_iterative,1,12,10.250627944805135
HUST,set5_features_metadata_corr95,GPR,log,protocol_holdout,diversity_iterative,1,18,8.516395774279834
HUST,set5_features_metadata_corr95,GPR,log,protocol_holdout,diversity_iterative,1,24,8.543891254284036
HUST,set5_features_metadata_corr95,GPR,log,protocol_holdout,diversity_iterative,1,30,9.547322524422654
HUST,set5_features_metadata_corr95,GPR,log,protocol_holdout,diversity_iterative,1,36,9.581351185609297
HUST,set5_features_metadata_corr95,GPR,log,protocol_holdout,diversity_iterative,1,42,9.086180850273744
HUST,set5_features_metadata_corr95,GPR,log,protocol_holdout,diversity_iterative,1,48,8.717535511371945
HUST,set5_features_metadata_corr95,GPR,log,protocol_holdout,diversity_iterative,1,54,8.365276173195626
HUST,set5_features_metadata_corr95,GPR,log,protocol_holdout,diversity_iterative,1,60,8.001033284878043
HUST,set5_features_metadata_corr95,GPR,log,protocol_holdout,diversity_iterative,1,62,8.410525008972808
HUST,set5_features_metadata_corr95,GPR,log,protocol_holdout,diversity_iterative,2,6,22.608725486186646
HUST,set5_features_metadata_corr95,GPR,log,protocol_holdout,diversity_iterative,2,12,19.113932622859345
HUST,set5_features_metadata_corr95,GPR,log,protocol_holdout,diversity_iterative,2,18,16.18759380130472
HUST,set5_features_metadata_corr95,GPR,log,protocol_holdout,diversity_iterative,2,24,14.440234262221798
HUST,set5_features_metadata_corr95,GPR,log,protocol_holdout,diversity_iterative,2,30,14.766476824702384
HUST,set5_features_metadata_corr95,GPR,log,protocol_holdout,diversity_iterative,2,36,16.277943261581214
HUST,set5_features_metadata_corr95,GPR,log,protocol_holdout,diversity_iterative,2,42,15.528059023247309
HUST,set5_features_metadata_corr95,GPR,log,protocol_holdout,diversity_iterative,2,48,15.298081929695767
HUST,set5_features_metadata_corr95,GPR,log,protocol_holdout,diversity_iterative,2,54,14.308326829115169
HUST,set5_features_metadata_corr95,GPR,log,protocol_holdout,diversity_iterative,2,60,12.624270207641628
HUST,set5_features_metadata_corr95,GPR,log,protocol_holdout,diversity_iterative,2,62,12.0750557404429
HUST,set5_features_metadata_corr95,GPR,log,protocol_holdout,diversity_iterative,3,6,17.675816069887755
HUST,set5_features_metadata_corr95,GPR,log,protocol_holdout,diversity_iterative,3,12,14.820363225576818
HUST,set5_features_metadata_corr95,GPR,log,protocol_holdout,diversity_iterative,3,18,16.74599857519611
HUST,set5_features_metadata_corr95,GPR,log,protocol_holdout,diversity_iterative,3,24,15.78986475003216
HUST,set5_features_metadata_corr95,GPR,log,protocol_holdout,diversity_iterative,3,30,15.63409409532193
HUST,set5_features_metadata_corr95,GPR,log,protocol_holdout,diversity_iterative,3,36,15.306222570195237
HUST,set5_features_metadata_corr95,GPR,log,protocol_holdout,diversity_iterative,3,42,13.256594373970271
HUST,set5_features_metadata_corr95,GPR,log,protocol_holdout,diversity_iterative,3,48,13.901262967096498
HUST,set5_features_metadata_corr95,GPR,log,protocol_holdout,diversity_iterative,3,54,13.690009856500035
HUST,set5_features_metadata_corr95,GPR,log,protocol_holdout,diversity_iterative,3,60,10.035447542465748
HUST,set5_features_metadata_corr95,GPR,log,protocol_holdout,diversity_iterative,3,62,9.507169299871794
HUST,set5_features_metadata_corr95,GPR,log,protocol_holdout,diversity_iterative,4,6,13.441031821014244
HUST,set5_features_metadata_corr95,GPR,log,protocol_holdout,diversity_iterative,4,12,11.823912453324082
HUST,set5_features_metadata_corr95,GPR,log,protocol_holdout,diversity_iterative,4,18,9.825758946315435
HUST,set5_features_metadata_corr95,GPR,log,protocol_holdout,diversity_iterative,4,24,9.602519804621124
HUST,set5_features_metadata_corr95,GPR,log,protocol_holdout,diversity_iterative,4,30,8.613972689466554
HUST,set5_features_metadata_corr95,GPR,log,protocol_holdout,diversity_iterative,4,36,8.854091106449134
HUST,set5_features_metadata_corr95,GPR,log,protocol_holdout,diversity_iterative,4,42,9.59024953733632
HUST,set5_features_metadata_corr95,GPR,log,protocol_holdout,diversity_iterative,4,48,9.5836698613367
HUST,set5_features_metadata_corr95,GPR,log,protocol_holdout,diversity_iterative,4,54,9.896862426856655
HUST,set5_features_metadata_corr95,GPR,log,protocol_holdout,diversity_iterative,4,60,9.964505697512482
HUST,set5_features_metadata_corr95,GPR,log,protocol_holdout,diversity_iterative,4,62,10.176974861530828
HUST,set5_features_metadata_corr95,GPR,log,protocol_holdout,diversity_iterative,5,6,22.75727202821964
HUST,set5_features_metadata_corr95,GPR,log,protocol_holdout,diversity_iterative,5,12,19.07446644958608
HUST,set5_features_metadata_corr95,GPR,log,protocol_holdout,diversity_iterative,5,18,13.372589179415408
HUST,set5_features_metadata_corr95,GPR,log,protocol_holdout,diversity_iterative,5,24,13.26425247643461
HUST,set5_features_metadata_corr95,GPR,log,protocol_holdout,diversity_iterative,5,30,12.36293273844889
HUST,set5_features_metadata_corr95,GPR,log,protocol_holdout,diversity_iterative,5,36,13.065363539033624
HUST,set5_features_metadata_corr95,GPR,log,protocol_holdout,diversity_iterative,5,42,13.710906867005171
HUST,set5_features_metadata_corr95,GPR,log,protocol_holdout,diversity_iterative,5,48,13.255878182737089
HUST,set5_features_metadata_corr95,GPR,log,protocol_holdout,diversity_iterative,5,54,13.070265684139764
HUST,set5_features_metadata_corr95,GPR,log,protocol_holdout,diversity_iterative,5,60,12.362987279133018
HUST,set5_features_metadata_corr95,GPR,log,protocol_holdout,diversity_iterative,5,62,11.577524693483108
HUST,set5_features_metadata_corr95,GPR,log,protocol_holdout,diversity_iterative,6,6,17.769188915573302
HUST,set5_features_metadata_corr95,GPR,log,protocol_holdout,diversity_iterative,6,12,14.295236310449177
HUST,set5_features_metadata_corr95,GPR,log,protocol_holdout,diversity_iterative,6,18,14.357308691189203
HUST,set5_features_metadata_corr95,GPR,log,protocol_holdout,diversity_iterative,6,24,14.596111364060787
HUST,set5_features_metadata_corr95,GPR,log,protocol_holdout,diversity_iterative,6,30,14.44048588388324
HUST,set5_features_metadata_corr95,GPR,log,protocol_holdout,diversity_iterative,6,36,14.454415818005725
HUST,set5_features_metadata_corr95,GPR,log,protocol_holdout,diversity_iterative,6,42,12.869699374938326
HUST,set5_features_metadata_corr95,GPR,log,protocol_holdout,diversity_iterative,6,48,14.029537319352873
HUST,set5_features_metadata_corr95,GPR,log,protocol_holdout,diversity_iterative,6,54,11.324379521116514
HUST,set5_features_metadata_corr95,GPR,log,protocol_holdout,diversity_iterative,6,60,8.655099164370657
HUST,set5_features_metadata_corr95,GPR,log,protocol_holdout,diversity_iterative,6,62,8.697777974236216
HUST,set5_features_metadata_corr95,GPR,log,protocol_holdout,diversity_iterative,7,6,25.5228427845898
HUST,set5_features_metadata_corr95,GPR,log,protocol_holdout,diversity_iterative,7,12,21.91936198110784
HUST,set5_features_metadata_corr95,GPR,log,protocol_holdout,diversity_iterative,7,18,21.036096885054093
HUST,set5_features_metadata_corr95,GPR,log,protocol_holdout,diversity_iterative,7,24,17.840912048551193
HUST,set5_features_metadata_corr95,GPR,log,protocol_holdout,diversity_iterative,7,30,16.805713839976807
HUST,set5_features_metadata_corr95,GPR,log,protocol_holdout,diversity_iterative,7,36,18.08215372687548
HUST,set5_features_metadata_corr95,GPR,log,protocol_holdout,diversity_iterative,7,42,18.47185884466296
HUST,set5_features_metadata_corr95,GPR,log,protocol_holdout,diversity_iterative,7,48,18.73748676073201
HUST,set5_features_metadata_corr95,GPR,log,protocol_holdout,diversity_iterative,7,54,16.408056446899913
HUST,set5_features_metadata_corr95,GPR,log,protocol_holdout,diversity_iterative,7,60,12.917171553037226
HUST,set5_features_metadata_corr95,GPR,log,protocol_holdout,diversity_iterative,7,62,12.133386034130185
HUST,set5_features_metadata_corr95,GPR,log,protocol_holdout,diversity_iterative,8,6,18.53535842214845
HUST,set5_features_metadata_corr95,GPR,log,protocol_holdout,diversity_iterative,8,12,16.524396039659447
HUST,set5_features_metadata_corr95,GPR,log,protocol_holdout,diversity_iterative,8,18,18.66827061422982
HUST,set5_features_metadata_corr95,GPR,log,protocol_holdout,diversity_iterative,8,24,19.014449779172
HUST,set5_features_metadata_corr95,GPR,log,protocol_holdout,diversity_iterative,8,30,16.41324562713235
HUST,set5_features_metadata_corr95,GPR,log,protocol_holdout,diversity_iterative,8,36,16.747409845344137
HUST,set5_features_metadata_corr95,GPR,log,protocol_holdout,diversity_iterative,8,42,16.89427222762035
HUST,set5_features_metadata_corr95,GPR,log,protocol_holdout,diversity_iterative,8,48,16.25018486752943
HUST,set5_features_metadata_corr95,GPR,log,protocol_holdout,diversity_iterative,8,54,15.397208405475576
HUST,set5_features_metadata_corr95,GPR,log,protocol_holdout,diversity_iterative,8,60,14.42371987055249
HUST,set5_features_metadata_corr95,GPR,log,protocol_holdout,diversity_iterative,8,62,14.403286510232974
HUST,set5_features_metadata_corr95,GPR,log,protocol_holdout,diversity_iterative,9,6,17.500015917909657
HUST,set5_features_metadata_corr95,GPR,log,protocol_holdout,diversity_iterative,9,12,11.761791037025445
HUST,set5_features_metadata_corr95,GPR,log,protocol_holdout,diversity_iterative,9,18,12.695590094352433
HUST,set5_features_metadata_corr95,GPR,log,protocol_holdout,diversity_iterative,9,24,11.832193745122993
HUST,set5_features_metadata_corr95,GPR,log,protocol_holdout,diversity_iterative,9,30,13.494207002578614
HUST,set5_features_metadata_corr95,GPR,log,protocol_holdout,diversity_iterative,9,36,12.7024296139282
HUST,set5_features_metadata_corr95,GPR,log,protocol_holdout,diversity_iterative,9,42,12.835153734071165
HUST,set5_features_metadata_corr95,GPR,log,protocol_holdout,diversity_iterative,9,48,11.369122801133416
HUST,set5_features_metadata_corr95,GPR,log,protocol_holdout,diversity_iterative,9,54,11.410467332654434
HUST,set5_features_metadata_corr95,GPR,log,protocol_holdout,diversity_iterative,9,60,9.866352824906825
HUST,set5_features_metadata_corr95,GPR,log,protocol_holdout,diversity_iterative,9,62,10.018797175110745
HUST,set5_features_metadata_corr95,GPR,log,protocol_holdout,diversity_iterative,10,6,31.581709671806284
HUST,set5_features_metadata_corr95,GPR,log,protocol_holdout,diversity_iterative,10,12,16.69245825091808
HUST,set5_features_metadata_corr95,GPR,log,protocol_holdout,diversity_iterative,10,18,17.50194632306475
HUST,set5_features_metadata_corr95,GPR,log,protocol_holdout,diversity_iterative,10,24,15.869289547358555
HUST,set5_features_metadata_corr95,GPR,log,protocol_holdout,diversity_iterative,10,30,14.652017163850006
HUST,set5_features_metadata_corr95,GPR,log,protocol_holdout,diversity_iterative,10,36,12.624543121782542
HUST,set5_features_metadata_corr95,GPR,log,protocol_holdout,diversity_iterative,10,42,11.17793533007597
HUST,set5_features_metadata_corr95,GPR,log,protocol_holdout,diversity_iterative,10,48,13.077011085799612
HUST,set5_features_metadata_corr95,GPR,log,protocol_holdout,diversity_iterative,10,54,11.484689450321614
HUST,set5_features_metadata_corr95,GPR,log,protocol_holdout,diversity_iterative,10,60,11.46560144446054
HUST,set5_features_metadata_corr95,GPR,log,protocol_holdout,diversity_iterative,10,62,11.37791335154156
HUST,set5_features_metadata_corr95,GPR,log,protocol_holdout,coverage,1,6,11.959805591368026
HUST,set5_features_metadata_corr95,GPR,log,protocol_holdout,coverage,1,12,9.260180744691793
HUST,set5_features_metadata_corr95,GPR,log,protocol_holdout,coverage,1,18,9.852181382438188
HUST,set5_features_metadata_corr95,GPR,log,protocol_holdout,coverage,1,24,13.259238413614684
HUST,set5_features_metadata_corr95,GPR,log,protocol_holdout,coverage,1,30,9.39321320051184
HUST,set5_features_metadata_corr95,GPR,log,protocol_holdout,coverage,1,36,10.089653472651566
HUST,set5_features_metadata_corr95,GPR,log,protocol_holdout,coverage,1,42,9.684481915386248
HUST,set5_features_metadata_corr95,GPR,log,protocol_holdout,coverage,1,48,9.622937126161482
HUST,set5_features_metadata_corr95,GPR,log,protocol_holdout,coverage,1,54,8.682270186350765
HUST,set5_features_metadata_corr95,GPR,log,protocol_holdout,coverage,1,60,8.376833168770657
HUST,set5_features_metadata_corr95,GPR,log,protocol_holdout,coverage,1,62,8.410525008972808
HUST,set5_features_metadata_corr95,GPR,log,protocol_holdout,coverage,2,6,18.262565121743567
HUST,set5_features_metadata_corr95,GPR,log,protocol_holdout,coverage,2,12,14.659232734206109
HUST,set5_features_metadata_corr95,GPR,log,protocol_holdout,coverage,2,18,15.62858231834842
HUST,set5_features_metadata_corr95,GPR,log,protocol_holdout,coverage,2,24,15.105625860704198
HUST,set5_features_metadata_corr95,GPR,log,protocol_holdout,coverage,2,30,13.530713374246728
HUST,set5_features_metadata_corr95,GPR,log,protocol_holdout,coverage,2,36,13.8668457759869
HUST,set5_features_metadata_corr95,GPR,log,protocol_holdout,coverage,2,42,13.484051843089595
HUST,set5_features_metadata_corr95,GPR,log,protocol_holdout,coverage,2,48,13.018933336579256
HUST,set5_features_metadata_corr95,GPR,log,protocol_holdout,coverage,2,54,11.323822067871104
HUST,set5_features_metadata_corr95,GPR,log,protocol_holdout,coverage,2,60,10.804621536176745
HUST,set5_features_metadata_corr95,GPR,log,protocol_holdout,coverage,2,62,12.0750557404429
HUST,set5_features_metadata_corr95,GPR,log,protocol_holdout,coverage,3,6,15.72580168681183
HUST,set5_features_metadata_corr95,GPR,log,protocol_holdout,coverage,3,12,14.76114766967325
HUST,set5_features_metadata_corr95,GPR,log,protocol_holdout,coverage,3,18,13.601903668593556
HUST,set5_features_metadata_corr95,GPR,log,protocol_holdout,coverage,3,24,14.011408847598512
HUST,set5_features_metadata_corr95,GPR,log,protocol_holdout,coverage,3,30,13.722317723440568
HUST,set5_features_metadata_corr95,GPR,log,protocol_holdout,coverage,3,36,12.825455379777
HUST,set5_features_metadata_corr95,GPR,log,protocol_holdout,coverage,3,42,12.54783861789808
HUST,set5_features_metadata_corr95,GPR,log,protocol_holdout,coverage,3,48,9.755788994387862
HUST,set5_features_metadata_corr95,GPR,log,protocol_holdout,coverage,3,54,7.740890716091421
HUST,set5_features_metadata_corr95,GPR,log,protocol_holdout,coverage,3,60,10.206650453879256
HUST,set5_features_metadata_corr95,GPR,log,protocol_holdout,coverage,3,62,9.507169299871794
HUST,set5_features_metadata_corr95,GPR,log,protocol_holdout,coverage,4,6,11.541071078811276
HUST,set5_features_metadata_corr95,GPR,log,protocol_holdout,coverage,4,12,16.713169168740478
HUST,set5_features_metadata_corr95,GPR,log,protocol_holdout,coverage,4,18,15.130955313124248
HUST,set5_features_metadata_corr95,GPR,log,protocol_holdout,coverage,4,24,10.262374505344642
HUST,set5_features_metadata_corr95,GPR,log,protocol_holdout,coverage,4,30,10.064621292055037
HUST,set5_features_metadata_corr95,GPR,log,protocol_holdout,coverage,4,36,9.079422320658542
HUST,set5_features_metadata_corr95,GPR,log,protocol_holdout,coverage,4,42,10.3814350097001
HUST,set5_features_metadata_corr95,GPR,log,protocol_holdout,coverage,4,48,9.279647088580235
HUST,set5_features_metadata_corr95,GPR,log,protocol_holdout,coverage,4,54,9.256554420628875
HUST,set5_features_metadata_corr95,GPR,log,protocol_holdout,coverage,4,60,9.93057783537216
HUST,set5_features_metadata_corr95,GPR,log,protocol_holdout,coverage,4,62,10.176974861530828
HUST,set5_features_metadata_corr95,GPR,log,protocol_holdout,coverage,5,6,12.166947676629208
HUST,set5_features_metadata_corr95,GPR,log,protocol_holdout,coverage,5,12,10.48461102556028
HUST,set5_features_metadata_corr95,GPR,log,protocol_holdout,coverage,5,18,10.683456387932608
HUST,set5_features_metadata_corr95,GPR,log,protocol_holdout,coverage,5,24,13.60256282053821
HUST,set5_features_metadata_corr95,GPR,log,protocol_holdout,coverage,5,30,13.87441257388257
HUST,set5_features_metadata_corr95,GPR,log,protocol_holdout,coverage,5,36,13.29067060634138
HUST,set5_features_metadata_corr95,GPR,log,protocol_holdout,coverage,5,42,12.61853781858524
HUST,set5_features_metadata_corr95,GPR,log,protocol_holdout,coverage,5,48,11.674684830671683
HUST,set5_features_metadata_corr95,GPR,log,protocol_holdout,coverage,5,54,11.34964596443156
HUST,set5_features_metadata_corr95,GPR,log,protocol_holdout,coverage,5,60,11.57285581847865
HUST,set5_features_metadata_corr95,GPR,log,protocol_holdout,coverage,5,62,11.577524693483108
HUST,set5_features_metadata_corr95,GPR,log,protocol_holdout,coverage,6,6,19.491762994587887
HUST,set5_features_metadata_corr95,GPR,log,protocol_holdout,coverage,6,12,15.230962860670031
HUST,set5_features_metadata_corr95,GPR,log,protocol_holdout,coverage,6,18,13.335427217993184
HUST,set5_features_metadata_corr95,GPR,log,protocol_holdout,coverage,6,24,14.260027673456946
HUST,set5_features_metadata_corr95,GPR,log,protocol_holdout,coverage,6,30,14.028926831895184
HUST,set5_features_metadata_corr95,GPR,log,protocol_holdout,coverage,6,36,13.663002215727303
HUST,set5_features_metadata_corr95,GPR,log,protocol_holdout,coverage,6,42,13.540550486185484
HUST,set5_features_metadata_corr95,GPR,log,protocol_holdout,coverage,6,48,12.240944817805325
HUST,set5_features_metadata_corr95,GPR,log,protocol_holdout,coverage,6,54,11.74529622699175
HUST,set5_features_metadata_corr95,GPR,log,protocol_holdout,coverage,6,60,8.300575182272604
HUST,set5_features_metadata_corr95,GPR,log,protocol_holdout,coverage,6,62,8.697777974236216
HUST,set5_features_metadata_corr95,GPR,log,protocol_holdout,coverage,7,6,32.1967290991519
HUST,set5_features_metadata_corr95,GPR,log,protocol_holdout,coverage,7,12,19.64101561213423
HUST,set5_features_metadata_corr95,GPR,log,protocol_holdout,coverage,7,18,19.482494597707145
HUST,set5_features_metadata_corr95,GPR,log,protocol_holdout,coverage,7,24,16.512598940597005
HUST,set5_features_metadata_corr95,GPR,log,protocol_holdout,coverage,7,30,17.843370307485266
HUST,set5_features_metadata_corr95,GPR,log,protocol_holdout,coverage,7,36,16.797523972853334
HUST,set5_features_metadata_corr95,GPR,log,protocol_holdout,coverage,7,42,17.91133645801506
HUST,set5_features_metadata_corr95,GPR,log,protocol_holdout,coverage,7,48,16.654536607142642
HUST,set5_features_metadata_corr95,GPR,log,protocol_holdout,coverage,7,54,13.889734629766478
HUST,set5_features_metadata_corr95,GPR,log,protocol_holdout,coverage,7,60,12.344857213393372
HUST,set5_features_metadata_corr95,GPR,log,protocol_holdout,coverage,7,62,12.133386034130185
HUST,set5_features_metadata_corr95,GPR,log,protocol_holdout,coverage,8,6,24.940209014005447
HUST,set5_features_metadata_corr95,GPR,log,protocol_holdout,coverage,8,12,20.179180898872588
HUST,set5_features_metadata_corr95,GPR,log,protocol_holdout,coverage,8,18,17.04586071224405
HUST,set5_features_metadata_corr95,GPR,log,protocol_holdout,coverage,8,24,18.901506791395303
HUST,set5_features_metadata_corr95,GPR,log,protocol_holdout,coverage,8,30,17.00927199895122
HUST,set5_features_metadata_corr95,GPR,log,protocol_holdout,coverage,8,36,12.282165486444889
HUST,set5_features_metadata_corr95,GPR,log,protocol_holdout,coverage,8,42,15.784551763003218
HUST,set5_features_metadata_corr95,GPR,log,protocol_holdout,coverage,8,48,13.787700558167511
HUST,set5_features_metadata_corr95,GPR,log,protocol_holdout,coverage,8,54,13.701130643756729
HUST,set5_features_metadata_corr95,GPR,log,protocol_holdout,coverage,8,60,14.33989391900451
HUST,set5_features_metadata_corr95,GPR,log,protocol_holdout,coverage,8,62,14.403286510232974
HUST,set5_features_metadata_corr95,GPR,log,protocol_holdout,coverage,9,6,15.529474216948108
HUST,set5_features_metadata_corr95,GPR,log,protocol_holdout,coverage,9,12,16.9310946354956
HUST,set5_features_metadata_corr95,GPR,log,protocol_holdout,coverage,9,18,15.117725210657603
HUST,set5_features_metadata_corr95,GPR,log,protocol_holdout,coverage,9,24,13.75004427465239
HUST,set5_features_metadata_corr95,GPR,log,protocol_holdout,coverage,9,30,13.345851242169973
HUST,set5_features_metadata_corr95,GPR,log,protocol_holdout,coverage,9,36,11.307844510854595
HUST,set5_features_metadata_corr95,GPR,log,protocol_holdout,coverage,9,42,12.036684584169036
HUST,set5_features_metadata_corr95,GPR,log,protocol_holdout,coverage,9,48,11.917146882706607
HUST,set5_features_metadata_corr95,GPR,log,protocol_holdout,coverage,9,54,9.966396527486918
HUST,set5_features_metadata_corr95,GPR,log,protocol_holdout,coverage,9,60,9.985345096630509
HUST,set5_features_metadata_corr95,GPR,log,protocol_holdout,coverage,9,62,10.018797175110745
HUST,set5_features_metadata_corr95,GPR,log,protocol_holdout,coverage,10,6,24.28771674403846
HUST,set5_features_metadata_corr95,GPR,log,protocol_holdout,coverage,10,12,24.40172745920817
HUST,set5_features_metadata_corr95,GPR,log,protocol_holdout,coverage,10,18,23.132898853399656
HUST,set5_features_metadata_corr95,GPR,log,protocol_holdout,coverage,10,24,14.922159987027934
HUST,set5_features_metadata_corr95,GPR,log,protocol_holdout,coverage,10,30,13.746785368265904
HUST,set5_features_metadata_corr95,GPR,log,protocol_holdout,coverage,10,36,13.127621592897013
HUST,set5_features_metadata_corr95,GPR,log,protocol_holdout,coverage,10,42,13.34546795004658
HUST,set5_features_metadata_corr95,GPR,log,protocol_holdout,coverage,10,48,12.62180953804936
HUST,set5_features_metadata_corr95,GPR,log,protocol_holdout,coverage,10,54,12.379091861049336
HUST,set5_features_metadata_corr95,GPR,log,protocol_holdout,coverage,10,60,11.35499359254196
HUST,set5_features_metadata_corr95,GPR,log,protocol_holdout,coverage,10,62,11.37791335154156
HUST,set5_features_metadata_corr95,GPR,log,protocol_holdout,exploration,1,6,11.959805591368026
HUST,set5_features_metadata_corr95,GPR,log,protocol_holdout,exploration,1,12,9.260180744691793
HUST,set5_features_metadata_corr95,GPR,log,protocol_holdout,exploration,1,18,10.58328321962634
HUST,set5_features_metadata_corr95,GPR,log,protocol_holdout,exploration,1,24,8.773309238558992
HUST,set5_features_metadata_corr95,GPR,log,protocol_holdout,exploration,1,30,8.31600271296405
HUST,set5_features_metadata_corr95,GPR,log,protocol_holdout,exploration,1,36,8.531801821083805
HUST,set5_features_metadata_corr95,GPR,log,protocol_holdout,exploration,1,42,8.485201177861203
HUST,set5_features_metadata_corr95,GPR,log,protocol_holdout,exploration,1,48,8.274190149111558
HUST,set5_features_metadata_corr95,GPR,log,protocol_holdout,exploration,1,54,8.411473901628968
HUST,set5_features_metadata_corr95,GPR,log,protocol_holdout,exploration,1,60,8.531178994828101
HUST,set5_features_metadata_corr95,GPR,log,protocol_holdout,exploration,1,62,8.410525008972808
HUST,set5_features_metadata_corr95,GPR,log,protocol_holdout,exploration,2,6,18.262565121743567
HUST,set5_features_metadata_corr95,GPR,log,protocol_holdout,exploration,2,12,14.938430130034014
HUST,set5_features_metadata_corr95,GPR,log,protocol_holdout,exploration,2,18,15.841037243283813
HUST,set5_features_metadata_corr95,GPR,log,protocol_holdout,exploration,2,24,14.961833950416862
HUST,set5_features_metadata_corr95,GPR,log,protocol_holdout,exploration,2,30,14.939988237260124
HUST,set5_features_metadata_corr95,GPR,log,protocol_holdout,exploration,2,36,14.39190700098204
HUST,set5_features_metadata_corr95,GPR,log,protocol_holdout,exploration,2,42,14.441323271758275
HUST,set5_features_metadata_corr95,GPR,log,protocol_holdout,exploration,2,48,13.551431889900249
HUST,set5_features_metadata_corr95,GPR,log,protocol_holdout,exploration,2,54,12.881552183446743
HUST,set5_features_metadata_corr95,GPR,log,protocol_holdout,exploration,2,60,12.425648113098076
HUST,set5_features_metadata_corr95,GPR,log,protocol_holdout,exploration,2,62,12.0750557404429
HUST,set5_features_metadata_corr95,GPR,log,protocol_holdout,exploration,3,6,15.72580168681183
HUST,set5_features_metadata_corr95,GPR,log,protocol_holdout,exploration,3,12,14.76114766967325
HUST,set5_features_metadata_corr95,GPR,log,protocol_holdout,exploration,3,18,13.631655503022175
HUST,set5_features_metadata_corr95,GPR,log,protocol_holdout,exploration,3,24,12.826341060575084
HUST,set5_features_metadata_corr95,GPR,log,protocol_holdout,exploration,3,30,13.34252124372379
HUST,set5_features_metadata_corr95,GPR,log,protocol_holdout,exploration,3,36,13.553990650175315
HUST,set5_features_metadata_corr95,GPR,log,protocol_holdout,exploration,3,42,11.82412477061272
HUST,set5_features_metadata_corr95,GPR,log,protocol_holdout,exploration,3,48,12.121672181991162
HUST,set5_features_metadata_corr95,GPR,log,protocol_holdout,exploration,3,54,7.146891441482143
HUST,set5_features_metadata_corr95,GPR,log,protocol_holdout,exploration,3,60,7.466474418344651
HUST,set5_features_metadata_corr95,GPR,log,protocol_holdout,exploration,3,62,9.507169299871794
HUST,set5_features_metadata_corr95,GPR,log,protocol_holdout,exploration,4,6,11.541071078811276
HUST,set5_features_metadata_corr95,GPR,log,protocol_holdout,exploration,4,12,16.713169168740478
HUST,set5_features_metadata_corr95,GPR,log,protocol_holdout,exploration,4,18,14.697160746478916
HUST,set5_features_metadata_corr95,GPR,log,protocol_holdout,exploration,4,24,12.080078566812762
HUST,set5_features_metadata_corr95,GPR,log,protocol_holdout,exploration,4,30,18.433044502467425
HUST,set5_features_metadata_corr95,GPR,log,protocol_holdout,exploration,4,36,11.321191490936052
HUST,set5_features_metadata_corr95,GPR,log,protocol_holdout,exploration,4,42,11.648256508451606
HUST,set5_features_metadata_corr95,GPR,log,protocol_holdout,exploration,4,48,12.26945328253776
HUST,set5_features_metadata_corr95,GPR,log,protocol_holdout,exploration,4,54,9.630640505198036
HUST,set5_features_metadata_corr95,GPR,log,protocol_holdout,exploration,4,60,9.9138568259652
HUST,set5_features_metadata_corr95,GPR,log,protocol_holdout,exploration,4,62,10.176974861530828
HUST,set5_features_metadata_corr95,GPR,log,protocol_holdout,exploration,5,6,12.166947676629208
HUST,set5_features_metadata_corr95,GPR,log,protocol_holdout,exploration,5,12,12.058981935988124
HUST,set5_features_metadata_corr95,GPR,log,protocol_holdout,exploration,5,18,13.45585018304847
HUST,set5_features_metadata_corr95,GPR,log,protocol_holdout,exploration,5,24,13.27648710549808
HUST,set5_features_metadata_corr95,GPR,log,protocol_holdout,exploration,5,30,13.364552522095222
HUST,set5_features_metadata_corr95,GPR,log,protocol_holdout,exploration,5,36,13.639409181338111
HUST,set5_features_metadata_corr95,GPR,log,protocol_holdout,exploration,5,42,13.03425150111509
HUST,set5_features_metadata_corr95,GPR,log,protocol_holdout,exploration,5,48,12.172518833775753
HUST,set5_features_metadata_corr95,GPR,log,protocol_holdout,exploration,5,54,11.726230191396064
HUST,set5_features_metadata_corr95,GPR,log,protocol_holdout,exploration,5,60,11.631057947733233
HUST,set5_features_metadata_corr95,GPR,log,protocol_holdout,exploration,5,62,11.577524693483108
HUST,set5_features_metadata_corr95,GPR,log,protocol_holdout,exploration,6,6,19.491762994587887
HUST,set5_features_metadata_corr95,GPR,log,protocol_holdout,exploration,6,12,16.664259331581345
HUST,set5_features_metadata_corr95,GPR,log,protocol_holdout,exploration,6,18,14.468461648451331
HUST,set5_features_metadata_corr95,GPR,log,protocol_holdout,exploration,6,24,15.515832783184877
HUST,set5_features_metadata_corr95,GPR,log,protocol_holdout,exploration,6,30,15.009139606295118
HUST,set5_features_metadata_corr95,GPR,log,protocol_holdout,exploration,6,36,14.27231936740792
HUST,set5_features_metadata_corr95,GPR,log,protocol_holdout,exploration,6,42,12.658798669951288
HUST,set5_features_metadata_corr95,GPR,log,protocol_holdout,exploration,6,48,11.605393013028223
HUST,set5_features_metadata_corr95,GPR,log,protocol_holdout,exploration,6,54,8.51220165034381
HUST,set5_features_metadata_corr95,GPR,log,protocol_holdout,exploration,6,60,9.728115887914138
HUST,set5_features_metadata_corr95,GPR,log,protocol_holdout,exploration,6,62,8.697777974236216
HUST,set5_features_metadata_corr95,GPR,log,protocol_holdout,exploration,7,6,32.1967290991519
HUST,set5_features_metadata_corr95,GPR,log,protocol_holdout,exploration,7,12,19.64101561213423
HUST,set5_features_metadata_corr95,GPR,log,protocol_holdout,exploration,7,18,19.3435122671097
HUST,set5_features_metadata_corr95,GPR,log,protocol_holdout,exploration,7,24,17.278143195858174
HUST,set5_features_metadata_corr95,GPR,log,protocol_holdout,exploration,7,30,17.853144153772373
HUST,set5_features_metadata_corr95,GPR,log,protocol_holdout,exploration,7,36,16.60197617354931
HUST,set5_features_metadata_corr95,GPR,log,protocol_holdout,exploration,7,42,15.257876086243732
HUST,set5_features_metadata_corr95,GPR,log,protocol_holdout,exploration,7,48,12.905156755142084
HUST,set5_features_metadata_corr95,GPR,log,protocol_holdout,exploration,7,54,12.16481806737798
HUST,set5_features_metadata_corr95,GPR,log,protocol_holdout,exploration,7,60,12.653106736724576
HUST,set5_features_metadata_corr95,GPR,log,protocol_holdout,exploration,7,62,12.133386034130185
HUST,set5_features_metadata_corr95,GPR,log,protocol_holdout,exploration,8,6,24.940209014005447
HUST,set5_features_metadata_corr95,GPR,log,protocol_holdout,exploration,8,12,20.179180898872588
HUST,set5_features_metadata_corr95,GPR,log,protocol_holdout,exploration,8,18,18.154484468848167
HUST,set5_features_metadata_corr95,GPR,log,protocol_holdout,exploration,8,24,18.109875083203697
HUST,set5_features_metadata_corr95,GPR,log,protocol_holdout,exploration,8,30,21.6545389862619
HUST,set5_features_metadata_corr95,GPR,log,protocol_holdout,exploration,8,36,16.966883717902018
HUST,set5_features_metadata_corr95,GPR,log,protocol_holdout,exploration,8,42,14.795895495203023
HUST,set5_features_metadata_corr95,GPR,log,protocol_holdout,exploration,8,48,13.66733921465337
HUST,set5_features_metadata_corr95,GPR,log,protocol_holdout,exploration,8,54,14.373791746574405
HUST,set5_features_metadata_corr95,GPR,log,protocol_holdout,exploration,8,60,14.548194833441656
HUST,set5_features_metadata_corr95,GPR,log,protocol_holdout,exploration,8,62,14.403286510232974
HUST,set5_features_metadata_corr95,GPR,log,protocol_holdout,exploration,9,6,15.529474216948108
HUST,set5_features_metadata_corr95,GPR,log,protocol_holdout,exploration,9,12,16.9310946354956
HUST,set5_features_metadata_corr95,GPR,log,protocol_holdout,exploration,9,18,14.169260231945954
HUST,set5_features_metadata_corr95,GPR,log,protocol_holdout,exploration,9,24,12.552071320507526
HUST,set5_features_metadata_corr95,GPR,log,protocol_holdout,exploration,9,30,11.49301541677871
HUST,set5_features_metadata_corr95,GPR,log,protocol_holdout,exploration,9,36,11.371295532448917
HUST,set5_features_metadata_corr95,GPR,log,protocol_holdout,exploration,9,42,10.24073330965903
HUST,set5_features_metadata_corr95,GPR,log,protocol_holdout,exploration,9,48,10.339777525371858
HUST,set5_features_metadata_corr95,GPR,log,protocol_holdout,exploration,9,54,10.223727708808982
HUST,set5_features_metadata_corr95,GPR,log,protocol_holdout,exploration,9,60,10.05426840342378
HUST,set5_features_metadata_corr95,GPR,log,protocol_holdout,exploration,9,62,10.018797175110745
HUST,set5_features_metadata_corr95,GPR,log,protocol_holdout,exploration,10,6,24.28771674403846
HUST,set5_features_metadata_corr95,GPR,log,protocol_holdout,exploration,10,12,21.57138709453315
HUST,set5_features_metadata_corr95,GPR,log,protocol_holdout,exploration,10,18,16.48384288203545
HUST,set5_features_metadata_corr95,GPR,log,protocol_holdout,exploration,10,24,16.977058300891144
HUST,set5_features_metadata_corr95,GPR,log,protocol_holdout,exploration,10,30,13.35697800354308
HUST,set5_features_metadata_corr95,GPR,log,protocol_holdout,exploration,10,36,13.28929674583478
HUST,set5_features_metadata_corr95,GPR,log,protocol_holdout,exploration,10,42,13.262284376035808
HUST,set5_features_metadata_corr95,GPR,log,protocol_holdout,exploration,10,48,12.365638274786813
HUST,set5_features_metadata_corr95,GPR,log,protocol_holdout,exploration,10,54,12.084518832414524
HUST,set5_features_metadata_corr95,GPR,log,protocol_holdout,exploration,10,60,11.525954172277975
HUST,set5_features_metadata_corr95,GPR,log,protocol_holdout,exploration,10,62,11.37791335154156
HUST,set5_features_metadata_corr95,GPR,log,protocol_holdout,exploitation,1,6,11.959805591368026
HUST,set5_features_metadata_corr95,GPR,log,protocol_holdout,exploitation,1,12,12.432961743435394
HUST,set5_features_metadata_corr95,GPR,log,protocol_holdout,exploitation,1,18,10.04275178588723
HUST,set5_features_metadata_corr95,GPR,log,protocol_holdout,exploitation,1,24,10.905500788703089
HUST,set5_features_metadata_corr95,GPR,log,protocol_holdout,exploitation,1,30,8.87725356997542
HUST,set5_features_metadata_corr95,GPR,log,protocol_holdout,exploitation,1,36,8.681195819220475
HUST,set5_features_metadata_corr95,GPR,log,protocol_holdout,exploitation,1,42,8.726623188192969
HUST,set5_features_metadata_corr95,GPR,log,protocol_holdout,exploitation,1,48,8.78143078521725
HUST,set5_features_metadata_corr95,GPR,log,protocol_holdout,exploitation,1,54,8.447909953797964
HUST,set5_features_metadata_corr95,GPR,log,protocol_holdout,exploitation,1,60,8.317660708317504
HUST,set5_features_metadata_corr95,GPR,log,protocol_holdout,exploitation,1,62,8.410525008972808
HUST,set5_features_metadata_corr95,GPR,log,protocol_holdout,exploitation,2,6,18.262565121743567
HUST,set5_features_metadata_corr95,GPR,log,protocol_holdout,exploitation,2,12,19.065603729291368
HUST,set5_features_metadata_corr95,GPR,log,protocol_holdout,exploitation,2,18,18.83103241942232
HUST,set5_features_metadata_corr95,GPR,log,protocol_holdout,exploitation,2,24,17.25644925195313
HUST,set5_features_metadata_corr95,GPR,log,protocol_holdout,exploitation,2,30,16.056905691690396
HUST,set5_features_metadata_corr95,GPR,log,protocol_holdout,exploitation,2,36,15.508649603853447
HUST,set5_features_metadata_corr95,GPR,log,protocol_holdout,exploitation,2,42,14.847030147906288
HUST,set5_features_metadata_corr95,GPR,log,protocol_holdout,exploitation,2,48,15.057679715568716
HUST,set5_features_metadata_corr95,GPR,log,protocol_holdout,exploitation,2,54,14.798532297532546
HUST,set5_features_metadata_corr95,GPR,log,protocol_holdout,exploitation,2,60,12.2706019548018
HUST,set5_features_metadata_corr95,GPR,log,protocol_holdout,exploitation,2,62,12.0750557404429
HUST,set5_features_metadata_corr95,GPR,log,protocol_holdout,exploitation,3,6,15.72580168681183
HUST,set5_features_metadata_corr95,GPR,log,protocol_holdout,exploitation,3,12,14.202066383142787
HUST,set5_features_metadata_corr95,GPR,log,protocol_holdout,exploitation,3,18,12.324057972288434
HUST,set5_features_metadata_corr95,GPR,log,protocol_holdout,exploitation,3,24,12.037530908139342
HUST,set5_features_metadata_corr95,GPR,log,protocol_holdout,exploitation,3,30,12.21081414499823
HUST,set5_features_metadata_corr95,GPR,log,protocol_holdout,exploitation,3,36,13.16085860327859
HUST,set5_features_metadata_corr95,GPR,log,protocol_holdout,exploitation,3,42,13.174411502140398
HUST,set5_features_metadata_corr95,GPR,log,protocol_holdout,exploitation,3,48,12.20420518701225
HUST,set5_features_metadata_corr95,GPR,log,protocol_holdout,exploitation,3,54,11.404469651900948
HUST,set5_features_metadata_corr95,GPR,log,protocol_holdout,exploitation,3,60,9.282333583743082
HUST,set5_features_metadata_corr95,GPR,log,protocol_holdout,exploitation,3,62,9.507169299871794
HUST,set5_features_metadata_corr95,GPR,log,protocol_holdout,exploitation,4,6,11.541071078811276
HUST,set5_features_metadata_corr95,GPR,log,protocol_holdout,exploitation,4,12,12.030322836885478
HUST,set5_features_metadata_corr95,GPR,log,protocol_holdout,exploitation,4,18,10.515753843041352
HUST,set5_features_metadata_corr95,GPR,log,protocol_holdout,exploitation,4,24,9.98645396327357
HUST,set5_features_metadata_corr95,GPR,log,protocol_holdout,exploitation,4,30,9.245717711991418
HUST,set5_features_metadata_corr95,GPR,log,protocol_holdout,exploitation,4,36,9.526672191996424
HUST,set5_features_metadata_corr95,GPR,log,protocol_holdout,exploitation,4,42,11.14839019999517
HUST,set5_features_metadata_corr95,GPR,log,protocol_holdout,exploitation,4,48,10.125385874574231
HUST,set5_features_metadata_corr95,GPR,log,protocol_holdout,exploitation,4,54,10.108768674942311
HUST,set5_features_metadata_corr95,GPR,log,protocol_holdout,exploitation,4,60,9.725775599790104
HUST,set5_features_metadata_corr95,GPR,log,protocol_holdout,exploitation,4,62,10.176974861530828
HUST,set5_features_metadata_corr95,GPR,log,protocol_holdout,exploitation,5,6,12.166947676629208
HUST,set5_features_metadata_corr95,GPR,log,protocol_holdout,exploitation,5,12,17.351989862739387
HUST,set5_features_metadata_corr95,GPR,log,protocol_holdout,exploitation,5,18,13.887528477009218
HUST,set5_features_metadata_corr95,GPR,log,protocol_holdout,exploitation,5,24,16.13312042650012
HUST,set5_features_metadata_corr95,GPR,log,protocol_holdout,exploitation,5,30,15.734663291739867
HUST,set5_features_metadata_corr95,GPR,log,protocol_holdout,exploitation,5,36,14.6479428866522
HUST,set5_features_metadata_corr95,GPR,log,protocol_holdout,exploitation,5,42,14.45403581819354
HUST,set5_features_metadata_corr95,GPR,log,protocol_holdout,exploitation,5,48,12.629667917795198
HUST,set5_features_metadata_corr95,GPR,log,protocol_holdout,exploitation,5,54,11.74702536079266
HUST,set5_features_metadata_corr95,GPR,log,protocol_holdout,exploitation,5,60,12.21719996868517
HUST,set5_features_metadata_corr95,GPR,log,protocol_holdout,exploitation,5,62,11.577524693483108
HUST,set5_features_metadata_corr95,GPR,log,protocol_holdout,exploitation,6,6,19.491762994587887
HUST,set5_features_metadata_corr95,GPR,log,protocol_holdout,exploitation,6,12,14.786209412099444
HUST,set5_features_metadata_corr95,GPR,log,protocol_holdout,exploitation,6,18,14.140312751611054
HUST,set5_features_metadata_corr95,GPR,log,protocol_holdout,exploitation,6,24,14.11626588793524
HUST,set5_features_metadata_corr95,GPR,log,protocol_holdout,exploitation,6,30,14.14212444347332
HUST,set5_features_metadata_corr95,GPR,log,protocol_holdout,exploitation,6,36,13.70923841073006
HUST,set5_features_metadata_corr95,GPR,log,protocol_holdout,exploitation,6,42,11.27071556430878
HUST,set5_features_metadata_corr95,GPR,log,protocol_holdout,exploitation,6,48,13.606555164757204
HUST,set5_features_metadata_corr95,GPR,log,protocol_holdout,exploitation,6,54,12.336775056968012
HUST,set5_features_metadata_corr95,GPR,log,protocol_holdout,exploitation,6,60,8.491852095097206
HUST,set5_features_metadata_corr95,GPR,log,protocol_holdout,exploitation,6,62,8.697777974236216
HUST,set5_features_metadata_corr95,GPR,log,protocol_holdout,exploitation,7,6,32.1967290991519
HUST,set5_features_metadata_corr95,GPR,log,protocol_holdout,exploitation,7,12,24.872094819200427
HUST,set5_features_metadata_corr95,GPR,log,protocol_holdout,exploitation,7,18,20.603051254927188
HUST,set5_features_metadata_corr95,GPR,log,protocol_holdout,exploitation,7,24,17.526506443228325
HUST,set5_features_metadata_corr95,GPR,log,protocol_holdout,exploitation,7,30,15.105408542278193
HUST,set5_features_metadata_corr95,GPR,log,protocol_holdout,exploitation,7,36,17.675291704328558
HUST,set5_features_metadata_corr95,GPR,log,protocol_holdout,exploitation,7,42,17.872160474369515
HUST,set5_features_metadata_corr95,GPR,log,protocol_holdout,exploitation,7,48,15.99908256847862
HUST,set5_features_metadata_corr95,GPR,log,protocol_holdout,exploitation,7,54,14.704711969718373
HUST,set5_features_metadata_corr95,GPR,log,protocol_holdout,exploitation,7,60,12.54089321636929
HUST,set5_features_metadata_corr95,GPR,log,protocol_holdout,exploitation,7,62,12.133386034130185
HUST,set5_features_metadata_corr95,GPR,log,protocol_holdout,exploitation,8,6,24.940209014005447
HUST,set5_features_metadata_corr95,GPR,log,protocol_holdout,exploitation,8,12,17.64254135599196
HUST,set5_features_metadata_corr95,GPR,log,protocol_holdout,exploitation,8,18,18.78414339537636
HUST,set5_features_metadata_corr95,GPR,log,protocol_holdout,exploitation,8,24,18.834873919261067
HUST,set5_features_metadata_corr95,GPR,log,protocol_holdout,exploitation,8,30,17.230727362903085
HUST,set5_features_metadata_corr95,GPR,log,protocol_holdout,exploitation,8,36,18.11755944979772
HUST,set5_features_metadata_corr95,GPR,log,protocol_holdout,exploitation,8,42,17.151456732754287
HUST,set5_features_metadata_corr95,GPR,log,protocol_holdout,exploitation,8,48,17.090123762018294
HUST,set5_features_metadata_corr95,GPR,log,protocol_holdout,exploitation,8,54,15.881586403099371
HUST,set5_features_metadata_corr95,GPR,log,protocol_holdout,exploitation,8,60,13.565590644667587
HUST,set5_features_metadata_corr95,GPR,log,protocol_holdout,exploitation,8,62,14.403286510232974
HUST,set5_features_metadata_corr95,GPR,log,protocol_holdout,exploitation,9,6,15.529474216948108
HUST,set5_features_metadata_corr95,GPR,log,protocol_holdout,exploitation,9,12,15.831311658260177
HUST,set5_features_metadata_corr95,GPR,log,protocol_holdout,exploitation,9,18,12.981429902915794
HUST,set5_features_metadata_corr95,GPR,log,protocol_holdout,exploitation,9,24,12.341355149503402
HUST,set5_features_metadata_corr95,GPR,log,protocol_holdout,exploitation,9,30,11.099914870704527
HUST,set5_features_metadata_corr95,GPR,log,protocol_holdout,exploitation,9,36,11.874966564024293
HUST,set5_features_metadata_corr95,GPR,log,protocol_holdout,exploitation,9,42,11.55333772012833
HUST,set5_features_metadata_corr95,GPR,log,protocol_holdout,exploitation,9,48,10.22394307623092
HUST,set5_features_metadata_corr95,GPR,log,protocol_holdout,exploitation,9,54,10.224526298458116
HUST,set5_features_metadata_corr95,GPR,log,protocol_holdout,exploitation,9,60,10.063416609917706
HUST,set5_features_metadata_corr95,GPR,log,protocol_holdout,exploitation,9,62,10.018797175110745
HUST,set5_features_metadata_corr95,GPR,log,protocol_holdout,exploitation,10,6,24.28771674403846
HUST,set5_features_metadata_corr95,GPR,log,protocol_holdout,exploitation,10,12,25.03354841660869
HUST,set5_features_metadata_corr95,GPR,log,protocol_holdout,exploitation,10,18,19.929643126748232
HUST,set5_features_metadata_corr95,GPR,log,protocol_holdout,exploitation,10,24,19.8226710615367
HUST,set5_features_metadata_corr95,GPR,log,protocol_holdout,exploitation,10,30,16.91252857012412
HUST,set5_features_metadata_corr95,GPR,log,protocol_holdout,exploitation,10,36,15.629359560624254
HUST,set5_features_metadata_corr95,GPR,log,protocol_holdout,exploitation,10,42,14.35643427903202
HUST,set5_features_metadata_corr95,GPR,log,protocol_holdout,exploitation,10,48,13.523394909516792
HUST,set5_features_metadata_corr95,GPR,log,protocol_holdout,exploitation,10,54,12.759577971926422
HUST,set5_features_metadata_corr95,GPR,log,protocol_holdout,exploitation,10,60,11.18909532797845
HUST,set5_features_metadata_corr95,GPR,log,protocol_holdout,exploitation,10,62,11.37791335154156
HUST,set5_features_metadata_corr95,GPR,log,protocol_holdout,hybrid,1,6,11.959805591368026
HUST,set5_features_metadata_corr95,GPR,log,protocol_holdout,hybrid,1,12,9.056483428205924
HUST,set5_features_metadata_corr95,GPR,log,protocol_holdout,hybrid,1,18,10.337537265347592
HUST,set5_features_metadata_corr95,GPR,log,protocol_holdout,hybrid,1,24,9.655418338239736
HUST,set5_features_metadata_corr95,GPR,log,protocol_holdout,hybrid,1,30,10.12993912849678
HUST,set5_features_metadata_corr95,GPR,log,protocol_holdout,hybrid,1,36,8.540669442563233
HUST,set5_features_metadata_corr95,GPR,log,protocol_holdout,hybrid,1,42,8.665581912006385
HUST,set5_features_metadata_corr95,GPR,log,protocol_holdout,hybrid,1,48,9.07915596852867
HUST,set5_features_metadata_corr95,GPR,log,protocol_holdout,hybrid,1,54,8.590433567470193
HUST,set5_features_metadata_corr95,GPR,log,protocol_holdout,hybrid,1,60,8.381848271040079
HUST,set5_features_metadata_corr95,GPR,log,protocol_holdout,hybrid,1,62,8.410525008972808
HUST,set5_features_metadata_corr95,GPR,log,protocol_holdout,hybrid,2,6,18.262565121743567
HUST,set5_features_metadata_corr95,GPR,log,protocol_holdout,hybrid,2,12,17.795060581532837
HUST,set5_features_metadata_corr95,GPR,log,protocol_holdout,hybrid,2,18,15.06462343812342
HUST,set5_features_metadata_corr95,GPR,log,protocol_holdout,hybrid,2,24,13.864416308782438
HUST,set5_features_metadata_corr95,GPR,log,protocol_holdout,hybrid,2,30,14.189870621952
HUST,set5_features_metadata_corr95,GPR,log,protocol_holdout,hybrid,2,36,13.20779026480086
HUST,set5_features_metadata_corr95,GPR,log,protocol_holdout,hybrid,2,42,11.879583978840632
HUST,set5_features_metadata_corr95,GPR,log,protocol_holdout,hybrid,2,48,11.513682325424467
HUST,set5_features_metadata_corr95,GPR,log,protocol_holdout,hybrid,2,54,11.845261422943617
HUST,set5_features_metadata_corr95,GPR,log,protocol_holdout,hybrid,2,60,12.40543748775172
HUST,set5_features_metadata_corr95,GPR,log,protocol_holdout,hybrid,2,62,12.0750557404429
HUST,set5_features_metadata_corr95,GPR,log,protocol_holdout,hybrid,3,6,15.72580168681183
HUST,set5_features_metadata_corr95,GPR,log,protocol_holdout,hybrid,3,12,13.475772779231182
HUST,set5_features_metadata_corr95,GPR,log,protocol_holdout,hybrid,3,18,13.614058280479622
HUST,set5_features_metadata_corr95,GPR,log,protocol_holdout,hybrid,3,24,13.956475244146588
HUST,set5_features_metadata_corr95,GPR,log,protocol_holdout,hybrid,3,30,13.828167638449797
HUST,set5_features_metadata_corr95,GPR,log,protocol_holdout,hybrid,3,36,11.668188120691685
HUST,set5_features_metadata_corr95,GPR,log,protocol_holdout,hybrid,3,42,9.63240319366291
HUST,set5_features_metadata_corr95,GPR,log,protocol_holdout,hybrid,3,48,7.251386796657526
HUST,set5_features_metadata_corr95,GPR,log,protocol_holdout,hybrid,3,54,7.186960760359015
HUST,set5_features_metadata_corr95,GPR,log,protocol_holdout,hybrid,3,60,10.139727272623071
HUST,set5_features_metadata_corr95,GPR,log,protocol_holdout,hybrid,3,62,9.507169299871794
HUST,set5_features_metadata_corr95,GPR,log,protocol_holdout,hybrid,4,6,11.541071078811276
HUST,set5_features_metadata_corr95,GPR,log,protocol_holdout,hybrid,4,12,11.860658094825578
HUST,set5_features_metadata_corr95,GPR,log,protocol_holdout,hybrid,4,18,12.65628914534968
HUST,set5_features_metadata_corr95,GPR,log,protocol_holdout,hybrid,4,24,12.21792995576622
HUST,set5_features_metadata_corr95,GPR,log,protocol_holdout,hybrid,4,30,12.8607343647855
HUST,set5_features_metadata_corr95,GPR,log,protocol_holdout,hybrid,4,36,10.90179135910535
HUST,set5_features_metadata_corr95,GPR,log,protocol_holdout,hybrid,4,42,11.65220078664875
HUST,set5_features_metadata_corr95,GPR,log,protocol_holdout,hybrid,4,48,9.30133410307432
HUST,set5_features_metadata_corr95,GPR,log,protocol_holdout,hybrid,4,54,9.11027334502048
HUST,set5_features_metadata_corr95,GPR,log,protocol_holdout,hybrid,4,60,10.077754982401174
HUST,set5_features_metadata_corr95,GPR,log,protocol_holdout,hybrid,4,62,10.176974861530828
HUST,set5_features_metadata_corr95,GPR,log,protocol_holdout,hybrid,5,6,12.166947676629208
HUST,set5_features_metadata_corr95,GPR,log,protocol_holdout,hybrid,5,12,8.939949365815364
HUST,set5_features_metadata_corr95,GPR,log,protocol_holdout,hybrid,5,18,13.081183225103045
HUST,set5_features_metadata_corr95,GPR,log,protocol_holdout,hybrid,5,24,13.23960038530709
HUST,set5_features_metadata_corr95,GPR,log,protocol_holdout,hybrid,5,30,13.031025588201214
HUST,set5_features_metadata_corr95,GPR,log,protocol_holdout,hybrid,5,36,12.534566414946331
HUST,set5_features_metadata_corr95,GPR,log,protocol_holdout,hybrid,5,42,11.998456747706475
HUST,set5_features_metadata_corr95,GPR,log,protocol_holdout,hybrid,5,48,12.271949315287111
HUST,set5_features_metadata_corr95,GPR,log,protocol_holdout,hybrid,5,54,11.914175493667347
HUST,set5_features_metadata_corr95,GPR,log,protocol_holdout,hybrid,5,60,11.526900746842568
HUST,set5_features_metadata_corr95,GPR,log,protocol_holdout,hybrid,5,62,11.577524693483108
HUST,set5_features_metadata_corr95,GPR,log,protocol_holdout,hybrid,6,6,19.491762994587887
HUST,set5_features_metadata_corr95,GPR,log,protocol_holdout,hybrid,6,12,15.342096997684877
HUST,set5_features_metadata_corr95,GPR,log,protocol_holdout,hybrid,6,18,19.44527954260312
HUST,set5_features_metadata_corr95,GPR,log,protocol_holdout,hybrid,6,24,17.580207889198142
HUST,set5_features_metadata_corr95,GPR,log,protocol_holdout,hybrid,6,30,17.139168590429346
HUST,set5_features_metadata_corr95,GPR,log,protocol_holdout,hybrid,6,36,16.515614670250695
HUST,set5_features_metadata_corr95,GPR,log,protocol_holdout,hybrid,6,42,14.64441329847252
HUST,set5_features_metadata_corr95,GPR,log,protocol_holdout,hybrid,6,48,9.862539028433057
HUST,set5_features_metadata_corr95,GPR,log,protocol_holdout,hybrid,6,54,10.600102192285435
HUST,set5_features_metadata_corr95,GPR,log,protocol_holdout,hybrid,6,60,10.516639010401851
HUST,set5_features_metadata_corr95,GPR,log,protocol_holdout,hybrid,6,62,8.697777974236216
HUST,set5_features_metadata_corr95,GPR,log,protocol_holdout,hybrid,7,6,32.1967290991519
HUST,set5_features_metadata_corr95,GPR,log,protocol_holdout,hybrid,7,12,20.97136432990688
HUST,set5_features_metadata_corr95,GPR,log,protocol_holdout,hybrid,7,18,18.435231995397867
HUST,set5_features_metadata_corr95,GPR,log,protocol_holdout,hybrid,7,24,18.13987451716493
HUST,set5_features_metadata_corr95,GPR,log,protocol_holdout,hybrid,7,30,17.033549853715886
HUST,set5_features_metadata_corr95,GPR,log,protocol_holdout,hybrid,7,36,16.775590695857968
HUST,set5_features_metadata_corr95,GPR,log,protocol_holdout,hybrid,7,42,16.93728588650942
HUST,set5_features_metadata_corr95,GPR,log,protocol_holdout,hybrid,7,48,15.87033359959505
HUST,set5_features_metadata_corr95,GPR,log,protocol_holdout,hybrid,7,54,12.280463932703206
HUST,set5_features_metadata_corr95,GPR,log,protocol_holdout,hybrid,7,60,12.653106736724576
HUST,set5_features_metadata_corr95,GPR,log,protocol_holdout,hybrid,7,62,12.133386034130185
HUST,set5_features_metadata_corr95,GPR,log,protocol_holdout,hybrid,8,6,24.940209014005447
HUST,set5_features_metadata_corr95,GPR,log,protocol_holdout,hybrid,8,12,17.7052474172502
HUST,set5_features_metadata_corr95,GPR,log,protocol_holdout,hybrid,8,18,19.994710766148327
HUST,set5_features_metadata_corr95,GPR,log,protocol_holdout,hybrid,8,24,21.52251907835486
HUST,set5_features_metadata_corr95,GPR,log,protocol_holdout,hybrid,8,30,16.90063380875871
HUST,set5_features_metadata_corr95,GPR,log,protocol_holdout,hybrid,8,36,15.645830026361832
HUST,set5_features_metadata_corr95,GPR,log,protocol_holdout,hybrid,8,42,14.916866856003043
HUST,set5_features_metadata_corr95,GPR,log,protocol_holdout,hybrid,8,48,13.50390926306135
HUST,set5_features_metadata_corr95,GPR,log,protocol_holdout,hybrid,8,54,15.362026200457708
HUST,set5_features_metadata_corr95,GPR,log,protocol_holdout,hybrid,8,60,14.566791748091337
HUST,set5_features_metadata_corr95,GPR,log,protocol_holdout,hybrid,8,62,14.403286510232974
HUST,set5_features_metadata_corr95,GPR,log,protocol_holdout,hybrid,9,6,15.529474216948108
HUST,set5_features_metadata_corr95,GPR,log,protocol_holdout,hybrid,9,12,15.211644757557147
HUST,set5_features_metadata_corr95,GPR,log,protocol_holdout,hybrid,9,18,13.12018388072796
HUST,set5_features_metadata_corr95,GPR,log,protocol_holdout,hybrid,9,24,12.175187609528756
HUST,set5_features_metadata_corr95,GPR,log,protocol_holdout,hybrid,9,30,11.842821553880208
HUST,set5_features_metadata_corr95,GPR,log,protocol_holdout,hybrid,9,36,12.288785545027531
HUST,set5_features_metadata_corr95,GPR,log,protocol_holdout,hybrid,9,42,10.76040538864448
HUST,set5_features_metadata_corr95,GPR,log,protocol_holdout,hybrid,9,48,9.732097261181671
HUST,set5_features_metadata_corr95,GPR,log,protocol_holdout,hybrid,9,54,10.019633494992815
HUST,set5_features_metadata_corr95,GPR,log,protocol_holdout,hybrid,9,60,10.134267989299085
HUST,set5_features_metadata_corr95,GPR,log,protocol_holdout,hybrid,9,62,10.018797175110745
HUST,set5_features_metadata_corr95,GPR,log,protocol_holdout,hybrid,10,6,24.28771674403846
HUST,set5_features_metadata_corr95,GPR,log,protocol_holdout,hybrid,10,12,27.20469920594472
HUST,set5_features_metadata_corr95,GPR,log,protocol_holdout,hybrid,10,18,15.865335641378229
HUST,set5_features_metadata_corr95,GPR,log,protocol_holdout,hybrid,10,24,12.883842301948
HUST,set5_features_metadata_corr95,GPR,log,protocol_holdout,hybrid,10,30,11.9874291812641
HUST,set5_features_metadata_corr95,GPR,log,protocol_holdout,hybrid,10,36,13.147028429014265
HUST,set5_features_metadata_corr95,GPR,log,protocol_holdout,hybrid,10,42,12.358578734062824
HUST,set5_features_metadata_corr95,GPR,log,protocol_holdout,hybrid,10,48,11.860721073316776
HUST,set5_features_metadata_corr95,GPR,log,protocol_holdout,hybrid,10,54,11.003159563098198
HUST,set5_features_metadata_corr95,GPR,log,protocol_holdout,hybrid,10,60,11.530089869035525
HUST,set5_features_metadata_corr95,GPR,log,protocol_holdout,hybrid,10,62,11.37791335154156
KIT,set5_features_metadata_corr95,GPR,log,protocol_holdout,random_selection,1,6,34.542130684412314
KIT,set5_features_metadata_corr95,GPR,log,protocol_holdout,random_selection,1,12,30.456358242989808
KIT,set5_features_metadata_corr95,GPR,log,protocol_holdout,random_selection,1,18,24.71213980531753
KIT,set5_features_metadata_corr95,GPR,log,protocol_holdout,random_selection,1,24,27.042306742534056
KIT,set5_features_metadata_corr95,GPR,log,protocol_holdout,random_selection,1,30,22.962645574742595
KIT,set5_features_metadata_corr95,GPR,log,protocol_holdout,random_selection,1,36,22.14597414656859
KIT,set5_features_metadata_corr95,GPR,log,protocol_holdout,random_selection,1,42,21.10100311643749
KIT,set5_features_metadata_corr95,GPR,log,protocol_holdout,random_selection,1,48,19.261257946724506
KIT,set5_features_metadata_corr95,GPR,log,protocol_holdout,random_selection,1,54,20.87565594380889
KIT,set5_features_metadata_corr95,GPR,log,protocol_holdout,random_selection,1,60,21.197248732839384
KIT,set5_features_metadata_corr95,GPR,log,protocol_holdout,random_selection,1,66,19.39571196577455
KIT,set5_features_metadata_corr95,GPR,log,protocol_holdout,random_selection,2,6,31.589428479834897
KIT,set5_features_metadata_corr95,GPR,log,protocol_holdout,random_selection,2,12,46.11295724519277
KIT,set5_features_metadata_corr95,GPR,log,protocol_holdout,random_selection,2,18,31.620184794432227
KIT,set5_features_metadata_corr95,GPR,log,protocol_holdout,random_selection,2,24,18.13608678670284
KIT,set5_features_metadata_corr95,GPR,log,protocol_holdout,random_selection,2,30,21.37168303723916
KIT,set5_features_metadata_corr95,GPR,log,protocol_holdout,random_selection,2,36,21.45742383812462
KIT,set5_features_metadata_corr95,GPR,log,protocol_holdout,random_selection,2,42,21.58542784391439
KIT,set5_features_metadata_corr95,GPR,log,protocol_holdout,random_selection,2,48,22.8962975146517
KIT,set5_features_metadata_corr95,GPR,log,protocol_holdout,random_selection,2,54,27.055719165983223
KIT,set5_features_metadata_corr95,GPR,log,protocol_holdout,random_selection,2,60,27.280713119177246
KIT,set5_features_metadata_corr95,GPR,log,protocol_holdout,random_selection,2,66,28.92159409531026
KIT,set5_features_metadata_corr95,GPR,log,protocol_holdout,random_selection,3,6,31.06695042969227
KIT,set5_features_metadata_corr95,GPR,log,protocol_holdout,random_selection,3,12,28.39437476546933
KIT,set5_features_metadata_corr95,GPR,log,protocol_holdout,random_selection,3,18,35.26318607210472
KIT,set5_features_metadata_corr95,GPR,log,protocol_holdout,random_selection,3,24,23.67906066081304
KIT,set5_features_metadata_corr95,GPR,log,protocol_holdout,random_selection,3,30,24.30379363173405
KIT,set5_features_metadata_corr95,GPR,log,protocol_holdout,random_selection,3,36,23.629933237792898
KIT,set5_features_metadata_corr95,GPR,log,protocol_holdout,random_selection,3,42,29.944054814312626
KIT,set5_features_metadata_corr95,GPR,log,protocol_holdout,random_selection,3,48,27.709525976969644
KIT,set5_features_metadata_corr95,GPR,log,protocol_holdout,random_selection,3,54,30.16261157081811
KIT,set5_features_metadata_corr95,GPR,log,protocol_holdout,random_selection,3,60,31.40541649558847
KIT,set5_features_metadata_corr95,GPR,log,protocol_holdout,random_selection,3,66,33.979153993290524
KIT,set5_features_metadata_corr95,GPR,log,protocol_holdout,random_selection,4,6,44.55888048412223
KIT,set5_features_metadata_corr95,GPR,log,protocol_holdout,random_selection,4,12,31.567900475594943
KIT,set5_features_metadata_corr95,GPR,log,protocol_holdout,random_selection,4,18,24.28551874646877
KIT,set5_features_metadata_corr95,GPR,log,protocol_holdout,random_selection,4,24,22.41111577352208
KIT,set5_features_metadata_corr95,GPR,log,protocol_holdout,random_selection,4,30,14.896122588983337
KIT,set5_features_metadata_corr95,GPR,log,protocol_holdout,random_selection,4,36,21.554006650961576
KIT,set5_features_metadata_corr95,GPR,log,protocol_holdout,random_selection,4,42,34.72131208479871
KIT,set5_features_metadata_corr95,GPR,log,protocol_holdout,random_selection,4,48,24.88465797747369
KIT,set5_features_metadata_corr95,GPR,log,protocol_holdout,random_selection,4,54,39.287368522795866
KIT,set5_features_metadata_corr95,GPR,log,protocol_holdout,random_selection,4,60,35.63927112009311
KIT,set5_features_metadata_corr95,GPR,log,protocol_holdout,random_selection,4,66,34.14049967222969
KIT,set5_features_metadata_corr95,GPR,log,protocol_holdout,random_selection,5,6,22.77497884552056
KIT,set5_features_metadata_corr95,GPR,log,protocol_holdout,random_selection,5,12,15.487396084515398
KIT,set5_features_metadata_corr95,GPR,log,protocol_holdout,random_selection,5,18,27.29833218943501
KIT,set5_features_metadata_corr95,GPR,log,protocol_holdout,random_selection,5,24,29.608519691446507
KIT,set5_features_metadata_corr95,GPR,log,protocol_holdout,random_selection,5,30,25.352991838941584
KIT,set5_features_metadata_corr95,GPR,log,protocol_holdout,random_selection,5,36,29.316065416696134
KIT,set5_features_metadata_corr95,GPR,log,protocol_holdout,random_selection,5,42,37.53772434351967
KIT,set5_features_metadata_corr95,GPR,log,protocol_holdout,random_selection,5,48,26.035427683978952
KIT,set5_features_metadata_corr95,GPR,log,protocol_holdout,random_selection,5,54,20.804295300377483
KIT,set5_features_metadata_corr95,GPR,log,protocol_holdout,random_selection,5,60,16.84476707813888
KIT,set5_features_metadata_corr95,GPR,log,protocol_holdout,random_selection,5,66,14.935245329051128
KIT,set5_features_metadata_corr95,GPR,log,protocol_holdout,random_selection,6,6,22.786251821964733
KIT,set5_features_metadata_corr95,GPR,log,protocol_holdout,random_selection,6,12,20.037739843526424
KIT,set5_features_metadata_corr95,GPR,log,protocol_holdout,random_selection,6,18,29.002500933571824
KIT,set5_features_metadata_corr95,GPR,log,protocol_holdout,random_selection,6,24,29.99051235594693
KIT,set5_features_metadata_corr95,GPR,log,protocol_holdout,random_selection,6,30,41.35176286382384
KIT,set5_features_metadata_corr95,GPR,log,protocol_holdout,random_selection,6,36,24.268567562723312
KIT,set5_features_metadata_corr95,GPR,log,protocol_holdout,random_selection,6,42,20.04605910098848
KIT,set5_features_metadata_corr95,GPR,log,protocol_holdout,random_selection,6,48,24.922154867858524
KIT,set5_features_metadata_corr95,GPR,log,protocol_holdout,random_selection,6,54,24.549355533862443
KIT,set5_features_metadata_corr95,GPR,log,protocol_holdout,random_selection,6,60,23.70217617373944
KIT,set5_features_metadata_corr95,GPR,log,protocol_holdout,random_selection,6,66,14.459016641680384
KIT,set5_features_metadata_corr95,GPR,log,protocol_holdout,random_selection,7,6,34.611160758294126
KIT,set5_features_metadata_corr95,GPR,log,protocol_holdout,random_selection,7,12,30.308686803270525
KIT,set5_features_metadata_corr95,GPR,log,protocol_holdout,random_selection,7,18,39.50910762360049
KIT,set5_features_metadata_corr95,GPR,log,protocol_holdout,random_selection,7,24,37.70860756245894
KIT,set5_features_metadata_corr95,GPR,log,protocol_holdout,random_selection,7,30,34.246838081679805
KIT,set5_features_metadata_corr95,GPR,log,protocol_holdout,random_selection,7,36,44.33916571504034
KIT,set5_features_metadata_corr95,GPR,log,protocol_holdout,random_selection,7,42,58.44442005118095
KIT,set5_features_metadata_corr95,GPR,log,protocol_holdout,random_selection,7,48,59.40506923159749
KIT,set5_features_metadata_corr95,GPR,log,protocol_holdout,random_selection,7,54,37.73315707007504
KIT,set5_features_metadata_corr95,GPR,log,protocol_holdout,random_selection,7,60,35.77670351553346
KIT,set5_features_metadata_corr95,GPR,log,protocol_holdout,random_selection,7,66,35.51436723007051
KIT,set5_features_metadata_corr95,GPR,log,protocol_holdout,random_selection,8,6,28.771768350070943
KIT,set5_features_metadata_corr95,GPR,log,protocol_holdout,random_selection,8,12,38.20801630172282
KIT,set5_features_metadata_corr95,GPR,log,protocol_holdout,random_selection,8,18,19.894451641963705
KIT,set5_features_metadata_corr95,GPR,log,protocol_holdout,random_selection,8,24,16.47967927485616
KIT,set5_features_metadata_corr95,GPR,log,protocol_holdout,random_selection,8,30,20.72345509023162
KIT,set5_features_metadata_corr95,GPR,log,protocol_holdout,random_selection,8,36,22.584221479545285
KIT,set5_features_metadata_corr95,GPR,log,protocol_holdout,random_selection,8,42,21.53554428773648
KIT,set5_features_metadata_corr95,GPR,log,protocol_holdout,random_selection,8,48,22.211971346457545
KIT,set5_features_metadata_corr95,GPR,log,protocol_holdout,random_selection,8,54,18.084128750814777
KIT,set5_features_metadata_corr95,GPR,log,protocol_holdout,random_selection,8,60,19.134655456269705
KIT,set5_features_metadata_corr95,GPR,log,protocol_holdout,random_selection,8,66,20.32544441421516
KIT,set5_features_metadata_corr95,GPR,log,protocol_holdout,random_selection,9,6,44.82513206459704
KIT,set5_features_metadata_corr95,GPR,log,protocol_holdout,random_selection,9,12,30.47448082189148
KIT,set5_features_metadata_corr95,GPR,log,protocol_holdout,random_selection,9,18,58.27027854031103
KIT,set5_features_metadata_corr95,GPR,log,protocol_holdout,random_selection,9,24,21.61439167191908
KIT,set5_features_metadata_corr95,GPR,log,protocol_holdout,random_selection,9,30,34.932569029615884
KIT,set5_features_metadata_corr95,GPR,log,protocol_holdout,random_selection,9,36,43.70690748497401
KIT,set5_features_metadata_corr95,GPR,log,protocol_holdout,random_selection,9,42,56.32427095690309
KIT,set5_features_metadata_corr95,GPR,log,protocol_holdout,random_selection,9,48,50.12374217865906
KIT,set5_features_metadata_corr95,GPR,log,protocol_holdout,random_selection,9,54,61.17524861452464
KIT,set5_features_metadata_corr95,GPR,log,protocol_holdout,random_selection,9,60,37.61433486952512
KIT,set5_features_metadata_corr95,GPR,log,protocol_holdout,random_selection,9,66,39.77690557187779
KIT,set5_features_metadata_corr95,GPR,log,protocol_holdout,random_selection,10,6,17.82427330255209
KIT,set5_features_metadata_corr95,GPR,log,protocol_holdout,random_selection,10,12,24.77064219803052
KIT,set5_features_metadata_corr95,GPR,log,protocol_holdout,random_selection,10,18,22.06161763207072
KIT,set5_features_metadata_corr95,GPR,log,protocol_holdout,random_selection,10,24,22.332162261184564
KIT,set5_features_metadata_corr95,GPR,log,protocol_holdout,random_selection,10,30,22.597938572328697
KIT,set5_features_metadata_corr95,GPR,log,protocol_holdout,random_selection,10,36,20.169246027498406
KIT,set5_features_metadata_corr95,GPR,log,protocol_holdout,random_selection,10,42,20.82812310430048
KIT,set5_features_metadata_corr95,GPR,log,protocol_holdout,random_selection,10,48,24.177568032759822
KIT,set5_features_metadata_corr95,GPR,log,protocol_holdout,random_selection,10,54,19.91395539997966
KIT,set5_features_metadata_corr95,GPR,log,protocol_holdout,random_selection,10,60,13.773043999786424
KIT,set5_features_metadata_corr95,GPR,log,protocol_holdout,random_selection,10,66,13.201555477824613
KIT,set5_features_metadata_corr95,GPR,log,protocol_holdout,diversity_oneshot,1,6,36.7502543392586
KIT,set5_features_metadata_corr95,GPR,log,protocol_holdout,diversity_oneshot,1,12,31.037760822352624
KIT,set5_features_metadata_corr95,GPR,log,protocol_holdout,diversity_oneshot,1,18,27.063812337101627
KIT,set5_features_metadata_corr95,GPR,log,protocol_holdout,diversity_oneshot,1,24,26.81262259794944
KIT,set5_features_metadata_corr95,GPR,log,protocol_holdout,diversity_oneshot,1,30,24.550137638146666
KIT,set5_features_metadata_corr95,GPR,log,protocol_holdout,diversity_oneshot,1,36,21.77549741979309
KIT,set5_features_metadata_corr95,GPR,log,protocol_holdout,diversity_oneshot,1,42,20.67180851114184
KIT,set5_features_metadata_corr95,GPR,log,protocol_holdout,diversity_oneshot,1,48,19.056983017655988
KIT,set5_features_metadata_corr95,GPR,log,protocol_holdout,diversity_oneshot,1,54,18.731921761696224
KIT,set5_features_metadata_corr95,GPR,log,protocol_holdout,diversity_oneshot,1,60,17.92075406038093
KIT,set5_features_metadata_corr95,GPR,log,protocol_holdout,diversity_oneshot,1,66,19.39571196577455
KIT,set5_features_metadata_corr95,GPR,log,protocol_holdout,diversity_oneshot,2,6,31.536179157440586
KIT,set5_features_metadata_corr95,GPR,log,protocol_holdout,diversity_oneshot,2,12,45.94552843115574
KIT,set5_features_metadata_corr95,GPR,log,protocol_holdout,diversity_oneshot,2,18,37.93847566039067
KIT,set5_features_metadata_corr95,GPR,log,protocol_holdout,diversity_oneshot,2,24,22.4729289622164
KIT,set5_features_metadata_corr95,GPR,log,protocol_holdout,diversity_oneshot,2,30,22.24235776802027
KIT,set5_features_metadata_corr95,GPR,log,protocol_holdout,diversity_oneshot,2,36,25.66472208153342
KIT,set5_features_metadata_corr95,GPR,log,protocol_holdout,diversity_oneshot,2,42,25.839348067767904
KIT,set5_features_metadata_corr95,GPR,log,protocol_holdout,diversity_oneshot,2,48,25.687744873996483
KIT,set5_features_metadata_corr95,GPR,log,protocol_holdout,diversity_oneshot,2,54,23.419030089424023
KIT,set5_features_metadata_corr95,GPR,log,protocol_holdout,diversity_oneshot,2,60,27.61925437036262
KIT,set5_features_metadata_corr95,GPR,log,protocol_holdout,diversity_oneshot,2,66,28.92159409531026
KIT,set5_features_metadata_corr95,GPR,log,protocol_holdout,diversity_oneshot,3,6,35.87472852907519
KIT,set5_features_metadata_corr95,GPR,log,protocol_holdout,diversity_oneshot,3,12,47.546014244135165
KIT,set5_features_metadata_corr95,GPR,log,protocol_holdout,diversity_oneshot,3,18,42.95968004163883
KIT,set5_features_metadata_corr95,GPR,log,protocol_holdout,diversity_oneshot,3,24,23.460690976406383
KIT,set5_features_metadata_corr95,GPR,log,protocol_holdout,diversity_oneshot,3,30,26.57876670285664
KIT,set5_features_metadata_corr95,GPR,log,protocol_holdout,diversity_oneshot,3,36,28.68042157921169
KIT,set5_features_metadata_corr95,GPR,log,protocol_holdout,diversity_oneshot,3,42,31.076538133142783
KIT,set5_features_metadata_corr95,GPR,log,protocol_holdout,diversity_oneshot,3,48,25.66086451826844
KIT,set5_features_metadata_corr95,GPR,log,protocol_holdout,diversity_oneshot,3,54,30.44693735837052
KIT,set5_features_metadata_corr95,GPR,log,protocol_holdout,diversity_oneshot,3,60,34.34802393298244
KIT,set5_features_metadata_corr95,GPR,log,protocol_holdout,diversity_oneshot,3,66,33.979153993290524
KIT,set5_features_metadata_corr95,GPR,log,protocol_holdout,diversity_oneshot,4,6,32.36515375115736
KIT,set5_features_metadata_corr95,GPR,log,protocol_holdout,diversity_oneshot,4,12,40.12029451488628
KIT,set5_features_metadata_corr95,GPR,log,protocol_holdout,diversity_oneshot,4,18,30.00077328233779
KIT,set5_features_metadata_corr95,GPR,log,protocol_holdout,diversity_oneshot,4,24,24.42158167878572
KIT,set5_features_metadata_corr95,GPR,log,protocol_holdout,diversity_oneshot,4,30,23.495042201508568
KIT,set5_features_metadata_corr95,GPR,log,protocol_holdout,diversity_oneshot,4,36,37.43167679567801
KIT,set5_features_metadata_corr95,GPR,log,protocol_holdout,diversity_oneshot,4,42,40.66455600811014
KIT,set5_features_metadata_corr95,GPR,log,protocol_holdout,diversity_oneshot,4,48,30.636299138530955
KIT,set5_features_metadata_corr95,GPR,log,protocol_holdout,diversity_oneshot,4,54,31.67342016318342
KIT,set5_features_metadata_corr95,GPR,log,protocol_holdout,diversity_oneshot,4,60,32.75196774407706
KIT,set5_features_metadata_corr95,GPR,log,protocol_holdout,diversity_oneshot,4,66,34.14049967222969
KIT,set5_features_metadata_corr95,GPR,log,protocol_holdout,diversity_oneshot,5,6,33.38143351325894
KIT,set5_features_metadata_corr95,GPR,log,protocol_holdout,diversity_oneshot,5,12,31.75629965978473
KIT,set5_features_metadata_corr95,GPR,log,protocol_holdout,diversity_oneshot,5,18,44.57507775585372
KIT,set5_features_metadata_corr95,GPR,log,protocol_holdout,diversity_oneshot,5,24,24.35930207044144
KIT,set5_features_metadata_corr95,GPR,log,protocol_holdout,diversity_oneshot,5,30,30.47980564642588
KIT,set5_features_metadata_corr95,GPR,log,protocol_holdout,diversity_oneshot,5,36,28.54619296963099
KIT,set5_features_metadata_corr95,GPR,log,protocol_holdout,diversity_oneshot,5,42,32.60909644156281
KIT,set5_features_metadata_corr95,GPR,log,protocol_holdout,diversity_oneshot,5,48,30.03618074272243
KIT,set5_features_metadata_corr95,GPR,log,protocol_holdout,diversity_oneshot,5,54,20.541236462663942
KIT,set5_features_metadata_corr95,GPR,log,protocol_holdout,diversity_oneshot,5,60,18.00987633278482
KIT,set5_features_metadata_corr95,GPR,log,protocol_holdout,diversity_oneshot,5,66,14.935245329051128
KIT,set5_features_metadata_corr95,GPR,log,protocol_holdout,diversity_oneshot,6,6,37.525546942693886
KIT,set5_features_metadata_corr95,GPR,log,protocol_holdout,diversity_oneshot,6,12,20.22904222898604
KIT,set5_features_metadata_corr95,GPR,log,protocol_holdout,diversity_oneshot,6,18,24.56686236050476
KIT,set5_features_metadata_corr95,GPR,log,protocol_holdout,diversity_oneshot,6,24,19.414847977416567
KIT,set5_features_metadata_corr95,GPR,log,protocol_holdout,diversity_oneshot,6,30,20.2319460515366
KIT,set5_features_metadata_corr95,GPR,log,protocol_holdout,diversity_oneshot,6,36,29.504026771989466
KIT,set5_features_metadata_corr95,GPR,log,protocol_holdout,diversity_oneshot,6,42,22.26372614721288
KIT,set5_features_metadata_corr95,GPR,log,protocol_holdout,diversity_oneshot,6,48,21.99455754055948
KIT,set5_features_metadata_corr95,GPR,log,protocol_holdout,diversity_oneshot,6,54,21.5489768617708
KIT,set5_features_metadata_corr95,GPR,log,protocol_holdout,diversity_oneshot,6,60,22.20308130560745
KIT,set5_features_metadata_corr95,GPR,log,protocol_holdout,diversity_oneshot,6,66,14.459016641680384
KIT,set5_features_metadata_corr95,GPR,log,protocol_holdout,diversity_oneshot,7,6,33.28126828065388
KIT,set5_features_metadata_corr95,GPR,log,protocol_holdout,diversity_oneshot,7,12,45.22217522967389
KIT,set5_features_metadata_corr95,GPR,log,protocol_holdout,diversity_oneshot,7,18,53.88604147730379
KIT,set5_features_metadata_corr95,GPR,log,protocol_holdout,diversity_oneshot,7,24,21.81082802075852
KIT,set5_features_metadata_corr95,GPR,log,protocol_holdout,diversity_oneshot,7,30,26.03651857559473
KIT,set5_features_metadata_corr95,GPR,log,protocol_holdout,diversity_oneshot,7,36,27.713770666285274
KIT,set5_features_metadata_corr95,GPR,log,protocol_holdout,diversity_oneshot,7,42,32.831945735497506
KIT,set5_features_metadata_corr95,GPR,log,protocol_holdout,diversity_oneshot,7,48,31.75267693478536
KIT,set5_features_metadata_corr95,GPR,log,protocol_holdout,diversity_oneshot,7,54,28.16620186322768
KIT,set5_features_metadata_corr95,GPR,log,protocol_holdout,diversity_oneshot,7,60,33.28972410061327
KIT,set5_features_metadata_corr95,GPR,log,protocol_holdout,diversity_oneshot,7,66,35.51436723007051
KIT,set5_features_metadata_corr95,GPR,log,protocol_holdout,diversity_oneshot,8,6,46.265878968564
KIT,set5_features_metadata_corr95,GPR,log,protocol_holdout,diversity_oneshot,8,12,45.76315169806149
KIT,set5_features_metadata_corr95,GPR,log,protocol_holdout,diversity_oneshot,8,18,25.40563902633806
KIT,set5_features_metadata_corr95,GPR,log,protocol_holdout,diversity_oneshot,8,24,24.636999979402265
KIT,set5_features_metadata_corr95,GPR,log,protocol_holdout,diversity_oneshot,8,30,23.51736994765112
KIT,set5_features_metadata_corr95,GPR,log,protocol_holdout,diversity_oneshot,8,36,28.99073802238891
KIT,set5_features_metadata_corr95,GPR,log,protocol_holdout,diversity_oneshot,8,42,23.44297388316063
KIT,set5_features_metadata_corr95,GPR,log,protocol_holdout,diversity_oneshot,8,48,20.748363131365167
KIT,set5_features_metadata_corr95,GPR,log,protocol_holdout,diversity_oneshot,8,54,19.94958341736836
KIT,set5_features_metadata_corr95,GPR,log,protocol_holdout,diversity_oneshot,8,60,19.27599835759172
KIT,set5_features_metadata_corr95,GPR,log,protocol_holdout,diversity_oneshot,8,66,20.32544441421516
KIT,set5_features_metadata_corr95,GPR,log,protocol_holdout,diversity_oneshot,9,6,31.46244284258863
KIT,set5_features_metadata_corr95,GPR,log,protocol_holdout,diversity_oneshot,9,12,39.793594328850965
KIT,set5_features_metadata_corr95,GPR,log,protocol_holdout,diversity_oneshot,9,18,29.133820137790728
KIT,set5_features_metadata_corr95,GPR,log,protocol_holdout,diversity_oneshot,9,24,26.1588361393972
KIT,set5_features_metadata_corr95,GPR,log,protocol_holdout,diversity_oneshot,9,30,21.106908457973585
KIT,set5_features_metadata_corr95,GPR,log,protocol_holdout,diversity_oneshot,9,36,24.88439474392036
KIT,set5_features_metadata_corr95,GPR,log,protocol_holdout,diversity_oneshot,9,42,33.02768534584448
KIT,set5_features_metadata_corr95,GPR,log,protocol_holdout,diversity_oneshot,9,48,29.384366567892584
KIT,set5_features_metadata_corr95,GPR,log,protocol_holdout,diversity_oneshot,9,54,32.86138244037262
KIT,set5_features_metadata_corr95,GPR,log,protocol_holdout,diversity_oneshot,9,60,36.84443809961368
KIT,set5_features_metadata_corr95,GPR,log,protocol_holdout,diversity_oneshot,9,66,39.77690557187779
KIT,set5_features_metadata_corr95,GPR,log,protocol_holdout,diversity_oneshot,10,6,39.93282735809315
KIT,set5_features_metadata_corr95,GPR,log,protocol_holdout,diversity_oneshot,10,12,27.71397081040738
KIT,set5_features_metadata_corr95,GPR,log,protocol_holdout,diversity_oneshot,10,18,23.29931049031532
KIT,set5_features_metadata_corr95,GPR,log,protocol_holdout,diversity_oneshot,10,24,23.92053701399567
KIT,set5_features_metadata_corr95,GPR,log,protocol_holdout,diversity_oneshot,10,30,36.40061883166428
KIT,set5_features_metadata_corr95,GPR,log,protocol_holdout,diversity_oneshot,10,36,38.05910173136397
KIT,set5_features_metadata_corr95,GPR,log,protocol_holdout,diversity_oneshot,10,42,18.60727718553486
KIT,set5_features_metadata_corr95,GPR,log,protocol_holdout,diversity_oneshot,10,48,20.579708052980184
KIT,set5_features_metadata_corr95,GPR,log,protocol_holdout,diversity_oneshot,10,54,16.294658974470288
KIT,set5_features_metadata_corr95,GPR,log,protocol_holdout,diversity_oneshot,10,60,13.302932751851417
KIT,set5_features_metadata_corr95,GPR,log,protocol_holdout,diversity_oneshot,10,66,13.201555477824613
KIT,set5_features_metadata_corr95,GPR,log,protocol_holdout,diversity_iterative,1,6,36.7502543392586
KIT,set5_features_metadata_corr95,GPR,log,protocol_holdout,diversity_iterative,1,12,28.31725289775032
KIT,set5_features_metadata_corr95,GPR,log,protocol_holdout,diversity_iterative,1,18,26.45538410089677
KIT,set5_features_metadata_corr95,GPR,log,protocol_holdout,diversity_iterative,1,24,29.19725270826219
KIT,set5_features_metadata_corr95,GPR,log,protocol_holdout,diversity_iterative,1,30,24.84270795974789
KIT,set5_features_metadata_corr95,GPR,log,protocol_holdout,diversity_iterative,1,36,26.85241547868889
KIT,set5_features_metadata_corr95,GPR,log,protocol_holdout,diversity_iterative,1,42,22.05859734312608
KIT,set5_features_metadata_corr95,GPR,log,protocol_holdout,diversity_iterative,1,48,21.839548126304766
KIT,set5_features_metadata_corr95,GPR,log,protocol_holdout,diversity_iterative,1,54,21.84787423197797
KIT,set5_features_metadata_corr95,GPR,log,protocol_holdout,diversity_iterative,1,60,20.94234593689204
KIT,set5_features_metadata_corr95,GPR,log,protocol_holdout,diversity_iterative,1,66,19.39571196577455
KIT,set5_features_metadata_corr95,GPR,log,protocol_holdout,diversity_iterative,2,6,31.536179157440586
KIT,set5_features_metadata_corr95,GPR,log,protocol_holdout,diversity_iterative,2,12,33.10499537359302
KIT,set5_features_metadata_corr95,GPR,log,protocol_holdout,diversity_iterative,2,18,35.18598882325707
KIT,set5_features_metadata_corr95,GPR,log,protocol_holdout,diversity_iterative,2,24,40.29864431436302
KIT,set5_features_metadata_corr95,GPR,log,protocol_holdout,diversity_iterative,2,30,16.45971133880962
KIT,set5_features_metadata_corr95,GPR,log,protocol_holdout,diversity_iterative,2,36,19.88207204103703
KIT,set5_features_metadata_corr95,GPR,log,protocol_holdout,diversity_iterative,2,42,23.58211955611316
KIT,set5_features_metadata_corr95,GPR,log,protocol_holdout,diversity_iterative,2,48,33.77100346584649
KIT,set5_features_metadata_corr95,GPR,log,protocol_holdout,diversity_iterative,2,54,30.43878699960608
KIT,set5_features_metadata_corr95,GPR,log,protocol_holdout,diversity_iterative,2,60,24.864483154307383
KIT,set5_features_metadata_corr95,GPR,log,protocol_holdout,diversity_iterative,2,66,28.92159409531026
KIT,set5_features_metadata_corr95,GPR,log,protocol_holdout,diversity_iterative,3,6,35.87472852907519
KIT,set5_features_metadata_corr95,GPR,log,protocol_holdout,diversity_iterative,3,12,34.4387791346675
KIT,set5_features_metadata_corr95,GPR,log,protocol_holdout,diversity_iterative,3,18,41.454653154505536
KIT,set5_features_metadata_corr95,GPR,log,protocol_holdout,diversity_iterative,3,24,49.04782440723912
KIT,set5_features_metadata_corr95,GPR,log,protocol_holdout,diversity_iterative,3,30,19.135530816633267
KIT,set5_features_metadata_corr95,GPR,log,protocol_holdout,diversity_iterative,3,36,20.138215083375247
KIT,set5_features_metadata_corr95,GPR,log,protocol_holdout,diversity_iterative,3,42,22.67354932912537
KIT,set5_features_metadata_corr95,GPR,log,protocol_holdout,diversity_iterative,3,48,24.374201462089435
KIT,set5_features_metadata_corr95,GPR,log,protocol_holdout,diversity_iterative,3,54,25.718551775247988
KIT,set5_features_metadata_corr95,GPR,log,protocol_holdout,diversity_iterative,3,60,30.5495577887992
KIT,set5_features_metadata_corr95,GPR,log,protocol_holdout,diversity_iterative,3,66,33.979153993290524
KIT,set5_features_metadata_corr95,GPR,log,protocol_holdout,diversity_iterative,4,6,32.36515375115736
KIT,set5_features_metadata_corr95,GPR,log,protocol_holdout,diversity_iterative,4,12,30.89512240388361
KIT,set5_features_metadata_corr95,GPR,log,protocol_holdout,diversity_iterative,4,18,39.23096574867845
KIT,set5_features_metadata_corr95,GPR,log,protocol_holdout,diversity_iterative,4,24,24.43667829475496
KIT,set5_features_metadata_corr95,GPR,log,protocol_holdout,diversity_iterative,4,30,20.048656455545068
KIT,set5_features_metadata_corr95,GPR,log,protocol_holdout,diversity_iterative,4,36,19.82376864413924
KIT,set5_features_metadata_corr95,GPR,log,protocol_holdout,diversity_iterative,4,42,20.421041372595003
KIT,set5_features_metadata_corr95,GPR,log,protocol_holdout,diversity_iterative,4,48,28.887704699271985
KIT,set5_features_metadata_corr95,GPR,log,protocol_holdout,diversity_iterative,4,54,31.31492981544776
KIT,set5_features_metadata_corr95,GPR,log,protocol_holdout,diversity_iterative,4,60,33.74073721032957
KIT,set5_features_metadata_corr95,GPR,log,protocol_holdout,diversity_iterative,4,66,34.14049967222969
KIT,set5_features_metadata_corr95,GPR,log,protocol_holdout,diversity_iterative,5,6,33.38143351325894
KIT,set5_features_metadata_corr95,GPR,log,protocol_holdout,diversity_iterative,5,12,22.488987101496186
KIT,set5_features_metadata_corr95,GPR,log,protocol_holdout,diversity_iterative,5,18,26.67033815857072
KIT,set5_features_metadata_corr95,GPR,log,protocol_holdout,diversity_iterative,5,24,17.692281838788556
KIT,set5_features_metadata_corr95,GPR,log,protocol_holdout,diversity_iterative,5,30,15.872026185455931
KIT,set5_features_metadata_corr95,GPR,log,protocol_holdout,diversity_iterative,5,36,11.83653666525696
KIT,set5_features_metadata_corr95,GPR,log,protocol_holdout,diversity_iterative,5,42,44.56434223803161
KIT,set5_features_metadata_corr95,GPR,log,protocol_holdout,diversity_iterative,5,48,13.050385346885909
KIT,set5_features_metadata_corr95,GPR,log,protocol_holdout,diversity_iterative,5,54,17.881372363712327
KIT,set5_features_metadata_corr95,GPR,log,protocol_holdout,diversity_iterative,5,60,22.409156358569657
KIT,set5_features_metadata_corr95,GPR,log,protocol_holdout,diversity_iterative,5,66,14.935245329051128
KIT,set5_features_metadata_corr95,GPR,log,protocol_holdout,diversity_iterative,6,6,37.525546942693886
KIT,set5_features_metadata_corr95,GPR,log,protocol_holdout,diversity_iterative,6,12,21.919449879940995
KIT,set5_features_metadata_corr95,GPR,log,protocol_holdout,diversity_iterative,6,18,18.93148874065442
KIT,set5_features_metadata_corr95,GPR,log,protocol_holdout,diversity_iterative,6,24,21.21389683272776
KIT,set5_features_metadata_corr95,GPR,log,protocol_holdout,diversity_iterative,6,30,15.139881674417865
KIT,set5_features_metadata_corr95,GPR,log,protocol_holdout,diversity_iterative,6,36,14.50489300872838
KIT,set5_features_metadata_corr95,GPR,log,protocol_holdout,diversity_iterative,6,42,34.87444444243542
KIT,set5_features_metadata_corr95,GPR,log,protocol_holdout,diversity_iterative,6,48,15.726427306043483
KIT,set5_features_metadata_corr95,GPR,log,protocol_holdout,diversity_iterative,6,54,17.0260599571348
KIT,set5_features_metadata_corr95,GPR,log,protocol_holdout,diversity_iterative,6,60,17.9106185421726
KIT,set5_features_metadata_corr95,GPR,log,protocol_holdout,diversity_iterative,6,66,14.459016641680384
KIT,set5_features_metadata_corr95,GPR,log,protocol_holdout,diversity_iterative,7,6,33.28126828065388
KIT,set5_features_metadata_corr95,GPR,log,protocol_holdout,diversity_iterative,7,12,26.31982331228932
KIT,set5_features_metadata_corr95,GPR,log,protocol_holdout,diversity_iterative,7,18,35.554250117697265
KIT,set5_features_metadata_corr95,GPR,log,protocol_holdout,diversity_iterative,7,24,42.4273467726452
KIT,set5_features_metadata_corr95,GPR,log,protocol_holdout,diversity_iterative,7,30,40.41516992882347
KIT,set5_features_metadata_corr95,GPR,log,protocol_holdout,diversity_iterative,7,36,42.61556644514407
KIT,set5_features_metadata_corr95,GPR,log,protocol_holdout,diversity_iterative,7,42,51.30776523200874
KIT,set5_features_metadata_corr95,GPR,log,protocol_holdout,diversity_iterative,7,48,50.40459669562024
KIT,set5_features_metadata_corr95,GPR,log,protocol_holdout,diversity_iterative,7,54,49.67436272814822
KIT,set5_features_metadata_corr95,GPR,log,protocol_holdout,diversity_iterative,7,60,35.991027561646725
KIT,set5_features_metadata_corr95,GPR,log,protocol_holdout,diversity_iterative,7,66,35.51436723007051
KIT,set5_features_metadata_corr95,GPR,log,protocol_holdout,diversity_iterative,8,6,46.265878968564
KIT,set5_features_metadata_corr95,GPR,log,protocol_holdout,diversity_iterative,8,12,30.50592332071454
KIT,set5_features_metadata_corr95,GPR,log,protocol_holdout,diversity_iterative,8,18,25.477253287494417
KIT,set5_features_metadata_corr95,GPR,log,protocol_holdout,diversity_iterative,8,24,29.525755051213963
KIT,set5_features_metadata_corr95,GPR,log,protocol_holdout,diversity_iterative,8,30,24.508117984068424
KIT,set5_features_metadata_corr95,GPR,log,protocol_holdout,diversity_iterative,8,36,25.825850275424088
KIT,set5_features_metadata_corr95,GPR,log,protocol_holdout,diversity_iterative,8,42,25.517242684509007
KIT,set5_features_metadata_corr95,GPR,log,protocol_holdout,diversity_iterative,8,48,23.21387461046386
KIT,set5_features_metadata_corr95,GPR,log,protocol_holdout,diversity_iterative,8,54,20.154971931687594
KIT,set5_features_metadata_corr95,GPR,log,protocol_holdout,diversity_iterative,8,60,22.09484827855441
KIT,set5_features_metadata_corr95,GPR,log,protocol_holdout,diversity_iterative,8,66,20.32544441421516
KIT,set5_features_metadata_corr95,GPR,log,protocol_holdout,diversity_iterative,9,6,31.46244284258863
KIT,set5_features_metadata_corr95,GPR,log,protocol_holdout,diversity_iterative,9,12,33.81085521484988
KIT,set5_features_metadata_corr95,GPR,log,protocol_holdout,diversity_iterative,9,18,42.79751258267075
KIT,set5_features_metadata_corr95,GPR,log,protocol_holdout,diversity_iterative,9,24,50.503985948349154
KIT,set5_features_metadata_corr95,GPR,log,protocol_holdout,diversity_iterative,9,30,52.49292739137241
KIT,set5_features_metadata_corr95,GPR,log,protocol_holdout,diversity_iterative,9,36,74.05807664479127
KIT,set5_features_metadata_corr95,GPR,log,protocol_holdout,diversity_iterative,9,42,65.96401577099648
KIT,set5_features_metadata_corr95,GPR,log,protocol_holdout,diversity_iterative,9,48,79.33340860658409
KIT,set5_features_metadata_corr95,GPR,log,protocol_holdout,diversity_iterative,9,54,84.36454328548328
KIT,set5_features_metadata_corr95,GPR,log,protocol_holdout,diversity_iterative,9,60,45.05320822349965
KIT,set5_features_metadata_corr95,GPR,log,protocol_holdout,diversity_iterative,9,66,39.77690557187779
KIT,set5_features_metadata_corr95,GPR,log,protocol_holdout,diversity_iterative,10,6,39.93282735809315
KIT,set5_features_metadata_corr95,GPR,log,protocol_holdout,diversity_iterative,10,12,29.778310494236827
KIT,set5_features_metadata_corr95,GPR,log,protocol_holdout,diversity_iterative,10,18,58.784068771141065
KIT,set5_features_metadata_corr95,GPR,log,protocol_holdout,diversity_iterative,10,24,62.48409505928432
KIT,set5_features_metadata_corr95,GPR,log,protocol_holdout,diversity_iterative,10,30,59.16245273128299
KIT,set5_features_metadata_corr95,GPR,log,protocol_holdout,diversity_iterative,10,36,54.54262833882525
KIT,set5_features_metadata_corr95,GPR,log,protocol_holdout,diversity_iterative,10,42,41.27859806228126
KIT,set5_features_metadata_corr95,GPR,log,protocol_holdout,diversity_iterative,10,48,39.12640995316885
KIT,set5_features_metadata_corr95,GPR,log,protocol_holdout,diversity_iterative,10,54,12.588211059151469
KIT,set5_features_metadata_corr95,GPR,log,protocol_holdout,diversity_iterative,10,60,14.93242398901412
KIT,set5_features_metadata_corr95,GPR,log,protocol_holdout,diversity_iterative,10,66,13.201555477824613
KIT,set5_features_metadata_corr95,GPR,log,protocol_holdout,coverage,1,6,34.542130684412314
KIT,set5_features_metadata_corr95,GPR,log,protocol_holdout,coverage,1,12,33.91576980983452
KIT,set5_features_metadata_corr95,GPR,log,protocol_holdout,coverage,1,18,32.28636057848209
KIT,set5_features_metadata_corr95,GPR,log,protocol_holdout,coverage,1,24,27.58559836980216
KIT,set5_features_metadata_corr95,GPR,log,protocol_holdout,coverage,1,30,25.30676534229168
KIT,set5_features_metadata_corr95,GPR,log,protocol_holdout,coverage,1,36,18.677836984723605
KIT,set5_features_metadata_corr95,GPR,log,protocol_holdout,coverage,1,42,17.915980661344147
KIT,set5_features_metadata_corr95,GPR,log,protocol_holdout,coverage,1,48,17.42425096298808
KIT,set5_features_metadata_corr95,GPR,log,protocol_holdout,coverage,1,54,17.599144610136104
KIT,set5_features_metadata_corr95,GPR,log,protocol_holdout,coverage,1,60,18.229699467039435
KIT,set5_features_metadata_corr95,GPR,log,protocol_holdout,coverage,1,66,19.39571196577455
KIT,set5_features_metadata_corr95,GPR,log,protocol_holdout,coverage,2,6,31.589428479834897
KIT,set5_features_metadata_corr95,GPR,log,protocol_holdout,coverage,2,12,23.428677576400133
KIT,set5_features_metadata_corr95,GPR,log,protocol_holdout,coverage,2,18,27.468007471463523
KIT,set5_features_metadata_corr95,GPR,log,protocol_holdout,coverage,2,24,21.790170882794705
KIT,set5_features_metadata_corr95,GPR,log,protocol_holdout,coverage,2,30,22.46727429461605
KIT,set5_features_metadata_corr95,GPR,log,protocol_holdout,coverage,2,36,26.82077536051856
KIT,set5_features_metadata_corr95,GPR,log,protocol_holdout,coverage,2,42,28.0063048212316
KIT,set5_features_metadata_corr95,GPR,log,protocol_holdout,coverage,2,48,15.290163880158344
KIT,set5_features_metadata_corr95,GPR,log,protocol_holdout,coverage,2,54,17.267073353910277
KIT,set5_features_metadata_corr95,GPR,log,protocol_holdout,coverage,2,60,29.25346720297365
KIT,set5_features_metadata_corr95,GPR,log,protocol_holdout,coverage,2,66,28.92159409531026
KIT,set5_features_metadata_corr95,GPR,log,protocol_holdout,coverage,3,6,31.06695042969227
KIT,set5_features_metadata_corr95,GPR,log,protocol_holdout,coverage,3,12,23.993452845062755
KIT,set5_features_metadata_corr95,GPR,log,protocol_holdout,coverage,3,18,24.87908191186761
KIT,set5_features_metadata_corr95,GPR,log,protocol_holdout,coverage,3,24,24.76950054853189
KIT,set5_features_metadata_corr95,GPR,log,protocol_holdout,coverage,3,30,25.415781480512024
KIT,set5_features_metadata_corr95,GPR,log,protocol_holdout,coverage,3,36,28.28526726258956
KIT,set5_features_metadata_corr95,GPR,log,protocol_holdout,coverage,3,42,32.02320152883307
KIT,set5_features_metadata_corr95,GPR,log,protocol_holdout,coverage,3,48,32.22158880397598
KIT,set5_features_metadata_corr95,GPR,log,protocol_holdout,coverage,3,54,26.32889058336984
KIT,set5_features_metadata_corr95,GPR,log,protocol_holdout,coverage,3,60,28.16422749516952
KIT,set5_features_metadata_corr95,GPR,log,protocol_holdout,coverage,3,66,33.979153993290524
KIT,set5_features_metadata_corr95,GPR,log,protocol_holdout,coverage,4,6,44.55888048412223
KIT,set5_features_metadata_corr95,GPR,log,protocol_holdout,coverage,4,12,46.29541143618494
KIT,set5_features_metadata_corr95,GPR,log,protocol_holdout,coverage,4,18,33.632544560748265
KIT,set5_features_metadata_corr95,GPR,log,protocol_holdout,coverage,4,24,19.16553519287317
KIT,set5_features_metadata_corr95,GPR,log,protocol_holdout,coverage,4,30,18.50002954699384
KIT,set5_features_metadata_corr95,GPR,log,protocol_holdout,coverage,4,36,26.116276633982977
KIT,set5_features_metadata_corr95,GPR,log,protocol_holdout,coverage,4,42,29.573086452767228
KIT,set5_features_metadata_corr95,GPR,log,protocol_holdout,coverage,4,48,25.86810926968296
KIT,set5_features_metadata_corr95,GPR,log,protocol_holdout,coverage,4,54,17.16256954814263
KIT,set5_features_metadata_corr95,GPR,log,protocol_holdout,coverage,4,60,23.80330007265513
KIT,set5_features_metadata_corr95,GPR,log,protocol_holdout,coverage,4,66,34.14049967222969
KIT,set5_features_metadata_corr95,GPR,log,protocol_holdout,coverage,5,6,22.77497884552056
KIT,set5_features_metadata_corr95,GPR,log,protocol_holdout,coverage,5,12,24.98037446978521
KIT,set5_features_metadata_corr95,GPR,log,protocol_holdout,coverage,5,18,28.054731463187142
KIT,set5_features_metadata_corr95,GPR,log,protocol_holdout,coverage,5,24,19.29700496405435
KIT,set5_features_metadata_corr95,GPR,log,protocol_holdout,coverage,5,30,30.49435824604128
KIT,set5_features_metadata_corr95,GPR,log,protocol_holdout,coverage,5,36,34.92226848552234
KIT,set5_features_metadata_corr95,GPR,log,protocol_holdout,coverage,5,42,34.65474683392301
KIT,set5_features_metadata_corr95,GPR,log,protocol_holdout,coverage,5,48,35.61389628389735
KIT,set5_features_metadata_corr95,GPR,log,protocol_holdout,coverage,5,54,15.931178734415186
KIT,set5_features_metadata_corr95,GPR,log,protocol_holdout,coverage,5,60,18.146989458937853
KIT,set5_features_metadata_corr95,GPR,log,protocol_holdout,coverage,5,66,14.935245329051128
KIT,set5_features_metadata_corr95,GPR,log,protocol_holdout,coverage,6,6,22.786251821964733
KIT,set5_features_metadata_corr95,GPR,log,protocol_holdout,coverage,6,12,23.05535702789308
KIT,set5_features_metadata_corr95,GPR,log,protocol_holdout,coverage,6,18,20.19574112867128
KIT,set5_features_metadata_corr95,GPR,log,protocol_holdout,coverage,6,24,34.373106755958695
KIT,set5_features_metadata_corr95,GPR,log,protocol_holdout,coverage,6,30,33.93106017624643
KIT,set5_features_metadata_corr95,GPR,log,protocol_holdout,coverage,6,36,34.79133475081559
KIT,set5_features_metadata_corr95,GPR,log,protocol_holdout,coverage,6,42,33.3532858025911
KIT,set5_features_metadata_corr95,GPR,log,protocol_holdout,coverage,6,48,30.21052045490425
KIT,set5_features_metadata_corr95,GPR,log,protocol_holdout,coverage,6,54,16.377752715199385
KIT,set5_features_metadata_corr95,GPR,log,protocol_holdout,coverage,6,60,22.73630935666571
KIT,set5_features_metadata_corr95,GPR,log,protocol_holdout,coverage,6,66,14.459016641680384
KIT,set5_features_metadata_corr95,GPR,log,protocol_holdout,coverage,7,6,34.611160758294126
KIT,set5_features_metadata_corr95,GPR,log,protocol_holdout,coverage,7,12,28.761500325002903
KIT,set5_features_metadata_corr95,GPR,log,protocol_holdout,coverage,7,18,42.62597695614176
KIT,set5_features_metadata_corr95,GPR,log,protocol_holdout,coverage,7,24,40.85963094310508
KIT,set5_features_metadata_corr95,GPR,log,protocol_holdout,coverage,7,30,41.05259347654832
KIT,set5_features_metadata_corr95,GPR,log,protocol_holdout,coverage,7,36,35.939771917207864
KIT,set5_features_metadata_corr95,GPR,log,protocol_holdout,coverage,7,42,37.37387704002345
KIT,set5_features_metadata_corr95,GPR,log,protocol_holdout,coverage,7,48,36.756081355070464
KIT,set5_features_metadata_corr95,GPR,log,protocol_holdout,coverage,7,54,34.78322059773265
KIT,set5_features_metadata_corr95,GPR,log,protocol_holdout,coverage,7,60,34.67862870647684
KIT,set5_features_metadata_corr95,GPR,log,protocol_holdout,coverage,7,66,35.51436723007051
KIT,set5_features_metadata_corr95,GPR,log,protocol_holdout,coverage,8,6,28.771768350070943
KIT,set5_features_metadata_corr95,GPR,log,protocol_holdout,coverage,8,12,24.556115454695288
KIT,set5_features_metadata_corr95,GPR,log,protocol_holdout,coverage,8,18,30.505559480348392
KIT,set5_features_metadata_corr95,GPR,log,protocol_holdout,coverage,8,24,18.04214682327976
KIT,set5_features_metadata_corr95,GPR,log,protocol_holdout,coverage,8,30,18.808074515692965
KIT,set5_features_metadata_corr95,GPR,log,protocol_holdout,coverage,8,36,19.574041237580083
KIT,set5_features_metadata_corr95,GPR,log,protocol_holdout,coverage,8,42,17.091438625597654
KIT,set5_features_metadata_corr95,GPR,log,protocol_holdout,coverage,8,48,20.16979842185041
KIT,set5_features_metadata_corr95,GPR,log,protocol_holdout,coverage,8,54,20.32669772806324
KIT,set5_features_metadata_corr95,GPR,log,protocol_holdout,coverage,8,60,20.80471897692366
KIT,set5_features_metadata_corr95,GPR,log,protocol_holdout,coverage,8,66,20.32544441421516
KIT,set5_features_metadata_corr95,GPR,log,protocol_holdout,coverage,9,6,44.82513206459704
KIT,set5_features_metadata_corr95,GPR,log,protocol_holdout,coverage,9,12,21.257511415244075
KIT,set5_features_metadata_corr95,GPR,log,protocol_holdout,coverage,9,18,18.490366029014844
KIT,set5_features_metadata_corr95,GPR,log,protocol_holdout,coverage,9,24,24.721778771992653
KIT,set5_features_metadata_corr95,GPR,log,protocol_holdout,coverage,9,30,21.78270869733494
KIT,set5_features_metadata_corr95,GPR,log,protocol_holdout,coverage,9,36,31.27795548105562
KIT,set5_features_metadata_corr95,GPR,log,protocol_holdout,coverage,9,42,43.38686679394135
KIT,set5_features_metadata_corr95,GPR,log,protocol_holdout,coverage,9,48,32.5894198469832
KIT,set5_features_metadata_corr95,GPR,log,protocol_holdout,coverage,9,54,36.19662271188216
KIT,set5_features_metadata_corr95,GPR,log,protocol_holdout,coverage,9,60,33.86720122558039
KIT,set5_features_metadata_corr95,GPR,log,protocol_holdout,coverage,9,66,39.77690557187779
KIT,set5_features_metadata_corr95,GPR,log,protocol_holdout,coverage,10,6,17.82427330255209
KIT,set5_features_metadata_corr95,GPR,log,protocol_holdout,coverage,10,12,21.25765517638059
KIT,set5_features_metadata_corr95,GPR,log,protocol_holdout,coverage,10,18,30.27410866208522
KIT,set5_features_metadata_corr95,GPR,log,protocol_holdout,coverage,10,24,25.30968831335788
KIT,set5_features_metadata_corr95,GPR,log,protocol_holdout,coverage,10,30,32.48689779438432
KIT,set5_features_metadata_corr95,GPR,log,protocol_holdout,coverage,10,36,35.92314251975894
KIT,set5_features_metadata_corr95,GPR,log,protocol_holdout,coverage,10,42,31.10694643938256
KIT,set5_features_metadata_corr95,GPR,log,protocol_holdout,coverage,10,48,20.22719646760557
KIT,set5_features_metadata_corr95,GPR,log,protocol_holdout,coverage,10,54,22.00711396038117
KIT,set5_features_metadata_corr95,GPR,log,protocol_holdout,coverage,10,60,14.09939862804862
KIT,set5_features_metadata_corr95,GPR,log,protocol_holdout,coverage,10,66,13.201555477824613
KIT,set5_features_metadata_corr95,GPR,log,protocol_holdout,exploration,1,6,34.542130684412314
KIT,set5_features_metadata_corr95,GPR,log,protocol_holdout,exploration,1,12,36.20925432433116
KIT,set5_features_metadata_corr95,GPR,log,protocol_holdout,exploration,1,18,19.57246511998087
KIT,set5_features_metadata_corr95,GPR,log,protocol_holdout,exploration,1,24,26.54480969559929
KIT,set5_features_metadata_corr95,GPR,log,protocol_holdout,exploration,1,30,23.56084702871969
KIT,set5_features_metadata_corr95,GPR,log,protocol_holdout,exploration,1,36,14.205538570448889
KIT,set5_features_metadata_corr95,GPR,log,protocol_holdout,exploration,1,42,14.816670977624172
KIT,set5_features_metadata_corr95,GPR,log,protocol_holdout,exploration,1,48,15.22659776268779
KIT,set5_features_metadata_corr95,GPR,log,protocol_holdout,exploration,1,54,16.43379720199423
KIT,set5_features_metadata_corr95,GPR,log,protocol_holdout,exploration,1,60,18.685382291933955
KIT,set5_features_metadata_corr95,GPR,log,protocol_holdout,exploration,1,66,19.39571196577455
KIT,set5_features_metadata_corr95,GPR,log,protocol_holdout,exploration,2,6,31.589428479834897
KIT,set5_features_metadata_corr95,GPR,log,protocol_holdout,exploration,2,12,23.428677576400133
KIT,set5_features_metadata_corr95,GPR,log,protocol_holdout,exploration,2,18,24.88080013469812
KIT,set5_features_metadata_corr95,GPR,log,protocol_holdout,exploration,2,24,24.42234205683431
KIT,set5_features_metadata_corr95,GPR,log,protocol_holdout,exploration,2,30,29.963292935222245
KIT,set5_features_metadata_corr95,GPR,log,protocol_holdout,exploration,2,36,31.600371447235844
KIT,set5_features_metadata_corr95,GPR,log,protocol_holdout,exploration,2,42,33.93245869295669
KIT,set5_features_metadata_corr95,GPR,log,protocol_holdout,exploration,2,48,29.79093430435648
KIT,set5_features_metadata_corr95,GPR,log,protocol_holdout,exploration,2,54,24.075780989276563
KIT,set5_features_metadata_corr95,GPR,log,protocol_holdout,exploration,2,60,26.395952422701548
KIT,set5_features_metadata_corr95,GPR,log,protocol_holdout,exploration,2,66,28.92159409531026
KIT,set5_features_metadata_corr95,GPR,log,protocol_holdout,exploration,3,6,31.06695042969227
KIT,set5_features_metadata_corr95,GPR,log,protocol_holdout,exploration,3,12,26.23176383488372
KIT,set5_features_metadata_corr95,GPR,log,protocol_holdout,exploration,3,18,27.13325672349156
KIT,set5_features_metadata_corr95,GPR,log,protocol_holdout,exploration,3,24,27.522841911681752
KIT,set5_features_metadata_corr95,GPR,log,protocol_holdout,exploration,3,30,21.778980605328687
KIT,set5_features_metadata_corr95,GPR,log,protocol_holdout,exploration,3,36,22.53040119626469
KIT,set5_features_metadata_corr95,GPR,log,protocol_holdout,exploration,3,42,18.992511194029728
KIT,set5_features_metadata_corr95,GPR,log,protocol_holdout,exploration,3,48,31.05930228523476
KIT,set5_features_metadata_corr95,GPR,log,protocol_holdout,exploration,3,54,19.731202618843213
KIT,set5_features_metadata_corr95,GPR,log,protocol_holdout,exploration,3,60,26.290361546239577
KIT,set5_features_metadata_corr95,GPR,log,protocol_holdout,exploration,3,66,33.979153993290524
KIT,set5_features_metadata_corr95,GPR,log,protocol_holdout,exploration,4,6,44.55888048412223
KIT,set5_features_metadata_corr95,GPR,log,protocol_holdout,exploration,4,12,46.29541143618494
KIT,set5_features_metadata_corr95,GPR,log,protocol_holdout,exploration,4,18,40.80690967888938
KIT,set5_features_metadata_corr95,GPR,log,protocol_holdout,exploration,4,24,24.425595776615776
KIT,set5_features_metadata_corr95,GPR,log,protocol_holdout,exploration,4,30,36.925484486937535
KIT,set5_features_metadata_corr95,GPR,log,protocol_holdout,exploration,4,36,36.08882891336636
KIT,set5_features_metadata_corr95,GPR,log,protocol_holdout,exploration,4,42,39.95658531348168
KIT,set5_features_metadata_corr95,GPR,log,protocol_holdout,exploration,4,48,22.20365633848912
KIT,set5_features_metadata_corr95,GPR,log,protocol_holdout,exploration,4,54,25.97629615359062
KIT,set5_features_metadata_corr95,GPR,log,protocol_holdout,exploration,4,60,25.730236658070275
KIT,set5_features_metadata_corr95,GPR,log,protocol_holdout,exploration,4,66,34.14049967222969
KIT,set5_features_metadata_corr95,GPR,log,protocol_holdout,exploration,5,6,22.77497884552056
KIT,set5_features_metadata_corr95,GPR,log,protocol_holdout,exploration,5,12,24.98037446978521
KIT,set5_features_metadata_corr95,GPR,log,protocol_holdout,exploration,5,18,26.30973287280656
KIT,set5_features_metadata_corr95,GPR,log,protocol_holdout,exploration,5,24,15.427783254674338
KIT,set5_features_metadata_corr95,GPR,log,protocol_holdout,exploration,5,30,18.953361683816684
KIT,set5_features_metadata_corr95,GPR,log,protocol_holdout,exploration,5,36,19.89347930663318
KIT,set5_features_metadata_corr95,GPR,log,protocol_holdout,exploration,5,42,19.60899098912537
KIT,set5_features_metadata_corr95,GPR,log,protocol_holdout,exploration,5,48,20.22794080949429
KIT,set5_features_metadata_corr95,GPR,log,protocol_holdout,exploration,5,54,17.052044847922875
KIT,set5_features_metadata_corr95,GPR,log,protocol_holdout,exploration,5,60,14.53988685165914
KIT,set5_features_metadata_corr95,GPR,log,protocol_holdout,exploration,5,66,14.935245329051128
KIT,set5_features_metadata_corr95,GPR,log,protocol_holdout,exploration,6,6,22.786251821964733
KIT,set5_features_metadata_corr95,GPR,log,protocol_holdout,exploration,6,12,21.9629059620056
KIT,set5_features_metadata_corr95,GPR,log,protocol_holdout,exploration,6,18,38.74303499629663
KIT,set5_features_metadata_corr95,GPR,log,protocol_holdout,exploration,6,24,22.786612585840874
KIT,set5_features_metadata_corr95,GPR,log,protocol_holdout,exploration,6,30,35.06004850799397
KIT,set5_features_metadata_corr95,GPR,log,protocol_holdout,exploration,6,36,36.23262403863514
KIT,set5_features_metadata_corr95,GPR,log,protocol_holdout,exploration,6,42,37.627087095419725
KIT,set5_features_metadata_corr95,GPR,log,protocol_holdout,exploration,6,48,35.82113298954516
KIT,set5_features_metadata_corr95,GPR,log,protocol_holdout,exploration,6,54,21.11516180004537
KIT,set5_features_metadata_corr95,GPR,log,protocol_holdout,exploration,6,60,13.66721670518117
KIT,set5_features_metadata_corr95,GPR,log,protocol_holdout,exploration,6,66,14.459016641680384
KIT,set5_features_metadata_corr95,GPR,log,protocol_holdout,exploration,7,6,34.611160758294126
KIT,set5_features_metadata_corr95,GPR,log,protocol_holdout,exploration,7,12,28.761500325002903
KIT,set5_features_metadata_corr95,GPR,log,protocol_holdout,exploration,7,18,22.96262606755554
KIT,set5_features_metadata_corr95,GPR,log,protocol_holdout,exploration,7,24,27.9954357716482
KIT,set5_features_metadata_corr95,GPR,log,protocol_holdout,exploration,7,30,23.67570647000108
KIT,set5_features_metadata_corr95,GPR,log,protocol_holdout,exploration,7,36,25.151186608711907
KIT,set5_features_metadata_corr95,GPR,log,protocol_holdout,exploration,7,42,25.482592869227904
KIT,set5_features_metadata_corr95,GPR,log,protocol_holdout,exploration,7,48,24.165377274675905
KIT,set5_features_metadata_corr95,GPR,log,protocol_holdout,exploration,7,54,32.51074151455497
KIT,set5_features_metadata_corr95,GPR,log,protocol_holdout,exploration,7,60,34.50536518695207
KIT,set5_features_metadata_corr95,GPR,log,protocol_holdout,exploration,7,66,35.51436723007051
KIT,set5_features_metadata_corr95,GPR,log,protocol_holdout,exploration,8,6,28.771768350070943
KIT,set5_features_metadata_corr95,GPR,log,protocol_holdout,exploration,8,12,24.556115454695288
KIT,set5_features_metadata_corr95,GPR,log,protocol_holdout,exploration,8,18,24.392149195443206
KIT,set5_features_metadata_corr95,GPR,log,protocol_holdout,exploration,8,24,21.12660588442776
KIT,set5_features_metadata_corr95,GPR,log,protocol_holdout,exploration,8,30,18.25328471053585
KIT,set5_features_metadata_corr95,GPR,log,protocol_holdout,exploration,8,36,17.06568889229962
KIT,set5_features_metadata_corr95,GPR,log,protocol_holdout,exploration,8,42,16.008507881268834
KIT,set5_features_metadata_corr95,GPR,log,protocol_holdout,exploration,8,48,17.470864558625294
KIT,set5_features_metadata_corr95,GPR,log,protocol_holdout,exploration,8,54,18.75363993330911
KIT,set5_features_metadata_corr95,GPR,log,protocol_holdout,exploration,8,60,18.22554664315647
KIT,set5_features_metadata_corr95,GPR,log,protocol_holdout,exploration,8,66,20.32544441421516
KIT,set5_features_metadata_corr95,GPR,log,protocol_holdout,exploration,9,6,44.82513206459704
KIT,set5_features_metadata_corr95,GPR,log,protocol_holdout,exploration,9,12,21.257511415244075
KIT,set5_features_metadata_corr95,GPR,log,protocol_holdout,exploration,9,18,19.62157642211097
KIT,set5_features_metadata_corr95,GPR,log,protocol_holdout,exploration,9,24,24.672680508027373
KIT,set5_features_metadata_corr95,GPR,log,protocol_holdout,exploration,9,30,18.66345686328646
KIT,set5_features_metadata_corr95,GPR,log,protocol_holdout,exploration,9,36,27.521351606093663
KIT,set5_features_metadata_corr95,GPR,log,protocol_holdout,exploration,9,42,29.412423312830395
KIT,set5_features_metadata_corr95,GPR,log,protocol_holdout,exploration,9,48,29.323696053053403
KIT,set5_features_metadata_corr95,GPR,log,protocol_holdout,exploration,9,54,23.014069949738744
KIT,set5_features_metadata_corr95,GPR,log,protocol_holdout,exploration,9,60,37.16167415506869
KIT,set5_features_metadata_corr95,GPR,log,protocol_holdout,exploration,9,66,39.77690557187779
KIT,set5_features_metadata_corr95,GPR,log,protocol_holdout,exploration,10,6,17.82427330255209
KIT,set5_features_metadata_corr95,GPR,log,protocol_holdout,exploration,10,12,21.25765517638059
KIT,set5_features_metadata_corr95,GPR,log,protocol_holdout,exploration,10,18,40.92852333171142
KIT,set5_features_metadata_corr95,GPR,log,protocol_holdout,exploration,10,24,52.10839198476253
KIT,set5_features_metadata_corr95,GPR,log,protocol_holdout,exploration,10,30,50.42063847044409
KIT,set5_features_metadata_corr95,GPR,log,protocol_holdout,exploration,10,36,30.277106366727747
KIT,set5_features_metadata_corr95,GPR,log,protocol_holdout,exploration,10,42,36.48027468912609
KIT,set5_features_metadata_corr95,GPR,log,protocol_holdout,exploration,10,48,30.791163587455195
KIT,set5_features_metadata_corr95,GPR,log,protocol_holdout,exploration,10,54,19.00590294940885
KIT,set5_features_metadata_corr95,GPR,log,protocol_holdout,exploration,10,60,14.415182102643106
KIT,set5_features_metadata_corr95,GPR,log,protocol_holdout,exploration,10,66,13.201555477824613
KIT,set5_features_metadata_corr95,GPR,log,protocol_holdout,exploitation,1,6,34.542130684412314
KIT,set5_features_metadata_corr95,GPR,log,protocol_holdout,exploitation,1,12,34.61495676594839
KIT,set5_features_metadata_corr95,GPR,log,protocol_holdout,exploitation,1,18,25.2296239293034
KIT,set5_features_metadata_corr95,GPR,log,protocol_holdout,exploitation,1,24,22.97088389891193
KIT,set5_features_metadata_corr95,GPR,log,protocol_holdout,exploitation,1,30,24.34408713117182
KIT,set5_features_metadata_corr95,GPR,log,protocol_holdout,exploitation,1,36,23.170263621543004
KIT,set5_features_metadata_corr95,GPR,log,protocol_holdout,exploitation,1,42,25.78565435469396
KIT,set5_features_metadata_corr95,GPR,log,protocol_holdout,exploitation,1,48,23.558498991201706
KIT,set5_features_metadata_corr95,GPR,log,protocol_holdout,exploitation,1,54,23.178014463852257
KIT,set5_features_metadata_corr95,GPR,log,protocol_holdout,exploitation,1,60,19.23083867145696
KIT,set5_features_metadata_corr95,GPR,log,protocol_holdout,exploitation,1,66,19.39571196577455
KIT,set5_features_metadata_corr95,GPR,log,protocol_holdout,exploitation,2,6,31.589428479834897
KIT,set5_features_metadata_corr95,GPR,log,protocol_holdout,exploitation,2,12,25.171580741014804
KIT,set5_features_metadata_corr95,GPR,log,protocol_holdout,exploitation,2,18,21.535156668049936
KIT,set5_features_metadata_corr95,GPR,log,protocol_holdout,exploitation,2,24,22.18688011377121
KIT,set5_features_metadata_corr95,GPR,log,protocol_holdout,exploitation,2,30,25.041293716531417
KIT,set5_features_metadata_corr95,GPR,log,protocol_holdout,exploitation,2,36,27.376000862848592
KIT,set5_features_metadata_corr95,GPR,log,protocol_holdout,exploitation,2,42,27.024080780732124
KIT,set5_features_metadata_corr95,GPR,log,protocol_holdout,exploitation,2,48,24.537685557723982
KIT,set5_features_metadata_corr95,GPR,log,protocol_holdout,exploitation,2,54,27.201444302227152
KIT,set5_features_metadata_corr95,GPR,log,protocol_holdout,exploitation,2,60,28.776152720470183
KIT,set5_features_metadata_corr95,GPR,log,protocol_holdout,exploitation,2,66,28.92159409531026
KIT,set5_features_metadata_corr95,GPR,log,protocol_holdout,exploitation,3,6,31.06695042969227
KIT,set5_features_metadata_corr95,GPR,log,protocol_holdout,exploitation,3,12,26.23176383488372
KIT,set5_features_metadata_corr95,GPR,log,protocol_holdout,exploitation,3,18,49.11883003946735
KIT,set5_features_metadata_corr95,GPR,log,protocol_holdout,exploitation,3,24,23.2808947968476
KIT,set5_features_metadata_corr95,GPR,log,protocol_holdout,exploitation,3,30,25.49189660619204
KIT,set5_features_metadata_corr95,GPR,log,protocol_holdout,exploitation,3,36,24.03748098489466
KIT,set5_features_metadata_corr95,GPR,log,protocol_holdout,exploitation,3,42,25.87636090938239
KIT,set5_features_metadata_corr95,GPR,log,protocol_holdout,exploitation,3,48,25.985865312362105
KIT,set5_features_metadata_corr95,GPR,log,protocol_holdout,exploitation,3,54,41.79973264326578
KIT,set5_features_metadata_corr95,GPR,log,protocol_holdout,exploitation,3,60,33.62254942398079
KIT,set5_features_metadata_corr95,GPR,log,protocol_holdout,exploitation,3,66,33.979153993290524
KIT,set5_features_metadata_corr95,GPR,log,protocol_holdout,exploitation,4,6,44.55888048412223
KIT,set5_features_metadata_corr95,GPR,log,protocol_holdout,exploitation,4,12,44.28527151816961
KIT,set5_features_metadata_corr95,GPR,log,protocol_holdout,exploitation,4,18,62.86253158508696
KIT,set5_features_metadata_corr95,GPR,log,protocol_holdout,exploitation,4,24,63.06714626223857
KIT,set5_features_metadata_corr95,GPR,log,protocol_holdout,exploitation,4,30,22.285085271264386
KIT,set5_features_metadata_corr95,GPR,log,protocol_holdout,exploitation,4,36,48.161550403474266
KIT,set5_features_metadata_corr95,GPR,log,protocol_holdout,exploitation,4,42,39.09528963924535
KIT,set5_features_metadata_corr95,GPR,log,protocol_holdout,exploitation,4,48,41.10312334870317
KIT,set5_features_metadata_corr95,GPR,log,protocol_holdout,exploitation,4,54,34.42972695350232
KIT,set5_features_metadata_corr95,GPR,log,protocol_holdout,exploitation,4,60,34.764202522465105
KIT,set5_features_metadata_corr95,GPR,log,protocol_holdout,exploitation,4,66,34.14049967222969
KIT,set5_features_metadata_corr95,GPR,log,protocol_holdout,exploitation,5,6,22.77497884552056
KIT,set5_features_metadata_corr95,GPR,log,protocol_holdout,exploitation,5,12,26.07876697579212
KIT,set5_features_metadata_corr95,GPR,log,protocol_holdout,exploitation,5,18,22.5979124024036
KIT,set5_features_metadata_corr95,GPR,log,protocol_holdout,exploitation,5,24,16.36693009149512
KIT,set5_features_metadata_corr95,GPR,log,protocol_holdout,exploitation,5,30,16.881514982108577
KIT,set5_features_metadata_corr95,GPR,log,protocol_holdout,exploitation,5,36,14.484139535659637
KIT,set5_features_metadata_corr95,GPR,log,protocol_holdout,exploitation,5,42,12.13405583531232
KIT,set5_features_metadata_corr95,GPR,log,protocol_holdout,exploitation,5,48,14.5107236035681
KIT,set5_features_metadata_corr95,GPR,log,protocol_holdout,exploitation,5,54,18.92411826167525
KIT,set5_features_metadata_corr95,GPR,log,protocol_holdout,exploitation,5,60,19.83908011548859
KIT,set5_features_metadata_corr95,GPR,log,protocol_holdout,exploitation,5,66,14.935245329051128
KIT,set5_features_metadata_corr95,GPR,log,protocol_holdout,exploitation,6,6,22.786251821964733
KIT,set5_features_metadata_corr95,GPR,log,protocol_holdout,exploitation,6,12,15.536613136792088
KIT,set5_features_metadata_corr95,GPR,log,protocol_holdout,exploitation,6,18,32.60779152670575
KIT,set5_features_metadata_corr95,GPR,log,protocol_holdout,exploitation,6,24,19.705133342072266
KIT,set5_features_metadata_corr95,GPR,log,protocol_holdout,exploitation,6,30,51.41679134408018
KIT,set5_features_metadata_corr95,GPR,log,protocol_holdout,exploitation,6,36,11.927116532402389
KIT,set5_features_metadata_corr95,GPR,log,protocol_holdout,exploitation,6,42,12.500165869506311
KIT,set5_features_metadata_corr95,GPR,log,protocol_holdout,exploitation,6,48,16.22963092501602
KIT,set5_features_metadata_corr95,GPR,log,protocol_holdout,exploitation,6,54,11.8671217029783
KIT,set5_features_metadata_corr95,GPR,log,protocol_holdout,exploitation,6,60,12.618704029523222
KIT,set5_features_metadata_corr95,GPR,log,protocol_holdout,exploitation,6,66,14.459016641680384
KIT,set5_features_metadata_corr95,GPR,log,protocol_holdout,exploitation,7,6,34.611160758294126
KIT,set5_features_metadata_corr95,GPR,log,protocol_holdout,exploitation,7,12,21.43909846380725
KIT,set5_features_metadata_corr95,GPR,log,protocol_holdout,exploitation,7,18,26.38802962736487
KIT,set5_features_metadata_corr95,GPR,log,protocol_holdout,exploitation,7,24,36.35533871657848
KIT,set5_features_metadata_corr95,GPR,log,protocol_holdout,exploitation,7,30,38.79998948042299
KIT,set5_features_metadata_corr95,GPR,log,protocol_holdout,exploitation,7,36,71.82263303030837
KIT,set5_features_metadata_corr95,GPR,log,protocol_holdout,exploitation,7,42,36.61543492203375
KIT,set5_features_metadata_corr95,GPR,log,protocol_holdout,exploitation,7,48,36.14875346952
KIT,set5_features_metadata_corr95,GPR,log,protocol_holdout,exploitation,7,54,35.02288952184185
KIT,set5_features_metadata_corr95,GPR,log,protocol_holdout,exploitation,7,60,35.679409416024605
KIT,set5_features_metadata_corr95,GPR,log,protocol_holdout,exploitation,7,66,35.51436723007051
KIT,set5_features_metadata_corr95,GPR,log,protocol_holdout,exploitation,8,6,28.771768350070943
KIT,set5_features_metadata_corr95,GPR,log,protocol_holdout,exploitation,8,12,37.92964760345309
KIT,set5_features_metadata_corr95,GPR,log,protocol_holdout,exploitation,8,18,25.84070875365106
KIT,set5_features_metadata_corr95,GPR,log,protocol_holdout,exploitation,8,24,33.89287224205718
KIT,set5_features_metadata_corr95,GPR,log,protocol_holdout,exploitation,8,30,29.740025772389387
KIT,set5_features_metadata_corr95,GPR,log,protocol_holdout,exploitation,8,36,25.35904040662057
KIT,set5_features_metadata_corr95,GPR,log,protocol_holdout,exploitation,8,42,27.11603523537775
KIT,set5_features_metadata_corr95,GPR,log,protocol_holdout,exploitation,8,48,24.88964228198754
KIT,set5_features_metadata_corr95,GPR,log,protocol_holdout,exploitation,8,54,21.53479557844484
KIT,set5_features_metadata_corr95,GPR,log,protocol_holdout,exploitation,8,60,20.831131407059367
KIT,set5_features_metadata_corr95,GPR,log,protocol_holdout,exploitation,8,66,20.32544441421516
KIT,set5_features_metadata_corr95,GPR,log,protocol_holdout,exploitation,9,6,44.82513206459704
KIT,set5_features_metadata_corr95,GPR,log,protocol_holdout,exploitation,9,12,27.51698421380628
KIT,set5_features_metadata_corr95,GPR,log,protocol_holdout,exploitation,9,18,28.839743444456623
KIT,set5_features_metadata_corr95,GPR,log,protocol_holdout,exploitation,9,24,23.436163371718827
KIT,set5_features_metadata_corr95,GPR,log,protocol_holdout,exploitation,9,30,26.98117014190082
KIT,set5_features_metadata_corr95,GPR,log,protocol_holdout,exploitation,9,36,45.73152784312551
KIT,set5_features_metadata_corr95,GPR,log,protocol_holdout,exploitation,9,42,66.188276848364
KIT,set5_features_metadata_corr95,GPR,log,protocol_holdout,exploitation,9,48,38.66509482026942
KIT,set5_features_metadata_corr95,GPR,log,protocol_holdout,exploitation,9,54,53.83494573667163
KIT,set5_features_metadata_corr95,GPR,log,protocol_holdout,exploitation,9,60,41.20685226134025
KIT,set5_features_metadata_corr95,GPR,log,protocol_holdout,exploitation,9,66,39.77690557187779
KIT,set5_features_metadata_corr95,GPR,log,protocol_holdout,exploitation,10,6,17.82427330255209
KIT,set5_features_metadata_corr95,GPR,log,protocol_holdout,exploitation,10,12,17.768786608917246
KIT,set5_features_metadata_corr95,GPR,log,protocol_holdout,exploitation,10,18,15.942374830270415
KIT,set5_features_metadata_corr95,GPR,log,protocol_holdout,exploitation,10,24,13.266644946813816
KIT,set5_features_metadata_corr95,GPR,log,protocol_holdout,exploitation,10,30,11.762685240713184
KIT,set5_features_metadata_corr95,GPR,log,protocol_holdout,exploitation,10,36,14.950049021790656
KIT,set5_features_metadata_corr95,GPR,log,protocol_holdout,exploitation,10,42,14.696424208240051
KIT,set5_features_metadata_corr95,GPR,log,protocol_holdout,exploitation,10,48,20.54261832859377
KIT,set5_features_metadata_corr95,GPR,log,protocol_holdout,exploitation,10,54,12.863046211910603
KIT,set5_features_metadata_corr95,GPR,log,protocol_holdout,exploitation,10,60,12.19426812614843
KIT,set5_features_metadata_corr95,GPR,log,protocol_holdout,exploitation,10,66,13.201555477824613
KIT,set5_features_metadata_corr95,GPR,log,protocol_holdout,hybrid,1,6,34.542130684412314
KIT,set5_features_metadata_corr95,GPR,log,protocol_holdout,hybrid,1,12,30.87784804427283
KIT,set5_features_metadata_corr95,GPR,log,protocol_holdout,hybrid,1,18,25.94773124059061
KIT,set5_features_metadata_corr95,GPR,log,protocol_holdout,hybrid,1,24,28.561128237654746
KIT,set5_features_metadata_corr95,GPR,log,protocol_holdout,hybrid,1,30,21.775026069686074
KIT,set5_features_metadata_corr95,GPR,log,protocol_holdout,hybrid,1,36,17.369365266388222
KIT,set5_features_metadata_corr95,GPR,log,protocol_holdout,hybrid,1,42,18.238016196683088
KIT,set5_features_metadata_corr95,GPR,log,protocol_holdout,hybrid,1,48,16.759382866119342
KIT,set5_features_metadata_corr95,GPR,log,protocol_holdout,hybrid,1,54,17.34791722008882
KIT,set5_features_metadata_corr95,GPR,log,protocol_holdout,hybrid,1,60,17.58204035952231
KIT,set5_features_metadata_corr95,GPR,log,protocol_holdout,hybrid,1,66,19.39571196577455
KIT,set5_features_metadata_corr95,GPR,log,protocol_holdout,hybrid,2,6,31.589428479834897
KIT,set5_features_metadata_corr95,GPR,log,protocol_holdout,hybrid,2,12,26.813499875928592
KIT,set5_features_metadata_corr95,GPR,log,protocol_holdout,hybrid,2,18,20.506893795643656
KIT,set5_features_metadata_corr95,GPR,log,protocol_holdout,hybrid,2,24,28.506848928127816
KIT,set5_features_metadata_corr95,GPR,log,protocol_holdout,hybrid,2,30,30.41341693792384
KIT,set5_features_metadata_corr95,GPR,log,protocol_holdout,hybrid,2,36,25.823921001559
KIT,set5_features_metadata_corr95,GPR,log,protocol_holdout,hybrid,2,42,25.522333843471028
KIT,set5_features_metadata_corr95,GPR,log,protocol_holdout,hybrid,2,48,22.966817485168107
KIT,set5_features_metadata_corr95,GPR,log,protocol_holdout,hybrid,2,54,27.171219667211265
KIT,set5_features_metadata_corr95,GPR,log,protocol_holdout,hybrid,2,60,27.36316501512597
KIT,set5_features_metadata_corr95,GPR,log,protocol_holdout,hybrid,2,66,28.92159409531026
KIT,set5_features_metadata_corr95,GPR,log,protocol_holdout,hybrid,3,6,31.06695042969227
KIT,set5_features_metadata_corr95,GPR,log,protocol_holdout,hybrid,3,12,21.505649329707715
KIT,set5_features_metadata_corr95,GPR,log,protocol_holdout,hybrid,3,18,20.96369677133221
KIT,set5_features_metadata_corr95,GPR,log,protocol_holdout,hybrid,3,24,27.66445882163909
KIT,set5_features_metadata_corr95,GPR,log,protocol_holdout,hybrid,3,30,30.777080612542868
KIT,set5_features_metadata_corr95,GPR,log,protocol_holdout,hybrid,3,36,37.10144837013075
KIT,set5_features_metadata_corr95,GPR,log,protocol_holdout,hybrid,3,42,19.751705096552183
KIT,set5_features_metadata_corr95,GPR,log,protocol_holdout,hybrid,3,48,20.653410551604924
KIT,set5_features_metadata_corr95,GPR,log,protocol_holdout,hybrid,3,54,27.388254103197703
KIT,set5_features_metadata_corr95,GPR,log,protocol_holdout,hybrid,3,60,31.72929296105978
KIT,set5_features_metadata_corr95,GPR,log,protocol_holdout,hybrid,3,66,33.979153993290524
KIT,set5_features_metadata_corr95,GPR,log,protocol_holdout,hybrid,4,6,44.55888048412223
KIT,set5_features_metadata_corr95,GPR,log,protocol_holdout,hybrid,4,12,29.160769545236832
KIT,set5_features_metadata_corr95,GPR,log,protocol_holdout,hybrid,4,18,20.32504509842623
KIT,set5_features_metadata_corr95,GPR,log,protocol_holdout,hybrid,4,24,21.118421151568377
KIT,set5_features_metadata_corr95,GPR,log,protocol_holdout,hybrid,4,30,25.57156147652888
KIT,set5_features_metadata_corr95,GPR,log,protocol_holdout,hybrid,4,36,37.22424191298043
KIT,set5_features_metadata_corr95,GPR,log,protocol_holdout,hybrid,4,42,30.229032359294884
KIT,set5_features_metadata_corr95,GPR,log,protocol_holdout,hybrid,4,48,23.4189686606472
KIT,set5_features_metadata_corr95,GPR,log,protocol_holdout,hybrid,4,54,27.62913156470547
KIT,set5_features_metadata_corr95,GPR,log,protocol_holdout,hybrid,4,60,24.581974108079216
KIT,set5_features_metadata_corr95,GPR,log,protocol_holdout,hybrid,4,66,34.14049967222969
KIT,set5_features_metadata_corr95,GPR,log,protocol_holdout,hybrid,5,6,22.77497884552056
KIT,set5_features_metadata_corr95,GPR,log,protocol_holdout,hybrid,5,12,17.05649070861841
KIT,set5_features_metadata_corr95,GPR,log,protocol_holdout,hybrid,5,18,23.15657234525319
KIT,set5_features_metadata_corr95,GPR,log,protocol_holdout,hybrid,5,24,20.797395983787126
KIT,set5_features_metadata_corr95,GPR,log,protocol_holdout,hybrid,5,30,23.25801773404504
KIT,set5_features_metadata_corr95,GPR,log,protocol_holdout,hybrid,5,36,25.07967700123492
KIT,set5_features_metadata_corr95,GPR,log,protocol_holdout,hybrid,5,42,25.593018508316835
KIT,set5_features_metadata_corr95,GPR,log,protocol_holdout,hybrid,5,48,27.224073898390422
KIT,set5_features_metadata_corr95,GPR,log,protocol_holdout,hybrid,5,54,30.039200361950403
KIT,set5_features_metadata_corr95,GPR,log,protocol_holdout,hybrid,5,60,15.83011266562778
KIT,set5_features_metadata_corr95,GPR,log,protocol_holdout,hybrid,5,66,14.935245329051128
KIT,set5_features_metadata_corr95,GPR,log,protocol_holdout,hybrid,6,6,22.786251821964733
KIT,set5_features_metadata_corr95,GPR,log,protocol_holdout,hybrid,6,12,24.392127639310747
KIT,set5_features_metadata_corr95,GPR,log,protocol_holdout,hybrid,6,18,27.94850644789337
KIT,set5_features_metadata_corr95,GPR,log,protocol_holdout,hybrid,6,24,33.13955591550538
KIT,set5_features_metadata_corr95,GPR,log,protocol_holdout,hybrid,6,30,35.377204166473284
KIT,set5_features_metadata_corr95,GPR,log,protocol_holdout,hybrid,6,36,32.26307505314878
KIT,set5_features_metadata_corr95,GPR,log,protocol_holdout,hybrid,6,42,31.8176431570818
KIT,set5_features_metadata_corr95,GPR,log,protocol_holdout,hybrid,6,48,24.32489980337967
KIT,set5_features_metadata_corr95,GPR,log,protocol_holdout,hybrid,6,54,25.52703073444182
KIT,set5_features_metadata_corr95,GPR,log,protocol_holdout,hybrid,6,60,21.841164577996093
KIT,set5_features_metadata_corr95,GPR,log,protocol_holdout,hybrid,6,66,14.459016641680384
KIT,set5_features_metadata_corr95,GPR,log,protocol_holdout,hybrid,7,6,34.611160758294126
KIT,set5_features_metadata_corr95,GPR,log,protocol_holdout,hybrid,7,12,22.9778126089491
KIT,set5_features_metadata_corr95,GPR,log,protocol_holdout,hybrid,7,18,23.24959782836628
KIT,set5_features_metadata_corr95,GPR,log,protocol_holdout,hybrid,7,24,25.566161099123985
KIT,set5_features_metadata_corr95,GPR,log,protocol_holdout,hybrid,7,30,24.730667842223884
KIT,set5_features_metadata_corr95,GPR,log,protocol_holdout,hybrid,7,36,23.858430267827096
KIT,set5_features_metadata_corr95,GPR,log,protocol_holdout,hybrid,7,42,24.96919000873872
KIT,set5_features_metadata_corr95,GPR,log,protocol_holdout,hybrid,7,48,29.13205873034153
KIT,set5_features_metadata_corr95,GPR,log,protocol_holdout,hybrid,7,54,29.835687197230865
KIT,set5_features_metadata_corr95,GPR,log,protocol_holdout,hybrid,7,60,35.52769759183914
KIT,set5_features_metadata_corr95,GPR,log,protocol_holdout,hybrid,7,66,35.51436723007051
KIT,set5_features_metadata_corr95,GPR,log,protocol_holdout,hybrid,8,6,28.771768350070943
KIT,set5_features_metadata_corr95,GPR,log,protocol_holdout,hybrid,8,12,27.249292259014425
KIT,set5_features_metadata_corr95,GPR,log,protocol_holdout,hybrid,8,18,24.866109394853183
KIT,set5_features_metadata_corr95,GPR,log,protocol_holdout,hybrid,8,24,20.49035155308914
KIT,set5_features_metadata_corr95,GPR,log,protocol_holdout,hybrid,8,30,21.73787603563743
KIT,set5_features_metadata_corr95,GPR,log,protocol_holdout,hybrid,8,36,21.338520885041405
KIT,set5_features_metadata_corr95,GPR,log,protocol_holdout,hybrid,8,42,21.338262694774425
KIT,set5_features_metadata_corr95,GPR,log,protocol_holdout,hybrid,8,48,19.37615755756824
KIT,set5_features_metadata_corr95,GPR,log,protocol_holdout,hybrid,8,54,19.00751513461765
KIT,set5_features_metadata_corr95,GPR,log,protocol_holdout,hybrid,8,60,17.8826182813224
KIT,set5_features_metadata_corr95,GPR,log,protocol_holdout,hybrid,8,66,20.32544441421516
KIT,set5_features_metadata_corr95,GPR,log,protocol_holdout,hybrid,9,6,44.82513206459704
KIT,set5_features_metadata_corr95,GPR,log,protocol_holdout,hybrid,9,12,21.23095800756767
KIT,set5_features_metadata_corr95,GPR,log,protocol_holdout,hybrid,9,18,22.95972640121923
KIT,set5_features_metadata_corr95,GPR,log,protocol_holdout,hybrid,9,24,37.507799515551774
KIT,set5_features_metadata_corr95,GPR,log,protocol_holdout,hybrid,9,30,37.99125933103241
KIT,set5_features_metadata_corr95,GPR,log,protocol_holdout,hybrid,9,36,32.227384180898355
KIT,set5_features_metadata_corr95,GPR,log,protocol_holdout,hybrid,9,42,29.206751203007464
KIT,set5_features_metadata_corr95,GPR,log,protocol_holdout,hybrid,9,48,26.42466330747937
KIT,set5_features_metadata_corr95,GPR,log,protocol_holdout,hybrid,9,54,30.38323433459487
KIT,set5_features_metadata_corr95,GPR,log,protocol_holdout,hybrid,9,60,34.4821476426205
KIT,set5_features_metadata_corr95,GPR,log,protocol_holdout,hybrid,9,66,39.77690557187779
KIT,set5_features_metadata_corr95,GPR,log,protocol_holdout,hybrid,10,6,17.82427330255209
KIT,set5_features_metadata_corr95,GPR,log,protocol_holdout,hybrid,10,12,18.27779250967625
KIT,set5_features_metadata_corr95,GPR,log,protocol_holdout,hybrid,10,18,46.38269282687238
KIT,set5_features_metadata_corr95,GPR,log,protocol_holdout,hybrid,10,24,43.2220874627945
KIT,set5_features_metadata_corr95,GPR,log,protocol_holdout,hybrid,10,30,43.40195229543853
KIT,set5_features_metadata_corr95,GPR,log,protocol_holdout,hybrid,10,36,42.55277722705182
KIT,set5_features_metadata_corr95,GPR,log,protocol_holdout,hybrid,10,42,37.661496069209406
KIT,set5_features_metadata_corr95,GPR,log,protocol_holdout,hybrid,10,48,26.20928160341861
KIT,set5_features_metadata_corr95,GPR,log,protocol_holdout,hybrid,10,54,14.43561574992792
KIT,set5_features_metadata_corr95,GPR,log,protocol_holdout,hybrid,10,60,14.66826199597772
KIT,set5_features_metadata_corr95,GPR,log,protocol_holdout,hybrid,10,66,13.201555477824613
Formation,set5_features_metadata_corr95,GPR,log,protocol_holdout,random_selection,1,12,13.935601609422257
Formation,set5_features_metadata_corr95,GPR,log,protocol_holdout,random_selection,1,24,13.234098747617644
Formation,set5_features_metadata_corr95,GPR,log,protocol_holdout,random_selection,1,36,12.524487458734567
Formation,set5_features_metadata_corr95,GPR,log,protocol_holdout,random_selection,1,48,12.717482247424815
Formation,set5_features_metadata_corr95,GPR,log,protocol_holdout,random_selection,1,60,11.31398255968138
Formation,set5_features_metadata_corr95,GPR,log,protocol_holdout,random_selection,1,72,10.16702748622374
Formation,set5_features_metadata_corr95,GPR,log,protocol_holdout,random_selection,1,84,10.13371428743472
Formation,set5_features_metadata_corr95,GPR,log,protocol_holdout,random_selection,1,96,10.055225169696994
Formation,set5_features_metadata_corr95,GPR,log,protocol_holdout,random_selection,1,108,10.048203792028971
Formation,set5_features_metadata_corr95,GPR,log,protocol_holdout,random_selection,1,120,9.711449220528458
Formation,set5_features_metadata_corr95,GPR,log,protocol_holdout,random_selection,1,132,9.640168042580491
Formation,set5_features_metadata_corr95,GPR,log,protocol_holdout,random_selection,1,144,9.94525814005609
Formation,set5_features_metadata_corr95,GPR,log,protocol_holdout,random_selection,1,146,10.078142057827543
Formation,set5_features_metadata_corr95,GPR,log,protocol_holdout,random_selection,2,12,34.36949822736782
Formation,set5_features_metadata_corr95,GPR,log,protocol_holdout,random_selection,2,24,19.19608965108748
Formation,set5_features_metadata_corr95,GPR,log,protocol_holdout,random_selection,2,36,16.959445752202903
Formation,set5_features_metadata_corr95,GPR,log,protocol_holdout,random_selection,2,48,14.908408348830168
Formation,set5_features_metadata_corr95,GPR,log,protocol_holdout,random_selection,2,60,12.653136184028346
Formation,set5_features_metadata_corr95,GPR,log,protocol_holdout,random_selection,2,72,12.398508382491146
Formation,set5_features_metadata_corr95,GPR,log,protocol_holdout,random_selection,2,84,12.3868400095857
Formation,set5_features_metadata_corr95,GPR,log,protocol_holdout,random_selection,2,96,12.446101650830975
Formation,set5_features_metadata_corr95,GPR,log,protocol_holdout,random_selection,2,108,12.783748909400996
Formation,set5_features_metadata_corr95,GPR,log,protocol_holdout,random_selection,2,120,13.122100992503464
Formation,set5_features_metadata_corr95,GPR,log,protocol_holdout,random_selection,2,132,12.996350354684202
Formation,set5_features_metadata_corr95,GPR,log,protocol_holdout,random_selection,2,144,13.35645703684877
Formation,set5_features_metadata_corr95,GPR,log,protocol_holdout,random_selection,2,146,13.31182210481521
Formation,set5_features_metadata_corr95,GPR,log,protocol_holdout,random_selection,3,12,15.218164085463115
Formation,set5_features_metadata_corr95,GPR,log,protocol_holdout,random_selection,3,24,12.597185105639994
Formation,set5_features_metadata_corr95,GPR,log,protocol_holdout,random_selection,3,36,11.78493741114552
Formation,set5_features_metadata_corr95,GPR,log,protocol_holdout,random_selection,3,48,11.36700587453025
Formation,set5_features_metadata_corr95,GPR,log,protocol_holdout,random_selection,3,60,10.763741457594866
Formation,set5_features_metadata_corr95,GPR,log,protocol_holdout,random_selection,3,72,10.077507201701248
Formation,set5_features_metadata_corr95,GPR,log,protocol_holdout,random_selection,3,84,9.780020748824072
Formation,set5_features_metadata_corr95,GPR,log,protocol_holdout,random_selection,3,96,10.382645528990595
Formation,set5_features_metadata_corr95,GPR,log,protocol_holdout,random_selection,3,108,10.434450968031456
Formation,set5_features_metadata_corr95,GPR,log,protocol_holdout,random_selection,3,120,10.701574829265194
Formation,set5_features_metadata_corr95,GPR,log,protocol_holdout,random_selection,3,132,10.479329331658716
Formation,set5_features_metadata_corr95,GPR,log,protocol_holdout,random_selection,3,144,10.656499615888292
Formation,set5_features_metadata_corr95,GPR,log,protocol_holdout,random_selection,3,146,10.640612158462607
Formation,set5_features_metadata_corr95,GPR,log,protocol_holdout,random_selection,4,12,24.218886514913063
Formation,set5_features_metadata_corr95,GPR,log,protocol_holdout,random_selection,4,24,12.200242748685158
Formation,set5_features_metadata_corr95,GPR,log,protocol_holdout,random_selection,4,36,11.07464751474198
Formation,set5_features_metadata_corr95,GPR,log,protocol_holdout,random_selection,4,48,11.45302303235938
Formation,set5_features_metadata_corr95,GPR,log,protocol_holdout,random_selection,4,60,11.739854047572818
Formation,set5_features_metadata_corr95,GPR,log,protocol_holdout,random_selection,4,72,11.934813363945397
Formation,set5_features_metadata_corr95,GPR,log,protocol_holdout,random_selection,4,84,12.192056539834214
Formation,set5_features_metadata_corr95,GPR,log,protocol_holdout,random_selection,4,96,11.57152320053816
Formation,set5_features_metadata_corr95,GPR,log,protocol_holdout,random_selection,4,108,11.14963501512758
Formation,set5_features_metadata_corr95,GPR,log,protocol_holdout,random_selection,4,120,10.89029883737153
Formation,set5_features_metadata_corr95,GPR,log,protocol_holdout,random_selection,4,132,11.440859223854122
Formation,set5_features_metadata_corr95,GPR,log,protocol_holdout,random_selection,4,144,11.145839158012896
Formation,set5_features_metadata_corr95,GPR,log,protocol_holdout,random_selection,4,146,11.176121582786418
Formation,set5_features_metadata_corr95,GPR,log,protocol_holdout,random_selection,5,12,12.020152858485918
Formation,set5_features_metadata_corr95,GPR,log,protocol_holdout,random_selection,5,24,13.598800028848617
Formation,set5_features_metadata_corr95,GPR,log,protocol_holdout,random_selection,5,36,12.219521856188454
Formation,set5_features_metadata_corr95,GPR,log,protocol_holdout,random_selection,5,48,14.365910539511551
Formation,set5_features_metadata_corr95,GPR,log,protocol_holdout,random_selection,5,60,13.705642294814057
Formation,set5_features_metadata_corr95,GPR,log,protocol_holdout,random_selection,5,72,13.862861070793512
Formation,set5_features_metadata_corr95,GPR,log,protocol_holdout,random_selection,5,84,14.44524779790035
Formation,set5_features_metadata_corr95,GPR,log,protocol_holdout,random_selection,5,96,15.072339209561855
Formation,set5_features_metadata_corr95,GPR,log,protocol_holdout,random_selection,5,108,14.117929725386672
Formation,set5_features_metadata_corr95,GPR,log,protocol_holdout,random_selection,5,120,13.1687360399628
Formation,set5_features_metadata_corr95,GPR,log,protocol_holdout,random_selection,5,132,13.43551834642664
Formation,set5_features_metadata_corr95,GPR,log,protocol_holdout,random_selection,5,144,13.251241627851842
Formation,set5_features_metadata_corr95,GPR,log,protocol_holdout,random_selection,5,146,13.280206266735776
Formation,set5_features_metadata_corr95,GPR,log,protocol_holdout,random_selection,6,12,12.809791732661608
Formation,set5_features_metadata_corr95,GPR,log,protocol_holdout,random_selection,6,24,12.307210016224452
Formation,set5_features_metadata_corr95,GPR,log,protocol_holdout,random_selection,6,36,8.29681124504881
Formation,set5_features_metadata_corr95,GPR,log,protocol_holdout,random_selection,6,48,11.963716196268852
Formation,set5_features_metadata_corr95,GPR,log,protocol_holdout,random_selection,6,60,8.979444035148482
Formation,set5_features_metadata_corr95,GPR,log,protocol_holdout,random_selection,6,72,7.714797382923991
Formation,set5_features_metadata_corr95,GPR,log,protocol_holdout,random_selection,6,84,8.735412932522271
Formation,set5_features_metadata_corr95,GPR,log,protocol_holdout,random_selection,6,96,8.834459074783108
Formation,set5_features_metadata_corr95,GPR,log,protocol_holdout,random_selection,6,108,8.772832291385821
Formation,set5_features_metadata_corr95,GPR,log,protocol_holdout,random_selection,6,120,8.443585919818412
Formation,set5_features_metadata_corr95,GPR,log,protocol_holdout,random_selection,6,132,8.845327608942409
Formation,set5_features_metadata_corr95,GPR,log,protocol_holdout,random_selection,6,144,8.810202472393632
Formation,set5_features_metadata_corr95,GPR,log,protocol_holdout,random_selection,6,146,8.747050863719027
Formation,set5_features_metadata_corr95,GPR,log,protocol_holdout,random_selection,7,12,21.247861896668187
Formation,set5_features_metadata_corr95,GPR,log,protocol_holdout,random_selection,7,24,16.08941739933303
Formation,set5_features_metadata_corr95,GPR,log,protocol_holdout,random_selection,7,36,14.181437394206684
Formation,set5_features_metadata_corr95,GPR,log,protocol_holdout,random_selection,7,48,12.757779173643758
Formation,set5_features_metadata_corr95,GPR,log,protocol_holdout,random_selection,7,60,11.744006794727769
Formation,set5_features_metadata_corr95,GPR,log,protocol_holdout,random_selection,7,72,12.379573629856406
Formation,set5_features_metadata_corr95,GPR,log,protocol_holdout,random_selection,7,84,11.804383597079129
Formation,set5_features_metadata_corr95,GPR,log,protocol_holdout,random_selection,7,96,12.201097617909827
Formation,set5_features_metadata_corr95,GPR,log,protocol_holdout,random_selection,7,108,11.370330144972185
Formation,set5_features_metadata_corr95,GPR,log,protocol_holdout,random_selection,7,120,11.8299934972088
Formation,set5_features_metadata_corr95,GPR,log,protocol_holdout,random_selection,7,132,11.100205437695932
Formation,set5_features_metadata_corr95,GPR,log,protocol_holdout,random_selection,7,144,11.09376802580228
Formation,set5_features_metadata_corr95,GPR,log,protocol_holdout,random_selection,7,146,11.158024926257283
Formation,set5_features_metadata_corr95,GPR,log,protocol_holdout,random_selection,8,12,14.986149785913089
Formation,set5_features_metadata_corr95,GPR,log,protocol_holdout,random_selection,8,24,13.959418398151245
Formation,set5_features_metadata_corr95,GPR,log,protocol_holdout,random_selection,8,36,12.606453033527826
Formation,set5_features_metadata_corr95,GPR,log,protocol_holdout,random_selection,8,48,11.4023308347846
Formation,set5_features_metadata_corr95,GPR,log,protocol_holdout,random_selection,8,60,11.05905582272923
Formation,set5_features_metadata_corr95,GPR,log,protocol_holdout,random_selection,8,72,12.242474584572005
Formation,set5_features_metadata_corr95,GPR,log,protocol_holdout,random_selection,8,84,12.338360191152892
Formation,set5_features_metadata_corr95,GPR,log,protocol_holdout,random_selection,8,96,12.449628157352812
Formation,set5_features_metadata_corr95,GPR,log,protocol_holdout,random_selection,8,108,11.029269281141804
Formation,set5_features_metadata_corr95,GPR,log,protocol_holdout,random_selection,8,120,10.894758369282917
Formation,set5_features_metadata_corr95,GPR,log,protocol_holdout,random_selection,8,132,10.082614653689845
Formation,set5_features_metadata_corr95,GPR,log,protocol_holdout,random_selection,8,144,10.007852753947908
Formation,set5_features_metadata_corr95,GPR,log,protocol_holdout,random_selection,8,146,9.928124567767588
Formation,set5_features_metadata_corr95,GPR,log,protocol_holdout,random_selection,9,12,11.880075755507487
Formation,set5_features_metadata_corr95,GPR,log,protocol_holdout,random_selection,9,24,13.5049080660497
Formation,set5_features_metadata_corr95,GPR,log,protocol_holdout,random_selection,9,36,10.59219079062123
Formation,set5_features_metadata_corr95,GPR,log,protocol_holdout,random_selection,9,48,9.60847313902742
Formation,set5_features_metadata_corr95,GPR,log,protocol_holdout,random_selection,9,60,9.795481812385638
Formation,set5_features_metadata_corr95,GPR,log,protocol_holdout,random_selection,9,72,7.578108932043039
Formation,set5_features_metadata_corr95,GPR,log,protocol_holdout,random_selection,9,84,7.378110411393787
Formation,set5_features_metadata_corr95,GPR,log,protocol_holdout,random_selection,9,96,6.991511876156249
Formation,set5_features_metadata_corr95,GPR,log,protocol_holdout,random_selection,9,108,7.1725977338227525
Formation,set5_features_metadata_corr95,GPR,log,protocol_holdout,random_selection,9,120,7.910300466530312
Formation,set5_features_metadata_corr95,GPR,log,protocol_holdout,random_selection,9,132,8.040968001768189
Formation,set5_features_metadata_corr95,GPR,log,protocol_holdout,random_selection,9,144,8.007905288668045
Formation,set5_features_metadata_corr95,GPR,log,protocol_holdout,random_selection,9,146,7.986010972005222
Formation,set5_features_metadata_corr95,GPR,log,protocol_holdout,random_selection,10,12,16.863074293126086
Formation,set5_features_metadata_corr95,GPR,log,protocol_holdout,random_selection,10,24,10.196637338159944
Formation,set5_features_metadata_corr95,GPR,log,protocol_holdout,random_selection,10,36,9.38905831780976
Formation,set5_features_metadata_corr95,GPR,log,protocol_holdout,random_selection,10,48,10.5952502585972
Formation,set5_features_metadata_corr95,GPR,log,protocol_holdout,random_selection,10,60,12.427288662395616
Formation,set5_features_metadata_corr95,GPR,log,protocol_holdout,random_selection,10,72,12.31451866785884
Formation,set5_features_metadata_corr95,GPR,log,protocol_holdout,random_selection,10,84,10.817863109011933
Formation,set5_features_metadata_corr95,GPR,log,protocol_holdout,random_selection,10,96,10.964188175120686
Formation,set5_features_metadata_corr95,GPR,log,protocol_holdout,random_selection,10,108,10.870826979253788
Formation,set5_features_metadata_corr95,GPR,log,protocol_holdout,random_selection,10,120,11.21741549368748
Formation,set5_features_metadata_corr95,GPR,log,protocol_holdout,random_selection,10,132,10.720949282476916
Formation,set5_features_metadata_corr95,GPR,log,protocol_holdout,random_selection,10,144,10.345536558017027
Formation,set5_features_metadata_corr95,GPR,log,protocol_holdout,random_selection,10,146,10.189989213559574
Formation,set5_features_metadata_corr95,GPR,log,protocol_holdout,diversity_oneshot,1,12,13.688580900718032
Formation,set5_features_metadata_corr95,GPR,log,protocol_holdout,diversity_oneshot,1,24,10.957500045088969
Formation,set5_features_metadata_corr95,GPR,log,protocol_holdout,diversity_oneshot,1,36,10.935344651469183
Formation,set5_features_metadata_corr95,GPR,log,protocol_holdout,diversity_oneshot,1,48,9.985656017722048
Formation,set5_features_metadata_corr95,GPR,log,protocol_holdout,diversity_oneshot,1,60,10.434949270127422
Formation,set5_features_metadata_corr95,GPR,log,protocol_holdout,diversity_oneshot,1,72,10.405381192656517
Formation,set5_features_metadata_corr95,GPR,log,protocol_holdout,diversity_oneshot,1,84,10.10487594253372
Formation,set5_features_metadata_corr95,GPR,log,protocol_holdout,diversity_oneshot,1,96,10.03577886580887
Formation,set5_features_metadata_corr95,GPR,log,protocol_holdout,diversity_oneshot,1,108,10.169787952410344
Formation,set5_features_metadata_corr95,GPR,log,protocol_holdout,diversity_oneshot,1,120,10.336986721307593
Formation,set5_features_metadata_corr95,GPR,log,protocol_holdout,diversity_oneshot,1,132,10.544778452979694
Formation,set5_features_metadata_corr95,GPR,log,protocol_holdout,diversity_oneshot,1,144,10.126925497234142
Formation,set5_features_metadata_corr95,GPR,log,protocol_holdout,diversity_oneshot,1,146,10.078142057827543
Formation,set5_features_metadata_corr95,GPR,log,protocol_holdout,diversity_oneshot,2,12,18.179169369969127
Formation,set5_features_metadata_corr95,GPR,log,protocol_holdout,diversity_oneshot,2,24,11.691096721724692
Formation,set5_features_metadata_corr95,GPR,log,protocol_holdout,diversity_oneshot,2,36,12.16563901046636
Formation,set5_features_metadata_corr95,GPR,log,protocol_holdout,diversity_oneshot,2,48,12.155459046203536
Formation,set5_features_metadata_corr95,GPR,log,protocol_holdout,diversity_oneshot,2,60,11.218942142352653
Formation,set5_features_metadata_corr95,GPR,log,protocol_holdout,diversity_oneshot,2,72,12.230947834505768
Formation,set5_features_metadata_corr95,GPR,log,protocol_holdout,diversity_oneshot,2,84,12.369758923438052
Formation,set5_features_metadata_corr95,GPR,log,protocol_holdout,diversity_oneshot,2,96,11.898533861002262
Formation,set5_features_metadata_corr95,GPR,log,protocol_holdout,diversity_oneshot,2,108,13.262698333436305
Formation,set5_features_metadata_corr95,GPR,log,protocol_holdout,diversity_oneshot,2,120,12.925206758810717
Formation,set5_features_metadata_corr95,GPR,log,protocol_holdout,diversity_oneshot,2,132,13.569134371184983
Formation,set5_features_metadata_corr95,GPR,log,protocol_holdout,diversity_oneshot,2,144,13.111077540241617
Formation,set5_features_metadata_corr95,GPR,log,protocol_holdout,diversity_oneshot,2,146,13.31182210481521
Formation,set5_features_metadata_corr95,GPR,log,protocol_holdout,diversity_oneshot,3,12,11.932786262899771
Formation,set5_features_metadata_corr95,GPR,log,protocol_holdout,diversity_oneshot,3,24,10.377836038157538
Formation,set5_features_metadata_corr95,GPR,log,protocol_holdout,diversity_oneshot,3,36,12.85213753829398
Formation,set5_features_metadata_corr95,GPR,log,protocol_holdout,diversity_oneshot,3,48,11.217141576882613
Formation,set5_features_metadata_corr95,GPR,log,protocol_holdout,diversity_oneshot,3,60,10.191074766214992
Formation,set5_features_metadata_corr95,GPR,log,protocol_holdout,diversity_oneshot,3,72,11.097294167435397
Formation,set5_features_metadata_corr95,GPR,log,protocol_holdout,diversity_oneshot,3,84,10.851154189371265
Formation,set5_features_metadata_corr95,GPR,log,protocol_holdout,diversity_oneshot,3,96,10.8474243162956
Formation,set5_features_metadata_corr95,GPR,log,protocol_holdout,diversity_oneshot,3,108,10.75925774387569
Formation,set5_features_metadata_corr95,GPR,log,protocol_holdout,diversity_oneshot,3,120,11.228288037293352
Formation,set5_features_metadata_corr95,GPR,log,protocol_holdout,diversity_oneshot,3,132,10.675099577314509
Formation,set5_features_metadata_corr95,GPR,log,protocol_holdout,diversity_oneshot,3,144,10.523604088011114
Formation,set5_features_metadata_corr95,GPR,log,protocol_holdout,diversity_oneshot,3,146,10.640612158462607
Formation,set5_features_metadata_corr95,GPR,log,protocol_holdout,diversity_oneshot,4,12,19.56156980026864
Formation,set5_features_metadata_corr95,GPR,log,protocol_holdout,diversity_oneshot,4,24,12.536777206726583
Formation,set5_features_metadata_corr95,GPR,log,protocol_holdout,diversity_oneshot,4,36,11.84535984343958
Formation,set5_features_metadata_corr95,GPR,log,protocol_holdout,diversity_oneshot,4,48,12.049247234254777
Formation,set5_features_metadata_corr95,GPR,log,protocol_holdout,diversity_oneshot,4,60,11.480344951297065
Formation,set5_features_metadata_corr95,GPR,log,protocol_holdout,diversity_oneshot,4,72,11.014512652899036
Formation,set5_features_metadata_corr95,GPR,log,protocol_holdout,diversity_oneshot,4,84,11.087680396320094
Formation,set5_features_metadata_corr95,GPR,log,protocol_holdout,diversity_oneshot,4,96,11.12328699273181
Formation,set5_features_metadata_corr95,GPR,log,protocol_holdout,diversity_oneshot,4,108,11.137845664077576
Formation,set5_features_metadata_corr95,GPR,log,protocol_holdout,diversity_oneshot,4,120,10.849994037186956
Formation,set5_features_metadata_corr95,GPR,log,protocol_holdout,diversity_oneshot,4,132,11.196933437482144
Formation,set5_features_metadata_corr95,GPR,log,protocol_holdout,diversity_oneshot,4,144,11.155257143564388
Formation,set5_features_metadata_corr95,GPR,log,protocol_holdout,diversity_oneshot,4,146,11.176121582786418
Formation,set5_features_metadata_corr95,GPR,log,protocol_holdout,diversity_oneshot,5,12,14.741623145581176
Formation,set5_features_metadata_corr95,GPR,log,protocol_holdout,diversity_oneshot,5,24,12.528168590274657
Formation,set5_features_metadata_corr95,GPR,log,protocol_holdout,diversity_oneshot,5,36,12.37620041869505
Formation,set5_features_metadata_corr95,GPR,log,protocol_holdout,diversity_oneshot,5,48,13.062962514337656
Formation,set5_features_metadata_corr95,GPR,log,protocol_holdout,diversity_oneshot,5,60,11.423137626234334
Formation,set5_features_metadata_corr95,GPR,log,protocol_holdout,diversity_oneshot,5,72,13.350829723239515
Formation,set5_features_metadata_corr95,GPR,log,protocol_holdout,diversity_oneshot,5,84,15.45229947885396
Formation,set5_features_metadata_corr95,GPR,log,protocol_holdout,diversity_oneshot,5,96,14.831344781600428
Formation,set5_features_metadata_corr95,GPR,log,protocol_holdout,diversity_oneshot,5,108,14.521583830578129
Formation,set5_features_metadata_corr95,GPR,log,protocol_holdout,diversity_oneshot,5,120,13.811131659280196
Formation,set5_features_metadata_corr95,GPR,log,protocol_holdout,diversity_oneshot,5,132,14.044616576309238
Formation,set5_features_metadata_corr95,GPR,log,protocol_holdout,diversity_oneshot,5,144,13.17662870846117
Formation,set5_features_metadata_corr95,GPR,log,protocol_holdout,diversity_oneshot,5,146,13.280206266735776
Formation,set5_features_metadata_corr95,GPR,log,protocol_holdout,diversity_oneshot,6,12,12.268379720787472
Formation,set5_features_metadata_corr95,GPR,log,protocol_holdout,diversity_oneshot,6,24,10.747192026640736
Formation,set5_features_metadata_corr95,GPR,log,protocol_holdout,diversity_oneshot,6,36,9.467980085525996
Formation,set5_features_metadata_corr95,GPR,log,protocol_holdout,diversity_oneshot,6,48,8.865323602879007
Formation,set5_features_metadata_corr95,GPR,log,protocol_holdout,diversity_oneshot,6,60,9.270968855719332
Formation,set5_features_metadata_corr95,GPR,log,protocol_holdout,diversity_oneshot,6,72,9.688508115874072
Formation,set5_features_metadata_corr95,GPR,log,protocol_holdout,diversity_oneshot,6,84,9.867245084996611
Formation,set5_features_metadata_corr95,GPR,log,protocol_holdout,diversity_oneshot,6,96,9.350640319601384
Formation,set5_features_metadata_corr95,GPR,log,protocol_holdout,diversity_oneshot,6,108,9.53263275332792
Formation,set5_features_metadata_corr95,GPR,log,protocol_holdout,diversity_oneshot,6,120,9.281013653968332
Formation,set5_features_metadata_corr95,GPR,log,protocol_holdout,diversity_oneshot,6,132,8.883302008927728
Formation,set5_features_metadata_corr95,GPR,log,protocol_holdout,diversity_oneshot,6,144,8.82134820818545
Formation,set5_features_metadata_corr95,GPR,log,protocol_holdout,diversity_oneshot,6,146,8.747050863719027
Formation,set5_features_metadata_corr95,GPR,log,protocol_holdout,diversity_oneshot,7,12,15.025957393487008
Formation,set5_features_metadata_corr95,GPR,log,protocol_holdout,diversity_oneshot,7,24,18.324461424146108
Formation,set5_features_metadata_corr95,GPR,log,protocol_holdout,diversity_oneshot,7,36,11.851118007344668
Formation,set5_features_metadata_corr95,GPR,log,protocol_holdout,diversity_oneshot,7,48,12.902476788314916
Formation,set5_features_metadata_corr95,GPR,log,protocol_holdout,diversity_oneshot,7,60,12.412456415649212
Formation,set5_features_metadata_corr95,GPR,log,protocol_holdout,diversity_oneshot,7,72,13.11455784145604
Formation,set5_features_metadata_corr95,GPR,log,protocol_holdout,diversity_oneshot,7,84,11.67086082594884
Formation,set5_features_metadata_corr95,GPR,log,protocol_holdout,diversity_oneshot,7,96,11.702790491825896
Formation,set5_features_metadata_corr95,GPR,log,protocol_holdout,diversity_oneshot,7,108,10.799743505140356
Formation,set5_features_metadata_corr95,GPR,log,protocol_holdout,diversity_oneshot,7,120,10.95828129938506
Formation,set5_features_metadata_corr95,GPR,log,protocol_holdout,diversity_oneshot,7,132,11.111761780572936
Formation,set5_features_metadata_corr95,GPR,log,protocol_holdout,diversity_oneshot,7,144,11.08048563848724
Formation,set5_features_metadata_corr95,GPR,log,protocol_holdout,diversity_oneshot,7,146,11.158024926257283
Formation,set5_features_metadata_corr95,GPR,log,protocol_holdout,diversity_oneshot,8,12,22.14432312586464
Formation,set5_features_metadata_corr95,GPR,log,protocol_holdout,diversity_oneshot,8,24,13.173501052761155
Formation,set5_features_metadata_corr95,GPR,log,protocol_holdout,diversity_oneshot,8,36,10.191912025655808
Formation,set5_features_metadata_corr95,GPR,log,protocol_holdout,diversity_oneshot,8,48,12.258998902314207
Formation,set5_features_metadata_corr95,GPR,log,protocol_holdout,diversity_oneshot,8,60,9.672127072923848
Formation,set5_features_metadata_corr95,GPR,log,protocol_holdout,diversity_oneshot,8,72,9.621405361106383
Formation,set5_features_metadata_corr95,GPR,log,protocol_holdout,diversity_oneshot,8,84,11.000797241061116
Formation,set5_features_metadata_corr95,GPR,log,protocol_holdout,diversity_oneshot,8,96,10.089688305859934
Formation,set5_features_metadata_corr95,GPR,log,protocol_holdout,diversity_oneshot,8,108,10.030567290080974
Formation,set5_features_metadata_corr95,GPR,log,protocol_holdout,diversity_oneshot,8,120,9.817224976946806
Formation,set5_features_metadata_corr95,GPR,log,protocol_holdout,diversity_oneshot,8,132,9.959871817434404
Formation,set5_features_metadata_corr95,GPR,log,protocol_holdout,diversity_oneshot,8,144,9.846259681819191
Formation,set5_features_metadata_corr95,GPR,log,protocol_holdout,diversity_oneshot,8,146,9.928124567767588
Formation,set5_features_metadata_corr95,GPR,log,protocol_holdout,diversity_oneshot,9,12,12.91983959341426
Formation,set5_features_metadata_corr95,GPR,log,protocol_holdout,diversity_oneshot,9,24,9.550164434378878
Formation,set5_features_metadata_corr95,GPR,log,protocol_holdout,diversity_oneshot,9,36,8.605724645302
Formation,set5_features_metadata_corr95,GPR,log,protocol_holdout,diversity_oneshot,9,48,8.60626473561344
Formation,set5_features_metadata_corr95,GPR,log,protocol_holdout,diversity_oneshot,9,60,9.310291907048994
Formation,set5_features_metadata_corr95,GPR,log,protocol_holdout,diversity_oneshot,9,72,8.450914400764656
Formation,set5_features_metadata_corr95,GPR,log,protocol_holdout,diversity_oneshot,9,84,8.880603294202198
Formation,set5_features_metadata_corr95,GPR,log,protocol_holdout,diversity_oneshot,9,96,8.155338490633525
Formation,set5_features_metadata_corr95,GPR,log,protocol_holdout,diversity_oneshot,9,108,9.797029674011585
Formation,set5_features_metadata_corr95,GPR,log,protocol_holdout,diversity_oneshot,9,120,7.981550613142102
Formation,set5_features_metadata_corr95,GPR,log,protocol_holdout,diversity_oneshot,9,132,7.972527885598425
Formation,set5_features_metadata_corr95,GPR,log,protocol_holdout,diversity_oneshot,9,144,7.811000456467579
Formation,set5_features_metadata_corr95,GPR,log,protocol_holdout,diversity_oneshot,9,146,7.986010972005222
Formation,set5_features_metadata_corr95,GPR,log,protocol_holdout,diversity_oneshot,10,12,12.668230088173289
Formation,set5_features_metadata_corr95,GPR,log,protocol_holdout,diversity_oneshot,10,24,10.905930574538344
Formation,set5_features_metadata_corr95,GPR,log,protocol_holdout,diversity_oneshot,10,36,12.174408617141191
Formation,set5_features_metadata_corr95,GPR,log,protocol_holdout,diversity_oneshot,10,48,12.269585639408492
Formation,set5_features_metadata_corr95,GPR,log,protocol_holdout,diversity_oneshot,10,60,13.092542165433738
Formation,set5_features_metadata_corr95,GPR,log,protocol_holdout,diversity_oneshot,10,72,13.428466843151831
Formation,set5_features_metadata_corr95,GPR,log,protocol_holdout,diversity_oneshot,10,84,11.69720893528306
Formation,set5_features_metadata_corr95,GPR,log,protocol_holdout,diversity_oneshot,10,96,13.114520155904936
Formation,set5_features_metadata_corr95,GPR,log,protocol_holdout,diversity_oneshot,10,108,12.395363979210822
Formation,set5_features_metadata_corr95,GPR,log,protocol_holdout,diversity_oneshot,10,120,11.996608282698954
Formation,set5_features_metadata_corr95,GPR,log,protocol_holdout,diversity_oneshot,10,132,11.204429702707923
Formation,set5_features_metadata_corr95,GPR,log,protocol_holdout,diversity_oneshot,10,144,10.191692005704647
Formation,set5_features_metadata_corr95,GPR,log,protocol_holdout,diversity_oneshot,10,146,10.189989213559574
Formation,set5_features_metadata_corr95,GPR,log,protocol_holdout,diversity_iterative,1,12,13.688580900718032
Formation,set5_features_metadata_corr95,GPR,log,protocol_holdout,diversity_iterative,1,24,13.27046509680731
Formation,set5_features_metadata_corr95,GPR,log,protocol_holdout,diversity_iterative,1,36,12.087820328317164
Formation,set5_features_metadata_corr95,GPR,log,protocol_holdout,diversity_iterative,1,48,10.772706806396014
Formation,set5_features_metadata_corr95,GPR,log,protocol_holdout,diversity_iterative,1,60,11.024074092844312
Formation,set5_features_metadata_corr95,GPR,log,protocol_holdout,diversity_iterative,1,72,10.677390829882969
Formation,set5_features_metadata_corr95,GPR,log,protocol_holdout,diversity_iterative,1,84,10.55884842500056
Formation,set5_features_metadata_corr95,GPR,log,protocol_holdout,diversity_iterative,1,96,10.655945937185118
Formation,set5_features_metadata_corr95,GPR,log,protocol_holdout,diversity_iterative,1,108,10.454230538141012
Formation,set5_features_metadata_corr95,GPR,log,protocol_holdout,diversity_iterative,1,120,10.741759220858446
Formation,set5_features_metadata_corr95,GPR,log,protocol_holdout,diversity_iterative,1,132,10.94295721925693
Formation,set5_features_metadata_corr95,GPR,log,protocol_holdout,diversity_iterative,1,144,10.211503810073784
Formation,set5_features_metadata_corr95,GPR,log,protocol_holdout,diversity_iterative,1,146,10.078142057827543
Formation,set5_features_metadata_corr95,GPR,log,protocol_holdout,diversity_iterative,2,12,18.179169369969127
Formation,set5_features_metadata_corr95,GPR,log,protocol_holdout,diversity_iterative,2,24,14.72297858146386
Formation,set5_features_metadata_corr95,GPR,log,protocol_holdout,diversity_iterative,2,36,13.134629857237146
Formation,set5_features_metadata_corr95,GPR,log,protocol_holdout,diversity_iterative,2,48,13.381931534497276
Formation,set5_features_metadata_corr95,GPR,log,protocol_holdout,diversity_iterative,2,60,15.122265571274946
Formation,set5_features_metadata_corr95,GPR,log,protocol_holdout,diversity_iterative,2,72,15.547258848823232
Formation,set5_features_metadata_corr95,GPR,log,protocol_holdout,diversity_iterative,2,84,12.330498244631272
Formation,set5_features_metadata_corr95,GPR,log,protocol_holdout,diversity_iterative,2,96,11.179348629195
Formation,set5_features_metadata_corr95,GPR,log,protocol_holdout,diversity_iterative,2,108,11.413473729369349
Formation,set5_features_metadata_corr95,GPR,log,protocol_holdout,diversity_iterative,2,120,12.10697627901899
Formation,set5_features_metadata_corr95,GPR,log,protocol_holdout,diversity_iterative,2,132,13.427773826728352
Formation,set5_features_metadata_corr95,GPR,log,protocol_holdout,diversity_iterative,2,144,13.368895671234943
Formation,set5_features_metadata_corr95,GPR,log,protocol_holdout,diversity_iterative,2,146,13.31182210481521
Formation,set5_features_metadata_corr95,GPR,log,protocol_holdout,diversity_iterative,3,12,11.932786262899771
Formation,set5_features_metadata_corr95,GPR,log,protocol_holdout,diversity_iterative,3,24,11.144360607779982
Formation,set5_features_metadata_corr95,GPR,log,protocol_holdout,diversity_iterative,3,36,10.990748188225844
Formation,set5_features_metadata_corr95,GPR,log,protocol_holdout,diversity_iterative,3,48,10.325779205386617
Formation,set5_features_metadata_corr95,GPR,log,protocol_holdout,diversity_iterative,3,60,10.480782788974787
Formation,set5_features_metadata_corr95,GPR,log,protocol_holdout,diversity_iterative,3,72,9.879016485633722
Formation,set5_features_metadata_corr95,GPR,log,protocol_holdout,diversity_iterative,3,84,10.133491383081376
Formation,set5_features_metadata_corr95,GPR,log,protocol_holdout,diversity_iterative,3,96,10.61602457928428
Formation,set5_features_metadata_corr95,GPR,log,protocol_holdout,diversity_iterative,3,108,10.49444077457293
Formation,set5_features_metadata_corr95,GPR,log,protocol_holdout,diversity_iterative,3,120,10.38120100760853
Formation,set5_features_metadata_corr95,GPR,log,protocol_holdout,diversity_iterative,3,132,10.246175025706592
Formation,set5_features_metadata_corr95,GPR,log,protocol_holdout,diversity_iterative,3,144,10.630727762875082
Formation,set5_features_metadata_corr95,GPR,log,protocol_holdout,diversity_iterative,3,146,10.640612158462607
Formation,set5_features_metadata_corr95,GPR,log,protocol_holdout,diversity_iterative,4,12,19.56156980026864
Formation,set5_features_metadata_corr95,GPR,log,protocol_holdout,diversity_iterative,4,24,10.722888818779836
Formation,set5_features_metadata_corr95,GPR,log,protocol_holdout,diversity_iterative,4,36,10.841184543823218
Formation,set5_features_metadata_corr95,GPR,log,protocol_holdout,diversity_iterative,4,48,10.65954733259197
Formation,set5_features_metadata_corr95,GPR,log,protocol_holdout,diversity_iterative,4,60,10.960620941077488
Formation,set5_features_metadata_corr95,GPR,log,protocol_holdout,diversity_iterative,4,72,11.248320461456323
Formation,set5_features_metadata_corr95,GPR,log,protocol_holdout,diversity_iterative,4,84,10.73376626119584
Formation,set5_features_metadata_corr95,GPR,log,protocol_holdout,diversity_iterative,4,96,10.93329840655008
Formation,set5_features_metadata_corr95,GPR,log,protocol_holdout,diversity_iterative,4,108,11.182216408632472
Formation,set5_features_metadata_corr95,GPR,log,protocol_holdout,diversity_iterative,4,120,11.745865889696953
Formation,set5_features_metadata_corr95,GPR,log,protocol_holdout,diversity_iterative,4,132,11.095977896484111
Formation,set5_features_metadata_corr95,GPR,log,protocol_holdout,diversity_iterative,4,144,11.157730179021732
Formation,set5_features_metadata_corr95,GPR,log,protocol_holdout,diversity_iterative,4,146,11.176121582786418
Formation,set5_features_metadata_corr95,GPR,log,protocol_holdout,diversity_iterative,5,12,14.741623145581176
Formation,set5_features_metadata_corr95,GPR,log,protocol_holdout,diversity_iterative,5,24,12.191939648956549
Formation,set5_features_metadata_corr95,GPR,log,protocol_holdout,diversity_iterative,5,36,12.68734121185306
Formation,set5_features_metadata_corr95,GPR,log,protocol_holdout,diversity_iterative,5,48,12.471225752872009
Formation,set5_features_metadata_corr95,GPR,log,protocol_holdout,diversity_iterative,5,60,12.414315564113748
Formation,set5_features_metadata_corr95,GPR,log,protocol_holdout,diversity_iterative,5,72,12.547519404111856
Formation,set5_features_metadata_corr95,GPR,log,protocol_holdout,diversity_iterative,5,84,11.976227081390483
Formation,set5_features_metadata_corr95,GPR,log,protocol_holdout,diversity_iterative,5,96,12.400097992367376
Formation,set5_features_metadata_corr95,GPR,log,protocol_holdout,diversity_iterative,5,108,12.631688460804838
Formation,set5_features_metadata_corr95,GPR,log,protocol_holdout,diversity_iterative,5,120,12.573302146890144
Formation,set5_features_metadata_corr95,GPR,log,protocol_holdout,diversity_iterative,5,132,12.55856271880616
Formation,set5_features_metadata_corr95,GPR,log,protocol_holdout,diversity_iterative,5,144,13.338231869182602
Formation,set5_features_metadata_corr95,GPR,log,protocol_holdout,diversity_iterative,5,146,13.280206266735776
Formation,set5_features_metadata_corr95,GPR,log,protocol_holdout,diversity_iterative,6,12,12.268379720787472
Formation,set5_features_metadata_corr95,GPR,log,protocol_holdout,diversity_iterative,6,24,10.50446986383106
Formation,set5_features_metadata_corr95,GPR,log,protocol_holdout,diversity_iterative,6,36,11.050043604936011
Formation,set5_features_metadata_corr95,GPR,log,protocol_holdout,diversity_iterative,6,48,10.1814599510497
Formation,set5_features_metadata_corr95,GPR,log,protocol_holdout,diversity_iterative,6,60,9.627301198207244
Formation,set5_features_metadata_corr95,GPR,log,protocol_holdout,diversity_iterative,6,72,9.11874404244993
Formation,set5_features_metadata_corr95,GPR,log,protocol_holdout,diversity_iterative,6,84,9.230889750559609
Formation,set5_features_metadata_corr95,GPR,log,protocol_holdout,diversity_iterative,6,96,8.851947247754802
Formation,set5_features_metadata_corr95,GPR,log,protocol_holdout,diversity_iterative,6,108,9.005278643883344
Formation,set5_features_metadata_corr95,GPR,log,protocol_holdout,diversity_iterative,6,120,9.278780386826556
Formation,set5_features_metadata_corr95,GPR,log,protocol_holdout,diversity_iterative,6,132,9.1278357582618
Formation,set5_features_metadata_corr95,GPR,log,protocol_holdout,diversity_iterative,6,144,8.664667011208538
Formation,set5_features_metadata_corr95,GPR,log,protocol_holdout,diversity_iterative,6,146,8.747050863719027
Formation,set5_features_metadata_corr95,GPR,log,protocol_holdout,diversity_iterative,7,12,15.025957393487008
Formation,set5_features_metadata_corr95,GPR,log,protocol_holdout,diversity_iterative,7,24,14.83648689203836
Formation,set5_features_metadata_corr95,GPR,log,protocol_holdout,diversity_iterative,7,36,14.955817934876722
Formation,set5_features_metadata_corr95,GPR,log,protocol_holdout,diversity_iterative,7,48,13.070129285778046
Formation,set5_features_metadata_corr95,GPR,log,protocol_holdout,diversity_iterative,7,60,12.497966087689903
Formation,set5_features_metadata_corr95,GPR,log,protocol_holdout,diversity_iterative,7,72,12.594835417733004
Formation,set5_features_metadata_corr95,GPR,log,protocol_holdout,diversity_iterative,7,84,12.269552631769177
Formation,set5_features_metadata_corr95,GPR,log,protocol_holdout,diversity_iterative,7,96,11.621296294966047
Formation,set5_features_metadata_corr95,GPR,log,protocol_holdout,diversity_iterative,7,108,11.425129364274676
Formation,set5_features_metadata_corr95,GPR,log,protocol_holdout,diversity_iterative,7,120,10.936822659740434
Formation,set5_features_metadata_corr95,GPR,log,protocol_holdout,diversity_iterative,7,132,11.0191088527246
Formation,set5_features_metadata_corr95,GPR,log,protocol_holdout,diversity_iterative,7,144,11.21554437251675
Formation,set5_features_metadata_corr95,GPR,log,protocol_holdout,diversity_iterative,7,146,11.158024926257283
Formation,set5_features_metadata_corr95,GPR,log,protocol_holdout,diversity_iterative,8,12,22.14432312586464
Formation,set5_features_metadata_corr95,GPR,log,protocol_holdout,diversity_iterative,8,24,18.87639767387006
Formation,set5_features_metadata_corr95,GPR,log,protocol_holdout,diversity_iterative,8,36,16.973187178178005
Formation,set5_features_metadata_corr95,GPR,log,protocol_holdout,diversity_iterative,8,48,15.297664607978
Formation,set5_features_metadata_corr95,GPR,log,protocol_holdout,diversity_iterative,8,60,15.449681071088998
Formation,set5_features_metadata_corr95,GPR,log,protocol_holdout,diversity_iterative,8,72,14.07314319401945
Formation,set5_features_metadata_corr95,GPR,log,protocol_holdout,diversity_iterative,8,84,13.7449637105142
Formation,set5_features_metadata_corr95,GPR,log,protocol_holdout,diversity_iterative,8,96,13.100191444592872
Formation,set5_features_metadata_corr95,GPR,log,protocol_holdout,diversity_iterative,8,108,11.07723017318694
Formation,set5_features_metadata_corr95,GPR,log,protocol_holdout,diversity_iterative,8,120,10.612937349731116
Formation,set5_features_metadata_corr95,GPR,log,protocol_holdout,diversity_iterative,8,132,10.137842763926006
Formation,set5_features_metadata_corr95,GPR,log,protocol_holdout,diversity_iterative,8,144,10.013860478137149
Formation,set5_features_metadata_corr95,GPR,log,protocol_holdout,diversity_iterative,8,146,9.928124567767588
Formation,set5_features_metadata_corr95,GPR,log,protocol_holdout,diversity_iterative,9,12,12.91983959341426
Formation,set5_features_metadata_corr95,GPR,log,protocol_holdout,diversity_iterative,9,24,13.34744834748268
Formation,set5_features_metadata_corr95,GPR,log,protocol_holdout,diversity_iterative,9,36,11.450453537231574
Formation,set5_features_metadata_corr95,GPR,log,protocol_holdout,diversity_iterative,9,48,11.586714442653038
Formation,set5_features_metadata_corr95,GPR,log,protocol_holdout,diversity_iterative,9,60,9.85777814671395
Formation,set5_features_metadata_corr95,GPR,log,protocol_holdout,diversity_iterative,9,72,9.112825920866772
Formation,set5_features_metadata_corr95,GPR,log,protocol_holdout,diversity_iterative,9,84,8.598854214670908
Formation,set5_features_metadata_corr95,GPR,log,protocol_holdout,diversity_iterative,9,96,8.568921375504049
Formation,set5_features_metadata_corr95,GPR,log,protocol_holdout,diversity_iterative,9,108,8.190246273642217
Formation,set5_features_metadata_corr95,GPR,log,protocol_holdout,diversity_iterative,9,120,8.566521031585488
Formation,set5_features_metadata_corr95,GPR,log,protocol_holdout,diversity_iterative,9,132,8.460514170215871
Formation,set5_features_metadata_corr95,GPR,log,protocol_holdout,diversity_iterative,9,144,8.037370368396225
Formation,set5_features_metadata_corr95,GPR,log,protocol_holdout,diversity_iterative,9,146,7.986010972005222
Formation,set5_features_metadata_corr95,GPR,log,protocol_holdout,diversity_iterative,10,12,12.668230088173289
Formation,set5_features_metadata_corr95,GPR,log,protocol_holdout,diversity_iterative,10,24,13.288207615621896
Formation,set5_features_metadata_corr95,GPR,log,protocol_holdout,diversity_iterative,10,36,13.434948293096031
Formation,set5_features_metadata_corr95,GPR,log,protocol_holdout,diversity_iterative,10,48,13.825909059778768
Formation,set5_features_metadata_corr95,GPR,log,protocol_holdout,diversity_iterative,10,60,13.815516751533384
Formation,set5_features_metadata_corr95,GPR,log,protocol_holdout,diversity_iterative,10,72,13.882732396275404
Formation,set5_features_metadata_corr95,GPR,log,protocol_holdout,diversity_iterative,10,84,12.69651295350518
Formation,set5_features_metadata_corr95,GPR,log,protocol_holdout,diversity_iterative,10,96,11.924921975043135
Formation,set5_features_metadata_corr95,GPR,log,protocol_holdout,diversity_iterative,10,108,12.56915624912989
Formation,set5_features_metadata_corr95,GPR,log,protocol_holdout,diversity_iterative,10,120,11.115913702515783
Formation,set5_features_metadata_corr95,GPR,log,protocol_holdout,diversity_iterative,10,132,10.45018923576001
Formation,set5_features_metadata_corr95,GPR,log,protocol_holdout,diversity_iterative,10,144,10.184231339782016
Formation,set5_features_metadata_corr95,GPR,log,protocol_holdout,diversity_iterative,10,146,10.189989213559574
Formation,set5_features_metadata_corr95,GPR,log,protocol_holdout,coverage,1,12,13.935601609422257
Formation,set5_features_metadata_corr95,GPR,log,protocol_holdout,coverage,1,24,13.323150538643318
Formation,set5_features_metadata_corr95,GPR,log,protocol_holdout,coverage,1,36,10.87957786062092
Formation,set5_features_metadata_corr95,GPR,log,protocol_holdout,coverage,1,48,10.389258908286678
Formation,set5_features_metadata_corr95,GPR,log,protocol_holdout,coverage,1,60,9.620900161195836
Formation,set5_features_metadata_corr95,GPR,log,protocol_holdout,coverage,1,72,9.64509679604146
Formation,set5_features_metadata_corr95,GPR,log,protocol_holdout,coverage,1,84,9.759206346808485
Formation,set5_features_metadata_corr95,GPR,log,protocol_holdout,coverage,1,96,9.698176029708952
Formation,set5_features_metadata_corr95,GPR,log,protocol_holdout,coverage,1,108,10.59741662018467
Formation,set5_features_metadata_corr95,GPR,log,protocol_holdout,coverage,1,120,10.282677926117444
Formation,set5_features_metadata_corr95,GPR,log,protocol_holdout,coverage,1,132,10.42038257372105
Formation,set5_features_metadata_corr95,GPR,log,protocol_holdout,coverage,1,144,10.07127825339784
Formation,set5_features_metadata_corr95,GPR,log,protocol_holdout,coverage,1,146,10.078142057827543
Formation,set5_features_metadata_corr95,GPR,log,protocol_holdout,coverage,2,12,34.36949822736782
Formation,set5_features_metadata_corr95,GPR,log,protocol_holdout,coverage,2,24,17.750074221223265
Formation,set5_features_metadata_corr95,GPR,log,protocol_holdout,coverage,2,36,14.240973012382488
Formation,set5_features_metadata_corr95,GPR,log,protocol_holdout,coverage,2,48,15.09090222698315
Formation,set5_features_metadata_corr95,GPR,log,protocol_holdout,coverage,2,60,14.691861128281742
Formation,set5_features_metadata_corr95,GPR,log,protocol_holdout,coverage,2,72,13.697772915813566
Formation,set5_features_metadata_corr95,GPR,log,protocol_holdout,coverage,2,84,14.274595781780713
Formation,set5_features_metadata_corr95,GPR,log,protocol_holdout,coverage,2,96,14.534150911588611
Formation,set5_features_metadata_corr95,GPR,log,protocol_holdout,coverage,2,108,14.319381706926
Formation,set5_features_metadata_corr95,GPR,log,protocol_holdout,coverage,2,120,13.857113082791342
Formation,set5_features_metadata_corr95,GPR,log,protocol_holdout,coverage,2,132,13.614315848757888
Formation,set5_features_metadata_corr95,GPR,log,protocol_holdout,coverage,2,144,13.460966699110031
Formation,set5_features_metadata_corr95,GPR,log,protocol_holdout,coverage,2,146,13.31182210481521
Formation,set5_features_metadata_corr95,GPR,log,protocol_holdout,coverage,3,12,15.218164085463115
Formation,set5_features_metadata_corr95,GPR,log,protocol_holdout,coverage,3,24,12.90395036064913
Formation,set5_features_metadata_corr95,GPR,log,protocol_holdout,coverage,3,36,12.64855586501782
Formation,set5_features_metadata_corr95,GPR,log,protocol_holdout,coverage,3,48,10.370523595180034
Formation,set5_features_metadata_corr95,GPR,log,protocol_holdout,coverage,3,60,10.612234543018298
Formation,set5_features_metadata_corr95,GPR,log,protocol_holdout,coverage,3,72,10.813409009966996
Formation,set5_features_metadata_corr95,GPR,log,protocol_holdout,coverage,3,84,11.324676890182843
Formation,set5_features_metadata_corr95,GPR,log,protocol_holdout,coverage,3,96,11.31684993207591
Formation,set5_features_metadata_corr95,GPR,log,protocol_holdout,coverage,3,108,11.056978289081282
Formation,set5_features_metadata_corr95,GPR,log,protocol_holdout,coverage,3,120,10.71988780400404
Formation,set5_features_metadata_corr95,GPR,log,protocol_holdout,coverage,3,132,10.88233057422153
Formation,set5_features_metadata_corr95,GPR,log,protocol_holdout,coverage,3,144,10.59466275519176
Formation,set5_features_metadata_corr95,GPR,log,protocol_holdout,coverage,3,146,10.640612158462607
Formation,set5_features_metadata_corr95,GPR,log,protocol_holdout,coverage,4,12,24.218886514913063
Formation,set5_features_metadata_corr95,GPR,log,protocol_holdout,coverage,4,24,11.440817615960457
Formation,set5_features_metadata_corr95,GPR,log,protocol_holdout,coverage,4,36,12.05713754989561
Formation,set5_features_metadata_corr95,GPR,log,protocol_holdout,coverage,4,48,12.368089891606978
Formation,set5_features_metadata_corr95,GPR,log,protocol_holdout,coverage,4,60,12.706486328911051
Formation,set5_features_metadata_corr95,GPR,log,protocol_holdout,coverage,4,72,12.752725197490385
Formation,set5_features_metadata_corr95,GPR,log,protocol_holdout,coverage,4,84,11.31937401116847
Formation,set5_features_metadata_corr95,GPR,log,protocol_holdout,coverage,4,96,11.387364543108484
Formation,set5_features_metadata_corr95,GPR,log,protocol_holdout,coverage,4,108,12.014353637982255
Formation,set5_features_metadata_corr95,GPR,log,protocol_holdout,coverage,4,120,11.885073470351257
Formation,set5_features_metadata_corr95,GPR,log,protocol_holdout,coverage,4,132,11.474822178683288
Formation,set5_features_metadata_corr95,GPR,log,protocol_holdout,coverage,4,144,11.19834448765566
Formation,set5_features_metadata_corr95,GPR,log,protocol_holdout,coverage,4,146,11.176121582786418
Formation,set5_features_metadata_corr95,GPR,log,protocol_holdout,coverage,5,12,12.020152858485918
Formation,set5_features_metadata_corr95,GPR,log,protocol_holdout,coverage,5,24,15.04158868551908
Formation,set5_features_metadata_corr95,GPR,log,protocol_holdout,coverage,5,36,15.75545888126824
Formation,set5_features_metadata_corr95,GPR,log,protocol_holdout,coverage,5,48,13.136043883960676
Formation,set5_features_metadata_corr95,GPR,log,protocol_holdout,coverage,5,60,14.51296148342402
Formation,set5_features_metadata_corr95,GPR,log,protocol_holdout,coverage,5,72,13.8652888380424
Formation,set5_features_metadata_corr95,GPR,log,protocol_holdout,coverage,5,84,13.52866475726622
Formation,set5_features_metadata_corr95,GPR,log,protocol_holdout,coverage,5,96,13.439173292611292
Formation,set5_features_metadata_corr95,GPR,log,protocol_holdout,coverage,5,108,13.254675548935827
Formation,set5_features_metadata_corr95,GPR,log,protocol_holdout,coverage,5,120,13.590634877509968
Formation,set5_features_metadata_corr95,GPR,log,protocol_holdout,coverage,5,132,13.491334926593233
Formation,set5_features_metadata_corr95,GPR,log,protocol_holdout,coverage,5,144,13.17662870846117
Formation,set5_features_metadata_corr95,GPR,log,protocol_holdout,coverage,5,146,13.280206266735776
Formation,set5_features_metadata_corr95,GPR,log,protocol_holdout,coverage,6,12,12.809791732661608
Formation,set5_features_metadata_corr95,GPR,log,protocol_holdout,coverage,6,24,10.09525877675314
Formation,set5_features_metadata_corr95,GPR,log,protocol_holdout,coverage,6,36,11.679571100609246
Formation,set5_features_metadata_corr95,GPR,log,protocol_holdout,coverage,6,48,9.9247667434919
Formation,set5_features_metadata_corr95,GPR,log,protocol_holdout,coverage,6,60,9.63789244897412
Formation,set5_features_metadata_corr95,GPR,log,protocol_holdout,coverage,6,72,9.46437402521984
Formation,set5_features_metadata_corr95,GPR,log,protocol_holdout,coverage,6,84,9.732447682225535
Formation,set5_features_metadata_corr95,GPR,log,protocol_holdout,coverage,6,96,9.359477879032909
Formation,set5_features_metadata_corr95,GPR,log,protocol_holdout,coverage,6,108,9.49379739838224
Formation,set5_features_metadata_corr95,GPR,log,protocol_holdout,coverage,6,120,9.66612193153444
Formation,set5_features_metadata_corr95,GPR,log,protocol_holdout,coverage,6,132,9.17773633571422
Formation,set5_features_metadata_corr95,GPR,log,protocol_holdout,coverage,6,144,8.809847064535825
Formation,set5_features_metadata_corr95,GPR,log,protocol_holdout,coverage,6,146,8.747050863719027
Formation,set5_features_metadata_corr95,GPR,log,protocol_holdout,coverage,7,12,21.247861896668187
Formation,set5_features_metadata_corr95,GPR,log,protocol_holdout,coverage,7,24,20.73152274777948
Formation,set5_features_metadata_corr95,GPR,log,protocol_holdout,coverage,7,36,14.658008037466294
Formation,set5_features_metadata_corr95,GPR,log,protocol_holdout,coverage,7,48,13.598253481042631
Formation,set5_features_metadata_corr95,GPR,log,protocol_holdout,coverage,7,60,15.077448110377537
Formation,set5_features_metadata_corr95,GPR,log,protocol_holdout,coverage,7,72,14.346513450644396
Formation,set5_features_metadata_corr95,GPR,log,protocol_holdout,coverage,7,84,13.052723264965255
Formation,set5_features_metadata_corr95,GPR,log,protocol_holdout,coverage,7,96,11.147764073103255
Formation,set5_features_metadata_corr95,GPR,log,protocol_holdout,coverage,7,108,11.35476142140442
Formation,set5_features_metadata_corr95,GPR,log,protocol_holdout,coverage,7,120,10.85648683807
Formation,set5_features_metadata_corr95,GPR,log,protocol_holdout,coverage,7,132,11.171680520439017
Formation,set5_features_metadata_corr95,GPR,log,protocol_holdout,coverage,7,144,11.07756789254306
Formation,set5_features_metadata_corr95,GPR,log,protocol_holdout,coverage,7,146,11.158024926257283
Formation,set5_features_metadata_corr95,GPR,log,protocol_holdout,coverage,8,12,14.986149785913089
Formation,set5_features_metadata_corr95,GPR,log,protocol_holdout,coverage,8,24,12.714355969645933
Formation,set5_features_metadata_corr95,GPR,log,protocol_holdout,coverage,8,36,12.719154206813432
Formation,set5_features_metadata_corr95,GPR,log,protocol_holdout,coverage,8,48,12.047540283787924
Formation,set5_features_metadata_corr95,GPR,log,protocol_holdout,coverage,8,60,10.338684478637566
Formation,set5_features_metadata_corr95,GPR,log,protocol_holdout,coverage,8,72,10.666641465948606
Formation,set5_features_metadata_corr95,GPR,log,protocol_holdout,coverage,8,84,10.100361347213807
Formation,set5_features_metadata_corr95,GPR,log,protocol_holdout,coverage,8,96,9.986297984696858
Formation,set5_features_metadata_corr95,GPR,log,protocol_holdout,coverage,8,108,9.370027267366137
Formation,set5_features_metadata_corr95,GPR,log,protocol_holdout,coverage,8,120,9.192801764408252
Formation,set5_features_metadata_corr95,GPR,log,protocol_holdout,coverage,8,132,9.932737557307746
Formation,set5_features_metadata_corr95,GPR,log,protocol_holdout,coverage,8,144,9.867783532442113
Formation,set5_features_metadata_corr95,GPR,log,protocol_holdout,coverage,8,146,9.928124567767588
Formation,set5_features_metadata_corr95,GPR,log,protocol_holdout,coverage,9,12,11.880075755507487
Formation,set5_features_metadata_corr95,GPR,log,protocol_holdout,coverage,9,24,10.9735611954667
Formation,set5_features_metadata_corr95,GPR,log,protocol_holdout,coverage,9,36,11.84966389428017
Formation,set5_features_metadata_corr95,GPR,log,protocol_holdout,coverage,9,48,10.534845324022376
Formation,set5_features_metadata_corr95,GPR,log,protocol_holdout,coverage,9,60,8.961446080278932
Formation,set5_features_metadata_corr95,GPR,log,protocol_holdout,coverage,9,72,7.196395929961931
Formation,set5_features_metadata_corr95,GPR,log,protocol_holdout,coverage,9,84,7.085910479069089
Formation,set5_features_metadata_corr95,GPR,log,protocol_holdout,coverage,9,96,7.264598609975533
Formation,set5_features_metadata_corr95,GPR,log,protocol_holdout,coverage,9,108,7.553315553674857
Formation,set5_features_metadata_corr95,GPR,log,protocol_holdout,coverage,9,120,7.771438360343641
Formation,set5_features_metadata_corr95,GPR,log,protocol_holdout,coverage,9,132,7.3480744341284625
Formation,set5_features_metadata_corr95,GPR,log,protocol_holdout,coverage,9,144,7.811000456467579
Formation,set5_features_metadata_corr95,GPR,log,protocol_holdout,coverage,9,146,7.986010972005222
Formation,set5_features_metadata_corr95,GPR,log,protocol_holdout,coverage,10,12,16.863074293126086
Formation,set5_features_metadata_corr95,GPR,log,protocol_holdout,coverage,10,24,11.436548971338018
Formation,set5_features_metadata_corr95,GPR,log,protocol_holdout,coverage,10,36,14.887961657877335
Formation,set5_features_metadata_corr95,GPR,log,protocol_holdout,coverage,10,48,13.651590342313977
Formation,set5_features_metadata_corr95,GPR,log,protocol_holdout,coverage,10,60,13.505154233800123
Formation,set5_features_metadata_corr95,GPR,log,protocol_holdout,coverage,10,72,13.339550782341858
Formation,set5_features_metadata_corr95,GPR,log,protocol_holdout,coverage,10,84,13.101822943072904
Formation,set5_features_metadata_corr95,GPR,log,protocol_holdout,coverage,10,96,12.566895314288606
Formation,set5_features_metadata_corr95,GPR,log,protocol_holdout,coverage,10,108,10.823371766106453
Formation,set5_features_metadata_corr95,GPR,log,protocol_holdout,coverage,10,120,11.078208539434211
Formation,set5_features_metadata_corr95,GPR,log,protocol_holdout,coverage,10,132,10.73541676913789
Formation,set5_features_metadata_corr95,GPR,log,protocol_holdout,coverage,10,144,10.232137048220174
Formation,set5_features_metadata_corr95,GPR,log,protocol_holdout,coverage,10,146,10.189989213559574
Formation,set5_features_metadata_corr95,GPR,log,protocol_holdout,exploration,1,12,13.935601609422257
Formation,set5_features_metadata_corr95,GPR,log,protocol_holdout,exploration,1,24,13.240902146011605
Formation,set5_features_metadata_corr95,GPR,log,protocol_holdout,exploration,1,36,10.66831722288059
Formation,set5_features_metadata_corr95,GPR,log,protocol_holdout,exploration,1,48,10.131660758586545
Formation,set5_features_metadata_corr95,GPR,log,protocol_holdout,exploration,1,60,10.071185221247363
Formation,set5_features_metadata_corr95,GPR,log,protocol_holdout,exploration,1,72,10.057557918003605
Formation,set5_features_metadata_corr95,GPR,log,protocol_holdout,exploration,1,84,10.11977757519652
Formation,set5_features_metadata_corr95,GPR,log,protocol_holdout,exploration,1,96,10.277856513025933
Formation,set5_features_metadata_corr95,GPR,log,protocol_holdout,exploration,1,108,10.068552776121678
Formation,set5_features_metadata_corr95,GPR,log,protocol_holdout,exploration,1,120,10.614965948845468
Formation,set5_features_metadata_corr95,GPR,log,protocol_holdout,exploration,1,132,10.447420758681345
Formation,set5_features_metadata_corr95,GPR,log,protocol_holdout,exploration,1,144,10.06366917860898
Formation,set5_features_metadata_corr95,GPR,log,protocol_holdout,exploration,1,146,10.078142057827543
Formation,set5_features_metadata_corr95,GPR,log,protocol_holdout,exploration,2,12,34.36949822736782
Formation,set5_features_metadata_corr95,GPR,log,protocol_holdout,exploration,2,24,14.7062686938527
Formation,set5_features_metadata_corr95,GPR,log,protocol_holdout,exploration,2,36,13.154279800324412
Formation,set5_features_metadata_corr95,GPR,log,protocol_holdout,exploration,2,48,12.647165619429298
Formation,set5_features_metadata_corr95,GPR,log,protocol_holdout,exploration,2,60,13.42551195384926
Formation,set5_features_metadata_corr95,GPR,log,protocol_holdout,exploration,2,72,13.16630614183248
Formation,set5_features_metadata_corr95,GPR,log,protocol_holdout,exploration,2,84,13.776510690188246
Formation,set5_features_metadata_corr95,GPR,log,protocol_holdout,exploration,2,96,13.76079720642618
Formation,set5_features_metadata_corr95,GPR,log,protocol_holdout,exploration,2,108,13.89691341803802
Formation,set5_features_metadata_corr95,GPR,log,protocol_holdout,exploration,2,120,13.61248235558418
Formation,set5_features_metadata_corr95,GPR,log,protocol_holdout,exploration,2,132,13.300437801008178
Formation,set5_features_metadata_corr95,GPR,log,protocol_holdout,exploration,2,144,13.432947807588697
Formation,set5_features_metadata_corr95,GPR,log,protocol_holdout,exploration,2,146,13.31182210481521
Formation,set5_features_metadata_corr95,GPR,log,protocol_holdout,exploration,3,12,15.218164085463115
Formation,set5_features_metadata_corr95,GPR,log,protocol_holdout,exploration,3,24,12.711665585177007
Formation,set5_features_metadata_corr95,GPR,log,protocol_holdout,exploration,3,36,12.11552310785868
Formation,set5_features_metadata_corr95,GPR,log,protocol_holdout,exploration,3,48,10.42032594258325
Formation,set5_features_metadata_corr95,GPR,log,protocol_holdout,exploration,3,60,11.280296676087618
Formation,set5_features_metadata_corr95,GPR,log,protocol_holdout,exploration,3,72,10.619697407639189
Formation,set5_features_metadata_corr95,GPR,log,protocol_holdout,exploration,3,84,10.762749581882844
Formation,set5_features_metadata_corr95,GPR,log,protocol_holdout,exploration,3,96,10.207482681327091
Formation,set5_features_metadata_corr95,GPR,log,protocol_holdout,exploration,3,108,10.193293674128364
Formation,set5_features_metadata_corr95,GPR,log,protocol_holdout,exploration,3,120,10.32867913381526
Formation,set5_features_metadata_corr95,GPR,log,protocol_holdout,exploration,3,132,10.779694775007954
Formation,set5_features_metadata_corr95,GPR,log,protocol_holdout,exploration,3,144,10.854762622470629
Formation,set5_features_metadata_corr95,GPR,log,protocol_holdout,exploration,3,146,10.640612158462607
Formation,set5_features_metadata_corr95,GPR,log,protocol_holdout,exploration,4,12,24.218886514913063
Formation,set5_features_metadata_corr95,GPR,log,protocol_holdout,exploration,4,24,13.175961888715896
Formation,set5_features_metadata_corr95,GPR,log,protocol_holdout,exploration,4,36,12.41107223556036
Formation,set5_features_metadata_corr95,GPR,log,protocol_holdout,exploration,4,48,11.56602589321094
Formation,set5_features_metadata_corr95,GPR,log,protocol_holdout,exploration,4,60,12.828185319920909
Formation,set5_features_metadata_corr95,GPR,log,protocol_holdout,exploration,4,72,11.95135693660239
Formation,set5_features_metadata_corr95,GPR,log,protocol_holdout,exploration,4,84,13.043323840369014
Formation,set5_features_metadata_corr95,GPR,log,protocol_holdout,exploration,4,96,12.14263465640435
Formation,set5_features_metadata_corr95,GPR,log,protocol_holdout,exploration,4,108,12.224621753064092
Formation,set5_features_metadata_corr95,GPR,log,protocol_holdout,exploration,4,120,12.113303960730558
Formation,set5_features_metadata_corr95,GPR,log,protocol_holdout,exploration,4,132,11.314745044973588
Formation,set5_features_metadata_corr95,GPR,log,protocol_holdout,exploration,4,144,11.350740474284123
Formation,set5_features_metadata_corr95,GPR,log,protocol_holdout,exploration,4,146,11.176121582786418
Formation,set5_features_metadata_corr95,GPR,log,protocol_holdout,exploration,5,12,12.020152858485918
Formation,set5_features_metadata_corr95,GPR,log,protocol_holdout,exploration,5,24,11.778736944686138
Formation,set5_features_metadata_corr95,GPR,log,protocol_holdout,exploration,5,36,14.801127849978062
Formation,set5_features_metadata_corr95,GPR,log,protocol_holdout,exploration,5,48,17.955231775781645
Formation,set5_features_metadata_corr95,GPR,log,protocol_holdout,exploration,5,60,15.054136359203335
Formation,set5_features_metadata_corr95,GPR,log,protocol_holdout,exploration,5,72,14.918025572985702
Formation,set5_features_metadata_corr95,GPR,log,protocol_holdout,exploration,5,84,13.979784327285657
Formation,set5_features_metadata_corr95,GPR,log,protocol_holdout,exploration,5,96,14.095491191752425
Formation,set5_features_metadata_corr95,GPR,log,protocol_holdout,exploration,5,108,14.047772733005583
Formation,set5_features_metadata_corr95,GPR,log,protocol_holdout,exploration,5,120,14.326440056891846
Formation,set5_features_metadata_corr95,GPR,log,protocol_holdout,exploration,5,132,14.103671177741678
Formation,set5_features_metadata_corr95,GPR,log,protocol_holdout,exploration,5,144,13.387185250803906
Formation,set5_features_metadata_corr95,GPR,log,protocol_holdout,exploration,5,146,13.280206266735776
Formation,set5_features_metadata_corr95,GPR,log,protocol_holdout,exploration,6,12,12.809791732661608
Formation,set5_features_metadata_corr95,GPR,log,protocol_holdout,exploration,6,24,11.518490234411797
Formation,set5_features_metadata_corr95,GPR,log,protocol_holdout,exploration,6,36,11.741369903206962
Formation,set5_features_metadata_corr95,GPR,log,protocol_holdout,exploration,6,48,10.26156545605579
Formation,set5_features_metadata_corr95,GPR,log,protocol_holdout,exploration,6,60,10.507549220297715
Formation,set5_features_metadata_corr95,GPR,log,protocol_holdout,exploration,6,72,11.155142637259882
Formation,set5_features_metadata_corr95,GPR,log,protocol_holdout,exploration,6,84,11.678263573446
Formation,set5_features_metadata_corr95,GPR,log,protocol_holdout,exploration,6,96,10.230725837185012
Formation,set5_features_metadata_corr95,GPR,log,protocol_holdout,exploration,6,108,10.16127614035783
Formation,set5_features_metadata_corr95,GPR,log,protocol_holdout,exploration,6,120,9.740066883283252
Formation,set5_features_metadata_corr95,GPR,log,protocol_holdout,exploration,6,132,9.03434879483196
Formation,set5_features_metadata_corr95,GPR,log,protocol_holdout,exploration,6,144,9.11719321804236
Formation,set5_features_metadata_corr95,GPR,log,protocol_holdout,exploration,6,146,8.747050863719027
Formation,set5_features_metadata_corr95,GPR,log,protocol_holdout,exploration,7,12,21.247861896668187
Formation,set5_features_metadata_corr95,GPR,log,protocol_holdout,exploration,7,24,20.60928986701484
Formation,set5_features_metadata_corr95,GPR,log,protocol_holdout,exploration,7,36,16.364497548076695
Formation,set5_features_metadata_corr95,GPR,log,protocol_holdout,exploration,7,48,15.965610841292438
Formation,set5_features_metadata_corr95,GPR,log,protocol_holdout,exploration,7,60,16.887373563307374
Formation,set5_features_metadata_corr95,GPR,log,protocol_holdout,exploration,7,72,16.766725419678902
Formation,set5_features_metadata_corr95,GPR,log,protocol_holdout,exploration,7,84,14.991604017209994
Formation,set5_features_metadata_corr95,GPR,log,protocol_holdout,exploration,7,96,13.402555809431792
Formation,set5_features_metadata_corr95,GPR,log,protocol_holdout,exploration,7,108,11.345667301540418
Formation,set5_features_metadata_corr95,GPR,log,protocol_holdout,exploration,7,120,11.752823275204578
Formation,set5_features_metadata_corr95,GPR,log,protocol_holdout,exploration,7,132,11.086005980666142
Formation,set5_features_metadata_corr95,GPR,log,protocol_holdout,exploration,7,144,11.253597068784094
Formation,set5_features_metadata_corr95,GPR,log,protocol_holdout,exploration,7,146,11.158024926257283
Formation,set5_features_metadata_corr95,GPR,log,protocol_holdout,exploration,8,12,14.986149785913089
Formation,set5_features_metadata_corr95,GPR,log,protocol_holdout,exploration,8,24,11.59217629329413
Formation,set5_features_metadata_corr95,GPR,log,protocol_holdout,exploration,8,36,11.307154163205176
Formation,set5_features_metadata_corr95,GPR,log,protocol_holdout,exploration,8,48,11.933958657353855
Formation,set5_features_metadata_corr95,GPR,log,protocol_holdout,exploration,8,60,11.153395259924812
Formation,set5_features_metadata_corr95,GPR,log,protocol_holdout,exploration,8,72,10.731091072514806
Formation,set5_features_metadata_corr95,GPR,log,protocol_holdout,exploration,8,84,9.123979009441893
Formation,set5_features_metadata_corr95,GPR,log,protocol_holdout,exploration,8,96,8.547413406806161
Formation,set5_features_metadata_corr95,GPR,log,protocol_holdout,exploration,8,108,8.690129074109626
Formation,set5_features_metadata_corr95,GPR,log,protocol_holdout,exploration,8,120,9.215045932551254
Formation,set5_features_metadata_corr95,GPR,log,protocol_holdout,exploration,8,132,9.136036098129525
Formation,set5_features_metadata_corr95,GPR,log,protocol_holdout,exploration,8,144,9.77147499754174
Formation,set5_features_metadata_corr95,GPR,log,protocol_holdout,exploration,8,146,9.928124567767588
Formation,set5_features_metadata_corr95,GPR,log,protocol_holdout,exploration,9,12,11.880075755507487
Formation,set5_features_metadata_corr95,GPR,log,protocol_holdout,exploration,9,24,10.9669391576772
Formation,set5_features_metadata_corr95,GPR,log,protocol_holdout,exploration,9,36,11.6290521359678
Formation,set5_features_metadata_corr95,GPR,log,protocol_holdout,exploration,9,48,10.752877850504866
Formation,set5_features_metadata_corr95,GPR,log,protocol_holdout,exploration,9,60,9.640262406400453
Formation,set5_features_metadata_corr95,GPR,log,protocol_holdout,exploration,9,72,7.850402428690466
Formation,set5_features_metadata_corr95,GPR,log,protocol_holdout,exploration,9,84,7.839678105395411
Formation,set5_features_metadata_corr95,GPR,log,protocol_holdout,exploration,9,96,7.217678251543244
Formation,set5_features_metadata_corr95,GPR,log,protocol_holdout,exploration,9,108,7.593655239530161
Formation,set5_features_metadata_corr95,GPR,log,protocol_holdout,exploration,9,120,7.093144496541644
Formation,set5_features_metadata_corr95,GPR,log,protocol_holdout,exploration,9,132,7.694998761652346
Formation,set5_features_metadata_corr95,GPR,log,protocol_holdout,exploration,9,144,7.87918417157005
Formation,set5_features_metadata_corr95,GPR,log,protocol_holdout,exploration,9,146,7.986010972005222
Formation,set5_features_metadata_corr95,GPR,log,protocol_holdout,exploration,10,12,16.863074293126086
Formation,set5_features_metadata_corr95,GPR,log,protocol_holdout,exploration,10,24,10.712023559278451
Formation,set5_features_metadata_corr95,GPR,log,protocol_holdout,exploration,10,36,13.424192709133534
Formation,set5_features_metadata_corr95,GPR,log,protocol_holdout,exploration,10,48,14.183035641219968
Formation,set5_features_metadata_corr95,GPR,log,protocol_holdout,exploration,10,60,13.428886409777272
Formation,set5_features_metadata_corr95,GPR,log,protocol_holdout,exploration,10,72,12.128349190493498
Formation,set5_features_metadata_corr95,GPR,log,protocol_holdout,exploration,10,84,11.730087062352828
Formation,set5_features_metadata_corr95,GPR,log,protocol_holdout,exploration,10,96,10.679433824141295
Formation,set5_features_metadata_corr95,GPR,log,protocol_holdout,exploration,10,108,11.2822930275747
Formation,set5_features_metadata_corr95,GPR,log,protocol_holdout,exploration,10,120,10.833669485803512
Formation,set5_features_metadata_corr95,GPR,log,protocol_holdout,exploration,10,132,10.127708730681526
Formation,set5_features_metadata_corr95,GPR,log,protocol_holdout,exploration,10,144,10.21885189008078
Formation,set5_features_metadata_corr95,GPR,log,protocol_holdout,exploration,10,146,10.189989213559574
Formation,set5_features_metadata_corr95,GPR,log,protocol_holdout,exploitation,1,12,13.935601609422257
Formation,set5_features_metadata_corr95,GPR,log,protocol_holdout,exploitation,1,24,13.111812739301278
Formation,set5_features_metadata_corr95,GPR,log,protocol_holdout,exploitation,1,36,13.241968502876263
Formation,set5_features_metadata_corr95,GPR,log,protocol_holdout,exploitation,1,48,9.797339783441808
Formation,set5_features_metadata_corr95,GPR,log,protocol_holdout,exploitation,1,60,9.989101235701996
Formation,set5_features_metadata_corr95,GPR,log,protocol_holdout,exploitation,1,72,10.715897724051784
Formation,set5_features_metadata_corr95,GPR,log,protocol_holdout,exploitation,1,84,10.219330678182612
Formation,set5_features_metadata_corr95,GPR,log,protocol_holdout,exploitation,1,96,10.310227316053847
Formation,set5_features_metadata_corr95,GPR,log,protocol_holdout,exploitation,1,108,10.09180671887317
Formation,set5_features_metadata_corr95,GPR,log,protocol_holdout,exploitation,1,120,10.2397879631971
Formation,set5_features_metadata_corr95,GPR,log,protocol_holdout,exploitation,1,132,10.09321408922796
Formation,set5_features_metadata_corr95,GPR,log,protocol_holdout,exploitation,1,144,10.084017205524209
Formation,set5_features_metadata_corr95,GPR,log,protocol_holdout,exploitation,1,146,10.078142057827543
Formation,set5_features_metadata_corr95,GPR,log,protocol_holdout,exploitation,2,12,34.36949822736782
Formation,set5_features_metadata_corr95,GPR,log,protocol_holdout,exploitation,2,24,14.7062686938527
Formation,set5_features_metadata_corr95,GPR,log,protocol_holdout,exploitation,2,36,13.711869019829589
Formation,set5_features_metadata_corr95,GPR,log,protocol_holdout,exploitation,2,48,15.711616510715656
Formation,set5_features_metadata_corr95,GPR,log,protocol_holdout,exploitation,2,60,14.711813398615142
Formation,set5_features_metadata_corr95,GPR,log,protocol_holdout,exploitation,2,72,13.590878879457565
Formation,set5_features_metadata_corr95,GPR,log,protocol_holdout,exploitation,2,84,13.779601456924958
Formation,set5_features_metadata_corr95,GPR,log,protocol_holdout,exploitation,2,96,12.52341019518927
Formation,set5_features_metadata_corr95,GPR,log,protocol_holdout,exploitation,2,108,12.526050090702045
Formation,set5_features_metadata_corr95,GPR,log,protocol_holdout,exploitation,2,120,12.370251246616691
Formation,set5_features_metadata_corr95,GPR,log,protocol_holdout,exploitation,2,132,13.901172548070454
Formation,set5_features_metadata_corr95,GPR,log,protocol_holdout,exploitation,2,144,13.6868869066258
Formation,set5_features_metadata_corr95,GPR,log,protocol_holdout,exploitation,2,146,13.31182210481521
Formation,set5_features_metadata_corr95,GPR,log,protocol_holdout,exploitation,3,12,15.218164085463115
Formation,set5_features_metadata_corr95,GPR,log,protocol_holdout,exploitation,3,24,11.69120828937577
Formation,set5_features_metadata_corr95,GPR,log,protocol_holdout,exploitation,3,36,11.247089855942022
Formation,set5_features_metadata_corr95,GPR,log,protocol_holdout,exploitation,3,48,9.39189304174711
Formation,set5_features_metadata_corr95,GPR,log,protocol_holdout,exploitation,3,60,10.399716842494698
Formation,set5_features_metadata_corr95,GPR,log,protocol_holdout,exploitation,3,72,9.883700383257754
Formation,set5_features_metadata_corr95,GPR,log,protocol_holdout,exploitation,3,84,9.346909075395889
Formation,set5_features_metadata_corr95,GPR,log,protocol_holdout,exploitation,3,96,9.40306301541758
Formation,set5_features_metadata_corr95,GPR,log,protocol_holdout,exploitation,3,108,9.098403619386298
Formation,set5_features_metadata_corr95,GPR,log,protocol_holdout,exploitation,3,120,10.122072081738551
Formation,set5_features_metadata_corr95,GPR,log,protocol_holdout,exploitation,3,132,10.745915969279984
Formation,set5_features_metadata_corr95,GPR,log,protocol_holdout,exploitation,3,144,10.90236469947527
Formation,set5_features_metadata_corr95,GPR,log,protocol_holdout,exploitation,3,146,10.640612158462607
Formation,set5_features_metadata_corr95,GPR,log,protocol_holdout,exploitation,4,12,24.218886514913063
Formation,set5_features_metadata_corr95,GPR,log,protocol_holdout,exploitation,4,24,13.953329515060686
Formation,set5_features_metadata_corr95,GPR,log,protocol_holdout,exploitation,4,36,11.792177591090352
Formation,set5_features_metadata_corr95,GPR,log,protocol_holdout,exploitation,4,48,10.650260132147212
Formation,set5_features_metadata_corr95,GPR,log,protocol_holdout,exploitation,4,60,10.9409196982019
Formation,set5_features_metadata_corr95,GPR,log,protocol_holdout,exploitation,4,72,10.10204949538512
Formation,set5_features_metadata_corr95,GPR,log,protocol_holdout,exploitation,4,84,10.6836732472936
Formation,set5_features_metadata_corr95,GPR,log,protocol_holdout,exploitation,4,96,10.621551339825468
Formation,set5_features_metadata_corr95,GPR,log,protocol_holdout,exploitation,4,108,10.011931392508226
Formation,set5_features_metadata_corr95,GPR,log,protocol_holdout,exploitation,4,120,10.144717818657842
Formation,set5_features_metadata_corr95,GPR,log,protocol_holdout,exploitation,4,132,10.437440189434042
Formation,set5_features_metadata_corr95,GPR,log,protocol_holdout,exploitation,4,144,11.076187145367804
Formation,set5_features_metadata_corr95,GPR,log,protocol_holdout,exploitation,4,146,11.176121582786418
Formation,set5_features_metadata_corr95,GPR,log,protocol_holdout,exploitation,5,12,12.020152858485918
Formation,set5_features_metadata_corr95,GPR,log,protocol_holdout,exploitation,5,24,11.601158907456917
Formation,set5_features_metadata_corr95,GPR,log,protocol_holdout,exploitation,5,36,11.679518218971277
Formation,set5_features_metadata_corr95,GPR,log,protocol_holdout,exploitation,5,48,13.118448976219724
Formation,set5_features_metadata_corr95,GPR,log,protocol_holdout,exploitation,5,60,13.781386235001246
Formation,set5_features_metadata_corr95,GPR,log,protocol_holdout,exploitation,5,72,13.861732927302953
Formation,set5_features_metadata_corr95,GPR,log,protocol_holdout,exploitation,5,84,13.450972517329811
Formation,set5_features_metadata_corr95,GPR,log,protocol_holdout,exploitation,5,96,12.376638882102723
Formation,set5_features_metadata_corr95,GPR,log,protocol_holdout,exploitation,5,108,12.46604627377494
Formation,set5_features_metadata_corr95,GPR,log,protocol_holdout,exploitation,5,120,13.45017556138475
Formation,set5_features_metadata_corr95,GPR,log,protocol_holdout,exploitation,5,132,13.574316361734054
Formation,set5_features_metadata_corr95,GPR,log,protocol_holdout,exploitation,5,144,12.99210753124258
Formation,set5_features_metadata_corr95,GPR,log,protocol_holdout,exploitation,5,146,13.280206266735776
Formation,set5_features_metadata_corr95,GPR,log,protocol_holdout,exploitation,6,12,12.809791732661608
Formation,set5_features_metadata_corr95,GPR,log,protocol_holdout,exploitation,6,24,13.52169775587936
Formation,set5_features_metadata_corr95,GPR,log,protocol_holdout,exploitation,6,36,12.439605669503038
Formation,set5_features_metadata_corr95,GPR,log,protocol_holdout,exploitation,6,48,10.920837208522371
Formation,set5_features_metadata_corr95,GPR,log,protocol_holdout,exploitation,6,60,10.82869896536017
Formation,set5_features_metadata_corr95,GPR,log,protocol_holdout,exploitation,6,72,10.61785355548643
Formation,set5_features_metadata_corr95,GPR,log,protocol_holdout,exploitation,6,84,10.702449967173614
Formation,set5_features_metadata_corr95,GPR,log,protocol_holdout,exploitation,6,96,10.142902134739924
Formation,set5_features_metadata_corr95,GPR,log,protocol_holdout,exploitation,6,108,10.212838109451122
Formation,set5_features_metadata_corr95,GPR,log,protocol_holdout,exploitation,6,120,8.728134223147121
Formation,set5_features_metadata_corr95,GPR,log,protocol_holdout,exploitation,6,132,9.089277510654538
Formation,set5_features_metadata_corr95,GPR,log,protocol_holdout,exploitation,6,144,8.724885321440723
Formation,set5_features_metadata_corr95,GPR,log,protocol_holdout,exploitation,6,146,8.747050863719027
Formation,set5_features_metadata_corr95,GPR,log,protocol_holdout,exploitation,7,12,21.247861896668187
Formation,set5_features_metadata_corr95,GPR,log,protocol_holdout,exploitation,7,24,21.405084717697896
Formation,set5_features_metadata_corr95,GPR,log,protocol_holdout,exploitation,7,36,18.985703477940223
Formation,set5_features_metadata_corr95,GPR,log,protocol_holdout,exploitation,7,48,15.659350568906149
Formation,set5_features_metadata_corr95,GPR,log,protocol_holdout,exploitation,7,60,15.52193411035445
Formation,set5_features_metadata_corr95,GPR,log,protocol_holdout,exploitation,7,72,14.232822010503863
Formation,set5_features_metadata_corr95,GPR,log,protocol_holdout,exploitation,7,84,12.811900616921909
Formation,set5_features_metadata_corr95,GPR,log,protocol_holdout,exploitation,7,96,12.65592672895019
Formation,set5_features_metadata_corr95,GPR,log,protocol_holdout,exploitation,7,108,11.729905054187595
Formation,set5_features_metadata_corr95,GPR,log,protocol_holdout,exploitation,7,120,11.664837227062922
Formation,set5_features_metadata_corr95,GPR,log,protocol_holdout,exploitation,7,132,11.419956121676163
Formation,set5_features_metadata_corr95,GPR,log,protocol_holdout,exploitation,7,144,10.996208679728428
Formation,set5_features_metadata_corr95,GPR,log,protocol_holdout,exploitation,7,146,11.158024926257283
Formation,set5_features_metadata_corr95,GPR,log,protocol_holdout,exploitation,8,12,14.986149785913089
Formation,set5_features_metadata_corr95,GPR,log,protocol_holdout,exploitation,8,24,16.893226682235472
Formation,set5_features_metadata_corr95,GPR,log,protocol_holdout,exploitation,8,36,15.696804671809256
Formation,set5_features_metadata_corr95,GPR,log,protocol_holdout,exploitation,8,48,15.43970475920459
Formation,set5_features_metadata_corr95,GPR,log,protocol_holdout,exploitation,8,60,12.858136019329994
Formation,set5_features_metadata_corr95,GPR,log,protocol_holdout,exploitation,8,72,9.695174164401417
Formation,set5_features_metadata_corr95,GPR,log,protocol_holdout,exploitation,8,84,10.056010974608547
Formation,set5_features_metadata_corr95,GPR,log,protocol_holdout,exploitation,8,96,10.231979383651954
Formation,set5_features_metadata_corr95,GPR,log,protocol_holdout,exploitation,8,108,9.999093376843158
Formation,set5_features_metadata_corr95,GPR,log,protocol_holdout,exploitation,8,120,9.968702414301733
Formation,set5_features_metadata_corr95,GPR,log,protocol_holdout,exploitation,8,132,10.0488891814064
Formation,set5_features_metadata_corr95,GPR,log,protocol_holdout,exploitation,8,144,10.010850847631254
Formation,set5_features_metadata_corr95,GPR,log,protocol_holdout,exploitation,8,146,9.928124567767588
Formation,set5_features_metadata_corr95,GPR,log,protocol_holdout,exploitation,9,12,11.880075755507487
Formation,set5_features_metadata_corr95,GPR,log,protocol_holdout,exploitation,9,24,11.627951702854611
Formation,set5_features_metadata_corr95,GPR,log,protocol_holdout,exploitation,9,36,12.791206947159267
Formation,set5_features_metadata_corr95,GPR,log,protocol_holdout,exploitation,9,48,9.363923693710367
Formation,set5_features_metadata_corr95,GPR,log,protocol_holdout,exploitation,9,60,9.301160417242418
Formation,set5_features_metadata_corr95,GPR,log,protocol_holdout,exploitation,9,72,9.505550415191156
Formation,set5_features_metadata_corr95,GPR,log,protocol_holdout,exploitation,9,84,9.388291000321452
Formation,set5_features_metadata_corr95,GPR,log,protocol_holdout,exploitation,9,96,9.595333870366323
Formation,set5_features_metadata_corr95,GPR,log,protocol_holdout,exploitation,9,108,8.455478915609728
Formation,set5_features_metadata_corr95,GPR,log,protocol_holdout,exploitation,9,120,8.750015385981428
Formation,set5_features_metadata_corr95,GPR,log,protocol_holdout,exploitation,9,132,7.920855472112466
Formation,set5_features_metadata_corr95,GPR,log,protocol_holdout,exploitation,9,144,7.9021627478273055
Formation,set5_features_metadata_corr95,GPR,log,protocol_holdout,exploitation,9,146,7.986010972005222
Formation,set5_features_metadata_corr95,GPR,log,protocol_holdout,exploitation,10,12,16.863074293126086
Formation,set5_features_metadata_corr95,GPR,log,protocol_holdout,exploitation,10,24,11.55774614020286
Formation,set5_features_metadata_corr95,GPR,log,protocol_holdout,exploitation,10,36,11.572101006962814
Formation,set5_features_metadata_corr95,GPR,log,protocol_holdout,exploitation,10,48,9.955489135410277
Formation,set5_features_metadata_corr95,GPR,log,protocol_holdout,exploitation,10,60,12.431909520267196
Formation,set5_features_metadata_corr95,GPR,log,protocol_holdout,exploitation,10,72,11.56503426948057
Formation,set5_features_metadata_corr95,GPR,log,protocol_holdout,exploitation,10,84,10.234809899996248
Formation,set5_features_metadata_corr95,GPR,log,protocol_holdout,exploitation,10,96,11.400119708998457
Formation,set5_features_metadata_corr95,GPR,log,protocol_holdout,exploitation,10,108,10.71286643917351
Formation,set5_features_metadata_corr95,GPR,log,protocol_holdout,exploitation,10,120,10.897586115012468
Formation,set5_features_metadata_corr95,GPR,log,protocol_holdout,exploitation,10,132,10.39676663150098
Formation,set5_features_metadata_corr95,GPR,log,protocol_holdout,exploitation,10,144,10.457264304327914
Formation,set5_features_metadata_corr95,GPR,log,protocol_holdout,exploitation,10,146,10.189989213559574
Formation,set5_features_metadata_corr95,GPR,log,protocol_holdout,hybrid,1,12,13.935601609422257
Formation,set5_features_metadata_corr95,GPR,log,protocol_holdout,hybrid,1,24,11.877130662300106
Formation,set5_features_metadata_corr95,GPR,log,protocol_holdout,hybrid,1,36,9.769051286681565
Formation,set5_features_metadata_corr95,GPR,log,protocol_holdout,hybrid,1,48,10.068742296440169
Formation,set5_features_metadata_corr95,GPR,log,protocol_holdout,hybrid,1,60,9.880922134787555
Formation,set5_features_metadata_corr95,GPR,log,protocol_holdout,hybrid,1,72,9.903010296621831
Formation,set5_features_metadata_corr95,GPR,log,protocol_holdout,hybrid,1,84,9.916819848902149
Formation,set5_features_metadata_corr95,GPR,log,protocol_holdout,hybrid,1,96,9.954040982594485
Formation,set5_features_metadata_corr95,GPR,log,protocol_holdout,hybrid,1,108,10.24010895430967
Formation,set5_features_metadata_corr95,GPR,log,protocol_holdout,hybrid,1,120,10.451340819579604
Formation,set5_features_metadata_corr95,GPR,log,protocol_holdout,hybrid,1,132,10.329966209917876
Formation,set5_features_metadata_corr95,GPR,log,protocol_holdout,hybrid,1,144,10.029118194473993
Formation,set5_features_metadata_corr95,GPR,log,protocol_holdout,hybrid,1,146,10.078142057827543
Formation,set5_features_metadata_corr95,GPR,log,protocol_holdout,hybrid,2,12,34.36949822736782
Formation,set5_features_metadata_corr95,GPR,log,protocol_holdout,hybrid,2,24,30.31230164282126
Formation,set5_features_metadata_corr95,GPR,log,protocol_holdout,hybrid,2,36,15.971336507234396
Formation,set5_features_metadata_corr95,GPR,log,protocol_holdout,hybrid,2,48,15.682103639611226
Formation,set5_features_metadata_corr95,GPR,log,protocol_holdout,hybrid,2,60,16.410243253504316
Formation,set5_features_metadata_corr95,GPR,log,protocol_holdout,hybrid,2,72,15.296143477956974
Formation,set5_features_metadata_corr95,GPR,log,protocol_holdout,hybrid,2,84,14.0248945689576
Formation,set5_features_metadata_corr95,GPR,log,protocol_holdout,hybrid,2,96,14.105088073920886
Formation,set5_features_metadata_corr95,GPR,log,protocol_holdout,hybrid,2,108,13.843287789436005
Formation,set5_features_metadata_corr95,GPR,log,protocol_holdout,hybrid,2,120,13.40189740068148
Formation,set5_features_metadata_corr95,GPR,log,protocol_holdout,hybrid,2,132,13.802594243189317
Formation,set5_features_metadata_corr95,GPR,log,protocol_holdout,hybrid,2,144,13.336137783140996
Formation,set5_features_metadata_corr95,GPR,log,protocol_holdout,hybrid,2,146,13.31182210481521
Formation,set5_features_metadata_corr95,GPR,log,protocol_holdout,hybrid,3,12,15.218164085463115
Formation,set5_features_metadata_corr95,GPR,log,protocol_holdout,hybrid,3,24,11.898765687329943
Formation,set5_features_metadata_corr95,GPR,log,protocol_holdout,hybrid,3,36,11.29748169450166
Formation,set5_features_metadata_corr95,GPR,log,protocol_holdout,hybrid,3,48,10.791177530604571
Formation,set5_features_metadata_corr95,GPR,log,protocol_holdout,hybrid,3,60,10.703992203429856
Formation,set5_features_metadata_corr95,GPR,log,protocol_holdout,hybrid,3,72,10.214090736344556
Formation,set5_features_metadata_corr95,GPR,log,protocol_holdout,hybrid,3,84,10.331390476934176
Formation,set5_features_metadata_corr95,GPR,log,protocol_holdout,hybrid,3,96,10.49182783943779
Formation,set5_features_metadata_corr95,GPR,log,protocol_holdout,hybrid,3,108,10.418444973938216
Formation,set5_features_metadata_corr95,GPR,log,protocol_holdout,hybrid,3,120,10.551676746612475
Formation,set5_features_metadata_corr95,GPR,log,protocol_holdout,hybrid,3,132,11.168471478843204
Formation,set5_features_metadata_corr95,GPR,log,protocol_holdout,hybrid,3,144,10.590730619758071
Formation,set5_features_metadata_corr95,GPR,log,protocol_holdout,hybrid,3,146,10.640612158462607
Formation,set5_features_metadata_corr95,GPR,log,protocol_holdout,hybrid,4,12,24.218886514913063
Formation,set5_features_metadata_corr95,GPR,log,protocol_holdout,hybrid,4,24,16.619476282927423
Formation,set5_features_metadata_corr95,GPR,log,protocol_holdout,hybrid,4,36,23.46817009611948
Formation,set5_features_metadata_corr95,GPR,log,protocol_holdout,hybrid,4,48,12.406520358782812
Formation,set5_features_metadata_corr95,GPR,log,protocol_holdout,hybrid,4,60,12.05120700373115
Formation,set5_features_metadata_corr95,GPR,log,protocol_holdout,hybrid,4,72,12.330712115329332
Formation,set5_features_metadata_corr95,GPR,log,protocol_holdout,hybrid,4,84,13.135463820382814
Formation,set5_features_metadata_corr95,GPR,log,protocol_holdout,hybrid,4,96,12.02996537611849
Formation,set5_features_metadata_corr95,GPR,log,protocol_holdout,hybrid,4,108,11.583046638334071
Formation,set5_features_metadata_corr95,GPR,log,protocol_holdout,hybrid,4,120,11.488238201311246
Formation,set5_features_metadata_corr95,GPR,log,protocol_holdout,hybrid,4,132,11.413947023133767
Formation,set5_features_metadata_corr95,GPR,log,protocol_holdout,hybrid,4,144,11.180404169851688
Formation,set5_features_metadata_corr95,GPR,log,protocol_holdout,hybrid,4,146,11.176121582786418
Formation,set5_features_metadata_corr95,GPR,log,protocol_holdout,hybrid,5,12,12.020152858485918
Formation,set5_features_metadata_corr95,GPR,log,protocol_holdout,hybrid,5,24,14.30457584647308
Formation,set5_features_metadata_corr95,GPR,log,protocol_holdout,hybrid,5,36,12.896354945973826
Formation,set5_features_metadata_corr95,GPR,log,protocol_holdout,hybrid,5,48,13.94622049217998
Formation,set5_features_metadata_corr95,GPR,log,protocol_holdout,hybrid,5,60,15.199771469241682
Formation,set5_features_metadata_corr95,GPR,log,protocol_holdout,hybrid,5,72,16.483396974871333
Formation,set5_features_metadata_corr95,GPR,log,protocol_holdout,hybrid,5,84,15.281367147846892
Formation,set5_features_metadata_corr95,GPR,log,protocol_holdout,hybrid,5,96,14.510140090250864
Formation,set5_features_metadata_corr95,GPR,log,protocol_holdout,hybrid,5,108,14.228329211279842
Formation,set5_features_metadata_corr95,GPR,log,protocol_holdout,hybrid,5,120,14.99705025527349
Formation,set5_features_metadata_corr95,GPR,log,protocol_holdout,hybrid,5,132,14.424003108549329
Formation,set5_features_metadata_corr95,GPR,log,protocol_holdout,hybrid,5,144,13.305163009588275
Formation,set5_features_metadata_corr95,GPR,log,protocol_holdout,hybrid,5,146,13.280206266735776
Formation,set5_features_metadata_corr95,GPR,log,protocol_holdout,hybrid,6,12,12.809791732661608
Formation,set5_features_metadata_corr95,GPR,log,protocol_holdout,hybrid,6,24,10.699808416287077
Formation,set5_features_metadata_corr95,GPR,log,protocol_holdout,hybrid,6,36,10.204897434218957
Formation,set5_features_metadata_corr95,GPR,log,protocol_holdout,hybrid,6,48,10.38716221579759
Formation,set5_features_metadata_corr95,GPR,log,protocol_holdout,hybrid,6,60,9.820120377259387
Formation,set5_features_metadata_corr95,GPR,log,protocol_holdout,hybrid,6,72,9.704075560483105
Formation,set5_features_metadata_corr95,GPR,log,protocol_holdout,hybrid,6,84,9.922622292193974
Formation,set5_features_metadata_corr95,GPR,log,protocol_holdout,hybrid,6,96,10.173119727568118
Formation,set5_features_metadata_corr95,GPR,log,protocol_holdout,hybrid,6,108,10.492513900819144
Formation,set5_features_metadata_corr95,GPR,log,protocol_holdout,hybrid,6,120,9.612911386083988
Formation,set5_features_metadata_corr95,GPR,log,protocol_holdout,hybrid,6,132,9.552812006672932
Formation,set5_features_metadata_corr95,GPR,log,protocol_holdout,hybrid,6,144,8.98690334210218
Formation,set5_features_metadata_corr95,GPR,log,protocol_holdout,hybrid,6,146,8.747050863719027
Formation,set5_features_metadata_corr95,GPR,log,protocol_holdout,hybrid,7,12,21.247861896668187
Formation,set5_features_metadata_corr95,GPR,log,protocol_holdout,hybrid,7,24,18.781633573330648
Formation,set5_features_metadata_corr95,GPR,log,protocol_holdout,hybrid,7,36,17.018263958562866
Formation,set5_features_metadata_corr95,GPR,log,protocol_holdout,hybrid,7,48,17.1438531572209
Formation,set5_features_metadata_corr95,GPR,log,protocol_holdout,hybrid,7,60,15.20581942785756
Formation,set5_features_metadata_corr95,GPR,log,protocol_holdout,hybrid,7,72,14.901965446348676
Formation,set5_features_metadata_corr95,GPR,log,protocol_holdout,hybrid,7,84,13.935005114888984
Formation,set5_features_metadata_corr95,GPR,log,protocol_holdout,hybrid,7,96,12.923738580309402
Formation,set5_features_metadata_corr95,GPR,log,protocol_holdout,hybrid,7,108,12.218225894846862
Formation,set5_features_metadata_corr95,GPR,log,protocol_holdout,hybrid,7,120,11.498227633181129
Formation,set5_features_metadata_corr95,GPR,log,protocol_holdout,hybrid,7,132,11.14964477037246
Formation,set5_features_metadata_corr95,GPR,log,protocol_holdout,hybrid,7,144,11.094546657103368
Formation,set5_features_metadata_corr95,GPR,log,protocol_holdout,hybrid,7,146,11.158024926257283
Formation,set5_features_metadata_corr95,GPR,log,protocol_holdout,hybrid,8,12,14.986149785913089
Formation,set5_features_metadata_corr95,GPR,log,protocol_holdout,hybrid,8,24,11.796267280482764
Formation,set5_features_metadata_corr95,GPR,log,protocol_holdout,hybrid,8,36,10.97426676390363
Formation,set5_features_metadata_corr95,GPR,log,protocol_holdout,hybrid,8,48,10.340888799520531
Formation,set5_features_metadata_corr95,GPR,log,protocol_holdout,hybrid,8,60,9.914438072516957
Formation,set5_features_metadata_corr95,GPR,log,protocol_holdout,hybrid,8,72,9.476403246161784
Formation,set5_features_metadata_corr95,GPR,log,protocol_holdout,hybrid,8,84,8.884485563475303
Formation,set5_features_metadata_corr95,GPR,log,protocol_holdout,hybrid,8,96,9.1150409625985
Formation,set5_features_metadata_corr95,GPR,log,protocol_holdout,hybrid,8,108,9.012124437614814
Formation,set5_features_metadata_corr95,GPR,log,protocol_holdout,hybrid,8,120,9.190179253241912
Formation,set5_features_metadata_corr95,GPR,log,protocol_holdout,hybrid,8,132,9.141586220422598
Formation,set5_features_metadata_corr95,GPR,log,protocol_holdout,hybrid,8,144,9.869077507516115
Formation,set5_features_metadata_corr95,GPR,log,protocol_holdout,hybrid,8,146,9.928124567767588
Formation,set5_features_metadata_corr95,GPR,log,protocol_holdout,hybrid,9,12,11.880075755507487
Formation,set5_features_metadata_corr95,GPR,log,protocol_holdout,hybrid,9,24,11.780489103510812
Formation,set5_features_metadata_corr95,GPR,log,protocol_holdout,hybrid,9,36,10.95126183457092
Formation,set5_features_metadata_corr95,GPR,log,protocol_holdout,hybrid,9,48,9.850092512820272
Formation,set5_features_metadata_corr95,GPR,log,protocol_holdout,hybrid,9,60,8.850006255589442
Formation,set5_features_metadata_corr95,GPR,log,protocol_holdout,hybrid,9,72,8.111841821785202
Formation,set5_features_metadata_corr95,GPR,log,protocol_holdout,hybrid,9,84,7.231077933161134
Formation,set5_features_metadata_corr95,GPR,log,protocol_holdout,hybrid,9,96,7.295885463614224
Formation,set5_features_metadata_corr95,GPR,log,protocol_holdout,hybrid,9,108,7.196511291198966
Formation,set5_features_metadata_corr95,GPR,log,protocol_holdout,hybrid,9,120,7.282562613126315
Formation,set5_features_metadata_corr95,GPR,log,protocol_holdout,hybrid,9,132,7.523103863520894
Formation,set5_features_metadata_corr95,GPR,log,protocol_holdout,hybrid,9,144,7.876363246559095
Formation,set5_features_metadata_corr95,GPR,log,protocol_holdout,hybrid,9,146,7.986010972005222
Formation,set5_features_metadata_corr95,GPR,log,protocol_holdout,hybrid,10,12,16.863074293126086
Formation,set5_features_metadata_corr95,GPR,log,protocol_holdout,hybrid,10,24,11.263754654763956
Formation,set5_features_metadata_corr95,GPR,log,protocol_holdout,hybrid,10,36,12.62616707969006
Formation,set5_features_metadata_corr95,GPR,log,protocol_holdout,hybrid,10,48,11.199246412543818
Formation,set5_features_metadata_corr95,GPR,log,protocol_holdout,hybrid,10,60,12.137596748063178
Formation,set5_features_metadata_corr95,GPR,log,protocol_holdout,hybrid,10,72,10.60198663684088
Formation,set5_features_metadata_corr95,GPR,log,protocol_holdout,hybrid,10,84,10.893743080170998
Formation,set5_features_metadata_corr95,GPR,log,protocol_holdout,hybrid,10,96,10.773729852752222
Formation,set5_features_metadata_corr95,GPR,log,protocol_holdout,hybrid,10,108,10.603881622911612
Formation,set5_features_metadata_corr95,GPR,log,protocol_holdout,hybrid,10,120,10.72439844710875
Formation,set5_features_metadata_corr95,GPR,log,protocol_holdout,hybrid,10,132,10.61635115731862
Formation,set5_features_metadata_corr95,GPR,log,protocol_holdout,hybrid,10,144,10.26866156341462
Formation,set5_features_metadata_corr95,GPR,log,protocol_holdout,hybrid,10,146,10.189989213559574
TRI_Tesla,set5_features_metadata_corr95,GPR,log,protocol_holdout,random_selection,1,8,23.54710303276485
TRI_Tesla,set5_features_metadata_corr95,GPR,log,protocol_holdout,random_selection,1,16,17.191259149987903
TRI_Tesla,set5_features_metadata_corr95,GPR,log,protocol_holdout,random_selection,1,24,19.796316510503072
TRI_Tesla,set5_features_metadata_corr95,GPR,log,protocol_holdout,random_selection,1,32,19.10304013970386
TRI_Tesla,set5_features_metadata_corr95,GPR,log,protocol_holdout,random_selection,1,40,20.815966477265224
TRI_Tesla,set5_features_metadata_corr95,GPR,log,protocol_holdout,random_selection,1,48,16.835158601732637
TRI_Tesla,set5_features_metadata_corr95,GPR,log,protocol_holdout,random_selection,1,56,17.871521023112223
TRI_Tesla,set5_features_metadata_corr95,GPR,log,protocol_holdout,random_selection,1,64,17.459350508493245
TRI_Tesla,set5_features_metadata_corr95,GPR,log,protocol_holdout,random_selection,1,72,12.261723968759492
TRI_Tesla,set5_features_metadata_corr95,GPR,log,protocol_holdout,random_selection,1,80,13.14335148470872
TRI_Tesla,set5_features_metadata_corr95,GPR,log,protocol_holdout,random_selection,1,88,14.237811171775268
TRI_Tesla,set5_features_metadata_corr95,GPR,log,protocol_holdout,random_selection,1,96,12.970070307842718
TRI_Tesla,set5_features_metadata_corr95,GPR,log,protocol_holdout,random_selection,1,104,12.105683081637292
TRI_Tesla,set5_features_metadata_corr95,GPR,log,protocol_holdout,random_selection,1,107,12.086061810536936
TRI_Tesla,set5_features_metadata_corr95,GPR,log,protocol_holdout,random_selection,2,8,24.6065961807429
TRI_Tesla,set5_features_metadata_corr95,GPR,log,protocol_holdout,random_selection,2,16,16.308559703093582
TRI_Tesla,set5_features_metadata_corr95,GPR,log,protocol_holdout,random_selection,2,24,17.372496799949054
TRI_Tesla,set5_features_metadata_corr95,GPR,log,protocol_holdout,random_selection,2,32,18.79497744969396
TRI_Tesla,set5_features_metadata_corr95,GPR,log,protocol_holdout,random_selection,2,40,17.870597222563163
TRI_Tesla,set5_features_metadata_corr95,GPR,log,protocol_holdout,random_selection,2,48,18.51251204107017
TRI_Tesla,set5_features_metadata_corr95,GPR,log,protocol_holdout,random_selection,2,56,18.24843756680293
TRI_Tesla,set5_features_metadata_corr95,GPR,log,protocol_holdout,random_selection,2,64,18.115879113909028
TRI_Tesla,set5_features_metadata_corr95,GPR,log,protocol_holdout,random_selection,2,72,17.126697063643803
TRI_Tesla,set5_features_metadata_corr95,GPR,log,protocol_holdout,random_selection,2,80,19.37943539882185
TRI_Tesla,set5_features_metadata_corr95,GPR,log,protocol_holdout,random_selection,2,88,15.509362991305323
TRI_Tesla,set5_features_metadata_corr95,GPR,log,protocol_holdout,random_selection,2,96,16.068476977418957
TRI_Tesla,set5_features_metadata_corr95,GPR,log,protocol_holdout,random_selection,2,104,14.58576580298449
TRI_Tesla,set5_features_metadata_corr95,GPR,log,protocol_holdout,random_selection,2,107,13.79773755540954
TRI_Tesla,set5_features_metadata_corr95,GPR,log,protocol_holdout,random_selection,3,8,20.68088359754065
TRI_Tesla,set5_features_metadata_corr95,GPR,log,protocol_holdout,random_selection,3,16,21.842158299322964
TRI_Tesla,set5_features_metadata_corr95,GPR,log,protocol_holdout,random_selection,3,24,20.526650550365908
TRI_Tesla,set5_features_metadata_corr95,GPR,log,protocol_holdout,random_selection,3,32,20.41342738169678
TRI_Tesla,set5_features_metadata_corr95,GPR,log,protocol_holdout,random_selection,3,40,19.56799221470536
TRI_Tesla,set5_features_metadata_corr95,GPR,log,protocol_holdout,random_selection,3,48,19.301798346068168
TRI_Tesla,set5_features_metadata_corr95,GPR,log,protocol_holdout,random_selection,3,56,17.799683780507316
TRI_Tesla,set5_features_metadata_corr95,GPR,log,protocol_holdout,random_selection,3,64,19.85634947141791
TRI_Tesla,set5_features_metadata_corr95,GPR,log,protocol_holdout,random_selection,3,72,19.287701133228783
TRI_Tesla,set5_features_metadata_corr95,GPR,log,protocol_holdout,random_selection,3,80,19.89046070942384
TRI_Tesla,set5_features_metadata_corr95,GPR,log,protocol_holdout,random_selection,3,88,18.22598587401004
TRI_Tesla,set5_features_metadata_corr95,GPR,log,protocol_holdout,random_selection,3,96,17.359842988905896
TRI_Tesla,set5_features_metadata_corr95,GPR,log,protocol_holdout,random_selection,3,104,15.378927862965112
TRI_Tesla,set5_features_metadata_corr95,GPR,log,protocol_holdout,random_selection,3,107,14.884477796849184
TRI_Tesla,set5_features_metadata_corr95,GPR,log,protocol_holdout,random_selection,4,8,64.97592560446229
TRI_Tesla,set5_features_metadata_corr95,GPR,log,protocol_holdout,random_selection,4,16,26.71554684586472
TRI_Tesla,set5_features_metadata_corr95,GPR,log,protocol_holdout,random_selection,4,24,22.370007660847133
TRI_Tesla,set5_features_metadata_corr95,GPR,log,protocol_holdout,random_selection,4,32,17.806331678747085
TRI_Tesla,set5_features_metadata_corr95,GPR,log,protocol_holdout,random_selection,4,40,21.929922178924564
TRI_Tesla,set5_features_metadata_corr95,GPR,log,protocol_holdout,random_selection,4,48,21.60141738127944
TRI_Tesla,set5_features_metadata_corr95,GPR,log,protocol_holdout,random_selection,4,56,23.105780931853904
TRI_Tesla,set5_features_metadata_corr95,GPR,log,protocol_holdout,random_selection,4,64,21.600622373213987
TRI_Tesla,set5_features_metadata_corr95,GPR,log,protocol_holdout,random_selection,4,72,22.473018513911736
TRI_Tesla,set5_features_metadata_corr95,GPR,log,protocol_holdout,random_selection,4,80,25.65068779789126
TRI_Tesla,set5_features_metadata_corr95,GPR,log,protocol_holdout,random_selection,4,88,24.986245272634964
TRI_Tesla,set5_features_metadata_corr95,GPR,log,protocol_holdout,random_selection,4,96,24.17421358730796
TRI_Tesla,set5_features_metadata_corr95,GPR,log,protocol_holdout,random_selection,4,104,23.798655856379405
TRI_Tesla,set5_features_metadata_corr95,GPR,log,protocol_holdout,random_selection,4,107,25.54591756697
TRI_Tesla,set5_features_metadata_corr95,GPR,log,protocol_holdout,random_selection,5,8,84.65435364152684
TRI_Tesla,set5_features_metadata_corr95,GPR,log,protocol_holdout,random_selection,5,16,33.75878364756688
TRI_Tesla,set5_features_metadata_corr95,GPR,log,protocol_holdout,random_selection,5,24,42.368557169657706
TRI_Tesla,set5_features_metadata_corr95,GPR,log,protocol_holdout,random_selection,5,32,32.76425328362626
TRI_Tesla,set5_features_metadata_corr95,GPR,log,protocol_holdout,random_selection,5,40,32.78142952703293
TRI_Tesla,set5_features_metadata_corr95,GPR,log,protocol_holdout,random_selection,5,48,23.4055619359885
TRI_Tesla,set5_features_metadata_corr95,GPR,log,protocol_holdout,random_selection,5,56,23.73901326198702
TRI_Tesla,set5_features_metadata_corr95,GPR,log,protocol_holdout,random_selection,5,64,26.625623200730526
TRI_Tesla,set5_features_metadata_corr95,GPR,log,protocol_holdout,random_selection,5,72,28.45763734173173
TRI_Tesla,set5_features_metadata_corr95,GPR,log,protocol_holdout,random_selection,5,80,23.512991617469503
TRI_Tesla,set5_features_metadata_corr95,GPR,log,protocol_holdout,random_selection,5,88,23.37130957945249
TRI_Tesla,set5_features_metadata_corr95,GPR,log,protocol_holdout,random_selection,5,96,20.474013829245216
TRI_Tesla,set5_features_metadata_corr95,GPR,log,protocol_holdout,random_selection,5,104,23.605466344480973
TRI_Tesla,set5_features_metadata_corr95,GPR,log,protocol_holdout,random_selection,5,107,23.13031692786659
TRI_Tesla,set5_features_metadata_corr95,GPR,log,protocol_holdout,random_selection,6,8,26.77495088378698
TRI_Tesla,set5_features_metadata_corr95,GPR,log,protocol_holdout,random_selection,6,16,24.60923704548089
TRI_Tesla,set5_features_metadata_corr95,GPR,log,protocol_holdout,random_selection,6,24,23.70479830105132
TRI_Tesla,set5_features_metadata_corr95,GPR,log,protocol_holdout,random_selection,6,32,18.179297678279354
TRI_Tesla,set5_features_metadata_corr95,GPR,log,protocol_holdout,random_selection,6,40,18.139628836770928
TRI_Tesla,set5_features_metadata_corr95,GPR,log,protocol_holdout,random_selection,6,48,16.32613921697073
TRI_Tesla,set5_features_metadata_corr95,GPR,log,protocol_holdout,random_selection,6,56,15.438627049306684
TRI_Tesla,set5_features_metadata_corr95,GPR,log,protocol_holdout,random_selection,6,64,15.287098078967492
TRI_Tesla,set5_features_metadata_corr95,GPR,log,protocol_holdout,random_selection,6,72,15.026547893303032
TRI_Tesla,set5_features_metadata_corr95,GPR,log,protocol_holdout,random_selection,6,80,13.521892074099812
TRI_Tesla,set5_features_metadata_corr95,GPR,log,protocol_holdout,random_selection,6,88,13.682438818347867
TRI_Tesla,set5_features_metadata_corr95,GPR,log,protocol_holdout,random_selection,6,96,13.569991628094003
TRI_Tesla,set5_features_metadata_corr95,GPR,log,protocol_holdout,random_selection,6,104,13.363800325011308
TRI_Tesla,set5_features_metadata_corr95,GPR,log,protocol_holdout,random_selection,6,107,13.287951714549475
TRI_Tesla,set5_features_metadata_corr95,GPR,log,protocol_holdout,random_selection,7,8,24.647970367950915
TRI_Tesla,set5_features_metadata_corr95,GPR,log,protocol_holdout,random_selection,7,16,33.43290470444403
TRI_Tesla,set5_features_metadata_corr95,GPR,log,protocol_holdout,random_selection,7,24,23.500860802239576
TRI_Tesla,set5_features_metadata_corr95,GPR,log,protocol_holdout,random_selection,7,32,20.90174324239242
TRI_Tesla,set5_features_metadata_corr95,GPR,log,protocol_holdout,random_selection,7,40,19.799687927416045
TRI_Tesla,set5_features_metadata_corr95,GPR,log,protocol_holdout,random_selection,7,48,20.258550750099168
TRI_Tesla,set5_features_metadata_corr95,GPR,log,protocol_holdout,random_selection,7,56,19.330881808050528
TRI_Tesla,set5_features_metadata_corr95,GPR,log,protocol_holdout,random_selection,7,64,18.29141791546841
TRI_Tesla,set5_features_metadata_corr95,GPR,log,protocol_holdout,random_selection,7,72,17.293958206240895
TRI_Tesla,set5_features_metadata_corr95,GPR,log,protocol_holdout,random_selection,7,80,17.479295235018377
TRI_Tesla,set5_features_metadata_corr95,GPR,log,protocol_holdout,random_selection,7,88,16.72804545253857
TRI_Tesla,set5_features_metadata_corr95,GPR,log,protocol_holdout,random_selection,7,96,16.7569233828711
TRI_Tesla,set5_features_metadata_corr95,GPR,log,protocol_holdout,random_selection,7,104,15.63014986210586
TRI_Tesla,set5_features_metadata_corr95,GPR,log,protocol_holdout,random_selection,7,107,15.002732460823662
TRI_Tesla,set5_features_metadata_corr95,GPR,log,protocol_holdout,random_selection,8,8,47.661684413011535
TRI_Tesla,set5_features_metadata_corr95,GPR,log,protocol_holdout,random_selection,8,16,20.54487805190336
TRI_Tesla,set5_features_metadata_corr95,GPR,log,protocol_holdout,random_selection,8,24,29.15950139937427
TRI_Tesla,set5_features_metadata_corr95,GPR,log,protocol_holdout,random_selection,8,32,29.395409324770284
TRI_Tesla,set5_features_metadata_corr95,GPR,log,protocol_holdout,random_selection,8,40,16.05041293227362
TRI_Tesla,set5_features_metadata_corr95,GPR,log,protocol_holdout,random_selection,8,48,14.641824962525682
TRI_Tesla,set5_features_metadata_corr95,GPR,log,protocol_holdout,random_selection,8,56,15.66570903461954
TRI_Tesla,set5_features_metadata_corr95,GPR,log,protocol_holdout,random_selection,8,64,15.535033355101124
TRI_Tesla,set5_features_metadata_corr95,GPR,log,protocol_holdout,random_selection,8,72,15.693534202279771
TRI_Tesla,set5_features_metadata_corr95,GPR,log,protocol_holdout,random_selection,8,80,15.495258255873596
TRI_Tesla,set5_features_metadata_corr95,GPR,log,protocol_holdout,random_selection,8,88,15.864426741945469
TRI_Tesla,set5_features_metadata_corr95,GPR,log,protocol_holdout,random_selection,8,96,15.717142075192388
TRI_Tesla,set5_features_metadata_corr95,GPR,log,protocol_holdout,random_selection,8,104,15.12225956891908
TRI_Tesla,set5_features_metadata_corr95,GPR,log,protocol_holdout,random_selection,8,107,15.023606587804151
TRI_Tesla,set5_features_metadata_corr95,GPR,log,protocol_holdout,random_selection,9,8,24.700973239048075
TRI_Tesla,set5_features_metadata_corr95,GPR,log,protocol_holdout,random_selection,9,16,34.66916726964224
TRI_Tesla,set5_features_metadata_corr95,GPR,log,protocol_holdout,random_selection,9,24,35.08976623597367
TRI_Tesla,set5_features_metadata_corr95,GPR,log,protocol_holdout,random_selection,9,32,31.716554979443845
TRI_Tesla,set5_features_metadata_corr95,GPR,log,protocol_holdout,random_selection,9,40,25.43290506772908
TRI_Tesla,set5_features_metadata_corr95,GPR,log,protocol_holdout,random_selection,9,48,22.755526605894435
TRI_Tesla,set5_features_metadata_corr95,GPR,log,protocol_holdout,random_selection,9,56,19.352752162400368
TRI_Tesla,set5_features_metadata_corr95,GPR,log,protocol_holdout,random_selection,9,64,18.35961388099726
TRI_Tesla,set5_features_metadata_corr95,GPR,log,protocol_holdout,random_selection,9,72,17.911773420375486
TRI_Tesla,set5_features_metadata_corr95,GPR,log,protocol_holdout,random_selection,9,80,17.565667302195052
TRI_Tesla,set5_features_metadata_corr95,GPR,log,protocol_holdout,random_selection,9,88,15.92082153694847
TRI_Tesla,set5_features_metadata_corr95,GPR,log,protocol_holdout,random_selection,9,96,15.611293827814263
TRI_Tesla,set5_features_metadata_corr95,GPR,log,protocol_holdout,random_selection,9,104,15.274985567594346
TRI_Tesla,set5_features_metadata_corr95,GPR,log,protocol_holdout,random_selection,9,107,15.25122968758204
TRI_Tesla,set5_features_metadata_corr95,GPR,log,protocol_holdout,random_selection,10,8,28.92928300256465
TRI_Tesla,set5_features_metadata_corr95,GPR,log,protocol_holdout,random_selection,10,16,31.46251487925757
TRI_Tesla,set5_features_metadata_corr95,GPR,log,protocol_holdout,random_selection,10,24,22.521371126498444
TRI_Tesla,set5_features_metadata_corr95,GPR,log,protocol_holdout,random_selection,10,32,33.96991800617524
TRI_Tesla,set5_features_metadata_corr95,GPR,log,protocol_holdout,random_selection,10,40,34.931714896497084
TRI_Tesla,set5_features_metadata_corr95,GPR,log,protocol_holdout,random_selection,10,48,21.38919080204562
TRI_Tesla,set5_features_metadata_corr95,GPR,log,protocol_holdout,random_selection,10,56,27.48316837045865
TRI_Tesla,set5_features_metadata_corr95,GPR,log,protocol_holdout,random_selection,10,64,18.34072946965277
TRI_Tesla,set5_features_metadata_corr95,GPR,log,protocol_holdout,random_selection,10,72,18.378117644242096
TRI_Tesla,set5_features_metadata_corr95,GPR,log,protocol_holdout,random_selection,10,80,18.01663606244313
TRI_Tesla,set5_features_metadata_corr95,GPR,log,protocol_holdout,random_selection,10,88,15.237605952712348
TRI_Tesla,set5_features_metadata_corr95,GPR,log,protocol_holdout,random_selection,10,96,14.2697088064287
TRI_Tesla,set5_features_metadata_corr95,GPR,log,protocol_holdout,random_selection,10,104,12.898039238231153
TRI_Tesla,set5_features_metadata_corr95,GPR,log,protocol_holdout,random_selection,10,107,12.281055307014384
TRI_Tesla,set5_features_metadata_corr95,GPR,log,protocol_holdout,diversity_oneshot,1,8,32.730647287724594
TRI_Tesla,set5_features_metadata_corr95,GPR,log,protocol_holdout,diversity_oneshot,1,16,27.274345979877605
TRI_Tesla,set5_features_metadata_corr95,GPR,log,protocol_holdout,diversity_oneshot,1,24,19.85940289545248
TRI_Tesla,set5_features_metadata_corr95,GPR,log,protocol_holdout,diversity_oneshot,1,32,16.520275051838162
TRI_Tesla,set5_features_metadata_corr95,GPR,log,protocol_holdout,diversity_oneshot,1,40,11.988798307993768
TRI_Tesla,set5_features_metadata_corr95,GPR,log,protocol_holdout,diversity_oneshot,1,48,10.795999306027005
TRI_Tesla,set5_features_metadata_corr95,GPR,log,protocol_holdout,diversity_oneshot,1,56,11.240844122559125
TRI_Tesla,set5_features_metadata_corr95,GPR,log,protocol_holdout,diversity_oneshot,1,64,10.576582480085465
TRI_Tesla,set5_features_metadata_corr95,GPR,log,protocol_holdout,diversity_oneshot,1,72,10.37856706073642
TRI_Tesla,set5_features_metadata_corr95,GPR,log,protocol_holdout,diversity_oneshot,1,80,12.18543790458424
TRI_Tesla,set5_features_metadata_corr95,GPR,log,protocol_holdout,diversity_oneshot,1,88,11.59725639652185
TRI_Tesla,set5_features_metadata_corr95,GPR,log,protocol_holdout,diversity_oneshot,1,96,11.78172878874224
TRI_Tesla,set5_features_metadata_corr95,GPR,log,protocol_holdout,diversity_oneshot,1,104,11.783456892591929
TRI_Tesla,set5_features_metadata_corr95,GPR,log,protocol_holdout,diversity_oneshot,1,107,12.086061810536936
TRI_Tesla,set5_features_metadata_corr95,GPR,log,protocol_holdout,diversity_oneshot,2,8,22.09677495686172
TRI_Tesla,set5_features_metadata_corr95,GPR,log,protocol_holdout,diversity_oneshot,2,16,21.059605824601405
TRI_Tesla,set5_features_metadata_corr95,GPR,log,protocol_holdout,diversity_oneshot,2,24,20.739437255103947
TRI_Tesla,set5_features_metadata_corr95,GPR,log,protocol_holdout,diversity_oneshot,2,32,19.3084717236726
TRI_Tesla,set5_features_metadata_corr95,GPR,log,protocol_holdout,diversity_oneshot,2,40,18.333874397286625
TRI_Tesla,set5_features_metadata_corr95,GPR,log,protocol_holdout,diversity_oneshot,2,48,22.827462441959845
TRI_Tesla,set5_features_metadata_corr95,GPR,log,protocol_holdout,diversity_oneshot,2,56,20.58385015191625
TRI_Tesla,set5_features_metadata_corr95,GPR,log,protocol_holdout,diversity_oneshot,2,64,19.14116285257944
TRI_Tesla,set5_features_metadata_corr95,GPR,log,protocol_holdout,diversity_oneshot,2,72,16.14290485001899
TRI_Tesla,set5_features_metadata_corr95,GPR,log,protocol_holdout,diversity_oneshot,2,80,14.294672439587114
TRI_Tesla,set5_features_metadata_corr95,GPR,log,protocol_holdout,diversity_oneshot,2,88,12.989401279734228
TRI_Tesla,set5_features_metadata_corr95,GPR,log,protocol_holdout,diversity_oneshot,2,96,13.404938262550925
TRI_Tesla,set5_features_metadata_corr95,GPR,log,protocol_holdout,diversity_oneshot,2,104,13.676854733738445
TRI_Tesla,set5_features_metadata_corr95,GPR,log,protocol_holdout,diversity_oneshot,2,107,13.79773755540954
TRI_Tesla,set5_features_metadata_corr95,GPR,log,protocol_holdout,diversity_oneshot,3,8,29.24551794605612
TRI_Tesla,set5_features_metadata_corr95,GPR,log,protocol_holdout,diversity_oneshot,3,16,23.498611291411567
TRI_Tesla,set5_features_metadata_corr95,GPR,log,protocol_holdout,diversity_oneshot,3,24,20.68304051660722
TRI_Tesla,set5_features_metadata_corr95,GPR,log,protocol_holdout,diversity_oneshot,3,32,18.27442225221325
TRI_Tesla,set5_features_metadata_corr95,GPR,log,protocol_holdout,diversity_oneshot,3,40,15.473416601322173
TRI_Tesla,set5_features_metadata_corr95,GPR,log,protocol_holdout,diversity_oneshot,3,48,12.626109664575488
TRI_Tesla,set5_features_metadata_corr95,GPR,log,protocol_holdout,diversity_oneshot,3,56,14.27432579313686
TRI_Tesla,set5_features_metadata_corr95,GPR,log,protocol_holdout,diversity_oneshot,3,64,12.610442543028151
TRI_Tesla,set5_features_metadata_corr95,GPR,log,protocol_holdout,diversity_oneshot,3,72,13.495903494966296
TRI_Tesla,set5_features_metadata_corr95,GPR,log,protocol_holdout,diversity_oneshot,3,80,13.489590578657252
TRI_Tesla,set5_features_metadata_corr95,GPR,log,protocol_holdout,diversity_oneshot,3,88,13.65159045600537
TRI_Tesla,set5_features_metadata_corr95,GPR,log,protocol_holdout,diversity_oneshot,3,96,14.214523504003637
TRI_Tesla,set5_features_metadata_corr95,GPR,log,protocol_holdout,diversity_oneshot,3,104,14.839117636050489
TRI_Tesla,set5_features_metadata_corr95,GPR,log,protocol_holdout,diversity_oneshot,3,107,14.884477796849184
TRI_Tesla,set5_features_metadata_corr95,GPR,log,protocol_holdout,diversity_oneshot,4,8,33.74515642554957
TRI_Tesla,set5_features_metadata_corr95,GPR,log,protocol_holdout,diversity_oneshot,4,16,35.31340012914245
TRI_Tesla,set5_features_metadata_corr95,GPR,log,protocol_holdout,diversity_oneshot,4,24,26.85628311272875
TRI_Tesla,set5_features_metadata_corr95,GPR,log,protocol_holdout,diversity_oneshot,4,32,22.05627071746561
TRI_Tesla,set5_features_metadata_corr95,GPR,log,protocol_holdout,diversity_oneshot,4,40,20.86761481264009
TRI_Tesla,set5_features_metadata_corr95,GPR,log,protocol_holdout,diversity_oneshot,4,48,23.06581079285453
TRI_Tesla,set5_features_metadata_corr95,GPR,log,protocol_holdout,diversity_oneshot,4,56,18.8174806493492
TRI_Tesla,set5_features_metadata_corr95,GPR,log,protocol_holdout,diversity_oneshot,4,64,21.36001117999964
TRI_Tesla,set5_features_metadata_corr95,GPR,log,protocol_holdout,diversity_oneshot,4,72,20.53788775979876
TRI_Tesla,set5_features_metadata_corr95,GPR,log,protocol_holdout,diversity_oneshot,4,80,20.05269743755991
TRI_Tesla,set5_features_metadata_corr95,GPR,log,protocol_holdout,diversity_oneshot,4,88,19.47426070939624
TRI_Tesla,set5_features_metadata_corr95,GPR,log,protocol_holdout,diversity_oneshot,4,96,20.78838167967116
TRI_Tesla,set5_features_metadata_corr95,GPR,log,protocol_holdout,diversity_oneshot,4,104,24.84247077820178
TRI_Tesla,set5_features_metadata_corr95,GPR,log,protocol_holdout,diversity_oneshot,4,107,25.54591756697
TRI_Tesla,set5_features_metadata_corr95,GPR,log,protocol_holdout,diversity_oneshot,5,8,25.818109713866093
TRI_Tesla,set5_features_metadata_corr95,GPR,log,protocol_holdout,diversity_oneshot,5,16,18.07213985005472
TRI_Tesla,set5_features_metadata_corr95,GPR,log,protocol_holdout,diversity_oneshot,5,24,17.215232380719257
TRI_Tesla,set5_features_metadata_corr95,GPR,log,protocol_holdout,diversity_oneshot,5,32,19.095361954415168
TRI_Tesla,set5_features_metadata_corr95,GPR,log,protocol_holdout,diversity_oneshot,5,40,27.40203038860713
TRI_Tesla,set5_features_metadata_corr95,GPR,log,protocol_holdout,diversity_oneshot,5,48,25.17608128671831
TRI_Tesla,set5_features_metadata_corr95,GPR,log,protocol_holdout,diversity_oneshot,5,56,24.41185247508541
TRI_Tesla,set5_features_metadata_corr95,GPR,log,protocol_holdout,diversity_oneshot,5,64,26.20837852650213
TRI_Tesla,set5_features_metadata_corr95,GPR,log,protocol_holdout,diversity_oneshot,5,72,23.5543300439036
TRI_Tesla,set5_features_metadata_corr95,GPR,log,protocol_holdout,diversity_oneshot,5,80,21.4345273658194
TRI_Tesla,set5_features_metadata_corr95,GPR,log,protocol_holdout,diversity_oneshot,5,88,21.74337694289234
TRI_Tesla,set5_features_metadata_corr95,GPR,log,protocol_holdout,diversity_oneshot,5,96,21.70316669699265
TRI_Tesla,set5_features_metadata_corr95,GPR,log,protocol_holdout,diversity_oneshot,5,104,21.80035704512024
TRI_Tesla,set5_features_metadata_corr95,GPR,log,protocol_holdout,diversity_oneshot,5,107,23.13031692786659
TRI_Tesla,set5_features_metadata_corr95,GPR,log,protocol_holdout,diversity_oneshot,6,8,29.71198553289744
TRI_Tesla,set5_features_metadata_corr95,GPR,log,protocol_holdout,diversity_oneshot,6,16,27.616289790052857
TRI_Tesla,set5_features_metadata_corr95,GPR,log,protocol_holdout,diversity_oneshot,6,24,18.87412479032883
TRI_Tesla,set5_features_metadata_corr95,GPR,log,protocol_holdout,diversity_oneshot,6,32,19.186977977610464
TRI_Tesla,set5_features_metadata_corr95,GPR,log,protocol_holdout,diversity_oneshot,6,40,18.069659384980923
TRI_Tesla,set5_features_metadata_corr95,GPR,log,protocol_holdout,diversity_oneshot,6,48,18.97229781153274
TRI_Tesla,set5_features_metadata_corr95,GPR,log,protocol_holdout,diversity_oneshot,6,56,17.63744221656151
TRI_Tesla,set5_features_metadata_corr95,GPR,log,protocol_holdout,diversity_oneshot,6,64,15.08198862813623
TRI_Tesla,set5_features_metadata_corr95,GPR,log,protocol_holdout,diversity_oneshot,6,72,13.228918926192582
TRI_Tesla,set5_features_metadata_corr95,GPR,log,protocol_holdout,diversity_oneshot,6,80,12.593222093858095
TRI_Tesla,set5_features_metadata_corr95,GPR,log,protocol_holdout,diversity_oneshot,6,88,11.400865770542044
TRI_Tesla,set5_features_metadata_corr95,GPR,log,protocol_holdout,diversity_oneshot,6,96,13.0530942966237
TRI_Tesla,set5_features_metadata_corr95,GPR,log,protocol_holdout,diversity_oneshot,6,104,13.094347352849688
TRI_Tesla,set5_features_metadata_corr95,GPR,log,protocol_holdout,diversity_oneshot,6,107,13.287951714549475
TRI_Tesla,set5_features_metadata_corr95,GPR,log,protocol_holdout,diversity_oneshot,7,8,27.39379711206077
TRI_Tesla,set5_features_metadata_corr95,GPR,log,protocol_holdout,diversity_oneshot,7,16,29.89438997490194
TRI_Tesla,set5_features_metadata_corr95,GPR,log,protocol_holdout,diversity_oneshot,7,24,20.86477992104878
TRI_Tesla,set5_features_metadata_corr95,GPR,log,protocol_holdout,diversity_oneshot,7,32,17.15594265788348
TRI_Tesla,set5_features_metadata_corr95,GPR,log,protocol_holdout,diversity_oneshot,7,40,19.216451613293177
TRI_Tesla,set5_features_metadata_corr95,GPR,log,protocol_holdout,diversity_oneshot,7,48,15.977193961467172
TRI_Tesla,set5_features_metadata_corr95,GPR,log,protocol_holdout,diversity_oneshot,7,56,15.37372390195076
TRI_Tesla,set5_features_metadata_corr95,GPR,log,protocol_holdout,diversity_oneshot,7,64,15.203581023624166
TRI_Tesla,set5_features_metadata_corr95,GPR,log,protocol_holdout,diversity_oneshot,7,72,14.972135769231269
TRI_Tesla,set5_features_metadata_corr95,GPR,log,protocol_holdout,diversity_oneshot,7,80,15.26792919908852
TRI_Tesla,set5_features_metadata_corr95,GPR,log,protocol_holdout,diversity_oneshot,7,88,15.032747898684406
TRI_Tesla,set5_features_metadata_corr95,GPR,log,protocol_holdout,diversity_oneshot,7,96,14.868900130701793
TRI_Tesla,set5_features_metadata_corr95,GPR,log,protocol_holdout,diversity_oneshot,7,104,14.733063687756292
TRI_Tesla,set5_features_metadata_corr95,GPR,log,protocol_holdout,diversity_oneshot,7,107,15.002732460823662
TRI_Tesla,set5_features_metadata_corr95,GPR,log,protocol_holdout,diversity_oneshot,8,8,28.23563012356433
TRI_Tesla,set5_features_metadata_corr95,GPR,log,protocol_holdout,diversity_oneshot,8,16,17.826680520271108
TRI_Tesla,set5_features_metadata_corr95,GPR,log,protocol_holdout,diversity_oneshot,8,24,15.337005130266183
TRI_Tesla,set5_features_metadata_corr95,GPR,log,protocol_holdout,diversity_oneshot,8,32,14.917193716463316
TRI_Tesla,set5_features_metadata_corr95,GPR,log,protocol_holdout,diversity_oneshot,8,40,12.976997380554442
TRI_Tesla,set5_features_metadata_corr95,GPR,log,protocol_holdout,diversity_oneshot,8,48,14.293546680941164
TRI_Tesla,set5_features_metadata_corr95,GPR,log,protocol_holdout,diversity_oneshot,8,56,12.789754079933912
TRI_Tesla,set5_features_metadata_corr95,GPR,log,protocol_holdout,diversity_oneshot,8,64,12.098134363116236
TRI_Tesla,set5_features_metadata_corr95,GPR,log,protocol_holdout,diversity_oneshot,8,72,12.110481670221413
TRI_Tesla,set5_features_metadata_corr95,GPR,log,protocol_holdout,diversity_oneshot,8,80,12.248860729317952
TRI_Tesla,set5_features_metadata_corr95,GPR,log,protocol_holdout,diversity_oneshot,8,88,12.465227488359329
TRI_Tesla,set5_features_metadata_corr95,GPR,log,protocol_holdout,diversity_oneshot,8,96,13.932443187881452
TRI_Tesla,set5_features_metadata_corr95,GPR,log,protocol_holdout,diversity_oneshot,8,104,14.834463357505165
TRI_Tesla,set5_features_metadata_corr95,GPR,log,protocol_holdout,diversity_oneshot,8,107,15.023606587804151
TRI_Tesla,set5_features_metadata_corr95,GPR,log,protocol_holdout,diversity_oneshot,9,8,30.1727829620548
TRI_Tesla,set5_features_metadata_corr95,GPR,log,protocol_holdout,diversity_oneshot,9,16,21.871499824576315
TRI_Tesla,set5_features_metadata_corr95,GPR,log,protocol_holdout,diversity_oneshot,9,24,19.50447488687153
TRI_Tesla,set5_features_metadata_corr95,GPR,log,protocol_holdout,diversity_oneshot,9,32,19.975955430495084
TRI_Tesla,set5_features_metadata_corr95,GPR,log,protocol_holdout,diversity_oneshot,9,40,21.123469660946903
TRI_Tesla,set5_features_metadata_corr95,GPR,log,protocol_holdout,diversity_oneshot,9,48,18.65221773910209
TRI_Tesla,set5_features_metadata_corr95,GPR,log,protocol_holdout,diversity_oneshot,9,56,18.324996700517502
TRI_Tesla,set5_features_metadata_corr95,GPR,log,protocol_holdout,diversity_oneshot,9,64,17.69547259747279
TRI_Tesla,set5_features_metadata_corr95,GPR,log,protocol_holdout,diversity_oneshot,9,72,15.086460102071936
TRI_Tesla,set5_features_metadata_corr95,GPR,log,protocol_holdout,diversity_oneshot,9,80,15.19421667780017
TRI_Tesla,set5_features_metadata_corr95,GPR,log,protocol_holdout,diversity_oneshot,9,88,14.161968758987603
TRI_Tesla,set5_features_metadata_corr95,GPR,log,protocol_holdout,diversity_oneshot,9,96,15.739760324183488
TRI_Tesla,set5_features_metadata_corr95,GPR,log,protocol_holdout,diversity_oneshot,9,104,15.394447635944724
TRI_Tesla,set5_features_metadata_corr95,GPR,log,protocol_holdout,diversity_oneshot,9,107,15.25122968758204
TRI_Tesla,set5_features_metadata_corr95,GPR,log,protocol_holdout,diversity_oneshot,10,8,25.576833904209057
TRI_Tesla,set5_features_metadata_corr95,GPR,log,protocol_holdout,diversity_oneshot,10,16,22.149663395918903
TRI_Tesla,set5_features_metadata_corr95,GPR,log,protocol_holdout,diversity_oneshot,10,24,21.311044263857315
TRI_Tesla,set5_features_metadata_corr95,GPR,log,protocol_holdout,diversity_oneshot,10,32,19.91302887095132
TRI_Tesla,set5_features_metadata_corr95,GPR,log,protocol_holdout,diversity_oneshot,10,40,18.48908164019541
TRI_Tesla,set5_features_metadata_corr95,GPR,log,protocol_holdout,diversity_oneshot,10,48,17.760359546266233
TRI_Tesla,set5_features_metadata_corr95,GPR,log,protocol_holdout,diversity_oneshot,10,56,15.771953349180343
TRI_Tesla,set5_features_metadata_corr95,GPR,log,protocol_holdout,diversity_oneshot,10,64,13.739578111014408
TRI_Tesla,set5_features_metadata_corr95,GPR,log,protocol_holdout,diversity_oneshot,10,72,12.703802495204275
TRI_Tesla,set5_features_metadata_corr95,GPR,log,protocol_holdout,diversity_oneshot,10,80,12.165736434873324
TRI_Tesla,set5_features_metadata_corr95,GPR,log,protocol_holdout,diversity_oneshot,10,88,11.86849478871733
TRI_Tesla,set5_features_metadata_corr95,GPR,log,protocol_holdout,diversity_oneshot,10,96,12.343301991620544
TRI_Tesla,set5_features_metadata_corr95,GPR,log,protocol_holdout,diversity_oneshot,10,104,12.71571119663714
TRI_Tesla,set5_features_metadata_corr95,GPR,log,protocol_holdout,diversity_oneshot,10,107,12.281055307014384
TRI_Tesla,set5_features_metadata_corr95,GPR,log,protocol_holdout,diversity_iterative,1,8,32.730647287724594
TRI_Tesla,set5_features_metadata_corr95,GPR,log,protocol_holdout,diversity_iterative,1,16,33.00598309336232
TRI_Tesla,set5_features_metadata_corr95,GPR,log,protocol_holdout,diversity_iterative,1,24,33.10043394922062
TRI_Tesla,set5_features_metadata_corr95,GPR,log,protocol_holdout,diversity_iterative,1,32,34.61451022904476
TRI_Tesla,set5_features_metadata_corr95,GPR,log,protocol_holdout,diversity_iterative,1,40,20.8900227711102
TRI_Tesla,set5_features_metadata_corr95,GPR,log,protocol_holdout,diversity_iterative,1,48,19.34824635114921
TRI_Tesla,set5_features_metadata_corr95,GPR,log,protocol_holdout,diversity_iterative,1,56,17.707264141972846
TRI_Tesla,set5_features_metadata_corr95,GPR,log,protocol_holdout,diversity_iterative,1,64,19.400815246566147
TRI_Tesla,set5_features_metadata_corr95,GPR,log,protocol_holdout,diversity_iterative,1,72,18.042590548755367
TRI_Tesla,set5_features_metadata_corr95,GPR,log,protocol_holdout,diversity_iterative,1,80,17.31546032027592
TRI_Tesla,set5_features_metadata_corr95,GPR,log,protocol_holdout,diversity_iterative,1,88,18.45730059358426
TRI_Tesla,set5_features_metadata_corr95,GPR,log,protocol_holdout,diversity_iterative,1,96,14.64695098250669
TRI_Tesla,set5_features_metadata_corr95,GPR,log,protocol_holdout,diversity_iterative,1,104,12.856876534083876
TRI_Tesla,set5_features_metadata_corr95,GPR,log,protocol_holdout,diversity_iterative,1,107,12.086061810536936
TRI_Tesla,set5_features_metadata_corr95,GPR,log,protocol_holdout,diversity_iterative,2,8,22.09677495686172
TRI_Tesla,set5_features_metadata_corr95,GPR,log,protocol_holdout,diversity_iterative,2,16,29.429392952013483
TRI_Tesla,set5_features_metadata_corr95,GPR,log,protocol_holdout,diversity_iterative,2,24,20.17310127504595
TRI_Tesla,set5_features_metadata_corr95,GPR,log,protocol_holdout,diversity_iterative,2,32,20.67476033853749
TRI_Tesla,set5_features_metadata_corr95,GPR,log,protocol_holdout,diversity_iterative,2,40,18.88841760966381
TRI_Tesla,set5_features_metadata_corr95,GPR,log,protocol_holdout,diversity_iterative,2,48,18.39952215744781
TRI_Tesla,set5_features_metadata_corr95,GPR,log,protocol_holdout,diversity_iterative,2,56,16.57008629955963
TRI_Tesla,set5_features_metadata_corr95,GPR,log,protocol_holdout,diversity_iterative,2,64,16.19425063237243
TRI_Tesla,set5_features_metadata_corr95,GPR,log,protocol_holdout,diversity_iterative,2,72,16.105717678410002
TRI_Tesla,set5_features_metadata_corr95,GPR,log,protocol_holdout,diversity_iterative,2,80,15.299056506492962
TRI_Tesla,set5_features_metadata_corr95,GPR,log,protocol_holdout,diversity_iterative,2,88,15.230713339318502
TRI_Tesla,set5_features_metadata_corr95,GPR,log,protocol_holdout,diversity_iterative,2,96,14.8011513776387
TRI_Tesla,set5_features_metadata_corr95,GPR,log,protocol_holdout,diversity_iterative,2,104,13.515695001450306
TRI_Tesla,set5_features_metadata_corr95,GPR,log,protocol_holdout,diversity_iterative,2,107,13.79773755540954
TRI_Tesla,set5_features_metadata_corr95,GPR,log,protocol_holdout,diversity_iterative,3,8,29.24551794605612
TRI_Tesla,set5_features_metadata_corr95,GPR,log,protocol_holdout,diversity_iterative,3,16,27.971061493714306
TRI_Tesla,set5_features_metadata_corr95,GPR,log,protocol_holdout,diversity_iterative,3,24,31.269645440737182
TRI_Tesla,set5_features_metadata_corr95,GPR,log,protocol_holdout,diversity_iterative,3,32,28.81833457112817
TRI_Tesla,set5_features_metadata_corr95,GPR,log,protocol_holdout,diversity_iterative,3,40,21.96327387860851
TRI_Tesla,set5_features_metadata_corr95,GPR,log,protocol_holdout,diversity_iterative,3,48,21.857813569583488
TRI_Tesla,set5_features_metadata_corr95,GPR,log,protocol_holdout,diversity_iterative,3,56,19.744086550737208
TRI_Tesla,set5_features_metadata_corr95,GPR,log,protocol_holdout,diversity_iterative,3,64,18.349172993784244
TRI_Tesla,set5_features_metadata_corr95,GPR,log,protocol_holdout,diversity_iterative,3,72,16.617826770135732
TRI_Tesla,set5_features_metadata_corr95,GPR,log,protocol_holdout,diversity_iterative,3,80,16.27594038430738
TRI_Tesla,set5_features_metadata_corr95,GPR,log,protocol_holdout,diversity_iterative,3,88,15.319451069572072
TRI_Tesla,set5_features_metadata_corr95,GPR,log,protocol_holdout,diversity_iterative,3,96,15.59491616671577
TRI_Tesla,set5_features_metadata_corr95,GPR,log,protocol_holdout,diversity_iterative,3,104,14.839961325497516
TRI_Tesla,set5_features_metadata_corr95,GPR,log,protocol_holdout,diversity_iterative,3,107,14.884477796849184
TRI_Tesla,set5_features_metadata_corr95,GPR,log,protocol_holdout,diversity_iterative,4,8,33.74515642554957
TRI_Tesla,set5_features_metadata_corr95,GPR,log,protocol_holdout,diversity_iterative,4,16,28.760107101502648
TRI_Tesla,set5_features_metadata_corr95,GPR,log,protocol_holdout,diversity_iterative,4,24,32.280965339257286
TRI_Tesla,set5_features_metadata_corr95,GPR,log,protocol_holdout,diversity_iterative,4,32,49.05686040735608
TRI_Tesla,set5_features_metadata_corr95,GPR,log,protocol_holdout,diversity_iterative,4,40,43.26103120957771
TRI_Tesla,set5_features_metadata_corr95,GPR,log,protocol_holdout,diversity_iterative,4,48,42.21973541099839
TRI_Tesla,set5_features_metadata_corr95,GPR,log,protocol_holdout,diversity_iterative,4,56,24.65538458102564
TRI_Tesla,set5_features_metadata_corr95,GPR,log,protocol_holdout,diversity_iterative,4,64,30.08811941300423
TRI_Tesla,set5_features_metadata_corr95,GPR,log,protocol_holdout,diversity_iterative,4,72,34.67849274635468
TRI_Tesla,set5_features_metadata_corr95,GPR,log,protocol_holdout,diversity_iterative,4,80,28.42358692694192
TRI_Tesla,set5_features_metadata_corr95,GPR,log,protocol_holdout,diversity_iterative,4,88,26.39056253728482
TRI_Tesla,set5_features_metadata_corr95,GPR,log,protocol_holdout,diversity_iterative,4,96,26.573839292603346
TRI_Tesla,set5_features_metadata_corr95,GPR,log,protocol_holdout,diversity_iterative,4,104,25.783397226471862
TRI_Tesla,set5_features_metadata_corr95,GPR,log,protocol_holdout,diversity_iterative,4,107,25.54591756697
TRI_Tesla,set5_features_metadata_corr95,GPR,log,protocol_holdout,diversity_iterative,5,8,25.818109713866093
TRI_Tesla,set5_features_metadata_corr95,GPR,log,protocol_holdout,diversity_iterative,5,16,27.590699000600416
TRI_Tesla,set5_features_metadata_corr95,GPR,log,protocol_holdout,diversity_iterative,5,24,19.92290266162264
TRI_Tesla,set5_features_metadata_corr95,GPR,log,protocol_holdout,diversity_iterative,5,32,35.536701035726395
TRI_Tesla,set5_features_metadata_corr95,GPR,log,protocol_holdout,diversity_iterative,5,40,28.572186347479377
TRI_Tesla,set5_features_metadata_corr95,GPR,log,protocol_holdout,diversity_iterative,5,48,36.77613685640942
TRI_Tesla,set5_features_metadata_corr95,GPR,log,protocol_holdout,diversity_iterative,5,56,35.48265958317705
TRI_Tesla,set5_features_metadata_corr95,GPR,log,protocol_holdout,diversity_iterative,5,64,39.40367642893129
TRI_Tesla,set5_features_metadata_corr95,GPR,log,protocol_holdout,diversity_iterative,5,72,40.22263595543893
TRI_Tesla,set5_features_metadata_corr95,GPR,log,protocol_holdout,diversity_iterative,5,80,37.71001998820875
TRI_Tesla,set5_features_metadata_corr95,GPR,log,protocol_holdout,diversity_iterative,5,88,28.35076608816427
TRI_Tesla,set5_features_metadata_corr95,GPR,log,protocol_holdout,diversity_iterative,5,96,28.13989339955468
TRI_Tesla,set5_features_metadata_corr95,GPR,log,protocol_holdout,diversity_iterative,5,104,22.61823558212256
TRI_Tesla,set5_features_metadata_corr95,GPR,log,protocol_holdout,diversity_iterative,5,107,23.13031692786659
TRI_Tesla,set5_features_metadata_corr95,GPR,log,protocol_holdout,diversity_iterative,6,8,29.71198553289744
TRI_Tesla,set5_features_metadata_corr95,GPR,log,protocol_holdout,diversity_iterative,6,16,33.43764221195365
TRI_Tesla,set5_features_metadata_corr95,GPR,log,protocol_holdout,diversity_iterative,6,24,24.27848193487799
TRI_Tesla,set5_features_metadata_corr95,GPR,log,protocol_holdout,diversity_iterative,6,32,13.978925371605891
TRI_Tesla,set5_features_metadata_corr95,GPR,log,protocol_holdout,diversity_iterative,6,40,19.880395568895853
TRI_Tesla,set5_features_metadata_corr95,GPR,log,protocol_holdout,diversity_iterative,6,48,15.963593867934488
TRI_Tesla,set5_features_metadata_corr95,GPR,log,protocol_holdout,diversity_iterative,6,56,16.221106116918833
TRI_Tesla,set5_features_metadata_corr95,GPR,log,protocol_holdout,diversity_iterative,6,64,16.208113183306786
TRI_Tesla,set5_features_metadata_corr95,GPR,log,protocol_holdout,diversity_iterative,6,72,15.302697578299751
TRI_Tesla,set5_features_metadata_corr95,GPR,log,protocol_holdout,diversity_iterative,6,80,14.999085405565792
TRI_Tesla,set5_features_metadata_corr95,GPR,log,protocol_holdout,diversity_iterative,6,88,14.903615379335116
TRI_Tesla,set5_features_metadata_corr95,GPR,log,protocol_holdout,diversity_iterative,6,96,13.138205608796977
TRI_Tesla,set5_features_metadata_corr95,GPR,log,protocol_holdout,diversity_iterative,6,104,13.279512472481237
TRI_Tesla,set5_features_metadata_corr95,GPR,log,protocol_holdout,diversity_iterative,6,107,13.287951714549475
TRI_Tesla,set5_features_metadata_corr95,GPR,log,protocol_holdout,diversity_iterative,7,8,27.39379711206077
TRI_Tesla,set5_features_metadata_corr95,GPR,log,protocol_holdout,diversity_iterative,7,16,27.64653905355705
TRI_Tesla,set5_features_metadata_corr95,GPR,log,protocol_holdout,diversity_iterative,7,24,36.33268467590901
TRI_Tesla,set5_features_metadata_corr95,GPR,log,protocol_holdout,diversity_iterative,7,32,22.425587052335576
TRI_Tesla,set5_features_metadata_corr95,GPR,log,protocol_holdout,diversity_iterative,7,40,23.590693680414663
TRI_Tesla,set5_features_metadata_corr95,GPR,log,protocol_holdout,diversity_iterative,7,48,23.575529391800952
TRI_Tesla,set5_features_metadata_corr95,GPR,log,protocol_holdout,diversity_iterative,7,56,22.244462278412765
TRI_Tesla,set5_features_metadata_corr95,GPR,log,protocol_holdout,diversity_iterative,7,64,20.597805170098223
TRI_Tesla,set5_features_metadata_corr95,GPR,log,protocol_holdout,diversity_iterative,7,72,22.411313897890057
TRI_Tesla,set5_features_metadata_corr95,GPR,log,protocol_holdout,diversity_iterative,7,80,21.17611370787559
TRI_Tesla,set5_features_metadata_corr95,GPR,log,protocol_holdout,diversity_iterative,7,88,18.789502102656947
TRI_Tesla,set5_features_metadata_corr95,GPR,log,protocol_holdout,diversity_iterative,7,96,15.583265430086218
TRI_Tesla,set5_features_metadata_corr95,GPR,log,protocol_holdout,diversity_iterative,7,104,15.136058299943633
TRI_Tesla,set5_features_metadata_corr95,GPR,log,protocol_holdout,diversity_iterative,7,107,15.002732460823662
TRI_Tesla,set5_features_metadata_corr95,GPR,log,protocol_holdout,diversity_iterative,8,8,28.23563012356433
TRI_Tesla,set5_features_metadata_corr95,GPR,log,protocol_holdout,diversity_iterative,8,16,33.972146178159626
TRI_Tesla,set5_features_metadata_corr95,GPR,log,protocol_holdout,diversity_iterative,8,24,21.843037171761026
TRI_Tesla,set5_features_metadata_corr95,GPR,log,protocol_holdout,diversity_iterative,8,32,17.81596530359083
TRI_Tesla,set5_features_metadata_corr95,GPR,log,protocol_holdout,diversity_iterative,8,40,17.719673882632687
TRI_Tesla,set5_features_metadata_corr95,GPR,log,protocol_holdout,diversity_iterative,8,48,26.58169523406665
TRI_Tesla,set5_features_metadata_corr95,GPR,log,protocol_holdout,diversity_iterative,8,56,23.148064307823905
TRI_Tesla,set5_features_metadata_corr95,GPR,log,protocol_holdout,diversity_iterative,8,64,25.424199357018
TRI_Tesla,set5_features_metadata_corr95,GPR,log,protocol_holdout,diversity_iterative,8,72,27.74322437712997
TRI_Tesla,set5_features_metadata_corr95,GPR,log,protocol_holdout,diversity_iterative,8,80,27.26473948151661
TRI_Tesla,set5_features_metadata_corr95,GPR,log,protocol_holdout,diversity_iterative,8,88,22.102364753416964
TRI_Tesla,set5_features_metadata_corr95,GPR,log,protocol_holdout,diversity_iterative,8,96,20.649271879796416
TRI_Tesla,set5_features_metadata_corr95,GPR,log,protocol_holdout,diversity_iterative,8,104,16.386075199679777
TRI_Tesla,set5_features_metadata_corr95,GPR,log,protocol_holdout,diversity_iterative,8,107,15.023606587804151
TRI_Tesla,set5_features_metadata_corr95,GPR,log,protocol_holdout,diversity_iterative,9,8,30.1727829620548
TRI_Tesla,set5_features_metadata_corr95,GPR,log,protocol_holdout,diversity_iterative,9,16,20.784665907850822
TRI_Tesla,set5_features_metadata_corr95,GPR,log,protocol_holdout,diversity_iterative,9,24,28.885354026552832
TRI_Tesla,set5_features_metadata_corr95,GPR,log,protocol_holdout,diversity_iterative,9,32,26.263007134929826
TRI_Tesla,set5_features_metadata_corr95,GPR,log,protocol_holdout,diversity_iterative,9,40,22.070059425248576
TRI_Tesla,set5_features_metadata_corr95,GPR,log,protocol_holdout,diversity_iterative,9,48,18.776491338244576
TRI_Tesla,set5_features_metadata_corr95,GPR,log,protocol_holdout,diversity_iterative,9,56,17.88951188170804
TRI_Tesla,set5_features_metadata_corr95,GPR,log,protocol_holdout,diversity_iterative,9,64,16.456345494174315
TRI_Tesla,set5_features_metadata_corr95,GPR,log,protocol_holdout,diversity_iterative,9,72,15.553356091488466
TRI_Tesla,set5_features_metadata_corr95,GPR,log,protocol_holdout,diversity_iterative,9,80,16.725861834228546
TRI_Tesla,set5_features_metadata_corr95,GPR,log,protocol_holdout,diversity_iterative,9,88,15.916410924285564
TRI_Tesla,set5_features_metadata_corr95,GPR,log,protocol_holdout,diversity_iterative,9,96,15.724498914587384
TRI_Tesla,set5_features_metadata_corr95,GPR,log,protocol_holdout,diversity_iterative,9,104,15.513310586658802
TRI_Tesla,set5_features_metadata_corr95,GPR,log,protocol_holdout,diversity_iterative,9,107,15.25122968758204
TRI_Tesla,set5_features_metadata_corr95,GPR,log,protocol_holdout,diversity_iterative,10,8,25.576833904209057
TRI_Tesla,set5_features_metadata_corr95,GPR,log,protocol_holdout,diversity_iterative,10,16,23.74647838886005
TRI_Tesla,set5_features_metadata_corr95,GPR,log,protocol_holdout,diversity_iterative,10,24,21.55750264467488
TRI_Tesla,set5_features_metadata_corr95,GPR,log,protocol_holdout,diversity_iterative,10,32,19.64220692386728
TRI_Tesla,set5_features_metadata_corr95,GPR,log,protocol_holdout,diversity_iterative,10,40,30.661890481976684
TRI_Tesla,set5_features_metadata_corr95,GPR,log,protocol_holdout,diversity_iterative,10,48,28.08783920150332
TRI_Tesla,set5_features_metadata_corr95,GPR,log,protocol_holdout,diversity_iterative,10,56,26.245556520386103
TRI_Tesla,set5_features_metadata_corr95,GPR,log,protocol_holdout,diversity_iterative,10,64,16.41919815021282
TRI_Tesla,set5_features_metadata_corr95,GPR,log,protocol_holdout,diversity_iterative,10,72,14.439197085667146
TRI_Tesla,set5_features_metadata_corr95,GPR,log,protocol_holdout,diversity_iterative,10,80,13.353293479998168
TRI_Tesla,set5_features_metadata_corr95,GPR,log,protocol_holdout,diversity_iterative,10,88,12.244292640204858
TRI_Tesla,set5_features_metadata_corr95,GPR,log,protocol_holdout,diversity_iterative,10,96,13.41756593018678
TRI_Tesla,set5_features_metadata_corr95,GPR,log,protocol_holdout,diversity_iterative,10,104,12.590227083066283
TRI_Tesla,set5_features_metadata_corr95,GPR,log,protocol_holdout,diversity_iterative,10,107,12.281055307014384
TRI_Tesla,set5_features_metadata_corr95,GPR,log,protocol_holdout,coverage,1,8,23.54710303276485
TRI_Tesla,set5_features_metadata_corr95,GPR,log,protocol_holdout,coverage,1,16,35.72659502392412
TRI_Tesla,set5_features_metadata_corr95,GPR,log,protocol_holdout,coverage,1,24,19.58211118805728
TRI_Tesla,set5_features_metadata_corr95,GPR,log,protocol_holdout,coverage,1,32,19.066638463384216
TRI_Tesla,set5_features_metadata_corr95,GPR,log,protocol_holdout,coverage,1,40,13.675818023530198
TRI_Tesla,set5_features_metadata_corr95,GPR,log,protocol_holdout,coverage,1,48,13.03939169943864
TRI_Tesla,set5_features_metadata_corr95,GPR,log,protocol_holdout,coverage,1,56,11.982360583408664
TRI_Tesla,set5_features_metadata_corr95,GPR,log,protocol_holdout,coverage,1,64,13.09217998577096
TRI_Tesla,set5_features_metadata_corr95,GPR,log,protocol_holdout,coverage,1,72,11.94954078933085
TRI_Tesla,set5_features_metadata_corr95,GPR,log,protocol_holdout,coverage,1,80,9.702890093460038
TRI_Tesla,set5_features_metadata_corr95,GPR,log,protocol_holdout,coverage,1,88,9.073499334198544
TRI_Tesla,set5_features_metadata_corr95,GPR,log,protocol_holdout,coverage,1,96,11.065013088341146
TRI_Tesla,set5_features_metadata_corr95,GPR,log,protocol_holdout,coverage,1,104,11.50466156317774
TRI_Tesla,set5_features_metadata_corr95,GPR,log,protocol_holdout,coverage,1,107,12.086061810536936
TRI_Tesla,set5_features_metadata_corr95,GPR,log,protocol_holdout,coverage,2,8,24.6065961807429
TRI_Tesla,set5_features_metadata_corr95,GPR,log,protocol_holdout,coverage,2,16,19.160979093995905
TRI_Tesla,set5_features_metadata_corr95,GPR,log,protocol_holdout,coverage,2,24,15.711649066531855
TRI_Tesla,set5_features_metadata_corr95,GPR,log,protocol_holdout,coverage,2,32,12.88423305837478
TRI_Tesla,set5_features_metadata_corr95,GPR,log,protocol_holdout,coverage,2,40,20.069959748643697
TRI_Tesla,set5_features_metadata_corr95,GPR,log,protocol_holdout,coverage,2,48,20.98318986205346
TRI_Tesla,set5_features_metadata_corr95,GPR,log,protocol_holdout,coverage,2,56,18.36493086670555
TRI_Tesla,set5_features_metadata_corr95,GPR,log,protocol_holdout,coverage,2,64,15.55302668019042
TRI_Tesla,set5_features_metadata_corr95,GPR,log,protocol_holdout,coverage,2,72,13.499249426703187
TRI_Tesla,set5_features_metadata_corr95,GPR,log,protocol_holdout,coverage,2,80,15.962011086484472
TRI_Tesla,set5_features_metadata_corr95,GPR,log,protocol_holdout,coverage,2,88,13.13352473073754
TRI_Tesla,set5_features_metadata_corr95,GPR,log,protocol_holdout,coverage,2,96,13.877562459724638
TRI_Tesla,set5_features_metadata_corr95,GPR,log,protocol_holdout,coverage,2,104,13.564983657979774
TRI_Tesla,set5_features_metadata_corr95,GPR,log,protocol_holdout,coverage,2,107,13.79773755540954
TRI_Tesla,set5_features_metadata_corr95,GPR,log,protocol_holdout,coverage,3,8,20.68088359754065
TRI_Tesla,set5_features_metadata_corr95,GPR,log,protocol_holdout,coverage,3,16,25.28037823226472
TRI_Tesla,set5_features_metadata_corr95,GPR,log,protocol_holdout,coverage,3,24,24.43372942676651
TRI_Tesla,set5_features_metadata_corr95,GPR,log,protocol_holdout,coverage,3,32,27.856612562260818
TRI_Tesla,set5_features_metadata_corr95,GPR,log,protocol_holdout,coverage,3,40,12.27668675445403
TRI_Tesla,set5_features_metadata_corr95,GPR,log,protocol_holdout,coverage,3,48,16.437131654925516
TRI_Tesla,set5_features_metadata_corr95,GPR,log,protocol_holdout,coverage,3,56,17.889556561997715
TRI_Tesla,set5_features_metadata_corr95,GPR,log,protocol_holdout,coverage,3,64,16.535682634555275
TRI_Tesla,set5_features_metadata_corr95,GPR,log,protocol_holdout,coverage,3,72,15.293149326719956
TRI_Tesla,set5_features_metadata_corr95,GPR,log,protocol_holdout,coverage,3,80,15.62727323116675
TRI_Tesla,set5_features_metadata_corr95,GPR,log,protocol_holdout,coverage,3,88,14.038063414587484
TRI_Tesla,set5_features_metadata_corr95,GPR,log,protocol_holdout,coverage,3,96,14.12856692577612
TRI_Tesla,set5_features_metadata_corr95,GPR,log,protocol_holdout,coverage,3,104,14.928820310938423
TRI_Tesla,set5_features_metadata_corr95,GPR,log,protocol_holdout,coverage,3,107,14.884477796849184
TRI_Tesla,set5_features_metadata_corr95,GPR,log,protocol_holdout,coverage,4,8,64.97592560446229
TRI_Tesla,set5_features_metadata_corr95,GPR,log,protocol_holdout,coverage,4,16,32.1753074757436
TRI_Tesla,set5_features_metadata_corr95,GPR,log,protocol_holdout,coverage,4,24,23.415020310259905
TRI_Tesla,set5_features_metadata_corr95,GPR,log,protocol_holdout,coverage,4,32,22.791839738849934
TRI_Tesla,set5_features_metadata_corr95,GPR,log,protocol_holdout,coverage,4,40,21.134023606419845
TRI_Tesla,set5_features_metadata_corr95,GPR,log,protocol_holdout,coverage,4,48,21.11107861103111
TRI_Tesla,set5_features_metadata_corr95,GPR,log,protocol_holdout,coverage,4,56,22.724234108034484
TRI_Tesla,set5_features_metadata_corr95,GPR,log,protocol_holdout,coverage,4,64,18.98951539277797
TRI_Tesla,set5_features_metadata_corr95,GPR,log,protocol_holdout,coverage,4,72,19.064817004368287
TRI_Tesla,set5_features_metadata_corr95,GPR,log,protocol_holdout,coverage,4,80,18.94154363898396
TRI_Tesla,set5_features_metadata_corr95,GPR,log,protocol_holdout,coverage,4,88,20.68542423494546
TRI_Tesla,set5_features_metadata_corr95,GPR,log,protocol_holdout,coverage,4,96,19.58962918443628
TRI_Tesla,set5_features_metadata_corr95,GPR,log,protocol_holdout,coverage,4,104,22.039767532311
TRI_Tesla,set5_features_metadata_corr95,GPR,log,protocol_holdout,coverage,4,107,25.54591756697
TRI_Tesla,set5_features_metadata_corr95,GPR,log,protocol_holdout,coverage,5,8,84.65435364152684
TRI_Tesla,set5_features_metadata_corr95,GPR,log,protocol_holdout,coverage,5,16,33.25736207530929
TRI_Tesla,set5_features_metadata_corr95,GPR,log,protocol_holdout,coverage,5,24,22.817021523684414
TRI_Tesla,set5_features_metadata_corr95,GPR,log,protocol_holdout,coverage,5,32,24.67442171430244
TRI_Tesla,set5_features_metadata_corr95,GPR,log,protocol_holdout,coverage,5,40,22.771122389234243
TRI_Tesla,set5_features_metadata_corr95,GPR,log,protocol_holdout,coverage,5,48,21.144111412213764
TRI_Tesla,set5_features_metadata_corr95,GPR,log,protocol_holdout,coverage,5,56,21.032649285662128
TRI_Tesla,set5_features_metadata_corr95,GPR,log,protocol_holdout,coverage,5,64,19.278284108327902
TRI_Tesla,set5_features_metadata_corr95,GPR,log,protocol_holdout,coverage,5,72,24.060301014582024
TRI_Tesla,set5_features_metadata_corr95,GPR,log,protocol_holdout,coverage,5,80,25.345262720372222
TRI_Tesla,set5_features_metadata_corr95,GPR,log,protocol_holdout,coverage,5,88,22.158547451747413
TRI_Tesla,set5_features_metadata_corr95,GPR,log,protocol_holdout,coverage,5,96,21.532415566048563
TRI_Tesla,set5_features_metadata_corr95,GPR,log,protocol_holdout,coverage,5,104,21.865017756389204
TRI_Tesla,set5_features_metadata_corr95,GPR,log,protocol_holdout,coverage,5,107,23.13031692786659
TRI_Tesla,set5_features_metadata_corr95,GPR,log,protocol_holdout,coverage,6,8,26.77495088378698
TRI_Tesla,set5_features_metadata_corr95,GPR,log,protocol_holdout,coverage,6,16,34.07132255921337
TRI_Tesla,set5_features_metadata_corr95,GPR,log,protocol_holdout,coverage,6,24,22.45473616319642
TRI_Tesla,set5_features_metadata_corr95,GPR,log,protocol_holdout,coverage,6,32,27.98369770369492
TRI_Tesla,set5_features_metadata_corr95,GPR,log,protocol_holdout,coverage,6,40,15.13129922357972
TRI_Tesla,set5_features_metadata_corr95,GPR,log,protocol_holdout,coverage,6,48,15.557194251024072
TRI_Tesla,set5_features_metadata_corr95,GPR,log,protocol_holdout,coverage,6,56,15.4739682429185
TRI_Tesla,set5_features_metadata_corr95,GPR,log,protocol_holdout,coverage,6,64,15.119736806780946
TRI_Tesla,set5_features_metadata_corr95,GPR,log,protocol_holdout,coverage,6,72,14.1917445955737
TRI_Tesla,set5_features_metadata_corr95,GPR,log,protocol_holdout,coverage,6,80,14.12923358430564
TRI_Tesla,set5_features_metadata_corr95,GPR,log,protocol_holdout,coverage,6,88,14.162217534627644
TRI_Tesla,set5_features_metadata_corr95,GPR,log,protocol_holdout,coverage,6,96,13.719883964482769
TRI_Tesla,set5_features_metadata_corr95,GPR,log,protocol_holdout,coverage,6,104,13.275401158850542
TRI_Tesla,set5_features_metadata_corr95,GPR,log,protocol_holdout,coverage,6,107,13.287951714549475
TRI_Tesla,set5_features_metadata_corr95,GPR,log,protocol_holdout,coverage,7,8,24.647970367950915
TRI_Tesla,set5_features_metadata_corr95,GPR,log,protocol_holdout,coverage,7,16,20.80802463118626
TRI_Tesla,set5_features_metadata_corr95,GPR,log,protocol_holdout,coverage,7,24,20.827516823444896
TRI_Tesla,set5_features_metadata_corr95,GPR,log,protocol_holdout,coverage,7,32,20.060055444141803
TRI_Tesla,set5_features_metadata_corr95,GPR,log,protocol_holdout,coverage,7,40,18.57851895324985
TRI_Tesla,set5_features_metadata_corr95,GPR,log,protocol_holdout,coverage,7,48,17.152603986882745
TRI_Tesla,set5_features_metadata_corr95,GPR,log,protocol_holdout,coverage,7,56,13.427476606294825
TRI_Tesla,set5_features_metadata_corr95,GPR,log,protocol_holdout,coverage,7,64,14.849880981531976
TRI_Tesla,set5_features_metadata_corr95,GPR,log,protocol_holdout,coverage,7,72,14.735282704212564
TRI_Tesla,set5_features_metadata_corr95,GPR,log,protocol_holdout,coverage,7,80,14.861067006276182
TRI_Tesla,set5_features_metadata_corr95,GPR,log,protocol_holdout,coverage,7,88,14.205532680969574
TRI_Tesla,set5_features_metadata_corr95,GPR,log,protocol_holdout,coverage,7,96,14.980497959772318
TRI_Tesla,set5_features_metadata_corr95,GPR,log,protocol_holdout,coverage,7,104,14.84823952798402
TRI_Tesla,set5_features_metadata_corr95,GPR,log,protocol_holdout,coverage,7,107,15.002732460823662
TRI_Tesla,set5_features_metadata_corr95,GPR,log,protocol_holdout,coverage,8,8,47.661684413011535
TRI_Tesla,set5_features_metadata_corr95,GPR,log,protocol_holdout,coverage,8,16,25.20588307522194
TRI_Tesla,set5_features_metadata_corr95,GPR,log,protocol_holdout,coverage,8,24,17.547441209980434
TRI_Tesla,set5_features_metadata_corr95,GPR,log,protocol_holdout,coverage,8,32,17.325234352539308
TRI_Tesla,set5_features_metadata_corr95,GPR,log,protocol_holdout,coverage,8,40,18.367501531364525
TRI_Tesla,set5_features_metadata_corr95,GPR,log,protocol_holdout,coverage,8,48,17.64486645004211
TRI_Tesla,set5_features_metadata_corr95,GPR,log,protocol_holdout,coverage,8,56,14.299452801796496
TRI_Tesla,set5_features_metadata_corr95,GPR,log,protocol_holdout,coverage,8,64,11.376141846891432
TRI_Tesla,set5_features_metadata_corr95,GPR,log,protocol_holdout,coverage,8,72,12.376324376149126
TRI_Tesla,set5_features_metadata_corr95,GPR,log,protocol_holdout,coverage,8,80,12.040397311945789
TRI_Tesla,set5_features_metadata_corr95,GPR,log,protocol_holdout,coverage,8,88,12.248543810409991
TRI_Tesla,set5_features_metadata_corr95,GPR,log,protocol_holdout,coverage,8,96,12.438625507547515
TRI_Tesla,set5_features_metadata_corr95,GPR,log,protocol_holdout,coverage,8,104,14.731806918135732
TRI_Tesla,set5_features_metadata_corr95,GPR,log,protocol_holdout,coverage,8,107,15.023606587804151
TRI_Tesla,set5_features_metadata_corr95,GPR,log,protocol_holdout,coverage,9,8,24.700973239048075
TRI_Tesla,set5_features_metadata_corr95,GPR,log,protocol_holdout,coverage,9,16,25.751629089989294
TRI_Tesla,set5_features_metadata_corr95,GPR,log,protocol_holdout,coverage,9,24,22.754220776969863
TRI_Tesla,set5_features_metadata_corr95,GPR,log,protocol_holdout,coverage,9,32,21.30514720400702
TRI_Tesla,set5_features_metadata_corr95,GPR,log,protocol_holdout,coverage,9,40,20.124238715270373
TRI_Tesla,set5_features_metadata_corr95,GPR,log,protocol_holdout,coverage,9,48,22.15990636682244
TRI_Tesla,set5_features_metadata_corr95,GPR,log,protocol_holdout,coverage,9,56,20.00469989993926
TRI_Tesla,set5_features_metadata_corr95,GPR,log,protocol_holdout,coverage,9,64,19.84942821326592
TRI_Tesla,set5_features_metadata_corr95,GPR,log,protocol_holdout,coverage,9,72,18.34736089232003
TRI_Tesla,set5_features_metadata_corr95,GPR,log,protocol_holdout,coverage,9,80,17.0477217212879
TRI_Tesla,set5_features_metadata_corr95,GPR,log,protocol_holdout,coverage,9,88,16.628461874701525
TRI_Tesla,set5_features_metadata_corr95,GPR,log,protocol_holdout,coverage,9,96,15.69879924319508
TRI_Tesla,set5_features_metadata_corr95,GPR,log,protocol_holdout,coverage,9,104,15.31060100572088
TRI_Tesla,set5_features_metadata_corr95,GPR,log,protocol_holdout,coverage,9,107,15.25122968758204
TRI_Tesla,set5_features_metadata_corr95,GPR,log,protocol_holdout,coverage,10,8,28.92928300256465
TRI_Tesla,set5_features_metadata_corr95,GPR,log,protocol_holdout,coverage,10,16,20.03309961575248
TRI_Tesla,set5_features_metadata_corr95,GPR,log,protocol_holdout,coverage,10,24,19.928791386635044
TRI_Tesla,set5_features_metadata_corr95,GPR,log,protocol_holdout,coverage,10,32,17.07261509247187
TRI_Tesla,set5_features_metadata_corr95,GPR,log,protocol_holdout,coverage,10,40,18.186978254033605
TRI_Tesla,set5_features_metadata_corr95,GPR,log,protocol_holdout,coverage,10,48,19.16444793027054
TRI_Tesla,set5_features_metadata_corr95,GPR,log,protocol_holdout,coverage,10,56,19.14638503484137
TRI_Tesla,set5_features_metadata_corr95,GPR,log,protocol_holdout,coverage,10,64,16.465441353642436
TRI_Tesla,set5_features_metadata_corr95,GPR,log,protocol_holdout,coverage,10,72,15.934991205488256
TRI_Tesla,set5_features_metadata_corr95,GPR,log,protocol_holdout,coverage,10,80,12.48984784716289
TRI_Tesla,set5_features_metadata_corr95,GPR,log,protocol_holdout,coverage,10,88,12.215942954785092
TRI_Tesla,set5_features_metadata_corr95,GPR,log,protocol_holdout,coverage,10,96,12.155296117763337
TRI_Tesla,set5_features_metadata_corr95,GPR,log,protocol_holdout,coverage,10,104,12.259610344910197
TRI_Tesla,set5_features_metadata_corr95,GPR,log,protocol_holdout,coverage,10,107,12.281055307014384
TRI_Tesla,set5_features_metadata_corr95,GPR,log,protocol_holdout,exploration,1,8,23.54710303276485
TRI_Tesla,set5_features_metadata_corr95,GPR,log,protocol_holdout,exploration,1,16,35.72659502392412
TRI_Tesla,set5_features_metadata_corr95,GPR,log,protocol_holdout,exploration,1,24,23.189766125848564
TRI_Tesla,set5_features_metadata_corr95,GPR,log,protocol_holdout,exploration,1,32,17.337188804310824
TRI_Tesla,set5_features_metadata_corr95,GPR,log,protocol_holdout,exploration,1,40,13.776885519497233
TRI_Tesla,set5_features_metadata_corr95,GPR,log,protocol_holdout,exploration,1,48,11.00198056086148
TRI_Tesla,set5_features_metadata_corr95,GPR,log,protocol_holdout,exploration,1,56,12.999069289099028
TRI_Tesla,set5_features_metadata_corr95,GPR,log,protocol_holdout,exploration,1,64,12.54999211455374
TRI_Tesla,set5_features_metadata_corr95,GPR,log,protocol_holdout,exploration,1,72,10.858556072832949
TRI_Tesla,set5_features_metadata_corr95,GPR,log,protocol_holdout,exploration,1,80,10.79372452033884
TRI_Tesla,set5_features_metadata_corr95,GPR,log,protocol_holdout,exploration,1,88,11.058725225231122
TRI_Tesla,set5_features_metadata_corr95,GPR,log,protocol_holdout,exploration,1,96,11.983871130402807
TRI_Tesla,set5_features_metadata_corr95,GPR,log,protocol_holdout,exploration,1,104,12.09475877484661
TRI_Tesla,set5_features_metadata_corr95,GPR,log,protocol_holdout,exploration,1,107,12.086061810536936
TRI_Tesla,set5_features_metadata_corr95,GPR,log,protocol_holdout,exploration,2,8,24.6065961807429
TRI_Tesla,set5_features_metadata_corr95,GPR,log,protocol_holdout,exploration,2,16,21.82059256692532
TRI_Tesla,set5_features_metadata_corr95,GPR,log,protocol_holdout,exploration,2,24,17.76887817969316
TRI_Tesla,set5_features_metadata_corr95,GPR,log,protocol_holdout,exploration,2,32,15.523384808617132
TRI_Tesla,set5_features_metadata_corr95,GPR,log,protocol_holdout,exploration,2,40,14.508598177763975
TRI_Tesla,set5_features_metadata_corr95,GPR,log,protocol_holdout,exploration,2,48,21.688207442175216
TRI_Tesla,set5_features_metadata_corr95,GPR,log,protocol_holdout,exploration,2,56,21.596709919222885
TRI_Tesla,set5_features_metadata_corr95,GPR,log,protocol_holdout,exploration,2,64,19.1875189760907
TRI_Tesla,set5_features_metadata_corr95,GPR,log,protocol_holdout,exploration,2,72,18.81015638916976
TRI_Tesla,set5_features_metadata_corr95,GPR,log,protocol_holdout,exploration,2,80,17.736852796420234
TRI_Tesla,set5_features_metadata_corr95,GPR,log,protocol_holdout,exploration,2,88,15.072556027308435
TRI_Tesla,set5_features_metadata_corr95,GPR,log,protocol_holdout,exploration,2,96,14.737137784627352
TRI_Tesla,set5_features_metadata_corr95,GPR,log,protocol_holdout,exploration,2,104,13.36297323172545
TRI_Tesla,set5_features_metadata_corr95,GPR,log,protocol_holdout,exploration,2,107,13.79773755540954
TRI_Tesla,set5_features_metadata_corr95,GPR,log,protocol_holdout,exploration,3,8,20.68088359754065
TRI_Tesla,set5_features_metadata_corr95,GPR,log,protocol_holdout,exploration,3,16,25.52490523822517
TRI_Tesla,set5_features_metadata_corr95,GPR,log,protocol_holdout,exploration,3,24,19.31339776054101
TRI_Tesla,set5_features_metadata_corr95,GPR,log,protocol_holdout,exploration,3,32,20.12602027444829
TRI_Tesla,set5_features_metadata_corr95,GPR,log,protocol_holdout,exploration,3,40,17.26331133412188
TRI_Tesla,set5_features_metadata_corr95,GPR,log,protocol_holdout,exploration,3,48,11.754218292890537
TRI_Tesla,set5_features_metadata_corr95,GPR,log,protocol_holdout,exploration,3,56,12.936697037032731
TRI_Tesla,set5_features_metadata_corr95,GPR,log,protocol_holdout,exploration,3,64,18.30033620414465
TRI_Tesla,set5_features_metadata_corr95,GPR,log,protocol_holdout,exploration,3,72,18.0911702738786
TRI_Tesla,set5_features_metadata_corr95,GPR,log,protocol_holdout,exploration,3,80,15.435858490210364
TRI_Tesla,set5_features_metadata_corr95,GPR,log,protocol_holdout,exploration,3,88,13.510868147835223
TRI_Tesla,set5_features_metadata_corr95,GPR,log,protocol_holdout,exploration,3,96,13.505507681835322
TRI_Tesla,set5_features_metadata_corr95,GPR,log,protocol_holdout,exploration,3,104,14.668105795799818
TRI_Tesla,set5_features_metadata_corr95,GPR,log,protocol_holdout,exploration,3,107,14.884477796849184
TRI_Tesla,set5_features_metadata_corr95,GPR,log,protocol_holdout,exploration,4,8,64.97592560446229
TRI_Tesla,set5_features_metadata_corr95,GPR,log,protocol_holdout,exploration,4,16,32.1753074757436
TRI_Tesla,set5_features_metadata_corr95,GPR,log,protocol_holdout,exploration,4,24,29.00422089648779
TRI_Tesla,set5_features_metadata_corr95,GPR,log,protocol_holdout,exploration,4,32,25.68362734280164
TRI_Tesla,set5_features_metadata_corr95,GPR,log,protocol_holdout,exploration,4,40,21.0167393286963
TRI_Tesla,set5_features_metadata_corr95,GPR,log,protocol_holdout,exploration,4,48,21.467821524332944
TRI_Tesla,set5_features_metadata_corr95,GPR,log,protocol_holdout,exploration,4,56,20.17859532179069
TRI_Tesla,set5_features_metadata_corr95,GPR,log,protocol_holdout,exploration,4,64,16.399978512221963
TRI_Tesla,set5_features_metadata_corr95,GPR,log,protocol_holdout,exploration,4,72,19.01411396807
TRI_Tesla,set5_features_metadata_corr95,GPR,log,protocol_holdout,exploration,4,80,19.59225685788192
TRI_Tesla,set5_features_metadata_corr95,GPR,log,protocol_holdout,exploration,4,88,19.44297734373044
TRI_Tesla,set5_features_metadata_corr95,GPR,log,protocol_holdout,exploration,4,96,23.0910240575959
TRI_Tesla,set5_features_metadata_corr95,GPR,log,protocol_holdout,exploration,4,104,25.3493299760818
TRI_Tesla,set5_features_metadata_corr95,GPR,log,protocol_holdout,exploration,4,107,25.54591756697
TRI_Tesla,set5_features_metadata_corr95,GPR,log,protocol_holdout,exploration,5,8,84.65435364152684
TRI_Tesla,set5_features_metadata_corr95,GPR,log,protocol_holdout,exploration,5,16,17.74076499593914
TRI_Tesla,set5_features_metadata_corr95,GPR,log,protocol_holdout,exploration,5,24,27.269861164934216
TRI_Tesla,set5_features_metadata_corr95,GPR,log,protocol_holdout,exploration,5,32,27.07540923028422
TRI_Tesla,set5_features_metadata_corr95,GPR,log,protocol_holdout,exploration,5,40,26.746453773428065
TRI_Tesla,set5_features_metadata_corr95,GPR,log,protocol_holdout,exploration,5,48,17.02224979477975
TRI_Tesla,set5_features_metadata_corr95,GPR,log,protocol_holdout,exploration,5,56,18.36391755174666
TRI_Tesla,set5_features_metadata_corr95,GPR,log,protocol_holdout,exploration,5,64,19.61588213187897
TRI_Tesla,set5_features_metadata_corr95,GPR,log,protocol_holdout,exploration,5,72,19.85149589853089
TRI_Tesla,set5_features_metadata_corr95,GPR,log,protocol_holdout,exploration,5,80,20.528880367389668
TRI_Tesla,set5_features_metadata_corr95,GPR,log,protocol_holdout,exploration,5,88,22.450991113396785
TRI_Tesla,set5_features_metadata_corr95,GPR,log,protocol_holdout,exploration,5,96,22.906714997020128
TRI_Tesla,set5_features_metadata_corr95,GPR,log,protocol_holdout,exploration,5,104,23.392792180672387
TRI_Tesla,set5_features_metadata_corr95,GPR,log,protocol_holdout,exploration,5,107,23.13031692786659
TRI_Tesla,set5_features_metadata_corr95,GPR,log,protocol_holdout,exploration,6,8,26.77495088378698
TRI_Tesla,set5_features_metadata_corr95,GPR,log,protocol_holdout,exploration,6,16,34.07132255921337
TRI_Tesla,set5_features_metadata_corr95,GPR,log,protocol_holdout,exploration,6,24,29.408296763941173
TRI_Tesla,set5_features_metadata_corr95,GPR,log,protocol_holdout,exploration,6,32,21.520425275361227
TRI_Tesla,set5_features_metadata_corr95,GPR,log,protocol_holdout,exploration,6,40,13.18684741663275
TRI_Tesla,set5_features_metadata_corr95,GPR,log,protocol_holdout,exploration,6,48,13.95707239778266
TRI_Tesla,set5_features_metadata_corr95,GPR,log,protocol_holdout,exploration,6,56,14.04897736334774
TRI_Tesla,set5_features_metadata_corr95,GPR,log,protocol_holdout,exploration,6,64,13.20804665476414
TRI_Tesla,set5_features_metadata_corr95,GPR,log,protocol_holdout,exploration,6,72,14.830997092732776
TRI_Tesla,set5_features_metadata_corr95,GPR,log,protocol_holdout,exploration,6,80,15.064869985952942
TRI_Tesla,set5_features_metadata_corr95,GPR,log,protocol_holdout,exploration,6,88,14.191870751111066
TRI_Tesla,set5_features_metadata_corr95,GPR,log,protocol_holdout,exploration,6,96,13.475607781946048
TRI_Tesla,set5_features_metadata_corr95,GPR,log,protocol_holdout,exploration,6,104,13.256834169014017
TRI_Tesla,set5_features_metadata_corr95,GPR,log,protocol_holdout,exploration,6,107,13.287951714549475
TRI_Tesla,set5_features_metadata_corr95,GPR,log,protocol_holdout,exploration,7,8,24.647970367950915
TRI_Tesla,set5_features_metadata_corr95,GPR,log,protocol_holdout,exploration,7,16,16.280989269280987
TRI_Tesla,set5_features_metadata_corr95,GPR,log,protocol_holdout,exploration,7,24,17.529278075725347
TRI_Tesla,set5_features_metadata_corr95,GPR,log,protocol_holdout,exploration,7,32,21.76272828432524
TRI_Tesla,set5_features_metadata_corr95,GPR,log,protocol_holdout,exploration,7,40,18.92708622069854
TRI_Tesla,set5_features_metadata_corr95,GPR,log,protocol_holdout,exploration,7,48,16.71313270912725
TRI_Tesla,set5_features_metadata_corr95,GPR,log,protocol_holdout,exploration,7,56,18.8106209022876
TRI_Tesla,set5_features_metadata_corr95,GPR,log,protocol_holdout,exploration,7,64,17.480210099828554
TRI_Tesla,set5_features_metadata_corr95,GPR,log,protocol_holdout,exploration,7,72,16.689654096691093
TRI_Tesla,set5_features_metadata_corr95,GPR,log,protocol_holdout,exploration,7,80,14.099296120883478
TRI_Tesla,set5_features_metadata_corr95,GPR,log,protocol_holdout,exploration,7,88,14.161524048421786
TRI_Tesla,set5_features_metadata_corr95,GPR,log,protocol_holdout,exploration,7,96,14.784573544121132
TRI_Tesla,set5_features_metadata_corr95,GPR,log,protocol_holdout,exploration,7,104,15.06252920300718
TRI_Tesla,set5_features_metadata_corr95,GPR,log,protocol_holdout,exploration,7,107,15.002732460823662
TRI_Tesla,set5_features_metadata_corr95,GPR,log,protocol_holdout,exploration,8,8,47.661684413011535
TRI_Tesla,set5_features_metadata_corr95,GPR,log,protocol_holdout,exploration,8,16,25.20588307522194
TRI_Tesla,set5_features_metadata_corr95,GPR,log,protocol_holdout,exploration,8,24,22.47890280048032
TRI_Tesla,set5_features_metadata_corr95,GPR,log,protocol_holdout,exploration,8,32,16.316443519929997
TRI_Tesla,set5_features_metadata_corr95,GPR,log,protocol_holdout,exploration,8,40,18.76762849161652
TRI_Tesla,set5_features_metadata_corr95,GPR,log,protocol_holdout,exploration,8,48,16.301680646481557
TRI_Tesla,set5_features_metadata_corr95,GPR,log,protocol_holdout,exploration,8,56,14.61941976500298
TRI_Tesla,set5_features_metadata_corr95,GPR,log,protocol_holdout,exploration,8,64,15.407667942497977
TRI_Tesla,set5_features_metadata_corr95,GPR,log,protocol_holdout,exploration,8,72,13.765721543014967
TRI_Tesla,set5_features_metadata_corr95,GPR,log,protocol_holdout,exploration,8,80,11.49686853462406
TRI_Tesla,set5_features_metadata_corr95,GPR,log,protocol_holdout,exploration,8,88,12.01618996994069
TRI_Tesla,set5_features_metadata_corr95,GPR,log,protocol_holdout,exploration,8,96,14.466406938593371
TRI_Tesla,set5_features_metadata_corr95,GPR,log,protocol_holdout,exploration,8,104,14.82515636849968
TRI_Tesla,set5_features_metadata_corr95,GPR,log,protocol_holdout,exploration,8,107,15.023606587804151
TRI_Tesla,set5_features_metadata_corr95,GPR,log,protocol_holdout,exploration,9,8,24.700973239048075
TRI_Tesla,set5_features_metadata_corr95,GPR,log,protocol_holdout,exploration,9,16,32.72613438847654
TRI_Tesla,set5_features_metadata_corr95,GPR,log,protocol_holdout,exploration,9,24,25.700262155406424
TRI_Tesla,set5_features_metadata_corr95,GPR,log,protocol_holdout,exploration,9,32,25.80915914951101
TRI_Tesla,set5_features_metadata_corr95,GPR,log,protocol_holdout,exploration,9,40,20.087300699417256
TRI_Tesla,set5_features_metadata_corr95,GPR,log,protocol_holdout,exploration,9,48,19.71779329276178
TRI_Tesla,set5_features_metadata_corr95,GPR,log,protocol_holdout,exploration,9,56,18.98908333888421
TRI_Tesla,set5_features_metadata_corr95,GPR,log,protocol_holdout,exploration,9,64,17.366009876826812
TRI_Tesla,set5_features_metadata_corr95,GPR,log,protocol_holdout,exploration,9,72,16.616762680837223
TRI_Tesla,set5_features_metadata_corr95,GPR,log,protocol_holdout,exploration,9,80,16.930236625415525
TRI_Tesla,set5_features_metadata_corr95,GPR,log,protocol_holdout,exploration,9,88,16.664625941965742
TRI_Tesla,set5_features_metadata_corr95,GPR,log,protocol_holdout,exploration,9,96,15.574289709075549
TRI_Tesla,set5_features_metadata_corr95,GPR,log,protocol_holdout,exploration,9,104,15.50568142876906
TRI_Tesla,set5_features_metadata_corr95,GPR,log,protocol_holdout,exploration,9,107,15.25122968758204
TRI_Tesla,set5_features_metadata_corr95,GPR,log,protocol_holdout,exploration,10,8,28.92928300256465
TRI_Tesla,set5_features_metadata_corr95,GPR,log,protocol_holdout,exploration,10,16,20.03309961575248
TRI_Tesla,set5_features_metadata_corr95,GPR,log,protocol_holdout,exploration,10,24,20.61155168452625
TRI_Tesla,set5_features_metadata_corr95,GPR,log,protocol_holdout,exploration,10,32,20.8039692502515
TRI_Tesla,set5_features_metadata_corr95,GPR,log,protocol_holdout,exploration,10,40,18.520176862076884
TRI_Tesla,set5_features_metadata_corr95,GPR,log,protocol_holdout,exploration,10,48,18.16901708777017
TRI_Tesla,set5_features_metadata_corr95,GPR,log,protocol_holdout,exploration,10,56,18.448792194964167
TRI_Tesla,set5_features_metadata_corr95,GPR,log,protocol_holdout,exploration,10,64,12.982368026926434
TRI_Tesla,set5_features_metadata_corr95,GPR,log,protocol_holdout,exploration,10,72,13.58221639824093
TRI_Tesla,set5_features_metadata_corr95,GPR,log,protocol_holdout,exploration,10,80,13.173803613824171
TRI_Tesla,set5_features_metadata_corr95,GPR,log,protocol_holdout,exploration,10,88,12.059770161072851
TRI_Tesla,set5_features_metadata_corr95,GPR,log,protocol_holdout,exploration,10,96,12.594386061827237
TRI_Tesla,set5_features_metadata_corr95,GPR,log,protocol_holdout,exploration,10,104,12.017408079889542
TRI_Tesla,set5_features_metadata_corr95,GPR,log,protocol_holdout,exploration,10,107,12.281055307014384
TRI_Tesla,set5_features_metadata_corr95,GPR,log,protocol_holdout,exploitation,1,8,23.54710303276485
TRI_Tesla,set5_features_metadata_corr95,GPR,log,protocol_holdout,exploitation,1,16,21.05933769246456
TRI_Tesla,set5_features_metadata_corr95,GPR,log,protocol_holdout,exploitation,1,24,25.612477343881768
TRI_Tesla,set5_features_metadata_corr95,GPR,log,protocol_holdout,exploitation,1,32,30.93958254662062
TRI_Tesla,set5_features_metadata_corr95,GPR,log,protocol_holdout,exploitation,1,40,23.87436151450516
TRI_Tesla,set5_features_metadata_corr95,GPR,log,protocol_holdout,exploitation,1,48,20.6571907381102
TRI_Tesla,set5_features_metadata_corr95,GPR,log,protocol_holdout,exploitation,1,56,18.92532543327756
TRI_Tesla,set5_features_metadata_corr95,GPR,log,protocol_holdout,exploitation,1,64,13.786888891505145
TRI_Tesla,set5_features_metadata_corr95,GPR,log,protocol_holdout,exploitation,1,72,14.217117820508005
TRI_Tesla,set5_features_metadata_corr95,GPR,log,protocol_holdout,exploitation,1,80,16.56063675959777
TRI_Tesla,set5_features_metadata_corr95,GPR,log,protocol_holdout,exploitation,1,88,14.248763003820434
TRI_Tesla,set5_features_metadata_corr95,GPR,log,protocol_holdout,exploitation,1,96,13.63795829375983
TRI_Tesla,set5_features_metadata_corr95,GPR,log,protocol_holdout,exploitation,1,104,12.468553160384692
TRI_Tesla,set5_features_metadata_corr95,GPR,log,protocol_holdout,exploitation,1,107,12.086061810536936
TRI_Tesla,set5_features_metadata_corr95,GPR,log,protocol_holdout,exploitation,2,8,24.6065961807429
TRI_Tesla,set5_features_metadata_corr95,GPR,log,protocol_holdout,exploitation,2,16,26.227381701824623
TRI_Tesla,set5_features_metadata_corr95,GPR,log,protocol_holdout,exploitation,2,24,23.73615777215611
TRI_Tesla,set5_features_metadata_corr95,GPR,log,protocol_holdout,exploitation,2,32,21.419243973412247
TRI_Tesla,set5_features_metadata_corr95,GPR,log,protocol_holdout,exploitation,2,40,27.92933756974148
TRI_Tesla,set5_features_metadata_corr95,GPR,log,protocol_holdout,exploitation,2,48,27.720035889138256
TRI_Tesla,set5_features_metadata_corr95,GPR,log,protocol_holdout,exploitation,2,56,25.72435267942905
TRI_Tesla,set5_features_metadata_corr95,GPR,log,protocol_holdout,exploitation,2,64,26.007706746677723
TRI_Tesla,set5_features_metadata_corr95,GPR,log,protocol_holdout,exploitation,2,72,22.378275278916195
TRI_Tesla,set5_features_metadata_corr95,GPR,log,protocol_holdout,exploitation,2,80,21.37789056016003
TRI_Tesla,set5_features_metadata_corr95,GPR,log,protocol_holdout,exploitation,2,88,20.256280034628
TRI_Tesla,set5_features_metadata_corr95,GPR,log,protocol_holdout,exploitation,2,96,20.67332539432453
TRI_Tesla,set5_features_metadata_corr95,GPR,log,protocol_holdout,exploitation,2,104,16.01160132704328
TRI_Tesla,set5_features_metadata_corr95,GPR,log,protocol_holdout,exploitation,2,107,13.79773755540954
TRI_Tesla,set5_features_metadata_corr95,GPR,log,protocol_holdout,exploitation,3,8,20.68088359754065
TRI_Tesla,set5_features_metadata_corr95,GPR,log,protocol_holdout,exploitation,3,16,19.73115192461257
TRI_Tesla,set5_features_metadata_corr95,GPR,log,protocol_holdout,exploitation,3,24,21.14109554968472
TRI_Tesla,set5_features_metadata_corr95,GPR,log,protocol_holdout,exploitation,3,32,18.65928606727167
TRI_Tesla,set5_features_metadata_corr95,GPR,log,protocol_holdout,exploitation,3,40,14.839828279872108
TRI_Tesla,set5_features_metadata_corr95,GPR,log,protocol_holdout,exploitation,3,48,15.825905825882714
TRI_Tesla,set5_features_metadata_corr95,GPR,log,protocol_holdout,exploitation,3,56,16.100580404176903
TRI_Tesla,set5_features_metadata_corr95,GPR,log,protocol_holdout,exploitation,3,64,15.314271007189433
TRI_Tesla,set5_features_metadata_corr95,GPR,log,protocol_holdout,exploitation,3,72,19.021958863190378
TRI_Tesla,set5_features_metadata_corr95,GPR,log,protocol_holdout,exploitation,3,80,18.414226318542813
TRI_Tesla,set5_features_metadata_corr95,GPR,log,protocol_holdout,exploitation,3,88,17.82859141962444
TRI_Tesla,set5_features_metadata_corr95,GPR,log,protocol_holdout,exploitation,3,96,13.851361278680285
TRI_Tesla,set5_features_metadata_corr95,GPR,log,protocol_holdout,exploitation,3,104,14.499800350522491
TRI_Tesla,set5_features_metadata_corr95,GPR,log,protocol_holdout,exploitation,3,107,14.884477796849184
TRI_Tesla,set5_features_metadata_corr95,GPR,log,protocol_holdout,exploitation,4,8,64.97592560446229
TRI_Tesla,set5_features_metadata_corr95,GPR,log,protocol_holdout,exploitation,4,16,89.00060280262706
TRI_Tesla,set5_features_metadata_corr95,GPR,log,protocol_holdout,exploitation,4,24,55.01352087755868
TRI_Tesla,set5_features_metadata_corr95,GPR,log,protocol_holdout,exploitation,4,32,55.661686522685
TRI_Tesla,set5_features_metadata_corr95,GPR,log,protocol_holdout,exploitation,4,40,63.6992304061567
TRI_Tesla,set5_features_metadata_corr95,GPR,log,protocol_holdout,exploitation,4,48,63.8584838951252
TRI_Tesla,set5_features_metadata_corr95,GPR,log,protocol_holdout,exploitation,4,56,63.352076410226665
TRI_Tesla,set5_features_metadata_corr95,GPR,log,protocol_holdout,exploitation,4,64,61.885179263632274
TRI_Tesla,set5_features_metadata_corr95,GPR,log,protocol_holdout,exploitation,4,72,64.63233813821994
TRI_Tesla,set5_features_metadata_corr95,GPR,log,protocol_holdout,exploitation,4,80,47.10618990034282
TRI_Tesla,set5_features_metadata_corr95,GPR,log,protocol_holdout,exploitation,4,88,37.55369483052021
TRI_Tesla,set5_features_metadata_corr95,GPR,log,protocol_holdout,exploitation,4,96,34.26726523875832
TRI_Tesla,set5_features_metadata_corr95,GPR,log,protocol_holdout,exploitation,4,104,33.524634102023825
TRI_Tesla,set5_features_metadata_corr95,GPR,log,protocol_holdout,exploitation,4,107,25.54591756697
TRI_Tesla,set5_features_metadata_corr95,GPR,log,protocol_holdout,exploitation,5,8,84.65435364152684
TRI_Tesla,set5_features_metadata_corr95,GPR,log,protocol_holdout,exploitation,5,16,36.667521289032656
TRI_Tesla,set5_features_metadata_corr95,GPR,log,protocol_holdout,exploitation,5,24,23.23046557406455
TRI_Tesla,set5_features_metadata_corr95,GPR,log,protocol_holdout,exploitation,5,32,27.703344234912542
TRI_Tesla,set5_features_metadata_corr95,GPR,log,protocol_holdout,exploitation,5,40,31.1795125141478
TRI_Tesla,set5_features_metadata_corr95,GPR,log,protocol_holdout,exploitation,5,48,27.738976721200064
TRI_Tesla,set5_features_metadata_corr95,GPR,log,protocol_holdout,exploitation,5,56,26.53326204266581
TRI_Tesla,set5_features_metadata_corr95,GPR,log,protocol_holdout,exploitation,5,64,27.12041023438068
TRI_Tesla,set5_features_metadata_corr95,GPR,log,protocol_holdout,exploitation,5,72,27.168987777036783
TRI_Tesla,set5_features_metadata_corr95,GPR,log,protocol_holdout,exploitation,5,80,23.85287216127044
TRI_Tesla,set5_features_metadata_corr95,GPR,log,protocol_holdout,exploitation,5,88,25.858141567865044
TRI_Tesla,set5_features_metadata_corr95,GPR,log,protocol_holdout,exploitation,5,96,25.35182186970353
TRI_Tesla,set5_features_metadata_corr95,GPR,log,protocol_holdout,exploitation,5,104,25.6817071092512
TRI_Tesla,set5_features_metadata_corr95,GPR,log,protocol_holdout,exploitation,5,107,23.13031692786659
TRI_Tesla,set5_features_metadata_corr95,GPR,log,protocol_holdout,exploitation,6,8,26.77495088378698
TRI_Tesla,set5_features_metadata_corr95,GPR,log,protocol_holdout,exploitation,6,16,27.632516871016254
TRI_Tesla,set5_features_metadata_corr95,GPR,log,protocol_holdout,exploitation,6,24,27.791700686576903
TRI_Tesla,set5_features_metadata_corr95,GPR,log,protocol_holdout,exploitation,6,32,29.649840357223628
TRI_Tesla,set5_features_metadata_corr95,GPR,log,protocol_holdout,exploitation,6,40,23.946953547025487
TRI_Tesla,set5_features_metadata_corr95,GPR,log,protocol_holdout,exploitation,6,48,19.27046011493901
TRI_Tesla,set5_features_metadata_corr95,GPR,log,protocol_holdout,exploitation,6,56,12.46554183823679
TRI_Tesla,set5_features_metadata_corr95,GPR,log,protocol_holdout,exploitation,6,64,10.705516280250675
TRI_Tesla,set5_features_metadata_corr95,GPR,log,protocol_holdout,exploitation,6,72,10.918037381936228
TRI_Tesla,set5_features_metadata_corr95,GPR,log,protocol_holdout,exploitation,6,80,13.633150752692046
TRI_Tesla,set5_features_metadata_corr95,GPR,log,protocol_holdout,exploitation,6,88,12.995047740228028
TRI_Tesla,set5_features_metadata_corr95,GPR,log,protocol_holdout,exploitation,6,96,13.903108872494585
TRI_Tesla,set5_features_metadata_corr95,GPR,log,protocol_holdout,exploitation,6,104,13.82733073862092
TRI_Tesla,set5_features_metadata_corr95,GPR,log,protocol_holdout,exploitation,6,107,13.287951714549475
TRI_Tesla,set5_features_metadata_corr95,GPR,log,protocol_holdout,exploitation,7,8,24.647970367950915
TRI_Tesla,set5_features_metadata_corr95,GPR,log,protocol_holdout,exploitation,7,16,37.99838519809441
TRI_Tesla,set5_features_metadata_corr95,GPR,log,protocol_holdout,exploitation,7,24,33.348047216682225
TRI_Tesla,set5_features_metadata_corr95,GPR,log,protocol_holdout,exploitation,7,32,33.916236910720194
TRI_Tesla,set5_features_metadata_corr95,GPR,log,protocol_holdout,exploitation,7,40,17.549355987301993
TRI_Tesla,set5_features_metadata_corr95,GPR,log,protocol_holdout,exploitation,7,48,16.227561129928603
TRI_Tesla,set5_features_metadata_corr95,GPR,log,protocol_holdout,exploitation,7,56,22.97032628899589
TRI_Tesla,set5_features_metadata_corr95,GPR,log,protocol_holdout,exploitation,7,64,16.86757158701249
TRI_Tesla,set5_features_metadata_corr95,GPR,log,protocol_holdout,exploitation,7,72,16.218042215991634
TRI_Tesla,set5_features_metadata_corr95,GPR,log,protocol_holdout,exploitation,7,80,15.20715882152713
TRI_Tesla,set5_features_metadata_corr95,GPR,log,protocol_holdout,exploitation,7,88,13.146407358737257
TRI_Tesla,set5_features_metadata_corr95,GPR,log,protocol_holdout,exploitation,7,96,15.185048339367318
TRI_Tesla,set5_features_metadata_corr95,GPR,log,protocol_holdout,exploitation,7,104,14.104016082999223
TRI_Tesla,set5_features_metadata_corr95,GPR,log,protocol_holdout,exploitation,7,107,15.002732460823662
TRI_Tesla,set5_features_metadata_corr95,GPR,log,protocol_holdout,exploitation,8,8,47.661684413011535
TRI_Tesla,set5_features_metadata_corr95,GPR,log,protocol_holdout,exploitation,8,16,38.935697146519416
TRI_Tesla,set5_features_metadata_corr95,GPR,log,protocol_holdout,exploitation,8,24,38.50006488429574
TRI_Tesla,set5_features_metadata_corr95,GPR,log,protocol_holdout,exploitation,8,32,59.72006105121527
TRI_Tesla,set5_features_metadata_corr95,GPR,log,protocol_holdout,exploitation,8,40,60.821733665571095
TRI_Tesla,set5_features_metadata_corr95,GPR,log,protocol_holdout,exploitation,8,48,54.85291969820133
TRI_Tesla,set5_features_metadata_corr95,GPR,log,protocol_holdout,exploitation,8,56,68.97162892377425
TRI_Tesla,set5_features_metadata_corr95,GPR,log,protocol_holdout,exploitation,8,64,24.570652493223555
TRI_Tesla,set5_features_metadata_corr95,GPR,log,protocol_holdout,exploitation,8,72,26.26180300241198
TRI_Tesla,set5_features_metadata_corr95,GPR,log,protocol_holdout,exploitation,8,80,17.846746545372824
TRI_Tesla,set5_features_metadata_corr95,GPR,log,protocol_holdout,exploitation,8,88,18.04499251510677
TRI_Tesla,set5_features_metadata_corr95,GPR,log,protocol_holdout,exploitation,8,96,19.76797465029593
TRI_Tesla,set5_features_metadata_corr95,GPR,log,protocol_holdout,exploitation,8,104,17.603673312260845
TRI_Tesla,set5_features_metadata_corr95,GPR,log,protocol_holdout,exploitation,8,107,15.023606587804151
TRI_Tesla,set5_features_metadata_corr95,GPR,log,protocol_holdout,exploitation,9,8,24.700973239048075
TRI_Tesla,set5_features_metadata_corr95,GPR,log,protocol_holdout,exploitation,9,16,21.55547188774944
TRI_Tesla,set5_features_metadata_corr95,GPR,log,protocol_holdout,exploitation,9,24,31.48658436537648
TRI_Tesla,set5_features_metadata_corr95,GPR,log,protocol_holdout,exploitation,9,32,29.108291245686257
TRI_Tesla,set5_features_metadata_corr95,GPR,log,protocol_holdout,exploitation,9,40,22.592137875932952
TRI_Tesla,set5_features_metadata_corr95,GPR,log,protocol_holdout,exploitation,9,48,21.42409357017115
TRI_Tesla,set5_features_metadata_corr95,GPR,log,protocol_holdout,exploitation,9,56,17.258773048158734
TRI_Tesla,set5_features_metadata_corr95,GPR,log,protocol_holdout,exploitation,9,64,17.67736806670739
TRI_Tesla,set5_features_metadata_corr95,GPR,log,protocol_holdout,exploitation,9,72,15.209791733821174
TRI_Tesla,set5_features_metadata_corr95,GPR,log,protocol_holdout,exploitation,9,80,16.777709630442047
TRI_Tesla,set5_features_metadata_corr95,GPR,log,protocol_holdout,exploitation,9,88,15.752517966387266
TRI_Tesla,set5_features_metadata_corr95,GPR,log,protocol_holdout,exploitation,9,96,15.43082846201763
TRI_Tesla,set5_features_metadata_corr95,GPR,log,protocol_holdout,exploitation,9,104,15.679698433333602
TRI_Tesla,set5_features_metadata_corr95,GPR,log,protocol_holdout,exploitation,9,107,15.25122968758204
TRI_Tesla,set5_features_metadata_corr95,GPR,log,protocol_holdout,exploitation,10,8,28.92928300256465
TRI_Tesla,set5_features_metadata_corr95,GPR,log,protocol_holdout,exploitation,10,16,49.43511670132967
TRI_Tesla,set5_features_metadata_corr95,GPR,log,protocol_holdout,exploitation,10,24,34.47119332980088
TRI_Tesla,set5_features_metadata_corr95,GPR,log,protocol_holdout,exploitation,10,32,30.10133690718431
TRI_Tesla,set5_features_metadata_corr95,GPR,log,protocol_holdout,exploitation,10,40,32.26820957425086
TRI_Tesla,set5_features_metadata_corr95,GPR,log,protocol_holdout,exploitation,10,48,21.244727279231444
TRI_Tesla,set5_features_metadata_corr95,GPR,log,protocol_holdout,exploitation,10,56,15.20778281496031
TRI_Tesla,set5_features_metadata_corr95,GPR,log,protocol_holdout,exploitation,10,64,14.72431941998662
TRI_Tesla,set5_features_metadata_corr95,GPR,log,protocol_holdout,exploitation,10,72,14.63631095089872
TRI_Tesla,set5_features_metadata_corr95,GPR,log,protocol_holdout,exploitation,10,80,14.28070058730913
TRI_Tesla,set5_features_metadata_corr95,GPR,log,protocol_holdout,exploitation,10,88,14.565233006963382
TRI_Tesla,set5_features_metadata_corr95,GPR,log,protocol_holdout,exploitation,10,96,12.587391225954
TRI_Tesla,set5_features_metadata_corr95,GPR,log,protocol_holdout,exploitation,10,104,12.212367436366891
TRI_Tesla,set5_features_metadata_corr95,GPR,log,protocol_holdout,exploitation,10,107,12.281055307014384
TRI_Tesla,set5_features_metadata_corr95,GPR,log,protocol_holdout,hybrid,1,8,23.54710303276485
TRI_Tesla,set5_features_metadata_corr95,GPR,log,protocol_holdout,hybrid,1,16,22.75938866198973
TRI_Tesla,set5_features_metadata_corr95,GPR,log,protocol_holdout,hybrid,1,24,19.18186448121187
TRI_Tesla,set5_features_metadata_corr95,GPR,log,protocol_holdout,hybrid,1,32,14.737490265748058
TRI_Tesla,set5_features_metadata_corr95,GPR,log,protocol_holdout,hybrid,1,40,14.112707038279218
TRI_Tesla,set5_features_metadata_corr95,GPR,log,protocol_holdout,hybrid,1,48,13.156734251185496
TRI_Tesla,set5_features_metadata_corr95,GPR,log,protocol_holdout,hybrid,1,56,10.995009519400032
TRI_Tesla,set5_features_metadata_corr95,GPR,log,protocol_holdout,hybrid,1,64,10.945086495483777
TRI_Tesla,set5_features_metadata_corr95,GPR,log,protocol_holdout,hybrid,1,72,11.72545623748177
TRI_Tesla,set5_features_metadata_corr95,GPR,log,protocol_holdout,hybrid,1,80,11.03188983051513
TRI_Tesla,set5_features_metadata_corr95,GPR,log,protocol_holdout,hybrid,1,88,11.165545378522806
TRI_Tesla,set5_features_metadata_corr95,GPR,log,protocol_holdout,hybrid,1,96,11.7595062323046
TRI_Tesla,set5_features_metadata_corr95,GPR,log,protocol_holdout,hybrid,1,104,11.938338512155571
TRI_Tesla,set5_features_metadata_corr95,GPR,log,protocol_holdout,hybrid,1,107,12.086061810536936
TRI_Tesla,set5_features_metadata_corr95,GPR,log,protocol_holdout,hybrid,2,8,24.6065961807429
TRI_Tesla,set5_features_metadata_corr95,GPR,log,protocol_holdout,hybrid,2,16,16.110355026837055
TRI_Tesla,set5_features_metadata_corr95,GPR,log,protocol_holdout,hybrid,2,24,14.862808433368317
TRI_Tesla,set5_features_metadata_corr95,GPR,log,protocol_holdout,hybrid,2,32,21.64453690834583
TRI_Tesla,set5_features_metadata_corr95,GPR,log,protocol_holdout,hybrid,2,40,20.63500376191873
TRI_Tesla,set5_features_metadata_corr95,GPR,log,protocol_holdout,hybrid,2,48,17.07475650202491
TRI_Tesla,set5_features_metadata_corr95,GPR,log,protocol_holdout,hybrid,2,56,18.14979424128636
TRI_Tesla,set5_features_metadata_corr95,GPR,log,protocol_holdout,hybrid,2,64,17.20634576625687
TRI_Tesla,set5_features_metadata_corr95,GPR,log,protocol_holdout,hybrid,2,72,18.147593848433782
TRI_Tesla,set5_features_metadata_corr95,GPR,log,protocol_holdout,hybrid,2,80,16.561929530956064
TRI_Tesla,set5_features_metadata_corr95,GPR,log,protocol_holdout,hybrid,2,88,15.293415451628686
TRI_Tesla,set5_features_metadata_corr95,GPR,log,protocol_holdout,hybrid,2,96,14.171004896666345
TRI_Tesla,set5_features_metadata_corr95,GPR,log,protocol_holdout,hybrid,2,104,13.483888304521113
TRI_Tesla,set5_features_metadata_corr95,GPR,log,protocol_holdout,hybrid,2,107,13.79773755540954
TRI_Tesla,set5_features_metadata_corr95,GPR,log,protocol_holdout,hybrid,3,8,20.68088359754065
TRI_Tesla,set5_features_metadata_corr95,GPR,log,protocol_holdout,hybrid,3,16,20.643390708265105
TRI_Tesla,set5_features_metadata_corr95,GPR,log,protocol_holdout,hybrid,3,24,24.74504812180041
TRI_Tesla,set5_features_metadata_corr95,GPR,log,protocol_holdout,hybrid,3,32,21.33715592857017
TRI_Tesla,set5_features_metadata_corr95,GPR,log,protocol_holdout,hybrid,3,40,13.742614109755833
TRI_Tesla,set5_features_metadata_corr95,GPR,log,protocol_holdout,hybrid,3,48,15.094489327159524
TRI_Tesla,set5_features_metadata_corr95,GPR,log,protocol_holdout,hybrid,3,56,21.56326611305992
TRI_Tesla,set5_features_metadata_corr95,GPR,log,protocol_holdout,hybrid,3,64,14.115298362596516
TRI_Tesla,set5_features_metadata_corr95,GPR,log,protocol_holdout,hybrid,3,72,13.524813232532685
TRI_Tesla,set5_features_metadata_corr95,GPR,log,protocol_holdout,hybrid,3,80,13.711555675552034
TRI_Tesla,set5_features_metadata_corr95,GPR,log,protocol_holdout,hybrid,3,88,14.417093326812708
TRI_Tesla,set5_features_metadata_corr95,GPR,log,protocol_holdout,hybrid,3,96,15.037544957112434
TRI_Tesla,set5_features_metadata_corr95,GPR,log,protocol_holdout,hybrid,3,104,14.941490545982491
TRI_Tesla,set5_features_metadata_corr95,GPR,log,protocol_holdout,hybrid,3,107,14.884477796849184
TRI_Tesla,set5_features_metadata_corr95,GPR,log,protocol_holdout,hybrid,4,8,64.97592560446229
TRI_Tesla,set5_features_metadata_corr95,GPR,log,protocol_holdout,hybrid,4,16,23.42139455690231
TRI_Tesla,set5_features_metadata_corr95,GPR,log,protocol_holdout,hybrid,4,24,23.011597544958885
TRI_Tesla,set5_features_metadata_corr95,GPR,log,protocol_holdout,hybrid,4,32,25.37206521949178
TRI_Tesla,set5_features_metadata_corr95,GPR,log,protocol_holdout,hybrid,4,40,22.87640864640224
TRI_Tesla,set5_features_metadata_corr95,GPR,log,protocol_holdout,hybrid,4,48,20.865564103328204
TRI_Tesla,set5_features_metadata_corr95,GPR,log,protocol_holdout,hybrid,4,56,19.47487753902041
TRI_Tesla,set5_features_metadata_corr95,GPR,log,protocol_holdout,hybrid,4,64,20.10152104635788
TRI_Tesla,set5_features_metadata_corr95,GPR,log,protocol_holdout,hybrid,4,72,20.98278187594425
TRI_Tesla,set5_features_metadata_corr95,GPR,log,protocol_holdout,hybrid,4,80,20.036650064480263
TRI_Tesla,set5_features_metadata_corr95,GPR,log,protocol_holdout,hybrid,4,88,20.31229504532493
TRI_Tesla,set5_features_metadata_corr95,GPR,log,protocol_holdout,hybrid,4,96,24.371249066300177
TRI_Tesla,set5_features_metadata_corr95,GPR,log,protocol_holdout,hybrid,4,104,24.504887079741515
TRI_Tesla,set5_features_metadata_corr95,GPR,log,protocol_holdout,hybrid,4,107,25.54591756697
TRI_Tesla,set5_features_metadata_corr95,GPR,log,protocol_holdout,hybrid,5,8,84.65435364152684
TRI_Tesla,set5_features_metadata_corr95,GPR,log,protocol_holdout,hybrid,5,16,19.6111173071975
TRI_Tesla,set5_features_metadata_corr95,GPR,log,protocol_holdout,hybrid,5,24,17.726580326644093
TRI_Tesla,set5_features_metadata_corr95,GPR,log,protocol_holdout,hybrid,5,32,18.691229739966808
TRI_Tesla,set5_features_metadata_corr95,GPR,log,protocol_holdout,hybrid,5,40,20.5781543393595
TRI_Tesla,set5_features_metadata_corr95,GPR,log,protocol_holdout,hybrid,5,48,20.77225893403337
TRI_Tesla,set5_features_metadata_corr95,GPR,log,protocol_holdout,hybrid,5,56,20.75237052306718
TRI_Tesla,set5_features_metadata_corr95,GPR,log,protocol_holdout,hybrid,5,64,20.53143236568909
TRI_Tesla,set5_features_metadata_corr95,GPR,log,protocol_holdout,hybrid,5,72,20.59589388509317
TRI_Tesla,set5_features_metadata_corr95,GPR,log,protocol_holdout,hybrid,5,80,19.895808091749213
TRI_Tesla,set5_features_metadata_corr95,GPR,log,protocol_holdout,hybrid,5,88,22.10973756848772
TRI_Tesla,set5_features_metadata_corr95,GPR,log,protocol_holdout,hybrid,5,96,22.315350525484373
TRI_Tesla,set5_features_metadata_corr95,GPR,log,protocol_holdout,hybrid,5,104,22.775662353342803
TRI_Tesla,set5_features_metadata_corr95,GPR,log,protocol_holdout,hybrid,5,107,23.13031692786659
TRI_Tesla,set5_features_metadata_corr95,GPR,log,protocol_holdout,hybrid,6,8,26.77495088378698
TRI_Tesla,set5_features_metadata_corr95,GPR,log,protocol_holdout,hybrid,6,16,24.018395484165257
TRI_Tesla,set5_features_metadata_corr95,GPR,log,protocol_holdout,hybrid,6,24,18.1059581518795
TRI_Tesla,set5_features_metadata_corr95,GPR,log,protocol_holdout,hybrid,6,32,15.79348806322621
TRI_Tesla,set5_features_metadata_corr95,GPR,log,protocol_holdout,hybrid,6,40,15.232375629198394
TRI_Tesla,set5_features_metadata_corr95,GPR,log,protocol_holdout,hybrid,6,48,15.82604098892408
TRI_Tesla,set5_features_metadata_corr95,GPR,log,protocol_holdout,hybrid,6,56,15.712418578177909
TRI_Tesla,set5_features_metadata_corr95,GPR,log,protocol_holdout,hybrid,6,64,15.664260106569769
TRI_Tesla,set5_features_metadata_corr95,GPR,log,protocol_holdout,hybrid,6,72,14.807982796757448
TRI_Tesla,set5_features_metadata_corr95,GPR,log,protocol_holdout,hybrid,6,80,13.497348300242525
TRI_Tesla,set5_features_metadata_corr95,GPR,log,protocol_holdout,hybrid,6,88,13.193434185110528
TRI_Tesla,set5_features_metadata_corr95,GPR,log,protocol_holdout,hybrid,6,96,13.810495648056204
TRI_Tesla,set5_features_metadata_corr95,GPR,log,protocol_holdout,hybrid,6,104,13.460716548915045
TRI_Tesla,set5_features_metadata_corr95,GPR,log,protocol_holdout,hybrid,6,107,13.287951714549475
TRI_Tesla,set5_features_metadata_corr95,GPR,log,protocol_holdout,hybrid,7,8,24.647970367950915
TRI_Tesla,set5_features_metadata_corr95,GPR,log,protocol_holdout,hybrid,7,16,17.432947508728606
TRI_Tesla,set5_features_metadata_corr95,GPR,log,protocol_holdout,hybrid,7,24,18.53333735911849
TRI_Tesla,set5_features_metadata_corr95,GPR,log,protocol_holdout,hybrid,7,32,16.392270745572883
TRI_Tesla,set5_features_metadata_corr95,GPR,log,protocol_holdout,hybrid,7,40,17.2121626262441
TRI_Tesla,set5_features_metadata_corr95,GPR,log,protocol_holdout,hybrid,7,48,14.757762228342852
TRI_Tesla,set5_features_metadata_corr95,GPR,log,protocol_holdout,hybrid,7,56,14.522506671419084
TRI_Tesla,set5_features_metadata_corr95,GPR,log,protocol_holdout,hybrid,7,64,15.031763152761725
TRI_Tesla,set5_features_metadata_corr95,GPR,log,protocol_holdout,hybrid,7,72,15.021934397335457
TRI_Tesla,set5_features_metadata_corr95,GPR,log,protocol_holdout,hybrid,7,80,14.687741609357206
TRI_Tesla,set5_features_metadata_corr95,GPR,log,protocol_holdout,hybrid,7,88,14.700472269145363
TRI_Tesla,set5_features_metadata_corr95,GPR,log,protocol_holdout,hybrid,7,96,14.536346135324235
TRI_Tesla,set5_features_metadata_corr95,GPR,log,protocol_holdout,hybrid,7,104,14.860054523709074
TRI_Tesla,set5_features_metadata_corr95,GPR,log,protocol_holdout,hybrid,7,107,15.002732460823662
TRI_Tesla,set5_features_metadata_corr95,GPR,log,protocol_holdout,hybrid,8,8,47.661684413011535
TRI_Tesla,set5_features_metadata_corr95,GPR,log,protocol_holdout,hybrid,8,16,17.590425871687028
TRI_Tesla,set5_features_metadata_corr95,GPR,log,protocol_holdout,hybrid,8,24,17.8605439867968
TRI_Tesla,set5_features_metadata_corr95,GPR,log,protocol_holdout,hybrid,8,32,18.22723040578668
TRI_Tesla,set5_features_metadata_corr95,GPR,log,protocol_holdout,hybrid,8,40,16.196045702727602
TRI_Tesla,set5_features_metadata_corr95,GPR,log,protocol_holdout,hybrid,8,48,15.287470891471177
TRI_Tesla,set5_features_metadata_corr95,GPR,log,protocol_holdout,hybrid,8,56,13.041656288664583
TRI_Tesla,set5_features_metadata_corr95,GPR,log,protocol_holdout,hybrid,8,64,13.103680670879042
TRI_Tesla,set5_features_metadata_corr95,GPR,log,protocol_holdout,hybrid,8,72,12.105617907718152
TRI_Tesla,set5_features_metadata_corr95,GPR,log,protocol_holdout,hybrid,8,80,12.103106172425775
TRI_Tesla,set5_features_metadata_corr95,GPR,log,protocol_holdout,hybrid,8,88,12.447768478793888
TRI_Tesla,set5_features_metadata_corr95,GPR,log,protocol_holdout,hybrid,8,96,13.85133761027576
TRI_Tesla,set5_features_metadata_corr95,GPR,log,protocol_holdout,hybrid,8,104,15.007283343858896
TRI_Tesla,set5_features_metadata_corr95,GPR,log,protocol_holdout,hybrid,8,107,15.023606587804151
TRI_Tesla,set5_features_metadata_corr95,GPR,log,protocol_holdout,hybrid,9,8,24.700973239048075
TRI_Tesla,set5_features_metadata_corr95,GPR,log,protocol_holdout,hybrid,9,16,25.24375503022612
TRI_Tesla,set5_features_metadata_corr95,GPR,log,protocol_holdout,hybrid,9,24,26.067885417683744
TRI_Tesla,set5_features_metadata_corr95,GPR,log,protocol_holdout,hybrid,9,32,21.09472438439968
TRI_Tesla,set5_features_metadata_corr95,GPR,log,protocol_holdout,hybrid,9,40,21.51889420051827
TRI_Tesla,set5_features_metadata_corr95,GPR,log,protocol_holdout,hybrid,9,48,20.62181939375145
TRI_Tesla,set5_features_metadata_corr95,GPR,log,protocol_holdout,hybrid,9,56,18.869941724910063
TRI_Tesla,set5_features_metadata_corr95,GPR,log,protocol_holdout,hybrid,9,64,17.43175876768206
TRI_Tesla,set5_features_metadata_corr95,GPR,log,protocol_holdout,hybrid,9,72,15.69551486032764
TRI_Tesla,set5_features_metadata_corr95,GPR,log,protocol_holdout,hybrid,9,80,15.52345205121116
TRI_Tesla,set5_features_metadata_corr95,GPR,log,protocol_holdout,hybrid,9,88,15.13808839369665
TRI_Tesla,set5_features_metadata_corr95,GPR,log,protocol_holdout,hybrid,9,96,15.851781097980057
TRI_Tesla,set5_features_metadata_corr95,GPR,log,protocol_holdout,hybrid,9,104,15.26521714032006
TRI_Tesla,set5_features_metadata_corr95,GPR,log,protocol_holdout,hybrid,9,107,15.25122968758204
TRI_Tesla,set5_features_metadata_corr95,GPR,log,protocol_holdout,hybrid,10,8,28.92928300256465
TRI_Tesla,set5_features_metadata_corr95,GPR,log,protocol_holdout,hybrid,10,16,19.72740312877596
TRI_Tesla,set5_features_metadata_corr95,GPR,log,protocol_holdout,hybrid,10,24,17.561398672025952
TRI_Tesla,set5_features_metadata_corr95,GPR,log,protocol_holdout,hybrid,10,32,18.926364874350327
TRI_Tesla,set5_features_metadata_corr95,GPR,log,protocol_holdout,hybrid,10,40,18.976833866605265
TRI_Tesla,set5_features_metadata_corr95,GPR,log,protocol_holdout,hybrid,10,48,18.344279327008937
TRI_Tesla,set5_features_metadata_corr95,GPR,log,protocol_holdout,hybrid,10,56,16.049963586833275
TRI_Tesla,set5_features_metadata_corr95,GPR,log,protocol_holdout,hybrid,10,64,15.035709037455478
TRI_Tesla,set5_features_metadata_corr95,GPR,log,protocol_holdout,hybrid,10,72,13.497786725603024
TRI_Tesla,set5_features_metadata_corr95,GPR,log,protocol_holdout,hybrid,10,80,12.26523176544216
TRI_Tesla,set5_features_metadata_corr95,GPR,log,protocol_holdout,hybrid,10,88,11.963367862333063
TRI_Tesla,set5_features_metadata_corr95,GPR,log,protocol_holdout,hybrid,10,96,12.160617010205897
TRI_Tesla,set5_features_metadata_corr95,GPR,log,protocol_holdout,hybrid,10,104,11.901009200478676
TRI_Tesla,set5_features_metadata_corr95,GPR,log,protocol_holdout,hybrid,10,107,12.281055307014384
