dataset,feature_set,regressor,target_transform,pool_holdout_split_mode,method,trial,budget_total,mape
MIT,set3_features,GPR,log,protocol_holdout,random_selection,1,8,25.15512380117696
MIT,set3_features,GPR,log,protocol_holdout,random_selection,1,16,31.38488671362656
MIT,set3_features,GPR,log,protocol_holdout,random_selection,1,24,29.40225214457588
MIT,set3_features,GPR,log,protocol_holdout,random_selection,1,32,27.20366963366193
MIT,set3_features,GPR,log,protocol_holdout,random_selection,1,40,18.78008737842802
MIT,set3_features,GPR,log,protocol_holdout,random_selection,1,48,19.117038177799
MIT,set3_features,GPR,log,protocol_holdout,random_selection,1,56,18.34349257826369
MIT,set3_features,GPR,log,protocol_holdout,random_selection,1,64,18.45692402334673
MIT,set3_features,GPR,log,protocol_holdout,random_selection,1,72,19.65921927360604
MIT,set3_features,GPR,log,protocol_holdout,random_selection,1,80,20.320161453852467
MIT,set3_features,GPR,log,protocol_holdout,random_selection,1,88,20.27452548112681
MIT,set3_features,GPR,log,protocol_holdout,random_selection,1,96,20.148567253440405
MIT,set3_features,GPR,log,protocol_holdout,random_selection,1,99,20.106143053427765
MIT,set3_features,GPR,log,protocol_holdout,random_selection,2,8,17.509686399924014
MIT,set3_features,GPR,log,protocol_holdout,random_selection,2,16,17.30499414254699
MIT,set3_features,GPR,log,protocol_holdout,random_selection,2,24,12.527483413406369
MIT,set3_features,GPR,log,protocol_holdout,random_selection,2,32,11.848306156721504
MIT,set3_features,GPR,log,protocol_holdout,random_selection,2,40,12.250445622905213
MIT,set3_features,GPR,log,protocol_holdout,random_selection,2,48,11.897831328508378
MIT,set3_features,GPR,log,protocol_holdout,random_selection,2,56,11.139810126907596
MIT,set3_features,GPR,log,protocol_holdout,random_selection,2,64,11.946890280198453
MIT,set3_features,GPR,log,protocol_holdout,random_selection,2,72,13.791596470478998
MIT,set3_features,GPR,log,protocol_holdout,random_selection,2,80,14.406703080488862
MIT,set3_features,GPR,log,protocol_holdout,random_selection,2,88,12.048633572184936
MIT,set3_features,GPR,log,protocol_holdout,random_selection,2,96,11.864852970196736
MIT,set3_features,GPR,log,protocol_holdout,random_selection,2,99,12.00899183955939
MIT,set3_features,GPR,log,protocol_holdout,random_selection,3,8,14.38733212551004
MIT,set3_features,GPR,log,protocol_holdout,random_selection,3,16,20.61093544199082
MIT,set3_features,GPR,log,protocol_holdout,random_selection,3,24,17.51975458995902
MIT,set3_features,GPR,log,protocol_holdout,random_selection,3,32,15.824187512876003
MIT,set3_features,GPR,log,protocol_holdout,random_selection,3,40,15.519905682614407
MIT,set3_features,GPR,log,protocol_holdout,random_selection,3,48,15.24834865323054
MIT,set3_features,GPR,log,protocol_holdout,random_selection,3,56,15.31286001715689
MIT,set3_features,GPR,log,protocol_holdout,random_selection,3,64,15.5577829153249
MIT,set3_features,GPR,log,protocol_holdout,random_selection,3,72,16.595696428933802
MIT,set3_features,GPR,log,protocol_holdout,random_selection,3,80,29.429516465859784
MIT,set3_features,GPR,log,protocol_holdout,random_selection,3,88,24.830331252682942
MIT,set3_features,GPR,log,protocol_holdout,random_selection,3,96,28.696355389674373
MIT,set3_features,GPR,log,protocol_holdout,random_selection,3,99,22.423166888388167
MIT,set3_features,GPR,log,protocol_holdout,random_selection,4,8,11.862676610593088
MIT,set3_features,GPR,log,protocol_holdout,random_selection,4,16,12.414896785923473
MIT,set3_features,GPR,log,protocol_holdout,random_selection,4,24,10.646809389904298
MIT,set3_features,GPR,log,protocol_holdout,random_selection,4,32,9.747895272205971
MIT,set3_features,GPR,log,protocol_holdout,random_selection,4,40,11.935646337311082
MIT,set3_features,GPR,log,protocol_holdout,random_selection,4,48,10.260113983278048
MIT,set3_features,GPR,log,protocol_holdout,random_selection,4,56,9.36151580962096
MIT,set3_features,GPR,log,protocol_holdout,random_selection,4,64,9.0491547554659
MIT,set3_features,GPR,log,protocol_holdout,random_selection,4,72,10.242627190962176
MIT,set3_features,GPR,log,protocol_holdout,random_selection,4,80,10.077072885891225
MIT,set3_features,GPR,log,protocol_holdout,random_selection,4,88,10.004122983995622
MIT,set3_features,GPR,log,protocol_holdout,random_selection,4,96,9.443687100056382
MIT,set3_features,GPR,log,protocol_holdout,random_selection,4,99,9.03360753202288
MIT,set3_features,GPR,log,protocol_holdout,random_selection,5,8,13.426248852631923
MIT,set3_features,GPR,log,protocol_holdout,random_selection,5,16,12.684651794641455
MIT,set3_features,GPR,log,protocol_holdout,random_selection,5,24,17.94853172756956
MIT,set3_features,GPR,log,protocol_holdout,random_selection,5,32,15.814037260959877
MIT,set3_features,GPR,log,protocol_holdout,random_selection,5,40,16.584987610266072
MIT,set3_features,GPR,log,protocol_holdout,random_selection,5,48,15.476668486840213
MIT,set3_features,GPR,log,protocol_holdout,random_selection,5,56,14.53849437962168
MIT,set3_features,GPR,log,protocol_holdout,random_selection,5,64,14.266232484037666
MIT,set3_features,GPR,log,protocol_holdout,random_selection,5,72,14.229820561620862
MIT,set3_features,GPR,log,protocol_holdout,random_selection,5,80,14.207818062646012
MIT,set3_features,GPR,log,protocol_holdout,random_selection,5,88,13.45605703316346
MIT,set3_features,GPR,log,protocol_holdout,random_selection,5,96,12.935538219135626
MIT,set3_features,GPR,log,protocol_holdout,random_selection,5,99,12.838097862360016
MIT,set3_features,GPR,log,protocol_holdout,random_selection,6,8,19.01346837732118
MIT,set3_features,GPR,log,protocol_holdout,random_selection,6,16,19.23684653740216
MIT,set3_features,GPR,log,protocol_holdout,random_selection,6,24,16.798006977677023
MIT,set3_features,GPR,log,protocol_holdout,random_selection,6,32,16.412355306194517
MIT,set3_features,GPR,log,protocol_holdout,random_selection,6,40,13.934417639562756
MIT,set3_features,GPR,log,protocol_holdout,random_selection,6,48,14.74752330302602
MIT,set3_features,GPR,log,protocol_holdout,random_selection,6,56,13.444902369847805
MIT,set3_features,GPR,log,protocol_holdout,random_selection,6,64,13.734006385719493
MIT,set3_features,GPR,log,protocol_holdout,random_selection,6,72,14.553395317883275
MIT,set3_features,GPR,log,protocol_holdout,random_selection,6,80,14.018396583100484
MIT,set3_features,GPR,log,protocol_holdout,random_selection,6,88,13.877118214631604
MIT,set3_features,GPR,log,protocol_holdout,random_selection,6,96,14.052967493945255
MIT,set3_features,GPR,log,protocol_holdout,random_selection,6,99,14.19483676457106
MIT,set3_features,GPR,log,protocol_holdout,random_selection,7,8,27.590662608270826
MIT,set3_features,GPR,log,protocol_holdout,random_selection,7,16,17.278429928880268
MIT,set3_features,GPR,log,protocol_holdout,random_selection,7,24,12.043831090495791
MIT,set3_features,GPR,log,protocol_holdout,random_selection,7,32,12.0608385334994
MIT,set3_features,GPR,log,protocol_holdout,random_selection,7,40,10.628301579754456
MIT,set3_features,GPR,log,protocol_holdout,random_selection,7,48,11.705536591910136
MIT,set3_features,GPR,log,protocol_holdout,random_selection,7,56,11.9951275188995
MIT,set3_features,GPR,log,protocol_holdout,random_selection,7,64,10.134787450017376
MIT,set3_features,GPR,log,protocol_holdout,random_selection,7,72,9.762089035326
MIT,set3_features,GPR,log,protocol_holdout,random_selection,7,80,9.950378015318384
MIT,set3_features,GPR,log,protocol_holdout,random_selection,7,88,10.902662188220903
MIT,set3_features,GPR,log,protocol_holdout,random_selection,7,96,11.106671982565963
MIT,set3_features,GPR,log,protocol_holdout,random_selection,7,99,10.70685844034572
MIT,set3_features,GPR,log,protocol_holdout,random_selection,8,8,16.664613855231604
MIT,set3_features,GPR,log,protocol_holdout,random_selection,8,16,16.331161200267882
MIT,set3_features,GPR,log,protocol_holdout,random_selection,8,24,14.90557028580531
MIT,set3_features,GPR,log,protocol_holdout,random_selection,8,32,16.858471973646626
MIT,set3_features,GPR,log,protocol_holdout,random_selection,8,40,17.00937177355165
MIT,set3_features,GPR,log,protocol_holdout,random_selection,8,48,15.059301976470504
MIT,set3_features,GPR,log,protocol_holdout,random_selection,8,56,14.703489403426282
MIT,set3_features,GPR,log,protocol_holdout,random_selection,8,64,14.628182939835511
MIT,set3_features,GPR,log,protocol_holdout,random_selection,8,72,13.852921026414194
MIT,set3_features,GPR,log,protocol_holdout,random_selection,8,80,14.414964211532231
MIT,set3_features,GPR,log,protocol_holdout,random_selection,8,88,14.38809720448844
MIT,set3_features,GPR,log,protocol_holdout,random_selection,8,96,14.299544719830871
MIT,set3_features,GPR,log,protocol_holdout,random_selection,8,99,14.27619712043925
MIT,set3_features,GPR,log,protocol_holdout,random_selection,9,8,21.703335827973056
MIT,set3_features,GPR,log,protocol_holdout,random_selection,9,16,21.67023648908597
MIT,set3_features,GPR,log,protocol_holdout,random_selection,9,24,14.345930203824084
MIT,set3_features,GPR,log,protocol_holdout,random_selection,9,32,11.85907213710184
MIT,set3_features,GPR,log,protocol_holdout,random_selection,9,40,11.34158509290448
MIT,set3_features,GPR,log,protocol_holdout,random_selection,9,48,10.597381626946245
MIT,set3_features,GPR,log,protocol_holdout,random_selection,9,56,12.579945926052584
MIT,set3_features,GPR,log,protocol_holdout,random_selection,9,64,12.748046364652394
MIT,set3_features,GPR,log,protocol_holdout,random_selection,9,72,12.655416948974295
MIT,set3_features,GPR,log,protocol_holdout,random_selection,9,80,12.800356673776662
MIT,set3_features,GPR,log,protocol_holdout,random_selection,9,88,11.748144855950724
MIT,set3_features,GPR,log,protocol_holdout,random_selection,9,96,11.726037326827884
MIT,set3_features,GPR,log,protocol_holdout,random_selection,9,99,12.425078924605751
MIT,set3_features,GPR,log,protocol_holdout,random_selection,10,8,22.34413690627547
MIT,set3_features,GPR,log,protocol_holdout,random_selection,10,16,19.65608632782953
MIT,set3_features,GPR,log,protocol_holdout,random_selection,10,24,17.667194479659244
MIT,set3_features,GPR,log,protocol_holdout,random_selection,10,32,13.029308354200872
MIT,set3_features,GPR,log,protocol_holdout,random_selection,10,40,12.778746245400963
MIT,set3_features,GPR,log,protocol_holdout,random_selection,10,48,13.706556940045909
MIT,set3_features,GPR,log,protocol_holdout,random_selection,10,56,11.12364550890775
MIT,set3_features,GPR,log,protocol_holdout,random_selection,10,64,10.769063940433275
MIT,set3_features,GPR,log,protocol_holdout,random_selection,10,72,10.933671699132557
MIT,set3_features,GPR,log,protocol_holdout,random_selection,10,80,10.052120165836705
MIT,set3_features,GPR,log,protocol_holdout,random_selection,10,88,10.229678591170757
MIT,set3_features,GPR,log,protocol_holdout,random_selection,10,96,10.26136940048248
MIT,set3_features,GPR,log,protocol_holdout,random_selection,10,99,10.42779083364328
MIT,set3_features,GPR,log,protocol_holdout,diversity_oneshot,1,8,24.321126551078915
MIT,set3_features,GPR,log,protocol_holdout,diversity_oneshot,1,16,31.779956618421227
MIT,set3_features,GPR,log,protocol_holdout,diversity_oneshot,1,24,23.938425420395166
MIT,set3_features,GPR,log,protocol_holdout,diversity_oneshot,1,32,19.27535937383866
MIT,set3_features,GPR,log,protocol_holdout,diversity_oneshot,1,40,20.305434170399963
MIT,set3_features,GPR,log,protocol_holdout,diversity_oneshot,1,48,21.39707491821764
MIT,set3_features,GPR,log,protocol_holdout,diversity_oneshot,1,56,20.708762449770752
MIT,set3_features,GPR,log,protocol_holdout,diversity_oneshot,1,64,21.08577468183492
MIT,set3_features,GPR,log,protocol_holdout,diversity_oneshot,1,72,20.50899256249864
MIT,set3_features,GPR,log,protocol_holdout,diversity_oneshot,1,80,20.02131125833948
MIT,set3_features,GPR,log,protocol_holdout,diversity_oneshot,1,88,20.285434357109807
MIT,set3_features,GPR,log,protocol_holdout,diversity_oneshot,1,96,20.03243167355168
MIT,set3_features,GPR,log,protocol_holdout,diversity_oneshot,1,99,20.106143053427765
MIT,set3_features,GPR,log,protocol_holdout,diversity_oneshot,2,8,20.27643185455181
MIT,set3_features,GPR,log,protocol_holdout,diversity_oneshot,2,16,12.618417517973054
MIT,set3_features,GPR,log,protocol_holdout,diversity_oneshot,2,24,10.44943183795619
MIT,set3_features,GPR,log,protocol_holdout,diversity_oneshot,2,32,12.15238256620143
MIT,set3_features,GPR,log,protocol_holdout,diversity_oneshot,2,40,12.17400926629368
MIT,set3_features,GPR,log,protocol_holdout,diversity_oneshot,2,48,11.343254413174868
MIT,set3_features,GPR,log,protocol_holdout,diversity_oneshot,2,56,12.02084730831939
MIT,set3_features,GPR,log,protocol_holdout,diversity_oneshot,2,64,12.373371781678804
MIT,set3_features,GPR,log,protocol_holdout,diversity_oneshot,2,72,12.567380250795296
MIT,set3_features,GPR,log,protocol_holdout,diversity_oneshot,2,80,12.340206529940373
MIT,set3_features,GPR,log,protocol_holdout,diversity_oneshot,2,88,11.886289959804976
MIT,set3_features,GPR,log,protocol_holdout,diversity_oneshot,2,96,11.837549738943787
MIT,set3_features,GPR,log,protocol_holdout,diversity_oneshot,2,99,12.00899183955939
MIT,set3_features,GPR,log,protocol_holdout,diversity_oneshot,3,8,16.455401222283655
MIT,set3_features,GPR,log,protocol_holdout,diversity_oneshot,3,16,18.356702061852936
MIT,set3_features,GPR,log,protocol_holdout,diversity_oneshot,3,24,17.4655058409809
MIT,set3_features,GPR,log,protocol_holdout,diversity_oneshot,3,32,15.932499031859606
MIT,set3_features,GPR,log,protocol_holdout,diversity_oneshot,3,40,16.840046517544476
MIT,set3_features,GPR,log,protocol_holdout,diversity_oneshot,3,48,12.039520325840453
MIT,set3_features,GPR,log,protocol_holdout,diversity_oneshot,3,56,14.528297637424368
MIT,set3_features,GPR,log,protocol_holdout,diversity_oneshot,3,64,14.822738176394289
MIT,set3_features,GPR,log,protocol_holdout,diversity_oneshot,3,72,14.09145807253141
MIT,set3_features,GPR,log,protocol_holdout,diversity_oneshot,3,80,14.276125899364288
MIT,set3_features,GPR,log,protocol_holdout,diversity_oneshot,3,88,16.51582265931264
MIT,set3_features,GPR,log,protocol_holdout,diversity_oneshot,3,96,19.58410254900426
MIT,set3_features,GPR,log,protocol_holdout,diversity_oneshot,3,99,22.423166888388167
MIT,set3_features,GPR,log,protocol_holdout,diversity_oneshot,4,8,16.232878505294646
MIT,set3_features,GPR,log,protocol_holdout,diversity_oneshot,4,16,10.179540283235626
MIT,set3_features,GPR,log,protocol_holdout,diversity_oneshot,4,24,9.282934785562658
MIT,set3_features,GPR,log,protocol_holdout,diversity_oneshot,4,32,11.265443875621406
MIT,set3_features,GPR,log,protocol_holdout,diversity_oneshot,4,40,9.12452234912828
MIT,set3_features,GPR,log,protocol_holdout,diversity_oneshot,4,48,8.87750804609017
MIT,set3_features,GPR,log,protocol_holdout,diversity_oneshot,4,56,9.670832401222556
MIT,set3_features,GPR,log,protocol_holdout,diversity_oneshot,4,64,9.496546288258603
MIT,set3_features,GPR,log,protocol_holdout,diversity_oneshot,4,72,10.077213469671523
MIT,set3_features,GPR,log,protocol_holdout,diversity_oneshot,4,80,9.60708307615482
MIT,set3_features,GPR,log,protocol_holdout,diversity_oneshot,4,88,9.185301225457591
MIT,set3_features,GPR,log,protocol_holdout,diversity_oneshot,4,96,9.346413034870714
MIT,set3_features,GPR,log,protocol_holdout,diversity_oneshot,4,99,9.03360753202288
MIT,set3_features,GPR,log,protocol_holdout,diversity_oneshot,5,8,18.957582171342647
MIT,set3_features,GPR,log,protocol_holdout,diversity_oneshot,5,16,15.640061419628278
MIT,set3_features,GPR,log,protocol_holdout,diversity_oneshot,5,24,13.874655587567515
MIT,set3_features,GPR,log,protocol_holdout,diversity_oneshot,5,32,15.282044438126617
MIT,set3_features,GPR,log,protocol_holdout,diversity_oneshot,5,40,12.581710384735285
MIT,set3_features,GPR,log,protocol_holdout,diversity_oneshot,5,48,13.133639501026256
MIT,set3_features,GPR,log,protocol_holdout,diversity_oneshot,5,56,14.056323268015031
MIT,set3_features,GPR,log,protocol_holdout,diversity_oneshot,5,64,13.150991813726428
MIT,set3_features,GPR,log,protocol_holdout,diversity_oneshot,5,72,12.5711970940027
MIT,set3_features,GPR,log,protocol_holdout,diversity_oneshot,5,80,12.78637314709535
MIT,set3_features,GPR,log,protocol_holdout,diversity_oneshot,5,88,12.650631793152684
MIT,set3_features,GPR,log,protocol_holdout,diversity_oneshot,5,96,12.848839059206762
MIT,set3_features,GPR,log,protocol_holdout,diversity_oneshot,5,99,12.838097862360016
MIT,set3_features,GPR,log,protocol_holdout,diversity_oneshot,6,8,18.37486750073762
MIT,set3_features,GPR,log,protocol_holdout,diversity_oneshot,6,16,14.057559643411652
MIT,set3_features,GPR,log,protocol_holdout,diversity_oneshot,6,24,11.63382945597059
MIT,set3_features,GPR,log,protocol_holdout,diversity_oneshot,6,32,13.780583229699603
MIT,set3_features,GPR,log,protocol_holdout,diversity_oneshot,6,40,12.62738906106032
MIT,set3_features,GPR,log,protocol_holdout,diversity_oneshot,6,48,12.670813123721144
MIT,set3_features,GPR,log,protocol_holdout,diversity_oneshot,6,56,13.242183992143254
MIT,set3_features,GPR,log,protocol_holdout,diversity_oneshot,6,64,12.534779895780764
MIT,set3_features,GPR,log,protocol_holdout,diversity_oneshot,6,72,13.931816972061467
MIT,set3_features,GPR,log,protocol_holdout,diversity_oneshot,6,80,14.266080548438596
MIT,set3_features,GPR,log,protocol_holdout,diversity_oneshot,6,88,13.714281565862654
MIT,set3_features,GPR,log,protocol_holdout,diversity_oneshot,6,96,14.262142490901924
MIT,set3_features,GPR,log,protocol_holdout,diversity_oneshot,6,99,14.19483676457106
MIT,set3_features,GPR,log,protocol_holdout,diversity_oneshot,7,8,17.93541170309674
MIT,set3_features,GPR,log,protocol_holdout,diversity_oneshot,7,16,13.187546706924923
MIT,set3_features,GPR,log,protocol_holdout,diversity_oneshot,7,24,11.519396838464733
MIT,set3_features,GPR,log,protocol_holdout,diversity_oneshot,7,32,13.2716427456907
MIT,set3_features,GPR,log,protocol_holdout,diversity_oneshot,7,40,11.726005231665022
MIT,set3_features,GPR,log,protocol_holdout,diversity_oneshot,7,48,12.097563942367266
MIT,set3_features,GPR,log,protocol_holdout,diversity_oneshot,7,56,11.242145031183128
MIT,set3_features,GPR,log,protocol_holdout,diversity_oneshot,7,64,13.47921001076164
MIT,set3_features,GPR,log,protocol_holdout,diversity_oneshot,7,72,10.613867440626205
MIT,set3_features,GPR,log,protocol_holdout,diversity_oneshot,7,80,10.47436301580197
MIT,set3_features,GPR,log,protocol_holdout,diversity_oneshot,7,88,10.768813809646556
MIT,set3_features,GPR,log,protocol_holdout,diversity_oneshot,7,96,10.545633990675876
MIT,set3_features,GPR,log,protocol_holdout,diversity_oneshot,7,99,10.70685844034572
MIT,set3_features,GPR,log,protocol_holdout,diversity_oneshot,8,8,16.43411634154104
MIT,set3_features,GPR,log,protocol_holdout,diversity_oneshot,8,16,13.362145844559013
MIT,set3_features,GPR,log,protocol_holdout,diversity_oneshot,8,24,12.343205713942176
MIT,set3_features,GPR,log,protocol_holdout,diversity_oneshot,8,32,14.26880380012615
MIT,set3_features,GPR,log,protocol_holdout,diversity_oneshot,8,40,13.696551062809805
MIT,set3_features,GPR,log,protocol_holdout,diversity_oneshot,8,48,14.434097432570034
MIT,set3_features,GPR,log,protocol_holdout,diversity_oneshot,8,56,14.138181101849224
MIT,set3_features,GPR,log,protocol_holdout,diversity_oneshot,8,64,14.85782918105608
MIT,set3_features,GPR,log,protocol_holdout,diversity_oneshot,8,72,14.625923420131471
MIT,set3_features,GPR,log,protocol_holdout,diversity_oneshot,8,80,14.41459130956108
MIT,set3_features,GPR,log,protocol_holdout,diversity_oneshot,8,88,14.04700762014192
MIT,set3_features,GPR,log,protocol_holdout,diversity_oneshot,8,96,14.142550346454565
MIT,set3_features,GPR,log,protocol_holdout,diversity_oneshot,8,99,14.27619712043925
MIT,set3_features,GPR,log,protocol_holdout,diversity_oneshot,9,8,15.977171885776892
MIT,set3_features,GPR,log,protocol_holdout,diversity_oneshot,9,16,15.44893851809784
MIT,set3_features,GPR,log,protocol_holdout,diversity_oneshot,9,24,11.626844688068072
MIT,set3_features,GPR,log,protocol_holdout,diversity_oneshot,9,32,11.968794979619627
MIT,set3_features,GPR,log,protocol_holdout,diversity_oneshot,9,40,13.076806908105969
MIT,set3_features,GPR,log,protocol_holdout,diversity_oneshot,9,48,12.992828500349493
MIT,set3_features,GPR,log,protocol_holdout,diversity_oneshot,9,56,12.49424352661464
MIT,set3_features,GPR,log,protocol_holdout,diversity_oneshot,9,64,12.379107285352257
MIT,set3_features,GPR,log,protocol_holdout,diversity_oneshot,9,72,12.815561956313209
MIT,set3_features,GPR,log,protocol_holdout,diversity_oneshot,9,80,12.792944043554588
MIT,set3_features,GPR,log,protocol_holdout,diversity_oneshot,9,88,12.402185379127266
MIT,set3_features,GPR,log,protocol_holdout,diversity_oneshot,9,96,12.314581884984172
MIT,set3_features,GPR,log,protocol_holdout,diversity_oneshot,9,99,12.425078924605751
MIT,set3_features,GPR,log,protocol_holdout,diversity_oneshot,10,8,16.965192307269664
MIT,set3_features,GPR,log,protocol_holdout,diversity_oneshot,10,16,15.54382541691729
MIT,set3_features,GPR,log,protocol_holdout,diversity_oneshot,10,24,13.957950086115453
MIT,set3_features,GPR,log,protocol_holdout,diversity_oneshot,10,32,12.931228402485736
MIT,set3_features,GPR,log,protocol_holdout,diversity_oneshot,10,40,11.333473133222146
MIT,set3_features,GPR,log,protocol_holdout,diversity_oneshot,10,48,10.75213984801774
MIT,set3_features,GPR,log,protocol_holdout,diversity_oneshot,10,56,11.645859111553245
MIT,set3_features,GPR,log,protocol_holdout,diversity_oneshot,10,64,11.620446655238451
MIT,set3_features,GPR,log,protocol_holdout,diversity_oneshot,10,72,11.222454944158498
MIT,set3_features,GPR,log,protocol_holdout,diversity_oneshot,10,80,10.429367260531317
MIT,set3_features,GPR,log,protocol_holdout,diversity_oneshot,10,88,10.422046098053295
MIT,set3_features,GPR,log,protocol_holdout,diversity_oneshot,10,96,10.507608533758551
MIT,set3_features,GPR,log,protocol_holdout,diversity_oneshot,10,99,10.42779083364328
MIT,set3_features,GPR,log,protocol_holdout,diversity_iterative,1,8,24.321126551078915
MIT,set3_features,GPR,log,protocol_holdout,diversity_iterative,1,16,21.813352974064124
MIT,set3_features,GPR,log,protocol_holdout,diversity_iterative,1,24,19.26893343033595
MIT,set3_features,GPR,log,protocol_holdout,diversity_iterative,1,32,23.18131444515744
MIT,set3_features,GPR,log,protocol_holdout,diversity_iterative,1,40,24.309220087994458
MIT,set3_features,GPR,log,protocol_holdout,diversity_iterative,1,48,19.55796372714413
MIT,set3_features,GPR,log,protocol_holdout,diversity_iterative,1,56,20.31104004758273
MIT,set3_features,GPR,log,protocol_holdout,diversity_iterative,1,64,19.77368996034264
MIT,set3_features,GPR,log,protocol_holdout,diversity_iterative,1,72,19.263295418207623
MIT,set3_features,GPR,log,protocol_holdout,diversity_iterative,1,80,18.77765042437853
MIT,set3_features,GPR,log,protocol_holdout,diversity_iterative,1,88,19.22932610309978
MIT,set3_features,GPR,log,protocol_holdout,diversity_iterative,1,96,20.708876057481486
MIT,set3_features,GPR,log,protocol_holdout,diversity_iterative,1,99,20.106143053427765
MIT,set3_features,GPR,log,protocol_holdout,diversity_iterative,2,8,20.27643185455181
MIT,set3_features,GPR,log,protocol_holdout,diversity_iterative,2,16,12.88478484663115
MIT,set3_features,GPR,log,protocol_holdout,diversity_iterative,2,24,13.531008267669776
MIT,set3_features,GPR,log,protocol_holdout,diversity_iterative,2,32,13.398021380743966
MIT,set3_features,GPR,log,protocol_holdout,diversity_iterative,2,40,12.317899880887223
MIT,set3_features,GPR,log,protocol_holdout,diversity_iterative,2,48,12.15225680863777
MIT,set3_features,GPR,log,protocol_holdout,diversity_iterative,2,56,12.79606821268646
MIT,set3_features,GPR,log,protocol_holdout,diversity_iterative,2,64,11.710825130212813
MIT,set3_features,GPR,log,protocol_holdout,diversity_iterative,2,72,11.533611200116008
MIT,set3_features,GPR,log,protocol_holdout,diversity_iterative,2,80,11.671142002266636
MIT,set3_features,GPR,log,protocol_holdout,diversity_iterative,2,88,11.21700741609572
MIT,set3_features,GPR,log,protocol_holdout,diversity_iterative,2,96,12.136271621754002
MIT,set3_features,GPR,log,protocol_holdout,diversity_iterative,2,99,12.00899183955939
MIT,set3_features,GPR,log,protocol_holdout,diversity_iterative,3,8,16.455401222283655
MIT,set3_features,GPR,log,protocol_holdout,diversity_iterative,3,16,14.731639882660744
MIT,set3_features,GPR,log,protocol_holdout,diversity_iterative,3,24,14.950131023686732
MIT,set3_features,GPR,log,protocol_holdout,diversity_iterative,3,32,14.825264014893875
MIT,set3_features,GPR,log,protocol_holdout,diversity_iterative,3,40,15.607973178703038
MIT,set3_features,GPR,log,protocol_holdout,diversity_iterative,3,48,14.884123155337551
MIT,set3_features,GPR,log,protocol_holdout,diversity_iterative,3,56,15.083744370484148
MIT,set3_features,GPR,log,protocol_holdout,diversity_iterative,3,64,14.1308030575875
MIT,set3_features,GPR,log,protocol_holdout,diversity_iterative,3,72,13.561175261749773
MIT,set3_features,GPR,log,protocol_holdout,diversity_iterative,3,80,14.205711382806374
MIT,set3_features,GPR,log,protocol_holdout,diversity_iterative,3,88,16.579937525708285
MIT,set3_features,GPR,log,protocol_holdout,diversity_iterative,3,96,15.761915086920396
MIT,set3_features,GPR,log,protocol_holdout,diversity_iterative,3,99,22.423166888388167
MIT,set3_features,GPR,log,protocol_holdout,diversity_iterative,4,8,16.232878505294646
MIT,set3_features,GPR,log,protocol_holdout,diversity_iterative,4,16,10.513325779882496
MIT,set3_features,GPR,log,protocol_holdout,diversity_iterative,4,24,9.29226936482702
MIT,set3_features,GPR,log,protocol_holdout,diversity_iterative,4,32,9.386107666746412
MIT,set3_features,GPR,log,protocol_holdout,diversity_iterative,4,40,9.123557927752085
MIT,set3_features,GPR,log,protocol_holdout,diversity_iterative,4,48,8.91216941635581
MIT,set3_features,GPR,log,protocol_holdout,diversity_iterative,4,56,8.55666793259086
MIT,set3_features,GPR,log,protocol_holdout,diversity_iterative,4,64,8.150248572547786
MIT,set3_features,GPR,log,protocol_holdout,diversity_iterative,4,72,8.567977124775993
MIT,set3_features,GPR,log,protocol_holdout,diversity_iterative,4,80,8.465695900925015
MIT,set3_features,GPR,log,protocol_holdout,diversity_iterative,4,88,8.570008728783716
MIT,set3_features,GPR,log,protocol_holdout,diversity_iterative,4,96,9.163359752023766
MIT,set3_features,GPR,log,protocol_holdout,diversity_iterative,4,99,9.03360753202288
MIT,set3_features,GPR,log,protocol_holdout,diversity_iterative,5,8,18.957582171342647
MIT,set3_features,GPR,log,protocol_holdout,diversity_iterative,5,16,15.059724825159462
MIT,set3_features,GPR,log,protocol_holdout,diversity_iterative,5,24,15.634874450122076
MIT,set3_features,GPR,log,protocol_holdout,diversity_iterative,5,32,13.350413422579752
MIT,set3_features,GPR,log,protocol_holdout,diversity_iterative,5,40,13.979352283741466
MIT,set3_features,GPR,log,protocol_holdout,diversity_iterative,5,48,13.897355581921286
MIT,set3_features,GPR,log,protocol_holdout,diversity_iterative,5,56,14.2974729237281
MIT,set3_features,GPR,log,protocol_holdout,diversity_iterative,5,64,14.476618121338571
MIT,set3_features,GPR,log,protocol_holdout,diversity_iterative,5,72,14.184885375307587
MIT,set3_features,GPR,log,protocol_holdout,diversity_iterative,5,80,13.509898245781043
MIT,set3_features,GPR,log,protocol_holdout,diversity_iterative,5,88,13.9176902459785
MIT,set3_features,GPR,log,protocol_holdout,diversity_iterative,5,96,13.180362176407828
MIT,set3_features,GPR,log,protocol_holdout,diversity_iterative,5,99,12.838097862360016
MIT,set3_features,GPR,log,protocol_holdout,diversity_iterative,6,8,18.37486750073762
MIT,set3_features,GPR,log,protocol_holdout,diversity_iterative,6,16,15.581794085566775
MIT,set3_features,GPR,log,protocol_holdout,diversity_iterative,6,24,13.517010166938338
MIT,set3_features,GPR,log,protocol_holdout,diversity_iterative,6,32,15.024222988585192
MIT,set3_features,GPR,log,protocol_holdout,diversity_iterative,6,40,13.87999327219366
MIT,set3_features,GPR,log,protocol_holdout,diversity_iterative,6,48,15.036716941304292
MIT,set3_features,GPR,log,protocol_holdout,diversity_iterative,6,56,16.64298151610523
MIT,set3_features,GPR,log,protocol_holdout,diversity_iterative,6,64,13.42000213309911
MIT,set3_features,GPR,log,protocol_holdout,diversity_iterative,6,72,14.8056657809998
MIT,set3_features,GPR,log,protocol_holdout,diversity_iterative,6,80,15.028568892971538
MIT,set3_features,GPR,log,protocol_holdout,diversity_iterative,6,88,14.126943627470837
MIT,set3_features,GPR,log,protocol_holdout,diversity_iterative,6,96,14.075013780777224
MIT,set3_features,GPR,log,protocol_holdout,diversity_iterative,6,99,14.19483676457106
MIT,set3_features,GPR,log,protocol_holdout,diversity_iterative,7,8,17.93541170309674
MIT,set3_features,GPR,log,protocol_holdout,diversity_iterative,7,16,11.486188358300996
MIT,set3_features,GPR,log,protocol_holdout,diversity_iterative,7,24,16.080534254478337
MIT,set3_features,GPR,log,protocol_holdout,diversity_iterative,7,32,16.434516117830174
MIT,set3_features,GPR,log,protocol_holdout,diversity_iterative,7,40,13.154555806545169
MIT,set3_features,GPR,log,protocol_holdout,diversity_iterative,7,48,13.40665197313579
MIT,set3_features,GPR,log,protocol_holdout,diversity_iterative,7,56,11.281592468403645
MIT,set3_features,GPR,log,protocol_holdout,diversity_iterative,7,64,10.3394503898691
MIT,set3_features,GPR,log,protocol_holdout,diversity_iterative,7,72,9.601313024757356
MIT,set3_features,GPR,log,protocol_holdout,diversity_iterative,7,80,9.820353388792228
MIT,set3_features,GPR,log,protocol_holdout,diversity_iterative,7,88,9.942746347089756
MIT,set3_features,GPR,log,protocol_holdout,diversity_iterative,7,96,10.212414646785856
MIT,set3_features,GPR,log,protocol_holdout,diversity_iterative,7,99,10.70685844034572
MIT,set3_features,GPR,log,protocol_holdout,diversity_iterative,8,8,16.43411634154104
MIT,set3_features,GPR,log,protocol_holdout,diversity_iterative,8,16,14.09544991589448
MIT,set3_features,GPR,log,protocol_holdout,diversity_iterative,8,24,13.325061305991342
MIT,set3_features,GPR,log,protocol_holdout,diversity_iterative,8,32,13.31865653141288
MIT,set3_features,GPR,log,protocol_holdout,diversity_iterative,8,40,13.581781935727818
MIT,set3_features,GPR,log,protocol_holdout,diversity_iterative,8,48,14.367153264308492
MIT,set3_features,GPR,log,protocol_holdout,diversity_iterative,8,56,14.18010697555803
MIT,set3_features,GPR,log,protocol_holdout,diversity_iterative,8,64,13.947076988902452
MIT,set3_features,GPR,log,protocol_holdout,diversity_iterative,8,72,14.064266113077748
MIT,set3_features,GPR,log,protocol_holdout,diversity_iterative,8,80,14.05766605750596
MIT,set3_features,GPR,log,protocol_holdout,diversity_iterative,8,88,14.110243865813992
MIT,set3_features,GPR,log,protocol_holdout,diversity_iterative,8,96,14.298860804020272
MIT,set3_features,GPR,log,protocol_holdout,diversity_iterative,8,99,14.27619712043925
MIT,set3_features,GPR,log,protocol_holdout,diversity_iterative,9,8,15.977171885776892
MIT,set3_features,GPR,log,protocol_holdout,diversity_iterative,9,16,14.945728518843296
MIT,set3_features,GPR,log,protocol_holdout,diversity_iterative,9,24,12.321340561338545
MIT,set3_features,GPR,log,protocol_holdout,diversity_iterative,9,32,13.41511286114423
MIT,set3_features,GPR,log,protocol_holdout,diversity_iterative,9,40,13.166971814707283
MIT,set3_features,GPR,log,protocol_holdout,diversity_iterative,9,48,12.686347460491357
MIT,set3_features,GPR,log,protocol_holdout,diversity_iterative,9,56,13.15955549481393
MIT,set3_features,GPR,log,protocol_holdout,diversity_iterative,9,64,12.79097585689217
MIT,set3_features,GPR,log,protocol_holdout,diversity_iterative,9,72,12.160541114083795
MIT,set3_features,GPR,log,protocol_holdout,diversity_iterative,9,80,12.325358767050048
MIT,set3_features,GPR,log,protocol_holdout,diversity_iterative,9,88,11.97604407338201
MIT,set3_features,GPR,log,protocol_holdout,diversity_iterative,9,96,12.276300837265932
MIT,set3_features,GPR,log,protocol_holdout,diversity_iterative,9,99,12.425078924605751
MIT,set3_features,GPR,log,protocol_holdout,diversity_iterative,10,8,16.965192307269664
MIT,set3_features,GPR,log,protocol_holdout,diversity_iterative,10,16,11.388988049537808
MIT,set3_features,GPR,log,protocol_holdout,diversity_iterative,10,24,9.920982964850651
MIT,set3_features,GPR,log,protocol_holdout,diversity_iterative,10,32,10.687076158162377
MIT,set3_features,GPR,log,protocol_holdout,diversity_iterative,10,40,10.783487114878383
MIT,set3_features,GPR,log,protocol_holdout,diversity_iterative,10,48,10.675501447065324
MIT,set3_features,GPR,log,protocol_holdout,diversity_iterative,10,56,10.881934688120916
MIT,set3_features,GPR,log,protocol_holdout,diversity_iterative,10,64,10.703695297958182
MIT,set3_features,GPR,log,protocol_holdout,diversity_iterative,10,72,10.60037202076898
MIT,set3_features,GPR,log,protocol_holdout,diversity_iterative,10,80,10.509410565230915
MIT,set3_features,GPR,log,protocol_holdout,diversity_iterative,10,88,10.034287402149268
MIT,set3_features,GPR,log,protocol_holdout,diversity_iterative,10,96,10.341715053117913
MIT,set3_features,GPR,log,protocol_holdout,diversity_iterative,10,99,10.42779083364328
MIT,set3_features,GPR,log,protocol_holdout,coverage,1,8,25.15512380117696
MIT,set3_features,GPR,log,protocol_holdout,coverage,1,16,26.26728551425658
MIT,set3_features,GPR,log,protocol_holdout,coverage,1,24,22.115466006126656
MIT,set3_features,GPR,log,protocol_holdout,coverage,1,32,21.48774370621047
MIT,set3_features,GPR,log,protocol_holdout,coverage,1,40,20.92395071841979
MIT,set3_features,GPR,log,protocol_holdout,coverage,1,48,21.90903936154812
MIT,set3_features,GPR,log,protocol_holdout,coverage,1,56,21.83371640004618
MIT,set3_features,GPR,log,protocol_holdout,coverage,1,64,22.814731068246623
MIT,set3_features,GPR,log,protocol_holdout,coverage,1,72,21.866117136408345
MIT,set3_features,GPR,log,protocol_holdout,coverage,1,80,21.181987615937057
MIT,set3_features,GPR,log,protocol_holdout,coverage,1,88,19.87955746875148
MIT,set3_features,GPR,log,protocol_holdout,coverage,1,96,19.515203995237467
MIT,set3_features,GPR,log,protocol_holdout,coverage,1,99,20.106143053427765
MIT,set3_features,GPR,log,protocol_holdout,coverage,2,8,17.509686399924014
MIT,set3_features,GPR,log,protocol_holdout,coverage,2,16,11.82830832160798
MIT,set3_features,GPR,log,protocol_holdout,coverage,2,24,11.009656250757702
MIT,set3_features,GPR,log,protocol_holdout,coverage,2,32,10.727320694378069
MIT,set3_features,GPR,log,protocol_holdout,coverage,2,40,10.689409999585292
MIT,set3_features,GPR,log,protocol_holdout,coverage,2,48,11.958383304910196
MIT,set3_features,GPR,log,protocol_holdout,coverage,2,56,12.32326433879152
MIT,set3_features,GPR,log,protocol_holdout,coverage,2,64,11.794550290517874
MIT,set3_features,GPR,log,protocol_holdout,coverage,2,72,11.924685872434967
MIT,set3_features,GPR,log,protocol_holdout,coverage,2,80,12.030464582261969
MIT,set3_features,GPR,log,protocol_holdout,coverage,2,88,11.723168239532184
MIT,set3_features,GPR,log,protocol_holdout,coverage,2,96,11.853393690382012
MIT,set3_features,GPR,log,protocol_holdout,coverage,2,99,12.00899183955939
MIT,set3_features,GPR,log,protocol_holdout,coverage,3,8,14.38733212551004
MIT,set3_features,GPR,log,protocol_holdout,coverage,3,16,14.438999114172487
MIT,set3_features,GPR,log,protocol_holdout,coverage,3,24,13.748676990893754
MIT,set3_features,GPR,log,protocol_holdout,coverage,3,32,13.705409499799249
MIT,set3_features,GPR,log,protocol_holdout,coverage,3,40,11.84784674749168
MIT,set3_features,GPR,log,protocol_holdout,coverage,3,48,12.00100883410276
MIT,set3_features,GPR,log,protocol_holdout,coverage,3,56,13.4445394656242
MIT,set3_features,GPR,log,protocol_holdout,coverage,3,64,11.959746445638794
MIT,set3_features,GPR,log,protocol_holdout,coverage,3,72,14.51333958522579
MIT,set3_features,GPR,log,protocol_holdout,coverage,3,80,13.316141658948183
MIT,set3_features,GPR,log,protocol_holdout,coverage,3,88,15.937620548759138
MIT,set3_features,GPR,log,protocol_holdout,coverage,3,96,18.601235388367872
MIT,set3_features,GPR,log,protocol_holdout,coverage,3,99,22.423166888388167
MIT,set3_features,GPR,log,protocol_holdout,coverage,4,8,11.862676610593088
MIT,set3_features,GPR,log,protocol_holdout,coverage,4,16,11.566083765373152
MIT,set3_features,GPR,log,protocol_holdout,coverage,4,24,9.410853988312676
MIT,set3_features,GPR,log,protocol_holdout,coverage,4,32,9.752480083331756
MIT,set3_features,GPR,log,protocol_holdout,coverage,4,40,9.218282796481764
MIT,set3_features,GPR,log,protocol_holdout,coverage,4,48,8.6379784891958
MIT,set3_features,GPR,log,protocol_holdout,coverage,4,56,9.68215674137435
MIT,set3_features,GPR,log,protocol_holdout,coverage,4,64,9.245331083895108
MIT,set3_features,GPR,log,protocol_holdout,coverage,4,72,9.137755556013376
MIT,set3_features,GPR,log,protocol_holdout,coverage,4,80,9.068871636799123
MIT,set3_features,GPR,log,protocol_holdout,coverage,4,88,9.161103810473485
MIT,set3_features,GPR,log,protocol_holdout,coverage,4,96,9.267186121653522
MIT,set3_features,GPR,log,protocol_holdout,coverage,4,99,9.03360753202288
MIT,set3_features,GPR,log,protocol_holdout,coverage,5,8,13.426248852631923
MIT,set3_features,GPR,log,protocol_holdout,coverage,5,16,12.001647709996632
MIT,set3_features,GPR,log,protocol_holdout,coverage,5,24,11.939048182439532
MIT,set3_features,GPR,log,protocol_holdout,coverage,5,32,12.311010349767322
MIT,set3_features,GPR,log,protocol_holdout,coverage,5,40,12.983300059063277
MIT,set3_features,GPR,log,protocol_holdout,coverage,5,48,12.126331805387998
MIT,set3_features,GPR,log,protocol_holdout,coverage,5,56,14.034087439635048
MIT,set3_features,GPR,log,protocol_holdout,coverage,5,64,14.190491331519016
MIT,set3_features,GPR,log,protocol_holdout,coverage,5,72,13.141962372500512
MIT,set3_features,GPR,log,protocol_holdout,coverage,5,80,12.81114541674266
MIT,set3_features,GPR,log,protocol_holdout,coverage,5,88,12.696606049507746
MIT,set3_features,GPR,log,protocol_holdout,coverage,5,96,12.756797239687296
MIT,set3_features,GPR,log,protocol_holdout,coverage,5,99,12.838097862360016
MIT,set3_features,GPR,log,protocol_holdout,coverage,6,8,19.01346837732118
MIT,set3_features,GPR,log,protocol_holdout,coverage,6,16,16.603142636998157
MIT,set3_features,GPR,log,protocol_holdout,coverage,6,24,16.086569185486194
MIT,set3_features,GPR,log,protocol_holdout,coverage,6,32,15.38101746857447
MIT,set3_features,GPR,log,protocol_holdout,coverage,6,40,15.684879210023231
MIT,set3_features,GPR,log,protocol_holdout,coverage,6,48,16.285967485986358
MIT,set3_features,GPR,log,protocol_holdout,coverage,6,56,15.696483388338416
MIT,set3_features,GPR,log,protocol_holdout,coverage,6,64,15.175530973183768
MIT,set3_features,GPR,log,protocol_holdout,coverage,6,72,15.703134324515824
MIT,set3_features,GPR,log,protocol_holdout,coverage,6,80,14.79587466946694
MIT,set3_features,GPR,log,protocol_holdout,coverage,6,88,14.768403471381747
MIT,set3_features,GPR,log,protocol_holdout,coverage,6,96,14.33159476250278
MIT,set3_features,GPR,log,protocol_holdout,coverage,6,99,14.19483676457106
MIT,set3_features,GPR,log,protocol_holdout,coverage,7,8,27.590662608270826
MIT,set3_features,GPR,log,protocol_holdout,coverage,7,16,22.740977824965533
MIT,set3_features,GPR,log,protocol_holdout,coverage,7,24,12.006263428313304
MIT,set3_features,GPR,log,protocol_holdout,coverage,7,32,11.17276929820062
MIT,set3_features,GPR,log,protocol_holdout,coverage,7,40,11.570543310461115
MIT,set3_features,GPR,log,protocol_holdout,coverage,7,48,14.16550454803981
MIT,set3_features,GPR,log,protocol_holdout,coverage,7,56,11.435958828241173
MIT,set3_features,GPR,log,protocol_holdout,coverage,7,64,11.176966160298653
MIT,set3_features,GPR,log,protocol_holdout,coverage,7,72,11.666295316361822
MIT,set3_features,GPR,log,protocol_holdout,coverage,7,80,10.790618871104805
MIT,set3_features,GPR,log,protocol_holdout,coverage,7,88,10.421077181938411
MIT,set3_features,GPR,log,protocol_holdout,coverage,7,96,10.544657683767587
MIT,set3_features,GPR,log,protocol_holdout,coverage,7,99,10.70685844034572
MIT,set3_features,GPR,log,protocol_holdout,coverage,8,8,16.664613855231604
MIT,set3_features,GPR,log,protocol_holdout,coverage,8,16,12.76459756352622
MIT,set3_features,GPR,log,protocol_holdout,coverage,8,24,14.090823154492496
MIT,set3_features,GPR,log,protocol_holdout,coverage,8,32,13.498400192912277
MIT,set3_features,GPR,log,protocol_holdout,coverage,8,40,13.898537888764404
MIT,set3_features,GPR,log,protocol_holdout,coverage,8,48,14.74977839343333
MIT,set3_features,GPR,log,protocol_holdout,coverage,8,56,15.150391282821248
MIT,set3_features,GPR,log,protocol_holdout,coverage,8,64,15.082559292581124
MIT,set3_features,GPR,log,protocol_holdout,coverage,8,72,15.156134532297836
MIT,set3_features,GPR,log,protocol_holdout,coverage,8,80,15.02378678185028
MIT,set3_features,GPR,log,protocol_holdout,coverage,8,88,14.515712885609108
MIT,set3_features,GPR,log,protocol_holdout,coverage,8,96,14.294504659366208
MIT,set3_features,GPR,log,protocol_holdout,coverage,8,99,14.27619712043925
MIT,set3_features,GPR,log,protocol_holdout,coverage,9,8,21.703335827973056
MIT,set3_features,GPR,log,protocol_holdout,coverage,9,16,14.608084604014644
MIT,set3_features,GPR,log,protocol_holdout,coverage,9,24,13.207915759464326
MIT,set3_features,GPR,log,protocol_holdout,coverage,9,32,13.2387553977132
MIT,set3_features,GPR,log,protocol_holdout,coverage,9,40,13.143033444187743
MIT,set3_features,GPR,log,protocol_holdout,coverage,9,48,14.053327729216164
MIT,set3_features,GPR,log,protocol_holdout,coverage,9,56,13.535154820016643
MIT,set3_features,GPR,log,protocol_holdout,coverage,9,64,13.690128320864195
MIT,set3_features,GPR,log,protocol_holdout,coverage,9,72,13.383584265139186
MIT,set3_features,GPR,log,protocol_holdout,coverage,9,80,12.893375766882835
MIT,set3_features,GPR,log,protocol_holdout,coverage,9,88,12.873681099893888
MIT,set3_features,GPR,log,protocol_holdout,coverage,9,96,12.423297310595771
MIT,set3_features,GPR,log,protocol_holdout,coverage,9,99,12.425078924605751
MIT,set3_features,GPR,log,protocol_holdout,coverage,10,8,22.34413690627547
MIT,set3_features,GPR,log,protocol_holdout,coverage,10,16,16.074902833030002
MIT,set3_features,GPR,log,protocol_holdout,coverage,10,24,13.398427020194772
MIT,set3_features,GPR,log,protocol_holdout,coverage,10,32,11.11546160873557
MIT,set3_features,GPR,log,protocol_holdout,coverage,10,40,11.108228603860342
MIT,set3_features,GPR,log,protocol_holdout,coverage,10,48,10.550482015300048
MIT,set3_features,GPR,log,protocol_holdout,coverage,10,56,10.189323319766864
MIT,set3_features,GPR,log,protocol_holdout,coverage,10,64,10.242507590206532
MIT,set3_features,GPR,log,protocol_holdout,coverage,10,72,10.169308870336478
MIT,set3_features,GPR,log,protocol_holdout,coverage,10,80,9.916212794264723
MIT,set3_features,GPR,log,protocol_holdout,coverage,10,88,10.28537258996825
MIT,set3_features,GPR,log,protocol_holdout,coverage,10,96,10.342744888473748
MIT,set3_features,GPR,log,protocol_holdout,coverage,10,99,10.42779083364328
MIT,set3_features,GPR,log,protocol_holdout,exploration,1,8,25.15512380117696
MIT,set3_features,GPR,log,protocol_holdout,exploration,1,16,26.26728551425658
MIT,set3_features,GPR,log,protocol_holdout,exploration,1,24,19.78855920382154
MIT,set3_features,GPR,log,protocol_holdout,exploration,1,32,18.56450807055347
MIT,set3_features,GPR,log,protocol_holdout,exploration,1,40,21.61452840040807
MIT,set3_features,GPR,log,protocol_holdout,exploration,1,48,21.517804821146925
MIT,set3_features,GPR,log,protocol_holdout,exploration,1,56,21.539473462209536
MIT,set3_features,GPR,log,protocol_holdout,exploration,1,64,20.159151073066223
MIT,set3_features,GPR,log,protocol_holdout,exploration,1,72,19.45510216455384
MIT,set3_features,GPR,log,protocol_holdout,exploration,1,80,19.93370173057788
MIT,set3_features,GPR,log,protocol_holdout,exploration,1,88,20.416646760992467
MIT,set3_features,GPR,log,protocol_holdout,exploration,1,96,20.162429816765883
MIT,set3_features,GPR,log,protocol_holdout,exploration,1,99,20.106143053427765
MIT,set3_features,GPR,log,protocol_holdout,exploration,2,8,17.509686399924014
MIT,set3_features,GPR,log,protocol_holdout,exploration,2,16,13.01706124317668
MIT,set3_features,GPR,log,protocol_holdout,exploration,2,24,11.982540208327414
MIT,set3_features,GPR,log,protocol_holdout,exploration,2,32,11.432138257946054
MIT,set3_features,GPR,log,protocol_holdout,exploration,2,40,12.500824002965356
MIT,set3_features,GPR,log,protocol_holdout,exploration,2,48,11.849618677948976
MIT,set3_features,GPR,log,protocol_holdout,exploration,2,56,11.973950179044712
MIT,set3_features,GPR,log,protocol_holdout,exploration,2,64,11.95235164319512
MIT,set3_features,GPR,log,protocol_holdout,exploration,2,72,11.813894271406962
MIT,set3_features,GPR,log,protocol_holdout,exploration,2,80,11.717039995840556
MIT,set3_features,GPR,log,protocol_holdout,exploration,2,88,11.93110994841368
MIT,set3_features,GPR,log,protocol_holdout,exploration,2,96,11.910897853021853
MIT,set3_features,GPR,log,protocol_holdout,exploration,2,99,12.00899183955939
MIT,set3_features,GPR,log,protocol_holdout,exploration,3,8,14.38733212551004
MIT,set3_features,GPR,log,protocol_holdout,exploration,3,16,14.438999114172487
MIT,set3_features,GPR,log,protocol_holdout,exploration,3,24,14.81742507273324
MIT,set3_features,GPR,log,protocol_holdout,exploration,3,32,16.386462425522787
MIT,set3_features,GPR,log,protocol_holdout,exploration,3,40,11.62038199891654
MIT,set3_features,GPR,log,protocol_holdout,exploration,3,48,16.050934993120197
MIT,set3_features,GPR,log,protocol_holdout,exploration,3,56,16.39141870473242
MIT,set3_features,GPR,log,protocol_holdout,exploration,3,64,13.99797364289959
MIT,set3_features,GPR,log,protocol_holdout,exploration,3,72,13.509995471402943
MIT,set3_features,GPR,log,protocol_holdout,exploration,3,80,14.433759523621106
MIT,set3_features,GPR,log,protocol_holdout,exploration,3,88,16.565354281945062
MIT,set3_features,GPR,log,protocol_holdout,exploration,3,96,18.827977652066355
MIT,set3_features,GPR,log,protocol_holdout,exploration,3,99,22.423166888388167
MIT,set3_features,GPR,log,protocol_holdout,exploration,4,8,11.862676610593088
MIT,set3_features,GPR,log,protocol_holdout,exploration,4,16,10.627767450890476
MIT,set3_features,GPR,log,protocol_holdout,exploration,4,24,9.894616021477216
MIT,set3_features,GPR,log,protocol_holdout,exploration,4,32,9.620173700207555
MIT,set3_features,GPR,log,protocol_holdout,exploration,4,40,8.856814503104228
MIT,set3_features,GPR,log,protocol_holdout,exploration,4,48,8.570944834011364
MIT,set3_features,GPR,log,protocol_holdout,exploration,4,56,8.83247778688479
MIT,set3_features,GPR,log,protocol_holdout,exploration,4,64,9.08190474883206
MIT,set3_features,GPR,log,protocol_holdout,exploration,4,72,9.322531633563363
MIT,set3_features,GPR,log,protocol_holdout,exploration,4,80,9.20416380867793
MIT,set3_features,GPR,log,protocol_holdout,exploration,4,88,9.230058209574334
MIT,set3_features,GPR,log,protocol_holdout,exploration,4,96,9.252676269700329
MIT,set3_features,GPR,log,protocol_holdout,exploration,4,99,9.03360753202288
MIT,set3_features,GPR,log,protocol_holdout,exploration,5,8,13.426248852631923
MIT,set3_features,GPR,log,protocol_holdout,exploration,5,16,12.001647709996632
MIT,set3_features,GPR,log,protocol_holdout,exploration,5,24,14.122912141883496
MIT,set3_features,GPR,log,protocol_holdout,exploration,5,32,16.201025343786725
MIT,set3_features,GPR,log,protocol_holdout,exploration,5,40,12.810603696137813
MIT,set3_features,GPR,log,protocol_holdout,exploration,5,48,12.984250294980964
MIT,set3_features,GPR,log,protocol_holdout,exploration,5,56,13.296453289280032
MIT,set3_features,GPR,log,protocol_holdout,exploration,5,64,13.36007962854213
MIT,set3_features,GPR,log,protocol_holdout,exploration,5,72,13.413850249428618
MIT,set3_features,GPR,log,protocol_holdout,exploration,5,80,13.492589190587529
MIT,set3_features,GPR,log,protocol_holdout,exploration,5,88,13.155597353167527
MIT,set3_features,GPR,log,protocol_holdout,exploration,5,96,12.640036118052006
MIT,set3_features,GPR,log,protocol_holdout,exploration,5,99,12.838097862360016
MIT,set3_features,GPR,log,protocol_holdout,exploration,6,8,19.01346837732118
MIT,set3_features,GPR,log,protocol_holdout,exploration,6,16,16.145438073534873
MIT,set3_features,GPR,log,protocol_holdout,exploration,6,24,14.16089126148769
MIT,set3_features,GPR,log,protocol_holdout,exploration,6,32,15.191153110997698
MIT,set3_features,GPR,log,protocol_holdout,exploration,6,40,14.88406930668222
MIT,set3_features,GPR,log,protocol_holdout,exploration,6,48,13.423007970208255
MIT,set3_features,GPR,log,protocol_holdout,exploration,6,56,13.546739947844
MIT,set3_features,GPR,log,protocol_holdout,exploration,6,64,13.2001986227513
MIT,set3_features,GPR,log,protocol_holdout,exploration,6,72,13.202320306904673
MIT,set3_features,GPR,log,protocol_holdout,exploration,6,80,13.531381182161734
MIT,set3_features,GPR,log,protocol_holdout,exploration,6,88,13.888883552640884
MIT,set3_features,GPR,log,protocol_holdout,exploration,6,96,14.269048907311252
MIT,set3_features,GPR,log,protocol_holdout,exploration,6,99,14.19483676457106
MIT,set3_features,GPR,log,protocol_holdout,exploration,7,8,27.590662608270826
MIT,set3_features,GPR,log,protocol_holdout,exploration,7,16,22.740977824965533
MIT,set3_features,GPR,log,protocol_holdout,exploration,7,24,9.756169327418782
MIT,set3_features,GPR,log,protocol_holdout,exploration,7,32,9.683163406825832
MIT,set3_features,GPR,log,protocol_holdout,exploration,7,40,10.199814231636054
MIT,set3_features,GPR,log,protocol_holdout,exploration,7,48,9.46115313231676
MIT,set3_features,GPR,log,protocol_holdout,exploration,7,56,9.54596595926358
MIT,set3_features,GPR,log,protocol_holdout,exploration,7,64,10.11761187867502
MIT,set3_features,GPR,log,protocol_holdout,exploration,7,72,10.40772751103585
MIT,set3_features,GPR,log,protocol_holdout,exploration,7,80,10.252585031655087
MIT,set3_features,GPR,log,protocol_holdout,exploration,7,88,10.316260603065214
MIT,set3_features,GPR,log,protocol_holdout,exploration,7,96,10.797980905581936
MIT,set3_features,GPR,log,protocol_holdout,exploration,7,99,10.70685844034572
MIT,set3_features,GPR,log,protocol_holdout,exploration,8,8,16.664613855231604
MIT,set3_features,GPR,log,protocol_holdout,exploration,8,16,13.556507216195978
MIT,set3_features,GPR,log,protocol_holdout,exploration,8,24,12.5866194220972
MIT,set3_features,GPR,log,protocol_holdout,exploration,8,32,13.286059710961586
MIT,set3_features,GPR,log,protocol_holdout,exploration,8,40,13.461093384943087
MIT,set3_features,GPR,log,protocol_holdout,exploration,8,48,14.427067816616166
MIT,set3_features,GPR,log,protocol_holdout,exploration,8,56,14.275809534993902
MIT,set3_features,GPR,log,protocol_holdout,exploration,8,64,15.029417881909236
MIT,set3_features,GPR,log,protocol_holdout,exploration,8,72,14.74480215944679
MIT,set3_features,GPR,log,protocol_holdout,exploration,8,80,14.460607771390135
MIT,set3_features,GPR,log,protocol_holdout,exploration,8,88,14.411899954906788
MIT,set3_features,GPR,log,protocol_holdout,exploration,8,96,14.305376591125798
MIT,set3_features,GPR,log,protocol_holdout,exploration,8,99,14.27619712043925
MIT,set3_features,GPR,log,protocol_holdout,exploration,9,8,21.703335827973056
MIT,set3_features,GPR,log,protocol_holdout,exploration,9,16,14.608084604014644
MIT,set3_features,GPR,log,protocol_holdout,exploration,9,24,13.028970637881908
MIT,set3_features,GPR,log,protocol_holdout,exploration,9,32,13.653511966897453
MIT,set3_features,GPR,log,protocol_holdout,exploration,9,40,12.825757822305132
MIT,set3_features,GPR,log,protocol_holdout,exploration,9,48,12.146314857196886
MIT,set3_features,GPR,log,protocol_holdout,exploration,9,56,12.93599484795323
MIT,set3_features,GPR,log,protocol_holdout,exploration,9,64,13.373896709238458
MIT,set3_features,GPR,log,protocol_holdout,exploration,9,72,13.07063312409816
MIT,set3_features,GPR,log,protocol_holdout,exploration,9,80,12.53646009354685
MIT,set3_features,GPR,log,protocol_holdout,exploration,9,88,12.625883040456376
MIT,set3_features,GPR,log,protocol_holdout,exploration,9,96,12.501249141430533
MIT,set3_features,GPR,log,protocol_holdout,exploration,9,99,12.425078924605751
MIT,set3_features,GPR,log,protocol_holdout,exploration,10,8,22.34413690627547
MIT,set3_features,GPR,log,protocol_holdout,exploration,10,16,16.074902833030002
MIT,set3_features,GPR,log,protocol_holdout,exploration,10,24,14.349877172504783
MIT,set3_features,GPR,log,protocol_holdout,exploration,10,32,12.362269255239724
MIT,set3_features,GPR,log,protocol_holdout,exploration,10,40,11.730679213260744
MIT,set3_features,GPR,log,protocol_holdout,exploration,10,48,12.175321874067963
MIT,set3_features,GPR,log,protocol_holdout,exploration,10,56,10.660308456701594
MIT,set3_features,GPR,log,protocol_holdout,exploration,10,64,10.706995787353351
MIT,set3_features,GPR,log,protocol_holdout,exploration,10,72,10.25989397188386
MIT,set3_features,GPR,log,protocol_holdout,exploration,10,80,10.401827060969234
MIT,set3_features,GPR,log,protocol_holdout,exploration,10,88,10.50384542050632
MIT,set3_features,GPR,log,protocol_holdout,exploration,10,96,10.395826478850186
MIT,set3_features,GPR,log,protocol_holdout,exploration,10,99,10.42779083364328
MIT,set3_features,GPR,log,protocol_holdout,exploitation,1,8,25.15512380117696
MIT,set3_features,GPR,log,protocol_holdout,exploitation,1,16,31.79866645674508
MIT,set3_features,GPR,log,protocol_holdout,exploitation,1,24,35.0737374024508
MIT,set3_features,GPR,log,protocol_holdout,exploitation,1,32,36.23731639314005
MIT,set3_features,GPR,log,protocol_holdout,exploitation,1,40,35.07681563205971
MIT,set3_features,GPR,log,protocol_holdout,exploitation,1,48,21.571000050824534
MIT,set3_features,GPR,log,protocol_holdout,exploitation,1,56,22.09216510172206
MIT,set3_features,GPR,log,protocol_holdout,exploitation,1,64,20.74443985752
MIT,set3_features,GPR,log,protocol_holdout,exploitation,1,72,19.836586118073846
MIT,set3_features,GPR,log,protocol_holdout,exploitation,1,80,19.51252695771312
MIT,set3_features,GPR,log,protocol_holdout,exploitation,1,88,19.98149885446141
MIT,set3_features,GPR,log,protocol_holdout,exploitation,1,96,20.09579677635353
MIT,set3_features,GPR,log,protocol_holdout,exploitation,1,99,20.106143053427765
MIT,set3_features,GPR,log,protocol_holdout,exploitation,2,8,17.509686399924014
MIT,set3_features,GPR,log,protocol_holdout,exploitation,2,16,19.45616117847813
MIT,set3_features,GPR,log,protocol_holdout,exploitation,2,24,18.58143817474669
MIT,set3_features,GPR,log,protocol_holdout,exploitation,2,32,13.398464399915431
MIT,set3_features,GPR,log,protocol_holdout,exploitation,2,40,10.708297483981426
MIT,set3_features,GPR,log,protocol_holdout,exploitation,2,48,10.950533291486622
MIT,set3_features,GPR,log,protocol_holdout,exploitation,2,56,11.104092931055249
MIT,set3_features,GPR,log,protocol_holdout,exploitation,2,64,11.970227464470955
MIT,set3_features,GPR,log,protocol_holdout,exploitation,2,72,12.010670505358728
MIT,set3_features,GPR,log,protocol_holdout,exploitation,2,80,12.082519669748631
MIT,set3_features,GPR,log,protocol_holdout,exploitation,2,88,12.343905548656682
MIT,set3_features,GPR,log,protocol_holdout,exploitation,2,96,12.28350684773069
MIT,set3_features,GPR,log,protocol_holdout,exploitation,2,99,12.00899183955939
MIT,set3_features,GPR,log,protocol_holdout,exploitation,3,8,14.38733212551004
MIT,set3_features,GPR,log,protocol_holdout,exploitation,3,16,14.465298285717513
MIT,set3_features,GPR,log,protocol_holdout,exploitation,3,24,15.343973434030024
MIT,set3_features,GPR,log,protocol_holdout,exploitation,3,32,15.022374581931691
MIT,set3_features,GPR,log,protocol_holdout,exploitation,3,40,16.423903508888323
MIT,set3_features,GPR,log,protocol_holdout,exploitation,3,48,15.736058023790106
MIT,set3_features,GPR,log,protocol_holdout,exploitation,3,56,18.44988976028274
MIT,set3_features,GPR,log,protocol_holdout,exploitation,3,64,18.8078202442298
MIT,set3_features,GPR,log,protocol_holdout,exploitation,3,72,19.52640120855309
MIT,set3_features,GPR,log,protocol_holdout,exploitation,3,80,21.771715209063107
MIT,set3_features,GPR,log,protocol_holdout,exploitation,3,88,21.71402137398965
MIT,set3_features,GPR,log,protocol_holdout,exploitation,3,96,20.206227005312986
MIT,set3_features,GPR,log,protocol_holdout,exploitation,3,99,22.423166888388167
MIT,set3_features,GPR,log,protocol_holdout,exploitation,4,8,11.862676610593088
MIT,set3_features,GPR,log,protocol_holdout,exploitation,4,16,12.149144570273762
MIT,set3_features,GPR,log,protocol_holdout,exploitation,4,24,9.817135235234982
MIT,set3_features,GPR,log,protocol_holdout,exploitation,4,32,10.506611321188842
MIT,set3_features,GPR,log,protocol_holdout,exploitation,4,40,10.018113426876628
MIT,set3_features,GPR,log,protocol_holdout,exploitation,4,48,9.636173149277148
MIT,set3_features,GPR,log,protocol_holdout,exploitation,4,56,9.306618517500953
MIT,set3_features,GPR,log,protocol_holdout,exploitation,4,64,9.605901738185272
MIT,set3_features,GPR,log,protocol_holdout,exploitation,4,72,9.4594678602354
MIT,set3_features,GPR,log,protocol_holdout,exploitation,4,80,9.257999797434843
MIT,set3_features,GPR,log,protocol_holdout,exploitation,4,88,8.943160780759136
MIT,set3_features,GPR,log,protocol_holdout,exploitation,4,96,8.89997570147713
MIT,set3_features,GPR,log,protocol_holdout,exploitation,4,99,9.03360753202288
MIT,set3_features,GPR,log,protocol_holdout,exploitation,5,8,13.426248852631923
MIT,set3_features,GPR,log,protocol_holdout,exploitation,5,16,21.08574372058949
MIT,set3_features,GPR,log,protocol_holdout,exploitation,5,24,22.61817393714761
MIT,set3_features,GPR,log,protocol_holdout,exploitation,5,32,20.434691201467327
MIT,set3_features,GPR,log,protocol_holdout,exploitation,5,40,11.495595287595227
MIT,set3_features,GPR,log,protocol_holdout,exploitation,5,48,27.96772064561272
MIT,set3_features,GPR,log,protocol_holdout,exploitation,5,56,14.788478065857085
MIT,set3_features,GPR,log,protocol_holdout,exploitation,5,64,14.796649420717662
MIT,set3_features,GPR,log,protocol_holdout,exploitation,5,72,11.980249241091322
MIT,set3_features,GPR,log,protocol_holdout,exploitation,5,80,13.185578265793565
MIT,set3_features,GPR,log,protocol_holdout,exploitation,5,88,13.56678126225837
MIT,set3_features,GPR,log,protocol_holdout,exploitation,5,96,13.234416246202318
MIT,set3_features,GPR,log,protocol_holdout,exploitation,5,99,12.838097862360016
MIT,set3_features,GPR,log,protocol_holdout,exploitation,6,8,19.01346837732118
MIT,set3_features,GPR,log,protocol_holdout,exploitation,6,16,19.144771919459828
MIT,set3_features,GPR,log,protocol_holdout,exploitation,6,24,17.90322186726642
MIT,set3_features,GPR,log,protocol_holdout,exploitation,6,32,17.352595787413414
MIT,set3_features,GPR,log,protocol_holdout,exploitation,6,40,14.10975852813903
MIT,set3_features,GPR,log,protocol_holdout,exploitation,6,48,13.278283713909836
MIT,set3_features,GPR,log,protocol_holdout,exploitation,6,56,13.01263786801051
MIT,set3_features,GPR,log,protocol_holdout,exploitation,6,64,12.841746740839277
MIT,set3_features,GPR,log,protocol_holdout,exploitation,6,72,11.481754001560248
MIT,set3_features,GPR,log,protocol_holdout,exploitation,6,80,13.871629772937077
MIT,set3_features,GPR,log,protocol_holdout,exploitation,6,88,13.776876265079023
MIT,set3_features,GPR,log,protocol_holdout,exploitation,6,96,13.971952790350532
MIT,set3_features,GPR,log,protocol_holdout,exploitation,6,99,14.19483676457106
MIT,set3_features,GPR,log,protocol_holdout,exploitation,7,8,27.590662608270826
MIT,set3_features,GPR,log,protocol_holdout,exploitation,7,16,27.28786601207046
MIT,set3_features,GPR,log,protocol_holdout,exploitation,7,24,22.320242945404548
MIT,set3_features,GPR,log,protocol_holdout,exploitation,7,32,8.815529158876716
MIT,set3_features,GPR,log,protocol_holdout,exploitation,7,40,8.714251345806984
MIT,set3_features,GPR,log,protocol_holdout,exploitation,7,48,10.481871592430792
MIT,set3_features,GPR,log,protocol_holdout,exploitation,7,56,10.965864130340009
MIT,set3_features,GPR,log,protocol_holdout,exploitation,7,64,10.937038348575197
MIT,set3_features,GPR,log,protocol_holdout,exploitation,7,72,10.13316727567128
MIT,set3_features,GPR,log,protocol_holdout,exploitation,7,80,10.365892587323533
MIT,set3_features,GPR,log,protocol_holdout,exploitation,7,88,10.59926548772069
MIT,set3_features,GPR,log,protocol_holdout,exploitation,7,96,10.725879318954036
MIT,set3_features,GPR,log,protocol_holdout,exploitation,7,99,10.70685844034572
MIT,set3_features,GPR,log,protocol_holdout,exploitation,8,8,16.664613855231604
MIT,set3_features,GPR,log,protocol_holdout,exploitation,8,16,14.522951147422376
MIT,set3_features,GPR,log,protocol_holdout,exploitation,8,24,13.711624813853708
MIT,set3_features,GPR,log,protocol_holdout,exploitation,8,32,12.538299192006738
MIT,set3_features,GPR,log,protocol_holdout,exploitation,8,40,13.447380110762976
MIT,set3_features,GPR,log,protocol_holdout,exploitation,8,48,13.897830178976964
MIT,set3_features,GPR,log,protocol_holdout,exploitation,8,56,14.257481284362658
MIT,set3_features,GPR,log,protocol_holdout,exploitation,8,64,13.950738835703977
MIT,set3_features,GPR,log,protocol_holdout,exploitation,8,72,14.50425436910486
MIT,set3_features,GPR,log,protocol_holdout,exploitation,8,80,14.299354693638051
MIT,set3_features,GPR,log,protocol_holdout,exploitation,8,88,14.453661854717309
MIT,set3_features,GPR,log,protocol_holdout,exploitation,8,96,14.287715284036452
MIT,set3_features,GPR,log,protocol_holdout,exploitation,8,99,14.27619712043925
MIT,set3_features,GPR,log,protocol_holdout,exploitation,9,8,21.703335827973056
MIT,set3_features,GPR,log,protocol_holdout,exploitation,9,16,15.715328932658586
MIT,set3_features,GPR,log,protocol_holdout,exploitation,9,24,12.354036124734682
MIT,set3_features,GPR,log,protocol_holdout,exploitation,9,32,11.742436044789908
MIT,set3_features,GPR,log,protocol_holdout,exploitation,9,40,13.495269470514277
MIT,set3_features,GPR,log,protocol_holdout,exploitation,9,48,13.320770811917612
MIT,set3_features,GPR,log,protocol_holdout,exploitation,9,56,13.099922826838394
MIT,set3_features,GPR,log,protocol_holdout,exploitation,9,64,13.970128059628802
MIT,set3_features,GPR,log,protocol_holdout,exploitation,9,72,13.4398502764585
MIT,set3_features,GPR,log,protocol_holdout,exploitation,9,80,13.116212844560792
MIT,set3_features,GPR,log,protocol_holdout,exploitation,9,88,12.548166292826396
MIT,set3_features,GPR,log,protocol_holdout,exploitation,9,96,12.63141112985304
MIT,set3_features,GPR,log,protocol_holdout,exploitation,9,99,12.425078924605751
MIT,set3_features,GPR,log,protocol_holdout,exploitation,10,8,22.34413690627547
MIT,set3_features,GPR,log,protocol_holdout,exploitation,10,16,31.45101099587226
MIT,set3_features,GPR,log,protocol_holdout,exploitation,10,24,23.043532406265967
MIT,set3_features,GPR,log,protocol_holdout,exploitation,10,32,18.098433724251205
MIT,set3_features,GPR,log,protocol_holdout,exploitation,10,40,20.77607011887408
MIT,set3_features,GPR,log,protocol_holdout,exploitation,10,48,11.244594948617802
MIT,set3_features,GPR,log,protocol_holdout,exploitation,10,56,12.159773275788808
MIT,set3_features,GPR,log,protocol_holdout,exploitation,10,64,11.25885686401857
MIT,set3_features,GPR,log,protocol_holdout,exploitation,10,72,10.622713153994717
MIT,set3_features,GPR,log,protocol_holdout,exploitation,10,80,10.555674264359938
MIT,set3_features,GPR,log,protocol_holdout,exploitation,10,88,10.599549726208108
MIT,set3_features,GPR,log,protocol_holdout,exploitation,10,96,10.372876161744124
MIT,set3_features,GPR,log,protocol_holdout,exploitation,10,99,10.42779083364328
MIT,set3_features,GPR,log,protocol_holdout,hybrid,1,8,25.15512380117696
MIT,set3_features,GPR,log,protocol_holdout,hybrid,1,16,30.21607770293216
MIT,set3_features,GPR,log,protocol_holdout,hybrid,1,24,22.37925453014096
MIT,set3_features,GPR,log,protocol_holdout,hybrid,1,32,21.406812071798782
MIT,set3_features,GPR,log,protocol_holdout,hybrid,1,40,22.609220677891624
MIT,set3_features,GPR,log,protocol_holdout,hybrid,1,48,21.73545791654319
MIT,set3_features,GPR,log,protocol_holdout,hybrid,1,56,21.668731285437424
MIT,set3_features,GPR,log,protocol_holdout,hybrid,1,64,20.624648164315744
MIT,set3_features,GPR,log,protocol_holdout,hybrid,1,72,19.981986793323493
MIT,set3_features,GPR,log,protocol_holdout,hybrid,1,80,19.93128407699057
MIT,set3_features,GPR,log,protocol_holdout,hybrid,1,88,19.692310701667168
MIT,set3_features,GPR,log,protocol_holdout,hybrid,1,96,19.54035651707229
MIT,set3_features,GPR,log,protocol_holdout,hybrid,1,99,20.106143053427765
MIT,set3_features,GPR,log,protocol_holdout,hybrid,2,8,17.509686399924014
MIT,set3_features,GPR,log,protocol_holdout,hybrid,2,16,11.805608249345752
MIT,set3_features,GPR,log,protocol_holdout,hybrid,2,24,10.64094849839628
MIT,set3_features,GPR,log,protocol_holdout,hybrid,2,32,11.751722850335318
MIT,set3_features,GPR,log,protocol_holdout,hybrid,2,40,13.04140077104293
MIT,set3_features,GPR,log,protocol_holdout,hybrid,2,48,12.788819279990513
MIT,set3_features,GPR,log,protocol_holdout,hybrid,2,56,12.409910701317273
MIT,set3_features,GPR,log,protocol_holdout,hybrid,2,64,12.094291914525703
MIT,set3_features,GPR,log,protocol_holdout,hybrid,2,72,11.522684808442492
MIT,set3_features,GPR,log,protocol_holdout,hybrid,2,80,11.8150703961629
MIT,set3_features,GPR,log,protocol_holdout,hybrid,2,88,12.007994730967434
MIT,set3_features,GPR,log,protocol_holdout,hybrid,2,96,11.853393690382012
MIT,set3_features,GPR,log,protocol_holdout,hybrid,2,99,12.00899183955939
MIT,set3_features,GPR,log,protocol_holdout,hybrid,3,8,14.38733212551004
MIT,set3_features,GPR,log,protocol_holdout,hybrid,3,16,14.376905307984607
MIT,set3_features,GPR,log,protocol_holdout,hybrid,3,24,16.496823525784865
MIT,set3_features,GPR,log,protocol_holdout,hybrid,3,32,12.683210810726026
MIT,set3_features,GPR,log,protocol_holdout,hybrid,3,40,16.47599960465855
MIT,set3_features,GPR,log,protocol_holdout,hybrid,3,48,18.042062026326185
MIT,set3_features,GPR,log,protocol_holdout,hybrid,3,56,18.082639906079063
MIT,set3_features,GPR,log,protocol_holdout,hybrid,3,64,19.622361376320967
MIT,set3_features,GPR,log,protocol_holdout,hybrid,3,72,14.8318779610683
MIT,set3_features,GPR,log,protocol_holdout,hybrid,3,80,16.037718179911067
MIT,set3_features,GPR,log,protocol_holdout,hybrid,3,88,18.189433913555376
MIT,set3_features,GPR,log,protocol_holdout,hybrid,3,96,18.601235388367872
MIT,set3_features,GPR,log,protocol_holdout,hybrid,3,99,22.423166888388167
MIT,set3_features,GPR,log,protocol_holdout,hybrid,4,8,11.862676610593088
MIT,set3_features,GPR,log,protocol_holdout,hybrid,4,16,10.85398222812326
MIT,set3_features,GPR,log,protocol_holdout,hybrid,4,24,9.842992359684398
MIT,set3_features,GPR,log,protocol_holdout,hybrid,4,32,9.758578698838296
MIT,set3_features,GPR,log,protocol_holdout,hybrid,4,40,9.331713133525636
MIT,set3_features,GPR,log,protocol_holdout,hybrid,4,48,8.632822214307483
MIT,set3_features,GPR,log,protocol_holdout,hybrid,4,56,8.985289982003962
MIT,set3_features,GPR,log,protocol_holdout,hybrid,4,64,8.961552820951157
MIT,set3_features,GPR,log,protocol_holdout,hybrid,4,72,8.99179477548125
MIT,set3_features,GPR,log,protocol_holdout,hybrid,4,80,9.249272766956231
MIT,set3_features,GPR,log,protocol_holdout,hybrid,4,88,9.212660923735363
MIT,set3_features,GPR,log,protocol_holdout,hybrid,4,96,9.346533374684048
MIT,set3_features,GPR,log,protocol_holdout,hybrid,4,99,9.03360753202288
MIT,set3_features,GPR,log,protocol_holdout,hybrid,5,8,13.426248852631923
MIT,set3_features,GPR,log,protocol_holdout,hybrid,5,16,12.668429215849777
MIT,set3_features,GPR,log,protocol_holdout,hybrid,5,24,12.816359957466766
MIT,set3_features,GPR,log,protocol_holdout,hybrid,5,32,11.877936289122546
MIT,set3_features,GPR,log,protocol_holdout,hybrid,5,40,13.206317460102824
MIT,set3_features,GPR,log,protocol_holdout,hybrid,5,48,12.950928572820752
MIT,set3_features,GPR,log,protocol_holdout,hybrid,5,56,13.316235208092904
MIT,set3_features,GPR,log,protocol_holdout,hybrid,5,64,13.577492600743485
MIT,set3_features,GPR,log,protocol_holdout,hybrid,5,72,13.21296752489257
MIT,set3_features,GPR,log,protocol_holdout,hybrid,5,80,13.161802486544788
MIT,set3_features,GPR,log,protocol_holdout,hybrid,5,88,12.667013982900947
MIT,set3_features,GPR,log,protocol_holdout,hybrid,5,96,12.542887371190458
MIT,set3_features,GPR,log,protocol_holdout,hybrid,5,99,12.838097862360016
MIT,set3_features,GPR,log,protocol_holdout,hybrid,6,8,19.01346837732118
MIT,set3_features,GPR,log,protocol_holdout,hybrid,6,16,16.498848881032252
MIT,set3_features,GPR,log,protocol_holdout,hybrid,6,24,15.36387202288003
MIT,set3_features,GPR,log,protocol_holdout,hybrid,6,32,14.226319028106666
MIT,set3_features,GPR,log,protocol_holdout,hybrid,6,40,15.857146505701625
MIT,set3_features,GPR,log,protocol_holdout,hybrid,6,48,15.27556181944847
MIT,set3_features,GPR,log,protocol_holdout,hybrid,6,56,14.64043277859972
MIT,set3_features,GPR,log,protocol_holdout,hybrid,6,64,13.948640037614426
MIT,set3_features,GPR,log,protocol_holdout,hybrid,6,72,13.646958791918962
MIT,set3_features,GPR,log,protocol_holdout,hybrid,6,80,13.449979183719275
MIT,set3_features,GPR,log,protocol_holdout,hybrid,6,88,14.772393003462392
MIT,set3_features,GPR,log,protocol_holdout,hybrid,6,96,14.348591879323108
MIT,set3_features,GPR,log,protocol_holdout,hybrid,6,99,14.19483676457106
MIT,set3_features,GPR,log,protocol_holdout,hybrid,7,8,27.590662608270826
MIT,set3_features,GPR,log,protocol_holdout,hybrid,7,16,17.830520775673087
MIT,set3_features,GPR,log,protocol_holdout,hybrid,7,24,11.79405756769066
MIT,set3_features,GPR,log,protocol_holdout,hybrid,7,32,10.78018343064984
MIT,set3_features,GPR,log,protocol_holdout,hybrid,7,40,10.305826254398502
MIT,set3_features,GPR,log,protocol_holdout,hybrid,7,48,10.38891421527216
MIT,set3_features,GPR,log,protocol_holdout,hybrid,7,56,10.668243558478643
MIT,set3_features,GPR,log,protocol_holdout,hybrid,7,64,10.435805930459903
MIT,set3_features,GPR,log,protocol_holdout,hybrid,7,72,10.213358548030802
MIT,set3_features,GPR,log,protocol_holdout,hybrid,7,80,10.11383292989632
MIT,set3_features,GPR,log,protocol_holdout,hybrid,7,88,10.611722170896456
MIT,set3_features,GPR,log,protocol_holdout,hybrid,7,96,10.621571267145647
MIT,set3_features,GPR,log,protocol_holdout,hybrid,7,99,10.70685844034572
MIT,set3_features,GPR,log,protocol_holdout,hybrid,8,8,16.664613855231604
MIT,set3_features,GPR,log,protocol_holdout,hybrid,8,16,13.60991116100342
MIT,set3_features,GPR,log,protocol_holdout,hybrid,8,24,13.167765193914107
MIT,set3_features,GPR,log,protocol_holdout,hybrid,8,32,13.339140020852202
MIT,set3_features,GPR,log,protocol_holdout,hybrid,8,40,13.409611545547364
MIT,set3_features,GPR,log,protocol_holdout,hybrid,8,48,15.004728942317191
MIT,set3_features,GPR,log,protocol_holdout,hybrid,8,56,15.290315750587103
MIT,set3_features,GPR,log,protocol_holdout,hybrid,8,64,14.832125179429854
MIT,set3_features,GPR,log,protocol_holdout,hybrid,8,72,14.73163786560546
MIT,set3_features,GPR,log,protocol_holdout,hybrid,8,80,14.465694072066448
MIT,set3_features,GPR,log,protocol_holdout,hybrid,8,88,14.210072568029236
MIT,set3_features,GPR,log,protocol_holdout,hybrid,8,96,14.160558253650663
MIT,set3_features,GPR,log,protocol_holdout,hybrid,8,99,14.27619712043925
MIT,set3_features,GPR,log,protocol_holdout,hybrid,9,8,21.703335827973056
MIT,set3_features,GPR,log,protocol_holdout,hybrid,9,16,14.608084604014644
MIT,set3_features,GPR,log,protocol_holdout,hybrid,9,24,12.910237555638174
MIT,set3_features,GPR,log,protocol_holdout,hybrid,9,32,13.898569255511958
MIT,set3_features,GPR,log,protocol_holdout,hybrid,9,40,13.036794141495122
MIT,set3_features,GPR,log,protocol_holdout,hybrid,9,48,13.651899034956555
MIT,set3_features,GPR,log,protocol_holdout,hybrid,9,56,13.846084922667806
MIT,set3_features,GPR,log,protocol_holdout,hybrid,9,64,13.080659098226787
MIT,set3_features,GPR,log,protocol_holdout,hybrid,9,72,12.55454780090976
MIT,set3_features,GPR,log,protocol_holdout,hybrid,9,80,12.503579078107183
MIT,set3_features,GPR,log,protocol_holdout,hybrid,9,88,12.440517388960638
MIT,set3_features,GPR,log,protocol_holdout,hybrid,9,96,12.451275559509774
MIT,set3_features,GPR,log,protocol_holdout,hybrid,9,99,12.425078924605751
MIT,set3_features,GPR,log,protocol_holdout,hybrid,10,8,22.34413690627547
MIT,set3_features,GPR,log,protocol_holdout,hybrid,10,16,13.9508520546111
MIT,set3_features,GPR,log,protocol_holdout,hybrid,10,24,12.75207765267077
MIT,set3_features,GPR,log,protocol_holdout,hybrid,10,32,11.60639722271969
MIT,set3_features,GPR,log,protocol_holdout,hybrid,10,40,10.624213425926428
MIT,set3_features,GPR,log,protocol_holdout,hybrid,10,48,10.99064750097368
MIT,set3_features,GPR,log,protocol_holdout,hybrid,10,56,10.55914063270335
MIT,set3_features,GPR,log,protocol_holdout,hybrid,10,64,10.398682926272084
MIT,set3_features,GPR,log,protocol_holdout,hybrid,10,72,10.352088470097518
MIT,set3_features,GPR,log,protocol_holdout,hybrid,10,80,10.346750918142703
MIT,set3_features,GPR,log,protocol_holdout,hybrid,10,88,10.35688054442389
MIT,set3_features,GPR,log,protocol_holdout,hybrid,10,96,10.403108411849608
MIT,set3_features,GPR,log,protocol_holdout,hybrid,10,99,10.42779083364328
ISU_ILCC,set3_features,GPR,log,protocol_holdout,random_selection,1,16,24.60051476708924
ISU_ILCC,set3_features,GPR,log,protocol_holdout,random_selection,1,32,21.226029161262687
ISU_ILCC,set3_features,GPR,log,protocol_holdout,random_selection,1,48,23.793637408818327
ISU_ILCC,set3_features,GPR,log,protocol_holdout,random_selection,1,64,22.7087681703107
ISU_ILCC,set3_features,GPR,log,protocol_holdout,random_selection,1,80,19.331803268860256
ISU_ILCC,set3_features,GPR,log,protocol_holdout,random_selection,1,96,19.48669777456332
ISU_ILCC,set3_features,GPR,log,protocol_holdout,random_selection,1,112,19.16871737528277
ISU_ILCC,set3_features,GPR,log,protocol_holdout,random_selection,1,128,19.162904188323783
ISU_ILCC,set3_features,GPR,log,protocol_holdout,random_selection,1,144,18.61478688963404
ISU_ILCC,set3_features,GPR,log,protocol_holdout,random_selection,1,160,18.759260679890016
ISU_ILCC,set3_features,GPR,log,protocol_holdout,random_selection,1,176,17.59474887368692
ISU_ILCC,set3_features,GPR,log,protocol_holdout,random_selection,1,192,16.96723211968247
ISU_ILCC,set3_features,GPR,log,protocol_holdout,random_selection,1,193,16.978511515353535
ISU_ILCC,set3_features,GPR,log,protocol_holdout,random_selection,2,16,26.29353746853829
ISU_ILCC,set3_features,GPR,log,protocol_holdout,random_selection,2,32,22.31292019288073
ISU_ILCC,set3_features,GPR,log,protocol_holdout,random_selection,2,48,21.8346901986902
ISU_ILCC,set3_features,GPR,log,protocol_holdout,random_selection,2,64,21.63324086658568
ISU_ILCC,set3_features,GPR,log,protocol_holdout,random_selection,2,80,21.931187596305072
ISU_ILCC,set3_features,GPR,log,protocol_holdout,random_selection,2,96,22.70123564314007
ISU_ILCC,set3_features,GPR,log,protocol_holdout,random_selection,2,112,21.432438718715385
ISU_ILCC,set3_features,GPR,log,protocol_holdout,random_selection,2,128,23.124422552943823
ISU_ILCC,set3_features,GPR,log,protocol_holdout,random_selection,2,144,22.43148931049296
ISU_ILCC,set3_features,GPR,log,protocol_holdout,random_selection,2,160,22.95647557931452
ISU_ILCC,set3_features,GPR,log,protocol_holdout,random_selection,2,176,22.98640660922423
ISU_ILCC,set3_features,GPR,log,protocol_holdout,random_selection,2,192,22.580553625831364
ISU_ILCC,set3_features,GPR,log,protocol_holdout,random_selection,2,193,22.374781377492635
ISU_ILCC,set3_features,GPR,log,protocol_holdout,random_selection,3,16,49.00542559934966
ISU_ILCC,set3_features,GPR,log,protocol_holdout,random_selection,3,32,20.034832078407007
ISU_ILCC,set3_features,GPR,log,protocol_holdout,random_selection,3,48,20.68855524822645
ISU_ILCC,set3_features,GPR,log,protocol_holdout,random_selection,3,64,19.524820003678062
ISU_ILCC,set3_features,GPR,log,protocol_holdout,random_selection,3,80,18.633308200807782
ISU_ILCC,set3_features,GPR,log,protocol_holdout,random_selection,3,96,18.364226029063644
ISU_ILCC,set3_features,GPR,log,protocol_holdout,random_selection,3,112,18.7804352829362
ISU_ILCC,set3_features,GPR,log,protocol_holdout,random_selection,3,128,17.044095482603595
ISU_ILCC,set3_features,GPR,log,protocol_holdout,random_selection,3,144,17.740020744989206
ISU_ILCC,set3_features,GPR,log,protocol_holdout,random_selection,3,160,16.54121477008137
ISU_ILCC,set3_features,GPR,log,protocol_holdout,random_selection,3,176,16.895808603297734
ISU_ILCC,set3_features,GPR,log,protocol_holdout,random_selection,3,192,17.163839258603485
ISU_ILCC,set3_features,GPR,log,protocol_holdout,random_selection,3,193,17.062599802037802
ISU_ILCC,set3_features,GPR,log,protocol_holdout,random_selection,4,16,27.96384062402969
ISU_ILCC,set3_features,GPR,log,protocol_holdout,random_selection,4,32,25.38773376343738
ISU_ILCC,set3_features,GPR,log,protocol_holdout,random_selection,4,48,23.170826077766183
ISU_ILCC,set3_features,GPR,log,protocol_holdout,random_selection,4,64,22.385182550312503
ISU_ILCC,set3_features,GPR,log,protocol_holdout,random_selection,4,80,21.29298815280018
ISU_ILCC,set3_features,GPR,log,protocol_holdout,random_selection,4,96,20.34031054139225
ISU_ILCC,set3_features,GPR,log,protocol_holdout,random_selection,4,112,19.782131069254493
ISU_ILCC,set3_features,GPR,log,protocol_holdout,random_selection,4,128,20.70136089487752
ISU_ILCC,set3_features,GPR,log,protocol_holdout,random_selection,4,144,21.2052834693478
ISU_ILCC,set3_features,GPR,log,protocol_holdout,random_selection,4,160,21.136758343554384
ISU_ILCC,set3_features,GPR,log,protocol_holdout,random_selection,4,176,20.64159455464327
ISU_ILCC,set3_features,GPR,log,protocol_holdout,random_selection,4,192,20.448885272595003
ISU_ILCC,set3_features,GPR,log,protocol_holdout,random_selection,4,193,20.432099052675515
ISU_ILCC,set3_features,GPR,log,protocol_holdout,random_selection,5,16,39.95368395947701
ISU_ILCC,set3_features,GPR,log,protocol_holdout,random_selection,5,32,39.65312478430479
ISU_ILCC,set3_features,GPR,log,protocol_holdout,random_selection,5,48,34.92338041172128
ISU_ILCC,set3_features,GPR,log,protocol_holdout,random_selection,5,64,26.09405311180457
ISU_ILCC,set3_features,GPR,log,protocol_holdout,random_selection,5,80,25.15285404675589
ISU_ILCC,set3_features,GPR,log,protocol_holdout,random_selection,5,96,24.720149191154903
ISU_ILCC,set3_features,GPR,log,protocol_holdout,random_selection,5,112,25.22795431728508
ISU_ILCC,set3_features,GPR,log,protocol_holdout,random_selection,5,128,22.22479929455865
ISU_ILCC,set3_features,GPR,log,protocol_holdout,random_selection,5,144,22.66243357624792
ISU_ILCC,set3_features,GPR,log,protocol_holdout,random_selection,5,160,22.180999957045376
ISU_ILCC,set3_features,GPR,log,protocol_holdout,random_selection,5,176,24.054041616458434
ISU_ILCC,set3_features,GPR,log,protocol_holdout,random_selection,5,192,22.176807311098663
ISU_ILCC,set3_features,GPR,log,protocol_holdout,random_selection,5,193,22.14808934699281
ISU_ILCC,set3_features,GPR,log,protocol_holdout,random_selection,6,16,32.088098181243176
ISU_ILCC,set3_features,GPR,log,protocol_holdout,random_selection,6,32,33.29915890692978
ISU_ILCC,set3_features,GPR,log,protocol_holdout,random_selection,6,48,31.88373880145756
ISU_ILCC,set3_features,GPR,log,protocol_holdout,random_selection,6,64,27.312878259342703
ISU_ILCC,set3_features,GPR,log,protocol_holdout,random_selection,6,80,28.95180754739852
ISU_ILCC,set3_features,GPR,log,protocol_holdout,random_selection,6,96,26.227154993359207
ISU_ILCC,set3_features,GPR,log,protocol_holdout,random_selection,6,112,26.489114612525828
ISU_ILCC,set3_features,GPR,log,protocol_holdout,random_selection,6,128,26.58408574952896
ISU_ILCC,set3_features,GPR,log,protocol_holdout,random_selection,6,144,27.782627390546267
ISU_ILCC,set3_features,GPR,log,protocol_holdout,random_selection,6,160,27.817539663977968
ISU_ILCC,set3_features,GPR,log,protocol_holdout,random_selection,6,176,26.37614244840416
ISU_ILCC,set3_features,GPR,log,protocol_holdout,random_selection,6,192,23.86493199335104
ISU_ILCC,set3_features,GPR,log,protocol_holdout,random_selection,6,193,24.14251838966436
ISU_ILCC,set3_features,GPR,log,protocol_holdout,random_selection,7,16,23.306805630362494
ISU_ILCC,set3_features,GPR,log,protocol_holdout,random_selection,7,32,23.33583407507173
ISU_ILCC,set3_features,GPR,log,protocol_holdout,random_selection,7,48,24.78109160695939
ISU_ILCC,set3_features,GPR,log,protocol_holdout,random_selection,7,64,24.758595375693627
ISU_ILCC,set3_features,GPR,log,protocol_holdout,random_selection,7,80,23.894560329113908
ISU_ILCC,set3_features,GPR,log,protocol_holdout,random_selection,7,96,24.734449358760337
ISU_ILCC,set3_features,GPR,log,protocol_holdout,random_selection,7,112,23.220411771152136
ISU_ILCC,set3_features,GPR,log,protocol_holdout,random_selection,7,128,22.549572083331217
ISU_ILCC,set3_features,GPR,log,protocol_holdout,random_selection,7,144,22.5250717660526
ISU_ILCC,set3_features,GPR,log,protocol_holdout,random_selection,7,160,22.37011455850312
ISU_ILCC,set3_features,GPR,log,protocol_holdout,random_selection,7,176,21.956576443173503
ISU_ILCC,set3_features,GPR,log,protocol_holdout,random_selection,7,192,22.078324040387244
ISU_ILCC,set3_features,GPR,log,protocol_holdout,random_selection,7,193,22.22167176228711
ISU_ILCC,set3_features,GPR,log,protocol_holdout,random_selection,8,16,93.1308689612974
ISU_ILCC,set3_features,GPR,log,protocol_holdout,random_selection,8,32,45.30090053512642
ISU_ILCC,set3_features,GPR,log,protocol_holdout,random_selection,8,48,44.364852240391976
ISU_ILCC,set3_features,GPR,log,protocol_holdout,random_selection,8,64,45.23669577157585
ISU_ILCC,set3_features,GPR,log,protocol_holdout,random_selection,8,80,42.51138574391442
ISU_ILCC,set3_features,GPR,log,protocol_holdout,random_selection,8,96,32.50586029125449
ISU_ILCC,set3_features,GPR,log,protocol_holdout,random_selection,8,112,31.3302526389818
ISU_ILCC,set3_features,GPR,log,protocol_holdout,random_selection,8,128,33.34139189391701
ISU_ILCC,set3_features,GPR,log,protocol_holdout,random_selection,8,144,32.78751133540451
ISU_ILCC,set3_features,GPR,log,protocol_holdout,random_selection,8,160,30.560761871703978
ISU_ILCC,set3_features,GPR,log,protocol_holdout,random_selection,8,176,33.13488405365876
ISU_ILCC,set3_features,GPR,log,protocol_holdout,random_selection,8,192,32.641687646718964
ISU_ILCC,set3_features,GPR,log,protocol_holdout,random_selection,8,193,32.559632356379566
ISU_ILCC,set3_features,GPR,log,protocol_holdout,random_selection,9,16,30.068601422896084
ISU_ILCC,set3_features,GPR,log,protocol_holdout,random_selection,9,32,25.28321924191938
ISU_ILCC,set3_features,GPR,log,protocol_holdout,random_selection,9,48,27.666149179087185
ISU_ILCC,set3_features,GPR,log,protocol_holdout,random_selection,9,64,23.731554818391324
ISU_ILCC,set3_features,GPR,log,protocol_holdout,random_selection,9,80,23.838117740611064
ISU_ILCC,set3_features,GPR,log,protocol_holdout,random_selection,9,96,23.38161641093492
ISU_ILCC,set3_features,GPR,log,protocol_holdout,random_selection,9,112,23.41969281624369
ISU_ILCC,set3_features,GPR,log,protocol_holdout,random_selection,9,128,22.82009599182386
ISU_ILCC,set3_features,GPR,log,protocol_holdout,random_selection,9,144,24.23639749344029
ISU_ILCC,set3_features,GPR,log,protocol_holdout,random_selection,9,160,24.04858224204073
ISU_ILCC,set3_features,GPR,log,protocol_holdout,random_selection,9,176,23.07165551967844
ISU_ILCC,set3_features,GPR,log,protocol_holdout,random_selection,9,192,22.89147806325832
ISU_ILCC,set3_features,GPR,log,protocol_holdout,random_selection,9,193,22.70567329904621
ISU_ILCC,set3_features,GPR,log,protocol_holdout,random_selection,10,16,36.589753404575134
ISU_ILCC,set3_features,GPR,log,protocol_holdout,random_selection,10,32,21.888993934665177
ISU_ILCC,set3_features,GPR,log,protocol_holdout,random_selection,10,48,25.248960747791845
ISU_ILCC,set3_features,GPR,log,protocol_holdout,random_selection,10,64,22.762251389725098
ISU_ILCC,set3_features,GPR,log,protocol_holdout,random_selection,10,80,22.746280837455647
ISU_ILCC,set3_features,GPR,log,protocol_holdout,random_selection,10,96,22.45228836881392
ISU_ILCC,set3_features,GPR,log,protocol_holdout,random_selection,10,112,22.56995976515625
ISU_ILCC,set3_features,GPR,log,protocol_holdout,random_selection,10,128,22.81295028507052
ISU_ILCC,set3_features,GPR,log,protocol_holdout,random_selection,10,144,22.663461301217893
ISU_ILCC,set3_features,GPR,log,protocol_holdout,random_selection,10,160,22.60651036211464
ISU_ILCC,set3_features,GPR,log,protocol_holdout,random_selection,10,176,22.56563205914158
ISU_ILCC,set3_features,GPR,log,protocol_holdout,random_selection,10,192,22.97103988315453
ISU_ILCC,set3_features,GPR,log,protocol_holdout,random_selection,10,193,22.9382767253602
ISU_ILCC,set3_features,GPR,log,protocol_holdout,diversity_oneshot,1,16,25.002893027394617
ISU_ILCC,set3_features,GPR,log,protocol_holdout,diversity_oneshot,1,32,22.5844640657156
ISU_ILCC,set3_features,GPR,log,protocol_holdout,diversity_oneshot,1,48,20.09531020475688
ISU_ILCC,set3_features,GPR,log,protocol_holdout,diversity_oneshot,1,64,18.62063932495092
ISU_ILCC,set3_features,GPR,log,protocol_holdout,diversity_oneshot,1,80,15.88141810182461
ISU_ILCC,set3_features,GPR,log,protocol_holdout,diversity_oneshot,1,96,16.83899096946116
ISU_ILCC,set3_features,GPR,log,protocol_holdout,diversity_oneshot,1,112,16.588103989504454
ISU_ILCC,set3_features,GPR,log,protocol_holdout,diversity_oneshot,1,128,16.820019478067767
ISU_ILCC,set3_features,GPR,log,protocol_holdout,diversity_oneshot,1,144,16.698581903944326
ISU_ILCC,set3_features,GPR,log,protocol_holdout,diversity_oneshot,1,160,16.57279660752907
ISU_ILCC,set3_features,GPR,log,protocol_holdout,diversity_oneshot,1,176,16.24959920974069
ISU_ILCC,set3_features,GPR,log,protocol_holdout,diversity_oneshot,1,192,16.93466182972745
ISU_ILCC,set3_features,GPR,log,protocol_holdout,diversity_oneshot,1,193,16.978511515353535
ISU_ILCC,set3_features,GPR,log,protocol_holdout,diversity_oneshot,2,16,23.937591056581155
ISU_ILCC,set3_features,GPR,log,protocol_holdout,diversity_oneshot,2,32,19.101989398108568
ISU_ILCC,set3_features,GPR,log,protocol_holdout,diversity_oneshot,2,48,19.290687610116983
ISU_ILCC,set3_features,GPR,log,protocol_holdout,diversity_oneshot,2,64,21.032421016465648
ISU_ILCC,set3_features,GPR,log,protocol_holdout,diversity_oneshot,2,80,21.79414835197924
ISU_ILCC,set3_features,GPR,log,protocol_holdout,diversity_oneshot,2,96,21.408074268199943
ISU_ILCC,set3_features,GPR,log,protocol_holdout,diversity_oneshot,2,112,18.983969705992063
ISU_ILCC,set3_features,GPR,log,protocol_holdout,diversity_oneshot,2,128,22.94920515608593
ISU_ILCC,set3_features,GPR,log,protocol_holdout,diversity_oneshot,2,144,23.472748548644155
ISU_ILCC,set3_features,GPR,log,protocol_holdout,diversity_oneshot,2,160,22.844387014055965
ISU_ILCC,set3_features,GPR,log,protocol_holdout,diversity_oneshot,2,176,22.86663937474932
ISU_ILCC,set3_features,GPR,log,protocol_holdout,diversity_oneshot,2,192,22.382939955934955
ISU_ILCC,set3_features,GPR,log,protocol_holdout,diversity_oneshot,2,193,22.374781377492635
ISU_ILCC,set3_features,GPR,log,protocol_holdout,diversity_oneshot,3,16,25.77328398579159
ISU_ILCC,set3_features,GPR,log,protocol_holdout,diversity_oneshot,3,32,24.703698622209103
ISU_ILCC,set3_features,GPR,log,protocol_holdout,diversity_oneshot,3,48,16.725043124742324
ISU_ILCC,set3_features,GPR,log,protocol_holdout,diversity_oneshot,3,64,18.034117859307766
ISU_ILCC,set3_features,GPR,log,protocol_holdout,diversity_oneshot,3,80,18.294711995794867
ISU_ILCC,set3_features,GPR,log,protocol_holdout,diversity_oneshot,3,96,15.370662142743935
ISU_ILCC,set3_features,GPR,log,protocol_holdout,diversity_oneshot,3,112,15.619642295580464
ISU_ILCC,set3_features,GPR,log,protocol_holdout,diversity_oneshot,3,128,18.654049095285565
ISU_ILCC,set3_features,GPR,log,protocol_holdout,diversity_oneshot,3,144,16.949256800042008
ISU_ILCC,set3_features,GPR,log,protocol_holdout,diversity_oneshot,3,160,15.84375807448389
ISU_ILCC,set3_features,GPR,log,protocol_holdout,diversity_oneshot,3,176,16.44961744586402
ISU_ILCC,set3_features,GPR,log,protocol_holdout,diversity_oneshot,3,192,17.015535947753122
ISU_ILCC,set3_features,GPR,log,protocol_holdout,diversity_oneshot,3,193,17.062599802037802
ISU_ILCC,set3_features,GPR,log,protocol_holdout,diversity_oneshot,4,16,25.79509134323437
ISU_ILCC,set3_features,GPR,log,protocol_holdout,diversity_oneshot,4,32,18.497962656556385
ISU_ILCC,set3_features,GPR,log,protocol_holdout,diversity_oneshot,4,48,24.31469527643305
ISU_ILCC,set3_features,GPR,log,protocol_holdout,diversity_oneshot,4,64,20.94613372116285
ISU_ILCC,set3_features,GPR,log,protocol_holdout,diversity_oneshot,4,80,21.2815099171778
ISU_ILCC,set3_features,GPR,log,protocol_holdout,diversity_oneshot,4,96,21.415685383950265
ISU_ILCC,set3_features,GPR,log,protocol_holdout,diversity_oneshot,4,112,19.330382071566792
ISU_ILCC,set3_features,GPR,log,protocol_holdout,diversity_oneshot,4,128,20.199609549850138
ISU_ILCC,set3_features,GPR,log,protocol_holdout,diversity_oneshot,4,144,20.34181071200585
ISU_ILCC,set3_features,GPR,log,protocol_holdout,diversity_oneshot,4,160,20.85018138220181
ISU_ILCC,set3_features,GPR,log,protocol_holdout,diversity_oneshot,4,176,20.95262831082261
ISU_ILCC,set3_features,GPR,log,protocol_holdout,diversity_oneshot,4,192,20.4572266125962
ISU_ILCC,set3_features,GPR,log,protocol_holdout,diversity_oneshot,4,193,20.432099052675515
ISU_ILCC,set3_features,GPR,log,protocol_holdout,diversity_oneshot,5,16,43.09965603109551
ISU_ILCC,set3_features,GPR,log,protocol_holdout,diversity_oneshot,5,32,35.49206326006451
ISU_ILCC,set3_features,GPR,log,protocol_holdout,diversity_oneshot,5,48,31.740542561029965
ISU_ILCC,set3_features,GPR,log,protocol_holdout,diversity_oneshot,5,64,26.329835833228483
ISU_ILCC,set3_features,GPR,log,protocol_holdout,diversity_oneshot,5,80,23.32709936287175
ISU_ILCC,set3_features,GPR,log,protocol_holdout,diversity_oneshot,5,96,24.671428126379947
ISU_ILCC,set3_features,GPR,log,protocol_holdout,diversity_oneshot,5,112,22.473136579625784
ISU_ILCC,set3_features,GPR,log,protocol_holdout,diversity_oneshot,5,128,22.63027337291158
ISU_ILCC,set3_features,GPR,log,protocol_holdout,diversity_oneshot,5,144,21.890449933179504
ISU_ILCC,set3_features,GPR,log,protocol_holdout,diversity_oneshot,5,160,21.484590363028385
ISU_ILCC,set3_features,GPR,log,protocol_holdout,diversity_oneshot,5,176,21.838647514775108
ISU_ILCC,set3_features,GPR,log,protocol_holdout,diversity_oneshot,5,192,22.11424274483805
ISU_ILCC,set3_features,GPR,log,protocol_holdout,diversity_oneshot,5,193,22.14808934699281
ISU_ILCC,set3_features,GPR,log,protocol_holdout,diversity_oneshot,6,16,22.279597356537657
ISU_ILCC,set3_features,GPR,log,protocol_holdout,diversity_oneshot,6,32,28.73745588494918
ISU_ILCC,set3_features,GPR,log,protocol_holdout,diversity_oneshot,6,48,27.92669702543348
ISU_ILCC,set3_features,GPR,log,protocol_holdout,diversity_oneshot,6,64,22.77477290135864
ISU_ILCC,set3_features,GPR,log,protocol_holdout,diversity_oneshot,6,80,24.51309188141802
ISU_ILCC,set3_features,GPR,log,protocol_holdout,diversity_oneshot,6,96,22.987788911061653
ISU_ILCC,set3_features,GPR,log,protocol_holdout,diversity_oneshot,6,112,26.27333120322449
ISU_ILCC,set3_features,GPR,log,protocol_holdout,diversity_oneshot,6,128,25.289351699932023
ISU_ILCC,set3_features,GPR,log,protocol_holdout,diversity_oneshot,6,144,23.426163574541363
ISU_ILCC,set3_features,GPR,log,protocol_holdout,diversity_oneshot,6,160,23.819084410646035
ISU_ILCC,set3_features,GPR,log,protocol_holdout,diversity_oneshot,6,176,23.69622115244686
ISU_ILCC,set3_features,GPR,log,protocol_holdout,diversity_oneshot,6,192,24.119617846300194
ISU_ILCC,set3_features,GPR,log,protocol_holdout,diversity_oneshot,6,193,24.14251838966436
ISU_ILCC,set3_features,GPR,log,protocol_holdout,diversity_oneshot,7,16,34.81736879086894
ISU_ILCC,set3_features,GPR,log,protocol_holdout,diversity_oneshot,7,32,28.0838018153022
ISU_ILCC,set3_features,GPR,log,protocol_holdout,diversity_oneshot,7,48,27.68495004542976
ISU_ILCC,set3_features,GPR,log,protocol_holdout,diversity_oneshot,7,64,22.75350106924889
ISU_ILCC,set3_features,GPR,log,protocol_holdout,diversity_oneshot,7,80,22.42199852549336
ISU_ILCC,set3_features,GPR,log,protocol_holdout,diversity_oneshot,7,96,22.98090195263679
ISU_ILCC,set3_features,GPR,log,protocol_holdout,diversity_oneshot,7,112,23.637215483844063
ISU_ILCC,set3_features,GPR,log,protocol_holdout,diversity_oneshot,7,128,22.50139321907988
ISU_ILCC,set3_features,GPR,log,protocol_holdout,diversity_oneshot,7,144,22.68085832796658
ISU_ILCC,set3_features,GPR,log,protocol_holdout,diversity_oneshot,7,160,22.463644286146355
ISU_ILCC,set3_features,GPR,log,protocol_holdout,diversity_oneshot,7,176,22.599313186441808
ISU_ILCC,set3_features,GPR,log,protocol_holdout,diversity_oneshot,7,192,22.20115321606403
ISU_ILCC,set3_features,GPR,log,protocol_holdout,diversity_oneshot,7,193,22.22167176228711
ISU_ILCC,set3_features,GPR,log,protocol_holdout,diversity_oneshot,8,16,35.0904578322516
ISU_ILCC,set3_features,GPR,log,protocol_holdout,diversity_oneshot,8,32,37.27885707534537
ISU_ILCC,set3_features,GPR,log,protocol_holdout,diversity_oneshot,8,48,36.08988254812986
ISU_ILCC,set3_features,GPR,log,protocol_holdout,diversity_oneshot,8,64,38.8343506515658
ISU_ILCC,set3_features,GPR,log,protocol_holdout,diversity_oneshot,8,80,38.751158855834014
ISU_ILCC,set3_features,GPR,log,protocol_holdout,diversity_oneshot,8,96,34.729510096135655
ISU_ILCC,set3_features,GPR,log,protocol_holdout,diversity_oneshot,8,112,33.20399989568692
ISU_ILCC,set3_features,GPR,log,protocol_holdout,diversity_oneshot,8,128,35.40684810232521
ISU_ILCC,set3_features,GPR,log,protocol_holdout,diversity_oneshot,8,144,34.37048986529852
ISU_ILCC,set3_features,GPR,log,protocol_holdout,diversity_oneshot,8,160,35.230085360820965
ISU_ILCC,set3_features,GPR,log,protocol_holdout,diversity_oneshot,8,176,34.23655673014137
ISU_ILCC,set3_features,GPR,log,protocol_holdout,diversity_oneshot,8,192,32.60394103270776
ISU_ILCC,set3_features,GPR,log,protocol_holdout,diversity_oneshot,8,193,32.559632356379566
ISU_ILCC,set3_features,GPR,log,protocol_holdout,diversity_oneshot,9,16,24.973732980227933
ISU_ILCC,set3_features,GPR,log,protocol_holdout,diversity_oneshot,9,32,32.60723776350877
ISU_ILCC,set3_features,GPR,log,protocol_holdout,diversity_oneshot,9,48,24.957410493679564
ISU_ILCC,set3_features,GPR,log,protocol_holdout,diversity_oneshot,9,64,25.418790572732085
ISU_ILCC,set3_features,GPR,log,protocol_holdout,diversity_oneshot,9,80,25.36081300102177
ISU_ILCC,set3_features,GPR,log,protocol_holdout,diversity_oneshot,9,96,25.77345146460837
ISU_ILCC,set3_features,GPR,log,protocol_holdout,diversity_oneshot,9,112,24.99358661065764
ISU_ILCC,set3_features,GPR,log,protocol_holdout,diversity_oneshot,9,128,22.673887443719867
ISU_ILCC,set3_features,GPR,log,protocol_holdout,diversity_oneshot,9,144,22.23943163376253
ISU_ILCC,set3_features,GPR,log,protocol_holdout,diversity_oneshot,9,160,23.57171635957248
ISU_ILCC,set3_features,GPR,log,protocol_holdout,diversity_oneshot,9,176,23.25668268486661
ISU_ILCC,set3_features,GPR,log,protocol_holdout,diversity_oneshot,9,192,22.72301674162396
ISU_ILCC,set3_features,GPR,log,protocol_holdout,diversity_oneshot,9,193,22.70567329904621
ISU_ILCC,set3_features,GPR,log,protocol_holdout,diversity_oneshot,10,16,26.97389408040344
ISU_ILCC,set3_features,GPR,log,protocol_holdout,diversity_oneshot,10,32,23.03099731808116
ISU_ILCC,set3_features,GPR,log,protocol_holdout,diversity_oneshot,10,48,24.500353799262
ISU_ILCC,set3_features,GPR,log,protocol_holdout,diversity_oneshot,10,64,25.36339631489899
ISU_ILCC,set3_features,GPR,log,protocol_holdout,diversity_oneshot,10,80,22.82028401580831
ISU_ILCC,set3_features,GPR,log,protocol_holdout,diversity_oneshot,10,96,22.62027360426784
ISU_ILCC,set3_features,GPR,log,protocol_holdout,diversity_oneshot,10,112,24.00485212715632
ISU_ILCC,set3_features,GPR,log,protocol_holdout,diversity_oneshot,10,128,23.286062807951048
ISU_ILCC,set3_features,GPR,log,protocol_holdout,diversity_oneshot,10,144,22.714240231830065
ISU_ILCC,set3_features,GPR,log,protocol_holdout,diversity_oneshot,10,160,22.793423622131257
ISU_ILCC,set3_features,GPR,log,protocol_holdout,diversity_oneshot,10,176,22.83663718452089
ISU_ILCC,set3_features,GPR,log,protocol_holdout,diversity_oneshot,10,192,22.968133548831656
ISU_ILCC,set3_features,GPR,log,protocol_holdout,diversity_oneshot,10,193,22.9382767253602
ISU_ILCC,set3_features,GPR,log,protocol_holdout,diversity_iterative,1,16,25.002893027394617
ISU_ILCC,set3_features,GPR,log,protocol_holdout,diversity_iterative,1,32,25.14484335865486
ISU_ILCC,set3_features,GPR,log,protocol_holdout,diversity_iterative,1,48,23.0565622690005
ISU_ILCC,set3_features,GPR,log,protocol_holdout,diversity_iterative,1,64,21.83078112445044
ISU_ILCC,set3_features,GPR,log,protocol_holdout,diversity_iterative,1,80,20.707979728814653
ISU_ILCC,set3_features,GPR,log,protocol_holdout,diversity_iterative,1,96,19.97949348388296
ISU_ILCC,set3_features,GPR,log,protocol_holdout,diversity_iterative,1,112,20.066524162868166
ISU_ILCC,set3_features,GPR,log,protocol_holdout,diversity_iterative,1,128,18.294861580984083
ISU_ILCC,set3_features,GPR,log,protocol_holdout,diversity_iterative,1,144,18.65644362413574
ISU_ILCC,set3_features,GPR,log,protocol_holdout,diversity_iterative,1,160,18.05890922852249
ISU_ILCC,set3_features,GPR,log,protocol_holdout,diversity_iterative,1,176,17.208437136362427
ISU_ILCC,set3_features,GPR,log,protocol_holdout,diversity_iterative,1,192,17.02734617572951
ISU_ILCC,set3_features,GPR,log,protocol_holdout,diversity_iterative,1,193,16.978511515353535
ISU_ILCC,set3_features,GPR,log,protocol_holdout,diversity_iterative,2,16,23.937591056581155
ISU_ILCC,set3_features,GPR,log,protocol_holdout,diversity_iterative,2,32,23.021167064481432
ISU_ILCC,set3_features,GPR,log,protocol_holdout,diversity_iterative,2,48,20.361605243531223
ISU_ILCC,set3_features,GPR,log,protocol_holdout,diversity_iterative,2,64,20.828079722128003
ISU_ILCC,set3_features,GPR,log,protocol_holdout,diversity_iterative,2,80,19.93103627011009
ISU_ILCC,set3_features,GPR,log,protocol_holdout,diversity_iterative,2,96,19.78118068731888
ISU_ILCC,set3_features,GPR,log,protocol_holdout,diversity_iterative,2,112,19.828783522176504
ISU_ILCC,set3_features,GPR,log,protocol_holdout,diversity_iterative,2,128,19.501313327317824
ISU_ILCC,set3_features,GPR,log,protocol_holdout,diversity_iterative,2,144,20.261237970892555
ISU_ILCC,set3_features,GPR,log,protocol_holdout,diversity_iterative,2,160,20.746797518783268
ISU_ILCC,set3_features,GPR,log,protocol_holdout,diversity_iterative,2,176,21.971191053440656
ISU_ILCC,set3_features,GPR,log,protocol_holdout,diversity_iterative,2,192,22.362541453510456
ISU_ILCC,set3_features,GPR,log,protocol_holdout,diversity_iterative,2,193,22.374781377492635
ISU_ILCC,set3_features,GPR,log,protocol_holdout,diversity_iterative,3,16,25.77328398579159
ISU_ILCC,set3_features,GPR,log,protocol_holdout,diversity_iterative,3,32,19.951620698705515
ISU_ILCC,set3_features,GPR,log,protocol_holdout,diversity_iterative,3,48,20.961873663788445
ISU_ILCC,set3_features,GPR,log,protocol_holdout,diversity_iterative,3,64,17.59872248556595
ISU_ILCC,set3_features,GPR,log,protocol_holdout,diversity_iterative,3,80,17.324220760920745
ISU_ILCC,set3_features,GPR,log,protocol_holdout,diversity_iterative,3,96,17.749849574403008
ISU_ILCC,set3_features,GPR,log,protocol_holdout,diversity_iterative,3,112,17.47595361492346
ISU_ILCC,set3_features,GPR,log,protocol_holdout,diversity_iterative,3,128,18.28340646175764
ISU_ILCC,set3_features,GPR,log,protocol_holdout,diversity_iterative,3,144,20.3092152152736
ISU_ILCC,set3_features,GPR,log,protocol_holdout,diversity_iterative,3,160,19.595255347828445
ISU_ILCC,set3_features,GPR,log,protocol_holdout,diversity_iterative,3,176,18.00569945603585
ISU_ILCC,set3_features,GPR,log,protocol_holdout,diversity_iterative,3,192,18.32241186020513
ISU_ILCC,set3_features,GPR,log,protocol_holdout,diversity_iterative,3,193,17.062599802037802
ISU_ILCC,set3_features,GPR,log,protocol_holdout,diversity_iterative,4,16,25.79509134323437
ISU_ILCC,set3_features,GPR,log,protocol_holdout,diversity_iterative,4,32,24.006222378090992
ISU_ILCC,set3_features,GPR,log,protocol_holdout,diversity_iterative,4,48,22.55802344057694
ISU_ILCC,set3_features,GPR,log,protocol_holdout,diversity_iterative,4,64,21.904823221325785
ISU_ILCC,set3_features,GPR,log,protocol_holdout,diversity_iterative,4,80,22.476911405262843
ISU_ILCC,set3_features,GPR,log,protocol_holdout,diversity_iterative,4,96,21.62949120537416
ISU_ILCC,set3_features,GPR,log,protocol_holdout,diversity_iterative,4,112,20.90808574459602
ISU_ILCC,set3_features,GPR,log,protocol_holdout,diversity_iterative,4,128,20.745257635410653
ISU_ILCC,set3_features,GPR,log,protocol_holdout,diversity_iterative,4,144,20.985716301910013
ISU_ILCC,set3_features,GPR,log,protocol_holdout,diversity_iterative,4,160,21.30065620527248
ISU_ILCC,set3_features,GPR,log,protocol_holdout,diversity_iterative,4,176,20.297621787007976
ISU_ILCC,set3_features,GPR,log,protocol_holdout,diversity_iterative,4,192,20.37147063632609
ISU_ILCC,set3_features,GPR,log,protocol_holdout,diversity_iterative,4,193,20.432099052675515
ISU_ILCC,set3_features,GPR,log,protocol_holdout,diversity_iterative,5,16,43.09965603109551
ISU_ILCC,set3_features,GPR,log,protocol_holdout,diversity_iterative,5,32,36.88328839847229
ISU_ILCC,set3_features,GPR,log,protocol_holdout,diversity_iterative,5,48,32.21833737495713
ISU_ILCC,set3_features,GPR,log,protocol_holdout,diversity_iterative,5,64,28.11505608394926
ISU_ILCC,set3_features,GPR,log,protocol_holdout,diversity_iterative,5,80,24.770519297433047
ISU_ILCC,set3_features,GPR,log,protocol_holdout,diversity_iterative,5,96,23.31683589080372
ISU_ILCC,set3_features,GPR,log,protocol_holdout,diversity_iterative,5,112,22.128885863530265
ISU_ILCC,set3_features,GPR,log,protocol_holdout,diversity_iterative,5,128,23.225863852100805
ISU_ILCC,set3_features,GPR,log,protocol_holdout,diversity_iterative,5,144,22.31479193244717
ISU_ILCC,set3_features,GPR,log,protocol_holdout,diversity_iterative,5,160,22.58665479415473
ISU_ILCC,set3_features,GPR,log,protocol_holdout,diversity_iterative,5,176,22.295080296295847
ISU_ILCC,set3_features,GPR,log,protocol_holdout,diversity_iterative,5,192,22.09922962240977
ISU_ILCC,set3_features,GPR,log,protocol_holdout,diversity_iterative,5,193,22.14808934699281
ISU_ILCC,set3_features,GPR,log,protocol_holdout,diversity_iterative,6,16,22.279597356537657
ISU_ILCC,set3_features,GPR,log,protocol_holdout,diversity_iterative,6,32,26.5873550296089
ISU_ILCC,set3_features,GPR,log,protocol_holdout,diversity_iterative,6,48,27.650668774031733
ISU_ILCC,set3_features,GPR,log,protocol_holdout,diversity_iterative,6,64,24.60159804466592
ISU_ILCC,set3_features,GPR,log,protocol_holdout,diversity_iterative,6,80,24.542508931346827
ISU_ILCC,set3_features,GPR,log,protocol_holdout,diversity_iterative,6,96,22.99269057516951
ISU_ILCC,set3_features,GPR,log,protocol_holdout,diversity_iterative,6,112,23.96841420054284
ISU_ILCC,set3_features,GPR,log,protocol_holdout,diversity_iterative,6,128,23.538762349937684
ISU_ILCC,set3_features,GPR,log,protocol_holdout,diversity_iterative,6,144,23.201369365947784
ISU_ILCC,set3_features,GPR,log,protocol_holdout,diversity_iterative,6,160,24.18502157108072
ISU_ILCC,set3_features,GPR,log,protocol_holdout,diversity_iterative,6,176,24.623082184920097
ISU_ILCC,set3_features,GPR,log,protocol_holdout,diversity_iterative,6,192,24.17024440622272
ISU_ILCC,set3_features,GPR,log,protocol_holdout,diversity_iterative,6,193,24.14251838966436
ISU_ILCC,set3_features,GPR,log,protocol_holdout,diversity_iterative,7,16,34.81736879086894
ISU_ILCC,set3_features,GPR,log,protocol_holdout,diversity_iterative,7,32,31.82407504127712
ISU_ILCC,set3_features,GPR,log,protocol_holdout,diversity_iterative,7,48,29.068709356313786
ISU_ILCC,set3_features,GPR,log,protocol_holdout,diversity_iterative,7,64,26.81337520837809
ISU_ILCC,set3_features,GPR,log,protocol_holdout,diversity_iterative,7,80,25.29131173404744
ISU_ILCC,set3_features,GPR,log,protocol_holdout,diversity_iterative,7,96,24.64562305341444
ISU_ILCC,set3_features,GPR,log,protocol_holdout,diversity_iterative,7,112,23.77185388392342
ISU_ILCC,set3_features,GPR,log,protocol_holdout,diversity_iterative,7,128,23.354346141634856
ISU_ILCC,set3_features,GPR,log,protocol_holdout,diversity_iterative,7,144,23.169534904261475
ISU_ILCC,set3_features,GPR,log,protocol_holdout,diversity_iterative,7,160,22.11482396633223
ISU_ILCC,set3_features,GPR,log,protocol_holdout,diversity_iterative,7,176,22.86868025270573
ISU_ILCC,set3_features,GPR,log,protocol_holdout,diversity_iterative,7,192,22.22460081746726
ISU_ILCC,set3_features,GPR,log,protocol_holdout,diversity_iterative,7,193,22.22167176228711
ISU_ILCC,set3_features,GPR,log,protocol_holdout,diversity_iterative,8,16,35.0904578322516
ISU_ILCC,set3_features,GPR,log,protocol_holdout,diversity_iterative,8,32,34.39695428606544
ISU_ILCC,set3_features,GPR,log,protocol_holdout,diversity_iterative,8,48,37.22621283800092
ISU_ILCC,set3_features,GPR,log,protocol_holdout,diversity_iterative,8,64,31.604293953503383
ISU_ILCC,set3_features,GPR,log,protocol_holdout,diversity_iterative,8,80,31.57945822206532
ISU_ILCC,set3_features,GPR,log,protocol_holdout,diversity_iterative,8,96,29.93522394883879
ISU_ILCC,set3_features,GPR,log,protocol_holdout,diversity_iterative,8,112,33.06564253149822
ISU_ILCC,set3_features,GPR,log,protocol_holdout,diversity_iterative,8,128,34.556683142195205
ISU_ILCC,set3_features,GPR,log,protocol_holdout,diversity_iterative,8,144,33.377663961105746
ISU_ILCC,set3_features,GPR,log,protocol_holdout,diversity_iterative,8,160,33.46154053262838
ISU_ILCC,set3_features,GPR,log,protocol_holdout,diversity_iterative,8,176,32.45537824961721
ISU_ILCC,set3_features,GPR,log,protocol_holdout,diversity_iterative,8,192,32.563496661016615
ISU_ILCC,set3_features,GPR,log,protocol_holdout,diversity_iterative,8,193,32.559632356379566
ISU_ILCC,set3_features,GPR,log,protocol_holdout,diversity_iterative,9,16,24.973732980227933
ISU_ILCC,set3_features,GPR,log,protocol_holdout,diversity_iterative,9,32,30.96264502130072
ISU_ILCC,set3_features,GPR,log,protocol_holdout,diversity_iterative,9,48,29.16920519069225
ISU_ILCC,set3_features,GPR,log,protocol_holdout,diversity_iterative,9,64,29.012833998942423
ISU_ILCC,set3_features,GPR,log,protocol_holdout,diversity_iterative,9,80,27.321599015323343
ISU_ILCC,set3_features,GPR,log,protocol_holdout,diversity_iterative,9,96,27.391879498888528
ISU_ILCC,set3_features,GPR,log,protocol_holdout,diversity_iterative,9,112,28.418426643810456
ISU_ILCC,set3_features,GPR,log,protocol_holdout,diversity_iterative,9,128,25.533275196017254
ISU_ILCC,set3_features,GPR,log,protocol_holdout,diversity_iterative,9,144,23.61282988307893
ISU_ILCC,set3_features,GPR,log,protocol_holdout,diversity_iterative,9,160,22.739044361459392
ISU_ILCC,set3_features,GPR,log,protocol_holdout,diversity_iterative,9,176,22.679655730392152
ISU_ILCC,set3_features,GPR,log,protocol_holdout,diversity_iterative,9,192,22.69782692947844
ISU_ILCC,set3_features,GPR,log,protocol_holdout,diversity_iterative,9,193,22.70567329904621
ISU_ILCC,set3_features,GPR,log,protocol_holdout,diversity_iterative,10,16,26.97389408040344
ISU_ILCC,set3_features,GPR,log,protocol_holdout,diversity_iterative,10,32,28.628090877449573
ISU_ILCC,set3_features,GPR,log,protocol_holdout,diversity_iterative,10,48,27.422183766236685
ISU_ILCC,set3_features,GPR,log,protocol_holdout,diversity_iterative,10,64,28.352977660500823
ISU_ILCC,set3_features,GPR,log,protocol_holdout,diversity_iterative,10,80,28.872250618992183
ISU_ILCC,set3_features,GPR,log,protocol_holdout,diversity_iterative,10,96,25.720243741214105
ISU_ILCC,set3_features,GPR,log,protocol_holdout,diversity_iterative,10,112,26.57345400893166
ISU_ILCC,set3_features,GPR,log,protocol_holdout,diversity_iterative,10,128,26.77970699952598
ISU_ILCC,set3_features,GPR,log,protocol_holdout,diversity_iterative,10,144,25.847173346034253
ISU_ILCC,set3_features,GPR,log,protocol_holdout,diversity_iterative,10,160,26.425414312756985
ISU_ILCC,set3_features,GPR,log,protocol_holdout,diversity_iterative,10,176,24.17021283336646
ISU_ILCC,set3_features,GPR,log,protocol_holdout,diversity_iterative,10,192,23.056299606152617
ISU_ILCC,set3_features,GPR,log,protocol_holdout,diversity_iterative,10,193,22.9382767253602
ISU_ILCC,set3_features,GPR,log,protocol_holdout,coverage,1,16,24.60051476708924
ISU_ILCC,set3_features,GPR,log,protocol_holdout,coverage,1,32,22.5749996607083
ISU_ILCC,set3_features,GPR,log,protocol_holdout,coverage,1,48,18.05902862733863
ISU_ILCC,set3_features,GPR,log,protocol_holdout,coverage,1,64,16.934780990572722
ISU_ILCC,set3_features,GPR,log,protocol_holdout,coverage,1,80,15.585163526556231
ISU_ILCC,set3_features,GPR,log,protocol_holdout,coverage,1,96,15.696976583006858
ISU_ILCC,set3_features,GPR,log,protocol_holdout,coverage,1,112,15.511909159090658
ISU_ILCC,set3_features,GPR,log,protocol_holdout,coverage,1,128,16.490596890805516
ISU_ILCC,set3_features,GPR,log,protocol_holdout,coverage,1,144,17.037958986038966
ISU_ILCC,set3_features,GPR,log,protocol_holdout,coverage,1,160,16.698827768381644
ISU_ILCC,set3_features,GPR,log,protocol_holdout,coverage,1,176,16.875665666134022
ISU_ILCC,set3_features,GPR,log,protocol_holdout,coverage,1,192,16.863203017180712
ISU_ILCC,set3_features,GPR,log,protocol_holdout,coverage,1,193,16.978511515353535
ISU_ILCC,set3_features,GPR,log,protocol_holdout,coverage,2,16,26.29353746853829
ISU_ILCC,set3_features,GPR,log,protocol_holdout,coverage,2,32,27.05987564584821
ISU_ILCC,set3_features,GPR,log,protocol_holdout,coverage,2,48,20.62803087321147
ISU_ILCC,set3_features,GPR,log,protocol_holdout,coverage,2,64,21.17002528895838
ISU_ILCC,set3_features,GPR,log,protocol_holdout,coverage,2,80,21.817418250570405
ISU_ILCC,set3_features,GPR,log,protocol_holdout,coverage,2,96,22.57387428617612
ISU_ILCC,set3_features,GPR,log,protocol_holdout,coverage,2,112,22.41149664649029
ISU_ILCC,set3_features,GPR,log,protocol_holdout,coverage,2,128,23.385704207445663
ISU_ILCC,set3_features,GPR,log,protocol_holdout,coverage,2,144,21.945702745571165
ISU_ILCC,set3_features,GPR,log,protocol_holdout,coverage,2,160,20.99871307125097
ISU_ILCC,set3_features,GPR,log,protocol_holdout,coverage,2,176,21.90828606654956
ISU_ILCC,set3_features,GPR,log,protocol_holdout,coverage,2,192,22.382939955934955
ISU_ILCC,set3_features,GPR,log,protocol_holdout,coverage,2,193,22.374781377492635
ISU_ILCC,set3_features,GPR,log,protocol_holdout,coverage,3,16,49.00542559934966
ISU_ILCC,set3_features,GPR,log,protocol_holdout,coverage,3,32,20.63864359834252
ISU_ILCC,set3_features,GPR,log,protocol_holdout,coverage,3,48,18.831814820140323
ISU_ILCC,set3_features,GPR,log,protocol_holdout,coverage,3,64,19.1400192043615
ISU_ILCC,set3_features,GPR,log,protocol_holdout,coverage,3,80,15.04086782866275
ISU_ILCC,set3_features,GPR,log,protocol_holdout,coverage,3,96,15.655705116372609
ISU_ILCC,set3_features,GPR,log,protocol_holdout,coverage,3,112,15.807887939530197
ISU_ILCC,set3_features,GPR,log,protocol_holdout,coverage,3,128,15.071459958221403
ISU_ILCC,set3_features,GPR,log,protocol_holdout,coverage,3,144,15.759261882895844
ISU_ILCC,set3_features,GPR,log,protocol_holdout,coverage,3,160,15.749994317714307
ISU_ILCC,set3_features,GPR,log,protocol_holdout,coverage,3,176,16.133265136252046
ISU_ILCC,set3_features,GPR,log,protocol_holdout,coverage,3,192,17.019588760010365
ISU_ILCC,set3_features,GPR,log,protocol_holdout,coverage,3,193,17.062599802037802
ISU_ILCC,set3_features,GPR,log,protocol_holdout,coverage,4,16,27.96384062402969
ISU_ILCC,set3_features,GPR,log,protocol_holdout,coverage,4,32,25.55564842438367
ISU_ILCC,set3_features,GPR,log,protocol_holdout,coverage,4,48,22.08040497189094
ISU_ILCC,set3_features,GPR,log,protocol_holdout,coverage,4,64,19.25237930245457
ISU_ILCC,set3_features,GPR,log,protocol_holdout,coverage,4,80,18.83194442248145
ISU_ILCC,set3_features,GPR,log,protocol_holdout,coverage,4,96,18.44974738278745
ISU_ILCC,set3_features,GPR,log,protocol_holdout,coverage,4,112,19.50996388256145
ISU_ILCC,set3_features,GPR,log,protocol_holdout,coverage,4,128,20.914314687884563
ISU_ILCC,set3_features,GPR,log,protocol_holdout,coverage,4,144,20.86631104319135
ISU_ILCC,set3_features,GPR,log,protocol_holdout,coverage,4,160,20.82276153764882
ISU_ILCC,set3_features,GPR,log,protocol_holdout,coverage,4,176,20.653307674755894
ISU_ILCC,set3_features,GPR,log,protocol_holdout,coverage,4,192,20.4266370946163
ISU_ILCC,set3_features,GPR,log,protocol_holdout,coverage,4,193,20.432099052675515
ISU_ILCC,set3_features,GPR,log,protocol_holdout,coverage,5,16,39.95368395947701
ISU_ILCC,set3_features,GPR,log,protocol_holdout,coverage,5,32,33.8431352001021
ISU_ILCC,set3_features,GPR,log,protocol_holdout,coverage,5,48,29.24498731256944
ISU_ILCC,set3_features,GPR,log,protocol_holdout,coverage,5,64,27.479383726948853
ISU_ILCC,set3_features,GPR,log,protocol_holdout,coverage,5,80,23.48208618189089
ISU_ILCC,set3_features,GPR,log,protocol_holdout,coverage,5,96,21.96941019123198
ISU_ILCC,set3_features,GPR,log,protocol_holdout,coverage,5,112,21.068538432672355
ISU_ILCC,set3_features,GPR,log,protocol_holdout,coverage,5,128,21.53093599917388
ISU_ILCC,set3_features,GPR,log,protocol_holdout,coverage,5,144,21.94637541637968
ISU_ILCC,set3_features,GPR,log,protocol_holdout,coverage,5,160,22.006458701024386
ISU_ILCC,set3_features,GPR,log,protocol_holdout,coverage,5,176,22.13600918876972
ISU_ILCC,set3_features,GPR,log,protocol_holdout,coverage,5,192,22.128091055755515
ISU_ILCC,set3_features,GPR,log,protocol_holdout,coverage,5,193,22.14808934699281
ISU_ILCC,set3_features,GPR,log,protocol_holdout,coverage,6,16,32.088098181243176
ISU_ILCC,set3_features,GPR,log,protocol_holdout,coverage,6,32,27.08425725609684
ISU_ILCC,set3_features,GPR,log,protocol_holdout,coverage,6,48,26.543873456287866
ISU_ILCC,set3_features,GPR,log,protocol_holdout,coverage,6,64,25.19733804118636
ISU_ILCC,set3_features,GPR,log,protocol_holdout,coverage,6,80,23.971850861086427
ISU_ILCC,set3_features,GPR,log,protocol_holdout,coverage,6,96,26.03899969170488
ISU_ILCC,set3_features,GPR,log,protocol_holdout,coverage,6,112,25.357411980844898
ISU_ILCC,set3_features,GPR,log,protocol_holdout,coverage,6,128,25.767822417577708
ISU_ILCC,set3_features,GPR,log,protocol_holdout,coverage,6,144,25.452235195472976
ISU_ILCC,set3_features,GPR,log,protocol_holdout,coverage,6,160,25.089131934941
ISU_ILCC,set3_features,GPR,log,protocol_holdout,coverage,6,176,24.870528022201924
ISU_ILCC,set3_features,GPR,log,protocol_holdout,coverage,6,192,24.080734185792824
ISU_ILCC,set3_features,GPR,log,protocol_holdout,coverage,6,193,24.14251838966436
ISU_ILCC,set3_features,GPR,log,protocol_holdout,coverage,7,16,23.306805630362494
ISU_ILCC,set3_features,GPR,log,protocol_holdout,coverage,7,32,27.70316968650204
ISU_ILCC,set3_features,GPR,log,protocol_holdout,coverage,7,48,24.90019176436656
ISU_ILCC,set3_features,GPR,log,protocol_holdout,coverage,7,64,25.116883501043034
ISU_ILCC,set3_features,GPR,log,protocol_holdout,coverage,7,80,24.684699076611874
ISU_ILCC,set3_features,GPR,log,protocol_holdout,coverage,7,96,24.747059934187053
ISU_ILCC,set3_features,GPR,log,protocol_holdout,coverage,7,112,25.066942254323905
ISU_ILCC,set3_features,GPR,log,protocol_holdout,coverage,7,128,25.14483615334931
ISU_ILCC,set3_features,GPR,log,protocol_holdout,coverage,7,144,24.19811375606219
ISU_ILCC,set3_features,GPR,log,protocol_holdout,coverage,7,160,23.58457877282073
ISU_ILCC,set3_features,GPR,log,protocol_holdout,coverage,7,176,22.442354534529247
ISU_ILCC,set3_features,GPR,log,protocol_holdout,coverage,7,192,22.23902240270841
ISU_ILCC,set3_features,GPR,log,protocol_holdout,coverage,7,193,22.22167176228711
ISU_ILCC,set3_features,GPR,log,protocol_holdout,coverage,8,16,93.1308689612974
ISU_ILCC,set3_features,GPR,log,protocol_holdout,coverage,8,32,38.06042424738562
ISU_ILCC,set3_features,GPR,log,protocol_holdout,coverage,8,48,40.58702078828876
ISU_ILCC,set3_features,GPR,log,protocol_holdout,coverage,8,64,40.49688064722557
ISU_ILCC,set3_features,GPR,log,protocol_holdout,coverage,8,80,39.93793893761428
ISU_ILCC,set3_features,GPR,log,protocol_holdout,coverage,8,96,35.51908273495069
ISU_ILCC,set3_features,GPR,log,protocol_holdout,coverage,8,112,36.31391750047875
ISU_ILCC,set3_features,GPR,log,protocol_holdout,coverage,8,128,34.06870130206392
ISU_ILCC,set3_features,GPR,log,protocol_holdout,coverage,8,144,33.45565925214578
ISU_ILCC,set3_features,GPR,log,protocol_holdout,coverage,8,160,33.02844032366827
ISU_ILCC,set3_features,GPR,log,protocol_holdout,coverage,8,176,32.65025338555823
ISU_ILCC,set3_features,GPR,log,protocol_holdout,coverage,8,192,32.59204272900895
ISU_ILCC,set3_features,GPR,log,protocol_holdout,coverage,8,193,32.559632356379566
ISU_ILCC,set3_features,GPR,log,protocol_holdout,coverage,9,16,30.068601422896084
ISU_ILCC,set3_features,GPR,log,protocol_holdout,coverage,9,32,27.78201207393201
ISU_ILCC,set3_features,GPR,log,protocol_holdout,coverage,9,48,26.984896563335106
ISU_ILCC,set3_features,GPR,log,protocol_holdout,coverage,9,64,26.09193280736497
ISU_ILCC,set3_features,GPR,log,protocol_holdout,coverage,9,80,24.47481630343565
ISU_ILCC,set3_features,GPR,log,protocol_holdout,coverage,9,96,24.555070630771723
ISU_ILCC,set3_features,GPR,log,protocol_holdout,coverage,9,112,23.65482610899893
ISU_ILCC,set3_features,GPR,log,protocol_holdout,coverage,9,128,23.89234249884856
ISU_ILCC,set3_features,GPR,log,protocol_holdout,coverage,9,144,23.61016555914791
ISU_ILCC,set3_features,GPR,log,protocol_holdout,coverage,9,160,23.928365950087173
ISU_ILCC,set3_features,GPR,log,protocol_holdout,coverage,9,176,23.30284908497116
ISU_ILCC,set3_features,GPR,log,protocol_holdout,coverage,9,192,22.70948448247849
ISU_ILCC,set3_features,GPR,log,protocol_holdout,coverage,9,193,22.70567329904621
ISU_ILCC,set3_features,GPR,log,protocol_holdout,coverage,10,16,36.589753404575134
ISU_ILCC,set3_features,GPR,log,protocol_holdout,coverage,10,32,25.212534265130408
ISU_ILCC,set3_features,GPR,log,protocol_holdout,coverage,10,48,23.215805297646472
ISU_ILCC,set3_features,GPR,log,protocol_holdout,coverage,10,64,23.59944466037945
ISU_ILCC,set3_features,GPR,log,protocol_holdout,coverage,10,80,24.04349665936913
ISU_ILCC,set3_features,GPR,log,protocol_holdout,coverage,10,96,23.789412859954272
ISU_ILCC,set3_features,GPR,log,protocol_holdout,coverage,10,112,23.3070782364754
ISU_ILCC,set3_features,GPR,log,protocol_holdout,coverage,10,128,23.08472790906357
ISU_ILCC,set3_features,GPR,log,protocol_holdout,coverage,10,144,23.19500698022799
ISU_ILCC,set3_features,GPR,log,protocol_holdout,coverage,10,160,22.78326835376484
ISU_ILCC,set3_features,GPR,log,protocol_holdout,coverage,10,176,23.10310226314904
ISU_ILCC,set3_features,GPR,log,protocol_holdout,coverage,10,192,22.88729009069083
ISU_ILCC,set3_features,GPR,log,protocol_holdout,coverage,10,193,22.9382767253602
ISU_ILCC,set3_features,GPR,log,protocol_holdout,exploration,1,16,24.60051476708924
ISU_ILCC,set3_features,GPR,log,protocol_holdout,exploration,1,32,25.244485963723434
ISU_ILCC,set3_features,GPR,log,protocol_holdout,exploration,1,48,18.57415703065334
ISU_ILCC,set3_features,GPR,log,protocol_holdout,exploration,1,64,19.17947854938718
ISU_ILCC,set3_features,GPR,log,protocol_holdout,exploration,1,80,17.57562178932138
ISU_ILCC,set3_features,GPR,log,protocol_holdout,exploration,1,96,17.39099851675359
ISU_ILCC,set3_features,GPR,log,protocol_holdout,exploration,1,112,16.368041996507408
ISU_ILCC,set3_features,GPR,log,protocol_holdout,exploration,1,128,15.811163423955168
ISU_ILCC,set3_features,GPR,log,protocol_holdout,exploration,1,144,15.951401275977672
ISU_ILCC,set3_features,GPR,log,protocol_holdout,exploration,1,160,16.775858795675752
ISU_ILCC,set3_features,GPR,log,protocol_holdout,exploration,1,176,16.897341287902883
ISU_ILCC,set3_features,GPR,log,protocol_holdout,exploration,1,192,16.965931552664074
ISU_ILCC,set3_features,GPR,log,protocol_holdout,exploration,1,193,16.978511515353535
ISU_ILCC,set3_features,GPR,log,protocol_holdout,exploration,2,16,26.29353746853829
ISU_ILCC,set3_features,GPR,log,protocol_holdout,exploration,2,32,25.260780078814623
ISU_ILCC,set3_features,GPR,log,protocol_holdout,exploration,2,48,24.695059760216505
ISU_ILCC,set3_features,GPR,log,protocol_holdout,exploration,2,64,22.08172791611469
ISU_ILCC,set3_features,GPR,log,protocol_holdout,exploration,2,80,19.89964460342476
ISU_ILCC,set3_features,GPR,log,protocol_holdout,exploration,2,96,22.9785899524574
ISU_ILCC,set3_features,GPR,log,protocol_holdout,exploration,2,112,21.525496229241025
ISU_ILCC,set3_features,GPR,log,protocol_holdout,exploration,2,128,21.082059689407053
ISU_ILCC,set3_features,GPR,log,protocol_holdout,exploration,2,144,21.87778991379291
ISU_ILCC,set3_features,GPR,log,protocol_holdout,exploration,2,160,22.081440798995857
ISU_ILCC,set3_features,GPR,log,protocol_holdout,exploration,2,176,22.510408380513315
ISU_ILCC,set3_features,GPR,log,protocol_holdout,exploration,2,192,22.577254686514166
ISU_ILCC,set3_features,GPR,log,protocol_holdout,exploration,2,193,22.374781377492635
ISU_ILCC,set3_features,GPR,log,protocol_holdout,exploration,3,16,49.00542559934966
ISU_ILCC,set3_features,GPR,log,protocol_holdout,exploration,3,32,19.928566080951384
ISU_ILCC,set3_features,GPR,log,protocol_holdout,exploration,3,48,20.43953617274921
ISU_ILCC,set3_features,GPR,log,protocol_holdout,exploration,3,64,17.83153458542144
ISU_ILCC,set3_features,GPR,log,protocol_holdout,exploration,3,80,16.38521614875729
ISU_ILCC,set3_features,GPR,log,protocol_holdout,exploration,3,96,16.802322266189123
ISU_ILCC,set3_features,GPR,log,protocol_holdout,exploration,3,112,16.32103669045924
ISU_ILCC,set3_features,GPR,log,protocol_holdout,exploration,3,128,17.199927721667134
ISU_ILCC,set3_features,GPR,log,protocol_holdout,exploration,3,144,16.161198703999663
ISU_ILCC,set3_features,GPR,log,protocol_holdout,exploration,3,160,17.52604779967298
ISU_ILCC,set3_features,GPR,log,protocol_holdout,exploration,3,176,17.769817728653994
ISU_ILCC,set3_features,GPR,log,protocol_holdout,exploration,3,192,17.01966837355734
ISU_ILCC,set3_features,GPR,log,protocol_holdout,exploration,3,193,17.062599802037802
ISU_ILCC,set3_features,GPR,log,protocol_holdout,exploration,4,16,27.96384062402969
ISU_ILCC,set3_features,GPR,log,protocol_holdout,exploration,4,32,26.166194802106705
ISU_ILCC,set3_features,GPR,log,protocol_holdout,exploration,4,48,22.51036537093856
ISU_ILCC,set3_features,GPR,log,protocol_holdout,exploration,4,64,18.777703027770173
ISU_ILCC,set3_features,GPR,log,protocol_holdout,exploration,4,80,19.17599214626676
ISU_ILCC,set3_features,GPR,log,protocol_holdout,exploration,4,96,20.06582109811261
ISU_ILCC,set3_features,GPR,log,protocol_holdout,exploration,4,112,19.92423238320677
ISU_ILCC,set3_features,GPR,log,protocol_holdout,exploration,4,128,20.50988674660464
ISU_ILCC,set3_features,GPR,log,protocol_holdout,exploration,4,144,20.240822336073112
ISU_ILCC,set3_features,GPR,log,protocol_holdout,exploration,4,160,20.353197390434044
ISU_ILCC,set3_features,GPR,log,protocol_holdout,exploration,4,176,20.64403757643997
ISU_ILCC,set3_features,GPR,log,protocol_holdout,exploration,4,192,20.42505810490245
ISU_ILCC,set3_features,GPR,log,protocol_holdout,exploration,4,193,20.432099052675515
ISU_ILCC,set3_features,GPR,log,protocol_holdout,exploration,5,16,39.95368395947701
ISU_ILCC,set3_features,GPR,log,protocol_holdout,exploration,5,32,33.38031928985008
ISU_ILCC,set3_features,GPR,log,protocol_holdout,exploration,5,48,26.94453537364347
ISU_ILCC,set3_features,GPR,log,protocol_holdout,exploration,5,64,23.450900200581035
ISU_ILCC,set3_features,GPR,log,protocol_holdout,exploration,5,80,21.72405023888552
ISU_ILCC,set3_features,GPR,log,protocol_holdout,exploration,5,96,21.537721404726813
ISU_ILCC,set3_features,GPR,log,protocol_holdout,exploration,5,112,22.340978802774536
ISU_ILCC,set3_features,GPR,log,protocol_holdout,exploration,5,128,22.15463678393643
ISU_ILCC,set3_features,GPR,log,protocol_holdout,exploration,5,144,22.1108029735066
ISU_ILCC,set3_features,GPR,log,protocol_holdout,exploration,5,160,22.43937126237297
ISU_ILCC,set3_features,GPR,log,protocol_holdout,exploration,5,176,22.43860214353653
ISU_ILCC,set3_features,GPR,log,protocol_holdout,exploration,5,192,22.150663948730035
ISU_ILCC,set3_features,GPR,log,protocol_holdout,exploration,5,193,22.14808934699281
ISU_ILCC,set3_features,GPR,log,protocol_holdout,exploration,6,16,32.088098181243176
ISU_ILCC,set3_features,GPR,log,protocol_holdout,exploration,6,32,27.320372375487374
ISU_ILCC,set3_features,GPR,log,protocol_holdout,exploration,6,48,25.8346121797303
ISU_ILCC,set3_features,GPR,log,protocol_holdout,exploration,6,64,22.937753057859755
ISU_ILCC,set3_features,GPR,log,protocol_holdout,exploration,6,80,26.20905380861981
ISU_ILCC,set3_features,GPR,log,protocol_holdout,exploration,6,96,23.61111635911596
ISU_ILCC,set3_features,GPR,log,protocol_holdout,exploration,6,112,23.68176516032672
ISU_ILCC,set3_features,GPR,log,protocol_holdout,exploration,6,128,24.757704517684942
ISU_ILCC,set3_features,GPR,log,protocol_holdout,exploration,6,144,23.510626853168624
ISU_ILCC,set3_features,GPR,log,protocol_holdout,exploration,6,160,23.79667353600237
ISU_ILCC,set3_features,GPR,log,protocol_holdout,exploration,6,176,23.65970627794975
ISU_ILCC,set3_features,GPR,log,protocol_holdout,exploration,6,192,24.072103962370324
ISU_ILCC,set3_features,GPR,log,protocol_holdout,exploration,6,193,24.14251838966436
ISU_ILCC,set3_features,GPR,log,protocol_holdout,exploration,7,16,23.306805630362494
ISU_ILCC,set3_features,GPR,log,protocol_holdout,exploration,7,32,27.11581924959176
ISU_ILCC,set3_features,GPR,log,protocol_holdout,exploration,7,48,26.175276865204427
ISU_ILCC,set3_features,GPR,log,protocol_holdout,exploration,7,64,25.961239491301907
ISU_ILCC,set3_features,GPR,log,protocol_holdout,exploration,7,80,25.51637448548702
ISU_ILCC,set3_features,GPR,log,protocol_holdout,exploration,7,96,24.449996470454856
ISU_ILCC,set3_features,GPR,log,protocol_holdout,exploration,7,112,24.374677234276017
ISU_ILCC,set3_features,GPR,log,protocol_holdout,exploration,7,128,24.35726569433216
ISU_ILCC,set3_features,GPR,log,protocol_holdout,exploration,7,144,24.152426174426587
ISU_ILCC,set3_features,GPR,log,protocol_holdout,exploration,7,160,23.16148672358581
ISU_ILCC,set3_features,GPR,log,protocol_holdout,exploration,7,176,22.96734993765613
ISU_ILCC,set3_features,GPR,log,protocol_holdout,exploration,7,192,22.23437128086796
ISU_ILCC,set3_features,GPR,log,protocol_holdout,exploration,7,193,22.22167176228711
ISU_ILCC,set3_features,GPR,log,protocol_holdout,exploration,8,16,93.1308689612974
ISU_ILCC,set3_features,GPR,log,protocol_holdout,exploration,8,32,38.06042424738562
ISU_ILCC,set3_features,GPR,log,protocol_holdout,exploration,8,48,42.69499531514992
ISU_ILCC,set3_features,GPR,log,protocol_holdout,exploration,8,64,38.11317036932717
ISU_ILCC,set3_features,GPR,log,protocol_holdout,exploration,8,80,38.87599709158462
ISU_ILCC,set3_features,GPR,log,protocol_holdout,exploration,8,96,39.17163889636632
ISU_ILCC,set3_features,GPR,log,protocol_holdout,exploration,8,112,39.31578007942531
ISU_ILCC,set3_features,GPR,log,protocol_holdout,exploration,8,128,39.23746793096027
ISU_ILCC,set3_features,GPR,log,protocol_holdout,exploration,8,144,33.97763155231732
ISU_ILCC,set3_features,GPR,log,protocol_holdout,exploration,8,160,33.49799445674737
ISU_ILCC,set3_features,GPR,log,protocol_holdout,exploration,8,176,32.86409989147887
ISU_ILCC,set3_features,GPR,log,protocol_holdout,exploration,8,192,32.3633804432139
ISU_ILCC,set3_features,GPR,log,protocol_holdout,exploration,8,193,32.559632356379566
ISU_ILCC,set3_features,GPR,log,protocol_holdout,exploration,9,16,30.068601422896084
ISU_ILCC,set3_features,GPR,log,protocol_holdout,exploration,9,32,27.923193841536094
ISU_ILCC,set3_features,GPR,log,protocol_holdout,exploration,9,48,26.562928732951523
ISU_ILCC,set3_features,GPR,log,protocol_holdout,exploration,9,64,25.640727053247623
ISU_ILCC,set3_features,GPR,log,protocol_holdout,exploration,9,80,22.51503186144616
ISU_ILCC,set3_features,GPR,log,protocol_holdout,exploration,9,96,23.23101515970707
ISU_ILCC,set3_features,GPR,log,protocol_holdout,exploration,9,112,23.975788994708736
ISU_ILCC,set3_features,GPR,log,protocol_holdout,exploration,9,128,23.80650671254252
ISU_ILCC,set3_features,GPR,log,protocol_holdout,exploration,9,144,22.73380742524719
ISU_ILCC,set3_features,GPR,log,protocol_holdout,exploration,9,160,23.59038464769665
ISU_ILCC,set3_features,GPR,log,protocol_holdout,exploration,9,176,22.932783043824944
ISU_ILCC,set3_features,GPR,log,protocol_holdout,exploration,9,192,22.7383573866066
ISU_ILCC,set3_features,GPR,log,protocol_holdout,exploration,9,193,22.70567329904621
ISU_ILCC,set3_features,GPR,log,protocol_holdout,exploration,10,16,36.589753404575134
ISU_ILCC,set3_features,GPR,log,protocol_holdout,exploration,10,32,25.327940612995032
ISU_ILCC,set3_features,GPR,log,protocol_holdout,exploration,10,48,25.494957447111904
ISU_ILCC,set3_features,GPR,log,protocol_holdout,exploration,10,64,25.56250076223399
ISU_ILCC,set3_features,GPR,log,protocol_holdout,exploration,10,80,24.38010080784141
ISU_ILCC,set3_features,GPR,log,protocol_holdout,exploration,10,96,24.61944450946924
ISU_ILCC,set3_features,GPR,log,protocol_holdout,exploration,10,112,23.061288048617985
ISU_ILCC,set3_features,GPR,log,protocol_holdout,exploration,10,128,21.89009882164804
ISU_ILCC,set3_features,GPR,log,protocol_holdout,exploration,10,144,21.66155156398324
ISU_ILCC,set3_features,GPR,log,protocol_holdout,exploration,10,160,22.284738313532912
ISU_ILCC,set3_features,GPR,log,protocol_holdout,exploration,10,176,22.42013232627266
ISU_ILCC,set3_features,GPR,log,protocol_holdout,exploration,10,192,22.884788556669783
ISU_ILCC,set3_features,GPR,log,protocol_holdout,exploration,10,193,22.9382767253602
ISU_ILCC,set3_features,GPR,log,protocol_holdout,exploitation,1,16,24.60051476708924
ISU_ILCC,set3_features,GPR,log,protocol_holdout,exploitation,1,32,19.75965030418261
ISU_ILCC,set3_features,GPR,log,protocol_holdout,exploitation,1,48,20.05413800084536
ISU_ILCC,set3_features,GPR,log,protocol_holdout,exploitation,1,64,20.16287125279468
ISU_ILCC,set3_features,GPR,log,protocol_holdout,exploitation,1,80,19.27702448855804
ISU_ILCC,set3_features,GPR,log,protocol_holdout,exploitation,1,96,17.132220958808738
ISU_ILCC,set3_features,GPR,log,protocol_holdout,exploitation,1,112,17.24099148608474
ISU_ILCC,set3_features,GPR,log,protocol_holdout,exploitation,1,128,17.294520628733142
ISU_ILCC,set3_features,GPR,log,protocol_holdout,exploitation,1,144,17.27714572722264
ISU_ILCC,set3_features,GPR,log,protocol_holdout,exploitation,1,160,16.94443537518789
ISU_ILCC,set3_features,GPR,log,protocol_holdout,exploitation,1,176,17.51496056913106
ISU_ILCC,set3_features,GPR,log,protocol_holdout,exploitation,1,192,16.990722761374307
ISU_ILCC,set3_features,GPR,log,protocol_holdout,exploitation,1,193,16.978511515353535
ISU_ILCC,set3_features,GPR,log,protocol_holdout,exploitation,2,16,26.29353746853829
ISU_ILCC,set3_features,GPR,log,protocol_holdout,exploitation,2,32,22.77523058313473
ISU_ILCC,set3_features,GPR,log,protocol_holdout,exploitation,2,48,22.997669425984032
ISU_ILCC,set3_features,GPR,log,protocol_holdout,exploitation,2,64,21.91758408863585
ISU_ILCC,set3_features,GPR,log,protocol_holdout,exploitation,2,80,22.5492146789544
ISU_ILCC,set3_features,GPR,log,protocol_holdout,exploitation,2,96,19.71219941782875
ISU_ILCC,set3_features,GPR,log,protocol_holdout,exploitation,2,112,19.59770960394889
ISU_ILCC,set3_features,GPR,log,protocol_holdout,exploitation,2,128,20.84402099411712
ISU_ILCC,set3_features,GPR,log,protocol_holdout,exploitation,2,144,21.52548490027595
ISU_ILCC,set3_features,GPR,log,protocol_holdout,exploitation,2,160,21.52778269411208
ISU_ILCC,set3_features,GPR,log,protocol_holdout,exploitation,2,176,22.164479870500944
ISU_ILCC,set3_features,GPR,log,protocol_holdout,exploitation,2,192,22.400038377207675
ISU_ILCC,set3_features,GPR,log,protocol_holdout,exploitation,2,193,22.374781377492635
ISU_ILCC,set3_features,GPR,log,protocol_holdout,exploitation,3,16,49.00542559934966
ISU_ILCC,set3_features,GPR,log,protocol_holdout,exploitation,3,32,20.474883917102428
ISU_ILCC,set3_features,GPR,log,protocol_holdout,exploitation,3,48,27.409999183830408
ISU_ILCC,set3_features,GPR,log,protocol_holdout,exploitation,3,64,19.59613326772521
ISU_ILCC,set3_features,GPR,log,protocol_holdout,exploitation,3,80,18.588621025662388
ISU_ILCC,set3_features,GPR,log,protocol_holdout,exploitation,3,96,18.199823418029624
ISU_ILCC,set3_features,GPR,log,protocol_holdout,exploitation,3,112,17.95502359668374
ISU_ILCC,set3_features,GPR,log,protocol_holdout,exploitation,3,128,18.17940035395348
ISU_ILCC,set3_features,GPR,log,protocol_holdout,exploitation,3,144,17.151895127617387
ISU_ILCC,set3_features,GPR,log,protocol_holdout,exploitation,3,160,17.66338031949804
ISU_ILCC,set3_features,GPR,log,protocol_holdout,exploitation,3,176,17.495867785230278
ISU_ILCC,set3_features,GPR,log,protocol_holdout,exploitation,3,192,16.823783805711834
ISU_ILCC,set3_features,GPR,log,protocol_holdout,exploitation,3,193,17.062599802037802
ISU_ILCC,set3_features,GPR,log,protocol_holdout,exploitation,4,16,27.96384062402969
ISU_ILCC,set3_features,GPR,log,protocol_holdout,exploitation,4,32,31.12290501506001
ISU_ILCC,set3_features,GPR,log,protocol_holdout,exploitation,4,48,28.81210215021809
ISU_ILCC,set3_features,GPR,log,protocol_holdout,exploitation,4,64,25.66398822462373
ISU_ILCC,set3_features,GPR,log,protocol_holdout,exploitation,4,80,25.255335248065663
ISU_ILCC,set3_features,GPR,log,protocol_holdout,exploitation,4,96,23.94268085014204
ISU_ILCC,set3_features,GPR,log,protocol_holdout,exploitation,4,112,23.25171951029765
ISU_ILCC,set3_features,GPR,log,protocol_holdout,exploitation,4,128,23.607753262594457
ISU_ILCC,set3_features,GPR,log,protocol_holdout,exploitation,4,144,21.977941602878428
ISU_ILCC,set3_features,GPR,log,protocol_holdout,exploitation,4,160,21.030810032699645
ISU_ILCC,set3_features,GPR,log,protocol_holdout,exploitation,4,176,20.433226923389537
ISU_ILCC,set3_features,GPR,log,protocol_holdout,exploitation,4,192,20.45507206778093
ISU_ILCC,set3_features,GPR,log,protocol_holdout,exploitation,4,193,20.432099052675515
ISU_ILCC,set3_features,GPR,log,protocol_holdout,exploitation,5,16,39.95368395947701
ISU_ILCC,set3_features,GPR,log,protocol_holdout,exploitation,5,32,44.96935190282468
ISU_ILCC,set3_features,GPR,log,protocol_holdout,exploitation,5,48,33.311637965223575
ISU_ILCC,set3_features,GPR,log,protocol_holdout,exploitation,5,64,24.40059664594432
ISU_ILCC,set3_features,GPR,log,protocol_holdout,exploitation,5,80,23.42342128225788
ISU_ILCC,set3_features,GPR,log,protocol_holdout,exploitation,5,96,26.19395484603653
ISU_ILCC,set3_features,GPR,log,protocol_holdout,exploitation,5,112,25.26890521551976
ISU_ILCC,set3_features,GPR,log,protocol_holdout,exploitation,5,128,24.22798170059671
ISU_ILCC,set3_features,GPR,log,protocol_holdout,exploitation,5,144,23.24256315025057
ISU_ILCC,set3_features,GPR,log,protocol_holdout,exploitation,5,160,22.429118052114024
ISU_ILCC,set3_features,GPR,log,protocol_holdout,exploitation,5,176,22.21359469100127
ISU_ILCC,set3_features,GPR,log,protocol_holdout,exploitation,5,192,22.17917821584033
ISU_ILCC,set3_features,GPR,log,protocol_holdout,exploitation,5,193,22.14808934699281
ISU_ILCC,set3_features,GPR,log,protocol_holdout,exploitation,6,16,32.088098181243176
ISU_ILCC,set3_features,GPR,log,protocol_holdout,exploitation,6,32,29.02690211195648
ISU_ILCC,set3_features,GPR,log,protocol_holdout,exploitation,6,48,35.29178485428055
ISU_ILCC,set3_features,GPR,log,protocol_holdout,exploitation,6,64,29.23666996577338
ISU_ILCC,set3_features,GPR,log,protocol_holdout,exploitation,6,80,28.79178172055313
ISU_ILCC,set3_features,GPR,log,protocol_holdout,exploitation,6,96,29.356690407521324
ISU_ILCC,set3_features,GPR,log,protocol_holdout,exploitation,6,112,27.243144095081323
ISU_ILCC,set3_features,GPR,log,protocol_holdout,exploitation,6,128,27.06188291461285
ISU_ILCC,set3_features,GPR,log,protocol_holdout,exploitation,6,144,23.4606363813194
ISU_ILCC,set3_features,GPR,log,protocol_holdout,exploitation,6,160,24.27725015483046
ISU_ILCC,set3_features,GPR,log,protocol_holdout,exploitation,6,176,23.784563425489225
ISU_ILCC,set3_features,GPR,log,protocol_holdout,exploitation,6,192,24.12733407106377
ISU_ILCC,set3_features,GPR,log,protocol_holdout,exploitation,6,193,24.14251838966436
ISU_ILCC,set3_features,GPR,log,protocol_holdout,exploitation,7,16,23.306805630362494
ISU_ILCC,set3_features,GPR,log,protocol_holdout,exploitation,7,32,26.38975990268484
ISU_ILCC,set3_features,GPR,log,protocol_holdout,exploitation,7,48,25.77888489751674
ISU_ILCC,set3_features,GPR,log,protocol_holdout,exploitation,7,64,24.512987157325185
ISU_ILCC,set3_features,GPR,log,protocol_holdout,exploitation,7,80,25.183132401579115
ISU_ILCC,set3_features,GPR,log,protocol_holdout,exploitation,7,96,25.662394491793645
ISU_ILCC,set3_features,GPR,log,protocol_holdout,exploitation,7,112,23.64936922048189
ISU_ILCC,set3_features,GPR,log,protocol_holdout,exploitation,7,128,23.52716212281188
ISU_ILCC,set3_features,GPR,log,protocol_holdout,exploitation,7,144,22.21293033965773
ISU_ILCC,set3_features,GPR,log,protocol_holdout,exploitation,7,160,22.378366050048005
ISU_ILCC,set3_features,GPR,log,protocol_holdout,exploitation,7,176,21.351195665842923
ISU_ILCC,set3_features,GPR,log,protocol_holdout,exploitation,7,192,22.259609914880272
ISU_ILCC,set3_features,GPR,log,protocol_holdout,exploitation,7,193,22.22167176228711
ISU_ILCC,set3_features,GPR,log,protocol_holdout,exploitation,8,16,93.1308689612974
ISU_ILCC,set3_features,GPR,log,protocol_holdout,exploitation,8,32,104.52902022945727
ISU_ILCC,set3_features,GPR,log,protocol_holdout,exploitation,8,48,85.4405017315249
ISU_ILCC,set3_features,GPR,log,protocol_holdout,exploitation,8,64,33.3665278506595
ISU_ILCC,set3_features,GPR,log,protocol_holdout,exploitation,8,80,28.736247559777127
ISU_ILCC,set3_features,GPR,log,protocol_holdout,exploitation,8,96,33.74683844568968
ISU_ILCC,set3_features,GPR,log,protocol_holdout,exploitation,8,112,34.67307740677343
ISU_ILCC,set3_features,GPR,log,protocol_holdout,exploitation,8,128,33.988235466134505
ISU_ILCC,set3_features,GPR,log,protocol_holdout,exploitation,8,144,34.259833118059824
ISU_ILCC,set3_features,GPR,log,protocol_holdout,exploitation,8,160,32.19190747739466
ISU_ILCC,set3_features,GPR,log,protocol_holdout,exploitation,8,176,32.9088129600955
ISU_ILCC,set3_features,GPR,log,protocol_holdout,exploitation,8,192,32.736145252538144
ISU_ILCC,set3_features,GPR,log,protocol_holdout,exploitation,8,193,32.559632356379566
ISU_ILCC,set3_features,GPR,log,protocol_holdout,exploitation,9,16,30.068601422896084
ISU_ILCC,set3_features,GPR,log,protocol_holdout,exploitation,9,32,29.753955947499875
ISU_ILCC,set3_features,GPR,log,protocol_holdout,exploitation,9,48,32.52124348569911
ISU_ILCC,set3_features,GPR,log,protocol_holdout,exploitation,9,64,31.699856366537983
ISU_ILCC,set3_features,GPR,log,protocol_holdout,exploitation,9,80,32.49552172799638
ISU_ILCC,set3_features,GPR,log,protocol_holdout,exploitation,9,96,24.72681170866766
ISU_ILCC,set3_features,GPR,log,protocol_holdout,exploitation,9,112,23.384659995722448
ISU_ILCC,set3_features,GPR,log,protocol_holdout,exploitation,9,128,24.211904807761623
ISU_ILCC,set3_features,GPR,log,protocol_holdout,exploitation,9,144,22.71087338253073
ISU_ILCC,set3_features,GPR,log,protocol_holdout,exploitation,9,160,22.916926090936087
ISU_ILCC,set3_features,GPR,log,protocol_holdout,exploitation,9,176,22.14364930726349
ISU_ILCC,set3_features,GPR,log,protocol_holdout,exploitation,9,192,22.74663480511322
ISU_ILCC,set3_features,GPR,log,protocol_holdout,exploitation,9,193,22.70567329904621
ISU_ILCC,set3_features,GPR,log,protocol_holdout,exploitation,10,16,36.589753404575134
ISU_ILCC,set3_features,GPR,log,protocol_holdout,exploitation,10,32,31.693144701823133
ISU_ILCC,set3_features,GPR,log,protocol_holdout,exploitation,10,48,26.081834586800017
ISU_ILCC,set3_features,GPR,log,protocol_holdout,exploitation,10,64,34.77979738327495
ISU_ILCC,set3_features,GPR,log,protocol_holdout,exploitation,10,80,29.155180545544702
ISU_ILCC,set3_features,GPR,log,protocol_holdout,exploitation,10,96,23.70494047108005
ISU_ILCC,set3_features,GPR,log,protocol_holdout,exploitation,10,112,24.386899887541404
ISU_ILCC,set3_features,GPR,log,protocol_holdout,exploitation,10,128,23.684916431978355
ISU_ILCC,set3_features,GPR,log,protocol_holdout,exploitation,10,144,23.11294570964433
ISU_ILCC,set3_features,GPR,log,protocol_holdout,exploitation,10,160,22.36697356466807
ISU_ILCC,set3_features,GPR,log,protocol_holdout,exploitation,10,176,22.18358712680052
ISU_ILCC,set3_features,GPR,log,protocol_holdout,exploitation,10,192,22.958599097753027
ISU_ILCC,set3_features,GPR,log,protocol_holdout,exploitation,10,193,22.9382767253602
ISU_ILCC,set3_features,GPR,log,protocol_holdout,hybrid,1,16,24.60051476708924
ISU_ILCC,set3_features,GPR,log,protocol_holdout,hybrid,1,32,19.147228533219995
ISU_ILCC,set3_features,GPR,log,protocol_holdout,hybrid,1,48,19.566578852363463
ISU_ILCC,set3_features,GPR,log,protocol_holdout,hybrid,1,64,17.694345136260097
ISU_ILCC,set3_features,GPR,log,protocol_holdout,hybrid,1,80,15.17680017103307
ISU_ILCC,set3_features,GPR,log,protocol_holdout,hybrid,1,96,17.05075148047625
ISU_ILCC,set3_features,GPR,log,protocol_holdout,hybrid,1,112,16.89746783705391
ISU_ILCC,set3_features,GPR,log,protocol_holdout,hybrid,1,128,16.286035861312612
ISU_ILCC,set3_features,GPR,log,protocol_holdout,hybrid,1,144,15.77632914162406
ISU_ILCC,set3_features,GPR,log,protocol_holdout,hybrid,1,160,16.44584954707731
ISU_ILCC,set3_features,GPR,log,protocol_holdout,hybrid,1,176,16.851352832705462
ISU_ILCC,set3_features,GPR,log,protocol_holdout,hybrid,1,192,16.97937732298143
ISU_ILCC,set3_features,GPR,log,protocol_holdout,hybrid,1,193,16.978511515353535
ISU_ILCC,set3_features,GPR,log,protocol_holdout,hybrid,2,16,26.29353746853829
ISU_ILCC,set3_features,GPR,log,protocol_holdout,hybrid,2,32,22.54233217306186
ISU_ILCC,set3_features,GPR,log,protocol_holdout,hybrid,2,48,20.58179306972843
ISU_ILCC,set3_features,GPR,log,protocol_holdout,hybrid,2,64,21.586863059227287
ISU_ILCC,set3_features,GPR,log,protocol_holdout,hybrid,2,80,21.16720225192172
ISU_ILCC,set3_features,GPR,log,protocol_holdout,hybrid,2,96,22.329311488497293
ISU_ILCC,set3_features,GPR,log,protocol_holdout,hybrid,2,112,21.57731771652793
ISU_ILCC,set3_features,GPR,log,protocol_holdout,hybrid,2,128,20.645388031121914
ISU_ILCC,set3_features,GPR,log,protocol_holdout,hybrid,2,144,21.680616315567207
ISU_ILCC,set3_features,GPR,log,protocol_holdout,hybrid,2,160,21.845283513304896
ISU_ILCC,set3_features,GPR,log,protocol_holdout,hybrid,2,176,22.24658425788724
ISU_ILCC,set3_features,GPR,log,protocol_holdout,hybrid,2,192,22.29177508981269
ISU_ILCC,set3_features,GPR,log,protocol_holdout,hybrid,2,193,22.374781377492635
ISU_ILCC,set3_features,GPR,log,protocol_holdout,hybrid,3,16,49.00542559934966
ISU_ILCC,set3_features,GPR,log,protocol_holdout,hybrid,3,32,23.25483429261558
ISU_ILCC,set3_features,GPR,log,protocol_holdout,hybrid,3,48,20.017009493881464
ISU_ILCC,set3_features,GPR,log,protocol_holdout,hybrid,3,64,18.79733300965798
ISU_ILCC,set3_features,GPR,log,protocol_holdout,hybrid,3,80,15.206449803030214
ISU_ILCC,set3_features,GPR,log,protocol_holdout,hybrid,3,96,15.340881073640093
ISU_ILCC,set3_features,GPR,log,protocol_holdout,hybrid,3,112,16.592906559632247
ISU_ILCC,set3_features,GPR,log,protocol_holdout,hybrid,3,128,15.042600726949235
ISU_ILCC,set3_features,GPR,log,protocol_holdout,hybrid,3,144,14.848803656869356
ISU_ILCC,set3_features,GPR,log,protocol_holdout,hybrid,3,160,16.3572431031362
ISU_ILCC,set3_features,GPR,log,protocol_holdout,hybrid,3,176,16.384781282862935
ISU_ILCC,set3_features,GPR,log,protocol_holdout,hybrid,3,192,17.015535947753122
ISU_ILCC,set3_features,GPR,log,protocol_holdout,hybrid,3,193,17.062599802037802
ISU_ILCC,set3_features,GPR,log,protocol_holdout,hybrid,4,16,27.96384062402969
ISU_ILCC,set3_features,GPR,log,protocol_holdout,hybrid,4,32,25.941048573135696
ISU_ILCC,set3_features,GPR,log,protocol_holdout,hybrid,4,48,21.5286652407996
ISU_ILCC,set3_features,GPR,log,protocol_holdout,hybrid,4,64,19.88743081871756
ISU_ILCC,set3_features,GPR,log,protocol_holdout,hybrid,4,80,18.44661025645777
ISU_ILCC,set3_features,GPR,log,protocol_holdout,hybrid,4,96,19.6769763618622
ISU_ILCC,set3_features,GPR,log,protocol_holdout,hybrid,4,112,19.858737957461887
ISU_ILCC,set3_features,GPR,log,protocol_holdout,hybrid,4,128,19.73509799055462
ISU_ILCC,set3_features,GPR,log,protocol_holdout,hybrid,4,144,20.356041441740626
ISU_ILCC,set3_features,GPR,log,protocol_holdout,hybrid,4,160,20.8102490660434
ISU_ILCC,set3_features,GPR,log,protocol_holdout,hybrid,4,176,20.19682449319197
ISU_ILCC,set3_features,GPR,log,protocol_holdout,hybrid,4,192,20.42505810490245
ISU_ILCC,set3_features,GPR,log,protocol_holdout,hybrid,4,193,20.432099052675515
ISU_ILCC,set3_features,GPR,log,protocol_holdout,hybrid,5,16,39.95368395947701
ISU_ILCC,set3_features,GPR,log,protocol_holdout,hybrid,5,32,35.89658058910978
ISU_ILCC,set3_features,GPR,log,protocol_holdout,hybrid,5,48,31.884280560257576
ISU_ILCC,set3_features,GPR,log,protocol_holdout,hybrid,5,64,23.07957709169333
ISU_ILCC,set3_features,GPR,log,protocol_holdout,hybrid,5,80,23.176754593241075
ISU_ILCC,set3_features,GPR,log,protocol_holdout,hybrid,5,96,22.912741148341663
ISU_ILCC,set3_features,GPR,log,protocol_holdout,hybrid,5,112,21.97241902122869
ISU_ILCC,set3_features,GPR,log,protocol_holdout,hybrid,5,128,21.85619756151143
ISU_ILCC,set3_features,GPR,log,protocol_holdout,hybrid,5,144,22.25486690336205
ISU_ILCC,set3_features,GPR,log,protocol_holdout,hybrid,5,160,22.48076256163527
ISU_ILCC,set3_features,GPR,log,protocol_holdout,hybrid,5,176,22.226232778988265
ISU_ILCC,set3_features,GPR,log,protocol_holdout,hybrid,5,192,22.18201476527557
ISU_ILCC,set3_features,GPR,log,protocol_holdout,hybrid,5,193,22.14808934699281
ISU_ILCC,set3_features,GPR,log,protocol_holdout,hybrid,6,16,32.088098181243176
ISU_ILCC,set3_features,GPR,log,protocol_holdout,hybrid,6,32,26.776511999345
ISU_ILCC,set3_features,GPR,log,protocol_holdout,hybrid,6,48,23.53928339806008
ISU_ILCC,set3_features,GPR,log,protocol_holdout,hybrid,6,64,23.76011768673657
ISU_ILCC,set3_features,GPR,log,protocol_holdout,hybrid,6,80,25.043598741797258
ISU_ILCC,set3_features,GPR,log,protocol_holdout,hybrid,6,96,25.74461939893728
ISU_ILCC,set3_features,GPR,log,protocol_holdout,hybrid,6,112,24.814839743708024
ISU_ILCC,set3_features,GPR,log,protocol_holdout,hybrid,6,128,24.8588022219928
ISU_ILCC,set3_features,GPR,log,protocol_holdout,hybrid,6,144,24.251573235523267
ISU_ILCC,set3_features,GPR,log,protocol_holdout,hybrid,6,160,23.298006140621787
ISU_ILCC,set3_features,GPR,log,protocol_holdout,hybrid,6,176,23.66416508441307
ISU_ILCC,set3_features,GPR,log,protocol_holdout,hybrid,6,192,24.072103962370324
ISU_ILCC,set3_features,GPR,log,protocol_holdout,hybrid,6,193,24.14251838966436
ISU_ILCC,set3_features,GPR,log,protocol_holdout,hybrid,7,16,23.306805630362494
ISU_ILCC,set3_features,GPR,log,protocol_holdout,hybrid,7,32,27.345284248791344
ISU_ILCC,set3_features,GPR,log,protocol_holdout,hybrid,7,48,28.42240123403333
ISU_ILCC,set3_features,GPR,log,protocol_holdout,hybrid,7,64,27.88912850578904
ISU_ILCC,set3_features,GPR,log,protocol_holdout,hybrid,7,80,26.050101913535244
ISU_ILCC,set3_features,GPR,log,protocol_holdout,hybrid,7,96,25.43684771979437
ISU_ILCC,set3_features,GPR,log,protocol_holdout,hybrid,7,112,24.5631499041366
ISU_ILCC,set3_features,GPR,log,protocol_holdout,hybrid,7,128,25.485367133356743
ISU_ILCC,set3_features,GPR,log,protocol_holdout,hybrid,7,144,24.97173685875809
ISU_ILCC,set3_features,GPR,log,protocol_holdout,hybrid,7,160,23.44234997860492
ISU_ILCC,set3_features,GPR,log,protocol_holdout,hybrid,7,176,22.51147351129848
ISU_ILCC,set3_features,GPR,log,protocol_holdout,hybrid,7,192,22.20115321606403
ISU_ILCC,set3_features,GPR,log,protocol_holdout,hybrid,7,193,22.22167176228711
ISU_ILCC,set3_features,GPR,log,protocol_holdout,hybrid,8,16,93.1308689612974
ISU_ILCC,set3_features,GPR,log,protocol_holdout,hybrid,8,32,42.15139740324697
ISU_ILCC,set3_features,GPR,log,protocol_holdout,hybrid,8,48,43.20161160321532
ISU_ILCC,set3_features,GPR,log,protocol_holdout,hybrid,8,64,39.68298664534291
ISU_ILCC,set3_features,GPR,log,protocol_holdout,hybrid,8,80,39.294051368406464
ISU_ILCC,set3_features,GPR,log,protocol_holdout,hybrid,8,96,38.91531178466983
ISU_ILCC,set3_features,GPR,log,protocol_holdout,hybrid,8,112,37.63226974219624
ISU_ILCC,set3_features,GPR,log,protocol_holdout,hybrid,8,128,37.37303625711721
ISU_ILCC,set3_features,GPR,log,protocol_holdout,hybrid,8,144,35.23699037031813
ISU_ILCC,set3_features,GPR,log,protocol_holdout,hybrid,8,160,34.31175014386961
ISU_ILCC,set3_features,GPR,log,protocol_holdout,hybrid,8,176,32.634830262887775
ISU_ILCC,set3_features,GPR,log,protocol_holdout,hybrid,8,192,32.3633804432139
ISU_ILCC,set3_features,GPR,log,protocol_holdout,hybrid,8,193,32.559632356379566
ISU_ILCC,set3_features,GPR,log,protocol_holdout,hybrid,9,16,30.068601422896084
ISU_ILCC,set3_features,GPR,log,protocol_holdout,hybrid,9,32,27.389713461630304
ISU_ILCC,set3_features,GPR,log,protocol_holdout,hybrid,9,48,25.69113262386728
ISU_ILCC,set3_features,GPR,log,protocol_holdout,hybrid,9,64,24.187082641086064
ISU_ILCC,set3_features,GPR,log,protocol_holdout,hybrid,9,80,24.275348805884896
ISU_ILCC,set3_features,GPR,log,protocol_holdout,hybrid,9,96,25.20784873891127
ISU_ILCC,set3_features,GPR,log,protocol_holdout,hybrid,9,112,24.640054979295734
ISU_ILCC,set3_features,GPR,log,protocol_holdout,hybrid,9,128,24.31317204927666
ISU_ILCC,set3_features,GPR,log,protocol_holdout,hybrid,9,144,23.379872695489425
ISU_ILCC,set3_features,GPR,log,protocol_holdout,hybrid,9,160,23.64990494923039
ISU_ILCC,set3_features,GPR,log,protocol_holdout,hybrid,9,176,22.84502175743424
ISU_ILCC,set3_features,GPR,log,protocol_holdout,hybrid,9,192,22.7383573866066
ISU_ILCC,set3_features,GPR,log,protocol_holdout,hybrid,9,193,22.70567329904621
ISU_ILCC,set3_features,GPR,log,protocol_holdout,hybrid,10,16,36.589753404575134
ISU_ILCC,set3_features,GPR,log,protocol_holdout,hybrid,10,32,25.20624308471802
ISU_ILCC,set3_features,GPR,log,protocol_holdout,hybrid,10,48,23.728439556237326
ISU_ILCC,set3_features,GPR,log,protocol_holdout,hybrid,10,64,23.839162903752523
ISU_ILCC,set3_features,GPR,log,protocol_holdout,hybrid,10,80,24.92041588340284
ISU_ILCC,set3_features,GPR,log,protocol_holdout,hybrid,10,96,24.323866978161544
ISU_ILCC,set3_features,GPR,log,protocol_holdout,hybrid,10,112,24.44493448273105
ISU_ILCC,set3_features,GPR,log,protocol_holdout,hybrid,10,128,24.02702749687742
ISU_ILCC,set3_features,GPR,log,protocol_holdout,hybrid,10,144,23.14160049925264
ISU_ILCC,set3_features,GPR,log,protocol_holdout,hybrid,10,160,22.17151928430072
ISU_ILCC,set3_features,GPR,log,protocol_holdout,hybrid,10,176,22.234695118821456
ISU_ILCC,set3_features,GPR,log,protocol_holdout,hybrid,10,192,22.884788556669783
ISU_ILCC,set3_features,GPR,log,protocol_holdout,hybrid,10,193,22.9382767253602
LSD_Primary,set3_features,GPR,log,protocol_holdout,random_selection,1,6,108.31634985014976
LSD_Primary,set3_features,GPR,log,protocol_holdout,random_selection,1,12,89.88710290377252
LSD_Primary,set3_features,GPR,log,protocol_holdout,random_selection,1,18,60.645582795992325
LSD_Primary,set3_features,GPR,log,protocol_holdout,random_selection,1,24,52.92629961502258
LSD_Primary,set3_features,GPR,log,protocol_holdout,random_selection,1,30,49.86090595934121
LSD_Primary,set3_features,GPR,log,protocol_holdout,random_selection,1,36,54.11837627677121
LSD_Primary,set3_features,GPR,log,protocol_holdout,random_selection,1,42,47.75971933396836
LSD_Primary,set3_features,GPR,log,protocol_holdout,random_selection,1,48,52.48293168776589
LSD_Primary,set3_features,GPR,log,protocol_holdout,random_selection,1,54,53.95038547008928
LSD_Primary,set3_features,GPR,log,protocol_holdout,random_selection,1,58,45.68572802209113
LSD_Primary,set3_features,GPR,log,protocol_holdout,random_selection,2,6,38.23547941379993
LSD_Primary,set3_features,GPR,log,protocol_holdout,random_selection,2,12,29.066891009983287
LSD_Primary,set3_features,GPR,log,protocol_holdout,random_selection,2,18,26.8569650287568
LSD_Primary,set3_features,GPR,log,protocol_holdout,random_selection,2,24,27.01687272041212
LSD_Primary,set3_features,GPR,log,protocol_holdout,random_selection,2,30,21.694136648092982
LSD_Primary,set3_features,GPR,log,protocol_holdout,random_selection,2,36,22.88826078092224
LSD_Primary,set3_features,GPR,log,protocol_holdout,random_selection,2,42,24.141163699228795
LSD_Primary,set3_features,GPR,log,protocol_holdout,random_selection,2,48,21.384812418585643
LSD_Primary,set3_features,GPR,log,protocol_holdout,random_selection,2,54,21.73699144729196
LSD_Primary,set3_features,GPR,log,protocol_holdout,random_selection,2,58,21.43473094069221
LSD_Primary,set3_features,GPR,log,protocol_holdout,random_selection,3,6,25.709272784774694
LSD_Primary,set3_features,GPR,log,protocol_holdout,random_selection,3,12,21.47524812799858
LSD_Primary,set3_features,GPR,log,protocol_holdout,random_selection,3,18,21.829143761724204
LSD_Primary,set3_features,GPR,log,protocol_holdout,random_selection,3,24,24.917796653365127
LSD_Primary,set3_features,GPR,log,protocol_holdout,random_selection,3,30,20.615980401626143
LSD_Primary,set3_features,GPR,log,protocol_holdout,random_selection,3,36,21.19919646393189
LSD_Primary,set3_features,GPR,log,protocol_holdout,random_selection,3,42,20.80962970285682
LSD_Primary,set3_features,GPR,log,protocol_holdout,random_selection,3,48,18.40537004476115
LSD_Primary,set3_features,GPR,log,protocol_holdout,random_selection,3,54,20.6505679891886
LSD_Primary,set3_features,GPR,log,protocol_holdout,random_selection,3,58,21.133394589512854
LSD_Primary,set3_features,GPR,log,protocol_holdout,random_selection,4,6,39.70611246519958
LSD_Primary,set3_features,GPR,log,protocol_holdout,random_selection,4,12,28.74888123723881
LSD_Primary,set3_features,GPR,log,protocol_holdout,random_selection,4,18,30.61258314929785
LSD_Primary,set3_features,GPR,log,protocol_holdout,random_selection,4,24,22.597575172573457
LSD_Primary,set3_features,GPR,log,protocol_holdout,random_selection,4,30,23.833579555292143
LSD_Primary,set3_features,GPR,log,protocol_holdout,random_selection,4,36,24.89464439975874
LSD_Primary,set3_features,GPR,log,protocol_holdout,random_selection,4,42,21.70699009443224
LSD_Primary,set3_features,GPR,log,protocol_holdout,random_selection,4,48,21.45726021074035
LSD_Primary,set3_features,GPR,log,protocol_holdout,random_selection,4,54,20.36667803733048
LSD_Primary,set3_features,GPR,log,protocol_holdout,random_selection,4,58,21.17230382566997
LSD_Primary,set3_features,GPR,log,protocol_holdout,random_selection,5,6,76.34676827621728
LSD_Primary,set3_features,GPR,log,protocol_holdout,random_selection,5,12,107.34931800601362
LSD_Primary,set3_features,GPR,log,protocol_holdout,random_selection,5,18,75.41145703625705
LSD_Primary,set3_features,GPR,log,protocol_holdout,random_selection,5,24,52.225994338723936
LSD_Primary,set3_features,GPR,log,protocol_holdout,random_selection,5,30,64.4261663120669
LSD_Primary,set3_features,GPR,log,protocol_holdout,random_selection,5,36,62.35105277579908
LSD_Primary,set3_features,GPR,log,protocol_holdout,random_selection,5,42,49.70356794548994
LSD_Primary,set3_features,GPR,log,protocol_holdout,random_selection,5,48,54.36832416064018
LSD_Primary,set3_features,GPR,log,protocol_holdout,random_selection,5,54,47.86067804643452
LSD_Primary,set3_features,GPR,log,protocol_holdout,random_selection,5,58,48.65379289250063
LSD_Primary,set3_features,GPR,log,protocol_holdout,random_selection,6,6,105.1814552351538
LSD_Primary,set3_features,GPR,log,protocol_holdout,random_selection,6,12,60.87868990786111
LSD_Primary,set3_features,GPR,log,protocol_holdout,random_selection,6,18,40.70488548688169
LSD_Primary,set3_features,GPR,log,protocol_holdout,random_selection,6,24,39.38504744969764
LSD_Primary,set3_features,GPR,log,protocol_holdout,random_selection,6,30,43.37031582190981
LSD_Primary,set3_features,GPR,log,protocol_holdout,random_selection,6,36,40.49051008061886
LSD_Primary,set3_features,GPR,log,protocol_holdout,random_selection,6,42,44.26444392760549
LSD_Primary,set3_features,GPR,log,protocol_holdout,random_selection,6,48,43.391613097966
LSD_Primary,set3_features,GPR,log,protocol_holdout,random_selection,6,54,43.66623374608693
LSD_Primary,set3_features,GPR,log,protocol_holdout,random_selection,6,58,44.255445466633056
LSD_Primary,set3_features,GPR,log,protocol_holdout,random_selection,7,6,107.64131481281028
LSD_Primary,set3_features,GPR,log,protocol_holdout,random_selection,7,12,83.33235810620235
LSD_Primary,set3_features,GPR,log,protocol_holdout,random_selection,7,18,53.16310941388377
LSD_Primary,set3_features,GPR,log,protocol_holdout,random_selection,7,24,50.39612969848544
LSD_Primary,set3_features,GPR,log,protocol_holdout,random_selection,7,30,35.95828169717624
LSD_Primary,set3_features,GPR,log,protocol_holdout,random_selection,7,36,36.091901694448
LSD_Primary,set3_features,GPR,log,protocol_holdout,random_selection,7,42,35.4789371317505
LSD_Primary,set3_features,GPR,log,protocol_holdout,random_selection,7,48,43.0542757260024
LSD_Primary,set3_features,GPR,log,protocol_holdout,random_selection,7,54,46.324059780985024
LSD_Primary,set3_features,GPR,log,protocol_holdout,random_selection,7,58,49.93942292581763
LSD_Primary,set3_features,GPR,log,protocol_holdout,random_selection,8,6,205.7016380997584
LSD_Primary,set3_features,GPR,log,protocol_holdout,random_selection,8,12,137.5467837615358
LSD_Primary,set3_features,GPR,log,protocol_holdout,random_selection,8,18,146.33147042966087
LSD_Primary,set3_features,GPR,log,protocol_holdout,random_selection,8,24,105.0253380898098
LSD_Primary,set3_features,GPR,log,protocol_holdout,random_selection,8,30,100.55745770348096
LSD_Primary,set3_features,GPR,log,protocol_holdout,random_selection,8,36,70.68079047945281
LSD_Primary,set3_features,GPR,log,protocol_holdout,random_selection,8,42,75.49279449245002
LSD_Primary,set3_features,GPR,log,protocol_holdout,random_selection,8,48,58.73899586156895
LSD_Primary,set3_features,GPR,log,protocol_holdout,random_selection,8,54,54.57305293669079
LSD_Primary,set3_features,GPR,log,protocol_holdout,random_selection,8,58,53.2048891370801
LSD_Primary,set3_features,GPR,log,protocol_holdout,random_selection,9,6,27.108066711821262
LSD_Primary,set3_features,GPR,log,protocol_holdout,random_selection,9,12,17.794294115308844
LSD_Primary,set3_features,GPR,log,protocol_holdout,random_selection,9,18,16.88855636126346
LSD_Primary,set3_features,GPR,log,protocol_holdout,random_selection,9,24,14.31265234541555
LSD_Primary,set3_features,GPR,log,protocol_holdout,random_selection,9,30,20.805754107647665
LSD_Primary,set3_features,GPR,log,protocol_holdout,random_selection,9,36,23.070060876781103
LSD_Primary,set3_features,GPR,log,protocol_holdout,random_selection,9,42,22.73289350442684
LSD_Primary,set3_features,GPR,log,protocol_holdout,random_selection,9,48,24.70986930788605
LSD_Primary,set3_features,GPR,log,protocol_holdout,random_selection,9,54,26.73419518301498
LSD_Primary,set3_features,GPR,log,protocol_holdout,random_selection,9,58,26.59841931204148
LSD_Primary,set3_features,GPR,log,protocol_holdout,random_selection,10,6,120.24537037517544
LSD_Primary,set3_features,GPR,log,protocol_holdout,random_selection,10,12,110.9287223537344
LSD_Primary,set3_features,GPR,log,protocol_holdout,random_selection,10,18,97.17457513765608
LSD_Primary,set3_features,GPR,log,protocol_holdout,random_selection,10,24,130.71202074631248
LSD_Primary,set3_features,GPR,log,protocol_holdout,random_selection,10,30,108.52233225640752
LSD_Primary,set3_features,GPR,log,protocol_holdout,random_selection,10,36,90.88204094081958
LSD_Primary,set3_features,GPR,log,protocol_holdout,random_selection,10,42,91.13161161266316
LSD_Primary,set3_features,GPR,log,protocol_holdout,random_selection,10,48,86.68995560427058
LSD_Primary,set3_features,GPR,log,protocol_holdout,random_selection,10,54,87.3716228175297
LSD_Primary,set3_features,GPR,log,protocol_holdout,random_selection,10,58,81.7999061581472
LSD_Primary,set3_features,GPR,log,protocol_holdout,diversity_oneshot,1,6,45.63665323093353
LSD_Primary,set3_features,GPR,log,protocol_holdout,diversity_oneshot,1,12,35.22380934698089
LSD_Primary,set3_features,GPR,log,protocol_holdout,diversity_oneshot,1,18,35.8799267303187
LSD_Primary,set3_features,GPR,log,protocol_holdout,diversity_oneshot,1,24,36.65516447230114
LSD_Primary,set3_features,GPR,log,protocol_holdout,diversity_oneshot,1,30,37.43470534312591
LSD_Primary,set3_features,GPR,log,protocol_holdout,diversity_oneshot,1,36,38.86436110986594
LSD_Primary,set3_features,GPR,log,protocol_holdout,diversity_oneshot,1,42,40.81004936580365
LSD_Primary,set3_features,GPR,log,protocol_holdout,diversity_oneshot,1,48,43.90914306794562
LSD_Primary,set3_features,GPR,log,protocol_holdout,diversity_oneshot,1,54,43.14748584588573
LSD_Primary,set3_features,GPR,log,protocol_holdout,diversity_oneshot,1,58,45.68572802209113
LSD_Primary,set3_features,GPR,log,protocol_holdout,diversity_oneshot,2,6,43.214275533209175
LSD_Primary,set3_features,GPR,log,protocol_holdout,diversity_oneshot,2,12,22.8713450762632
LSD_Primary,set3_features,GPR,log,protocol_holdout,diversity_oneshot,2,18,26.68088580275808
LSD_Primary,set3_features,GPR,log,protocol_holdout,diversity_oneshot,2,24,20.573015859145865
LSD_Primary,set3_features,GPR,log,protocol_holdout,diversity_oneshot,2,30,21.591883887291363
LSD_Primary,set3_features,GPR,log,protocol_holdout,diversity_oneshot,2,36,20.123945115557696
LSD_Primary,set3_features,GPR,log,protocol_holdout,diversity_oneshot,2,42,20.85826826705475
LSD_Primary,set3_features,GPR,log,protocol_holdout,diversity_oneshot,2,48,21.7862456855796
LSD_Primary,set3_features,GPR,log,protocol_holdout,diversity_oneshot,2,54,20.81833069813764
LSD_Primary,set3_features,GPR,log,protocol_holdout,diversity_oneshot,2,58,21.43473094069221
LSD_Primary,set3_features,GPR,log,protocol_holdout,diversity_oneshot,3,6,30.23613933647461
LSD_Primary,set3_features,GPR,log,protocol_holdout,diversity_oneshot,3,12,44.23870149956063
LSD_Primary,set3_features,GPR,log,protocol_holdout,diversity_oneshot,3,18,21.578707793664
LSD_Primary,set3_features,GPR,log,protocol_holdout,diversity_oneshot,3,24,41.53717735708112
LSD_Primary,set3_features,GPR,log,protocol_holdout,diversity_oneshot,3,30,22.23945040833923
LSD_Primary,set3_features,GPR,log,protocol_holdout,diversity_oneshot,3,36,18.81436403473886
LSD_Primary,set3_features,GPR,log,protocol_holdout,diversity_oneshot,3,42,24.29529851759348
LSD_Primary,set3_features,GPR,log,protocol_holdout,diversity_oneshot,3,48,20.738231916737305
LSD_Primary,set3_features,GPR,log,protocol_holdout,diversity_oneshot,3,54,20.62084865908416
LSD_Primary,set3_features,GPR,log,protocol_holdout,diversity_oneshot,3,58,21.133394589512854
LSD_Primary,set3_features,GPR,log,protocol_holdout,diversity_oneshot,4,6,56.79493576192943
LSD_Primary,set3_features,GPR,log,protocol_holdout,diversity_oneshot,4,12,26.0627066284
LSD_Primary,set3_features,GPR,log,protocol_holdout,diversity_oneshot,4,18,23.94609783783862
LSD_Primary,set3_features,GPR,log,protocol_holdout,diversity_oneshot,4,24,24.31579864468215
LSD_Primary,set3_features,GPR,log,protocol_holdout,diversity_oneshot,4,30,24.485571708854074
LSD_Primary,set3_features,GPR,log,protocol_holdout,diversity_oneshot,4,36,25.1181026358053
LSD_Primary,set3_features,GPR,log,protocol_holdout,diversity_oneshot,4,42,24.91674032941805
LSD_Primary,set3_features,GPR,log,protocol_holdout,diversity_oneshot,4,48,22.270714321052367
LSD_Primary,set3_features,GPR,log,protocol_holdout,diversity_oneshot,4,54,20.899580903321784
LSD_Primary,set3_features,GPR,log,protocol_holdout,diversity_oneshot,4,58,21.17230382566997
LSD_Primary,set3_features,GPR,log,protocol_holdout,diversity_oneshot,5,6,52.1656246925872
LSD_Primary,set3_features,GPR,log,protocol_holdout,diversity_oneshot,5,12,34.11858723466243
LSD_Primary,set3_features,GPR,log,protocol_holdout,diversity_oneshot,5,18,49.81188217829289
LSD_Primary,set3_features,GPR,log,protocol_holdout,diversity_oneshot,5,24,41.980947179735935
LSD_Primary,set3_features,GPR,log,protocol_holdout,diversity_oneshot,5,30,39.57367549131333
LSD_Primary,set3_features,GPR,log,protocol_holdout,diversity_oneshot,5,36,44.24342989252649
LSD_Primary,set3_features,GPR,log,protocol_holdout,diversity_oneshot,5,42,43.942460517243134
LSD_Primary,set3_features,GPR,log,protocol_holdout,diversity_oneshot,5,48,44.73409493006096
LSD_Primary,set3_features,GPR,log,protocol_holdout,diversity_oneshot,5,54,47.12469858013833
LSD_Primary,set3_features,GPR,log,protocol_holdout,diversity_oneshot,5,58,48.65379289250063
LSD_Primary,set3_features,GPR,log,protocol_holdout,diversity_oneshot,6,6,46.58594743542098
LSD_Primary,set3_features,GPR,log,protocol_holdout,diversity_oneshot,6,12,48.645739053286725
LSD_Primary,set3_features,GPR,log,protocol_holdout,diversity_oneshot,6,18,57.1910862467163
LSD_Primary,set3_features,GPR,log,protocol_holdout,diversity_oneshot,6,24,34.46867123338448
LSD_Primary,set3_features,GPR,log,protocol_holdout,diversity_oneshot,6,30,31.484057458806515
LSD_Primary,set3_features,GPR,log,protocol_holdout,diversity_oneshot,6,36,40.55390074484151
LSD_Primary,set3_features,GPR,log,protocol_holdout,diversity_oneshot,6,42,39.39357974818491
LSD_Primary,set3_features,GPR,log,protocol_holdout,diversity_oneshot,6,48,40.07368672594783
LSD_Primary,set3_features,GPR,log,protocol_holdout,diversity_oneshot,6,54,40.281778054241485
LSD_Primary,set3_features,GPR,log,protocol_holdout,diversity_oneshot,6,58,44.255445466633056
LSD_Primary,set3_features,GPR,log,protocol_holdout,diversity_oneshot,7,6,50.84518623453848
LSD_Primary,set3_features,GPR,log,protocol_holdout,diversity_oneshot,7,12,34.91362372665432
LSD_Primary,set3_features,GPR,log,protocol_holdout,diversity_oneshot,7,18,46.87982757360199
LSD_Primary,set3_features,GPR,log,protocol_holdout,diversity_oneshot,7,24,45.83593248291597
LSD_Primary,set3_features,GPR,log,protocol_holdout,diversity_oneshot,7,30,46.27651386109437
LSD_Primary,set3_features,GPR,log,protocol_holdout,diversity_oneshot,7,36,47.29492657196183
LSD_Primary,set3_features,GPR,log,protocol_holdout,diversity_oneshot,7,42,49.83226505488175
LSD_Primary,set3_features,GPR,log,protocol_holdout,diversity_oneshot,7,48,50.1549050299564
LSD_Primary,set3_features,GPR,log,protocol_holdout,diversity_oneshot,7,54,50.81150842228808
LSD_Primary,set3_features,GPR,log,protocol_holdout,diversity_oneshot,7,58,49.93942292581763
LSD_Primary,set3_features,GPR,log,protocol_holdout,diversity_oneshot,8,6,76.48213358835736
LSD_Primary,set3_features,GPR,log,protocol_holdout,diversity_oneshot,8,12,59.93389841478274
LSD_Primary,set3_features,GPR,log,protocol_holdout,diversity_oneshot,8,18,49.93670426664781
LSD_Primary,set3_features,GPR,log,protocol_holdout,diversity_oneshot,8,24,54.43368188001766
LSD_Primary,set3_features,GPR,log,protocol_holdout,diversity_oneshot,8,30,30.097691566996005
LSD_Primary,set3_features,GPR,log,protocol_holdout,diversity_oneshot,8,36,40.23963210694361
LSD_Primary,set3_features,GPR,log,protocol_holdout,diversity_oneshot,8,42,41.91126259225506
LSD_Primary,set3_features,GPR,log,protocol_holdout,diversity_oneshot,8,48,48.77041952201748
LSD_Primary,set3_features,GPR,log,protocol_holdout,diversity_oneshot,8,54,49.778117701004646
LSD_Primary,set3_features,GPR,log,protocol_holdout,diversity_oneshot,8,58,53.2048891370801
LSD_Primary,set3_features,GPR,log,protocol_holdout,diversity_oneshot,9,6,28.68746922663001
LSD_Primary,set3_features,GPR,log,protocol_holdout,diversity_oneshot,9,12,20.042925768391097
LSD_Primary,set3_features,GPR,log,protocol_holdout,diversity_oneshot,9,18,29.40642577381292
LSD_Primary,set3_features,GPR,log,protocol_holdout,diversity_oneshot,9,24,23.979894429092067
LSD_Primary,set3_features,GPR,log,protocol_holdout,diversity_oneshot,9,30,23.27321889992492
LSD_Primary,set3_features,GPR,log,protocol_holdout,diversity_oneshot,9,36,23.818009315542525
LSD_Primary,set3_features,GPR,log,protocol_holdout,diversity_oneshot,9,42,23.478635962320386
LSD_Primary,set3_features,GPR,log,protocol_holdout,diversity_oneshot,9,48,26.23840590227578
LSD_Primary,set3_features,GPR,log,protocol_holdout,diversity_oneshot,9,54,25.642169535185328
LSD_Primary,set3_features,GPR,log,protocol_holdout,diversity_oneshot,9,58,26.59841931204148
LSD_Primary,set3_features,GPR,log,protocol_holdout,diversity_oneshot,10,6,96.62088443051114
LSD_Primary,set3_features,GPR,log,protocol_holdout,diversity_oneshot,10,12,60.63801718325991
LSD_Primary,set3_features,GPR,log,protocol_holdout,diversity_oneshot,10,18,63.99592429306141
LSD_Primary,set3_features,GPR,log,protocol_holdout,diversity_oneshot,10,24,70.50743786238017
LSD_Primary,set3_features,GPR,log,protocol_holdout,diversity_oneshot,10,30,71.65200112911744
LSD_Primary,set3_features,GPR,log,protocol_holdout,diversity_oneshot,10,36,73.47513296117475
LSD_Primary,set3_features,GPR,log,protocol_holdout,diversity_oneshot,10,42,71.05221682063724
LSD_Primary,set3_features,GPR,log,protocol_holdout,diversity_oneshot,10,48,74.43658282064966
LSD_Primary,set3_features,GPR,log,protocol_holdout,diversity_oneshot,10,54,78.35550599895288
LSD_Primary,set3_features,GPR,log,protocol_holdout,diversity_oneshot,10,58,81.7999061581472
LSD_Primary,set3_features,GPR,log,protocol_holdout,diversity_iterative,1,6,45.63665323093353
LSD_Primary,set3_features,GPR,log,protocol_holdout,diversity_iterative,1,12,40.992814889586704
LSD_Primary,set3_features,GPR,log,protocol_holdout,diversity_iterative,1,18,39.20029359838544
LSD_Primary,set3_features,GPR,log,protocol_holdout,diversity_iterative,1,24,38.41991260996344
LSD_Primary,set3_features,GPR,log,protocol_holdout,diversity_iterative,1,30,44.56424651528479
LSD_Primary,set3_features,GPR,log,protocol_holdout,diversity_iterative,1,36,37.23959023305376
LSD_Primary,set3_features,GPR,log,protocol_holdout,diversity_iterative,1,42,41.06148114848484
LSD_Primary,set3_features,GPR,log,protocol_holdout,diversity_iterative,1,48,40.87376715113973
LSD_Primary,set3_features,GPR,log,protocol_holdout,diversity_iterative,1,54,44.9731281133974
LSD_Primary,set3_features,GPR,log,protocol_holdout,diversity_iterative,1,58,45.68572802209113
LSD_Primary,set3_features,GPR,log,protocol_holdout,diversity_iterative,2,6,43.214275533209175
LSD_Primary,set3_features,GPR,log,protocol_holdout,diversity_iterative,2,12,35.15103999323142
LSD_Primary,set3_features,GPR,log,protocol_holdout,diversity_iterative,2,18,29.032236516591315
LSD_Primary,set3_features,GPR,log,protocol_holdout,diversity_iterative,2,24,27.69421283347077
LSD_Primary,set3_features,GPR,log,protocol_holdout,diversity_iterative,2,30,27.376405135107817
LSD_Primary,set3_features,GPR,log,protocol_holdout,diversity_iterative,2,36,24.656427832466683
LSD_Primary,set3_features,GPR,log,protocol_holdout,diversity_iterative,2,42,22.110386765666707
LSD_Primary,set3_features,GPR,log,protocol_holdout,diversity_iterative,2,48,22.2489918229904
LSD_Primary,set3_features,GPR,log,protocol_holdout,diversity_iterative,2,54,21.7252698121206
LSD_Primary,set3_features,GPR,log,protocol_holdout,diversity_iterative,2,58,21.43473094069221
LSD_Primary,set3_features,GPR,log,protocol_holdout,diversity_iterative,3,6,30.23613933647461
LSD_Primary,set3_features,GPR,log,protocol_holdout,diversity_iterative,3,12,31.48147646409768
LSD_Primary,set3_features,GPR,log,protocol_holdout,diversity_iterative,3,18,19.1740908824779
LSD_Primary,set3_features,GPR,log,protocol_holdout,diversity_iterative,3,24,27.49491811447283
LSD_Primary,set3_features,GPR,log,protocol_holdout,diversity_iterative,3,30,23.061514861490167
LSD_Primary,set3_features,GPR,log,protocol_holdout,diversity_iterative,3,36,22.570780797834924
LSD_Primary,set3_features,GPR,log,protocol_holdout,diversity_iterative,3,42,23.28706730364981
LSD_Primary,set3_features,GPR,log,protocol_holdout,diversity_iterative,3,48,24.19320333336978
LSD_Primary,set3_features,GPR,log,protocol_holdout,diversity_iterative,3,54,20.21613349793287
LSD_Primary,set3_features,GPR,log,protocol_holdout,diversity_iterative,3,58,21.133394589512854
LSD_Primary,set3_features,GPR,log,protocol_holdout,diversity_iterative,4,6,56.79493576192943
LSD_Primary,set3_features,GPR,log,protocol_holdout,diversity_iterative,4,12,33.33194320464592
LSD_Primary,set3_features,GPR,log,protocol_holdout,diversity_iterative,4,18,28.919685794396354
LSD_Primary,set3_features,GPR,log,protocol_holdout,diversity_iterative,4,24,28.328046208347672
LSD_Primary,set3_features,GPR,log,protocol_holdout,diversity_iterative,4,30,25.427189809924105
LSD_Primary,set3_features,GPR,log,protocol_holdout,diversity_iterative,4,36,24.40679489481025
LSD_Primary,set3_features,GPR,log,protocol_holdout,diversity_iterative,4,42,21.697651015626032
LSD_Primary,set3_features,GPR,log,protocol_holdout,diversity_iterative,4,48,19.21572183432692
LSD_Primary,set3_features,GPR,log,protocol_holdout,diversity_iterative,4,54,21.574575438484697
LSD_Primary,set3_features,GPR,log,protocol_holdout,diversity_iterative,4,58,21.17230382566997
LSD_Primary,set3_features,GPR,log,protocol_holdout,diversity_iterative,5,6,52.1656246925872
LSD_Primary,set3_features,GPR,log,protocol_holdout,diversity_iterative,5,12,50.24672970045406
LSD_Primary,set3_features,GPR,log,protocol_holdout,diversity_iterative,5,18,59.2786662747866
LSD_Primary,set3_features,GPR,log,protocol_holdout,diversity_iterative,5,24,41.56030675080578
LSD_Primary,set3_features,GPR,log,protocol_holdout,diversity_iterative,5,30,37.25468031431527
LSD_Primary,set3_features,GPR,log,protocol_holdout,diversity_iterative,5,36,40.899683697836565
LSD_Primary,set3_features,GPR,log,protocol_holdout,diversity_iterative,5,42,46.48620913946106
LSD_Primary,set3_features,GPR,log,protocol_holdout,diversity_iterative,5,48,49.03172925343755
LSD_Primary,set3_features,GPR,log,protocol_holdout,diversity_iterative,5,54,49.15332122169532
LSD_Primary,set3_features,GPR,log,protocol_holdout,diversity_iterative,5,58,48.65379289250063
LSD_Primary,set3_features,GPR,log,protocol_holdout,diversity_iterative,6,6,46.58594743542098
LSD_Primary,set3_features,GPR,log,protocol_holdout,diversity_iterative,6,12,58.28612173633405
LSD_Primary,set3_features,GPR,log,protocol_holdout,diversity_iterative,6,18,42.77043062303391
LSD_Primary,set3_features,GPR,log,protocol_holdout,diversity_iterative,6,24,48.45167446864616
LSD_Primary,set3_features,GPR,log,protocol_holdout,diversity_iterative,6,30,41.89394921696818
LSD_Primary,set3_features,GPR,log,protocol_holdout,diversity_iterative,6,36,45.82440993906853
LSD_Primary,set3_features,GPR,log,protocol_holdout,diversity_iterative,6,42,50.6023756670882
LSD_Primary,set3_features,GPR,log,protocol_holdout,diversity_iterative,6,48,49.50460599522555
LSD_Primary,set3_features,GPR,log,protocol_holdout,diversity_iterative,6,54,48.43791971966823
LSD_Primary,set3_features,GPR,log,protocol_holdout,diversity_iterative,6,58,44.255445466633056
LSD_Primary,set3_features,GPR,log,protocol_holdout,diversity_iterative,7,6,50.84518623453848
LSD_Primary,set3_features,GPR,log,protocol_holdout,diversity_iterative,7,12,40.79895188694064
LSD_Primary,set3_features,GPR,log,protocol_holdout,diversity_iterative,7,18,43.95134220971842
LSD_Primary,set3_features,GPR,log,protocol_holdout,diversity_iterative,7,24,43.88432355364042
LSD_Primary,set3_features,GPR,log,protocol_holdout,diversity_iterative,7,30,45.65151647777956
LSD_Primary,set3_features,GPR,log,protocol_holdout,diversity_iterative,7,36,47.934702017067096
LSD_Primary,set3_features,GPR,log,protocol_holdout,diversity_iterative,7,42,49.08234322295071
LSD_Primary,set3_features,GPR,log,protocol_holdout,diversity_iterative,7,48,49.59185855155972
LSD_Primary,set3_features,GPR,log,protocol_holdout,diversity_iterative,7,54,49.3623501393128
LSD_Primary,set3_features,GPR,log,protocol_holdout,diversity_iterative,7,58,49.93942292581763
LSD_Primary,set3_features,GPR,log,protocol_holdout,diversity_iterative,8,6,76.48213358835736
LSD_Primary,set3_features,GPR,log,protocol_holdout,diversity_iterative,8,12,72.573593058831
LSD_Primary,set3_features,GPR,log,protocol_holdout,diversity_iterative,8,18,68.38444641951091
LSD_Primary,set3_features,GPR,log,protocol_holdout,diversity_iterative,8,24,55.22994006339994
LSD_Primary,set3_features,GPR,log,protocol_holdout,diversity_iterative,8,30,54.48626454324084
LSD_Primary,set3_features,GPR,log,protocol_holdout,diversity_iterative,8,36,51.29660250659196
LSD_Primary,set3_features,GPR,log,protocol_holdout,diversity_iterative,8,42,55.207455359595926
LSD_Primary,set3_features,GPR,log,protocol_holdout,diversity_iterative,8,48,57.81971254377568
LSD_Primary,set3_features,GPR,log,protocol_holdout,diversity_iterative,8,54,55.44739426132767
LSD_Primary,set3_features,GPR,log,protocol_holdout,diversity_iterative,8,58,53.2048891370801
LSD_Primary,set3_features,GPR,log,protocol_holdout,diversity_iterative,9,6,28.68746922663001
LSD_Primary,set3_features,GPR,log,protocol_holdout,diversity_iterative,9,12,33.219423391959566
LSD_Primary,set3_features,GPR,log,protocol_holdout,diversity_iterative,9,18,18.546663748983946
LSD_Primary,set3_features,GPR,log,protocol_holdout,diversity_iterative,9,24,21.682419521217767
LSD_Primary,set3_features,GPR,log,protocol_holdout,diversity_iterative,9,30,21.05488108286663
LSD_Primary,set3_features,GPR,log,protocol_holdout,diversity_iterative,9,36,30.196853204009344
LSD_Primary,set3_features,GPR,log,protocol_holdout,diversity_iterative,9,42,24.90038350372119
LSD_Primary,set3_features,GPR,log,protocol_holdout,diversity_iterative,9,48,26.899013938571827
LSD_Primary,set3_features,GPR,log,protocol_holdout,diversity_iterative,9,54,27.751481481423685
LSD_Primary,set3_features,GPR,log,protocol_holdout,diversity_iterative,9,58,26.59841931204148
LSD_Primary,set3_features,GPR,log,protocol_holdout,diversity_iterative,10,6,96.62088443051114
LSD_Primary,set3_features,GPR,log,protocol_holdout,diversity_iterative,10,12,69.10170712517775
LSD_Primary,set3_features,GPR,log,protocol_holdout,diversity_iterative,10,18,87.55669537176759
LSD_Primary,set3_features,GPR,log,protocol_holdout,diversity_iterative,10,24,62.42010472685362
LSD_Primary,set3_features,GPR,log,protocol_holdout,diversity_iterative,10,30,63.10208780002505
LSD_Primary,set3_features,GPR,log,protocol_holdout,diversity_iterative,10,36,74.41993156343646
LSD_Primary,set3_features,GPR,log,protocol_holdout,diversity_iterative,10,42,81.51308220745676
LSD_Primary,set3_features,GPR,log,protocol_holdout,diversity_iterative,10,48,83.88156858152408
LSD_Primary,set3_features,GPR,log,protocol_holdout,diversity_iterative,10,54,82.7035724483764
LSD_Primary,set3_features,GPR,log,protocol_holdout,diversity_iterative,10,58,81.7999061581472
LSD_Primary,set3_features,GPR,log,protocol_holdout,coverage,1,6,108.31634985014976
LSD_Primary,set3_features,GPR,log,protocol_holdout,coverage,1,12,54.172809975294925
LSD_Primary,set3_features,GPR,log,protocol_holdout,coverage,1,18,47.75686162838825
LSD_Primary,set3_features,GPR,log,protocol_holdout,coverage,1,24,44.19096068734936
LSD_Primary,set3_features,GPR,log,protocol_holdout,coverage,1,30,44.51426160348676
LSD_Primary,set3_features,GPR,log,protocol_holdout,coverage,1,36,42.96845412726154
LSD_Primary,set3_features,GPR,log,protocol_holdout,coverage,1,42,41.78979034081563
LSD_Primary,set3_features,GPR,log,protocol_holdout,coverage,1,48,43.61355161490439
LSD_Primary,set3_features,GPR,log,protocol_holdout,coverage,1,54,43.43562400621566
LSD_Primary,set3_features,GPR,log,protocol_holdout,coverage,1,58,45.68572802209113
LSD_Primary,set3_features,GPR,log,protocol_holdout,coverage,2,6,38.23547941379993
LSD_Primary,set3_features,GPR,log,protocol_holdout,coverage,2,12,39.12385750024821
LSD_Primary,set3_features,GPR,log,protocol_holdout,coverage,2,18,30.35103010347135
LSD_Primary,set3_features,GPR,log,protocol_holdout,coverage,2,24,25.00885723411125
LSD_Primary,set3_features,GPR,log,protocol_holdout,coverage,2,30,21.95817202556494
LSD_Primary,set3_features,GPR,log,protocol_holdout,coverage,2,36,23.79530507818077
LSD_Primary,set3_features,GPR,log,protocol_holdout,coverage,2,42,23.418275140715323
LSD_Primary,set3_features,GPR,log,protocol_holdout,coverage,2,48,22.18661706927244
LSD_Primary,set3_features,GPR,log,protocol_holdout,coverage,2,54,21.08018527694231
LSD_Primary,set3_features,GPR,log,protocol_holdout,coverage,2,58,21.43473094069221
LSD_Primary,set3_features,GPR,log,protocol_holdout,coverage,3,6,25.709272784774694
LSD_Primary,set3_features,GPR,log,protocol_holdout,coverage,3,12,23.480826820457
LSD_Primary,set3_features,GPR,log,protocol_holdout,coverage,3,18,23.57249792931864
LSD_Primary,set3_features,GPR,log,protocol_holdout,coverage,3,24,17.601180259746783
LSD_Primary,set3_features,GPR,log,protocol_holdout,coverage,3,30,21.27980156788509
LSD_Primary,set3_features,GPR,log,protocol_holdout,coverage,3,36,21.343766442833093
LSD_Primary,set3_features,GPR,log,protocol_holdout,coverage,3,42,18.44371307137012
LSD_Primary,set3_features,GPR,log,protocol_holdout,coverage,3,48,19.793059592679203
LSD_Primary,set3_features,GPR,log,protocol_holdout,coverage,3,54,19.963570586887368
LSD_Primary,set3_features,GPR,log,protocol_holdout,coverage,3,58,21.133394589512854
LSD_Primary,set3_features,GPR,log,protocol_holdout,coverage,4,6,39.70611246519958
LSD_Primary,set3_features,GPR,log,protocol_holdout,coverage,4,12,37.85698855157618
LSD_Primary,set3_features,GPR,log,protocol_holdout,coverage,4,18,27.39013992839301
LSD_Primary,set3_features,GPR,log,protocol_holdout,coverage,4,24,25.846928556491584
LSD_Primary,set3_features,GPR,log,protocol_holdout,coverage,4,30,26.352907963572893
LSD_Primary,set3_features,GPR,log,protocol_holdout,coverage,4,36,26.00366660321696
LSD_Primary,set3_features,GPR,log,protocol_holdout,coverage,4,42,22.18346372431361
LSD_Primary,set3_features,GPR,log,protocol_holdout,coverage,4,48,23.472731301035104
LSD_Primary,set3_features,GPR,log,protocol_holdout,coverage,4,54,21.2345904943184
LSD_Primary,set3_features,GPR,log,protocol_holdout,coverage,4,58,21.17230382566997
LSD_Primary,set3_features,GPR,log,protocol_holdout,coverage,5,6,76.34676827621728
LSD_Primary,set3_features,GPR,log,protocol_holdout,coverage,5,12,30.18762314834438
LSD_Primary,set3_features,GPR,log,protocol_holdout,coverage,5,18,46.56280229397481
LSD_Primary,set3_features,GPR,log,protocol_holdout,coverage,5,24,46.42396988436934
LSD_Primary,set3_features,GPR,log,protocol_holdout,coverage,5,30,53.50076740653421
LSD_Primary,set3_features,GPR,log,protocol_holdout,coverage,5,36,46.5682575312337
LSD_Primary,set3_features,GPR,log,protocol_holdout,coverage,5,42,44.67756822767573
LSD_Primary,set3_features,GPR,log,protocol_holdout,coverage,5,48,45.32469667771072
LSD_Primary,set3_features,GPR,log,protocol_holdout,coverage,5,54,47.59214918192784
LSD_Primary,set3_features,GPR,log,protocol_holdout,coverage,5,58,48.65379289250063
LSD_Primary,set3_features,GPR,log,protocol_holdout,coverage,6,6,105.1814552351538
LSD_Primary,set3_features,GPR,log,protocol_holdout,coverage,6,12,27.222162989712867
LSD_Primary,set3_features,GPR,log,protocol_holdout,coverage,6,18,47.55641231962603
LSD_Primary,set3_features,GPR,log,protocol_holdout,coverage,6,24,38.941546630708416
LSD_Primary,set3_features,GPR,log,protocol_holdout,coverage,6,30,43.45797409744583
LSD_Primary,set3_features,GPR,log,protocol_holdout,coverage,6,36,37.894779236144025
LSD_Primary,set3_features,GPR,log,protocol_holdout,coverage,6,42,39.76070341277436
LSD_Primary,set3_features,GPR,log,protocol_holdout,coverage,6,48,41.12265203173815
LSD_Primary,set3_features,GPR,log,protocol_holdout,coverage,6,54,43.32518351067692
LSD_Primary,set3_features,GPR,log,protocol_holdout,coverage,6,58,44.255445466633056
LSD_Primary,set3_features,GPR,log,protocol_holdout,coverage,7,6,107.64131481281028
LSD_Primary,set3_features,GPR,log,protocol_holdout,coverage,7,12,43.69592157658113
LSD_Primary,set3_features,GPR,log,protocol_holdout,coverage,7,18,46.26316975737783
LSD_Primary,set3_features,GPR,log,protocol_holdout,coverage,7,24,45.99616216281272
LSD_Primary,set3_features,GPR,log,protocol_holdout,coverage,7,30,46.79601056986022
LSD_Primary,set3_features,GPR,log,protocol_holdout,coverage,7,36,49.11966389929953
LSD_Primary,set3_features,GPR,log,protocol_holdout,coverage,7,42,48.34894711342339
LSD_Primary,set3_features,GPR,log,protocol_holdout,coverage,7,48,49.064061519398265
LSD_Primary,set3_features,GPR,log,protocol_holdout,coverage,7,54,49.81020764840486
LSD_Primary,set3_features,GPR,log,protocol_holdout,coverage,7,58,49.93942292581763
LSD_Primary,set3_features,GPR,log,protocol_holdout,coverage,8,6,205.7016380997584
LSD_Primary,set3_features,GPR,log,protocol_holdout,coverage,8,12,34.573865520101684
LSD_Primary,set3_features,GPR,log,protocol_holdout,coverage,8,18,45.082443413283855
LSD_Primary,set3_features,GPR,log,protocol_holdout,coverage,8,24,32.608546748302764
LSD_Primary,set3_features,GPR,log,protocol_holdout,coverage,8,30,31.02350593468476
LSD_Primary,set3_features,GPR,log,protocol_holdout,coverage,8,36,35.52144907400924
LSD_Primary,set3_features,GPR,log,protocol_holdout,coverage,8,42,41.78970771793203
LSD_Primary,set3_features,GPR,log,protocol_holdout,coverage,8,48,44.64993807405117
LSD_Primary,set3_features,GPR,log,protocol_holdout,coverage,8,54,50.78429457356809
LSD_Primary,set3_features,GPR,log,protocol_holdout,coverage,8,58,53.2048891370801
LSD_Primary,set3_features,GPR,log,protocol_holdout,coverage,9,6,27.108066711821262
LSD_Primary,set3_features,GPR,log,protocol_holdout,coverage,9,12,28.436067291883592
LSD_Primary,set3_features,GPR,log,protocol_holdout,coverage,9,18,20.81977278047768
LSD_Primary,set3_features,GPR,log,protocol_holdout,coverage,9,24,25.969094888588035
LSD_Primary,set3_features,GPR,log,protocol_holdout,coverage,9,30,28.362090208855896
LSD_Primary,set3_features,GPR,log,protocol_holdout,coverage,9,36,25.24496557398701
LSD_Primary,set3_features,GPR,log,protocol_holdout,coverage,9,42,25.239961574161224
LSD_Primary,set3_features,GPR,log,protocol_holdout,coverage,9,48,24.5684087802813
LSD_Primary,set3_features,GPR,log,protocol_holdout,coverage,9,54,23.980019904006383
LSD_Primary,set3_features,GPR,log,protocol_holdout,coverage,9,58,26.59841931204148
LSD_Primary,set3_features,GPR,log,protocol_holdout,coverage,10,6,120.24537037517544
LSD_Primary,set3_features,GPR,log,protocol_holdout,coverage,10,12,45.84648779438563
LSD_Primary,set3_features,GPR,log,protocol_holdout,coverage,10,18,51.25240846360095
LSD_Primary,set3_features,GPR,log,protocol_holdout,coverage,10,24,63.193863734444434
LSD_Primary,set3_features,GPR,log,protocol_holdout,coverage,10,30,64.43421131263524
LSD_Primary,set3_features,GPR,log,protocol_holdout,coverage,10,36,68.67529717389112
LSD_Primary,set3_features,GPR,log,protocol_holdout,coverage,10,42,73.65385856984848
LSD_Primary,set3_features,GPR,log,protocol_holdout,coverage,10,48,75.04289682662095
LSD_Primary,set3_features,GPR,log,protocol_holdout,coverage,10,54,78.412413869889
LSD_Primary,set3_features,GPR,log,protocol_holdout,coverage,10,58,81.7999061581472
LSD_Primary,set3_features,GPR,log,protocol_holdout,exploration,1,6,108.31634985014976
LSD_Primary,set3_features,GPR,log,protocol_holdout,exploration,1,12,54.172809975294925
LSD_Primary,set3_features,GPR,log,protocol_holdout,exploration,1,18,48.97547926405747
LSD_Primary,set3_features,GPR,log,protocol_holdout,exploration,1,24,49.174977866822566
LSD_Primary,set3_features,GPR,log,protocol_holdout,exploration,1,30,42.58376866025982
LSD_Primary,set3_features,GPR,log,protocol_holdout,exploration,1,36,41.60710035071429
LSD_Primary,set3_features,GPR,log,protocol_holdout,exploration,1,42,44.952635370346286
LSD_Primary,set3_features,GPR,log,protocol_holdout,exploration,1,48,46.06191048865121
LSD_Primary,set3_features,GPR,log,protocol_holdout,exploration,1,54,45.226518335624704
LSD_Primary,set3_features,GPR,log,protocol_holdout,exploration,1,58,45.68572802209113
LSD_Primary,set3_features,GPR,log,protocol_holdout,exploration,2,6,38.23547941379993
LSD_Primary,set3_features,GPR,log,protocol_holdout,exploration,2,12,33.608148322541886
LSD_Primary,set3_features,GPR,log,protocol_holdout,exploration,2,18,29.2915764442426
LSD_Primary,set3_features,GPR,log,protocol_holdout,exploration,2,24,28.57345075856482
LSD_Primary,set3_features,GPR,log,protocol_holdout,exploration,2,30,23.40035375996841
LSD_Primary,set3_features,GPR,log,protocol_holdout,exploration,2,36,20.738189329247177
LSD_Primary,set3_features,GPR,log,protocol_holdout,exploration,2,42,20.66996249821016
LSD_Primary,set3_features,GPR,log,protocol_holdout,exploration,2,48,21.02362429192956
LSD_Primary,set3_features,GPR,log,protocol_holdout,exploration,2,54,20.95197634896264
LSD_Primary,set3_features,GPR,log,protocol_holdout,exploration,2,58,21.43473094069221
LSD_Primary,set3_features,GPR,log,protocol_holdout,exploration,3,6,25.709272784774694
LSD_Primary,set3_features,GPR,log,protocol_holdout,exploration,3,12,23.480826820457
LSD_Primary,set3_features,GPR,log,protocol_holdout,exploration,3,18,26.460231639790884
LSD_Primary,set3_features,GPR,log,protocol_holdout,exploration,3,24,26.51248440158901
LSD_Primary,set3_features,GPR,log,protocol_holdout,exploration,3,30,19.80266170322383
LSD_Primary,set3_features,GPR,log,protocol_holdout,exploration,3,36,19.84451216861429
LSD_Primary,set3_features,GPR,log,protocol_holdout,exploration,3,42,30.9727723467396
LSD_Primary,set3_features,GPR,log,protocol_holdout,exploration,3,48,22.93018428467323
LSD_Primary,set3_features,GPR,log,protocol_holdout,exploration,3,54,21.389208279122368
LSD_Primary,set3_features,GPR,log,protocol_holdout,exploration,3,58,21.133394589512854
LSD_Primary,set3_features,GPR,log,protocol_holdout,exploration,4,6,39.70611246519958
LSD_Primary,set3_features,GPR,log,protocol_holdout,exploration,4,12,37.85698855157618
LSD_Primary,set3_features,GPR,log,protocol_holdout,exploration,4,18,25.986104445804663
LSD_Primary,set3_features,GPR,log,protocol_holdout,exploration,4,24,24.90713482721788
LSD_Primary,set3_features,GPR,log,protocol_holdout,exploration,4,30,22.61246389312764
LSD_Primary,set3_features,GPR,log,protocol_holdout,exploration,4,36,23.122533627760475
LSD_Primary,set3_features,GPR,log,protocol_holdout,exploration,4,42,23.942624860787323
LSD_Primary,set3_features,GPR,log,protocol_holdout,exploration,4,48,24.033377904367377
LSD_Primary,set3_features,GPR,log,protocol_holdout,exploration,4,54,21.05879425348894
LSD_Primary,set3_features,GPR,log,protocol_holdout,exploration,4,58,21.17230382566997
LSD_Primary,set3_features,GPR,log,protocol_holdout,exploration,5,6,76.34676827621728
LSD_Primary,set3_features,GPR,log,protocol_holdout,exploration,5,12,29.90556310926747
LSD_Primary,set3_features,GPR,log,protocol_holdout,exploration,5,18,42.38444182535607
LSD_Primary,set3_features,GPR,log,protocol_holdout,exploration,5,24,45.26164583324352
LSD_Primary,set3_features,GPR,log,protocol_holdout,exploration,5,30,44.56306597168366
LSD_Primary,set3_features,GPR,log,protocol_holdout,exploration,5,36,43.64104879713472
LSD_Primary,set3_features,GPR,log,protocol_holdout,exploration,5,42,50.5272349891414
LSD_Primary,set3_features,GPR,log,protocol_holdout,exploration,5,48,45.85193103898876
LSD_Primary,set3_features,GPR,log,protocol_holdout,exploration,5,54,46.44256826971389
LSD_Primary,set3_features,GPR,log,protocol_holdout,exploration,5,58,48.65379289250063
LSD_Primary,set3_features,GPR,log,protocol_holdout,exploration,6,6,105.1814552351538
LSD_Primary,set3_features,GPR,log,protocol_holdout,exploration,6,12,27.222162989712867
LSD_Primary,set3_features,GPR,log,protocol_holdout,exploration,6,18,45.69205059819061
LSD_Primary,set3_features,GPR,log,protocol_holdout,exploration,6,24,41.332907449939846
LSD_Primary,set3_features,GPR,log,protocol_holdout,exploration,6,30,42.44083006507801
LSD_Primary,set3_features,GPR,log,protocol_holdout,exploration,6,36,37.02206101120026
LSD_Primary,set3_features,GPR,log,protocol_holdout,exploration,6,42,42.61804422908636
LSD_Primary,set3_features,GPR,log,protocol_holdout,exploration,6,48,42.1671380171282
LSD_Primary,set3_features,GPR,log,protocol_holdout,exploration,6,54,39.76246830884666
LSD_Primary,set3_features,GPR,log,protocol_holdout,exploration,6,58,44.255445466633056
LSD_Primary,set3_features,GPR,log,protocol_holdout,exploration,7,6,107.64131481281028
LSD_Primary,set3_features,GPR,log,protocol_holdout,exploration,7,12,43.47957169873047
LSD_Primary,set3_features,GPR,log,protocol_holdout,exploration,7,18,45.65100117510761
LSD_Primary,set3_features,GPR,log,protocol_holdout,exploration,7,24,44.34362258837172
LSD_Primary,set3_features,GPR,log,protocol_holdout,exploration,7,30,46.72217678230122
LSD_Primary,set3_features,GPR,log,protocol_holdout,exploration,7,36,49.82822802451974
LSD_Primary,set3_features,GPR,log,protocol_holdout,exploration,7,42,49.80929969933279
LSD_Primary,set3_features,GPR,log,protocol_holdout,exploration,7,48,49.81124174826151
LSD_Primary,set3_features,GPR,log,protocol_holdout,exploration,7,54,51.56864015527011
LSD_Primary,set3_features,GPR,log,protocol_holdout,exploration,7,58,49.93942292581763
LSD_Primary,set3_features,GPR,log,protocol_holdout,exploration,8,6,205.7016380997584
LSD_Primary,set3_features,GPR,log,protocol_holdout,exploration,8,12,34.573865520101684
LSD_Primary,set3_features,GPR,log,protocol_holdout,exploration,8,18,42.45975257199156
LSD_Primary,set3_features,GPR,log,protocol_holdout,exploration,8,24,49.41623297859706
LSD_Primary,set3_features,GPR,log,protocol_holdout,exploration,8,30,32.887384038928914
LSD_Primary,set3_features,GPR,log,protocol_holdout,exploration,8,36,56.07470552758
LSD_Primary,set3_features,GPR,log,protocol_holdout,exploration,8,42,61.7499716671015
LSD_Primary,set3_features,GPR,log,protocol_holdout,exploration,8,48,52.89185911493127
LSD_Primary,set3_features,GPR,log,protocol_holdout,exploration,8,54,48.86672836435721
LSD_Primary,set3_features,GPR,log,protocol_holdout,exploration,8,58,53.2048891370801
LSD_Primary,set3_features,GPR,log,protocol_holdout,exploration,9,6,27.108066711821262
LSD_Primary,set3_features,GPR,log,protocol_holdout,exploration,9,12,28.436067291883592
LSD_Primary,set3_features,GPR,log,protocol_holdout,exploration,9,18,20.6072366717443
LSD_Primary,set3_features,GPR,log,protocol_holdout,exploration,9,24,21.425102804296817
LSD_Primary,set3_features,GPR,log,protocol_holdout,exploration,9,30,24.972675624939487
LSD_Primary,set3_features,GPR,log,protocol_holdout,exploration,9,36,25.250729713265933
LSD_Primary,set3_features,GPR,log,protocol_holdout,exploration,9,42,25.36523734971596
LSD_Primary,set3_features,GPR,log,protocol_holdout,exploration,9,48,26.270603517585467
LSD_Primary,set3_features,GPR,log,protocol_holdout,exploration,9,54,26.02146415660861
LSD_Primary,set3_features,GPR,log,protocol_holdout,exploration,9,58,26.59841931204148
LSD_Primary,set3_features,GPR,log,protocol_holdout,exploration,10,6,120.24537037517544
LSD_Primary,set3_features,GPR,log,protocol_holdout,exploration,10,12,45.84648779438563
LSD_Primary,set3_features,GPR,log,protocol_holdout,exploration,10,18,60.03857450509428
LSD_Primary,set3_features,GPR,log,protocol_holdout,exploration,10,24,61.218958756118965
LSD_Primary,set3_features,GPR,log,protocol_holdout,exploration,10,30,64.23036211735473
LSD_Primary,set3_features,GPR,log,protocol_holdout,exploration,10,36,68.97929929260538
LSD_Primary,set3_features,GPR,log,protocol_holdout,exploration,10,42,73.21146358208372
LSD_Primary,set3_features,GPR,log,protocol_holdout,exploration,10,48,78.61375162748897
LSD_Primary,set3_features,GPR,log,protocol_holdout,exploration,10,54,79.15446998393942
LSD_Primary,set3_features,GPR,log,protocol_holdout,exploration,10,58,81.7999061581472
LSD_Primary,set3_features,GPR,log,protocol_holdout,exploitation,1,6,108.31634985014976
LSD_Primary,set3_features,GPR,log,protocol_holdout,exploitation,1,12,113.771028549359
LSD_Primary,set3_features,GPR,log,protocol_holdout,exploitation,1,18,111.03761242555156
LSD_Primary,set3_features,GPR,log,protocol_holdout,exploitation,1,24,126.89821789351154
LSD_Primary,set3_features,GPR,log,protocol_holdout,exploitation,1,30,40.99323863733422
LSD_Primary,set3_features,GPR,log,protocol_holdout,exploitation,1,36,44.81311648390887
LSD_Primary,set3_features,GPR,log,protocol_holdout,exploitation,1,42,38.61516193544404
LSD_Primary,set3_features,GPR,log,protocol_holdout,exploitation,1,48,37.37821996251094
LSD_Primary,set3_features,GPR,log,protocol_holdout,exploitation,1,54,47.24047509639181
LSD_Primary,set3_features,GPR,log,protocol_holdout,exploitation,1,58,45.68572802209113
LSD_Primary,set3_features,GPR,log,protocol_holdout,exploitation,2,6,38.23547941379993
LSD_Primary,set3_features,GPR,log,protocol_holdout,exploitation,2,12,33.18843460567823
LSD_Primary,set3_features,GPR,log,protocol_holdout,exploitation,2,18,32.661113104742014
LSD_Primary,set3_features,GPR,log,protocol_holdout,exploitation,2,24,26.73690665545405
LSD_Primary,set3_features,GPR,log,protocol_holdout,exploitation,2,30,21.915019860120303
LSD_Primary,set3_features,GPR,log,protocol_holdout,exploitation,2,36,23.125364194479843
LSD_Primary,set3_features,GPR,log,protocol_holdout,exploitation,2,42,22.01276576458907
LSD_Primary,set3_features,GPR,log,protocol_holdout,exploitation,2,48,21.465591973876464
LSD_Primary,set3_features,GPR,log,protocol_holdout,exploitation,2,54,21.63283907637669
LSD_Primary,set3_features,GPR,log,protocol_holdout,exploitation,2,58,21.43473094069221
LSD_Primary,set3_features,GPR,log,protocol_holdout,exploitation,3,6,25.709272784774694
LSD_Primary,set3_features,GPR,log,protocol_holdout,exploitation,3,12,36.53162858863156
LSD_Primary,set3_features,GPR,log,protocol_holdout,exploitation,3,18,31.559177047916137
LSD_Primary,set3_features,GPR,log,protocol_holdout,exploitation,3,24,29.42776229961593
LSD_Primary,set3_features,GPR,log,protocol_holdout,exploitation,3,30,31.54076184300053
LSD_Primary,set3_features,GPR,log,protocol_holdout,exploitation,3,36,21.556117824532144
LSD_Primary,set3_features,GPR,log,protocol_holdout,exploitation,3,42,20.48564233661729
LSD_Primary,set3_features,GPR,log,protocol_holdout,exploitation,3,48,22.169948605548825
LSD_Primary,set3_features,GPR,log,protocol_holdout,exploitation,3,54,21.398229419626137
LSD_Primary,set3_features,GPR,log,protocol_holdout,exploitation,3,58,21.133394589512854
LSD_Primary,set3_features,GPR,log,protocol_holdout,exploitation,4,6,39.70611246519958
LSD_Primary,set3_features,GPR,log,protocol_holdout,exploitation,4,12,46.72036088907838
LSD_Primary,set3_features,GPR,log,protocol_holdout,exploitation,4,18,47.213918629197
LSD_Primary,set3_features,GPR,log,protocol_holdout,exploitation,4,24,35.609274122701464
LSD_Primary,set3_features,GPR,log,protocol_holdout,exploitation,4,30,26.963227097655164
LSD_Primary,set3_features,GPR,log,protocol_holdout,exploitation,4,36,24.649301508888385
LSD_Primary,set3_features,GPR,log,protocol_holdout,exploitation,4,42,27.68200546342704
LSD_Primary,set3_features,GPR,log,protocol_holdout,exploitation,4,48,23.63629418901104
LSD_Primary,set3_features,GPR,log,protocol_holdout,exploitation,4,54,23.70727284598378
LSD_Primary,set3_features,GPR,log,protocol_holdout,exploitation,4,58,21.17230382566997
LSD_Primary,set3_features,GPR,log,protocol_holdout,exploitation,5,6,76.34676827621728
LSD_Primary,set3_features,GPR,log,protocol_holdout,exploitation,5,12,83.747252544212
LSD_Primary,set3_features,GPR,log,protocol_holdout,exploitation,5,18,75.44273424087649
LSD_Primary,set3_features,GPR,log,protocol_holdout,exploitation,5,24,83.9841379648156
LSD_Primary,set3_features,GPR,log,protocol_holdout,exploitation,5,30,108.604914791936
LSD_Primary,set3_features,GPR,log,protocol_holdout,exploitation,5,36,101.98897974357736
LSD_Primary,set3_features,GPR,log,protocol_holdout,exploitation,5,42,100.75013461274304
LSD_Primary,set3_features,GPR,log,protocol_holdout,exploitation,5,48,49.94763190273508
LSD_Primary,set3_features,GPR,log,protocol_holdout,exploitation,5,54,48.15291500387109
LSD_Primary,set3_features,GPR,log,protocol_holdout,exploitation,5,58,48.65379289250063
LSD_Primary,set3_features,GPR,log,protocol_holdout,exploitation,6,6,105.1814552351538
LSD_Primary,set3_features,GPR,log,protocol_holdout,exploitation,6,12,149.021518989269
LSD_Primary,set3_features,GPR,log,protocol_holdout,exploitation,6,18,97.0608962053518
LSD_Primary,set3_features,GPR,log,protocol_holdout,exploitation,6,24,71.24322793828496
LSD_Primary,set3_features,GPR,log,protocol_holdout,exploitation,6,30,68.92508202234598
LSD_Primary,set3_features,GPR,log,protocol_holdout,exploitation,6,36,68.68000090701129
LSD_Primary,set3_features,GPR,log,protocol_holdout,exploitation,6,42,76.94909025013862
LSD_Primary,set3_features,GPR,log,protocol_holdout,exploitation,6,48,71.84450308608787
LSD_Primary,set3_features,GPR,log,protocol_holdout,exploitation,6,54,44.43629199983583
LSD_Primary,set3_features,GPR,log,protocol_holdout,exploitation,6,58,44.255445466633056
LSD_Primary,set3_features,GPR,log,protocol_holdout,exploitation,7,6,107.64131481281028
LSD_Primary,set3_features,GPR,log,protocol_holdout,exploitation,7,12,89.40101055220056
LSD_Primary,set3_features,GPR,log,protocol_holdout,exploitation,7,18,119.87729831020184
LSD_Primary,set3_features,GPR,log,protocol_holdout,exploitation,7,24,66.1032102307152
LSD_Primary,set3_features,GPR,log,protocol_holdout,exploitation,7,30,60.69806762235709
LSD_Primary,set3_features,GPR,log,protocol_holdout,exploitation,7,36,62.63393837768698
LSD_Primary,set3_features,GPR,log,protocol_holdout,exploitation,7,42,63.483703340120336
LSD_Primary,set3_features,GPR,log,protocol_holdout,exploitation,7,48,55.19492841851756
LSD_Primary,set3_features,GPR,log,protocol_holdout,exploitation,7,54,51.10416390211162
LSD_Primary,set3_features,GPR,log,protocol_holdout,exploitation,7,58,49.93942292581763
LSD_Primary,set3_features,GPR,log,protocol_holdout,exploitation,8,6,205.7016380997584
LSD_Primary,set3_features,GPR,log,protocol_holdout,exploitation,8,12,209.78591062240395
LSD_Primary,set3_features,GPR,log,protocol_holdout,exploitation,8,18,184.62161840076067
LSD_Primary,set3_features,GPR,log,protocol_holdout,exploitation,8,24,60.98517638772319
LSD_Primary,set3_features,GPR,log,protocol_holdout,exploitation,8,30,69.33451157455667
LSD_Primary,set3_features,GPR,log,protocol_holdout,exploitation,8,36,69.23027246147588
LSD_Primary,set3_features,GPR,log,protocol_holdout,exploitation,8,42,65.42086088601879
LSD_Primary,set3_features,GPR,log,protocol_holdout,exploitation,8,48,56.47457374049547
LSD_Primary,set3_features,GPR,log,protocol_holdout,exploitation,8,54,54.59528406115146
LSD_Primary,set3_features,GPR,log,protocol_holdout,exploitation,8,58,53.2048891370801
LSD_Primary,set3_features,GPR,log,protocol_holdout,exploitation,9,6,27.108066711821262
LSD_Primary,set3_features,GPR,log,protocol_holdout,exploitation,9,12,29.60587745954536
LSD_Primary,set3_features,GPR,log,protocol_holdout,exploitation,9,18,35.39109810442606
LSD_Primary,set3_features,GPR,log,protocol_holdout,exploitation,9,24,27.8894931086902
LSD_Primary,set3_features,GPR,log,protocol_holdout,exploitation,9,30,24.38347310674685
LSD_Primary,set3_features,GPR,log,protocol_holdout,exploitation,9,36,24.97262478970405
LSD_Primary,set3_features,GPR,log,protocol_holdout,exploitation,9,42,23.12183325989293
LSD_Primary,set3_features,GPR,log,protocol_holdout,exploitation,9,48,25.67728428167903
LSD_Primary,set3_features,GPR,log,protocol_holdout,exploitation,9,54,27.157225157088288
LSD_Primary,set3_features,GPR,log,protocol_holdout,exploitation,9,58,26.59841931204148
LSD_Primary,set3_features,GPR,log,protocol_holdout,exploitation,10,6,120.24537037517544
LSD_Primary,set3_features,GPR,log,protocol_holdout,exploitation,10,12,123.48395147139138
LSD_Primary,set3_features,GPR,log,protocol_holdout,exploitation,10,18,146.20242981222555
LSD_Primary,set3_features,GPR,log,protocol_holdout,exploitation,10,24,163.3241862687986
LSD_Primary,set3_features,GPR,log,protocol_holdout,exploitation,10,30,155.63035027931087
LSD_Primary,set3_features,GPR,log,protocol_holdout,exploitation,10,36,155.18761627677625
LSD_Primary,set3_features,GPR,log,protocol_holdout,exploitation,10,42,171.02031656906524
LSD_Primary,set3_features,GPR,log,protocol_holdout,exploitation,10,48,88.81185497690717
LSD_Primary,set3_features,GPR,log,protocol_holdout,exploitation,10,54,81.13536035050109
LSD_Primary,set3_features,GPR,log,protocol_holdout,exploitation,10,58,81.7999061581472
LSD_Primary,set3_features,GPR,log,protocol_holdout,hybrid,1,6,108.31634985014976
LSD_Primary,set3_features,GPR,log,protocol_holdout,hybrid,1,12,50.4512282957414
LSD_Primary,set3_features,GPR,log,protocol_holdout,hybrid,1,18,48.68574880732333
LSD_Primary,set3_features,GPR,log,protocol_holdout,hybrid,1,24,44.65298497750583
LSD_Primary,set3_features,GPR,log,protocol_holdout,hybrid,1,30,43.48375216714109
LSD_Primary,set3_features,GPR,log,protocol_holdout,hybrid,1,36,43.67856242231858
LSD_Primary,set3_features,GPR,log,protocol_holdout,hybrid,1,42,45.560103158881695
LSD_Primary,set3_features,GPR,log,protocol_holdout,hybrid,1,48,44.11031036333552
LSD_Primary,set3_features,GPR,log,protocol_holdout,hybrid,1,54,45.77411261047277
LSD_Primary,set3_features,GPR,log,protocol_holdout,hybrid,1,58,45.68572802209113
LSD_Primary,set3_features,GPR,log,protocol_holdout,hybrid,2,6,38.23547941379993
LSD_Primary,set3_features,GPR,log,protocol_holdout,hybrid,2,12,33.608148322541886
LSD_Primary,set3_features,GPR,log,protocol_holdout,hybrid,2,18,29.556745544459528
LSD_Primary,set3_features,GPR,log,protocol_holdout,hybrid,2,24,24.03178320657143
LSD_Primary,set3_features,GPR,log,protocol_holdout,hybrid,2,30,23.64736535400082
LSD_Primary,set3_features,GPR,log,protocol_holdout,hybrid,2,36,21.805294550725822
LSD_Primary,set3_features,GPR,log,protocol_holdout,hybrid,2,42,21.63217073483948
LSD_Primary,set3_features,GPR,log,protocol_holdout,hybrid,2,48,21.37143652670884
LSD_Primary,set3_features,GPR,log,protocol_holdout,hybrid,2,54,21.16509786953287
LSD_Primary,set3_features,GPR,log,protocol_holdout,hybrid,2,58,21.43473094069221
LSD_Primary,set3_features,GPR,log,protocol_holdout,hybrid,3,6,25.709272784774694
LSD_Primary,set3_features,GPR,log,protocol_holdout,hybrid,3,12,22.85855645084346
LSD_Primary,set3_features,GPR,log,protocol_holdout,hybrid,3,18,19.31666353153423
LSD_Primary,set3_features,GPR,log,protocol_holdout,hybrid,3,24,18.33833604932824
LSD_Primary,set3_features,GPR,log,protocol_holdout,hybrid,3,30,19.383294341502896
LSD_Primary,set3_features,GPR,log,protocol_holdout,hybrid,3,36,19.36351293942524
LSD_Primary,set3_features,GPR,log,protocol_holdout,hybrid,3,42,18.39156743657297
LSD_Primary,set3_features,GPR,log,protocol_holdout,hybrid,3,48,20.411179271322126
LSD_Primary,set3_features,GPR,log,protocol_holdout,hybrid,3,54,20.10408607214947
LSD_Primary,set3_features,GPR,log,protocol_holdout,hybrid,3,58,21.133394589512854
LSD_Primary,set3_features,GPR,log,protocol_holdout,hybrid,4,6,39.70611246519958
LSD_Primary,set3_features,GPR,log,protocol_holdout,hybrid,4,12,37.85698855157618
LSD_Primary,set3_features,GPR,log,protocol_holdout,hybrid,4,18,25.46605552918053
LSD_Primary,set3_features,GPR,log,protocol_holdout,hybrid,4,24,25.348696302999794
LSD_Primary,set3_features,GPR,log,protocol_holdout,hybrid,4,30,23.678042268045647
LSD_Primary,set3_features,GPR,log,protocol_holdout,hybrid,4,36,25.06537026784509
LSD_Primary,set3_features,GPR,log,protocol_holdout,hybrid,4,42,23.627677156468003
LSD_Primary,set3_features,GPR,log,protocol_holdout,hybrid,4,48,22.312001529072933
LSD_Primary,set3_features,GPR,log,protocol_holdout,hybrid,4,54,21.28280639504268
LSD_Primary,set3_features,GPR,log,protocol_holdout,hybrid,4,58,21.17230382566997
LSD_Primary,set3_features,GPR,log,protocol_holdout,hybrid,5,6,76.34676827621728
LSD_Primary,set3_features,GPR,log,protocol_holdout,hybrid,5,12,35.492316663714064
LSD_Primary,set3_features,GPR,log,protocol_holdout,hybrid,5,18,41.118432857175655
LSD_Primary,set3_features,GPR,log,protocol_holdout,hybrid,5,24,41.83029337272413
LSD_Primary,set3_features,GPR,log,protocol_holdout,hybrid,5,30,38.765548137835
LSD_Primary,set3_features,GPR,log,protocol_holdout,hybrid,5,36,44.7842393705607
LSD_Primary,set3_features,GPR,log,protocol_holdout,hybrid,5,42,44.31550821039002
LSD_Primary,set3_features,GPR,log,protocol_holdout,hybrid,5,48,44.79086504509261
LSD_Primary,set3_features,GPR,log,protocol_holdout,hybrid,5,54,46.92914537302465
LSD_Primary,set3_features,GPR,log,protocol_holdout,hybrid,5,58,48.65379289250063
LSD_Primary,set3_features,GPR,log,protocol_holdout,hybrid,6,6,105.1814552351538
LSD_Primary,set3_features,GPR,log,protocol_holdout,hybrid,6,12,31.69106397924536
LSD_Primary,set3_features,GPR,log,protocol_holdout,hybrid,6,18,42.46116008516713
LSD_Primary,set3_features,GPR,log,protocol_holdout,hybrid,6,24,40.92427531956112
LSD_Primary,set3_features,GPR,log,protocol_holdout,hybrid,6,30,37.79158805258118
LSD_Primary,set3_features,GPR,log,protocol_holdout,hybrid,6,36,38.25392485448295
LSD_Primary,set3_features,GPR,log,protocol_holdout,hybrid,6,42,40.79497734794239
LSD_Primary,set3_features,GPR,log,protocol_holdout,hybrid,6,48,41.01754601582518
LSD_Primary,set3_features,GPR,log,protocol_holdout,hybrid,6,54,40.647350946706496
LSD_Primary,set3_features,GPR,log,protocol_holdout,hybrid,6,58,44.255445466633056
LSD_Primary,set3_features,GPR,log,protocol_holdout,hybrid,7,6,107.64131481281028
LSD_Primary,set3_features,GPR,log,protocol_holdout,hybrid,7,12,50.83279478228626
LSD_Primary,set3_features,GPR,log,protocol_holdout,hybrid,7,18,50.58391965130896
LSD_Primary,set3_features,GPR,log,protocol_holdout,hybrid,7,24,49.18349457368231
LSD_Primary,set3_features,GPR,log,protocol_holdout,hybrid,7,30,49.84295436124636
LSD_Primary,set3_features,GPR,log,protocol_holdout,hybrid,7,36,47.93459388576483
LSD_Primary,set3_features,GPR,log,protocol_holdout,hybrid,7,42,53.00092110008017
LSD_Primary,set3_features,GPR,log,protocol_holdout,hybrid,7,48,50.58607681597208
LSD_Primary,set3_features,GPR,log,protocol_holdout,hybrid,7,54,50.90141361971817
LSD_Primary,set3_features,GPR,log,protocol_holdout,hybrid,7,58,49.93942292581763
LSD_Primary,set3_features,GPR,log,protocol_holdout,hybrid,8,6,205.7016380997584
LSD_Primary,set3_features,GPR,log,protocol_holdout,hybrid,8,12,48.13867875040232
LSD_Primary,set3_features,GPR,log,protocol_holdout,hybrid,8,18,44.12220568384102
LSD_Primary,set3_features,GPR,log,protocol_holdout,hybrid,8,24,37.28618269208222
LSD_Primary,set3_features,GPR,log,protocol_holdout,hybrid,8,30,34.811160728039454
LSD_Primary,set3_features,GPR,log,protocol_holdout,hybrid,8,36,65.56760975870597
LSD_Primary,set3_features,GPR,log,protocol_holdout,hybrid,8,42,41.58835732244343
LSD_Primary,set3_features,GPR,log,protocol_holdout,hybrid,8,48,50.17162026034158
LSD_Primary,set3_features,GPR,log,protocol_holdout,hybrid,8,54,51.013853574395554
LSD_Primary,set3_features,GPR,log,protocol_holdout,hybrid,8,58,53.2048891370801
LSD_Primary,set3_features,GPR,log,protocol_holdout,hybrid,9,6,27.108066711821262
LSD_Primary,set3_features,GPR,log,protocol_holdout,hybrid,9,12,34.055209631444846
LSD_Primary,set3_features,GPR,log,protocol_holdout,hybrid,9,18,23.59810563694472
LSD_Primary,set3_features,GPR,log,protocol_holdout,hybrid,9,24,26.689218156783333
LSD_Primary,set3_features,GPR,log,protocol_holdout,hybrid,9,30,24.02419763578195
LSD_Primary,set3_features,GPR,log,protocol_holdout,hybrid,9,36,23.38052010544501
LSD_Primary,set3_features,GPR,log,protocol_holdout,hybrid,9,42,23.031174356727284
LSD_Primary,set3_features,GPR,log,protocol_holdout,hybrid,9,48,23.26792758461376
LSD_Primary,set3_features,GPR,log,protocol_holdout,hybrid,9,54,24.40563773023832
LSD_Primary,set3_features,GPR,log,protocol_holdout,hybrid,9,58,26.59841931204148
LSD_Primary,set3_features,GPR,log,protocol_holdout,hybrid,10,6,120.24537037517544
LSD_Primary,set3_features,GPR,log,protocol_holdout,hybrid,10,12,52.68745507153415
LSD_Primary,set3_features,GPR,log,protocol_holdout,hybrid,10,18,59.3105876574363
LSD_Primary,set3_features,GPR,log,protocol_holdout,hybrid,10,24,61.2775630848821
LSD_Primary,set3_features,GPR,log,protocol_holdout,hybrid,10,30,65.2333465314637
LSD_Primary,set3_features,GPR,log,protocol_holdout,hybrid,10,36,68.66875863528958
LSD_Primary,set3_features,GPR,log,protocol_holdout,hybrid,10,42,69.94252039409233
LSD_Primary,set3_features,GPR,log,protocol_holdout,hybrid,10,48,76.0265055007521
LSD_Primary,set3_features,GPR,log,protocol_holdout,hybrid,10,54,79.55052641526582
LSD_Primary,set3_features,GPR,log,protocol_holdout,hybrid,10,58,81.7999061581472
LSD_Second,set3_features,GPR,log,protocol_holdout,random_selection,1,6,71.42612552175433
LSD_Second,set3_features,GPR,log,protocol_holdout,random_selection,1,12,30.55141362127708
LSD_Second,set3_features,GPR,log,protocol_holdout,random_selection,1,18,21.459754322727203
LSD_Second,set3_features,GPR,log,protocol_holdout,random_selection,1,24,20.4105642446474
LSD_Second,set3_features,GPR,log,protocol_holdout,random_selection,1,30,25.082885673387896
LSD_Second,set3_features,GPR,log,protocol_holdout,random_selection,1,36,23.25312193876472
LSD_Second,set3_features,GPR,log,protocol_holdout,random_selection,1,42,18.3114332287665
LSD_Second,set3_features,GPR,log,protocol_holdout,random_selection,1,48,16.220776384942976
LSD_Second,set3_features,GPR,log,protocol_holdout,random_selection,1,54,16.339095961210305
LSD_Second,set3_features,GPR,log,protocol_holdout,random_selection,1,58,18.16588714358108
LSD_Second,set3_features,GPR,log,protocol_holdout,random_selection,2,6,25.24179766796185
LSD_Second,set3_features,GPR,log,protocol_holdout,random_selection,2,12,14.104875293602138
LSD_Second,set3_features,GPR,log,protocol_holdout,random_selection,2,18,14.78722843873692
LSD_Second,set3_features,GPR,log,protocol_holdout,random_selection,2,24,16.85055164078357
LSD_Second,set3_features,GPR,log,protocol_holdout,random_selection,2,30,15.530932210759552
LSD_Second,set3_features,GPR,log,protocol_holdout,random_selection,2,36,14.863057748887782
LSD_Second,set3_features,GPR,log,protocol_holdout,random_selection,2,42,13.8637737253141
LSD_Second,set3_features,GPR,log,protocol_holdout,random_selection,2,48,11.183540504647418
LSD_Second,set3_features,GPR,log,protocol_holdout,random_selection,2,54,12.118921051523936
LSD_Second,set3_features,GPR,log,protocol_holdout,random_selection,2,58,10.316173764348347
LSD_Second,set3_features,GPR,log,protocol_holdout,random_selection,3,6,22.62261784855884
LSD_Second,set3_features,GPR,log,protocol_holdout,random_selection,3,12,26.98290382117881
LSD_Second,set3_features,GPR,log,protocol_holdout,random_selection,3,18,20.27361168192717
LSD_Second,set3_features,GPR,log,protocol_holdout,random_selection,3,24,23.055795740027595
LSD_Second,set3_features,GPR,log,protocol_holdout,random_selection,3,30,22.90687014589537
LSD_Second,set3_features,GPR,log,protocol_holdout,random_selection,3,36,19.77337052358984
LSD_Second,set3_features,GPR,log,protocol_holdout,random_selection,3,42,19.8343110970473
LSD_Second,set3_features,GPR,log,protocol_holdout,random_selection,3,48,19.600238490349387
LSD_Second,set3_features,GPR,log,protocol_holdout,random_selection,3,54,15.946267398885253
LSD_Second,set3_features,GPR,log,protocol_holdout,random_selection,3,58,14.407145962907956
LSD_Second,set3_features,GPR,log,protocol_holdout,random_selection,4,6,26.076196252207108
LSD_Second,set3_features,GPR,log,protocol_holdout,random_selection,4,12,13.465699338244026
LSD_Second,set3_features,GPR,log,protocol_holdout,random_selection,4,18,16.73224492399986
LSD_Second,set3_features,GPR,log,protocol_holdout,random_selection,4,24,17.22267594973418
LSD_Second,set3_features,GPR,log,protocol_holdout,random_selection,4,30,22.181702456479165
LSD_Second,set3_features,GPR,log,protocol_holdout,random_selection,4,36,18.839318047761672
LSD_Second,set3_features,GPR,log,protocol_holdout,random_selection,4,42,18.4588332318568
LSD_Second,set3_features,GPR,log,protocol_holdout,random_selection,4,48,17.353855417946278
LSD_Second,set3_features,GPR,log,protocol_holdout,random_selection,4,54,18.07106372306053
LSD_Second,set3_features,GPR,log,protocol_holdout,random_selection,4,58,19.2159305594528
LSD_Second,set3_features,GPR,log,protocol_holdout,random_selection,5,6,30.628814811123483
LSD_Second,set3_features,GPR,log,protocol_holdout,random_selection,5,12,25.30018468873968
LSD_Second,set3_features,GPR,log,protocol_holdout,random_selection,5,18,25.294584384979817
LSD_Second,set3_features,GPR,log,protocol_holdout,random_selection,5,24,23.05234390253337
LSD_Second,set3_features,GPR,log,protocol_holdout,random_selection,5,30,23.112071704535182
LSD_Second,set3_features,GPR,log,protocol_holdout,random_selection,5,36,22.42965245077097
LSD_Second,set3_features,GPR,log,protocol_holdout,random_selection,5,42,22.47544506978309
LSD_Second,set3_features,GPR,log,protocol_holdout,random_selection,5,48,21.12507611139557
LSD_Second,set3_features,GPR,log,protocol_holdout,random_selection,5,54,17.330477366865495
LSD_Second,set3_features,GPR,log,protocol_holdout,random_selection,5,58,15.74726704145934
LSD_Second,set3_features,GPR,log,protocol_holdout,random_selection,6,6,32.66841813235484
LSD_Second,set3_features,GPR,log,protocol_holdout,random_selection,6,12,38.02412121931665
LSD_Second,set3_features,GPR,log,protocol_holdout,random_selection,6,18,28.37114706714709
LSD_Second,set3_features,GPR,log,protocol_holdout,random_selection,6,24,36.95897301751257
LSD_Second,set3_features,GPR,log,protocol_holdout,random_selection,6,30,29.594832670267856
LSD_Second,set3_features,GPR,log,protocol_holdout,random_selection,6,36,19.46253918911445
LSD_Second,set3_features,GPR,log,protocol_holdout,random_selection,6,42,10.78433622514346
LSD_Second,set3_features,GPR,log,protocol_holdout,random_selection,6,48,14.048211414854784
LSD_Second,set3_features,GPR,log,protocol_holdout,random_selection,6,54,15.472044331373066
LSD_Second,set3_features,GPR,log,protocol_holdout,random_selection,6,58,16.613013134461532
LSD_Second,set3_features,GPR,log,protocol_holdout,random_selection,7,6,52.100773811144826
LSD_Second,set3_features,GPR,log,protocol_holdout,random_selection,7,12,29.45942087916188
LSD_Second,set3_features,GPR,log,protocol_holdout,random_selection,7,18,14.811663639550328
LSD_Second,set3_features,GPR,log,protocol_holdout,random_selection,7,24,14.149858576518588
LSD_Second,set3_features,GPR,log,protocol_holdout,random_selection,7,30,31.30358121530336
LSD_Second,set3_features,GPR,log,protocol_holdout,random_selection,7,36,19.480102503087515
LSD_Second,set3_features,GPR,log,protocol_holdout,random_selection,7,42,19.31878719219072
LSD_Second,set3_features,GPR,log,protocol_holdout,random_selection,7,48,15.915323589556005
LSD_Second,set3_features,GPR,log,protocol_holdout,random_selection,7,54,17.84804994360374
LSD_Second,set3_features,GPR,log,protocol_holdout,random_selection,7,58,17.711734126070553
LSD_Second,set3_features,GPR,log,protocol_holdout,random_selection,8,6,33.259792310437895
LSD_Second,set3_features,GPR,log,protocol_holdout,random_selection,8,12,29.52956167947061
LSD_Second,set3_features,GPR,log,protocol_holdout,random_selection,8,18,33.154060320486835
LSD_Second,set3_features,GPR,log,protocol_holdout,random_selection,8,24,30.49580972574573
LSD_Second,set3_features,GPR,log,protocol_holdout,random_selection,8,30,21.440470364269075
LSD_Second,set3_features,GPR,log,protocol_holdout,random_selection,8,36,20.84934990452924
LSD_Second,set3_features,GPR,log,protocol_holdout,random_selection,8,42,21.500692945576443
LSD_Second,set3_features,GPR,log,protocol_holdout,random_selection,8,48,22.638565345887045
LSD_Second,set3_features,GPR,log,protocol_holdout,random_selection,8,54,21.971056733707822
LSD_Second,set3_features,GPR,log,protocol_holdout,random_selection,8,58,22.024205634695576
LSD_Second,set3_features,GPR,log,protocol_holdout,random_selection,9,6,27.247474475053927
LSD_Second,set3_features,GPR,log,protocol_holdout,random_selection,9,12,31.235273837427425
LSD_Second,set3_features,GPR,log,protocol_holdout,random_selection,9,18,29.48484411203052
LSD_Second,set3_features,GPR,log,protocol_holdout,random_selection,9,24,22.54732677875461
LSD_Second,set3_features,GPR,log,protocol_holdout,random_selection,9,30,20.218347324275427
LSD_Second,set3_features,GPR,log,protocol_holdout,random_selection,9,36,18.083667068615064
LSD_Second,set3_features,GPR,log,protocol_holdout,random_selection,9,42,18.53477435845848
LSD_Second,set3_features,GPR,log,protocol_holdout,random_selection,9,48,18.506478742498064
LSD_Second,set3_features,GPR,log,protocol_holdout,random_selection,9,54,15.63805840843466
LSD_Second,set3_features,GPR,log,protocol_holdout,random_selection,9,58,15.935440836575296
LSD_Second,set3_features,GPR,log,protocol_holdout,random_selection,10,6,25.88345054708997
LSD_Second,set3_features,GPR,log,protocol_holdout,random_selection,10,12,25.38408654359428
LSD_Second,set3_features,GPR,log,protocol_holdout,random_selection,10,18,21.51556792272574
LSD_Second,set3_features,GPR,log,protocol_holdout,random_selection,10,24,21.05876837371329
LSD_Second,set3_features,GPR,log,protocol_holdout,random_selection,10,30,22.10718431234387
LSD_Second,set3_features,GPR,log,protocol_holdout,random_selection,10,36,23.974720812136283
LSD_Second,set3_features,GPR,log,protocol_holdout,random_selection,10,42,24.13665959693633
LSD_Second,set3_features,GPR,log,protocol_holdout,random_selection,10,48,23.970948083417166
LSD_Second,set3_features,GPR,log,protocol_holdout,random_selection,10,54,23.61857065867845
LSD_Second,set3_features,GPR,log,protocol_holdout,random_selection,10,58,23.72445385381941
LSD_Second,set3_features,GPR,log,protocol_holdout,diversity_oneshot,1,6,18.449674817780583
LSD_Second,set3_features,GPR,log,protocol_holdout,diversity_oneshot,1,12,69.67650411428279
LSD_Second,set3_features,GPR,log,protocol_holdout,diversity_oneshot,1,18,30.45323419953558
LSD_Second,set3_features,GPR,log,protocol_holdout,diversity_oneshot,1,24,22.839580579195992
LSD_Second,set3_features,GPR,log,protocol_holdout,diversity_oneshot,1,30,20.13859318679361
LSD_Second,set3_features,GPR,log,protocol_holdout,diversity_oneshot,1,36,18.55103604032968
LSD_Second,set3_features,GPR,log,protocol_holdout,diversity_oneshot,1,42,20.825209919594
LSD_Second,set3_features,GPR,log,protocol_holdout,diversity_oneshot,1,48,19.56615668989037
LSD_Second,set3_features,GPR,log,protocol_holdout,diversity_oneshot,1,54,18.24651257957621
LSD_Second,set3_features,GPR,log,protocol_holdout,diversity_oneshot,1,58,18.16588714358108
LSD_Second,set3_features,GPR,log,protocol_holdout,diversity_oneshot,2,6,65.92474864924412
LSD_Second,set3_features,GPR,log,protocol_holdout,diversity_oneshot,2,12,12.809037389064724
LSD_Second,set3_features,GPR,log,protocol_holdout,diversity_oneshot,2,18,14.052071954979464
LSD_Second,set3_features,GPR,log,protocol_holdout,diversity_oneshot,2,24,12.111373166972369
LSD_Second,set3_features,GPR,log,protocol_holdout,diversity_oneshot,2,30,15.226327771822412
LSD_Second,set3_features,GPR,log,protocol_holdout,diversity_oneshot,2,36,13.961634520473217
LSD_Second,set3_features,GPR,log,protocol_holdout,diversity_oneshot,2,42,13.772398590898046
LSD_Second,set3_features,GPR,log,protocol_holdout,diversity_oneshot,2,48,12.451103384683512
LSD_Second,set3_features,GPR,log,protocol_holdout,diversity_oneshot,2,54,12.073741648720658
LSD_Second,set3_features,GPR,log,protocol_holdout,diversity_oneshot,2,58,10.316173764348347
LSD_Second,set3_features,GPR,log,protocol_holdout,diversity_oneshot,3,6,30.7627924713226
LSD_Second,set3_features,GPR,log,protocol_holdout,diversity_oneshot,3,12,18.065734272634607
LSD_Second,set3_features,GPR,log,protocol_holdout,diversity_oneshot,3,18,19.99737955588531
LSD_Second,set3_features,GPR,log,protocol_holdout,diversity_oneshot,3,24,20.457695023310936
LSD_Second,set3_features,GPR,log,protocol_holdout,diversity_oneshot,3,30,22.54717075784391
LSD_Second,set3_features,GPR,log,protocol_holdout,diversity_oneshot,3,36,20.367215752667565
LSD_Second,set3_features,GPR,log,protocol_holdout,diversity_oneshot,3,42,19.335623947297712
LSD_Second,set3_features,GPR,log,protocol_holdout,diversity_oneshot,3,48,18.88303145059343
LSD_Second,set3_features,GPR,log,protocol_holdout,diversity_oneshot,3,54,15.60063793320213
LSD_Second,set3_features,GPR,log,protocol_holdout,diversity_oneshot,3,58,14.407145962907956
LSD_Second,set3_features,GPR,log,protocol_holdout,diversity_oneshot,4,6,28.160008635851
LSD_Second,set3_features,GPR,log,protocol_holdout,diversity_oneshot,4,12,19.31282756605385
LSD_Second,set3_features,GPR,log,protocol_holdout,diversity_oneshot,4,18,24.200389703529414
LSD_Second,set3_features,GPR,log,protocol_holdout,diversity_oneshot,4,24,22.08882360128368
LSD_Second,set3_features,GPR,log,protocol_holdout,diversity_oneshot,4,30,20.186603937912714
LSD_Second,set3_features,GPR,log,protocol_holdout,diversity_oneshot,4,36,18.94622711270804
LSD_Second,set3_features,GPR,log,protocol_holdout,diversity_oneshot,4,42,17.964996850981127
LSD_Second,set3_features,GPR,log,protocol_holdout,diversity_oneshot,4,48,18.748597652228685
LSD_Second,set3_features,GPR,log,protocol_holdout,diversity_oneshot,4,54,19.03828319221856
LSD_Second,set3_features,GPR,log,protocol_holdout,diversity_oneshot,4,58,19.2159305594528
LSD_Second,set3_features,GPR,log,protocol_holdout,diversity_oneshot,5,6,30.098663782127648
LSD_Second,set3_features,GPR,log,protocol_holdout,diversity_oneshot,5,12,20.31010338149937
LSD_Second,set3_features,GPR,log,protocol_holdout,diversity_oneshot,5,18,24.91653193415866
LSD_Second,set3_features,GPR,log,protocol_holdout,diversity_oneshot,5,24,15.223763265375643
LSD_Second,set3_features,GPR,log,protocol_holdout,diversity_oneshot,5,30,21.950767064358946
LSD_Second,set3_features,GPR,log,protocol_holdout,diversity_oneshot,5,36,22.9750826593594
LSD_Second,set3_features,GPR,log,protocol_holdout,diversity_oneshot,5,42,18.86518093690152
LSD_Second,set3_features,GPR,log,protocol_holdout,diversity_oneshot,5,48,17.857702749280488
LSD_Second,set3_features,GPR,log,protocol_holdout,diversity_oneshot,5,54,17.223677052238035
LSD_Second,set3_features,GPR,log,protocol_holdout,diversity_oneshot,5,58,15.74726704145934
LSD_Second,set3_features,GPR,log,protocol_holdout,diversity_oneshot,6,6,60.393733247041126
LSD_Second,set3_features,GPR,log,protocol_holdout,diversity_oneshot,6,12,23.61966808409593
LSD_Second,set3_features,GPR,log,protocol_holdout,diversity_oneshot,6,18,12.34782040609675
LSD_Second,set3_features,GPR,log,protocol_holdout,diversity_oneshot,6,24,14.597971896820289
LSD_Second,set3_features,GPR,log,protocol_holdout,diversity_oneshot,6,30,12.333837896348934
LSD_Second,set3_features,GPR,log,protocol_holdout,diversity_oneshot,6,36,13.92537732772421
LSD_Second,set3_features,GPR,log,protocol_holdout,diversity_oneshot,6,42,14.01260204683953
LSD_Second,set3_features,GPR,log,protocol_holdout,diversity_oneshot,6,48,13.9964729715729
LSD_Second,set3_features,GPR,log,protocol_holdout,diversity_oneshot,6,54,16.97905977942705
LSD_Second,set3_features,GPR,log,protocol_holdout,diversity_oneshot,6,58,16.613013134461532
LSD_Second,set3_features,GPR,log,protocol_holdout,diversity_oneshot,7,6,42.04165661096966
LSD_Second,set3_features,GPR,log,protocol_holdout,diversity_oneshot,7,12,26.31429839175282
LSD_Second,set3_features,GPR,log,protocol_holdout,diversity_oneshot,7,18,30.22884682805184
LSD_Second,set3_features,GPR,log,protocol_holdout,diversity_oneshot,7,24,17.9058609219069
LSD_Second,set3_features,GPR,log,protocol_holdout,diversity_oneshot,7,30,24.690144968020835
LSD_Second,set3_features,GPR,log,protocol_holdout,diversity_oneshot,7,36,19.675139456252914
LSD_Second,set3_features,GPR,log,protocol_holdout,diversity_oneshot,7,42,20.93364157939143
LSD_Second,set3_features,GPR,log,protocol_holdout,diversity_oneshot,7,48,18.54540015750736
LSD_Second,set3_features,GPR,log,protocol_holdout,diversity_oneshot,7,54,17.59971879160978
LSD_Second,set3_features,GPR,log,protocol_holdout,diversity_oneshot,7,58,17.711734126070553
LSD_Second,set3_features,GPR,log,protocol_holdout,diversity_oneshot,8,6,30.563995009090405
LSD_Second,set3_features,GPR,log,protocol_holdout,diversity_oneshot,8,12,24.57492558901937
LSD_Second,set3_features,GPR,log,protocol_holdout,diversity_oneshot,8,18,26.04988155770464
LSD_Second,set3_features,GPR,log,protocol_holdout,diversity_oneshot,8,24,24.641034899170084
LSD_Second,set3_features,GPR,log,protocol_holdout,diversity_oneshot,8,30,26.93814651030856
LSD_Second,set3_features,GPR,log,protocol_holdout,diversity_oneshot,8,36,22.902887695409675
LSD_Second,set3_features,GPR,log,protocol_holdout,diversity_oneshot,8,42,25.798122844691868
LSD_Second,set3_features,GPR,log,protocol_holdout,diversity_oneshot,8,48,27.0652983709794
LSD_Second,set3_features,GPR,log,protocol_holdout,diversity_oneshot,8,54,20.660547269258167
LSD_Second,set3_features,GPR,log,protocol_holdout,diversity_oneshot,8,58,22.024205634695576
LSD_Second,set3_features,GPR,log,protocol_holdout,diversity_oneshot,9,6,26.637503942046337
LSD_Second,set3_features,GPR,log,protocol_holdout,diversity_oneshot,9,12,27.871624906672405
LSD_Second,set3_features,GPR,log,protocol_holdout,diversity_oneshot,9,18,24.21100639549237
LSD_Second,set3_features,GPR,log,protocol_holdout,diversity_oneshot,9,24,22.517472162135512
LSD_Second,set3_features,GPR,log,protocol_holdout,diversity_oneshot,9,30,19.76180845270539
LSD_Second,set3_features,GPR,log,protocol_holdout,diversity_oneshot,9,36,21.86277774294715
LSD_Second,set3_features,GPR,log,protocol_holdout,diversity_oneshot,9,42,20.91798479461524
LSD_Second,set3_features,GPR,log,protocol_holdout,diversity_oneshot,9,48,19.94572295611705
LSD_Second,set3_features,GPR,log,protocol_holdout,diversity_oneshot,9,54,16.45059075148564
LSD_Second,set3_features,GPR,log,protocol_holdout,diversity_oneshot,9,58,15.935440836575296
LSD_Second,set3_features,GPR,log,protocol_holdout,diversity_oneshot,10,6,47.79228096719941
LSD_Second,set3_features,GPR,log,protocol_holdout,diversity_oneshot,10,12,20.96286844077532
LSD_Second,set3_features,GPR,log,protocol_holdout,diversity_oneshot,10,18,27.66822190033543
LSD_Second,set3_features,GPR,log,protocol_holdout,diversity_oneshot,10,24,24.35800230922856
LSD_Second,set3_features,GPR,log,protocol_holdout,diversity_oneshot,10,30,27.488889821026667
LSD_Second,set3_features,GPR,log,protocol_holdout,diversity_oneshot,10,36,30.497394279252195
LSD_Second,set3_features,GPR,log,protocol_holdout,diversity_oneshot,10,42,24.400235990515785
LSD_Second,set3_features,GPR,log,protocol_holdout,diversity_oneshot,10,48,23.813165167331697
LSD_Second,set3_features,GPR,log,protocol_holdout,diversity_oneshot,10,54,23.096663899334555
LSD_Second,set3_features,GPR,log,protocol_holdout,diversity_oneshot,10,58,23.72445385381941
LSD_Second,set3_features,GPR,log,protocol_holdout,diversity_iterative,1,6,18.449674817780583
LSD_Second,set3_features,GPR,log,protocol_holdout,diversity_iterative,1,12,24.709223133811246
LSD_Second,set3_features,GPR,log,protocol_holdout,diversity_iterative,1,18,51.86759133002925
LSD_Second,set3_features,GPR,log,protocol_holdout,diversity_iterative,1,24,35.16598093316895
LSD_Second,set3_features,GPR,log,protocol_holdout,diversity_iterative,1,30,31.86302807651597
LSD_Second,set3_features,GPR,log,protocol_holdout,diversity_iterative,1,36,30.535360110212068
LSD_Second,set3_features,GPR,log,protocol_holdout,diversity_iterative,1,42,20.12463337259282
LSD_Second,set3_features,GPR,log,protocol_holdout,diversity_iterative,1,48,19.526896023330625
LSD_Second,set3_features,GPR,log,protocol_holdout,diversity_iterative,1,54,18.798187016748766
LSD_Second,set3_features,GPR,log,protocol_holdout,diversity_iterative,1,58,18.16588714358108
LSD_Second,set3_features,GPR,log,protocol_holdout,diversity_iterative,2,6,65.92474864924412
LSD_Second,set3_features,GPR,log,protocol_holdout,diversity_iterative,2,12,21.42626328916212
LSD_Second,set3_features,GPR,log,protocol_holdout,diversity_iterative,2,18,31.66318729201078
LSD_Second,set3_features,GPR,log,protocol_holdout,diversity_iterative,2,24,20.12610592149044
LSD_Second,set3_features,GPR,log,protocol_holdout,diversity_iterative,2,30,19.58504016935116
LSD_Second,set3_features,GPR,log,protocol_holdout,diversity_iterative,2,36,10.46220112697255
LSD_Second,set3_features,GPR,log,protocol_holdout,diversity_iterative,2,42,10.435065943561096
LSD_Second,set3_features,GPR,log,protocol_holdout,diversity_iterative,2,48,10.54689318605738
LSD_Second,set3_features,GPR,log,protocol_holdout,diversity_iterative,2,54,10.103740246788764
LSD_Second,set3_features,GPR,log,protocol_holdout,diversity_iterative,2,58,10.316173764348347
LSD_Second,set3_features,GPR,log,protocol_holdout,diversity_iterative,3,6,30.7627924713226
LSD_Second,set3_features,GPR,log,protocol_holdout,diversity_iterative,3,12,23.81403987379533
LSD_Second,set3_features,GPR,log,protocol_holdout,diversity_iterative,3,18,23.11359915574053
LSD_Second,set3_features,GPR,log,protocol_holdout,diversity_iterative,3,24,24.24844121280768
LSD_Second,set3_features,GPR,log,protocol_holdout,diversity_iterative,3,30,19.20305227710872
LSD_Second,set3_features,GPR,log,protocol_holdout,diversity_iterative,3,36,19.104880741246017
LSD_Second,set3_features,GPR,log,protocol_holdout,diversity_iterative,3,42,19.032828503930748
LSD_Second,set3_features,GPR,log,protocol_holdout,diversity_iterative,3,48,16.830803376312083
LSD_Second,set3_features,GPR,log,protocol_holdout,diversity_iterative,3,54,13.936386906127746
LSD_Second,set3_features,GPR,log,protocol_holdout,diversity_iterative,3,58,14.407145962907956
LSD_Second,set3_features,GPR,log,protocol_holdout,diversity_iterative,4,6,28.160008635851
LSD_Second,set3_features,GPR,log,protocol_holdout,diversity_iterative,4,12,24.295872052211514
LSD_Second,set3_features,GPR,log,protocol_holdout,diversity_iterative,4,18,18.036950623914752
LSD_Second,set3_features,GPR,log,protocol_holdout,diversity_iterative,4,24,18.573273311683018
LSD_Second,set3_features,GPR,log,protocol_holdout,diversity_iterative,4,30,20.04697401026317
LSD_Second,set3_features,GPR,log,protocol_holdout,diversity_iterative,4,36,20.897079845596807
LSD_Second,set3_features,GPR,log,protocol_holdout,diversity_iterative,4,42,18.186115823299147
LSD_Second,set3_features,GPR,log,protocol_holdout,diversity_iterative,4,48,21.86427073316848
LSD_Second,set3_features,GPR,log,protocol_holdout,diversity_iterative,4,54,19.51204143647973
LSD_Second,set3_features,GPR,log,protocol_holdout,diversity_iterative,4,58,19.2159305594528
LSD_Second,set3_features,GPR,log,protocol_holdout,diversity_iterative,5,6,30.098663782127648
LSD_Second,set3_features,GPR,log,protocol_holdout,diversity_iterative,5,12,29.189064274224
LSD_Second,set3_features,GPR,log,protocol_holdout,diversity_iterative,5,18,17.128380641555736
LSD_Second,set3_features,GPR,log,protocol_holdout,diversity_iterative,5,24,22.77567625311596
LSD_Second,set3_features,GPR,log,protocol_holdout,diversity_iterative,5,30,22.508185843293912
LSD_Second,set3_features,GPR,log,protocol_holdout,diversity_iterative,5,36,22.369231715980703
LSD_Second,set3_features,GPR,log,protocol_holdout,diversity_iterative,5,42,20.54385239325189
LSD_Second,set3_features,GPR,log,protocol_holdout,diversity_iterative,5,48,19.492142776410187
LSD_Second,set3_features,GPR,log,protocol_holdout,diversity_iterative,5,54,13.981758991088814
LSD_Second,set3_features,GPR,log,protocol_holdout,diversity_iterative,5,58,15.74726704145934
LSD_Second,set3_features,GPR,log,protocol_holdout,diversity_iterative,6,6,60.393733247041126
LSD_Second,set3_features,GPR,log,protocol_holdout,diversity_iterative,6,12,35.90930344300013
LSD_Second,set3_features,GPR,log,protocol_holdout,diversity_iterative,6,18,17.283590159938697
LSD_Second,set3_features,GPR,log,protocol_holdout,diversity_iterative,6,24,14.891488765698718
LSD_Second,set3_features,GPR,log,protocol_holdout,diversity_iterative,6,30,17.53303413459174
LSD_Second,set3_features,GPR,log,protocol_holdout,diversity_iterative,6,36,14.242721715624937
LSD_Second,set3_features,GPR,log,protocol_holdout,diversity_iterative,6,42,18.79626198697924
LSD_Second,set3_features,GPR,log,protocol_holdout,diversity_iterative,6,48,19.62623665924256
LSD_Second,set3_features,GPR,log,protocol_holdout,diversity_iterative,6,54,14.721883417833794
LSD_Second,set3_features,GPR,log,protocol_holdout,diversity_iterative,6,58,16.613013134461532
LSD_Second,set3_features,GPR,log,protocol_holdout,diversity_iterative,7,6,42.04165661096966
LSD_Second,set3_features,GPR,log,protocol_holdout,diversity_iterative,7,12,38.69293221186897
LSD_Second,set3_features,GPR,log,protocol_holdout,diversity_iterative,7,18,21.06023192132633
LSD_Second,set3_features,GPR,log,protocol_holdout,diversity_iterative,7,24,23.10223293505557
LSD_Second,set3_features,GPR,log,protocol_holdout,diversity_iterative,7,30,21.147258929085385
LSD_Second,set3_features,GPR,log,protocol_holdout,diversity_iterative,7,36,23.73517654412987
LSD_Second,set3_features,GPR,log,protocol_holdout,diversity_iterative,7,42,20.59705798522664
LSD_Second,set3_features,GPR,log,protocol_holdout,diversity_iterative,7,48,19.46586447648852
LSD_Second,set3_features,GPR,log,protocol_holdout,diversity_iterative,7,54,17.90491500597945
LSD_Second,set3_features,GPR,log,protocol_holdout,diversity_iterative,7,58,17.711734126070553
LSD_Second,set3_features,GPR,log,protocol_holdout,diversity_iterative,8,6,30.563995009090405
LSD_Second,set3_features,GPR,log,protocol_holdout,diversity_iterative,8,12,33.99777183743176
LSD_Second,set3_features,GPR,log,protocol_holdout,diversity_iterative,8,18,30.058723116219944
LSD_Second,set3_features,GPR,log,protocol_holdout,diversity_iterative,8,24,22.62822991492892
LSD_Second,set3_features,GPR,log,protocol_holdout,diversity_iterative,8,30,18.74432934216121
LSD_Second,set3_features,GPR,log,protocol_holdout,diversity_iterative,8,36,20.33175620889968
LSD_Second,set3_features,GPR,log,protocol_holdout,diversity_iterative,8,42,19.20607318894757
LSD_Second,set3_features,GPR,log,protocol_holdout,diversity_iterative,8,48,21.02803286180472
LSD_Second,set3_features,GPR,log,protocol_holdout,diversity_iterative,8,54,20.80760800877936
LSD_Second,set3_features,GPR,log,protocol_holdout,diversity_iterative,8,58,22.024205634695576
LSD_Second,set3_features,GPR,log,protocol_holdout,diversity_iterative,9,6,26.637503942046337
LSD_Second,set3_features,GPR,log,protocol_holdout,diversity_iterative,9,12,25.37890286607628
LSD_Second,set3_features,GPR,log,protocol_holdout,diversity_iterative,9,18,22.932424809137583
LSD_Second,set3_features,GPR,log,protocol_holdout,diversity_iterative,9,24,22.913210836249544
LSD_Second,set3_features,GPR,log,protocol_holdout,diversity_iterative,9,30,22.5739482065042
LSD_Second,set3_features,GPR,log,protocol_holdout,diversity_iterative,9,36,19.72724890477708
LSD_Second,set3_features,GPR,log,protocol_holdout,diversity_iterative,9,42,17.049326491548143
LSD_Second,set3_features,GPR,log,protocol_holdout,diversity_iterative,9,48,18.45385235958793
LSD_Second,set3_features,GPR,log,protocol_holdout,diversity_iterative,9,54,16.13447762256167
LSD_Second,set3_features,GPR,log,protocol_holdout,diversity_iterative,9,58,15.935440836575296
LSD_Second,set3_features,GPR,log,protocol_holdout,diversity_iterative,10,6,47.79228096719941
LSD_Second,set3_features,GPR,log,protocol_holdout,diversity_iterative,10,12,29.05642940087329
LSD_Second,set3_features,GPR,log,protocol_holdout,diversity_iterative,10,18,24.747447178414017
LSD_Second,set3_features,GPR,log,protocol_holdout,diversity_iterative,10,24,26.098517318231547
LSD_Second,set3_features,GPR,log,protocol_holdout,diversity_iterative,10,30,27.533026317566566
LSD_Second,set3_features,GPR,log,protocol_holdout,diversity_iterative,10,36,26.750073430312465
LSD_Second,set3_features,GPR,log,protocol_holdout,diversity_iterative,10,42,26.37690163774194
LSD_Second,set3_features,GPR,log,protocol_holdout,diversity_iterative,10,48,26.32199630588446
LSD_Second,set3_features,GPR,log,protocol_holdout,diversity_iterative,10,54,27.738545294356587
LSD_Second,set3_features,GPR,log,protocol_holdout,diversity_iterative,10,58,23.72445385381941
LSD_Second,set3_features,GPR,log,protocol_holdout,coverage,1,6,71.42612552175433
LSD_Second,set3_features,GPR,log,protocol_holdout,coverage,1,12,66.37649961323064
LSD_Second,set3_features,GPR,log,protocol_holdout,coverage,1,18,62.31209856673223
LSD_Second,set3_features,GPR,log,protocol_holdout,coverage,1,24,62.68386665379975
LSD_Second,set3_features,GPR,log,protocol_holdout,coverage,1,30,48.50700977264474
LSD_Second,set3_features,GPR,log,protocol_holdout,coverage,1,36,23.59656548367589
LSD_Second,set3_features,GPR,log,protocol_holdout,coverage,1,42,34.47974200003887
LSD_Second,set3_features,GPR,log,protocol_holdout,coverage,1,48,18.53804522722023
LSD_Second,set3_features,GPR,log,protocol_holdout,coverage,1,54,18.15871035129499
LSD_Second,set3_features,GPR,log,protocol_holdout,coverage,1,58,18.16588714358108
LSD_Second,set3_features,GPR,log,protocol_holdout,coverage,2,6,25.24179766796185
LSD_Second,set3_features,GPR,log,protocol_holdout,coverage,2,12,18.71788091955372
LSD_Second,set3_features,GPR,log,protocol_holdout,coverage,2,18,16.23422786310211
LSD_Second,set3_features,GPR,log,protocol_holdout,coverage,2,24,12.686357531369216
LSD_Second,set3_features,GPR,log,protocol_holdout,coverage,2,30,18.011760985546232
LSD_Second,set3_features,GPR,log,protocol_holdout,coverage,2,36,12.911130490517955
LSD_Second,set3_features,GPR,log,protocol_holdout,coverage,2,42,11.61015837477636
LSD_Second,set3_features,GPR,log,protocol_holdout,coverage,2,48,10.568888584390942
LSD_Second,set3_features,GPR,log,protocol_holdout,coverage,2,54,10.298677138050309
LSD_Second,set3_features,GPR,log,protocol_holdout,coverage,2,58,10.316173764348347
LSD_Second,set3_features,GPR,log,protocol_holdout,coverage,3,6,22.62261784855884
LSD_Second,set3_features,GPR,log,protocol_holdout,coverage,3,12,20.686847487566165
LSD_Second,set3_features,GPR,log,protocol_holdout,coverage,3,18,16.12243230485479
LSD_Second,set3_features,GPR,log,protocol_holdout,coverage,3,24,15.179923010745586
LSD_Second,set3_features,GPR,log,protocol_holdout,coverage,3,30,14.33818157521372
LSD_Second,set3_features,GPR,log,protocol_holdout,coverage,3,36,18.39290618930671
LSD_Second,set3_features,GPR,log,protocol_holdout,coverage,3,42,17.89366388232219
LSD_Second,set3_features,GPR,log,protocol_holdout,coverage,3,48,18.542329861384705
LSD_Second,set3_features,GPR,log,protocol_holdout,coverage,3,54,15.07793364142613
LSD_Second,set3_features,GPR,log,protocol_holdout,coverage,3,58,14.407145962907956
LSD_Second,set3_features,GPR,log,protocol_holdout,coverage,4,6,26.076196252207108
LSD_Second,set3_features,GPR,log,protocol_holdout,coverage,4,12,17.090701336311916
LSD_Second,set3_features,GPR,log,protocol_holdout,coverage,4,18,19.626914132461
LSD_Second,set3_features,GPR,log,protocol_holdout,coverage,4,24,18.290334729980376
LSD_Second,set3_features,GPR,log,protocol_holdout,coverage,4,30,13.846115441669468
LSD_Second,set3_features,GPR,log,protocol_holdout,coverage,4,36,15.479471758804886
LSD_Second,set3_features,GPR,log,protocol_holdout,coverage,4,42,16.79322841519029
LSD_Second,set3_features,GPR,log,protocol_holdout,coverage,4,48,17.92904870054001
LSD_Second,set3_features,GPR,log,protocol_holdout,coverage,4,54,18.3400326421132
LSD_Second,set3_features,GPR,log,protocol_holdout,coverage,4,58,19.2159305594528
LSD_Second,set3_features,GPR,log,protocol_holdout,coverage,5,6,30.628814811123483
LSD_Second,set3_features,GPR,log,protocol_holdout,coverage,5,12,19.88094292934382
LSD_Second,set3_features,GPR,log,protocol_holdout,coverage,5,18,17.548754700863366
LSD_Second,set3_features,GPR,log,protocol_holdout,coverage,5,24,16.91211796026831
LSD_Second,set3_features,GPR,log,protocol_holdout,coverage,5,30,16.21524314358311
LSD_Second,set3_features,GPR,log,protocol_holdout,coverage,5,36,15.659452077454825
LSD_Second,set3_features,GPR,log,protocol_holdout,coverage,5,42,16.49831744416655
LSD_Second,set3_features,GPR,log,protocol_holdout,coverage,5,48,15.217432960725011
LSD_Second,set3_features,GPR,log,protocol_holdout,coverage,5,54,15.57888048854386
LSD_Second,set3_features,GPR,log,protocol_holdout,coverage,5,58,15.74726704145934
LSD_Second,set3_features,GPR,log,protocol_holdout,coverage,6,6,32.66841813235484
LSD_Second,set3_features,GPR,log,protocol_holdout,coverage,6,12,20.304539833453013
LSD_Second,set3_features,GPR,log,protocol_holdout,coverage,6,18,17.910539309833798
LSD_Second,set3_features,GPR,log,protocol_holdout,coverage,6,24,16.58222478665068
LSD_Second,set3_features,GPR,log,protocol_holdout,coverage,6,30,14.313267982452151
LSD_Second,set3_features,GPR,log,protocol_holdout,coverage,6,36,13.79072627491102
LSD_Second,set3_features,GPR,log,protocol_holdout,coverage,6,42,13.076950167479591
LSD_Second,set3_features,GPR,log,protocol_holdout,coverage,6,48,10.98742541459347
LSD_Second,set3_features,GPR,log,protocol_holdout,coverage,6,54,11.518467297298251
LSD_Second,set3_features,GPR,log,protocol_holdout,coverage,6,58,16.613013134461532
LSD_Second,set3_features,GPR,log,protocol_holdout,coverage,7,6,52.100773811144826
LSD_Second,set3_features,GPR,log,protocol_holdout,coverage,7,12,31.175522070868528
LSD_Second,set3_features,GPR,log,protocol_holdout,coverage,7,18,27.911879800330773
LSD_Second,set3_features,GPR,log,protocol_holdout,coverage,7,24,22.1866940676371
LSD_Second,set3_features,GPR,log,protocol_holdout,coverage,7,30,20.72598749873627
LSD_Second,set3_features,GPR,log,protocol_holdout,coverage,7,36,18.47169509548829
LSD_Second,set3_features,GPR,log,protocol_holdout,coverage,7,42,16.576180716541774
LSD_Second,set3_features,GPR,log,protocol_holdout,coverage,7,48,16.19295739860921
LSD_Second,set3_features,GPR,log,protocol_holdout,coverage,7,54,16.67155603001605
LSD_Second,set3_features,GPR,log,protocol_holdout,coverage,7,58,17.711734126070553
LSD_Second,set3_features,GPR,log,protocol_holdout,coverage,8,6,33.259792310437895
LSD_Second,set3_features,GPR,log,protocol_holdout,coverage,8,12,29.237977535523296
LSD_Second,set3_features,GPR,log,protocol_holdout,coverage,8,18,16.932345262884958
LSD_Second,set3_features,GPR,log,protocol_holdout,coverage,8,24,16.23550477325553
LSD_Second,set3_features,GPR,log,protocol_holdout,coverage,8,30,19.20041773831209
LSD_Second,set3_features,GPR,log,protocol_holdout,coverage,8,36,18.18560332286616
LSD_Second,set3_features,GPR,log,protocol_holdout,coverage,8,42,18.89494309352495
LSD_Second,set3_features,GPR,log,protocol_holdout,coverage,8,48,21.83854423873997
LSD_Second,set3_features,GPR,log,protocol_holdout,coverage,8,54,19.63359696397157
LSD_Second,set3_features,GPR,log,protocol_holdout,coverage,8,58,22.024205634695576
LSD_Second,set3_features,GPR,log,protocol_holdout,coverage,9,6,27.247474475053927
LSD_Second,set3_features,GPR,log,protocol_holdout,coverage,9,12,27.20395075166508
LSD_Second,set3_features,GPR,log,protocol_holdout,coverage,9,18,23.29308507183573
LSD_Second,set3_features,GPR,log,protocol_holdout,coverage,9,24,14.540814196888055
LSD_Second,set3_features,GPR,log,protocol_holdout,coverage,9,30,19.60002213706496
LSD_Second,set3_features,GPR,log,protocol_holdout,coverage,9,36,19.96900408314689
LSD_Second,set3_features,GPR,log,protocol_holdout,coverage,9,42,18.30635737712901
LSD_Second,set3_features,GPR,log,protocol_holdout,coverage,9,48,17.196348849360625
LSD_Second,set3_features,GPR,log,protocol_holdout,coverage,9,54,16.575722130377144
LSD_Second,set3_features,GPR,log,protocol_holdout,coverage,9,58,15.935440836575296
LSD_Second,set3_features,GPR,log,protocol_holdout,coverage,10,6,25.88345054708997
LSD_Second,set3_features,GPR,log,protocol_holdout,coverage,10,12,21.015508064312733
LSD_Second,set3_features,GPR,log,protocol_holdout,coverage,10,18,38.56664939979172
LSD_Second,set3_features,GPR,log,protocol_holdout,coverage,10,24,31.070162527612936
LSD_Second,set3_features,GPR,log,protocol_holdout,coverage,10,30,33.08518290125086
LSD_Second,set3_features,GPR,log,protocol_holdout,coverage,10,36,26.02358086214796
LSD_Second,set3_features,GPR,log,protocol_holdout,coverage,10,42,25.5833430107012
LSD_Second,set3_features,GPR,log,protocol_holdout,coverage,10,48,24.1288999498843
LSD_Second,set3_features,GPR,log,protocol_holdout,coverage,10,54,23.912183657614342
LSD_Second,set3_features,GPR,log,protocol_holdout,coverage,10,58,23.72445385381941
LSD_Second,set3_features,GPR,log,protocol_holdout,exploration,1,6,71.42612552175433
LSD_Second,set3_features,GPR,log,protocol_holdout,exploration,1,12,35.756571978347544
LSD_Second,set3_features,GPR,log,protocol_holdout,exploration,1,18,28.5945020091762
LSD_Second,set3_features,GPR,log,protocol_holdout,exploration,1,24,21.25852628560674
LSD_Second,set3_features,GPR,log,protocol_holdout,exploration,1,30,21.46497513153564
LSD_Second,set3_features,GPR,log,protocol_holdout,exploration,1,36,15.004581492434353
LSD_Second,set3_features,GPR,log,protocol_holdout,exploration,1,42,14.671326398550557
LSD_Second,set3_features,GPR,log,protocol_holdout,exploration,1,48,13.4908001205622
LSD_Second,set3_features,GPR,log,protocol_holdout,exploration,1,54,18.86835610603648
LSD_Second,set3_features,GPR,log,protocol_holdout,exploration,1,58,18.16588714358108
LSD_Second,set3_features,GPR,log,protocol_holdout,exploration,2,6,25.24179766796185
LSD_Second,set3_features,GPR,log,protocol_holdout,exploration,2,12,12.712955630034928
LSD_Second,set3_features,GPR,log,protocol_holdout,exploration,2,18,15.205129201328472
LSD_Second,set3_features,GPR,log,protocol_holdout,exploration,2,24,17.157848096534146
LSD_Second,set3_features,GPR,log,protocol_holdout,exploration,2,30,18.730973776510897
LSD_Second,set3_features,GPR,log,protocol_holdout,exploration,2,36,14.934846037465446
LSD_Second,set3_features,GPR,log,protocol_holdout,exploration,2,42,13.319186683736785
LSD_Second,set3_features,GPR,log,protocol_holdout,exploration,2,48,12.168393400059752
LSD_Second,set3_features,GPR,log,protocol_holdout,exploration,2,54,10.96375332110155
LSD_Second,set3_features,GPR,log,protocol_holdout,exploration,2,58,10.316173764348347
LSD_Second,set3_features,GPR,log,protocol_holdout,exploration,3,6,22.62261784855884
LSD_Second,set3_features,GPR,log,protocol_holdout,exploration,3,12,18.52241534700463
LSD_Second,set3_features,GPR,log,protocol_holdout,exploration,3,18,17.460073758575398
LSD_Second,set3_features,GPR,log,protocol_holdout,exploration,3,24,19.36296356296191
LSD_Second,set3_features,GPR,log,protocol_holdout,exploration,3,30,11.806873320743762
LSD_Second,set3_features,GPR,log,protocol_holdout,exploration,3,36,20.706278547007333
LSD_Second,set3_features,GPR,log,protocol_holdout,exploration,3,42,16.492225276446497
LSD_Second,set3_features,GPR,log,protocol_holdout,exploration,3,48,14.587987975972585
LSD_Second,set3_features,GPR,log,protocol_holdout,exploration,3,54,13.886395013790542
LSD_Second,set3_features,GPR,log,protocol_holdout,exploration,3,58,14.407145962907956
LSD_Second,set3_features,GPR,log,protocol_holdout,exploration,4,6,26.076196252207108
LSD_Second,set3_features,GPR,log,protocol_holdout,exploration,4,12,17.090701336311916
LSD_Second,set3_features,GPR,log,protocol_holdout,exploration,4,18,15.987069032310972
LSD_Second,set3_features,GPR,log,protocol_holdout,exploration,4,24,14.194694388027852
LSD_Second,set3_features,GPR,log,protocol_holdout,exploration,4,30,13.590174103437205
LSD_Second,set3_features,GPR,log,protocol_holdout,exploration,4,36,15.826597004893769
LSD_Second,set3_features,GPR,log,protocol_holdout,exploration,4,42,18.99943266806488
LSD_Second,set3_features,GPR,log,protocol_holdout,exploration,4,48,17.900698257155156
LSD_Second,set3_features,GPR,log,protocol_holdout,exploration,4,54,19.083357915747023
LSD_Second,set3_features,GPR,log,protocol_holdout,exploration,4,58,19.2159305594528
LSD_Second,set3_features,GPR,log,protocol_holdout,exploration,5,6,30.628814811123483
LSD_Second,set3_features,GPR,log,protocol_holdout,exploration,5,12,31.00314362808992
LSD_Second,set3_features,GPR,log,protocol_holdout,exploration,5,18,22.204721706943428
LSD_Second,set3_features,GPR,log,protocol_holdout,exploration,5,24,22.34938545180403
LSD_Second,set3_features,GPR,log,protocol_holdout,exploration,5,30,14.21118870173137
LSD_Second,set3_features,GPR,log,protocol_holdout,exploration,5,36,13.29283890565914
LSD_Second,set3_features,GPR,log,protocol_holdout,exploration,5,42,11.61912019261019
LSD_Second,set3_features,GPR,log,protocol_holdout,exploration,5,48,13.816049124761296
LSD_Second,set3_features,GPR,log,protocol_holdout,exploration,5,54,14.253375487302684
LSD_Second,set3_features,GPR,log,protocol_holdout,exploration,5,58,15.74726704145934
LSD_Second,set3_features,GPR,log,protocol_holdout,exploration,6,6,32.66841813235484
LSD_Second,set3_features,GPR,log,protocol_holdout,exploration,6,12,16.907675552843184
LSD_Second,set3_features,GPR,log,protocol_holdout,exploration,6,18,16.268161044537965
LSD_Second,set3_features,GPR,log,protocol_holdout,exploration,6,24,16.5760830043779
LSD_Second,set3_features,GPR,log,protocol_holdout,exploration,6,30,19.011858124040337
LSD_Second,set3_features,GPR,log,protocol_holdout,exploration,6,36,17.03142766795833
LSD_Second,set3_features,GPR,log,protocol_holdout,exploration,6,42,13.128988534233184
LSD_Second,set3_features,GPR,log,protocol_holdout,exploration,6,48,13.073868925856791
LSD_Second,set3_features,GPR,log,protocol_holdout,exploration,6,54,15.427389436967006
LSD_Second,set3_features,GPR,log,protocol_holdout,exploration,6,58,16.613013134461532
LSD_Second,set3_features,GPR,log,protocol_holdout,exploration,7,6,52.100773811144826
LSD_Second,set3_features,GPR,log,protocol_holdout,exploration,7,12,28.15865938443476
LSD_Second,set3_features,GPR,log,protocol_holdout,exploration,7,18,45.751244179939725
LSD_Second,set3_features,GPR,log,protocol_holdout,exploration,7,24,26.050051300738414
LSD_Second,set3_features,GPR,log,protocol_holdout,exploration,7,30,22.876887569506856
LSD_Second,set3_features,GPR,log,protocol_holdout,exploration,7,36,21.59120710038965
LSD_Second,set3_features,GPR,log,protocol_holdout,exploration,7,42,21.15536650796545
LSD_Second,set3_features,GPR,log,protocol_holdout,exploration,7,48,19.53407088815951
LSD_Second,set3_features,GPR,log,protocol_holdout,exploration,7,54,19.787404005402447
LSD_Second,set3_features,GPR,log,protocol_holdout,exploration,7,58,17.711734126070553
LSD_Second,set3_features,GPR,log,protocol_holdout,exploration,8,6,33.259792310437895
LSD_Second,set3_features,GPR,log,protocol_holdout,exploration,8,12,18.06239265818811
LSD_Second,set3_features,GPR,log,protocol_holdout,exploration,8,18,21.1039486762321
LSD_Second,set3_features,GPR,log,protocol_holdout,exploration,8,24,22.240003188587607
LSD_Second,set3_features,GPR,log,protocol_holdout,exploration,8,30,23.92926104408314
LSD_Second,set3_features,GPR,log,protocol_holdout,exploration,8,36,22.15196377272468
LSD_Second,set3_features,GPR,log,protocol_holdout,exploration,8,42,23.858688028762504
LSD_Second,set3_features,GPR,log,protocol_holdout,exploration,8,48,20.886063830795816
LSD_Second,set3_features,GPR,log,protocol_holdout,exploration,8,54,20.765264008005264
LSD_Second,set3_features,GPR,log,protocol_holdout,exploration,8,58,22.024205634695576
LSD_Second,set3_features,GPR,log,protocol_holdout,exploration,9,6,27.247474475053927
LSD_Second,set3_features,GPR,log,protocol_holdout,exploration,9,12,27.95019508714904
LSD_Second,set3_features,GPR,log,protocol_holdout,exploration,9,18,21.28553202264116
LSD_Second,set3_features,GPR,log,protocol_holdout,exploration,9,24,18.09165054652853
LSD_Second,set3_features,GPR,log,protocol_holdout,exploration,9,30,17.006865763776435
LSD_Second,set3_features,GPR,log,protocol_holdout,exploration,9,36,21.558247426556125
LSD_Second,set3_features,GPR,log,protocol_holdout,exploration,9,42,17.812562807143745
LSD_Second,set3_features,GPR,log,protocol_holdout,exploration,9,48,17.496132171106684
LSD_Second,set3_features,GPR,log,protocol_holdout,exploration,9,54,15.927015853918984
LSD_Second,set3_features,GPR,log,protocol_holdout,exploration,9,58,15.935440836575296
LSD_Second,set3_features,GPR,log,protocol_holdout,exploration,10,6,25.88345054708997
LSD_Second,set3_features,GPR,log,protocol_holdout,exploration,10,12,29.183907756370868
LSD_Second,set3_features,GPR,log,protocol_holdout,exploration,10,18,28.50804355980648
LSD_Second,set3_features,GPR,log,protocol_holdout,exploration,10,24,25.58063178755903
LSD_Second,set3_features,GPR,log,protocol_holdout,exploration,10,30,31.479905017258
LSD_Second,set3_features,GPR,log,protocol_holdout,exploration,10,36,25.276783538437016
LSD_Second,set3_features,GPR,log,protocol_holdout,exploration,10,42,23.853992996825983
LSD_Second,set3_features,GPR,log,protocol_holdout,exploration,10,48,23.629338958722528
LSD_Second,set3_features,GPR,log,protocol_holdout,exploration,10,54,23.88811544807308
LSD_Second,set3_features,GPR,log,protocol_holdout,exploration,10,58,23.72445385381941
LSD_Second,set3_features,GPR,log,protocol_holdout,exploitation,1,6,71.42612552175433
LSD_Second,set3_features,GPR,log,protocol_holdout,exploitation,1,12,27.17333523159719
LSD_Second,set3_features,GPR,log,protocol_holdout,exploitation,1,18,26.06968077709189
LSD_Second,set3_features,GPR,log,protocol_holdout,exploitation,1,24,20.32417206069105
LSD_Second,set3_features,GPR,log,protocol_holdout,exploitation,1,30,20.373513665604843
LSD_Second,set3_features,GPR,log,protocol_holdout,exploitation,1,36,22.12301169605839
LSD_Second,set3_features,GPR,log,protocol_holdout,exploitation,1,42,20.843040016572605
LSD_Second,set3_features,GPR,log,protocol_holdout,exploitation,1,48,20.53075759871016
LSD_Second,set3_features,GPR,log,protocol_holdout,exploitation,1,54,19.10220376961833
LSD_Second,set3_features,GPR,log,protocol_holdout,exploitation,1,58,18.16588714358108
LSD_Second,set3_features,GPR,log,protocol_holdout,exploitation,2,6,25.24179766796185
LSD_Second,set3_features,GPR,log,protocol_holdout,exploitation,2,12,14.0192094960452
LSD_Second,set3_features,GPR,log,protocol_holdout,exploitation,2,18,9.483819777873794
LSD_Second,set3_features,GPR,log,protocol_holdout,exploitation,2,24,10.925186345163253
LSD_Second,set3_features,GPR,log,protocol_holdout,exploitation,2,30,10.731715176982538
LSD_Second,set3_features,GPR,log,protocol_holdout,exploitation,2,36,13.255697415529038
LSD_Second,set3_features,GPR,log,protocol_holdout,exploitation,2,42,12.529176075278963
LSD_Second,set3_features,GPR,log,protocol_holdout,exploitation,2,48,8.46520800240958
LSD_Second,set3_features,GPR,log,protocol_holdout,exploitation,2,54,8.842005233648882
LSD_Second,set3_features,GPR,log,protocol_holdout,exploitation,2,58,10.316173764348347
LSD_Second,set3_features,GPR,log,protocol_holdout,exploitation,3,6,22.62261784855884
LSD_Second,set3_features,GPR,log,protocol_holdout,exploitation,3,12,17.41760796413046
LSD_Second,set3_features,GPR,log,protocol_holdout,exploitation,3,18,18.41046727093997
LSD_Second,set3_features,GPR,log,protocol_holdout,exploitation,3,24,20.853796081101667
LSD_Second,set3_features,GPR,log,protocol_holdout,exploitation,3,30,19.568092293880788
LSD_Second,set3_features,GPR,log,protocol_holdout,exploitation,3,36,13.89642139123352
LSD_Second,set3_features,GPR,log,protocol_holdout,exploitation,3,42,15.164085586460308
LSD_Second,set3_features,GPR,log,protocol_holdout,exploitation,3,48,15.439400230895364
LSD_Second,set3_features,GPR,log,protocol_holdout,exploitation,3,54,15.750601743351872
LSD_Second,set3_features,GPR,log,protocol_holdout,exploitation,3,58,14.407145962907956
LSD_Second,set3_features,GPR,log,protocol_holdout,exploitation,4,6,26.076196252207108
LSD_Second,set3_features,GPR,log,protocol_holdout,exploitation,4,12,24.426538490508985
LSD_Second,set3_features,GPR,log,protocol_holdout,exploitation,4,18,21.14483371404962
LSD_Second,set3_features,GPR,log,protocol_holdout,exploitation,4,24,17.7579200476263
LSD_Second,set3_features,GPR,log,protocol_holdout,exploitation,4,30,19.01653355940295
LSD_Second,set3_features,GPR,log,protocol_holdout,exploitation,4,36,19.38230822373089
LSD_Second,set3_features,GPR,log,protocol_holdout,exploitation,4,42,19.20576725044092
LSD_Second,set3_features,GPR,log,protocol_holdout,exploitation,4,48,18.949884149464395
LSD_Second,set3_features,GPR,log,protocol_holdout,exploitation,4,54,21.175547213423084
LSD_Second,set3_features,GPR,log,protocol_holdout,exploitation,4,58,19.2159305594528
LSD_Second,set3_features,GPR,log,protocol_holdout,exploitation,5,6,30.628814811123483
LSD_Second,set3_features,GPR,log,protocol_holdout,exploitation,5,12,29.11407393635384
LSD_Second,set3_features,GPR,log,protocol_holdout,exploitation,5,18,28.69753150347733
LSD_Second,set3_features,GPR,log,protocol_holdout,exploitation,5,24,27.08669728046863
LSD_Second,set3_features,GPR,log,protocol_holdout,exploitation,5,30,22.17861005519366
LSD_Second,set3_features,GPR,log,protocol_holdout,exploitation,5,36,21.674331276515264
LSD_Second,set3_features,GPR,log,protocol_holdout,exploitation,5,42,22.235148038377154
LSD_Second,set3_features,GPR,log,protocol_holdout,exploitation,5,48,17.624663477079388
LSD_Second,set3_features,GPR,log,protocol_holdout,exploitation,5,54,16.821756305252116
LSD_Second,set3_features,GPR,log,protocol_holdout,exploitation,5,58,15.74726704145934
LSD_Second,set3_features,GPR,log,protocol_holdout,exploitation,6,6,32.66841813235484
LSD_Second,set3_features,GPR,log,protocol_holdout,exploitation,6,12,44.50629320464296
LSD_Second,set3_features,GPR,log,protocol_holdout,exploitation,6,18,57.71365258130525
LSD_Second,set3_features,GPR,log,protocol_holdout,exploitation,6,24,24.894630338269
LSD_Second,set3_features,GPR,log,protocol_holdout,exploitation,6,30,13.683921538851568
LSD_Second,set3_features,GPR,log,protocol_holdout,exploitation,6,36,16.284991547139434
LSD_Second,set3_features,GPR,log,protocol_holdout,exploitation,6,42,14.321920911698632
LSD_Second,set3_features,GPR,log,protocol_holdout,exploitation,6,48,11.161133901370505
LSD_Second,set3_features,GPR,log,protocol_holdout,exploitation,6,54,20.14947427680245
LSD_Second,set3_features,GPR,log,protocol_holdout,exploitation,6,58,16.613013134461532
LSD_Second,set3_features,GPR,log,protocol_holdout,exploitation,7,6,52.100773811144826
LSD_Second,set3_features,GPR,log,protocol_holdout,exploitation,7,12,46.741036284565496
LSD_Second,set3_features,GPR,log,protocol_holdout,exploitation,7,18,24.2350761073453
LSD_Second,set3_features,GPR,log,protocol_holdout,exploitation,7,24,19.55478043080793
LSD_Second,set3_features,GPR,log,protocol_holdout,exploitation,7,30,20.66110849360049
LSD_Second,set3_features,GPR,log,protocol_holdout,exploitation,7,36,17.83794040622108
LSD_Second,set3_features,GPR,log,protocol_holdout,exploitation,7,42,16.0075666001471
LSD_Second,set3_features,GPR,log,protocol_holdout,exploitation,7,48,16.868514059462132
LSD_Second,set3_features,GPR,log,protocol_holdout,exploitation,7,54,18.09587617351188
LSD_Second,set3_features,GPR,log,protocol_holdout,exploitation,7,58,17.711734126070553
LSD_Second,set3_features,GPR,log,protocol_holdout,exploitation,8,6,33.259792310437895
LSD_Second,set3_features,GPR,log,protocol_holdout,exploitation,8,12,31.87766743816126
LSD_Second,set3_features,GPR,log,protocol_holdout,exploitation,8,18,21.00407710798523
LSD_Second,set3_features,GPR,log,protocol_holdout,exploitation,8,24,28.11563253245352
LSD_Second,set3_features,GPR,log,protocol_holdout,exploitation,8,30,23.52841096148138
LSD_Second,set3_features,GPR,log,protocol_holdout,exploitation,8,36,21.13066565143983
LSD_Second,set3_features,GPR,log,protocol_holdout,exploitation,8,42,19.41772932550419
LSD_Second,set3_features,GPR,log,protocol_holdout,exploitation,8,48,22.73807762518849
LSD_Second,set3_features,GPR,log,protocol_holdout,exploitation,8,54,20.0052279010592
LSD_Second,set3_features,GPR,log,protocol_holdout,exploitation,8,58,22.024205634695576
LSD_Second,set3_features,GPR,log,protocol_holdout,exploitation,9,6,27.247474475053927
LSD_Second,set3_features,GPR,log,protocol_holdout,exploitation,9,12,26.921874772654387
LSD_Second,set3_features,GPR,log,protocol_holdout,exploitation,9,18,28.691592853934296
LSD_Second,set3_features,GPR,log,protocol_holdout,exploitation,9,24,28.031367175275857
LSD_Second,set3_features,GPR,log,protocol_holdout,exploitation,9,30,21.21512358350137
LSD_Second,set3_features,GPR,log,protocol_holdout,exploitation,9,36,19.54819912368092
LSD_Second,set3_features,GPR,log,protocol_holdout,exploitation,9,42,20.95987629929031
LSD_Second,set3_features,GPR,log,protocol_holdout,exploitation,9,48,16.590688414337446
LSD_Second,set3_features,GPR,log,protocol_holdout,exploitation,9,54,14.816329849440224
LSD_Second,set3_features,GPR,log,protocol_holdout,exploitation,9,58,15.935440836575296
LSD_Second,set3_features,GPR,log,protocol_holdout,exploitation,10,6,25.88345054708997
LSD_Second,set3_features,GPR,log,protocol_holdout,exploitation,10,12,24.303371595427645
LSD_Second,set3_features,GPR,log,protocol_holdout,exploitation,10,18,21.831255084531417
LSD_Second,set3_features,GPR,log,protocol_holdout,exploitation,10,24,20.977531354094733
LSD_Second,set3_features,GPR,log,protocol_holdout,exploitation,10,30,22.26634364501502
LSD_Second,set3_features,GPR,log,protocol_holdout,exploitation,10,36,23.32280349169352
LSD_Second,set3_features,GPR,log,protocol_holdout,exploitation,10,42,22.94990342275444
LSD_Second,set3_features,GPR,log,protocol_holdout,exploitation,10,48,24.78887115431105
LSD_Second,set3_features,GPR,log,protocol_holdout,exploitation,10,54,25.21521430350424
LSD_Second,set3_features,GPR,log,protocol_holdout,exploitation,10,58,23.72445385381941
LSD_Second,set3_features,GPR,log,protocol_holdout,hybrid,1,6,71.42612552175433
LSD_Second,set3_features,GPR,log,protocol_holdout,hybrid,1,12,40.353584157024514
LSD_Second,set3_features,GPR,log,protocol_holdout,hybrid,1,18,35.83000310879207
LSD_Second,set3_features,GPR,log,protocol_holdout,hybrid,1,24,23.918149040385
LSD_Second,set3_features,GPR,log,protocol_holdout,hybrid,1,30,16.25923969913495
LSD_Second,set3_features,GPR,log,protocol_holdout,hybrid,1,36,13.294376363133448
LSD_Second,set3_features,GPR,log,protocol_holdout,hybrid,1,42,20.127825989488933
LSD_Second,set3_features,GPR,log,protocol_holdout,hybrid,1,48,14.845921312895364
LSD_Second,set3_features,GPR,log,protocol_holdout,hybrid,1,54,18.37280573651008
LSD_Second,set3_features,GPR,log,protocol_holdout,hybrid,1,58,18.16588714358108
LSD_Second,set3_features,GPR,log,protocol_holdout,hybrid,2,6,25.24179766796185
LSD_Second,set3_features,GPR,log,protocol_holdout,hybrid,2,12,16.578358064379774
LSD_Second,set3_features,GPR,log,protocol_holdout,hybrid,2,18,17.46439561177735
LSD_Second,set3_features,GPR,log,protocol_holdout,hybrid,2,24,18.340260369857084
LSD_Second,set3_features,GPR,log,protocol_holdout,hybrid,2,30,15.40168891582472
LSD_Second,set3_features,GPR,log,protocol_holdout,hybrid,2,36,13.762762190108775
LSD_Second,set3_features,GPR,log,protocol_holdout,hybrid,2,42,12.270290520109258
LSD_Second,set3_features,GPR,log,protocol_holdout,hybrid,2,48,11.30372230859001
LSD_Second,set3_features,GPR,log,protocol_holdout,hybrid,2,54,10.735006292163735
LSD_Second,set3_features,GPR,log,protocol_holdout,hybrid,2,58,10.316173764348347
LSD_Second,set3_features,GPR,log,protocol_holdout,hybrid,3,6,22.62261784855884
LSD_Second,set3_features,GPR,log,protocol_holdout,hybrid,3,12,22.45349454140741
LSD_Second,set3_features,GPR,log,protocol_holdout,hybrid,3,18,21.331981388515523
LSD_Second,set3_features,GPR,log,protocol_holdout,hybrid,3,24,16.91896747283851
LSD_Second,set3_features,GPR,log,protocol_holdout,hybrid,3,30,21.73692863367272
LSD_Second,set3_features,GPR,log,protocol_holdout,hybrid,3,36,19.89516070947585
LSD_Second,set3_features,GPR,log,protocol_holdout,hybrid,3,42,18.753315187293264
LSD_Second,set3_features,GPR,log,protocol_holdout,hybrid,3,48,16.046421446100013
LSD_Second,set3_features,GPR,log,protocol_holdout,hybrid,3,54,14.603719074128602
LSD_Second,set3_features,GPR,log,protocol_holdout,hybrid,3,58,14.407145962907956
LSD_Second,set3_features,GPR,log,protocol_holdout,hybrid,4,6,26.076196252207108
LSD_Second,set3_features,GPR,log,protocol_holdout,hybrid,4,12,22.275785336745084
LSD_Second,set3_features,GPR,log,protocol_holdout,hybrid,4,18,15.179277138680687
LSD_Second,set3_features,GPR,log,protocol_holdout,hybrid,4,24,14.014091270676198
LSD_Second,set3_features,GPR,log,protocol_holdout,hybrid,4,30,16.18108166057593
LSD_Second,set3_features,GPR,log,protocol_holdout,hybrid,4,36,15.183806845747942
LSD_Second,set3_features,GPR,log,protocol_holdout,hybrid,4,42,17.66933465450646
LSD_Second,set3_features,GPR,log,protocol_holdout,hybrid,4,48,16.17606344510633
LSD_Second,set3_features,GPR,log,protocol_holdout,hybrid,4,54,17.813813029709294
LSD_Second,set3_features,GPR,log,protocol_holdout,hybrid,4,58,19.2159305594528
LSD_Second,set3_features,GPR,log,protocol_holdout,hybrid,5,6,30.628814811123483
LSD_Second,set3_features,GPR,log,protocol_holdout,hybrid,5,12,21.17683104233708
LSD_Second,set3_features,GPR,log,protocol_holdout,hybrid,5,18,20.302967341355743
LSD_Second,set3_features,GPR,log,protocol_holdout,hybrid,5,24,15.836477659615586
LSD_Second,set3_features,GPR,log,protocol_holdout,hybrid,5,30,16.43314547892265
LSD_Second,set3_features,GPR,log,protocol_holdout,hybrid,5,36,15.172107057413047
LSD_Second,set3_features,GPR,log,protocol_holdout,hybrid,5,42,15.05497925081242
LSD_Second,set3_features,GPR,log,protocol_holdout,hybrid,5,48,17.614149880582037
LSD_Second,set3_features,GPR,log,protocol_holdout,hybrid,5,54,14.569977110538378
LSD_Second,set3_features,GPR,log,protocol_holdout,hybrid,5,58,15.74726704145934
LSD_Second,set3_features,GPR,log,protocol_holdout,hybrid,6,6,32.66841813235484
LSD_Second,set3_features,GPR,log,protocol_holdout,hybrid,6,12,19.50692223371244
LSD_Second,set3_features,GPR,log,protocol_holdout,hybrid,6,18,22.192374908134475
LSD_Second,set3_features,GPR,log,protocol_holdout,hybrid,6,24,22.30640601967251
LSD_Second,set3_features,GPR,log,protocol_holdout,hybrid,6,30,16.916955248386753
LSD_Second,set3_features,GPR,log,protocol_holdout,hybrid,6,36,15.120575103294357
LSD_Second,set3_features,GPR,log,protocol_holdout,hybrid,6,42,13.225653478017511
LSD_Second,set3_features,GPR,log,protocol_holdout,hybrid,6,48,12.537345543625406
LSD_Second,set3_features,GPR,log,protocol_holdout,hybrid,6,54,11.33087210230799
LSD_Second,set3_features,GPR,log,protocol_holdout,hybrid,6,58,16.613013134461532
LSD_Second,set3_features,GPR,log,protocol_holdout,hybrid,7,6,52.100773811144826
LSD_Second,set3_features,GPR,log,protocol_holdout,hybrid,7,12,31.175522070868528
LSD_Second,set3_features,GPR,log,protocol_holdout,hybrid,7,18,38.772294572146656
LSD_Second,set3_features,GPR,log,protocol_holdout,hybrid,7,24,26.383178524646706
LSD_Second,set3_features,GPR,log,protocol_holdout,hybrid,7,30,19.77954734346688
LSD_Second,set3_features,GPR,log,protocol_holdout,hybrid,7,36,13.02523540595876
LSD_Second,set3_features,GPR,log,protocol_holdout,hybrid,7,42,20.54270500250132
LSD_Second,set3_features,GPR,log,protocol_holdout,hybrid,7,48,20.20591404139008
LSD_Second,set3_features,GPR,log,protocol_holdout,hybrid,7,54,19.796985220193367
LSD_Second,set3_features,GPR,log,protocol_holdout,hybrid,7,58,17.711734126070553
LSD_Second,set3_features,GPR,log,protocol_holdout,hybrid,8,6,33.259792310437895
LSD_Second,set3_features,GPR,log,protocol_holdout,hybrid,8,12,18.80282923602245
LSD_Second,set3_features,GPR,log,protocol_holdout,hybrid,8,18,16.862429252193444
LSD_Second,set3_features,GPR,log,protocol_holdout,hybrid,8,24,18.64460281140805
LSD_Second,set3_features,GPR,log,protocol_holdout,hybrid,8,30,15.253202758559356
LSD_Second,set3_features,GPR,log,protocol_holdout,hybrid,8,36,17.825403491029686
LSD_Second,set3_features,GPR,log,protocol_holdout,hybrid,8,42,18.890166112773983
LSD_Second,set3_features,GPR,log,protocol_holdout,hybrid,8,48,19.76442163635416
LSD_Second,set3_features,GPR,log,protocol_holdout,hybrid,8,54,20.42459072324992
LSD_Second,set3_features,GPR,log,protocol_holdout,hybrid,8,58,22.024205634695576
LSD_Second,set3_features,GPR,log,protocol_holdout,hybrid,9,6,27.247474475053927
LSD_Second,set3_features,GPR,log,protocol_holdout,hybrid,9,12,24.915178193057955
LSD_Second,set3_features,GPR,log,protocol_holdout,hybrid,9,18,26.93468755044722
LSD_Second,set3_features,GPR,log,protocol_holdout,hybrid,9,24,24.93119016628126
LSD_Second,set3_features,GPR,log,protocol_holdout,hybrid,9,30,22.71783258820756
LSD_Second,set3_features,GPR,log,protocol_holdout,hybrid,9,36,21.505149474346126
LSD_Second,set3_features,GPR,log,protocol_holdout,hybrid,9,42,18.98772816820925
LSD_Second,set3_features,GPR,log,protocol_holdout,hybrid,9,48,16.123930729498444
LSD_Second,set3_features,GPR,log,protocol_holdout,hybrid,9,54,14.83537956245297
LSD_Second,set3_features,GPR,log,protocol_holdout,hybrid,9,58,15.935440836575296
LSD_Second,set3_features,GPR,log,protocol_holdout,hybrid,10,6,25.88345054708997
LSD_Second,set3_features,GPR,log,protocol_holdout,hybrid,10,12,34.13044769998969
LSD_Second,set3_features,GPR,log,protocol_holdout,hybrid,10,18,35.121938994038466
LSD_Second,set3_features,GPR,log,protocol_holdout,hybrid,10,24,30.29547864418503
LSD_Second,set3_features,GPR,log,protocol_holdout,hybrid,10,30,27.89288176498559
LSD_Second,set3_features,GPR,log,protocol_holdout,hybrid,10,36,24.03508797626519
LSD_Second,set3_features,GPR,log,protocol_holdout,hybrid,10,42,23.69293135743533
LSD_Second,set3_features,GPR,log,protocol_holdout,hybrid,10,48,23.44576870632585
LSD_Second,set3_features,GPR,log,protocol_holdout,hybrid,10,54,23.484946252595627
LSD_Second,set3_features,GPR,log,protocol_holdout,hybrid,10,58,23.72445385381941
HUST,set3_features,GPR,log,protocol_holdout,random_selection,1,6,12.069694211946798
HUST,set3_features,GPR,log,protocol_holdout,random_selection,1,12,13.078280617916477
HUST,set3_features,GPR,log,protocol_holdout,random_selection,1,18,13.124307293224527
HUST,set3_features,GPR,log,protocol_holdout,random_selection,1,24,10.089465420672326
HUST,set3_features,GPR,log,protocol_holdout,random_selection,1,30,9.15889723513942
HUST,set3_features,GPR,log,protocol_holdout,random_selection,1,36,9.83886440773603
HUST,set3_features,GPR,log,protocol_holdout,random_selection,1,42,9.051902731424024
HUST,set3_features,GPR,log,protocol_holdout,random_selection,1,48,9.103434453376584
HUST,set3_features,GPR,log,protocol_holdout,random_selection,1,54,9.279208650413487
HUST,set3_features,GPR,log,protocol_holdout,random_selection,1,60,9.360411774148853
HUST,set3_features,GPR,log,protocol_holdout,random_selection,1,62,9.081941958626174
HUST,set3_features,GPR,log,protocol_holdout,random_selection,2,6,17.97469601965889
HUST,set3_features,GPR,log,protocol_holdout,random_selection,2,12,12.68688097518812
HUST,set3_features,GPR,log,protocol_holdout,random_selection,2,18,11.15477643440776
HUST,set3_features,GPR,log,protocol_holdout,random_selection,2,24,13.347871150507066
HUST,set3_features,GPR,log,protocol_holdout,random_selection,2,30,13.996797769834307
HUST,set3_features,GPR,log,protocol_holdout,random_selection,2,36,14.241125029306046
HUST,set3_features,GPR,log,protocol_holdout,random_selection,2,42,14.273064450707569
HUST,set3_features,GPR,log,protocol_holdout,random_selection,2,48,13.597498020470686
HUST,set3_features,GPR,log,protocol_holdout,random_selection,2,54,12.75161964435524
HUST,set3_features,GPR,log,protocol_holdout,random_selection,2,60,11.749660918236067
HUST,set3_features,GPR,log,protocol_holdout,random_selection,2,62,11.245877498962985
HUST,set3_features,GPR,log,protocol_holdout,random_selection,3,6,16.230343125219676
HUST,set3_features,GPR,log,protocol_holdout,random_selection,3,12,18.160022472509247
HUST,set3_features,GPR,log,protocol_holdout,random_selection,3,18,17.89424955328362
HUST,set3_features,GPR,log,protocol_holdout,random_selection,3,24,18.693289191068008
HUST,set3_features,GPR,log,protocol_holdout,random_selection,3,30,17.557158737895914
HUST,set3_features,GPR,log,protocol_holdout,random_selection,3,36,10.533389584220828
HUST,set3_features,GPR,log,protocol_holdout,random_selection,3,42,7.306523240415985
HUST,set3_features,GPR,log,protocol_holdout,random_selection,3,48,7.484110588151803
HUST,set3_features,GPR,log,protocol_holdout,random_selection,3,54,10.503415685506354
HUST,set3_features,GPR,log,protocol_holdout,random_selection,3,60,9.798198672422313
HUST,set3_features,GPR,log,protocol_holdout,random_selection,3,62,10.607551996751296
HUST,set3_features,GPR,log,protocol_holdout,random_selection,4,6,13.504243928574628
HUST,set3_features,GPR,log,protocol_holdout,random_selection,4,12,14.34208419610686
HUST,set3_features,GPR,log,protocol_holdout,random_selection,4,18,13.14269287929301
HUST,set3_features,GPR,log,protocol_holdout,random_selection,4,24,11.7195273411315
HUST,set3_features,GPR,log,protocol_holdout,random_selection,4,30,13.075457757163331
HUST,set3_features,GPR,log,protocol_holdout,random_selection,4,36,12.601387581456937
HUST,set3_features,GPR,log,protocol_holdout,random_selection,4,42,12.226636170799834
HUST,set3_features,GPR,log,protocol_holdout,random_selection,4,48,9.178452768965974
HUST,set3_features,GPR,log,protocol_holdout,random_selection,4,54,8.991461456609242
HUST,set3_features,GPR,log,protocol_holdout,random_selection,4,60,8.687076584428512
HUST,set3_features,GPR,log,protocol_holdout,random_selection,4,62,9.022792880965412
HUST,set3_features,GPR,log,protocol_holdout,random_selection,5,6,13.391992901312245
HUST,set3_features,GPR,log,protocol_holdout,random_selection,5,12,12.25525961201382
HUST,set3_features,GPR,log,protocol_holdout,random_selection,5,18,11.81355173167493
HUST,set3_features,GPR,log,protocol_holdout,random_selection,5,24,12.065734836970629
HUST,set3_features,GPR,log,protocol_holdout,random_selection,5,30,12.22801978217911
HUST,set3_features,GPR,log,protocol_holdout,random_selection,5,36,13.09789597656788
HUST,set3_features,GPR,log,protocol_holdout,random_selection,5,42,11.976831082699755
HUST,set3_features,GPR,log,protocol_holdout,random_selection,5,48,12.284794551115686
HUST,set3_features,GPR,log,protocol_holdout,random_selection,5,54,12.120057919638514
HUST,set3_features,GPR,log,protocol_holdout,random_selection,5,60,13.082451761902073
HUST,set3_features,GPR,log,protocol_holdout,random_selection,5,62,12.933121128200838
HUST,set3_features,GPR,log,protocol_holdout,random_selection,6,6,18.94691406655891
HUST,set3_features,GPR,log,protocol_holdout,random_selection,6,12,14.33747800163347
HUST,set3_features,GPR,log,protocol_holdout,random_selection,6,18,10.773399842159156
HUST,set3_features,GPR,log,protocol_holdout,random_selection,6,24,12.247182106693458
HUST,set3_features,GPR,log,protocol_holdout,random_selection,6,30,11.534120607267589
HUST,set3_features,GPR,log,protocol_holdout,random_selection,6,36,11.795076067282222
HUST,set3_features,GPR,log,protocol_holdout,random_selection,6,42,9.869864099857717
HUST,set3_features,GPR,log,protocol_holdout,random_selection,6,48,10.45724655390077
HUST,set3_features,GPR,log,protocol_holdout,random_selection,6,54,9.627171627765486
HUST,set3_features,GPR,log,protocol_holdout,random_selection,6,60,9.199306128963554
HUST,set3_features,GPR,log,protocol_holdout,random_selection,6,62,10.4395571747129
HUST,set3_features,GPR,log,protocol_holdout,random_selection,7,6,32.4677271230703
HUST,set3_features,GPR,log,protocol_holdout,random_selection,7,12,25.83963916109533
HUST,set3_features,GPR,log,protocol_holdout,random_selection,7,18,23.34503629858241
HUST,set3_features,GPR,log,protocol_holdout,random_selection,7,24,20.99064687591762
HUST,set3_features,GPR,log,protocol_holdout,random_selection,7,30,19.993198683638504
HUST,set3_features,GPR,log,protocol_holdout,random_selection,7,36,19.936750443047035
HUST,set3_features,GPR,log,protocol_holdout,random_selection,7,42,17.232146803613094
HUST,set3_features,GPR,log,protocol_holdout,random_selection,7,48,15.270264711149482
HUST,set3_features,GPR,log,protocol_holdout,random_selection,7,54,16.795266017834894
HUST,set3_features,GPR,log,protocol_holdout,random_selection,7,60,15.957327740579096
HUST,set3_features,GPR,log,protocol_holdout,random_selection,7,62,15.484473167172975
HUST,set3_features,GPR,log,protocol_holdout,random_selection,8,6,24.70775115148682
HUST,set3_features,GPR,log,protocol_holdout,random_selection,8,12,16.618249218609872
HUST,set3_features,GPR,log,protocol_holdout,random_selection,8,18,17.346632404063243
HUST,set3_features,GPR,log,protocol_holdout,random_selection,8,24,16.54240941176776
HUST,set3_features,GPR,log,protocol_holdout,random_selection,8,30,17.0639269889652
HUST,set3_features,GPR,log,protocol_holdout,random_selection,8,36,18.178565443276344
HUST,set3_features,GPR,log,protocol_holdout,random_selection,8,42,18.15829320940011
HUST,set3_features,GPR,log,protocol_holdout,random_selection,8,48,19.05789339103454
HUST,set3_features,GPR,log,protocol_holdout,random_selection,8,54,17.487382046872586
HUST,set3_features,GPR,log,protocol_holdout,random_selection,8,60,18.219384331100223
HUST,set3_features,GPR,log,protocol_holdout,random_selection,8,62,18.051828548597967
HUST,set3_features,GPR,log,protocol_holdout,random_selection,9,6,12.50261141384752
HUST,set3_features,GPR,log,protocol_holdout,random_selection,9,12,10.443753982782098
HUST,set3_features,GPR,log,protocol_holdout,random_selection,9,18,11.745753110921164
HUST,set3_features,GPR,log,protocol_holdout,random_selection,9,24,11.062080846973725
HUST,set3_features,GPR,log,protocol_holdout,random_selection,9,30,9.387778587118484
HUST,set3_features,GPR,log,protocol_holdout,random_selection,9,36,9.521693893814916
HUST,set3_features,GPR,log,protocol_holdout,random_selection,9,42,9.864028860722854
HUST,set3_features,GPR,log,protocol_holdout,random_selection,9,48,9.861648786160227
HUST,set3_features,GPR,log,protocol_holdout,random_selection,9,54,10.479387349669125
HUST,set3_features,GPR,log,protocol_holdout,random_selection,9,60,10.045639429490572
HUST,set3_features,GPR,log,protocol_holdout,random_selection,9,62,9.769415576531271
HUST,set3_features,GPR,log,protocol_holdout,random_selection,10,6,24.28771674403846
HUST,set3_features,GPR,log,protocol_holdout,random_selection,10,12,12.933563936670042
HUST,set3_features,GPR,log,protocol_holdout,random_selection,10,18,16.46687462010303
HUST,set3_features,GPR,log,protocol_holdout,random_selection,10,24,16.59532091351997
HUST,set3_features,GPR,log,protocol_holdout,random_selection,10,30,17.361534070711112
HUST,set3_features,GPR,log,protocol_holdout,random_selection,10,36,14.39358538872709
HUST,set3_features,GPR,log,protocol_holdout,random_selection,10,42,13.535496013160426
HUST,set3_features,GPR,log,protocol_holdout,random_selection,10,48,16.116783145235676
HUST,set3_features,GPR,log,protocol_holdout,random_selection,10,54,14.870784463011503
HUST,set3_features,GPR,log,protocol_holdout,random_selection,10,60,14.907685883382182
HUST,set3_features,GPR,log,protocol_holdout,random_selection,10,62,14.97282669802838
HUST,set3_features,GPR,log,protocol_holdout,diversity_oneshot,1,6,12.479346789282694
HUST,set3_features,GPR,log,protocol_holdout,diversity_oneshot,1,12,9.42642450827542
HUST,set3_features,GPR,log,protocol_holdout,diversity_oneshot,1,18,9.68065893601997
HUST,set3_features,GPR,log,protocol_holdout,diversity_oneshot,1,24,10.223254503778644
HUST,set3_features,GPR,log,protocol_holdout,diversity_oneshot,1,30,9.804611723772114
HUST,set3_features,GPR,log,protocol_holdout,diversity_oneshot,1,36,10.362720561083073
HUST,set3_features,GPR,log,protocol_holdout,diversity_oneshot,1,42,9.390000682419004
HUST,set3_features,GPR,log,protocol_holdout,diversity_oneshot,1,48,9.9652197148135
HUST,set3_features,GPR,log,protocol_holdout,diversity_oneshot,1,54,9.276774881129128
HUST,set3_features,GPR,log,protocol_holdout,diversity_oneshot,1,60,9.038503174135402
HUST,set3_features,GPR,log,protocol_holdout,diversity_oneshot,1,62,9.081941958626174
HUST,set3_features,GPR,log,protocol_holdout,diversity_oneshot,2,6,21.182223748395973
HUST,set3_features,GPR,log,protocol_holdout,diversity_oneshot,2,12,25.73486895444937
HUST,set3_features,GPR,log,protocol_holdout,diversity_oneshot,2,18,12.77979003750984
HUST,set3_features,GPR,log,protocol_holdout,diversity_oneshot,2,24,16.28115742964479
HUST,set3_features,GPR,log,protocol_holdout,diversity_oneshot,2,30,14.45677866506943
HUST,set3_features,GPR,log,protocol_holdout,diversity_oneshot,2,36,13.71430909966106
HUST,set3_features,GPR,log,protocol_holdout,diversity_oneshot,2,42,9.13725979147314
HUST,set3_features,GPR,log,protocol_holdout,diversity_oneshot,2,48,9.760465613895192
HUST,set3_features,GPR,log,protocol_holdout,diversity_oneshot,2,54,11.96423010929552
HUST,set3_features,GPR,log,protocol_holdout,diversity_oneshot,2,60,11.670949680650754
HUST,set3_features,GPR,log,protocol_holdout,diversity_oneshot,2,62,11.245877498962985
HUST,set3_features,GPR,log,protocol_holdout,diversity_oneshot,3,6,13.07884004348506
HUST,set3_features,GPR,log,protocol_holdout,diversity_oneshot,3,12,17.66607115788237
HUST,set3_features,GPR,log,protocol_holdout,diversity_oneshot,3,18,16.00357136045865
HUST,set3_features,GPR,log,protocol_holdout,diversity_oneshot,3,24,14.31262004893094
HUST,set3_features,GPR,log,protocol_holdout,diversity_oneshot,3,30,14.778781605152004
HUST,set3_features,GPR,log,protocol_holdout,diversity_oneshot,3,36,13.805795525084688
HUST,set3_features,GPR,log,protocol_holdout,diversity_oneshot,3,42,21.7633112603687
HUST,set3_features,GPR,log,protocol_holdout,diversity_oneshot,3,48,13.398088386383955
HUST,set3_features,GPR,log,protocol_holdout,diversity_oneshot,3,54,12.652766907294794
HUST,set3_features,GPR,log,protocol_holdout,diversity_oneshot,3,60,12.014364853935998
HUST,set3_features,GPR,log,protocol_holdout,diversity_oneshot,3,62,10.607551996751296
HUST,set3_features,GPR,log,protocol_holdout,diversity_oneshot,4,6,14.606010307217831
HUST,set3_features,GPR,log,protocol_holdout,diversity_oneshot,4,12,14.287980451609316
HUST,set3_features,GPR,log,protocol_holdout,diversity_oneshot,4,18,16.727764431749872
HUST,set3_features,GPR,log,protocol_holdout,diversity_oneshot,4,24,11.348996131885311
HUST,set3_features,GPR,log,protocol_holdout,diversity_oneshot,4,30,16.9218193586274
HUST,set3_features,GPR,log,protocol_holdout,diversity_oneshot,4,36,9.607736072541956
HUST,set3_features,GPR,log,protocol_holdout,diversity_oneshot,4,42,10.699366826928411
HUST,set3_features,GPR,log,protocol_holdout,diversity_oneshot,4,48,8.702131350489063
HUST,set3_features,GPR,log,protocol_holdout,diversity_oneshot,4,54,8.995306516484645
HUST,set3_features,GPR,log,protocol_holdout,diversity_oneshot,4,60,9.041641565682768
HUST,set3_features,GPR,log,protocol_holdout,diversity_oneshot,4,62,9.022792880965412
HUST,set3_features,GPR,log,protocol_holdout,diversity_oneshot,5,6,15.820900629674
HUST,set3_features,GPR,log,protocol_holdout,diversity_oneshot,5,12,16.44611453421839
HUST,set3_features,GPR,log,protocol_holdout,diversity_oneshot,5,18,12.150121549871242
HUST,set3_features,GPR,log,protocol_holdout,diversity_oneshot,5,24,14.04364338619657
HUST,set3_features,GPR,log,protocol_holdout,diversity_oneshot,5,30,13.63144977369559
HUST,set3_features,GPR,log,protocol_holdout,diversity_oneshot,5,36,11.30532328224287
HUST,set3_features,GPR,log,protocol_holdout,diversity_oneshot,5,42,11.577260835947792
HUST,set3_features,GPR,log,protocol_holdout,diversity_oneshot,5,48,11.332074101223556
HUST,set3_features,GPR,log,protocol_holdout,diversity_oneshot,5,54,11.160854411031304
HUST,set3_features,GPR,log,protocol_holdout,diversity_oneshot,5,60,12.82476014905846
HUST,set3_features,GPR,log,protocol_holdout,diversity_oneshot,5,62,12.933121128200838
HUST,set3_features,GPR,log,protocol_holdout,diversity_oneshot,6,6,19.323046849252883
HUST,set3_features,GPR,log,protocol_holdout,diversity_oneshot,6,12,14.009714024871082
HUST,set3_features,GPR,log,protocol_holdout,diversity_oneshot,6,18,19.049116541681062
HUST,set3_features,GPR,log,protocol_holdout,diversity_oneshot,6,24,14.557057241791988
HUST,set3_features,GPR,log,protocol_holdout,diversity_oneshot,6,30,16.071836115621128
HUST,set3_features,GPR,log,protocol_holdout,diversity_oneshot,6,36,16.262383495297133
HUST,set3_features,GPR,log,protocol_holdout,diversity_oneshot,6,42,16.38427680232903
HUST,set3_features,GPR,log,protocol_holdout,diversity_oneshot,6,48,13.797527104465168
HUST,set3_features,GPR,log,protocol_holdout,diversity_oneshot,6,54,12.698721622300535
HUST,set3_features,GPR,log,protocol_holdout,diversity_oneshot,6,60,10.8279366406192
HUST,set3_features,GPR,log,protocol_holdout,diversity_oneshot,6,62,10.4395571747129
HUST,set3_features,GPR,log,protocol_holdout,diversity_oneshot,7,6,28.29630336050321
HUST,set3_features,GPR,log,protocol_holdout,diversity_oneshot,7,12,18.6733647902957
HUST,set3_features,GPR,log,protocol_holdout,diversity_oneshot,7,18,14.25013395554192
HUST,set3_features,GPR,log,protocol_holdout,diversity_oneshot,7,24,13.648538106178956
HUST,set3_features,GPR,log,protocol_holdout,diversity_oneshot,7,30,21.089722454292183
HUST,set3_features,GPR,log,protocol_holdout,diversity_oneshot,7,36,19.47012641007154
HUST,set3_features,GPR,log,protocol_holdout,diversity_oneshot,7,42,18.187255193316464
HUST,set3_features,GPR,log,protocol_holdout,diversity_oneshot,7,48,17.16637184475495
HUST,set3_features,GPR,log,protocol_holdout,diversity_oneshot,7,54,15.927288668309869
HUST,set3_features,GPR,log,protocol_holdout,diversity_oneshot,7,60,15.905830387246596
HUST,set3_features,GPR,log,protocol_holdout,diversity_oneshot,7,62,15.484473167172975
HUST,set3_features,GPR,log,protocol_holdout,diversity_oneshot,8,6,19.54484940445547
HUST,set3_features,GPR,log,protocol_holdout,diversity_oneshot,8,12,18.52115008835472
HUST,set3_features,GPR,log,protocol_holdout,diversity_oneshot,8,18,18.24349685594257
HUST,set3_features,GPR,log,protocol_holdout,diversity_oneshot,8,24,20.979339635969566
HUST,set3_features,GPR,log,protocol_holdout,diversity_oneshot,8,30,18.61984219909714
HUST,set3_features,GPR,log,protocol_holdout,diversity_oneshot,8,36,18.59686127969749
HUST,set3_features,GPR,log,protocol_holdout,diversity_oneshot,8,42,19.315172463637893
HUST,set3_features,GPR,log,protocol_holdout,diversity_oneshot,8,48,17.90784664951121
HUST,set3_features,GPR,log,protocol_holdout,diversity_oneshot,8,54,18.195867765260004
HUST,set3_features,GPR,log,protocol_holdout,diversity_oneshot,8,60,18.19191486472012
HUST,set3_features,GPR,log,protocol_holdout,diversity_oneshot,8,62,18.051828548597967
HUST,set3_features,GPR,log,protocol_holdout,diversity_oneshot,9,6,18.000305395459264
HUST,set3_features,GPR,log,protocol_holdout,diversity_oneshot,9,12,10.994603080176375
HUST,set3_features,GPR,log,protocol_holdout,diversity_oneshot,9,18,11.79972078285481
HUST,set3_features,GPR,log,protocol_holdout,diversity_oneshot,9,24,12.383517216438008
HUST,set3_features,GPR,log,protocol_holdout,diversity_oneshot,9,30,12.529873179053464
HUST,set3_features,GPR,log,protocol_holdout,diversity_oneshot,9,36,13.006914577432182
HUST,set3_features,GPR,log,protocol_holdout,diversity_oneshot,9,42,12.945130615923016
HUST,set3_features,GPR,log,protocol_holdout,diversity_oneshot,9,48,12.150195955892778
HUST,set3_features,GPR,log,protocol_holdout,diversity_oneshot,9,54,10.88180856420003
HUST,set3_features,GPR,log,protocol_holdout,diversity_oneshot,9,60,10.97636798122583
HUST,set3_features,GPR,log,protocol_holdout,diversity_oneshot,9,62,9.769415576531271
HUST,set3_features,GPR,log,protocol_holdout,diversity_oneshot,10,6,34.473191437586856
HUST,set3_features,GPR,log,protocol_holdout,diversity_oneshot,10,12,19.15235568915332
HUST,set3_features,GPR,log,protocol_holdout,diversity_oneshot,10,18,24.13039725403272
HUST,set3_features,GPR,log,protocol_holdout,diversity_oneshot,10,24,20.360141178636777
HUST,set3_features,GPR,log,protocol_holdout,diversity_oneshot,10,30,17.64069567030745
HUST,set3_features,GPR,log,protocol_holdout,diversity_oneshot,10,36,18.335354368282257
HUST,set3_features,GPR,log,protocol_holdout,diversity_oneshot,10,42,18.233276071425568
HUST,set3_features,GPR,log,protocol_holdout,diversity_oneshot,10,48,17.13607291329812
HUST,set3_features,GPR,log,protocol_holdout,diversity_oneshot,10,54,15.471058966411158
HUST,set3_features,GPR,log,protocol_holdout,diversity_oneshot,10,60,14.897889902242053
HUST,set3_features,GPR,log,protocol_holdout,diversity_oneshot,10,62,14.97282669802838
HUST,set3_features,GPR,log,protocol_holdout,diversity_iterative,1,6,12.479346789282694
HUST,set3_features,GPR,log,protocol_holdout,diversity_iterative,1,12,9.14514392005473
HUST,set3_features,GPR,log,protocol_holdout,diversity_iterative,1,18,10.882015012807823
HUST,set3_features,GPR,log,protocol_holdout,diversity_iterative,1,24,10.208996311998538
HUST,set3_features,GPR,log,protocol_holdout,diversity_iterative,1,30,10.0172736664475
HUST,set3_features,GPR,log,protocol_holdout,diversity_iterative,1,36,10.281730654999237
HUST,set3_features,GPR,log,protocol_holdout,diversity_iterative,1,42,10.053853021399238
HUST,set3_features,GPR,log,protocol_holdout,diversity_iterative,1,48,9.67073503920586
HUST,set3_features,GPR,log,protocol_holdout,diversity_iterative,1,54,9.552510726062344
HUST,set3_features,GPR,log,protocol_holdout,diversity_iterative,1,60,9.182832555022456
HUST,set3_features,GPR,log,protocol_holdout,diversity_iterative,1,62,9.081941958626174
HUST,set3_features,GPR,log,protocol_holdout,diversity_iterative,2,6,21.182223748395973
HUST,set3_features,GPR,log,protocol_holdout,diversity_iterative,2,12,17.1774107774099
HUST,set3_features,GPR,log,protocol_holdout,diversity_iterative,2,18,14.137228459462223
HUST,set3_features,GPR,log,protocol_holdout,diversity_iterative,2,24,16.875711843253345
HUST,set3_features,GPR,log,protocol_holdout,diversity_iterative,2,30,14.246322555734494
HUST,set3_features,GPR,log,protocol_holdout,diversity_iterative,2,36,13.52990715429879
HUST,set3_features,GPR,log,protocol_holdout,diversity_iterative,2,42,13.614941955494952
HUST,set3_features,GPR,log,protocol_holdout,diversity_iterative,2,48,13.803713066737515
HUST,set3_features,GPR,log,protocol_holdout,diversity_iterative,2,54,13.074491157726534
HUST,set3_features,GPR,log,protocol_holdout,diversity_iterative,2,60,10.851893976849365
HUST,set3_features,GPR,log,protocol_holdout,diversity_iterative,2,62,11.245877498962985
HUST,set3_features,GPR,log,protocol_holdout,diversity_iterative,3,6,13.07884004348506
HUST,set3_features,GPR,log,protocol_holdout,diversity_iterative,3,12,14.78580829234584
HUST,set3_features,GPR,log,protocol_holdout,diversity_iterative,3,18,14.9425512727018
HUST,set3_features,GPR,log,protocol_holdout,diversity_iterative,3,24,14.670498453132025
HUST,set3_features,GPR,log,protocol_holdout,diversity_iterative,3,30,13.722003447862813
HUST,set3_features,GPR,log,protocol_holdout,diversity_iterative,3,36,13.84472893106738
HUST,set3_features,GPR,log,protocol_holdout,diversity_iterative,3,42,13.504389966196992
HUST,set3_features,GPR,log,protocol_holdout,diversity_iterative,3,48,12.92356171467157
HUST,set3_features,GPR,log,protocol_holdout,diversity_iterative,3,54,11.83401633690155
HUST,set3_features,GPR,log,protocol_holdout,diversity_iterative,3,60,10.885830442688112
HUST,set3_features,GPR,log,protocol_holdout,diversity_iterative,3,62,10.607551996751296
HUST,set3_features,GPR,log,protocol_holdout,diversity_iterative,4,6,14.606010307217831
HUST,set3_features,GPR,log,protocol_holdout,diversity_iterative,4,12,13.455172857403374
HUST,set3_features,GPR,log,protocol_holdout,diversity_iterative,4,18,12.78503857397978
HUST,set3_features,GPR,log,protocol_holdout,diversity_iterative,4,24,15.014649035551658
HUST,set3_features,GPR,log,protocol_holdout,diversity_iterative,4,30,15.069616134619022
HUST,set3_features,GPR,log,protocol_holdout,diversity_iterative,4,36,10.031866836849003
HUST,set3_features,GPR,log,protocol_holdout,diversity_iterative,4,42,11.168583318483211
HUST,set3_features,GPR,log,protocol_holdout,diversity_iterative,4,48,9.790112684242787
HUST,set3_features,GPR,log,protocol_holdout,diversity_iterative,4,54,9.673262460383194
HUST,set3_features,GPR,log,protocol_holdout,diversity_iterative,4,60,9.089743023279912
HUST,set3_features,GPR,log,protocol_holdout,diversity_iterative,4,62,9.022792880965412
HUST,set3_features,GPR,log,protocol_holdout,diversity_iterative,5,6,15.820900629674
HUST,set3_features,GPR,log,protocol_holdout,diversity_iterative,5,12,13.207428554133951
HUST,set3_features,GPR,log,protocol_holdout,diversity_iterative,5,18,14.683472699666414
HUST,set3_features,GPR,log,protocol_holdout,diversity_iterative,5,24,14.847905086664948
HUST,set3_features,GPR,log,protocol_holdout,diversity_iterative,5,30,13.523948424374968
HUST,set3_features,GPR,log,protocol_holdout,diversity_iterative,5,36,12.896470501043918
HUST,set3_features,GPR,log,protocol_holdout,diversity_iterative,5,42,12.273287954982912
HUST,set3_features,GPR,log,protocol_holdout,diversity_iterative,5,48,12.94649466126664
HUST,set3_features,GPR,log,protocol_holdout,diversity_iterative,5,54,13.277396669344302
HUST,set3_features,GPR,log,protocol_holdout,diversity_iterative,5,60,13.121981144335743
HUST,set3_features,GPR,log,protocol_holdout,diversity_iterative,5,62,12.933121128200838
HUST,set3_features,GPR,log,protocol_holdout,diversity_iterative,6,6,19.323046849252883
HUST,set3_features,GPR,log,protocol_holdout,diversity_iterative,6,12,16.23320747138212
HUST,set3_features,GPR,log,protocol_holdout,diversity_iterative,6,18,14.006084521356444
HUST,set3_features,GPR,log,protocol_holdout,diversity_iterative,6,24,11.74787264161644
HUST,set3_features,GPR,log,protocol_holdout,diversity_iterative,6,30,12.585938907911432
HUST,set3_features,GPR,log,protocol_holdout,diversity_iterative,6,36,12.07366283761419
HUST,set3_features,GPR,log,protocol_holdout,diversity_iterative,6,42,14.255746504598108
HUST,set3_features,GPR,log,protocol_holdout,diversity_iterative,6,48,13.614552249223506
HUST,set3_features,GPR,log,protocol_holdout,diversity_iterative,6,54,8.969944467106467
HUST,set3_features,GPR,log,protocol_holdout,diversity_iterative,6,60,10.499203212588476
HUST,set3_features,GPR,log,protocol_holdout,diversity_iterative,6,62,10.4395571747129
HUST,set3_features,GPR,log,protocol_holdout,diversity_iterative,7,6,28.29630336050321
HUST,set3_features,GPR,log,protocol_holdout,diversity_iterative,7,12,22.10977667209997
HUST,set3_features,GPR,log,protocol_holdout,diversity_iterative,7,18,19.36434878041087
HUST,set3_features,GPR,log,protocol_holdout,diversity_iterative,7,24,16.97469498019503
HUST,set3_features,GPR,log,protocol_holdout,diversity_iterative,7,30,17.7403471193713
HUST,set3_features,GPR,log,protocol_holdout,diversity_iterative,7,36,17.358105869689496
HUST,set3_features,GPR,log,protocol_holdout,diversity_iterative,7,42,17.15909314537076
HUST,set3_features,GPR,log,protocol_holdout,diversity_iterative,7,48,19.18911186476496
HUST,set3_features,GPR,log,protocol_holdout,diversity_iterative,7,54,17.689104874874264
HUST,set3_features,GPR,log,protocol_holdout,diversity_iterative,7,60,16.157820987789922
HUST,set3_features,GPR,log,protocol_holdout,diversity_iterative,7,62,15.484473167172975
HUST,set3_features,GPR,log,protocol_holdout,diversity_iterative,8,6,19.54484940445547
HUST,set3_features,GPR,log,protocol_holdout,diversity_iterative,8,12,19.41287016793672
HUST,set3_features,GPR,log,protocol_holdout,diversity_iterative,8,18,18.60681641149656
HUST,set3_features,GPR,log,protocol_holdout,diversity_iterative,8,24,18.59438190137849
HUST,set3_features,GPR,log,protocol_holdout,diversity_iterative,8,30,19.28993250911106
HUST,set3_features,GPR,log,protocol_holdout,diversity_iterative,8,36,18.93948668566564
HUST,set3_features,GPR,log,protocol_holdout,diversity_iterative,8,42,20.76327030114547
HUST,set3_features,GPR,log,protocol_holdout,diversity_iterative,8,48,20.13141535879921
HUST,set3_features,GPR,log,protocol_holdout,diversity_iterative,8,54,20.50008676574761
HUST,set3_features,GPR,log,protocol_holdout,diversity_iterative,8,60,17.821703915862116
HUST,set3_features,GPR,log,protocol_holdout,diversity_iterative,8,62,18.051828548597967
HUST,set3_features,GPR,log,protocol_holdout,diversity_iterative,9,6,18.000305395459264
HUST,set3_features,GPR,log,protocol_holdout,diversity_iterative,9,12,13.707351061814462
HUST,set3_features,GPR,log,protocol_holdout,diversity_iterative,9,18,12.520431697534512
HUST,set3_features,GPR,log,protocol_holdout,diversity_iterative,9,24,10.942218773180498
HUST,set3_features,GPR,log,protocol_holdout,diversity_iterative,9,30,9.9441382280999
HUST,set3_features,GPR,log,protocol_holdout,diversity_iterative,9,36,8.675017101676472
HUST,set3_features,GPR,log,protocol_holdout,diversity_iterative,9,42,8.339381419498999
HUST,set3_features,GPR,log,protocol_holdout,diversity_iterative,9,48,8.045507234037059
HUST,set3_features,GPR,log,protocol_holdout,diversity_iterative,9,54,8.76188630400853
HUST,set3_features,GPR,log,protocol_holdout,diversity_iterative,9,60,9.793839296951605
HUST,set3_features,GPR,log,protocol_holdout,diversity_iterative,9,62,9.769415576531271
HUST,set3_features,GPR,log,protocol_holdout,diversity_iterative,10,6,34.473191437586856
HUST,set3_features,GPR,log,protocol_holdout,diversity_iterative,10,12,21.70301898536385
HUST,set3_features,GPR,log,protocol_holdout,diversity_iterative,10,18,16.853513514865202
HUST,set3_features,GPR,log,protocol_holdout,diversity_iterative,10,24,15.854109741072907
HUST,set3_features,GPR,log,protocol_holdout,diversity_iterative,10,30,15.85582591420522
HUST,set3_features,GPR,log,protocol_holdout,diversity_iterative,10,36,14.46946256774924
HUST,set3_features,GPR,log,protocol_holdout,diversity_iterative,10,42,14.285860779405196
HUST,set3_features,GPR,log,protocol_holdout,diversity_iterative,10,48,18.20061373533809
HUST,set3_features,GPR,log,protocol_holdout,diversity_iterative,10,54,15.089934762875377
HUST,set3_features,GPR,log,protocol_holdout,diversity_iterative,10,60,15.153515596150609
HUST,set3_features,GPR,log,protocol_holdout,diversity_iterative,10,62,14.97282669802838
HUST,set3_features,GPR,log,protocol_holdout,coverage,1,6,12.069694211946798
HUST,set3_features,GPR,log,protocol_holdout,coverage,1,12,10.964563822363658
HUST,set3_features,GPR,log,protocol_holdout,coverage,1,18,9.591625369374038
HUST,set3_features,GPR,log,protocol_holdout,coverage,1,24,9.409583246198236
HUST,set3_features,GPR,log,protocol_holdout,coverage,1,30,8.999910940971986
HUST,set3_features,GPR,log,protocol_holdout,coverage,1,36,8.194912627187314
HUST,set3_features,GPR,log,protocol_holdout,coverage,1,42,9.093670206849644
HUST,set3_features,GPR,log,protocol_holdout,coverage,1,48,8.884749099194442
HUST,set3_features,GPR,log,protocol_holdout,coverage,1,54,8.810767772847772
HUST,set3_features,GPR,log,protocol_holdout,coverage,1,60,9.05317572371472
HUST,set3_features,GPR,log,protocol_holdout,coverage,1,62,9.081941958626174
HUST,set3_features,GPR,log,protocol_holdout,coverage,2,6,17.97469601965889
HUST,set3_features,GPR,log,protocol_holdout,coverage,2,12,13.51994825098747
HUST,set3_features,GPR,log,protocol_holdout,coverage,2,18,15.215221568549604
HUST,set3_features,GPR,log,protocol_holdout,coverage,2,24,13.130381420159612
HUST,set3_features,GPR,log,protocol_holdout,coverage,2,30,13.791894242139149
HUST,set3_features,GPR,log,protocol_holdout,coverage,2,36,12.89943764821545
HUST,set3_features,GPR,log,protocol_holdout,coverage,2,42,15.646575275997233
HUST,set3_features,GPR,log,protocol_holdout,coverage,2,48,14.800505414422709
HUST,set3_features,GPR,log,protocol_holdout,coverage,2,54,13.860689230611207
HUST,set3_features,GPR,log,protocol_holdout,coverage,2,60,11.670949680650754
HUST,set3_features,GPR,log,protocol_holdout,coverage,2,62,11.245877498962985
HUST,set3_features,GPR,log,protocol_holdout,coverage,3,6,16.230343125219676
HUST,set3_features,GPR,log,protocol_holdout,coverage,3,12,16.218150577737315
HUST,set3_features,GPR,log,protocol_holdout,coverage,3,18,14.385610795655309
HUST,set3_features,GPR,log,protocol_holdout,coverage,3,24,14.934959006288226
HUST,set3_features,GPR,log,protocol_holdout,coverage,3,30,11.424551973460794
HUST,set3_features,GPR,log,protocol_holdout,coverage,3,36,10.94755622218202
HUST,set3_features,GPR,log,protocol_holdout,coverage,3,42,12.696967203097197
HUST,set3_features,GPR,log,protocol_holdout,coverage,3,48,11.309798338701622
HUST,set3_features,GPR,log,protocol_holdout,coverage,3,54,12.230068125686664
HUST,set3_features,GPR,log,protocol_holdout,coverage,3,60,11.025751633680732
HUST,set3_features,GPR,log,protocol_holdout,coverage,3,62,10.607551996751296
HUST,set3_features,GPR,log,protocol_holdout,coverage,4,6,13.504243928574628
HUST,set3_features,GPR,log,protocol_holdout,coverage,4,12,13.225126048563247
HUST,set3_features,GPR,log,protocol_holdout,coverage,4,18,10.34599088528448
HUST,set3_features,GPR,log,protocol_holdout,coverage,4,24,10.485226722473987
HUST,set3_features,GPR,log,protocol_holdout,coverage,4,30,9.681038928584208
HUST,set3_features,GPR,log,protocol_holdout,coverage,4,36,9.464423005317617
HUST,set3_features,GPR,log,protocol_holdout,coverage,4,42,8.962906697755342
HUST,set3_features,GPR,log,protocol_holdout,coverage,4,48,9.090419191962186
HUST,set3_features,GPR,log,protocol_holdout,coverage,4,54,9.035644614129572
HUST,set3_features,GPR,log,protocol_holdout,coverage,4,60,9.041641565682768
HUST,set3_features,GPR,log,protocol_holdout,coverage,4,62,9.022792880965412
HUST,set3_features,GPR,log,protocol_holdout,coverage,5,6,13.391992901312245
HUST,set3_features,GPR,log,protocol_holdout,coverage,5,12,10.318731205111895
HUST,set3_features,GPR,log,protocol_holdout,coverage,5,18,10.487947663458614
HUST,set3_features,GPR,log,protocol_holdout,coverage,5,24,13.56358710943545
HUST,set3_features,GPR,log,protocol_holdout,coverage,5,30,11.889955345408769
HUST,set3_features,GPR,log,protocol_holdout,coverage,5,36,11.676844503478632
HUST,set3_features,GPR,log,protocol_holdout,coverage,5,42,11.809068210134162
HUST,set3_features,GPR,log,protocol_holdout,coverage,5,48,12.24323491611399
HUST,set3_features,GPR,log,protocol_holdout,coverage,5,54,12.142890143971158
HUST,set3_features,GPR,log,protocol_holdout,coverage,5,60,12.8142688038389
HUST,set3_features,GPR,log,protocol_holdout,coverage,5,62,12.933121128200838
HUST,set3_features,GPR,log,protocol_holdout,coverage,6,6,18.94691406655891
HUST,set3_features,GPR,log,protocol_holdout,coverage,6,12,18.180216067336445
HUST,set3_features,GPR,log,protocol_holdout,coverage,6,18,16.21585090355275
HUST,set3_features,GPR,log,protocol_holdout,coverage,6,24,16.622364318692043
HUST,set3_features,GPR,log,protocol_holdout,coverage,6,30,16.3926167701462
HUST,set3_features,GPR,log,protocol_holdout,coverage,6,36,12.179716703151684
HUST,set3_features,GPR,log,protocol_holdout,coverage,6,42,10.465119632416226
HUST,set3_features,GPR,log,protocol_holdout,coverage,6,48,10.778703134909492
HUST,set3_features,GPR,log,protocol_holdout,coverage,6,54,10.1959336555747
HUST,set3_features,GPR,log,protocol_holdout,coverage,6,60,11.081292963754262
HUST,set3_features,GPR,log,protocol_holdout,coverage,6,62,10.4395571747129
HUST,set3_features,GPR,log,protocol_holdout,coverage,7,6,32.4677271230703
HUST,set3_features,GPR,log,protocol_holdout,coverage,7,12,19.2598102067272
HUST,set3_features,GPR,log,protocol_holdout,coverage,7,18,17.41878048615646
HUST,set3_features,GPR,log,protocol_holdout,coverage,7,24,20.65521153379476
HUST,set3_features,GPR,log,protocol_holdout,coverage,7,30,16.44579826640844
HUST,set3_features,GPR,log,protocol_holdout,coverage,7,36,18.17970413738221
HUST,set3_features,GPR,log,protocol_holdout,coverage,7,42,18.69599474035793
HUST,set3_features,GPR,log,protocol_holdout,coverage,7,48,18.736845989564166
HUST,set3_features,GPR,log,protocol_holdout,coverage,7,54,16.68727424662039
HUST,set3_features,GPR,log,protocol_holdout,coverage,7,60,15.76319811054395
HUST,set3_features,GPR,log,protocol_holdout,coverage,7,62,15.484473167172975
HUST,set3_features,GPR,log,protocol_holdout,coverage,8,6,24.70775115148682
HUST,set3_features,GPR,log,protocol_holdout,coverage,8,12,22.845563323165308
HUST,set3_features,GPR,log,protocol_holdout,coverage,8,18,22.657663305720725
HUST,set3_features,GPR,log,protocol_holdout,coverage,8,24,15.665677265059813
HUST,set3_features,GPR,log,protocol_holdout,coverage,8,30,20.210638756121543
HUST,set3_features,GPR,log,protocol_holdout,coverage,8,36,20.214993798495744
HUST,set3_features,GPR,log,protocol_holdout,coverage,8,42,17.75318677046481
HUST,set3_features,GPR,log,protocol_holdout,coverage,8,48,17.981393808886175
HUST,set3_features,GPR,log,protocol_holdout,coverage,8,54,17.767485096495044
HUST,set3_features,GPR,log,protocol_holdout,coverage,8,60,17.706485894097344
HUST,set3_features,GPR,log,protocol_holdout,coverage,8,62,18.051828548597967
HUST,set3_features,GPR,log,protocol_holdout,coverage,9,6,12.50261141384752
HUST,set3_features,GPR,log,protocol_holdout,coverage,9,12,11.234062979393896
HUST,set3_features,GPR,log,protocol_holdout,coverage,9,18,10.211102508913807
HUST,set3_features,GPR,log,protocol_holdout,coverage,9,24,9.893374665360572
HUST,set3_features,GPR,log,protocol_holdout,coverage,9,30,9.74871576197602
HUST,set3_features,GPR,log,protocol_holdout,coverage,9,36,10.98476976272877
HUST,set3_features,GPR,log,protocol_holdout,coverage,9,42,8.956959714074248
HUST,set3_features,GPR,log,protocol_holdout,coverage,9,48,10.805913997478878
HUST,set3_features,GPR,log,protocol_holdout,coverage,9,54,10.9169830680639
HUST,set3_features,GPR,log,protocol_holdout,coverage,9,60,10.425173148352624
HUST,set3_features,GPR,log,protocol_holdout,coverage,9,62,9.769415576531271
HUST,set3_features,GPR,log,protocol_holdout,coverage,10,6,24.28771674403846
HUST,set3_features,GPR,log,protocol_holdout,coverage,10,12,23.8943343938258
HUST,set3_features,GPR,log,protocol_holdout,coverage,10,18,13.875924488152735
HUST,set3_features,GPR,log,protocol_holdout,coverage,10,24,12.302018363024894
HUST,set3_features,GPR,log,protocol_holdout,coverage,10,30,13.224915539459634
HUST,set3_features,GPR,log,protocol_holdout,coverage,10,36,13.042426777585664
HUST,set3_features,GPR,log,protocol_holdout,coverage,10,42,13.599815226413568
HUST,set3_features,GPR,log,protocol_holdout,coverage,10,48,13.006888247770249
HUST,set3_features,GPR,log,protocol_holdout,coverage,10,54,14.601823258498923
HUST,set3_features,GPR,log,protocol_holdout,coverage,10,60,15.5899482055182
HUST,set3_features,GPR,log,protocol_holdout,coverage,10,62,14.97282669802838
HUST,set3_features,GPR,log,protocol_holdout,exploration,1,6,12.069694211946798
HUST,set3_features,GPR,log,protocol_holdout,exploration,1,12,10.964563822363658
HUST,set3_features,GPR,log,protocol_holdout,exploration,1,18,9.316072128993191
HUST,set3_features,GPR,log,protocol_holdout,exploration,1,24,9.234608161797954
HUST,set3_features,GPR,log,protocol_holdout,exploration,1,30,9.774858784511638
HUST,set3_features,GPR,log,protocol_holdout,exploration,1,36,9.842943756869412
HUST,set3_features,GPR,log,protocol_holdout,exploration,1,42,9.835944397264342
HUST,set3_features,GPR,log,protocol_holdout,exploration,1,48,9.71054444920511
HUST,set3_features,GPR,log,protocol_holdout,exploration,1,54,9.008568863774888
HUST,set3_features,GPR,log,protocol_holdout,exploration,1,60,9.045387043710887
HUST,set3_features,GPR,log,protocol_holdout,exploration,1,62,9.081941958626174
HUST,set3_features,GPR,log,protocol_holdout,exploration,2,6,17.97469601965889
HUST,set3_features,GPR,log,protocol_holdout,exploration,2,12,13.51994825098747
HUST,set3_features,GPR,log,protocol_holdout,exploration,2,18,13.533452621583168
HUST,set3_features,GPR,log,protocol_holdout,exploration,2,24,14.351649535240432
HUST,set3_features,GPR,log,protocol_holdout,exploration,2,30,14.12026574078406
HUST,set3_features,GPR,log,protocol_holdout,exploration,2,36,12.289280180858194
HUST,set3_features,GPR,log,protocol_holdout,exploration,2,42,14.241923999785348
HUST,set3_features,GPR,log,protocol_holdout,exploration,2,48,14.21143882655186
HUST,set3_features,GPR,log,protocol_holdout,exploration,2,54,12.91649168514342
HUST,set3_features,GPR,log,protocol_holdout,exploration,2,60,11.580388129625293
HUST,set3_features,GPR,log,protocol_holdout,exploration,2,62,11.245877498962985
HUST,set3_features,GPR,log,protocol_holdout,exploration,3,6,16.230343125219676
HUST,set3_features,GPR,log,protocol_holdout,exploration,3,12,21.14977674364392
HUST,set3_features,GPR,log,protocol_holdout,exploration,3,18,15.45045775612298
HUST,set3_features,GPR,log,protocol_holdout,exploration,3,24,15.012361465436936
HUST,set3_features,GPR,log,protocol_holdout,exploration,3,30,13.13795245552102
HUST,set3_features,GPR,log,protocol_holdout,exploration,3,36,13.233684883222008
HUST,set3_features,GPR,log,protocol_holdout,exploration,3,42,13.677208405832667
HUST,set3_features,GPR,log,protocol_holdout,exploration,3,48,11.112870641516116
HUST,set3_features,GPR,log,protocol_holdout,exploration,3,54,12.309319738327773
HUST,set3_features,GPR,log,protocol_holdout,exploration,3,60,10.926504486032886
HUST,set3_features,GPR,log,protocol_holdout,exploration,3,62,10.607551996751296
HUST,set3_features,GPR,log,protocol_holdout,exploration,4,6,13.504243928574628
HUST,set3_features,GPR,log,protocol_holdout,exploration,4,12,12.352176797887106
HUST,set3_features,GPR,log,protocol_holdout,exploration,4,18,10.514395669976455
HUST,set3_features,GPR,log,protocol_holdout,exploration,4,24,10.571008609729134
HUST,set3_features,GPR,log,protocol_holdout,exploration,4,30,11.985984958390803
HUST,set3_features,GPR,log,protocol_holdout,exploration,4,36,11.469659916767297
HUST,set3_features,GPR,log,protocol_holdout,exploration,4,42,9.077332808276898
HUST,set3_features,GPR,log,protocol_holdout,exploration,4,48,8.880262245761731
HUST,set3_features,GPR,log,protocol_holdout,exploration,4,54,9.015666071494774
HUST,set3_features,GPR,log,protocol_holdout,exploration,4,60,9.025411679320856
HUST,set3_features,GPR,log,protocol_holdout,exploration,4,62,9.022792880965412
HUST,set3_features,GPR,log,protocol_holdout,exploration,5,6,13.391992901312245
HUST,set3_features,GPR,log,protocol_holdout,exploration,5,12,10.318731205111895
HUST,set3_features,GPR,log,protocol_holdout,exploration,5,18,12.101110053908444
HUST,set3_features,GPR,log,protocol_holdout,exploration,5,24,13.191759102247866
HUST,set3_features,GPR,log,protocol_holdout,exploration,5,30,12.751462793148058
HUST,set3_features,GPR,log,protocol_holdout,exploration,5,36,12.585859504790667
HUST,set3_features,GPR,log,protocol_holdout,exploration,5,42,13.076952738577685
HUST,set3_features,GPR,log,protocol_holdout,exploration,5,48,12.66854908056666
HUST,set3_features,GPR,log,protocol_holdout,exploration,5,54,12.507981448739844
HUST,set3_features,GPR,log,protocol_holdout,exploration,5,60,12.89837764541852
HUST,set3_features,GPR,log,protocol_holdout,exploration,5,62,12.933121128200838
HUST,set3_features,GPR,log,protocol_holdout,exploration,6,6,18.94691406655891
HUST,set3_features,GPR,log,protocol_holdout,exploration,6,12,18.180216067336445
HUST,set3_features,GPR,log,protocol_holdout,exploration,6,18,15.817438656524953
HUST,set3_features,GPR,log,protocol_holdout,exploration,6,24,16.008768976242116
HUST,set3_features,GPR,log,protocol_holdout,exploration,6,30,12.579447098574098
HUST,set3_features,GPR,log,protocol_holdout,exploration,6,36,11.9987537562815
HUST,set3_features,GPR,log,protocol_holdout,exploration,6,42,12.697320170166066
HUST,set3_features,GPR,log,protocol_holdout,exploration,6,48,13.8456987578372
HUST,set3_features,GPR,log,protocol_holdout,exploration,6,54,12.39659056919825
HUST,set3_features,GPR,log,protocol_holdout,exploration,6,60,10.698238802304514
HUST,set3_features,GPR,log,protocol_holdout,exploration,6,62,10.4395571747129
HUST,set3_features,GPR,log,protocol_holdout,exploration,7,6,32.4677271230703
HUST,set3_features,GPR,log,protocol_holdout,exploration,7,12,19.2598102067272
HUST,set3_features,GPR,log,protocol_holdout,exploration,7,18,17.41878048615646
HUST,set3_features,GPR,log,protocol_holdout,exploration,7,24,19.397432858620324
HUST,set3_features,GPR,log,protocol_holdout,exploration,7,30,16.40722409661893
HUST,set3_features,GPR,log,protocol_holdout,exploration,7,36,16.09987687314072
HUST,set3_features,GPR,log,protocol_holdout,exploration,7,42,15.279784594429056
HUST,set3_features,GPR,log,protocol_holdout,exploration,7,48,17.847214799054463
HUST,set3_features,GPR,log,protocol_holdout,exploration,7,54,16.538685584899547
HUST,set3_features,GPR,log,protocol_holdout,exploration,7,60,15.704074628909224
HUST,set3_features,GPR,log,protocol_holdout,exploration,7,62,15.484473167172975
HUST,set3_features,GPR,log,protocol_holdout,exploration,8,6,24.70775115148682
HUST,set3_features,GPR,log,protocol_holdout,exploration,8,12,20.402410014372897
HUST,set3_features,GPR,log,protocol_holdout,exploration,8,18,21.45701131904065
HUST,set3_features,GPR,log,protocol_holdout,exploration,8,24,20.143072630116613
HUST,set3_features,GPR,log,protocol_holdout,exploration,8,30,18.89354306008649
HUST,set3_features,GPR,log,protocol_holdout,exploration,8,36,19.605070263989138
HUST,set3_features,GPR,log,protocol_holdout,exploration,8,42,19.48889567456109
HUST,set3_features,GPR,log,protocol_holdout,exploration,8,48,18.316765936942968
HUST,set3_features,GPR,log,protocol_holdout,exploration,8,54,17.507188586258803
HUST,set3_features,GPR,log,protocol_holdout,exploration,8,60,18.312176490316563
HUST,set3_features,GPR,log,protocol_holdout,exploration,8,62,18.051828548597967
HUST,set3_features,GPR,log,protocol_holdout,exploration,9,6,12.50261141384752
HUST,set3_features,GPR,log,protocol_holdout,exploration,9,12,11.234062979393896
HUST,set3_features,GPR,log,protocol_holdout,exploration,9,18,10.24755204725454
HUST,set3_features,GPR,log,protocol_holdout,exploration,9,24,9.951041206001504
HUST,set3_features,GPR,log,protocol_holdout,exploration,9,30,10.493450172321332
HUST,set3_features,GPR,log,protocol_holdout,exploration,9,36,10.7790345112209
HUST,set3_features,GPR,log,protocol_holdout,exploration,9,42,11.100088114993348
HUST,set3_features,GPR,log,protocol_holdout,exploration,9,48,10.81292959021279
HUST,set3_features,GPR,log,protocol_holdout,exploration,9,54,10.112189663215249
HUST,set3_features,GPR,log,protocol_holdout,exploration,9,60,9.71691507987178
HUST,set3_features,GPR,log,protocol_holdout,exploration,9,62,9.769415576531271
HUST,set3_features,GPR,log,protocol_holdout,exploration,10,6,24.28771674403846
HUST,set3_features,GPR,log,protocol_holdout,exploration,10,12,22.1442417486789
HUST,set3_features,GPR,log,protocol_holdout,exploration,10,18,11.706475633749694
HUST,set3_features,GPR,log,protocol_holdout,exploration,10,24,12.76526290344714
HUST,set3_features,GPR,log,protocol_holdout,exploration,10,30,13.1176595724965
HUST,set3_features,GPR,log,protocol_holdout,exploration,10,36,13.907280129714742
HUST,set3_features,GPR,log,protocol_holdout,exploration,10,42,13.783742176333853
HUST,set3_features,GPR,log,protocol_holdout,exploration,10,48,15.109727880375548
HUST,set3_features,GPR,log,protocol_holdout,exploration,10,54,14.62491446347361
HUST,set3_features,GPR,log,protocol_holdout,exploration,10,60,15.02510316520771
HUST,set3_features,GPR,log,protocol_holdout,exploration,10,62,14.97282669802838
HUST,set3_features,GPR,log,protocol_holdout,exploitation,1,6,12.069694211946798
HUST,set3_features,GPR,log,protocol_holdout,exploitation,1,12,12.905767438700916
HUST,set3_features,GPR,log,protocol_holdout,exploitation,1,18,12.592882301676076
HUST,set3_features,GPR,log,protocol_holdout,exploitation,1,24,10.692622863964129
HUST,set3_features,GPR,log,protocol_holdout,exploitation,1,30,9.803955723380115
HUST,set3_features,GPR,log,protocol_holdout,exploitation,1,36,11.557944282780014
HUST,set3_features,GPR,log,protocol_holdout,exploitation,1,42,9.323714444838645
HUST,set3_features,GPR,log,protocol_holdout,exploitation,1,48,10.42245467472235
HUST,set3_features,GPR,log,protocol_holdout,exploitation,1,54,9.742151440151725
HUST,set3_features,GPR,log,protocol_holdout,exploitation,1,60,9.342883405005304
HUST,set3_features,GPR,log,protocol_holdout,exploitation,1,62,9.081941958626174
HUST,set3_features,GPR,log,protocol_holdout,exploitation,2,6,17.97469601965889
HUST,set3_features,GPR,log,protocol_holdout,exploitation,2,12,18.43509117714664
HUST,set3_features,GPR,log,protocol_holdout,exploitation,2,18,15.147197985498073
HUST,set3_features,GPR,log,protocol_holdout,exploitation,2,24,14.174000022178246
HUST,set3_features,GPR,log,protocol_holdout,exploitation,2,30,14.061517438219289
HUST,set3_features,GPR,log,protocol_holdout,exploitation,2,36,11.222896855003247
HUST,set3_features,GPR,log,protocol_holdout,exploitation,2,42,10.631692033525349
HUST,set3_features,GPR,log,protocol_holdout,exploitation,2,48,10.23704445992574
HUST,set3_features,GPR,log,protocol_holdout,exploitation,2,54,9.861647516616934
HUST,set3_features,GPR,log,protocol_holdout,exploitation,2,60,9.882194765606352
HUST,set3_features,GPR,log,protocol_holdout,exploitation,2,62,11.245877498962985
HUST,set3_features,GPR,log,protocol_holdout,exploitation,3,6,16.230343125219676
HUST,set3_features,GPR,log,protocol_holdout,exploitation,3,12,18.41968825644371
HUST,set3_features,GPR,log,protocol_holdout,exploitation,3,18,18.521033003743177
HUST,set3_features,GPR,log,protocol_holdout,exploitation,3,24,17.214134053683033
HUST,set3_features,GPR,log,protocol_holdout,exploitation,3,30,13.1465679909921
HUST,set3_features,GPR,log,protocol_holdout,exploitation,3,36,12.696243745825996
HUST,set3_features,GPR,log,protocol_holdout,exploitation,3,42,12.076972567801276
HUST,set3_features,GPR,log,protocol_holdout,exploitation,3,48,12.66148277300191
HUST,set3_features,GPR,log,protocol_holdout,exploitation,3,54,12.359204215627908
HUST,set3_features,GPR,log,protocol_holdout,exploitation,3,60,10.736519936835755
HUST,set3_features,GPR,log,protocol_holdout,exploitation,3,62,10.607551996751296
HUST,set3_features,GPR,log,protocol_holdout,exploitation,4,6,13.504243928574628
HUST,set3_features,GPR,log,protocol_holdout,exploitation,4,12,15.23762457031124
HUST,set3_features,GPR,log,protocol_holdout,exploitation,4,18,13.910753191057731
HUST,set3_features,GPR,log,protocol_holdout,exploitation,4,24,12.178268898886934
HUST,set3_features,GPR,log,protocol_holdout,exploitation,4,30,13.631378711063668
HUST,set3_features,GPR,log,protocol_holdout,exploitation,4,36,13.37766971818288
HUST,set3_features,GPR,log,protocol_holdout,exploitation,4,42,10.144046856273082
HUST,set3_features,GPR,log,protocol_holdout,exploitation,4,48,9.445330823661786
HUST,set3_features,GPR,log,protocol_holdout,exploitation,4,54,9.120245069568751
HUST,set3_features,GPR,log,protocol_holdout,exploitation,4,60,9.00693524155924
HUST,set3_features,GPR,log,protocol_holdout,exploitation,4,62,9.022792880965412
HUST,set3_features,GPR,log,protocol_holdout,exploitation,5,6,13.391992901312245
HUST,set3_features,GPR,log,protocol_holdout,exploitation,5,12,16.682720062138994
HUST,set3_features,GPR,log,protocol_holdout,exploitation,5,18,11.562908403127116
HUST,set3_features,GPR,log,protocol_holdout,exploitation,5,24,11.330631023475116
HUST,set3_features,GPR,log,protocol_holdout,exploitation,5,30,12.765598462066668
HUST,set3_features,GPR,log,protocol_holdout,exploitation,5,36,12.635168253228422
HUST,set3_features,GPR,log,protocol_holdout,exploitation,5,42,12.026815383911105
HUST,set3_features,GPR,log,protocol_holdout,exploitation,5,48,11.471656409465515
HUST,set3_features,GPR,log,protocol_holdout,exploitation,5,54,11.54701290298822
HUST,set3_features,GPR,log,protocol_holdout,exploitation,5,60,12.796975540128102
HUST,set3_features,GPR,log,protocol_holdout,exploitation,5,62,12.933121128200838
HUST,set3_features,GPR,log,protocol_holdout,exploitation,6,6,18.94691406655891
HUST,set3_features,GPR,log,protocol_holdout,exploitation,6,12,21.11080351024172
HUST,set3_features,GPR,log,protocol_holdout,exploitation,6,18,17.84536453619869
HUST,set3_features,GPR,log,protocol_holdout,exploitation,6,24,12.682778114581575
HUST,set3_features,GPR,log,protocol_holdout,exploitation,6,30,11.04822123730592
HUST,set3_features,GPR,log,protocol_holdout,exploitation,6,36,11.117225101231668
HUST,set3_features,GPR,log,protocol_holdout,exploitation,6,42,10.568181795771322
HUST,set3_features,GPR,log,protocol_holdout,exploitation,6,48,12.889601338576217
HUST,set3_features,GPR,log,protocol_holdout,exploitation,6,54,11.655909259715802
HUST,set3_features,GPR,log,protocol_holdout,exploitation,6,60,10.985587706422772
HUST,set3_features,GPR,log,protocol_holdout,exploitation,6,62,10.4395571747129
HUST,set3_features,GPR,log,protocol_holdout,exploitation,7,6,32.4677271230703
HUST,set3_features,GPR,log,protocol_holdout,exploitation,7,12,24.827946634301664
HUST,set3_features,GPR,log,protocol_holdout,exploitation,7,18,22.44533352023913
HUST,set3_features,GPR,log,protocol_holdout,exploitation,7,24,21.92367577230193
HUST,set3_features,GPR,log,protocol_holdout,exploitation,7,30,21.242884697557475
HUST,set3_features,GPR,log,protocol_holdout,exploitation,7,36,20.67851234193521
HUST,set3_features,GPR,log,protocol_holdout,exploitation,7,42,19.43625676750185
HUST,set3_features,GPR,log,protocol_holdout,exploitation,7,48,17.411597478660614
HUST,set3_features,GPR,log,protocol_holdout,exploitation,7,54,17.005947474920347
HUST,set3_features,GPR,log,protocol_holdout,exploitation,7,60,15.76319811054395
HUST,set3_features,GPR,log,protocol_holdout,exploitation,7,62,15.484473167172975
HUST,set3_features,GPR,log,protocol_holdout,exploitation,8,6,24.70775115148682
HUST,set3_features,GPR,log,protocol_holdout,exploitation,8,12,22.952740469093268
HUST,set3_features,GPR,log,protocol_holdout,exploitation,8,18,19.87744578961054
HUST,set3_features,GPR,log,protocol_holdout,exploitation,8,24,20.82159129225132
HUST,set3_features,GPR,log,protocol_holdout,exploitation,8,30,19.41808933309112
HUST,set3_features,GPR,log,protocol_holdout,exploitation,8,36,19.556174864526007
HUST,set3_features,GPR,log,protocol_holdout,exploitation,8,42,20.56308928470169
HUST,set3_features,GPR,log,protocol_holdout,exploitation,8,48,20.302409748100764
HUST,set3_features,GPR,log,protocol_holdout,exploitation,8,54,17.52167801899375
HUST,set3_features,GPR,log,protocol_holdout,exploitation,8,60,20.554534470970623
HUST,set3_features,GPR,log,protocol_holdout,exploitation,8,62,18.051828548597967
HUST,set3_features,GPR,log,protocol_holdout,exploitation,9,6,12.50261141384752
HUST,set3_features,GPR,log,protocol_holdout,exploitation,9,12,11.1977026772948
HUST,set3_features,GPR,log,protocol_holdout,exploitation,9,18,11.596236827105622
HUST,set3_features,GPR,log,protocol_holdout,exploitation,9,24,11.945799856329636
HUST,set3_features,GPR,log,protocol_holdout,exploitation,9,30,12.451843853637335
HUST,set3_features,GPR,log,protocol_holdout,exploitation,9,36,11.235880675018532
HUST,set3_features,GPR,log,protocol_holdout,exploitation,9,42,11.387993052603049
HUST,set3_features,GPR,log,protocol_holdout,exploitation,9,48,11.466831885002248
HUST,set3_features,GPR,log,protocol_holdout,exploitation,9,54,10.094249307287267
HUST,set3_features,GPR,log,protocol_holdout,exploitation,9,60,9.761861582314792
HUST,set3_features,GPR,log,protocol_holdout,exploitation,9,62,9.769415576531271
HUST,set3_features,GPR,log,protocol_holdout,exploitation,10,6,24.28771674403846
HUST,set3_features,GPR,log,protocol_holdout,exploitation,10,12,22.50495532229754
HUST,set3_features,GPR,log,protocol_holdout,exploitation,10,18,21.659781449318288
HUST,set3_features,GPR,log,protocol_holdout,exploitation,10,24,19.22645540407128
HUST,set3_features,GPR,log,protocol_holdout,exploitation,10,30,18.13707958182163
HUST,set3_features,GPR,log,protocol_holdout,exploitation,10,36,15.440989990999906
HUST,set3_features,GPR,log,protocol_holdout,exploitation,10,42,15.76920330155202
HUST,set3_features,GPR,log,protocol_holdout,exploitation,10,48,16.03221624563858
HUST,set3_features,GPR,log,protocol_holdout,exploitation,10,54,15.714866110411023
HUST,set3_features,GPR,log,protocol_holdout,exploitation,10,60,15.109453433119649
HUST,set3_features,GPR,log,protocol_holdout,exploitation,10,62,14.97282669802838
HUST,set3_features,GPR,log,protocol_holdout,hybrid,1,6,12.069694211946798
HUST,set3_features,GPR,log,protocol_holdout,hybrid,1,12,10.425453987334995
HUST,set3_features,GPR,log,protocol_holdout,hybrid,1,18,9.579973682109436
HUST,set3_features,GPR,log,protocol_holdout,hybrid,1,24,9.254721337108828
HUST,set3_features,GPR,log,protocol_holdout,hybrid,1,30,9.368482003813847
HUST,set3_features,GPR,log,protocol_holdout,hybrid,1,36,9.056709432147937
HUST,set3_features,GPR,log,protocol_holdout,hybrid,1,42,8.750046224552717
HUST,set3_features,GPR,log,protocol_holdout,hybrid,1,48,8.739835920012485
HUST,set3_features,GPR,log,protocol_holdout,hybrid,1,54,8.966266727299594
HUST,set3_features,GPR,log,protocol_holdout,hybrid,1,60,9.046501405700196
HUST,set3_features,GPR,log,protocol_holdout,hybrid,1,62,9.081941958626174
HUST,set3_features,GPR,log,protocol_holdout,hybrid,2,6,17.97469601965889
HUST,set3_features,GPR,log,protocol_holdout,hybrid,2,12,13.486198487444682
HUST,set3_features,GPR,log,protocol_holdout,hybrid,2,18,13.174694940910207
HUST,set3_features,GPR,log,protocol_holdout,hybrid,2,24,13.866757904384343
HUST,set3_features,GPR,log,protocol_holdout,hybrid,2,30,12.901116990194458
HUST,set3_features,GPR,log,protocol_holdout,hybrid,2,36,22.10984098949875
HUST,set3_features,GPR,log,protocol_holdout,hybrid,2,42,14.765033049596964
HUST,set3_features,GPR,log,protocol_holdout,hybrid,2,48,12.944430277044836
HUST,set3_features,GPR,log,protocol_holdout,hybrid,2,54,12.628397707994065
HUST,set3_features,GPR,log,protocol_holdout,hybrid,2,60,11.528109211111891
HUST,set3_features,GPR,log,protocol_holdout,hybrid,2,62,11.245877498962985
HUST,set3_features,GPR,log,protocol_holdout,hybrid,3,6,16.230343125219676
HUST,set3_features,GPR,log,protocol_holdout,hybrid,3,12,14.324034227022883
HUST,set3_features,GPR,log,protocol_holdout,hybrid,3,18,15.22816785300734
HUST,set3_features,GPR,log,protocol_holdout,hybrid,3,24,14.130026129404088
HUST,set3_features,GPR,log,protocol_holdout,hybrid,3,30,12.981186870923947
HUST,set3_features,GPR,log,protocol_holdout,hybrid,3,36,13.543035956818846
HUST,set3_features,GPR,log,protocol_holdout,hybrid,3,42,13.338868187248591
HUST,set3_features,GPR,log,protocol_holdout,hybrid,3,48,12.989068110044702
HUST,set3_features,GPR,log,protocol_holdout,hybrid,3,54,12.19020442422645
HUST,set3_features,GPR,log,protocol_holdout,hybrid,3,60,10.911889847499973
HUST,set3_features,GPR,log,protocol_holdout,hybrid,3,62,10.607551996751296
HUST,set3_features,GPR,log,protocol_holdout,hybrid,4,6,13.504243928574628
HUST,set3_features,GPR,log,protocol_holdout,hybrid,4,12,12.44684411813576
HUST,set3_features,GPR,log,protocol_holdout,hybrid,4,18,12.022744217416047
HUST,set3_features,GPR,log,protocol_holdout,hybrid,4,24,10.927930910575077
HUST,set3_features,GPR,log,protocol_holdout,hybrid,4,30,9.635964593780772
HUST,set3_features,GPR,log,protocol_holdout,hybrid,4,36,10.144721381209658
HUST,set3_features,GPR,log,protocol_holdout,hybrid,4,42,9.254225407299984
HUST,set3_features,GPR,log,protocol_holdout,hybrid,4,48,9.09270845453872
HUST,set3_features,GPR,log,protocol_holdout,hybrid,4,54,9.057529495690696
HUST,set3_features,GPR,log,protocol_holdout,hybrid,4,60,8.942647287733395
HUST,set3_features,GPR,log,protocol_holdout,hybrid,4,62,9.022792880965412
HUST,set3_features,GPR,log,protocol_holdout,hybrid,5,6,13.391992901312245
HUST,set3_features,GPR,log,protocol_holdout,hybrid,5,12,9.994943430620909
HUST,set3_features,GPR,log,protocol_holdout,hybrid,5,18,13.037104330952292
HUST,set3_features,GPR,log,protocol_holdout,hybrid,5,24,12.931296545792732
HUST,set3_features,GPR,log,protocol_holdout,hybrid,5,30,12.73220446612406
HUST,set3_features,GPR,log,protocol_holdout,hybrid,5,36,12.182716786040912
HUST,set3_features,GPR,log,protocol_holdout,hybrid,5,42,12.239217348680114
HUST,set3_features,GPR,log,protocol_holdout,hybrid,5,48,12.116454862547412
HUST,set3_features,GPR,log,protocol_holdout,hybrid,5,54,12.096339303250664
HUST,set3_features,GPR,log,protocol_holdout,hybrid,5,60,12.8142688038389
HUST,set3_features,GPR,log,protocol_holdout,hybrid,5,62,12.933121128200838
HUST,set3_features,GPR,log,protocol_holdout,hybrid,6,6,18.94691406655891
HUST,set3_features,GPR,log,protocol_holdout,hybrid,6,12,17.647512290698828
HUST,set3_features,GPR,log,protocol_holdout,hybrid,6,18,16.397464079518464
HUST,set3_features,GPR,log,protocol_holdout,hybrid,6,24,10.68695091437071
HUST,set3_features,GPR,log,protocol_holdout,hybrid,6,30,12.692640148499205
HUST,set3_features,GPR,log,protocol_holdout,hybrid,6,36,14.043862743015334
HUST,set3_features,GPR,log,protocol_holdout,hybrid,6,42,14.591771064498538
HUST,set3_features,GPR,log,protocol_holdout,hybrid,6,48,13.858546386523916
HUST,set3_features,GPR,log,protocol_holdout,hybrid,6,54,12.82592795433318
HUST,set3_features,GPR,log,protocol_holdout,hybrid,6,60,10.87388409527211
HUST,set3_features,GPR,log,protocol_holdout,hybrid,6,62,10.4395571747129
HUST,set3_features,GPR,log,protocol_holdout,hybrid,7,6,32.4677271230703
HUST,set3_features,GPR,log,protocol_holdout,hybrid,7,12,20.53242430415425
HUST,set3_features,GPR,log,protocol_holdout,hybrid,7,18,23.63312829310632
HUST,set3_features,GPR,log,protocol_holdout,hybrid,7,24,19.86369067565436
HUST,set3_features,GPR,log,protocol_holdout,hybrid,7,30,19.44805774162748
HUST,set3_features,GPR,log,protocol_holdout,hybrid,7,36,21.587925203452947
HUST,set3_features,GPR,log,protocol_holdout,hybrid,7,42,19.713558160524347
HUST,set3_features,GPR,log,protocol_holdout,hybrid,7,48,17.56612263093472
HUST,set3_features,GPR,log,protocol_holdout,hybrid,7,54,16.35494898560342
HUST,set3_features,GPR,log,protocol_holdout,hybrid,7,60,15.704074628909224
HUST,set3_features,GPR,log,protocol_holdout,hybrid,7,62,15.484473167172975
HUST,set3_features,GPR,log,protocol_holdout,hybrid,8,6,24.70775115148682
HUST,set3_features,GPR,log,protocol_holdout,hybrid,8,12,20.12565791808934
HUST,set3_features,GPR,log,protocol_holdout,hybrid,8,18,22.05963647355441
HUST,set3_features,GPR,log,protocol_holdout,hybrid,8,24,19.35593887148427
HUST,set3_features,GPR,log,protocol_holdout,hybrid,8,30,17.434133054281467
HUST,set3_features,GPR,log,protocol_holdout,hybrid,8,36,17.70130479435714
HUST,set3_features,GPR,log,protocol_holdout,hybrid,8,42,18.839833393330345
HUST,set3_features,GPR,log,protocol_holdout,hybrid,8,48,18.068871164909133
HUST,set3_features,GPR,log,protocol_holdout,hybrid,8,54,18.85938482588824
HUST,set3_features,GPR,log,protocol_holdout,hybrid,8,60,17.886762565626682
HUST,set3_features,GPR,log,protocol_holdout,hybrid,8,62,18.051828548597967
HUST,set3_features,GPR,log,protocol_holdout,hybrid,9,6,12.50261141384752
HUST,set3_features,GPR,log,protocol_holdout,hybrid,9,12,13.230027174276662
HUST,set3_features,GPR,log,protocol_holdout,hybrid,9,18,10.120854487259413
HUST,set3_features,GPR,log,protocol_holdout,hybrid,9,24,9.053069202284334
HUST,set3_features,GPR,log,protocol_holdout,hybrid,9,30,9.94825515550932
HUST,set3_features,GPR,log,protocol_holdout,hybrid,9,36,11.528592087058916
HUST,set3_features,GPR,log,protocol_holdout,hybrid,9,42,11.498794074244724
HUST,set3_features,GPR,log,protocol_holdout,hybrid,9,48,10.899663485117438
HUST,set3_features,GPR,log,protocol_holdout,hybrid,9,54,10.539915520072556
HUST,set3_features,GPR,log,protocol_holdout,hybrid,9,60,9.981666141596223
HUST,set3_features,GPR,log,protocol_holdout,hybrid,9,62,9.769415576531271
HUST,set3_features,GPR,log,protocol_holdout,hybrid,10,6,24.28771674403846
HUST,set3_features,GPR,log,protocol_holdout,hybrid,10,12,17.198667021387376
HUST,set3_features,GPR,log,protocol_holdout,hybrid,10,18,15.059587422799495
HUST,set3_features,GPR,log,protocol_holdout,hybrid,10,24,15.601802064286098
HUST,set3_features,GPR,log,protocol_holdout,hybrid,10,30,15.804737002829272
HUST,set3_features,GPR,log,protocol_holdout,hybrid,10,36,18.358887005503025
HUST,set3_features,GPR,log,protocol_holdout,hybrid,10,42,15.90382373901252
HUST,set3_features,GPR,log,protocol_holdout,hybrid,10,48,15.354716238690328
HUST,set3_features,GPR,log,protocol_holdout,hybrid,10,54,15.231542549447315
HUST,set3_features,GPR,log,protocol_holdout,hybrid,10,60,14.97205590787562
HUST,set3_features,GPR,log,protocol_holdout,hybrid,10,62,14.97282669802838
KIT,set3_features,GPR,log,protocol_holdout,random_selection,1,6,31.27493669724261
KIT,set3_features,GPR,log,protocol_holdout,random_selection,1,12,32.06738690789019
KIT,set3_features,GPR,log,protocol_holdout,random_selection,1,18,23.7380013603915
KIT,set3_features,GPR,log,protocol_holdout,random_selection,1,24,26.303299848179822
KIT,set3_features,GPR,log,protocol_holdout,random_selection,1,30,21.7797075860429
KIT,set3_features,GPR,log,protocol_holdout,random_selection,1,36,21.100594658390367
KIT,set3_features,GPR,log,protocol_holdout,random_selection,1,42,19.52731802819657
KIT,set3_features,GPR,log,protocol_holdout,random_selection,1,48,20.039994836495232
KIT,set3_features,GPR,log,protocol_holdout,random_selection,1,54,19.45088276556701
KIT,set3_features,GPR,log,protocol_holdout,random_selection,1,60,23.452209011816507
KIT,set3_features,GPR,log,protocol_holdout,random_selection,1,66,19.72090548551586
KIT,set3_features,GPR,log,protocol_holdout,random_selection,2,6,39.8746557566693
KIT,set3_features,GPR,log,protocol_holdout,random_selection,2,12,16.25414788908304
KIT,set3_features,GPR,log,protocol_holdout,random_selection,2,18,18.85314513842159
KIT,set3_features,GPR,log,protocol_holdout,random_selection,2,24,20.40691237209503
KIT,set3_features,GPR,log,protocol_holdout,random_selection,2,30,21.608892827965672
KIT,set3_features,GPR,log,protocol_holdout,random_selection,2,36,21.08266852157672
KIT,set3_features,GPR,log,protocol_holdout,random_selection,2,42,24.595692542319064
KIT,set3_features,GPR,log,protocol_holdout,random_selection,2,48,24.53178554098892
KIT,set3_features,GPR,log,protocol_holdout,random_selection,2,54,30.357141780641378
KIT,set3_features,GPR,log,protocol_holdout,random_selection,2,60,28.614383476057004
KIT,set3_features,GPR,log,protocol_holdout,random_selection,2,66,22.101790180458504
KIT,set3_features,GPR,log,protocol_holdout,random_selection,3,6,31.06695042969227
KIT,set3_features,GPR,log,protocol_holdout,random_selection,3,12,24.88331771808349
KIT,set3_features,GPR,log,protocol_holdout,random_selection,3,18,15.322757116811545
KIT,set3_features,GPR,log,protocol_holdout,random_selection,3,24,15.543978003591183
KIT,set3_features,GPR,log,protocol_holdout,random_selection,3,30,12.285015316042186
KIT,set3_features,GPR,log,protocol_holdout,random_selection,3,36,11.04216114003173
KIT,set3_features,GPR,log,protocol_holdout,random_selection,3,42,11.039159364654948
KIT,set3_features,GPR,log,protocol_holdout,random_selection,3,48,10.825547717739544
KIT,set3_features,GPR,log,protocol_holdout,random_selection,3,54,14.30845262176049
KIT,set3_features,GPR,log,protocol_holdout,random_selection,3,60,11.127132673964642
KIT,set3_features,GPR,log,protocol_holdout,random_selection,3,66,9.629018668957295
KIT,set3_features,GPR,log,protocol_holdout,random_selection,4,6,49.850404885010526
KIT,set3_features,GPR,log,protocol_holdout,random_selection,4,12,17.594382856657585
KIT,set3_features,GPR,log,protocol_holdout,random_selection,4,18,11.133266551225413
KIT,set3_features,GPR,log,protocol_holdout,random_selection,4,24,12.854398292215157
KIT,set3_features,GPR,log,protocol_holdout,random_selection,4,30,15.345124645449978
KIT,set3_features,GPR,log,protocol_holdout,random_selection,4,36,14.161032241141791
KIT,set3_features,GPR,log,protocol_holdout,random_selection,4,42,12.120856099299852
KIT,set3_features,GPR,log,protocol_holdout,random_selection,4,48,20.68796951548464
KIT,set3_features,GPR,log,protocol_holdout,random_selection,4,54,11.29614449373988
KIT,set3_features,GPR,log,protocol_holdout,random_selection,4,60,11.274643441594122
KIT,set3_features,GPR,log,protocol_holdout,random_selection,4,66,14.572469161595569
KIT,set3_features,GPR,log,protocol_holdout,random_selection,5,6,34.589564030380174
KIT,set3_features,GPR,log,protocol_holdout,random_selection,5,12,17.713418890293433
KIT,set3_features,GPR,log,protocol_holdout,random_selection,5,18,28.313670151784585
KIT,set3_features,GPR,log,protocol_holdout,random_selection,5,24,25.32661577573361
KIT,set3_features,GPR,log,protocol_holdout,random_selection,5,30,21.308467252048736
KIT,set3_features,GPR,log,protocol_holdout,random_selection,5,36,22.43850282222362
KIT,set3_features,GPR,log,protocol_holdout,random_selection,5,42,21.81504873441756
KIT,set3_features,GPR,log,protocol_holdout,random_selection,5,48,22.781415683424687
KIT,set3_features,GPR,log,protocol_holdout,random_selection,5,54,37.04544907389454
KIT,set3_features,GPR,log,protocol_holdout,random_selection,5,60,30.84453208191384
KIT,set3_features,GPR,log,protocol_holdout,random_selection,5,66,22.48701247199401
KIT,set3_features,GPR,log,protocol_holdout,random_selection,6,6,24.76557386404509
KIT,set3_features,GPR,log,protocol_holdout,random_selection,6,12,24.036818339731127
KIT,set3_features,GPR,log,protocol_holdout,random_selection,6,18,26.78811657181388
KIT,set3_features,GPR,log,protocol_holdout,random_selection,6,24,17.52579868022704
KIT,set3_features,GPR,log,protocol_holdout,random_selection,6,30,16.524214257701583
KIT,set3_features,GPR,log,protocol_holdout,random_selection,6,36,19.401616388091
KIT,set3_features,GPR,log,protocol_holdout,random_selection,6,42,20.283585109889884
KIT,set3_features,GPR,log,protocol_holdout,random_selection,6,48,20.278781634368983
KIT,set3_features,GPR,log,protocol_holdout,random_selection,6,54,20.780176818413555
KIT,set3_features,GPR,log,protocol_holdout,random_selection,6,60,30.32440296177
KIT,set3_features,GPR,log,protocol_holdout,random_selection,6,66,21.83127713723241
KIT,set3_features,GPR,log,protocol_holdout,random_selection,7,6,31.7759733767866
KIT,set3_features,GPR,log,protocol_holdout,random_selection,7,12,38.95034910179695
KIT,set3_features,GPR,log,protocol_holdout,random_selection,7,18,36.99532222264392
KIT,set3_features,GPR,log,protocol_holdout,random_selection,7,24,21.822613047627826
KIT,set3_features,GPR,log,protocol_holdout,random_selection,7,30,16.975610784765795
KIT,set3_features,GPR,log,protocol_holdout,random_selection,7,36,21.203853885033787
KIT,set3_features,GPR,log,protocol_holdout,random_selection,7,42,27.34399400657608
KIT,set3_features,GPR,log,protocol_holdout,random_selection,7,48,24.42036464796361
KIT,set3_features,GPR,log,protocol_holdout,random_selection,7,54,23.89388371848506
KIT,set3_features,GPR,log,protocol_holdout,random_selection,7,60,20.032018311693847
KIT,set3_features,GPR,log,protocol_holdout,random_selection,7,66,21.419130961705623
KIT,set3_features,GPR,log,protocol_holdout,random_selection,8,6,22.282592676648115
KIT,set3_features,GPR,log,protocol_holdout,random_selection,8,12,18.210735423931744
KIT,set3_features,GPR,log,protocol_holdout,random_selection,8,18,50.90797670281306
KIT,set3_features,GPR,log,protocol_holdout,random_selection,8,24,20.282459416180583
KIT,set3_features,GPR,log,protocol_holdout,random_selection,8,30,23.657189356038185
KIT,set3_features,GPR,log,protocol_holdout,random_selection,8,36,24.38290444099701
KIT,set3_features,GPR,log,protocol_holdout,random_selection,8,42,23.776916821058656
KIT,set3_features,GPR,log,protocol_holdout,random_selection,8,48,25.071937171483256
KIT,set3_features,GPR,log,protocol_holdout,random_selection,8,54,21.05668586926819
KIT,set3_features,GPR,log,protocol_holdout,random_selection,8,60,21.147045283778947
KIT,set3_features,GPR,log,protocol_holdout,random_selection,8,66,21.885702093757896
KIT,set3_features,GPR,log,protocol_holdout,random_selection,9,6,30.931573942630447
KIT,set3_features,GPR,log,protocol_holdout,random_selection,9,12,20.630747684672272
KIT,set3_features,GPR,log,protocol_holdout,random_selection,9,18,18.19365112056267
KIT,set3_features,GPR,log,protocol_holdout,random_selection,9,24,15.433919584895046
KIT,set3_features,GPR,log,protocol_holdout,random_selection,9,30,14.503533651638715
KIT,set3_features,GPR,log,protocol_holdout,random_selection,9,36,13.97199913145974
KIT,set3_features,GPR,log,protocol_holdout,random_selection,9,42,15.922212610658242
KIT,set3_features,GPR,log,protocol_holdout,random_selection,9,48,15.375556910303803
KIT,set3_features,GPR,log,protocol_holdout,random_selection,9,54,15.308948316235796
KIT,set3_features,GPR,log,protocol_holdout,random_selection,9,60,14.983158079150307
KIT,set3_features,GPR,log,protocol_holdout,random_selection,9,66,14.803354430165456
KIT,set3_features,GPR,log,protocol_holdout,random_selection,10,6,14.690102423790217
KIT,set3_features,GPR,log,protocol_holdout,random_selection,10,12,25.09867161809592
KIT,set3_features,GPR,log,protocol_holdout,random_selection,10,18,20.058132429333085
KIT,set3_features,GPR,log,protocol_holdout,random_selection,10,24,23.233164149986344
KIT,set3_features,GPR,log,protocol_holdout,random_selection,10,30,24.055696413310223
KIT,set3_features,GPR,log,protocol_holdout,random_selection,10,36,21.280250755146103
KIT,set3_features,GPR,log,protocol_holdout,random_selection,10,42,23.513074555142545
KIT,set3_features,GPR,log,protocol_holdout,random_selection,10,48,22.90099729891916
KIT,set3_features,GPR,log,protocol_holdout,random_selection,10,54,25.01052509900788
KIT,set3_features,GPR,log,protocol_holdout,random_selection,10,60,23.093168453420905
KIT,set3_features,GPR,log,protocol_holdout,random_selection,10,66,12.001352650748036
KIT,set3_features,GPR,log,protocol_holdout,diversity_oneshot,1,6,36.3386016343548
KIT,set3_features,GPR,log,protocol_holdout,diversity_oneshot,1,12,25.4939707191642
KIT,set3_features,GPR,log,protocol_holdout,diversity_oneshot,1,18,24.42243815997326
KIT,set3_features,GPR,log,protocol_holdout,diversity_oneshot,1,24,20.063103262039498
KIT,set3_features,GPR,log,protocol_holdout,diversity_oneshot,1,30,22.47649854694834
KIT,set3_features,GPR,log,protocol_holdout,diversity_oneshot,1,36,24.13096902610706
KIT,set3_features,GPR,log,protocol_holdout,diversity_oneshot,1,42,22.07849855443961
KIT,set3_features,GPR,log,protocol_holdout,diversity_oneshot,1,48,21.78299595982637
KIT,set3_features,GPR,log,protocol_holdout,diversity_oneshot,1,54,19.93745745829992
KIT,set3_features,GPR,log,protocol_holdout,diversity_oneshot,1,60,20.02369792597381
KIT,set3_features,GPR,log,protocol_holdout,diversity_oneshot,1,66,19.72090548551586
KIT,set3_features,GPR,log,protocol_holdout,diversity_oneshot,2,6,35.74179649172416
KIT,set3_features,GPR,log,protocol_holdout,diversity_oneshot,2,12,23.124186745158696
KIT,set3_features,GPR,log,protocol_holdout,diversity_oneshot,2,18,16.819373953812853
KIT,set3_features,GPR,log,protocol_holdout,diversity_oneshot,2,24,15.2771429342285
KIT,set3_features,GPR,log,protocol_holdout,diversity_oneshot,2,30,16.32618372449932
KIT,set3_features,GPR,log,protocol_holdout,diversity_oneshot,2,36,18.483468128368067
KIT,set3_features,GPR,log,protocol_holdout,diversity_oneshot,2,42,15.469146825923785
KIT,set3_features,GPR,log,protocol_holdout,diversity_oneshot,2,48,15.362416465444396
KIT,set3_features,GPR,log,protocol_holdout,diversity_oneshot,2,54,15.795362528282416
KIT,set3_features,GPR,log,protocol_holdout,diversity_oneshot,2,60,19.93037789786377
KIT,set3_features,GPR,log,protocol_holdout,diversity_oneshot,2,66,22.101790180458504
KIT,set3_features,GPR,log,protocol_holdout,diversity_oneshot,3,6,28.79381088061762
KIT,set3_features,GPR,log,protocol_holdout,diversity_oneshot,3,12,21.534974431778853
KIT,set3_features,GPR,log,protocol_holdout,diversity_oneshot,3,18,15.119791776614573
KIT,set3_features,GPR,log,protocol_holdout,diversity_oneshot,3,24,14.866273996748683
KIT,set3_features,GPR,log,protocol_holdout,diversity_oneshot,3,30,13.949913194216297
KIT,set3_features,GPR,log,protocol_holdout,diversity_oneshot,3,36,13.773308618357008
KIT,set3_features,GPR,log,protocol_holdout,diversity_oneshot,3,42,12.5499201254335
KIT,set3_features,GPR,log,protocol_holdout,diversity_oneshot,3,48,12.753947584386976
KIT,set3_features,GPR,log,protocol_holdout,diversity_oneshot,3,54,12.207220972721132
KIT,set3_features,GPR,log,protocol_holdout,diversity_oneshot,3,60,11.445341409945916
KIT,set3_features,GPR,log,protocol_holdout,diversity_oneshot,3,66,9.629018668957295
KIT,set3_features,GPR,log,protocol_holdout,diversity_oneshot,4,6,27.69474364665669
KIT,set3_features,GPR,log,protocol_holdout,diversity_oneshot,4,12,25.26850154341014
KIT,set3_features,GPR,log,protocol_holdout,diversity_oneshot,4,18,15.210595998087994
KIT,set3_features,GPR,log,protocol_holdout,diversity_oneshot,4,24,14.785672947585343
KIT,set3_features,GPR,log,protocol_holdout,diversity_oneshot,4,30,16.144263037025823
KIT,set3_features,GPR,log,protocol_holdout,diversity_oneshot,4,36,16.377806158739606
KIT,set3_features,GPR,log,protocol_holdout,diversity_oneshot,4,42,12.714378030204092
KIT,set3_features,GPR,log,protocol_holdout,diversity_oneshot,4,48,14.16419723421995
KIT,set3_features,GPR,log,protocol_holdout,diversity_oneshot,4,54,10.580610046760452
KIT,set3_features,GPR,log,protocol_holdout,diversity_oneshot,4,60,10.66440656887532
KIT,set3_features,GPR,log,protocol_holdout,diversity_oneshot,4,66,14.572469161595569
KIT,set3_features,GPR,log,protocol_holdout,diversity_oneshot,5,6,34.213174616414
KIT,set3_features,GPR,log,protocol_holdout,diversity_oneshot,5,12,19.37612067390491
KIT,set3_features,GPR,log,protocol_holdout,diversity_oneshot,5,18,16.15488783369552
KIT,set3_features,GPR,log,protocol_holdout,diversity_oneshot,5,24,17.722336579456382
KIT,set3_features,GPR,log,protocol_holdout,diversity_oneshot,5,30,20.50161058297257
KIT,set3_features,GPR,log,protocol_holdout,diversity_oneshot,5,36,21.34854848918301
KIT,set3_features,GPR,log,protocol_holdout,diversity_oneshot,5,42,23.08910310845333
KIT,set3_features,GPR,log,protocol_holdout,diversity_oneshot,5,48,22.369828664289603
KIT,set3_features,GPR,log,protocol_holdout,diversity_oneshot,5,54,22.510846164556604
KIT,set3_features,GPR,log,protocol_holdout,diversity_oneshot,5,60,21.82332014364403
KIT,set3_features,GPR,log,protocol_holdout,diversity_oneshot,5,66,22.48701247199401
KIT,set3_features,GPR,log,protocol_holdout,diversity_oneshot,6,6,31.33319294959329
KIT,set3_features,GPR,log,protocol_holdout,diversity_oneshot,6,12,20.99372562933095
KIT,set3_features,GPR,log,protocol_holdout,diversity_oneshot,6,18,17.648834116993797
KIT,set3_features,GPR,log,protocol_holdout,diversity_oneshot,6,24,14.010946097630963
KIT,set3_features,GPR,log,protocol_holdout,diversity_oneshot,6,30,15.76349889138728
KIT,set3_features,GPR,log,protocol_holdout,diversity_oneshot,6,36,22.21170811251331
KIT,set3_features,GPR,log,protocol_holdout,diversity_oneshot,6,42,21.863791610932687
KIT,set3_features,GPR,log,protocol_holdout,diversity_oneshot,6,48,23.5602706971524
KIT,set3_features,GPR,log,protocol_holdout,diversity_oneshot,6,54,22.961179140598404
KIT,set3_features,GPR,log,protocol_holdout,diversity_oneshot,6,60,24.304615804023904
KIT,set3_features,GPR,log,protocol_holdout,diversity_oneshot,6,66,21.83127713723241
KIT,set3_features,GPR,log,protocol_holdout,diversity_oneshot,7,6,25.893228171534616
KIT,set3_features,GPR,log,protocol_holdout,diversity_oneshot,7,12,19.359844735157075
KIT,set3_features,GPR,log,protocol_holdout,diversity_oneshot,7,18,15.04908292458603
KIT,set3_features,GPR,log,protocol_holdout,diversity_oneshot,7,24,15.60985296042733
KIT,set3_features,GPR,log,protocol_holdout,diversity_oneshot,7,30,13.671303138030137
KIT,set3_features,GPR,log,protocol_holdout,diversity_oneshot,7,36,15.080660994029673
KIT,set3_features,GPR,log,protocol_holdout,diversity_oneshot,7,42,16.037380562841637
KIT,set3_features,GPR,log,protocol_holdout,diversity_oneshot,7,48,15.733480370169122
KIT,set3_features,GPR,log,protocol_holdout,diversity_oneshot,7,54,14.907059307468607
KIT,set3_features,GPR,log,protocol_holdout,diversity_oneshot,7,60,15.30759899620508
KIT,set3_features,GPR,log,protocol_holdout,diversity_oneshot,7,66,21.419130961705623
KIT,set3_features,GPR,log,protocol_holdout,diversity_oneshot,8,6,51.951237336246606
KIT,set3_features,GPR,log,protocol_holdout,diversity_oneshot,8,12,31.57666440058829
KIT,set3_features,GPR,log,protocol_holdout,diversity_oneshot,8,18,30.764548677224862
KIT,set3_features,GPR,log,protocol_holdout,diversity_oneshot,8,24,27.55081891138745
KIT,set3_features,GPR,log,protocol_holdout,diversity_oneshot,8,30,24.41449285669557
KIT,set3_features,GPR,log,protocol_holdout,diversity_oneshot,8,36,22.54996704295949
KIT,set3_features,GPR,log,protocol_holdout,diversity_oneshot,8,42,22.92045583048478
KIT,set3_features,GPR,log,protocol_holdout,diversity_oneshot,8,48,21.843296810319146
KIT,set3_features,GPR,log,protocol_holdout,diversity_oneshot,8,54,21.300632442095456
KIT,set3_features,GPR,log,protocol_holdout,diversity_oneshot,8,60,22.30631722666631
KIT,set3_features,GPR,log,protocol_holdout,diversity_oneshot,8,66,21.885702093757896
KIT,set3_features,GPR,log,protocol_holdout,diversity_oneshot,9,6,25.213346677189552
KIT,set3_features,GPR,log,protocol_holdout,diversity_oneshot,9,12,23.70135115838757
KIT,set3_features,GPR,log,protocol_holdout,diversity_oneshot,9,18,15.8659617591915
KIT,set3_features,GPR,log,protocol_holdout,diversity_oneshot,9,24,14.930262982925385
KIT,set3_features,GPR,log,protocol_holdout,diversity_oneshot,9,30,14.17573291229406
KIT,set3_features,GPR,log,protocol_holdout,diversity_oneshot,9,36,12.668682531906706
KIT,set3_features,GPR,log,protocol_holdout,diversity_oneshot,9,42,12.111433790460008
KIT,set3_features,GPR,log,protocol_holdout,diversity_oneshot,9,48,12.417157971023276
KIT,set3_features,GPR,log,protocol_holdout,diversity_oneshot,9,54,12.47763803047746
KIT,set3_features,GPR,log,protocol_holdout,diversity_oneshot,9,60,10.327509243082648
KIT,set3_features,GPR,log,protocol_holdout,diversity_oneshot,9,66,14.803354430165456
KIT,set3_features,GPR,log,protocol_holdout,diversity_oneshot,10,6,36.36540642999344
KIT,set3_features,GPR,log,protocol_holdout,diversity_oneshot,10,12,7.428519279559631
KIT,set3_features,GPR,log,protocol_holdout,diversity_oneshot,10,18,24.80419093131009
KIT,set3_features,GPR,log,protocol_holdout,diversity_oneshot,10,24,34.246928100414905
KIT,set3_features,GPR,log,protocol_holdout,diversity_oneshot,10,30,41.03448706463072
KIT,set3_features,GPR,log,protocol_holdout,diversity_oneshot,10,36,30.994640808273346
KIT,set3_features,GPR,log,protocol_holdout,diversity_oneshot,10,42,27.696242172266807
KIT,set3_features,GPR,log,protocol_holdout,diversity_oneshot,10,48,27.63451248131677
KIT,set3_features,GPR,log,protocol_holdout,diversity_oneshot,10,54,30.034290122662533
KIT,set3_features,GPR,log,protocol_holdout,diversity_oneshot,10,60,29.5543158042014
KIT,set3_features,GPR,log,protocol_holdout,diversity_oneshot,10,66,12.001352650748036
KIT,set3_features,GPR,log,protocol_holdout,diversity_iterative,1,6,36.3386016343548
KIT,set3_features,GPR,log,protocol_holdout,diversity_iterative,1,12,20.27048371836904
KIT,set3_features,GPR,log,protocol_holdout,diversity_iterative,1,18,21.72673494041773
KIT,set3_features,GPR,log,protocol_holdout,diversity_iterative,1,24,24.02885451756404
KIT,set3_features,GPR,log,protocol_holdout,diversity_iterative,1,30,21.90888092125853
KIT,set3_features,GPR,log,protocol_holdout,diversity_iterative,1,36,23.89489864270906
KIT,set3_features,GPR,log,protocol_holdout,diversity_iterative,1,42,20.143077639998232
KIT,set3_features,GPR,log,protocol_holdout,diversity_iterative,1,48,18.2800353249727
KIT,set3_features,GPR,log,protocol_holdout,diversity_iterative,1,54,18.49906794173608
KIT,set3_features,GPR,log,protocol_holdout,diversity_iterative,1,60,19.5171863336545
KIT,set3_features,GPR,log,protocol_holdout,diversity_iterative,1,66,19.72090548551586
KIT,set3_features,GPR,log,protocol_holdout,diversity_iterative,2,6,35.74179649172416
KIT,set3_features,GPR,log,protocol_holdout,diversity_iterative,2,12,25.933084933472863
KIT,set3_features,GPR,log,protocol_holdout,diversity_iterative,2,18,28.98141607585992
KIT,set3_features,GPR,log,protocol_holdout,diversity_iterative,2,24,25.364696070417097
KIT,set3_features,GPR,log,protocol_holdout,diversity_iterative,2,30,18.96321959488692
KIT,set3_features,GPR,log,protocol_holdout,diversity_iterative,2,36,18.47688052032872
KIT,set3_features,GPR,log,protocol_holdout,diversity_iterative,2,42,17.706585034854317
KIT,set3_features,GPR,log,protocol_holdout,diversity_iterative,2,48,16.910999317868164
KIT,set3_features,GPR,log,protocol_holdout,diversity_iterative,2,54,28.534049845086106
KIT,set3_features,GPR,log,protocol_holdout,diversity_iterative,2,60,22.058961784571128
KIT,set3_features,GPR,log,protocol_holdout,diversity_iterative,2,66,22.101790180458504
KIT,set3_features,GPR,log,protocol_holdout,diversity_iterative,3,6,28.79381088061762
KIT,set3_features,GPR,log,protocol_holdout,diversity_iterative,3,12,21.146343165094702
KIT,set3_features,GPR,log,protocol_holdout,diversity_iterative,3,18,19.52614585482638
KIT,set3_features,GPR,log,protocol_holdout,diversity_iterative,3,24,15.980298319495406
KIT,set3_features,GPR,log,protocol_holdout,diversity_iterative,3,30,14.46823747476232
KIT,set3_features,GPR,log,protocol_holdout,diversity_iterative,3,36,12.74843616573578
KIT,set3_features,GPR,log,protocol_holdout,diversity_iterative,3,42,18.23872836206223
KIT,set3_features,GPR,log,protocol_holdout,diversity_iterative,3,48,13.261795311792463
KIT,set3_features,GPR,log,protocol_holdout,diversity_iterative,3,54,12.406166458623792
KIT,set3_features,GPR,log,protocol_holdout,diversity_iterative,3,60,12.130120739908174
KIT,set3_features,GPR,log,protocol_holdout,diversity_iterative,3,66,9.629018668957295
KIT,set3_features,GPR,log,protocol_holdout,diversity_iterative,4,6,27.69474364665669
KIT,set3_features,GPR,log,protocol_holdout,diversity_iterative,4,12,30.26449980089597
KIT,set3_features,GPR,log,protocol_holdout,diversity_iterative,4,18,22.10952422576267
KIT,set3_features,GPR,log,protocol_holdout,diversity_iterative,4,24,19.398273934025664
KIT,set3_features,GPR,log,protocol_holdout,diversity_iterative,4,30,16.81147293287229
KIT,set3_features,GPR,log,protocol_holdout,diversity_iterative,4,36,17.208660186278436
KIT,set3_features,GPR,log,protocol_holdout,diversity_iterative,4,42,18.40443833101789
KIT,set3_features,GPR,log,protocol_holdout,diversity_iterative,4,48,15.952194089006415
KIT,set3_features,GPR,log,protocol_holdout,diversity_iterative,4,54,19.351506759201243
KIT,set3_features,GPR,log,protocol_holdout,diversity_iterative,4,60,12.718019789279705
KIT,set3_features,GPR,log,protocol_holdout,diversity_iterative,4,66,14.572469161595569
KIT,set3_features,GPR,log,protocol_holdout,diversity_iterative,5,6,34.213174616414
KIT,set3_features,GPR,log,protocol_holdout,diversity_iterative,5,12,16.977980871906418
KIT,set3_features,GPR,log,protocol_holdout,diversity_iterative,5,18,20.55879265912114
KIT,set3_features,GPR,log,protocol_holdout,diversity_iterative,5,24,21.43066998915881
KIT,set3_features,GPR,log,protocol_holdout,diversity_iterative,5,30,18.52794250326141
KIT,set3_features,GPR,log,protocol_holdout,diversity_iterative,5,36,21.03009194616372
KIT,set3_features,GPR,log,protocol_holdout,diversity_iterative,5,42,23.68232061524555
KIT,set3_features,GPR,log,protocol_holdout,diversity_iterative,5,48,25.04635308338275
KIT,set3_features,GPR,log,protocol_holdout,diversity_iterative,5,54,33.68536324642669
KIT,set3_features,GPR,log,protocol_holdout,diversity_iterative,5,60,36.39394224979624
KIT,set3_features,GPR,log,protocol_holdout,diversity_iterative,5,66,22.48701247199401
KIT,set3_features,GPR,log,protocol_holdout,diversity_iterative,6,6,31.33319294959329
KIT,set3_features,GPR,log,protocol_holdout,diversity_iterative,6,12,15.608961825718218
KIT,set3_features,GPR,log,protocol_holdout,diversity_iterative,6,18,22.78944827525069
KIT,set3_features,GPR,log,protocol_holdout,diversity_iterative,6,24,18.50184299883584
KIT,set3_features,GPR,log,protocol_holdout,diversity_iterative,6,30,20.036739879451883
KIT,set3_features,GPR,log,protocol_holdout,diversity_iterative,6,36,21.15637271833012
KIT,set3_features,GPR,log,protocol_holdout,diversity_iterative,6,42,23.026278160343995
KIT,set3_features,GPR,log,protocol_holdout,diversity_iterative,6,48,24.076772970774137
KIT,set3_features,GPR,log,protocol_holdout,diversity_iterative,6,54,22.59834113991401
KIT,set3_features,GPR,log,protocol_holdout,diversity_iterative,6,60,24.546647940324867
KIT,set3_features,GPR,log,protocol_holdout,diversity_iterative,6,66,21.83127713723241
KIT,set3_features,GPR,log,protocol_holdout,diversity_iterative,7,6,25.893228171534616
KIT,set3_features,GPR,log,protocol_holdout,diversity_iterative,7,12,22.062101329789343
KIT,set3_features,GPR,log,protocol_holdout,diversity_iterative,7,18,20.12827580911259
KIT,set3_features,GPR,log,protocol_holdout,diversity_iterative,7,24,17.94892090818858
KIT,set3_features,GPR,log,protocol_holdout,diversity_iterative,7,30,16.292385142891003
KIT,set3_features,GPR,log,protocol_holdout,diversity_iterative,7,36,17.692988397340706
KIT,set3_features,GPR,log,protocol_holdout,diversity_iterative,7,42,16.6935095213489
KIT,set3_features,GPR,log,protocol_holdout,diversity_iterative,7,48,17.3965772401749
KIT,set3_features,GPR,log,protocol_holdout,diversity_iterative,7,54,27.40347135460749
KIT,set3_features,GPR,log,protocol_holdout,diversity_iterative,7,60,20.289030641265647
KIT,set3_features,GPR,log,protocol_holdout,diversity_iterative,7,66,21.419130961705623
KIT,set3_features,GPR,log,protocol_holdout,diversity_iterative,8,6,51.951237336246606
KIT,set3_features,GPR,log,protocol_holdout,diversity_iterative,8,12,25.91547329449192
KIT,set3_features,GPR,log,protocol_holdout,diversity_iterative,8,18,27.28604335885649
KIT,set3_features,GPR,log,protocol_holdout,diversity_iterative,8,24,28.722746676254943
KIT,set3_features,GPR,log,protocol_holdout,diversity_iterative,8,30,28.35994954722684
KIT,set3_features,GPR,log,protocol_holdout,diversity_iterative,8,36,31.49860208853247
KIT,set3_features,GPR,log,protocol_holdout,diversity_iterative,8,42,19.58755263865136
KIT,set3_features,GPR,log,protocol_holdout,diversity_iterative,8,48,22.69065219952005
KIT,set3_features,GPR,log,protocol_holdout,diversity_iterative,8,54,22.66155643418785
KIT,set3_features,GPR,log,protocol_holdout,diversity_iterative,8,60,22.37593199388068
KIT,set3_features,GPR,log,protocol_holdout,diversity_iterative,8,66,21.885702093757896
KIT,set3_features,GPR,log,protocol_holdout,diversity_iterative,9,6,25.213346677189552
KIT,set3_features,GPR,log,protocol_holdout,diversity_iterative,9,12,22.09827105916367
KIT,set3_features,GPR,log,protocol_holdout,diversity_iterative,9,18,27.20107829748385
KIT,set3_features,GPR,log,protocol_holdout,diversity_iterative,9,24,31.25729260943662
KIT,set3_features,GPR,log,protocol_holdout,diversity_iterative,9,30,24.1290523145158
KIT,set3_features,GPR,log,protocol_holdout,diversity_iterative,9,36,16.347704986356764
KIT,set3_features,GPR,log,protocol_holdout,diversity_iterative,9,42,14.988942268902829
KIT,set3_features,GPR,log,protocol_holdout,diversity_iterative,9,48,14.289934740219088
KIT,set3_features,GPR,log,protocol_holdout,diversity_iterative,9,54,13.078256658041202
KIT,set3_features,GPR,log,protocol_holdout,diversity_iterative,9,60,11.331434647115406
KIT,set3_features,GPR,log,protocol_holdout,diversity_iterative,9,66,14.803354430165456
KIT,set3_features,GPR,log,protocol_holdout,diversity_iterative,10,6,36.36540642999344
KIT,set3_features,GPR,log,protocol_holdout,diversity_iterative,10,12,16.60493771853554
KIT,set3_features,GPR,log,protocol_holdout,diversity_iterative,10,18,34.54710882445944
KIT,set3_features,GPR,log,protocol_holdout,diversity_iterative,10,24,30.12898064762357
KIT,set3_features,GPR,log,protocol_holdout,diversity_iterative,10,30,35.050946456955536
KIT,set3_features,GPR,log,protocol_holdout,diversity_iterative,10,36,25.903172075959024
KIT,set3_features,GPR,log,protocol_holdout,diversity_iterative,10,42,22.3637864325344
KIT,set3_features,GPR,log,protocol_holdout,diversity_iterative,10,48,23.25847531071585
KIT,set3_features,GPR,log,protocol_holdout,diversity_iterative,10,54,26.07887731656587
KIT,set3_features,GPR,log,protocol_holdout,diversity_iterative,10,60,28.53748677072312
KIT,set3_features,GPR,log,protocol_holdout,diversity_iterative,10,66,12.001352650748036
KIT,set3_features,GPR,log,protocol_holdout,coverage,1,6,31.27493669724261
KIT,set3_features,GPR,log,protocol_holdout,coverage,1,12,32.22901673140107
KIT,set3_features,GPR,log,protocol_holdout,coverage,1,18,30.079615046373103
KIT,set3_features,GPR,log,protocol_holdout,coverage,1,24,20.543540357016724
KIT,set3_features,GPR,log,protocol_holdout,coverage,1,30,26.31913144340134
KIT,set3_features,GPR,log,protocol_holdout,coverage,1,36,24.47301288075241
KIT,set3_features,GPR,log,protocol_holdout,coverage,1,42,21.877022818180382
KIT,set3_features,GPR,log,protocol_holdout,coverage,1,48,21.313334073162345
KIT,set3_features,GPR,log,protocol_holdout,coverage,1,54,22.003541680944405
KIT,set3_features,GPR,log,protocol_holdout,coverage,1,60,22.361619609865315
KIT,set3_features,GPR,log,protocol_holdout,coverage,1,66,19.72090548551586
KIT,set3_features,GPR,log,protocol_holdout,coverage,2,6,39.8746557566693
KIT,set3_features,GPR,log,protocol_holdout,coverage,2,12,41.58893553983406
KIT,set3_features,GPR,log,protocol_holdout,coverage,2,18,17.13735157120359
KIT,set3_features,GPR,log,protocol_holdout,coverage,2,24,22.08781830579987
KIT,set3_features,GPR,log,protocol_holdout,coverage,2,30,15.755134842440576
KIT,set3_features,GPR,log,protocol_holdout,coverage,2,36,18.224427630296265
KIT,set3_features,GPR,log,protocol_holdout,coverage,2,42,19.760814823021715
KIT,set3_features,GPR,log,protocol_holdout,coverage,2,48,16.978537963434473
KIT,set3_features,GPR,log,protocol_holdout,coverage,2,54,15.57244687076406
KIT,set3_features,GPR,log,protocol_holdout,coverage,2,60,14.766144549497366
KIT,set3_features,GPR,log,protocol_holdout,coverage,2,66,22.101790180458504
KIT,set3_features,GPR,log,protocol_holdout,coverage,3,6,31.06695042969227
KIT,set3_features,GPR,log,protocol_holdout,coverage,3,12,19.68773086657657
KIT,set3_features,GPR,log,protocol_holdout,coverage,3,18,17.21420159985474
KIT,set3_features,GPR,log,protocol_holdout,coverage,3,24,13.9137411096823
KIT,set3_features,GPR,log,protocol_holdout,coverage,3,30,16.127442539550024
KIT,set3_features,GPR,log,protocol_holdout,coverage,3,36,12.754140856555518
KIT,set3_features,GPR,log,protocol_holdout,coverage,3,42,12.82734676941727
KIT,set3_features,GPR,log,protocol_holdout,coverage,3,48,13.2184041514553
KIT,set3_features,GPR,log,protocol_holdout,coverage,3,54,13.66763287145741
KIT,set3_features,GPR,log,protocol_holdout,coverage,3,60,11.533359785103782
KIT,set3_features,GPR,log,protocol_holdout,coverage,3,66,9.629018668957295
KIT,set3_features,GPR,log,protocol_holdout,coverage,4,6,49.850404885010526
KIT,set3_features,GPR,log,protocol_holdout,coverage,4,12,38.19198810795058
KIT,set3_features,GPR,log,protocol_holdout,coverage,4,18,23.252949964895343
KIT,set3_features,GPR,log,protocol_holdout,coverage,4,24,29.445948240130463
KIT,set3_features,GPR,log,protocol_holdout,coverage,4,30,15.58308550151182
KIT,set3_features,GPR,log,protocol_holdout,coverage,4,36,26.76518062742912
KIT,set3_features,GPR,log,protocol_holdout,coverage,4,42,16.206227158626717
KIT,set3_features,GPR,log,protocol_holdout,coverage,4,48,13.766291998489937
KIT,set3_features,GPR,log,protocol_holdout,coverage,4,54,13.57322801309826
KIT,set3_features,GPR,log,protocol_holdout,coverage,4,60,11.179103481136414
KIT,set3_features,GPR,log,protocol_holdout,coverage,4,66,14.572469161595569
KIT,set3_features,GPR,log,protocol_holdout,coverage,5,6,34.589564030380174
KIT,set3_features,GPR,log,protocol_holdout,coverage,5,12,14.33855687761987
KIT,set3_features,GPR,log,protocol_holdout,coverage,5,18,30.446434013565263
KIT,set3_features,GPR,log,protocol_holdout,coverage,5,24,18.7200289869244
KIT,set3_features,GPR,log,protocol_holdout,coverage,5,30,18.626840137638407
KIT,set3_features,GPR,log,protocol_holdout,coverage,5,36,23.719840127113294
KIT,set3_features,GPR,log,protocol_holdout,coverage,5,42,23.26281316556047
KIT,set3_features,GPR,log,protocol_holdout,coverage,5,48,23.705840403777632
KIT,set3_features,GPR,log,protocol_holdout,coverage,5,54,21.04275625141419
KIT,set3_features,GPR,log,protocol_holdout,coverage,5,60,19.86066906649744
KIT,set3_features,GPR,log,protocol_holdout,coverage,5,66,22.48701247199401
KIT,set3_features,GPR,log,protocol_holdout,coverage,6,6,24.76557386404509
KIT,set3_features,GPR,log,protocol_holdout,coverage,6,12,27.62325162902709
KIT,set3_features,GPR,log,protocol_holdout,coverage,6,18,26.24746344087741
KIT,set3_features,GPR,log,protocol_holdout,coverage,6,24,22.79275073042877
KIT,set3_features,GPR,log,protocol_holdout,coverage,6,30,16.32913084711691
KIT,set3_features,GPR,log,protocol_holdout,coverage,6,36,21.17857555643868
KIT,set3_features,GPR,log,protocol_holdout,coverage,6,42,19.86942590237853
KIT,set3_features,GPR,log,protocol_holdout,coverage,6,48,18.801576908116417
KIT,set3_features,GPR,log,protocol_holdout,coverage,6,54,21.646310386497884
KIT,set3_features,GPR,log,protocol_holdout,coverage,6,60,30.252247179901104
KIT,set3_features,GPR,log,protocol_holdout,coverage,6,66,21.83127713723241
KIT,set3_features,GPR,log,protocol_holdout,coverage,7,6,31.7759733767866
KIT,set3_features,GPR,log,protocol_holdout,coverage,7,12,34.647307261192395
KIT,set3_features,GPR,log,protocol_holdout,coverage,7,18,29.783096799911657
KIT,set3_features,GPR,log,protocol_holdout,coverage,7,24,20.88708059889867
KIT,set3_features,GPR,log,protocol_holdout,coverage,7,30,12.156955566705353
KIT,set3_features,GPR,log,protocol_holdout,coverage,7,36,12.774893983171696
KIT,set3_features,GPR,log,protocol_holdout,coverage,7,42,13.729758117929064
KIT,set3_features,GPR,log,protocol_holdout,coverage,7,48,14.017384166252608
KIT,set3_features,GPR,log,protocol_holdout,coverage,7,54,15.126091208601114
KIT,set3_features,GPR,log,protocol_holdout,coverage,7,60,14.76823661652547
KIT,set3_features,GPR,log,protocol_holdout,coverage,7,66,21.419130961705623
KIT,set3_features,GPR,log,protocol_holdout,coverage,8,6,22.282592676648115
KIT,set3_features,GPR,log,protocol_holdout,coverage,8,12,21.48184368576541
KIT,set3_features,GPR,log,protocol_holdout,coverage,8,18,20.150469324282973
KIT,set3_features,GPR,log,protocol_holdout,coverage,8,24,22.03172958045681
KIT,set3_features,GPR,log,protocol_holdout,coverage,8,30,21.830126771441
KIT,set3_features,GPR,log,protocol_holdout,coverage,8,36,22.88942526535076
KIT,set3_features,GPR,log,protocol_holdout,coverage,8,42,22.62065884037004
KIT,set3_features,GPR,log,protocol_holdout,coverage,8,48,21.56121113836232
KIT,set3_features,GPR,log,protocol_holdout,coverage,8,54,20.67058904380339
KIT,set3_features,GPR,log,protocol_holdout,coverage,8,60,21.851457194645327
KIT,set3_features,GPR,log,protocol_holdout,coverage,8,66,21.885702093757896
KIT,set3_features,GPR,log,protocol_holdout,coverage,9,6,30.931573942630447
KIT,set3_features,GPR,log,protocol_holdout,coverage,9,12,31.651556615650627
KIT,set3_features,GPR,log,protocol_holdout,coverage,9,18,20.64841400801713
KIT,set3_features,GPR,log,protocol_holdout,coverage,9,24,13.956856164255962
KIT,set3_features,GPR,log,protocol_holdout,coverage,9,30,17.178686252726838
KIT,set3_features,GPR,log,protocol_holdout,coverage,9,36,16.09904579100948
KIT,set3_features,GPR,log,protocol_holdout,coverage,9,42,14.533831216515292
KIT,set3_features,GPR,log,protocol_holdout,coverage,9,48,10.802199491654546
KIT,set3_features,GPR,log,protocol_holdout,coverage,9,54,11.513412307811471
KIT,set3_features,GPR,log,protocol_holdout,coverage,9,60,11.00847246958197
KIT,set3_features,GPR,log,protocol_holdout,coverage,9,66,14.803354430165456
KIT,set3_features,GPR,log,protocol_holdout,coverage,10,6,14.690102423790217
KIT,set3_features,GPR,log,protocol_holdout,coverage,10,12,15.81381311751583
KIT,set3_features,GPR,log,protocol_holdout,coverage,10,18,11.363238100384104
KIT,set3_features,GPR,log,protocol_holdout,coverage,10,24,11.897558693501972
KIT,set3_features,GPR,log,protocol_holdout,coverage,10,30,15.906483832424406
KIT,set3_features,GPR,log,protocol_holdout,coverage,10,36,16.679637130641385
KIT,set3_features,GPR,log,protocol_holdout,coverage,10,42,47.17568303191456
KIT,set3_features,GPR,log,protocol_holdout,coverage,10,48,36.19724331744703
KIT,set3_features,GPR,log,protocol_holdout,coverage,10,54,36.12574447496726
KIT,set3_features,GPR,log,protocol_holdout,coverage,10,60,33.351187588303475
KIT,set3_features,GPR,log,protocol_holdout,coverage,10,66,12.001352650748036
KIT,set3_features,GPR,log,protocol_holdout,exploration,1,6,31.27493669724261
KIT,set3_features,GPR,log,protocol_holdout,exploration,1,12,28.002558969286245
KIT,set3_features,GPR,log,protocol_holdout,exploration,1,18,31.038872640683007
KIT,set3_features,GPR,log,protocol_holdout,exploration,1,24,27.07343003910671
KIT,set3_features,GPR,log,protocol_holdout,exploration,1,30,23.63543830482548
KIT,set3_features,GPR,log,protocol_holdout,exploration,1,36,20.584255825405336
KIT,set3_features,GPR,log,protocol_holdout,exploration,1,42,22.0921067024677
KIT,set3_features,GPR,log,protocol_holdout,exploration,1,48,22.722087930143942
KIT,set3_features,GPR,log,protocol_holdout,exploration,1,54,21.230926186960165
KIT,set3_features,GPR,log,protocol_holdout,exploration,1,60,20.922082398031225
KIT,set3_features,GPR,log,protocol_holdout,exploration,1,66,19.72090548551586
KIT,set3_features,GPR,log,protocol_holdout,exploration,2,6,39.8746557566693
KIT,set3_features,GPR,log,protocol_holdout,exploration,2,12,41.58893553983406
KIT,set3_features,GPR,log,protocol_holdout,exploration,2,18,17.13735157120359
KIT,set3_features,GPR,log,protocol_holdout,exploration,2,24,16.022101258139383
KIT,set3_features,GPR,log,protocol_holdout,exploration,2,30,18.325494443558103
KIT,set3_features,GPR,log,protocol_holdout,exploration,2,36,15.893686710474611
KIT,set3_features,GPR,log,protocol_holdout,exploration,2,42,14.279816195036055
KIT,set3_features,GPR,log,protocol_holdout,exploration,2,48,16.5531463616827
KIT,set3_features,GPR,log,protocol_holdout,exploration,2,54,15.539113106378055
KIT,set3_features,GPR,log,protocol_holdout,exploration,2,60,20.85329562665796
KIT,set3_features,GPR,log,protocol_holdout,exploration,2,66,22.101790180458504
KIT,set3_features,GPR,log,protocol_holdout,exploration,3,6,31.06695042969227
KIT,set3_features,GPR,log,protocol_holdout,exploration,3,12,16.472892669898364
KIT,set3_features,GPR,log,protocol_holdout,exploration,3,18,15.998297570227274
KIT,set3_features,GPR,log,protocol_holdout,exploration,3,24,14.972428131356388
KIT,set3_features,GPR,log,protocol_holdout,exploration,3,30,17.19654603073861
KIT,set3_features,GPR,log,protocol_holdout,exploration,3,36,14.557357799431884
KIT,set3_features,GPR,log,protocol_holdout,exploration,3,42,13.20959395979594
KIT,set3_features,GPR,log,protocol_holdout,exploration,3,48,12.6793227335093
KIT,set3_features,GPR,log,protocol_holdout,exploration,3,54,13.785292333632354
KIT,set3_features,GPR,log,protocol_holdout,exploration,3,60,11.093024395128587
KIT,set3_features,GPR,log,protocol_holdout,exploration,3,66,9.629018668957295
KIT,set3_features,GPR,log,protocol_holdout,exploration,4,6,49.850404885010526
KIT,set3_features,GPR,log,protocol_holdout,exploration,4,12,38.19198810795058
KIT,set3_features,GPR,log,protocol_holdout,exploration,4,18,29.52148748566592
KIT,set3_features,GPR,log,protocol_holdout,exploration,4,24,26.382715285050907
KIT,set3_features,GPR,log,protocol_holdout,exploration,4,30,15.711641675752382
KIT,set3_features,GPR,log,protocol_holdout,exploration,4,36,14.69905695595853
KIT,set3_features,GPR,log,protocol_holdout,exploration,4,42,10.600765747536602
KIT,set3_features,GPR,log,protocol_holdout,exploration,4,48,10.499462322423303
KIT,set3_features,GPR,log,protocol_holdout,exploration,4,54,11.54157346151727
KIT,set3_features,GPR,log,protocol_holdout,exploration,4,60,11.64025139113186
KIT,set3_features,GPR,log,protocol_holdout,exploration,4,66,14.572469161595569
KIT,set3_features,GPR,log,protocol_holdout,exploration,5,6,34.589564030380174
KIT,set3_features,GPR,log,protocol_holdout,exploration,5,12,14.33855687761987
KIT,set3_features,GPR,log,protocol_holdout,exploration,5,18,19.11265724832896
KIT,set3_features,GPR,log,protocol_holdout,exploration,5,24,14.096996954776287
KIT,set3_features,GPR,log,protocol_holdout,exploration,5,30,16.5806436325726
KIT,set3_features,GPR,log,protocol_holdout,exploration,5,36,21.18708021220033
KIT,set3_features,GPR,log,protocol_holdout,exploration,5,42,20.84850087361649
KIT,set3_features,GPR,log,protocol_holdout,exploration,5,48,23.345255728627244
KIT,set3_features,GPR,log,protocol_holdout,exploration,5,54,22.89516594820008
KIT,set3_features,GPR,log,protocol_holdout,exploration,5,60,17.513018561835032
KIT,set3_features,GPR,log,protocol_holdout,exploration,5,66,22.48701247199401
KIT,set3_features,GPR,log,protocol_holdout,exploration,6,6,24.76557386404509
KIT,set3_features,GPR,log,protocol_holdout,exploration,6,12,27.62325162902709
KIT,set3_features,GPR,log,protocol_holdout,exploration,6,18,25.68169738937761
KIT,set3_features,GPR,log,protocol_holdout,exploration,6,24,26.551614925958628
KIT,set3_features,GPR,log,protocol_holdout,exploration,6,30,21.356882980784185
KIT,set3_features,GPR,log,protocol_holdout,exploration,6,36,22.30105857778048
KIT,set3_features,GPR,log,protocol_holdout,exploration,6,42,22.018372810526994
KIT,set3_features,GPR,log,protocol_holdout,exploration,6,48,22.099621400049344
KIT,set3_features,GPR,log,protocol_holdout,exploration,6,54,24.003508189360257
KIT,set3_features,GPR,log,protocol_holdout,exploration,6,60,25.57596147670555
KIT,set3_features,GPR,log,protocol_holdout,exploration,6,66,21.83127713723241
KIT,set3_features,GPR,log,protocol_holdout,exploration,7,6,31.7759733767866
KIT,set3_features,GPR,log,protocol_holdout,exploration,7,12,29.93656106180157
KIT,set3_features,GPR,log,protocol_holdout,exploration,7,18,16.947187407950263
KIT,set3_features,GPR,log,protocol_holdout,exploration,7,24,16.869875358635536
KIT,set3_features,GPR,log,protocol_holdout,exploration,7,30,14.804296493322465
KIT,set3_features,GPR,log,protocol_holdout,exploration,7,36,16.064105539661437
KIT,set3_features,GPR,log,protocol_holdout,exploration,7,42,18.08163728227656
KIT,set3_features,GPR,log,protocol_holdout,exploration,7,48,18.043865760103124
KIT,set3_features,GPR,log,protocol_holdout,exploration,7,54,16.60762675752108
KIT,set3_features,GPR,log,protocol_holdout,exploration,7,60,19.41654802044055
KIT,set3_features,GPR,log,protocol_holdout,exploration,7,66,21.419130961705623
KIT,set3_features,GPR,log,protocol_holdout,exploration,8,6,22.282592676648115
KIT,set3_features,GPR,log,protocol_holdout,exploration,8,12,21.48184368576541
KIT,set3_features,GPR,log,protocol_holdout,exploration,8,18,22.02352422528956
KIT,set3_features,GPR,log,protocol_holdout,exploration,8,24,22.229557857090256
KIT,set3_features,GPR,log,protocol_holdout,exploration,8,30,26.051928734722367
KIT,set3_features,GPR,log,protocol_holdout,exploration,8,36,20.81522339128614
KIT,set3_features,GPR,log,protocol_holdout,exploration,8,42,23.25968256210453
KIT,set3_features,GPR,log,protocol_holdout,exploration,8,48,23.400831229625904
KIT,set3_features,GPR,log,protocol_holdout,exploration,8,54,21.040432202980224
KIT,set3_features,GPR,log,protocol_holdout,exploration,8,60,18.024624215714244
KIT,set3_features,GPR,log,protocol_holdout,exploration,8,66,21.885702093757896
KIT,set3_features,GPR,log,protocol_holdout,exploration,9,6,30.931573942630447
KIT,set3_features,GPR,log,protocol_holdout,exploration,9,12,29.73281499582444
KIT,set3_features,GPR,log,protocol_holdout,exploration,9,18,21.69550226223212
KIT,set3_features,GPR,log,protocol_holdout,exploration,9,24,27.440231892208907
KIT,set3_features,GPR,log,protocol_holdout,exploration,9,30,20.85798287127182
KIT,set3_features,GPR,log,protocol_holdout,exploration,9,36,20.995138533600283
KIT,set3_features,GPR,log,protocol_holdout,exploration,9,42,16.791055589277637
KIT,set3_features,GPR,log,protocol_holdout,exploration,9,48,15.2917595500586
KIT,set3_features,GPR,log,protocol_holdout,exploration,9,54,11.02875232217478
KIT,set3_features,GPR,log,protocol_holdout,exploration,9,60,12.457620074830151
KIT,set3_features,GPR,log,protocol_holdout,exploration,9,66,14.803354430165456
KIT,set3_features,GPR,log,protocol_holdout,exploration,10,6,14.690102423790217
KIT,set3_features,GPR,log,protocol_holdout,exploration,10,12,15.412124589735631
KIT,set3_features,GPR,log,protocol_holdout,exploration,10,18,20.575960082604865
KIT,set3_features,GPR,log,protocol_holdout,exploration,10,24,8.21606564949286
KIT,set3_features,GPR,log,protocol_holdout,exploration,10,30,16.196587518958037
KIT,set3_features,GPR,log,protocol_holdout,exploration,10,36,31.97684685793833
KIT,set3_features,GPR,log,protocol_holdout,exploration,10,42,34.83260311664679
KIT,set3_features,GPR,log,protocol_holdout,exploration,10,48,36.7643234539594
KIT,set3_features,GPR,log,protocol_holdout,exploration,10,54,31.38137480465228
KIT,set3_features,GPR,log,protocol_holdout,exploration,10,60,28.55235759539121
KIT,set3_features,GPR,log,protocol_holdout,exploration,10,66,12.001352650748036
KIT,set3_features,GPR,log,protocol_holdout,exploitation,1,6,31.27493669724261
KIT,set3_features,GPR,log,protocol_holdout,exploitation,1,12,30.54760822261488
KIT,set3_features,GPR,log,protocol_holdout,exploitation,1,18,30.28825895721736
KIT,set3_features,GPR,log,protocol_holdout,exploitation,1,24,22.62838637891689
KIT,set3_features,GPR,log,protocol_holdout,exploitation,1,30,18.757041172976248
KIT,set3_features,GPR,log,protocol_holdout,exploitation,1,36,21.028434232165043
KIT,set3_features,GPR,log,protocol_holdout,exploitation,1,42,21.778740852306296
KIT,set3_features,GPR,log,protocol_holdout,exploitation,1,48,21.1397325906767
KIT,set3_features,GPR,log,protocol_holdout,exploitation,1,54,19.20259051731938
KIT,set3_features,GPR,log,protocol_holdout,exploitation,1,60,20.49639995770448
KIT,set3_features,GPR,log,protocol_holdout,exploitation,1,66,19.72090548551586
KIT,set3_features,GPR,log,protocol_holdout,exploitation,2,6,39.8746557566693
KIT,set3_features,GPR,log,protocol_holdout,exploitation,2,12,37.22551051473183
KIT,set3_features,GPR,log,protocol_holdout,exploitation,2,18,32.588300498809495
KIT,set3_features,GPR,log,protocol_holdout,exploitation,2,24,27.56100283456889
KIT,set3_features,GPR,log,protocol_holdout,exploitation,2,30,17.482809305362373
KIT,set3_features,GPR,log,protocol_holdout,exploitation,2,36,32.39281156810323
KIT,set3_features,GPR,log,protocol_holdout,exploitation,2,42,22.84415278179141
KIT,set3_features,GPR,log,protocol_holdout,exploitation,2,48,22.79323265202679
KIT,set3_features,GPR,log,protocol_holdout,exploitation,2,54,23.614819913954257
KIT,set3_features,GPR,log,protocol_holdout,exploitation,2,60,23.58263848479248
KIT,set3_features,GPR,log,protocol_holdout,exploitation,2,66,22.101790180458504
KIT,set3_features,GPR,log,protocol_holdout,exploitation,3,6,31.06695042969227
KIT,set3_features,GPR,log,protocol_holdout,exploitation,3,12,28.58848756016752
KIT,set3_features,GPR,log,protocol_holdout,exploitation,3,18,17.992973400409852
KIT,set3_features,GPR,log,protocol_holdout,exploitation,3,24,10.593974618289078
KIT,set3_features,GPR,log,protocol_holdout,exploitation,3,30,17.160677994053803
KIT,set3_features,GPR,log,protocol_holdout,exploitation,3,36,20.4599004306108
KIT,set3_features,GPR,log,protocol_holdout,exploitation,3,42,19.56038139129649
KIT,set3_features,GPR,log,protocol_holdout,exploitation,3,48,9.748697310316292
KIT,set3_features,GPR,log,protocol_holdout,exploitation,3,54,9.807027337217937
KIT,set3_features,GPR,log,protocol_holdout,exploitation,3,60,9.820218867339962
KIT,set3_features,GPR,log,protocol_holdout,exploitation,3,66,9.629018668957295
KIT,set3_features,GPR,log,protocol_holdout,exploitation,4,6,49.850404885010526
KIT,set3_features,GPR,log,protocol_holdout,exploitation,4,12,16.04836615497302
KIT,set3_features,GPR,log,protocol_holdout,exploitation,4,18,30.09995933165449
KIT,set3_features,GPR,log,protocol_holdout,exploitation,4,24,21.68573825235126
KIT,set3_features,GPR,log,protocol_holdout,exploitation,4,30,21.795808460272976
KIT,set3_features,GPR,log,protocol_holdout,exploitation,4,36,16.915888760987563
KIT,set3_features,GPR,log,protocol_holdout,exploitation,4,42,15.495374500735531
KIT,set3_features,GPR,log,protocol_holdout,exploitation,4,48,17.170338188303553
KIT,set3_features,GPR,log,protocol_holdout,exploitation,4,54,15.682150839783448
KIT,set3_features,GPR,log,protocol_holdout,exploitation,4,60,15.153884784810016
KIT,set3_features,GPR,log,protocol_holdout,exploitation,4,66,14.572469161595569
KIT,set3_features,GPR,log,protocol_holdout,exploitation,5,6,34.589564030380174
KIT,set3_features,GPR,log,protocol_holdout,exploitation,5,12,17.258415910390067
KIT,set3_features,GPR,log,protocol_holdout,exploitation,5,18,17.512114704084816
KIT,set3_features,GPR,log,protocol_holdout,exploitation,5,24,13.307062302424482
KIT,set3_features,GPR,log,protocol_holdout,exploitation,5,30,10.956551310386171
KIT,set3_features,GPR,log,protocol_holdout,exploitation,5,36,25.26910879959245
KIT,set3_features,GPR,log,protocol_holdout,exploitation,5,42,29.005845678342933
KIT,set3_features,GPR,log,protocol_holdout,exploitation,5,48,26.595866555252822
KIT,set3_features,GPR,log,protocol_holdout,exploitation,5,54,28.53297975329811
KIT,set3_features,GPR,log,protocol_holdout,exploitation,5,60,23.65332021846526
KIT,set3_features,GPR,log,protocol_holdout,exploitation,5,66,22.48701247199401
KIT,set3_features,GPR,log,protocol_holdout,exploitation,6,6,24.76557386404509
KIT,set3_features,GPR,log,protocol_holdout,exploitation,6,12,42.45594733689021
KIT,set3_features,GPR,log,protocol_holdout,exploitation,6,18,42.44024732073464
KIT,set3_features,GPR,log,protocol_holdout,exploitation,6,24,20.53700433461177
KIT,set3_features,GPR,log,protocol_holdout,exploitation,6,30,21.57845967683003
KIT,set3_features,GPR,log,protocol_holdout,exploitation,6,36,33.79241232738938
KIT,set3_features,GPR,log,protocol_holdout,exploitation,6,42,31.43024578186765
KIT,set3_features,GPR,log,protocol_holdout,exploitation,6,48,31.60069962131215
KIT,set3_features,GPR,log,protocol_holdout,exploitation,6,54,26.54267067061759
KIT,set3_features,GPR,log,protocol_holdout,exploitation,6,60,21.676959857789623
KIT,set3_features,GPR,log,protocol_holdout,exploitation,6,66,21.83127713723241
KIT,set3_features,GPR,log,protocol_holdout,exploitation,7,6,31.7759733767866
KIT,set3_features,GPR,log,protocol_holdout,exploitation,7,12,26.033886338014256
KIT,set3_features,GPR,log,protocol_holdout,exploitation,7,18,51.09712812519077
KIT,set3_features,GPR,log,protocol_holdout,exploitation,7,24,40.91919255635408
KIT,set3_features,GPR,log,protocol_holdout,exploitation,7,30,18.387363778269144
KIT,set3_features,GPR,log,protocol_holdout,exploitation,7,36,18.69612322669052
KIT,set3_features,GPR,log,protocol_holdout,exploitation,7,42,17.41506336962661
KIT,set3_features,GPR,log,protocol_holdout,exploitation,7,48,25.62909620980557
KIT,set3_features,GPR,log,protocol_holdout,exploitation,7,54,22.36537128295545
KIT,set3_features,GPR,log,protocol_holdout,exploitation,7,60,22.60553763739125
KIT,set3_features,GPR,log,protocol_holdout,exploitation,7,66,21.419130961705623
KIT,set3_features,GPR,log,protocol_holdout,exploitation,8,6,22.282592676648115
KIT,set3_features,GPR,log,protocol_holdout,exploitation,8,12,41.41745562743591
KIT,set3_features,GPR,log,protocol_holdout,exploitation,8,18,27.64200942416768
KIT,set3_features,GPR,log,protocol_holdout,exploitation,8,24,28.58364023984292
KIT,set3_features,GPR,log,protocol_holdout,exploitation,8,30,29.653896468611187
KIT,set3_features,GPR,log,protocol_holdout,exploitation,8,36,27.311892851585128
KIT,set3_features,GPR,log,protocol_holdout,exploitation,8,42,25.94210163010056
KIT,set3_features,GPR,log,protocol_holdout,exploitation,8,48,24.05674437808285
KIT,set3_features,GPR,log,protocol_holdout,exploitation,8,54,23.02282928293032
KIT,set3_features,GPR,log,protocol_holdout,exploitation,8,60,23.387580296630496
KIT,set3_features,GPR,log,protocol_holdout,exploitation,8,66,21.885702093757896
KIT,set3_features,GPR,log,protocol_holdout,exploitation,9,6,30.931573942630447
KIT,set3_features,GPR,log,protocol_holdout,exploitation,9,12,25.02626850905568
KIT,set3_features,GPR,log,protocol_holdout,exploitation,9,18,10.493757920145388
KIT,set3_features,GPR,log,protocol_holdout,exploitation,9,24,11.924229578399098
KIT,set3_features,GPR,log,protocol_holdout,exploitation,9,30,13.251472966028045
KIT,set3_features,GPR,log,protocol_holdout,exploitation,9,36,34.52017681167685
KIT,set3_features,GPR,log,protocol_holdout,exploitation,9,42,19.025871889915063
KIT,set3_features,GPR,log,protocol_holdout,exploitation,9,48,17.314424382156517
KIT,set3_features,GPR,log,protocol_holdout,exploitation,9,54,17.490926317097266
KIT,set3_features,GPR,log,protocol_holdout,exploitation,9,60,11.568194085735511
KIT,set3_features,GPR,log,protocol_holdout,exploitation,9,66,14.803354430165456
KIT,set3_features,GPR,log,protocol_holdout,exploitation,10,6,14.690102423790217
KIT,set3_features,GPR,log,protocol_holdout,exploitation,10,12,26.89085487080309
KIT,set3_features,GPR,log,protocol_holdout,exploitation,10,18,10.21065270131023
KIT,set3_features,GPR,log,protocol_holdout,exploitation,10,24,43.55902592083475
KIT,set3_features,GPR,log,protocol_holdout,exploitation,10,30,26.23426742953632
KIT,set3_features,GPR,log,protocol_holdout,exploitation,10,36,27.84411697038269
KIT,set3_features,GPR,log,protocol_holdout,exploitation,10,42,13.650066723297517
KIT,set3_features,GPR,log,protocol_holdout,exploitation,10,48,30.49033339638269
KIT,set3_features,GPR,log,protocol_holdout,exploitation,10,54,30.844986730021283
KIT,set3_features,GPR,log,protocol_holdout,exploitation,10,60,29.120841211710783
KIT,set3_features,GPR,log,protocol_holdout,exploitation,10,66,12.001352650748036
KIT,set3_features,GPR,log,protocol_holdout,hybrid,1,6,31.27493669724261
KIT,set3_features,GPR,log,protocol_holdout,hybrid,1,12,30.76238765075045
KIT,set3_features,GPR,log,protocol_holdout,hybrid,1,18,24.44659804839008
KIT,set3_features,GPR,log,protocol_holdout,hybrid,1,24,24.472417897900968
KIT,set3_features,GPR,log,protocol_holdout,hybrid,1,30,23.345991110929205
KIT,set3_features,GPR,log,protocol_holdout,hybrid,1,36,19.87215005166524
KIT,set3_features,GPR,log,protocol_holdout,hybrid,1,42,20.717521052627266
KIT,set3_features,GPR,log,protocol_holdout,hybrid,1,48,20.419942295050525
KIT,set3_features,GPR,log,protocol_holdout,hybrid,1,54,19.59154051107032
KIT,set3_features,GPR,log,protocol_holdout,hybrid,1,60,19.557256535829648
KIT,set3_features,GPR,log,protocol_holdout,hybrid,1,66,19.72090548551586
KIT,set3_features,GPR,log,protocol_holdout,hybrid,2,6,39.8746557566693
KIT,set3_features,GPR,log,protocol_holdout,hybrid,2,12,41.92819622759741
KIT,set3_features,GPR,log,protocol_holdout,hybrid,2,18,20.909654634389767
KIT,set3_features,GPR,log,protocol_holdout,hybrid,2,24,15.812095497580184
KIT,set3_features,GPR,log,protocol_holdout,hybrid,2,30,16.3913864550655
KIT,set3_features,GPR,log,protocol_holdout,hybrid,2,36,15.417848915747896
KIT,set3_features,GPR,log,protocol_holdout,hybrid,2,42,16.260326322131334
KIT,set3_features,GPR,log,protocol_holdout,hybrid,2,48,15.917697718061468
KIT,set3_features,GPR,log,protocol_holdout,hybrid,2,54,15.929000929844772
KIT,set3_features,GPR,log,protocol_holdout,hybrid,2,60,15.222305209955536
KIT,set3_features,GPR,log,protocol_holdout,hybrid,2,66,22.101790180458504
KIT,set3_features,GPR,log,protocol_holdout,hybrid,3,6,31.06695042969227
KIT,set3_features,GPR,log,protocol_holdout,hybrid,3,12,20.71046852846439
KIT,set3_features,GPR,log,protocol_holdout,hybrid,3,18,17.908546409951263
KIT,set3_features,GPR,log,protocol_holdout,hybrid,3,24,15.954413839441967
KIT,set3_features,GPR,log,protocol_holdout,hybrid,3,30,15.573081475724548
KIT,set3_features,GPR,log,protocol_holdout,hybrid,3,36,12.807857757845175
KIT,set3_features,GPR,log,protocol_holdout,hybrid,3,42,12.72692200967704
KIT,set3_features,GPR,log,protocol_holdout,hybrid,3,48,12.48346167738232
KIT,set3_features,GPR,log,protocol_holdout,hybrid,3,54,11.840461441839553
KIT,set3_features,GPR,log,protocol_holdout,hybrid,3,60,11.273620770330536
KIT,set3_features,GPR,log,protocol_holdout,hybrid,3,66,9.629018668957295
KIT,set3_features,GPR,log,protocol_holdout,hybrid,4,6,49.850404885010526
KIT,set3_features,GPR,log,protocol_holdout,hybrid,4,12,35.45084840860247
KIT,set3_features,GPR,log,protocol_holdout,hybrid,4,18,24.56968818450761
KIT,set3_features,GPR,log,protocol_holdout,hybrid,4,24,18.30511199784949
KIT,set3_features,GPR,log,protocol_holdout,hybrid,4,30,29.199976748166414
KIT,set3_features,GPR,log,protocol_holdout,hybrid,4,36,18.96133465989016
KIT,set3_features,GPR,log,protocol_holdout,hybrid,4,42,13.251396358493286
KIT,set3_features,GPR,log,protocol_holdout,hybrid,4,48,11.91069971888427
KIT,set3_features,GPR,log,protocol_holdout,hybrid,4,54,13.69907273224571
KIT,set3_features,GPR,log,protocol_holdout,hybrid,4,60,11.345675526990588
KIT,set3_features,GPR,log,protocol_holdout,hybrid,4,66,14.572469161595569
KIT,set3_features,GPR,log,protocol_holdout,hybrid,5,6,34.589564030380174
KIT,set3_features,GPR,log,protocol_holdout,hybrid,5,12,19.45161571983957
KIT,set3_features,GPR,log,protocol_holdout,hybrid,5,18,17.710998154668673
KIT,set3_features,GPR,log,protocol_holdout,hybrid,5,24,18.76950426996489
KIT,set3_features,GPR,log,protocol_holdout,hybrid,5,30,20.673156640356392
KIT,set3_features,GPR,log,protocol_holdout,hybrid,5,36,24.105434679167143
KIT,set3_features,GPR,log,protocol_holdout,hybrid,5,42,21.527129530297945
KIT,set3_features,GPR,log,protocol_holdout,hybrid,5,48,22.617219903174668
KIT,set3_features,GPR,log,protocol_holdout,hybrid,5,54,23.708875326985872
KIT,set3_features,GPR,log,protocol_holdout,hybrid,5,60,23.32547062830467
KIT,set3_features,GPR,log,protocol_holdout,hybrid,5,66,22.48701247199401
KIT,set3_features,GPR,log,protocol_holdout,hybrid,6,6,24.76557386404509
KIT,set3_features,GPR,log,protocol_holdout,hybrid,6,12,24.48569291109419
KIT,set3_features,GPR,log,protocol_holdout,hybrid,6,18,22.874562404211567
KIT,set3_features,GPR,log,protocol_holdout,hybrid,6,24,19.59489969465975
KIT,set3_features,GPR,log,protocol_holdout,hybrid,6,30,26.574144850137166
KIT,set3_features,GPR,log,protocol_holdout,hybrid,6,36,22.420694892383203
KIT,set3_features,GPR,log,protocol_holdout,hybrid,6,42,22.92595580443865
KIT,set3_features,GPR,log,protocol_holdout,hybrid,6,48,23.76397021583396
KIT,set3_features,GPR,log,protocol_holdout,hybrid,6,54,24.101850261565254
KIT,set3_features,GPR,log,protocol_holdout,hybrid,6,60,24.87380886862392
KIT,set3_features,GPR,log,protocol_holdout,hybrid,6,66,21.83127713723241
KIT,set3_features,GPR,log,protocol_holdout,hybrid,7,6,31.7759733767866
KIT,set3_features,GPR,log,protocol_holdout,hybrid,7,12,29.93656106180157
KIT,set3_features,GPR,log,protocol_holdout,hybrid,7,18,16.85867262174016
KIT,set3_features,GPR,log,protocol_holdout,hybrid,7,24,17.44683468392599
KIT,set3_features,GPR,log,protocol_holdout,hybrid,7,30,17.395802093169397
KIT,set3_features,GPR,log,protocol_holdout,hybrid,7,36,14.899912724392609
KIT,set3_features,GPR,log,protocol_holdout,hybrid,7,42,15.264955546656603
KIT,set3_features,GPR,log,protocol_holdout,hybrid,7,48,16.566416180410645
KIT,set3_features,GPR,log,protocol_holdout,hybrid,7,54,16.403920375308054
KIT,set3_features,GPR,log,protocol_holdout,hybrid,7,60,16.233679040093225
KIT,set3_features,GPR,log,protocol_holdout,hybrid,7,66,21.419130961705623
KIT,set3_features,GPR,log,protocol_holdout,hybrid,8,6,22.282592676648115
KIT,set3_features,GPR,log,protocol_holdout,hybrid,8,12,21.275275481509222
KIT,set3_features,GPR,log,protocol_holdout,hybrid,8,18,21.81014374211955
KIT,set3_features,GPR,log,protocol_holdout,hybrid,8,24,26.025867765752302
KIT,set3_features,GPR,log,protocol_holdout,hybrid,8,30,23.60605886023099
KIT,set3_features,GPR,log,protocol_holdout,hybrid,8,36,22.62927589353296
KIT,set3_features,GPR,log,protocol_holdout,hybrid,8,42,21.74303239435007
KIT,set3_features,GPR,log,protocol_holdout,hybrid,8,48,20.83942111805734
KIT,set3_features,GPR,log,protocol_holdout,hybrid,8,54,20.99287294025316
KIT,set3_features,GPR,log,protocol_holdout,hybrid,8,60,22.10534520539023
KIT,set3_features,GPR,log,protocol_holdout,hybrid,8,66,21.885702093757896
KIT,set3_features,GPR,log,protocol_holdout,hybrid,9,6,30.931573942630447
KIT,set3_features,GPR,log,protocol_holdout,hybrid,9,12,29.73281499582444
KIT,set3_features,GPR,log,protocol_holdout,hybrid,9,18,22.341505891706056
KIT,set3_features,GPR,log,protocol_holdout,hybrid,9,24,20.87958795009873
KIT,set3_features,GPR,log,protocol_holdout,hybrid,9,30,19.27872913295431
KIT,set3_features,GPR,log,protocol_holdout,hybrid,9,36,18.407755489445897
KIT,set3_features,GPR,log,protocol_holdout,hybrid,9,42,13.15113493317214
KIT,set3_features,GPR,log,protocol_holdout,hybrid,9,48,13.388583061819382
KIT,set3_features,GPR,log,protocol_holdout,hybrid,9,54,11.881501099722994
KIT,set3_features,GPR,log,protocol_holdout,hybrid,9,60,10.866227729179084
KIT,set3_features,GPR,log,protocol_holdout,hybrid,9,66,14.803354430165456
KIT,set3_features,GPR,log,protocol_holdout,hybrid,10,6,14.690102423790217
KIT,set3_features,GPR,log,protocol_holdout,hybrid,10,12,20.082653198263223
KIT,set3_features,GPR,log,protocol_holdout,hybrid,10,18,14.565332309588912
KIT,set3_features,GPR,log,protocol_holdout,hybrid,10,24,19.63502999145668
KIT,set3_features,GPR,log,protocol_holdout,hybrid,10,30,18.93219487480665
KIT,set3_features,GPR,log,protocol_holdout,hybrid,10,36,21.28997477316374
KIT,set3_features,GPR,log,protocol_holdout,hybrid,10,42,26.66295232215844
KIT,set3_features,GPR,log,protocol_holdout,hybrid,10,48,30.369055732334548
KIT,set3_features,GPR,log,protocol_holdout,hybrid,10,54,32.581180739202175
KIT,set3_features,GPR,log,protocol_holdout,hybrid,10,60,29.93514706354387
KIT,set3_features,GPR,log,protocol_holdout,hybrid,10,66,12.001352650748036
Formation,set3_features,GPR,log,protocol_holdout,random_selection,1,12,15.658932972856466
Formation,set3_features,GPR,log,protocol_holdout,random_selection,1,24,13.186570010247308
Formation,set3_features,GPR,log,protocol_holdout,random_selection,1,36,13.716606052845556
Formation,set3_features,GPR,log,protocol_holdout,random_selection,1,48,12.911217670842497
Formation,set3_features,GPR,log,protocol_holdout,random_selection,1,60,11.674212566785076
Formation,set3_features,GPR,log,protocol_holdout,random_selection,1,72,10.107191076476807
Formation,set3_features,GPR,log,protocol_holdout,random_selection,1,84,10.791477754986724
Formation,set3_features,GPR,log,protocol_holdout,random_selection,1,96,10.310728205766448
Formation,set3_features,GPR,log,protocol_holdout,random_selection,1,108,10.08253547217335
Formation,set3_features,GPR,log,protocol_holdout,random_selection,1,120,9.85272722271142
Formation,set3_features,GPR,log,protocol_holdout,random_selection,1,132,9.877193441963268
Formation,set3_features,GPR,log,protocol_holdout,random_selection,1,144,9.926184851888936
Formation,set3_features,GPR,log,protocol_holdout,random_selection,1,146,9.85107119088662
Formation,set3_features,GPR,log,protocol_holdout,random_selection,2,12,34.36949822736782
Formation,set3_features,GPR,log,protocol_holdout,random_selection,2,24,18.447721610376863
Formation,set3_features,GPR,log,protocol_holdout,random_selection,2,36,18.609455303503573
Formation,set3_features,GPR,log,protocol_holdout,random_selection,2,48,13.373763794587838
Formation,set3_features,GPR,log,protocol_holdout,random_selection,2,60,11.696680053744368
Formation,set3_features,GPR,log,protocol_holdout,random_selection,2,72,11.146831436279092
Formation,set3_features,GPR,log,protocol_holdout,random_selection,2,84,11.177515856717516
Formation,set3_features,GPR,log,protocol_holdout,random_selection,2,96,11.38945290295249
Formation,set3_features,GPR,log,protocol_holdout,random_selection,2,108,11.266841045939431
Formation,set3_features,GPR,log,protocol_holdout,random_selection,2,120,12.479993141988322
Formation,set3_features,GPR,log,protocol_holdout,random_selection,2,132,11.977906689918091
Formation,set3_features,GPR,log,protocol_holdout,random_selection,2,144,12.328530431091734
Formation,set3_features,GPR,log,protocol_holdout,random_selection,2,146,11.865188374560502
Formation,set3_features,GPR,log,protocol_holdout,random_selection,3,12,14.6464395057761
Formation,set3_features,GPR,log,protocol_holdout,random_selection,3,24,10.66581722024874
Formation,set3_features,GPR,log,protocol_holdout,random_selection,3,36,10.805303577065422
Formation,set3_features,GPR,log,protocol_holdout,random_selection,3,48,10.51430952619046
Formation,set3_features,GPR,log,protocol_holdout,random_selection,3,60,9.997457259185548
Formation,set3_features,GPR,log,protocol_holdout,random_selection,3,72,9.261369294282764
Formation,set3_features,GPR,log,protocol_holdout,random_selection,3,84,9.28304965302724
Formation,set3_features,GPR,log,protocol_holdout,random_selection,3,96,9.816395725654438
Formation,set3_features,GPR,log,protocol_holdout,random_selection,3,108,9.915941356137864
Formation,set3_features,GPR,log,protocol_holdout,random_selection,3,120,9.816821130716551
Formation,set3_features,GPR,log,protocol_holdout,random_selection,3,132,9.662474364711814
Formation,set3_features,GPR,log,protocol_holdout,random_selection,3,144,9.665875497631706
Formation,set3_features,GPR,log,protocol_holdout,random_selection,3,146,10.06944588739898
Formation,set3_features,GPR,log,protocol_holdout,random_selection,4,12,13.357150398301536
Formation,set3_features,GPR,log,protocol_holdout,random_selection,4,24,12.896793141877115
Formation,set3_features,GPR,log,protocol_holdout,random_selection,4,36,11.373482128504484
Formation,set3_features,GPR,log,protocol_holdout,random_selection,4,48,12.364507842901904
Formation,set3_features,GPR,log,protocol_holdout,random_selection,4,60,11.711328029034089
Formation,set3_features,GPR,log,protocol_holdout,random_selection,4,72,11.851476074542198
Formation,set3_features,GPR,log,protocol_holdout,random_selection,4,84,11.660684048075003
Formation,set3_features,GPR,log,protocol_holdout,random_selection,4,96,11.322394745421672
Formation,set3_features,GPR,log,protocol_holdout,random_selection,4,108,11.298047963887146
Formation,set3_features,GPR,log,protocol_holdout,random_selection,4,120,10.945195698191498
Formation,set3_features,GPR,log,protocol_holdout,random_selection,4,132,11.02853394134035
Formation,set3_features,GPR,log,protocol_holdout,random_selection,4,144,10.902853882288376
Formation,set3_features,GPR,log,protocol_holdout,random_selection,4,146,10.904860224585974
Formation,set3_features,GPR,log,protocol_holdout,random_selection,5,12,11.064297491436095
Formation,set3_features,GPR,log,protocol_holdout,random_selection,5,24,11.05212032857692
Formation,set3_features,GPR,log,protocol_holdout,random_selection,5,36,11.909954694850844
Formation,set3_features,GPR,log,protocol_holdout,random_selection,5,48,12.784227945931226
Formation,set3_features,GPR,log,protocol_holdout,random_selection,5,60,11.819410896952007
Formation,set3_features,GPR,log,protocol_holdout,random_selection,5,72,11.838679720496744
Formation,set3_features,GPR,log,protocol_holdout,random_selection,5,84,13.39355408221206
Formation,set3_features,GPR,log,protocol_holdout,random_selection,5,96,14.130083432873914
Formation,set3_features,GPR,log,protocol_holdout,random_selection,5,108,13.092089667704618
Formation,set3_features,GPR,log,protocol_holdout,random_selection,5,120,12.24319386872716
Formation,set3_features,GPR,log,protocol_holdout,random_selection,5,132,12.675281356853988
Formation,set3_features,GPR,log,protocol_holdout,random_selection,5,144,12.618474678425128
Formation,set3_features,GPR,log,protocol_holdout,random_selection,5,146,12.686914892258883
Formation,set3_features,GPR,log,protocol_holdout,random_selection,6,12,13.92438082040198
Formation,set3_features,GPR,log,protocol_holdout,random_selection,6,24,10.69571708902921
Formation,set3_features,GPR,log,protocol_holdout,random_selection,6,36,8.101223194584811
Formation,set3_features,GPR,log,protocol_holdout,random_selection,6,48,7.2924669319295825
Formation,set3_features,GPR,log,protocol_holdout,random_selection,6,60,13.37806084945118
Formation,set3_features,GPR,log,protocol_holdout,random_selection,6,72,12.440661219343244
Formation,set3_features,GPR,log,protocol_holdout,random_selection,6,84,11.308882545672788
Formation,set3_features,GPR,log,protocol_holdout,random_selection,6,96,9.148080180797155
Formation,set3_features,GPR,log,protocol_holdout,random_selection,6,108,8.37591127944775
Formation,set3_features,GPR,log,protocol_holdout,random_selection,6,120,7.736590102306405
Formation,set3_features,GPR,log,protocol_holdout,random_selection,6,132,8.003948324659762
Formation,set3_features,GPR,log,protocol_holdout,random_selection,6,144,9.04115922920881
Formation,set3_features,GPR,log,protocol_holdout,random_selection,6,146,9.06157550766424
Formation,set3_features,GPR,log,protocol_holdout,random_selection,7,12,18.60731283277652
Formation,set3_features,GPR,log,protocol_holdout,random_selection,7,24,14.904654886493049
Formation,set3_features,GPR,log,protocol_holdout,random_selection,7,36,13.899356392253944
Formation,set3_features,GPR,log,protocol_holdout,random_selection,7,48,12.898569766279332
Formation,set3_features,GPR,log,protocol_holdout,random_selection,7,60,12.65607135104425
Formation,set3_features,GPR,log,protocol_holdout,random_selection,7,72,12.620440703527624
Formation,set3_features,GPR,log,protocol_holdout,random_selection,7,84,12.09814283423013
Formation,set3_features,GPR,log,protocol_holdout,random_selection,7,96,12.340941667454274
Formation,set3_features,GPR,log,protocol_holdout,random_selection,7,108,11.31002247885286
Formation,set3_features,GPR,log,protocol_holdout,random_selection,7,120,11.817842954172418
Formation,set3_features,GPR,log,protocol_holdout,random_selection,7,132,10.871346662298787
Formation,set3_features,GPR,log,protocol_holdout,random_selection,7,144,10.544589723365196
Formation,set3_features,GPR,log,protocol_holdout,random_selection,7,146,10.694935411792288
Formation,set3_features,GPR,log,protocol_holdout,random_selection,8,12,15.162207525400328
Formation,set3_features,GPR,log,protocol_holdout,random_selection,8,24,14.500642802916678
Formation,set3_features,GPR,log,protocol_holdout,random_selection,8,36,11.95725352070292
Formation,set3_features,GPR,log,protocol_holdout,random_selection,8,48,10.67877641965796
Formation,set3_features,GPR,log,protocol_holdout,random_selection,8,60,10.238971642092446
Formation,set3_features,GPR,log,protocol_holdout,random_selection,8,72,11.063866555735812
Formation,set3_features,GPR,log,protocol_holdout,random_selection,8,84,10.792072275696675
Formation,set3_features,GPR,log,protocol_holdout,random_selection,8,96,10.995575621959276
Formation,set3_features,GPR,log,protocol_holdout,random_selection,8,108,10.624975990016267
Formation,set3_features,GPR,log,protocol_holdout,random_selection,8,120,10.432360039821932
Formation,set3_features,GPR,log,protocol_holdout,random_selection,8,132,10.413246124852712
Formation,set3_features,GPR,log,protocol_holdout,random_selection,8,144,10.50459661630758
Formation,set3_features,GPR,log,protocol_holdout,random_selection,8,146,10.317038647335083
Formation,set3_features,GPR,log,protocol_holdout,random_selection,9,12,12.297334481238453
Formation,set3_features,GPR,log,protocol_holdout,random_selection,9,24,14.228132168721972
Formation,set3_features,GPR,log,protocol_holdout,random_selection,9,36,10.55376540952778
Formation,set3_features,GPR,log,protocol_holdout,random_selection,9,48,9.56259694385746
Formation,set3_features,GPR,log,protocol_holdout,random_selection,9,60,9.539503161426348
Formation,set3_features,GPR,log,protocol_holdout,random_selection,9,72,7.781630808960182
Formation,set3_features,GPR,log,protocol_holdout,random_selection,9,84,7.740670071880522
Formation,set3_features,GPR,log,protocol_holdout,random_selection,9,96,7.523950904885074
Formation,set3_features,GPR,log,protocol_holdout,random_selection,9,108,7.897922255649298
Formation,set3_features,GPR,log,protocol_holdout,random_selection,9,120,8.024688058417366
Formation,set3_features,GPR,log,protocol_holdout,random_selection,9,132,8.26401899389022
Formation,set3_features,GPR,log,protocol_holdout,random_selection,9,144,8.085815531858973
Formation,set3_features,GPR,log,protocol_holdout,random_selection,9,146,8.329042643504366
Formation,set3_features,GPR,log,protocol_holdout,random_selection,10,12,14.159889147353402
Formation,set3_features,GPR,log,protocol_holdout,random_selection,10,24,9.777101217956616
Formation,set3_features,GPR,log,protocol_holdout,random_selection,10,36,9.540222573770688
Formation,set3_features,GPR,log,protocol_holdout,random_selection,10,48,9.887281769790029
Formation,set3_features,GPR,log,protocol_holdout,random_selection,10,60,10.858774002774092
Formation,set3_features,GPR,log,protocol_holdout,random_selection,10,72,10.301909996205232
Formation,set3_features,GPR,log,protocol_holdout,random_selection,10,84,10.304576043688012
Formation,set3_features,GPR,log,protocol_holdout,random_selection,10,96,10.937016060808688
Formation,set3_features,GPR,log,protocol_holdout,random_selection,10,108,10.702312740474364
Formation,set3_features,GPR,log,protocol_holdout,random_selection,10,120,11.031457425018573
Formation,set3_features,GPR,log,protocol_holdout,random_selection,10,132,11.000717479159226
Formation,set3_features,GPR,log,protocol_holdout,random_selection,10,144,10.702307236062786
Formation,set3_features,GPR,log,protocol_holdout,random_selection,10,146,10.832089809682987
Formation,set3_features,GPR,log,protocol_holdout,diversity_oneshot,1,12,11.87927160613077
Formation,set3_features,GPR,log,protocol_holdout,diversity_oneshot,1,24,9.66391543658777
Formation,set3_features,GPR,log,protocol_holdout,diversity_oneshot,1,36,9.305184174765662
Formation,set3_features,GPR,log,protocol_holdout,diversity_oneshot,1,48,10.127360210194636
Formation,set3_features,GPR,log,protocol_holdout,diversity_oneshot,1,60,9.85820206977219
Formation,set3_features,GPR,log,protocol_holdout,diversity_oneshot,1,72,9.16650861423104
Formation,set3_features,GPR,log,protocol_holdout,diversity_oneshot,1,84,9.38727776698866
Formation,set3_features,GPR,log,protocol_holdout,diversity_oneshot,1,96,9.330044193538892
Formation,set3_features,GPR,log,protocol_holdout,diversity_oneshot,1,108,9.966274697473128
Formation,set3_features,GPR,log,protocol_holdout,diversity_oneshot,1,120,10.053818299884348
Formation,set3_features,GPR,log,protocol_holdout,diversity_oneshot,1,132,10.227297701075452
Formation,set3_features,GPR,log,protocol_holdout,diversity_oneshot,1,144,9.802977564630512
Formation,set3_features,GPR,log,protocol_holdout,diversity_oneshot,1,146,9.85107119088662
Formation,set3_features,GPR,log,protocol_holdout,diversity_oneshot,2,12,14.095504036203806
Formation,set3_features,GPR,log,protocol_holdout,diversity_oneshot,2,24,12.051913407794723
Formation,set3_features,GPR,log,protocol_holdout,diversity_oneshot,2,36,14.490337589021983
Formation,set3_features,GPR,log,protocol_holdout,diversity_oneshot,2,48,12.66430007507832
Formation,set3_features,GPR,log,protocol_holdout,diversity_oneshot,2,60,13.393647651364375
Formation,set3_features,GPR,log,protocol_holdout,diversity_oneshot,2,72,11.243484996181255
Formation,set3_features,GPR,log,protocol_holdout,diversity_oneshot,2,84,11.998660501122812
Formation,set3_features,GPR,log,protocol_holdout,diversity_oneshot,2,96,12.100580362009328
Formation,set3_features,GPR,log,protocol_holdout,diversity_oneshot,2,108,12.389823420282331
Formation,set3_features,GPR,log,protocol_holdout,diversity_oneshot,2,120,12.069913258062616
Formation,set3_features,GPR,log,protocol_holdout,diversity_oneshot,2,132,11.902753186790344
Formation,set3_features,GPR,log,protocol_holdout,diversity_oneshot,2,144,11.876909775888976
Formation,set3_features,GPR,log,protocol_holdout,diversity_oneshot,2,146,11.865188374560502
Formation,set3_features,GPR,log,protocol_holdout,diversity_oneshot,3,12,12.548972975520623
Formation,set3_features,GPR,log,protocol_holdout,diversity_oneshot,3,24,10.838174972772284
Formation,set3_features,GPR,log,protocol_holdout,diversity_oneshot,3,36,9.152679677652284
Formation,set3_features,GPR,log,protocol_holdout,diversity_oneshot,3,48,9.50209039201948
Formation,set3_features,GPR,log,protocol_holdout,diversity_oneshot,3,60,9.907560224788524
Formation,set3_features,GPR,log,protocol_holdout,diversity_oneshot,3,72,9.551954016672036
Formation,set3_features,GPR,log,protocol_holdout,diversity_oneshot,3,84,9.73817143417192
Formation,set3_features,GPR,log,protocol_holdout,diversity_oneshot,3,96,9.78426754506187
Formation,set3_features,GPR,log,protocol_holdout,diversity_oneshot,3,108,9.652105608318791
Formation,set3_features,GPR,log,protocol_holdout,diversity_oneshot,3,120,9.6062700841599
Formation,set3_features,GPR,log,protocol_holdout,diversity_oneshot,3,132,9.590454558151215
Formation,set3_features,GPR,log,protocol_holdout,diversity_oneshot,3,144,9.511641411731054
Formation,set3_features,GPR,log,protocol_holdout,diversity_oneshot,3,146,10.06944588739898
Formation,set3_features,GPR,log,protocol_holdout,diversity_oneshot,4,12,33.05351104026097
Formation,set3_features,GPR,log,protocol_holdout,diversity_oneshot,4,24,14.436508853804284
Formation,set3_features,GPR,log,protocol_holdout,diversity_oneshot,4,36,11.017456241356529
Formation,set3_features,GPR,log,protocol_holdout,diversity_oneshot,4,48,12.637992970185811
Formation,set3_features,GPR,log,protocol_holdout,diversity_oneshot,4,60,11.484844161508075
Formation,set3_features,GPR,log,protocol_holdout,diversity_oneshot,4,72,12.826522321080033
Formation,set3_features,GPR,log,protocol_holdout,diversity_oneshot,4,84,12.424637956080966
Formation,set3_features,GPR,log,protocol_holdout,diversity_oneshot,4,96,11.602439474592565
Formation,set3_features,GPR,log,protocol_holdout,diversity_oneshot,4,108,10.9093908132158
Formation,set3_features,GPR,log,protocol_holdout,diversity_oneshot,4,120,10.91440851086136
Formation,set3_features,GPR,log,protocol_holdout,diversity_oneshot,4,132,10.98594936104992
Formation,set3_features,GPR,log,protocol_holdout,diversity_oneshot,4,144,10.982600425462966
Formation,set3_features,GPR,log,protocol_holdout,diversity_oneshot,4,146,10.904860224585974
Formation,set3_features,GPR,log,protocol_holdout,diversity_oneshot,5,12,11.65316468741527
Formation,set3_features,GPR,log,protocol_holdout,diversity_oneshot,5,24,10.839367402975364
Formation,set3_features,GPR,log,protocol_holdout,diversity_oneshot,5,36,11.828888597158237
Formation,set3_features,GPR,log,protocol_holdout,diversity_oneshot,5,48,12.117210722298728
Formation,set3_features,GPR,log,protocol_holdout,diversity_oneshot,5,60,12.136869519127714
Formation,set3_features,GPR,log,protocol_holdout,diversity_oneshot,5,72,12.337719848491302
Formation,set3_features,GPR,log,protocol_holdout,diversity_oneshot,5,84,12.70147451591646
Formation,set3_features,GPR,log,protocol_holdout,diversity_oneshot,5,96,13.227071288080236
Formation,set3_features,GPR,log,protocol_holdout,diversity_oneshot,5,108,13.14875310894306
Formation,set3_features,GPR,log,protocol_holdout,diversity_oneshot,5,120,13.334120055589969
Formation,set3_features,GPR,log,protocol_holdout,diversity_oneshot,5,132,12.889935621405282
Formation,set3_features,GPR,log,protocol_holdout,diversity_oneshot,5,144,12.807518498208688
Formation,set3_features,GPR,log,protocol_holdout,diversity_oneshot,5,146,12.686914892258883
Formation,set3_features,GPR,log,protocol_holdout,diversity_oneshot,6,12,7.50852682960696
Formation,set3_features,GPR,log,protocol_holdout,diversity_oneshot,6,24,11.105694275159808
Formation,set3_features,GPR,log,protocol_holdout,diversity_oneshot,6,36,8.666439042731183
Formation,set3_features,GPR,log,protocol_holdout,diversity_oneshot,6,48,9.72364451166766
Formation,set3_features,GPR,log,protocol_holdout,diversity_oneshot,6,60,9.80515897792372
Formation,set3_features,GPR,log,protocol_holdout,diversity_oneshot,6,72,9.053891609695087
Formation,set3_features,GPR,log,protocol_holdout,diversity_oneshot,6,84,9.465994352138246
Formation,set3_features,GPR,log,protocol_holdout,diversity_oneshot,6,96,10.071062849238
Formation,set3_features,GPR,log,protocol_holdout,diversity_oneshot,6,108,9.415118698463791
Formation,set3_features,GPR,log,protocol_holdout,diversity_oneshot,6,120,9.443102846623788
Formation,set3_features,GPR,log,protocol_holdout,diversity_oneshot,6,132,9.187357415974768
Formation,set3_features,GPR,log,protocol_holdout,diversity_oneshot,6,144,9.16856636306026
Formation,set3_features,GPR,log,protocol_holdout,diversity_oneshot,6,146,9.06157550766424
Formation,set3_features,GPR,log,protocol_holdout,diversity_oneshot,7,12,21.23503379709605
Formation,set3_features,GPR,log,protocol_holdout,diversity_oneshot,7,24,14.358867959517294
Formation,set3_features,GPR,log,protocol_holdout,diversity_oneshot,7,36,13.185139174434562
Formation,set3_features,GPR,log,protocol_holdout,diversity_oneshot,7,48,10.737920806518147
Formation,set3_features,GPR,log,protocol_holdout,diversity_oneshot,7,60,14.036386177993077
Formation,set3_features,GPR,log,protocol_holdout,diversity_oneshot,7,72,13.112965185534785
Formation,set3_features,GPR,log,protocol_holdout,diversity_oneshot,7,84,12.775335978435995
Formation,set3_features,GPR,log,protocol_holdout,diversity_oneshot,7,96,12.43943946310881
Formation,set3_features,GPR,log,protocol_holdout,diversity_oneshot,7,108,12.129561471019931
Formation,set3_features,GPR,log,protocol_holdout,diversity_oneshot,7,120,11.849348662519596
Formation,set3_features,GPR,log,protocol_holdout,diversity_oneshot,7,132,11.311523981648538
Formation,set3_features,GPR,log,protocol_holdout,diversity_oneshot,7,144,10.792768985596712
Formation,set3_features,GPR,log,protocol_holdout,diversity_oneshot,7,146,10.694935411792288
Formation,set3_features,GPR,log,protocol_holdout,diversity_oneshot,8,12,13.996764125593195
Formation,set3_features,GPR,log,protocol_holdout,diversity_oneshot,8,24,13.566163142815316
Formation,set3_features,GPR,log,protocol_holdout,diversity_oneshot,8,36,12.13524826368672
Formation,set3_features,GPR,log,protocol_holdout,diversity_oneshot,8,48,10.089856080410843
Formation,set3_features,GPR,log,protocol_holdout,diversity_oneshot,8,60,10.87782672239108
Formation,set3_features,GPR,log,protocol_holdout,diversity_oneshot,8,72,10.07632852987197
Formation,set3_features,GPR,log,protocol_holdout,diversity_oneshot,8,84,9.353277958135608
Formation,set3_features,GPR,log,protocol_holdout,diversity_oneshot,8,96,9.403795839369929
Formation,set3_features,GPR,log,protocol_holdout,diversity_oneshot,8,108,9.334373979567252
Formation,set3_features,GPR,log,protocol_holdout,diversity_oneshot,8,120,9.578711675055049
Formation,set3_features,GPR,log,protocol_holdout,diversity_oneshot,8,132,9.595673583067384
Formation,set3_features,GPR,log,protocol_holdout,diversity_oneshot,8,144,10.21056952191904
Formation,set3_features,GPR,log,protocol_holdout,diversity_oneshot,8,146,10.317038647335083
Formation,set3_features,GPR,log,protocol_holdout,diversity_oneshot,9,12,17.20896161807719
Formation,set3_features,GPR,log,protocol_holdout,diversity_oneshot,9,24,13.555016958960524
Formation,set3_features,GPR,log,protocol_holdout,diversity_oneshot,9,36,8.81999439663147
Formation,set3_features,GPR,log,protocol_holdout,diversity_oneshot,9,48,8.644232790705466
Formation,set3_features,GPR,log,protocol_holdout,diversity_oneshot,9,60,9.10461732313364
Formation,set3_features,GPR,log,protocol_holdout,diversity_oneshot,9,72,8.451636714451574
Formation,set3_features,GPR,log,protocol_holdout,diversity_oneshot,9,84,8.180055573661223
Formation,set3_features,GPR,log,protocol_holdout,diversity_oneshot,9,96,8.002847104363939
Formation,set3_features,GPR,log,protocol_holdout,diversity_oneshot,9,108,8.181443404437008
Formation,set3_features,GPR,log,protocol_holdout,diversity_oneshot,9,120,7.775641648283862
Formation,set3_features,GPR,log,protocol_holdout,diversity_oneshot,9,132,8.092680153502972
Formation,set3_features,GPR,log,protocol_holdout,diversity_oneshot,9,144,8.089707073461238
Formation,set3_features,GPR,log,protocol_holdout,diversity_oneshot,9,146,8.329042643504366
Formation,set3_features,GPR,log,protocol_holdout,diversity_oneshot,10,12,12.16013367841484
Formation,set3_features,GPR,log,protocol_holdout,diversity_oneshot,10,24,10.770239233560291
Formation,set3_features,GPR,log,protocol_holdout,diversity_oneshot,10,36,12.037968031235197
Formation,set3_features,GPR,log,protocol_holdout,diversity_oneshot,10,48,11.676151379992206
Formation,set3_features,GPR,log,protocol_holdout,diversity_oneshot,10,60,12.227888794351529
Formation,set3_features,GPR,log,protocol_holdout,diversity_oneshot,10,72,11.862447144223347
Formation,set3_features,GPR,log,protocol_holdout,diversity_oneshot,10,84,11.91585710059416
Formation,set3_features,GPR,log,protocol_holdout,diversity_oneshot,10,96,11.665398277498504
Formation,set3_features,GPR,log,protocol_holdout,diversity_oneshot,10,108,11.827059534205372
Formation,set3_features,GPR,log,protocol_holdout,diversity_oneshot,10,120,11.431809999075751
Formation,set3_features,GPR,log,protocol_holdout,diversity_oneshot,10,132,11.02754758772864
Formation,set3_features,GPR,log,protocol_holdout,diversity_oneshot,10,144,10.485161340711551
Formation,set3_features,GPR,log,protocol_holdout,diversity_oneshot,10,146,10.832089809682987
Formation,set3_features,GPR,log,protocol_holdout,diversity_iterative,1,12,11.87927160613077
Formation,set3_features,GPR,log,protocol_holdout,diversity_iterative,1,24,10.129369386733922
Formation,set3_features,GPR,log,protocol_holdout,diversity_iterative,1,36,10.17218620819581
Formation,set3_features,GPR,log,protocol_holdout,diversity_iterative,1,48,10.42664014190861
Formation,set3_features,GPR,log,protocol_holdout,diversity_iterative,1,60,10.046552990961562
Formation,set3_features,GPR,log,protocol_holdout,diversity_iterative,1,72,9.131279806557233
Formation,set3_features,GPR,log,protocol_holdout,diversity_iterative,1,84,8.561082548581718
Formation,set3_features,GPR,log,protocol_holdout,diversity_iterative,1,96,8.975051616936417
Formation,set3_features,GPR,log,protocol_holdout,diversity_iterative,1,108,9.499328062062387
Formation,set3_features,GPR,log,protocol_holdout,diversity_iterative,1,120,9.96123363104438
Formation,set3_features,GPR,log,protocol_holdout,diversity_iterative,1,132,10.154592427739058
Formation,set3_features,GPR,log,protocol_holdout,diversity_iterative,1,144,9.86890295570468
Formation,set3_features,GPR,log,protocol_holdout,diversity_iterative,1,146,9.85107119088662
Formation,set3_features,GPR,log,protocol_holdout,diversity_iterative,2,12,14.095504036203806
Formation,set3_features,GPR,log,protocol_holdout,diversity_iterative,2,24,13.09327389042221
Formation,set3_features,GPR,log,protocol_holdout,diversity_iterative,2,36,12.809804693341867
Formation,set3_features,GPR,log,protocol_holdout,diversity_iterative,2,48,12.40883211976188
Formation,set3_features,GPR,log,protocol_holdout,diversity_iterative,2,60,11.494930545154167
Formation,set3_features,GPR,log,protocol_holdout,diversity_iterative,2,72,10.86481651242394
Formation,set3_features,GPR,log,protocol_holdout,diversity_iterative,2,84,11.009003935179546
Formation,set3_features,GPR,log,protocol_holdout,diversity_iterative,2,96,10.832857849820408
Formation,set3_features,GPR,log,protocol_holdout,diversity_iterative,2,108,10.899659842595918
Formation,set3_features,GPR,log,protocol_holdout,diversity_iterative,2,120,10.616574555584618
Formation,set3_features,GPR,log,protocol_holdout,diversity_iterative,2,132,11.87342690232326
Formation,set3_features,GPR,log,protocol_holdout,diversity_iterative,2,144,11.794050479692986
Formation,set3_features,GPR,log,protocol_holdout,diversity_iterative,2,146,11.865188374560502
Formation,set3_features,GPR,log,protocol_holdout,diversity_iterative,3,12,12.548972975520623
Formation,set3_features,GPR,log,protocol_holdout,diversity_iterative,3,24,11.479915309262031
Formation,set3_features,GPR,log,protocol_holdout,diversity_iterative,3,36,10.458769088167893
Formation,set3_features,GPR,log,protocol_holdout,diversity_iterative,3,48,10.381609150426712
Formation,set3_features,GPR,log,protocol_holdout,diversity_iterative,3,60,9.81323194252442
Formation,set3_features,GPR,log,protocol_holdout,diversity_iterative,3,72,9.52795622004358
Formation,set3_features,GPR,log,protocol_holdout,diversity_iterative,3,84,9.469562099999813
Formation,set3_features,GPR,log,protocol_holdout,diversity_iterative,3,96,9.479109980025097
Formation,set3_features,GPR,log,protocol_holdout,diversity_iterative,3,108,9.336165273901782
Formation,set3_features,GPR,log,protocol_holdout,diversity_iterative,3,120,9.41744794573098
Formation,set3_features,GPR,log,protocol_holdout,diversity_iterative,3,132,9.429977452880651
Formation,set3_features,GPR,log,protocol_holdout,diversity_iterative,3,144,10.14645500823979
Formation,set3_features,GPR,log,protocol_holdout,diversity_iterative,3,146,10.06944588739898
Formation,set3_features,GPR,log,protocol_holdout,diversity_iterative,4,12,33.05351104026097
Formation,set3_features,GPR,log,protocol_holdout,diversity_iterative,4,24,11.856013231215568
Formation,set3_features,GPR,log,protocol_holdout,diversity_iterative,4,36,11.305801688030389
Formation,set3_features,GPR,log,protocol_holdout,diversity_iterative,4,48,11.378239583201646
Formation,set3_features,GPR,log,protocol_holdout,diversity_iterative,4,60,11.552969603772484
Formation,set3_features,GPR,log,protocol_holdout,diversity_iterative,4,72,11.88019092228569
Formation,set3_features,GPR,log,protocol_holdout,diversity_iterative,4,84,11.48288324710176
Formation,set3_features,GPR,log,protocol_holdout,diversity_iterative,4,96,11.209076296579129
Formation,set3_features,GPR,log,protocol_holdout,diversity_iterative,4,108,10.901380593999663
Formation,set3_features,GPR,log,protocol_holdout,diversity_iterative,4,120,10.558173378702827
Formation,set3_features,GPR,log,protocol_holdout,diversity_iterative,4,132,10.502194188664395
Formation,set3_features,GPR,log,protocol_holdout,diversity_iterative,4,144,10.903447160123832
Formation,set3_features,GPR,log,protocol_holdout,diversity_iterative,4,146,10.904860224585974
Formation,set3_features,GPR,log,protocol_holdout,diversity_iterative,5,12,11.65316468741527
Formation,set3_features,GPR,log,protocol_holdout,diversity_iterative,5,24,11.648837495576943
Formation,set3_features,GPR,log,protocol_holdout,diversity_iterative,5,36,11.695681043445555
Formation,set3_features,GPR,log,protocol_holdout,diversity_iterative,5,48,11.848169185756008
Formation,set3_features,GPR,log,protocol_holdout,diversity_iterative,5,60,11.98864066342222
Formation,set3_features,GPR,log,protocol_holdout,diversity_iterative,5,72,12.222464322796082
Formation,set3_features,GPR,log,protocol_holdout,diversity_iterative,5,84,11.616697192626557
Formation,set3_features,GPR,log,protocol_holdout,diversity_iterative,5,96,12.68494716381725
Formation,set3_features,GPR,log,protocol_holdout,diversity_iterative,5,108,12.578847724869014
Formation,set3_features,GPR,log,protocol_holdout,diversity_iterative,5,120,12.061396522940347
Formation,set3_features,GPR,log,protocol_holdout,diversity_iterative,5,132,12.51973679145189
Formation,set3_features,GPR,log,protocol_holdout,diversity_iterative,5,144,12.738277823752256
Formation,set3_features,GPR,log,protocol_holdout,diversity_iterative,5,146,12.686914892258883
Formation,set3_features,GPR,log,protocol_holdout,diversity_iterative,6,12,7.50852682960696
Formation,set3_features,GPR,log,protocol_holdout,diversity_iterative,6,24,9.857713358551882
Formation,set3_features,GPR,log,protocol_holdout,diversity_iterative,6,36,9.98928255358004
Formation,set3_features,GPR,log,protocol_holdout,diversity_iterative,6,48,9.372488737512656
Formation,set3_features,GPR,log,protocol_holdout,diversity_iterative,6,60,8.434937152034527
Formation,set3_features,GPR,log,protocol_holdout,diversity_iterative,6,72,7.568094220338138
Formation,set3_features,GPR,log,protocol_holdout,diversity_iterative,6,84,8.130438653334542
Formation,set3_features,GPR,log,protocol_holdout,diversity_iterative,6,96,8.767965504768831
Formation,set3_features,GPR,log,protocol_holdout,diversity_iterative,6,108,9.213679517530284
Formation,set3_features,GPR,log,protocol_holdout,diversity_iterative,6,120,9.242500371177549
Formation,set3_features,GPR,log,protocol_holdout,diversity_iterative,6,132,9.383898116173746
Formation,set3_features,GPR,log,protocol_holdout,diversity_iterative,6,144,9.051231688247848
Formation,set3_features,GPR,log,protocol_holdout,diversity_iterative,6,146,9.06157550766424
Formation,set3_features,GPR,log,protocol_holdout,diversity_iterative,7,12,21.23503379709605
Formation,set3_features,GPR,log,protocol_holdout,diversity_iterative,7,24,14.7555458097115
Formation,set3_features,GPR,log,protocol_holdout,diversity_iterative,7,36,14.097399121565768
Formation,set3_features,GPR,log,protocol_holdout,diversity_iterative,7,48,14.558762234914454
Formation,set3_features,GPR,log,protocol_holdout,diversity_iterative,7,60,13.385347887123707
Formation,set3_features,GPR,log,protocol_holdout,diversity_iterative,7,72,11.72478078993026
Formation,set3_features,GPR,log,protocol_holdout,diversity_iterative,7,84,10.968624910685543
Formation,set3_features,GPR,log,protocol_holdout,diversity_iterative,7,96,11.21677226779446
Formation,set3_features,GPR,log,protocol_holdout,diversity_iterative,7,108,11.230445291944736
Formation,set3_features,GPR,log,protocol_holdout,diversity_iterative,7,120,11.544647983260637
Formation,set3_features,GPR,log,protocol_holdout,diversity_iterative,7,132,11.610658787541926
Formation,set3_features,GPR,log,protocol_holdout,diversity_iterative,7,144,10.794500973216378
Formation,set3_features,GPR,log,protocol_holdout,diversity_iterative,7,146,10.694935411792288
Formation,set3_features,GPR,log,protocol_holdout,diversity_iterative,8,12,13.996764125593195
Formation,set3_features,GPR,log,protocol_holdout,diversity_iterative,8,24,15.054118737294615
Formation,set3_features,GPR,log,protocol_holdout,diversity_iterative,8,36,15.76092668277132
Formation,set3_features,GPR,log,protocol_holdout,diversity_iterative,8,48,13.418565456164414
Formation,set3_features,GPR,log,protocol_holdout,diversity_iterative,8,60,12.545037434765616
Formation,set3_features,GPR,log,protocol_holdout,diversity_iterative,8,72,11.666070994537671
Formation,set3_features,GPR,log,protocol_holdout,diversity_iterative,8,84,11.186116808990588
Formation,set3_features,GPR,log,protocol_holdout,diversity_iterative,8,96,11.815444865792289
Formation,set3_features,GPR,log,protocol_holdout,diversity_iterative,8,108,11.025339864312306
Formation,set3_features,GPR,log,protocol_holdout,diversity_iterative,8,120,10.142815503802408
Formation,set3_features,GPR,log,protocol_holdout,diversity_iterative,8,132,10.445032459550305
Formation,set3_features,GPR,log,protocol_holdout,diversity_iterative,8,144,10.176483674029676
Formation,set3_features,GPR,log,protocol_holdout,diversity_iterative,8,146,10.317038647335083
Formation,set3_features,GPR,log,protocol_holdout,diversity_iterative,9,12,17.20896161807719
Formation,set3_features,GPR,log,protocol_holdout,diversity_iterative,9,24,11.817514558746124
Formation,set3_features,GPR,log,protocol_holdout,diversity_iterative,9,36,9.760023125731143
Formation,set3_features,GPR,log,protocol_holdout,diversity_iterative,9,48,9.04375612086996
Formation,set3_features,GPR,log,protocol_holdout,diversity_iterative,9,60,8.460454405159137
Formation,set3_features,GPR,log,protocol_holdout,diversity_iterative,9,72,8.445616582858985
Formation,set3_features,GPR,log,protocol_holdout,diversity_iterative,9,84,8.566441844995442
Formation,set3_features,GPR,log,protocol_holdout,diversity_iterative,9,96,8.205625161162654
Formation,set3_features,GPR,log,protocol_holdout,diversity_iterative,9,108,8.095282428220903
Formation,set3_features,GPR,log,protocol_holdout,diversity_iterative,9,120,8.11632140025683
Formation,set3_features,GPR,log,protocol_holdout,diversity_iterative,9,132,7.712240458884281
Formation,set3_features,GPR,log,protocol_holdout,diversity_iterative,9,144,7.887890124005121
Formation,set3_features,GPR,log,protocol_holdout,diversity_iterative,9,146,8.329042643504366
Formation,set3_features,GPR,log,protocol_holdout,diversity_iterative,10,12,12.16013367841484
Formation,set3_features,GPR,log,protocol_holdout,diversity_iterative,10,24,14.143050375516012
Formation,set3_features,GPR,log,protocol_holdout,diversity_iterative,10,36,18.737636502125326
Formation,set3_features,GPR,log,protocol_holdout,diversity_iterative,10,48,17.86274887608136
Formation,set3_features,GPR,log,protocol_holdout,diversity_iterative,10,60,12.167233803342263
Formation,set3_features,GPR,log,protocol_holdout,diversity_iterative,10,72,12.360816819883398
Formation,set3_features,GPR,log,protocol_holdout,diversity_iterative,10,84,11.824985270997985
Formation,set3_features,GPR,log,protocol_holdout,diversity_iterative,10,96,11.149383225232036
Formation,set3_features,GPR,log,protocol_holdout,diversity_iterative,10,108,10.42568696732623
Formation,set3_features,GPR,log,protocol_holdout,diversity_iterative,10,120,10.302691315200857
Formation,set3_features,GPR,log,protocol_holdout,diversity_iterative,10,132,10.499411652730856
Formation,set3_features,GPR,log,protocol_holdout,diversity_iterative,10,144,10.756277673941277
Formation,set3_features,GPR,log,protocol_holdout,diversity_iterative,10,146,10.832089809682987
Formation,set3_features,GPR,log,protocol_holdout,coverage,1,12,15.658932972856466
Formation,set3_features,GPR,log,protocol_holdout,coverage,1,24,12.689528794822277
Formation,set3_features,GPR,log,protocol_holdout,coverage,1,36,10.736651874063526
Formation,set3_features,GPR,log,protocol_holdout,coverage,1,48,10.319644206772024
Formation,set3_features,GPR,log,protocol_holdout,coverage,1,60,9.686364781928434
Formation,set3_features,GPR,log,protocol_holdout,coverage,1,72,9.350929159755374
Formation,set3_features,GPR,log,protocol_holdout,coverage,1,84,9.095987653138817
Formation,set3_features,GPR,log,protocol_holdout,coverage,1,96,9.317518640808387
Formation,set3_features,GPR,log,protocol_holdout,coverage,1,108,9.453209294748351
Formation,set3_features,GPR,log,protocol_holdout,coverage,1,120,9.868705187168665
Formation,set3_features,GPR,log,protocol_holdout,coverage,1,132,10.40676253195965
Formation,set3_features,GPR,log,protocol_holdout,coverage,1,144,9.856354256123396
Formation,set3_features,GPR,log,protocol_holdout,coverage,1,146,9.85107119088662
Formation,set3_features,GPR,log,protocol_holdout,coverage,2,12,34.36949822736782
Formation,set3_features,GPR,log,protocol_holdout,coverage,2,24,15.322981761951985
Formation,set3_features,GPR,log,protocol_holdout,coverage,2,36,13.665183479454642
Formation,set3_features,GPR,log,protocol_holdout,coverage,2,48,12.236997567909963
Formation,set3_features,GPR,log,protocol_holdout,coverage,2,60,13.39118594953156
Formation,set3_features,GPR,log,protocol_holdout,coverage,2,72,13.99783916171151
Formation,set3_features,GPR,log,protocol_holdout,coverage,2,84,14.51357826765483
Formation,set3_features,GPR,log,protocol_holdout,coverage,2,96,13.593098400707818
Formation,set3_features,GPR,log,protocol_holdout,coverage,2,108,13.327830417879568
Formation,set3_features,GPR,log,protocol_holdout,coverage,2,120,12.62395829638602
Formation,set3_features,GPR,log,protocol_holdout,coverage,2,132,12.170149921077112
Formation,set3_features,GPR,log,protocol_holdout,coverage,2,144,11.77186340104347
Formation,set3_features,GPR,log,protocol_holdout,coverage,2,146,11.865188374560502
Formation,set3_features,GPR,log,protocol_holdout,coverage,3,12,14.6464395057761
Formation,set3_features,GPR,log,protocol_holdout,coverage,3,24,12.683301019910772
Formation,set3_features,GPR,log,protocol_holdout,coverage,3,36,10.259518102210995
Formation,set3_features,GPR,log,protocol_holdout,coverage,3,48,10.53030414806478
Formation,set3_features,GPR,log,protocol_holdout,coverage,3,60,10.696883188860893
Formation,set3_features,GPR,log,protocol_holdout,coverage,3,72,10.409458162229248
Formation,set3_features,GPR,log,protocol_holdout,coverage,3,84,10.11231570629134
Formation,set3_features,GPR,log,protocol_holdout,coverage,3,96,9.83341827654648
Formation,set3_features,GPR,log,protocol_holdout,coverage,3,108,9.998421893732516
Formation,set3_features,GPR,log,protocol_holdout,coverage,3,120,9.65529219988024
Formation,set3_features,GPR,log,protocol_holdout,coverage,3,132,9.44081097456274
Formation,set3_features,GPR,log,protocol_holdout,coverage,3,144,9.49217761990272
Formation,set3_features,GPR,log,protocol_holdout,coverage,3,146,10.06944588739898
Formation,set3_features,GPR,log,protocol_holdout,coverage,4,12,13.357150398301536
Formation,set3_features,GPR,log,protocol_holdout,coverage,4,24,11.869226442178576
Formation,set3_features,GPR,log,protocol_holdout,coverage,4,36,12.709139303444442
Formation,set3_features,GPR,log,protocol_holdout,coverage,4,48,12.19504297702631
Formation,set3_features,GPR,log,protocol_holdout,coverage,4,60,12.451975117795005
Formation,set3_features,GPR,log,protocol_holdout,coverage,4,72,12.558940394564765
Formation,set3_features,GPR,log,protocol_holdout,coverage,4,84,12.497452693677598
Formation,set3_features,GPR,log,protocol_holdout,coverage,4,96,11.718727082744437
Formation,set3_features,GPR,log,protocol_holdout,coverage,4,108,11.542543703961938
Formation,set3_features,GPR,log,protocol_holdout,coverage,4,120,11.179393437803077
Formation,set3_features,GPR,log,protocol_holdout,coverage,4,132,11.255626255902076
Formation,set3_features,GPR,log,protocol_holdout,coverage,4,144,10.93417870339867
Formation,set3_features,GPR,log,protocol_holdout,coverage,4,146,10.904860224585974
Formation,set3_features,GPR,log,protocol_holdout,coverage,5,12,11.064297491436095
Formation,set3_features,GPR,log,protocol_holdout,coverage,5,24,14.639267389873876
Formation,set3_features,GPR,log,protocol_holdout,coverage,5,36,15.299212305839353
Formation,set3_features,GPR,log,protocol_holdout,coverage,5,48,12.922394096374898
Formation,set3_features,GPR,log,protocol_holdout,coverage,5,60,14.3063151285902
Formation,set3_features,GPR,log,protocol_holdout,coverage,5,72,14.83828565855002
Formation,set3_features,GPR,log,protocol_holdout,coverage,5,84,13.513365085988852
Formation,set3_features,GPR,log,protocol_holdout,coverage,5,96,12.195677555747013
Formation,set3_features,GPR,log,protocol_holdout,coverage,5,108,12.257027479023469
Formation,set3_features,GPR,log,protocol_holdout,coverage,5,120,13.162403994770528
Formation,set3_features,GPR,log,protocol_holdout,coverage,5,132,13.169820213211588
Formation,set3_features,GPR,log,protocol_holdout,coverage,5,144,12.807518498208688
Formation,set3_features,GPR,log,protocol_holdout,coverage,5,146,12.686914892258883
Formation,set3_features,GPR,log,protocol_holdout,coverage,6,12,13.92438082040198
Formation,set3_features,GPR,log,protocol_holdout,coverage,6,24,11.893180726814338
Formation,set3_features,GPR,log,protocol_holdout,coverage,6,36,10.58279117391648
Formation,set3_features,GPR,log,protocol_holdout,coverage,6,48,10.328136718030676
Formation,set3_features,GPR,log,protocol_holdout,coverage,6,60,8.607622293115616
Formation,set3_features,GPR,log,protocol_holdout,coverage,6,72,9.057498350947636
Formation,set3_features,GPR,log,protocol_holdout,coverage,6,84,9.65018671902936
Formation,set3_features,GPR,log,protocol_holdout,coverage,6,96,9.557186126812429
Formation,set3_features,GPR,log,protocol_holdout,coverage,6,108,9.59503125435213
Formation,set3_features,GPR,log,protocol_holdout,coverage,6,120,9.69466705379501
Formation,set3_features,GPR,log,protocol_holdout,coverage,6,132,9.525299039143963
Formation,set3_features,GPR,log,protocol_holdout,coverage,6,144,9.1578313689536
Formation,set3_features,GPR,log,protocol_holdout,coverage,6,146,9.06157550766424
Formation,set3_features,GPR,log,protocol_holdout,coverage,7,12,18.60731283277652
Formation,set3_features,GPR,log,protocol_holdout,coverage,7,24,18.960800811750488
Formation,set3_features,GPR,log,protocol_holdout,coverage,7,36,14.667778241839263
Formation,set3_features,GPR,log,protocol_holdout,coverage,7,48,15.375321262199684
Formation,set3_features,GPR,log,protocol_holdout,coverage,7,60,12.78516180437524
Formation,set3_features,GPR,log,protocol_holdout,coverage,7,72,12.32068624372906
Formation,set3_features,GPR,log,protocol_holdout,coverage,7,84,12.135193300910585
Formation,set3_features,GPR,log,protocol_holdout,coverage,7,96,12.343498819223
Formation,set3_features,GPR,log,protocol_holdout,coverage,7,108,12.069557663672295
Formation,set3_features,GPR,log,protocol_holdout,coverage,7,120,11.855546436614445
Formation,set3_features,GPR,log,protocol_holdout,coverage,7,132,11.470921917275245
Formation,set3_features,GPR,log,protocol_holdout,coverage,7,144,10.692563746262568
Formation,set3_features,GPR,log,protocol_holdout,coverage,7,146,10.694935411792288
Formation,set3_features,GPR,log,protocol_holdout,coverage,8,12,15.162207525400328
Formation,set3_features,GPR,log,protocol_holdout,coverage,8,24,11.511651115939369
Formation,set3_features,GPR,log,protocol_holdout,coverage,8,36,11.18908635735128
Formation,set3_features,GPR,log,protocol_holdout,coverage,8,48,11.162671782177116
Formation,set3_features,GPR,log,protocol_holdout,coverage,8,60,10.530843103106822
Formation,set3_features,GPR,log,protocol_holdout,coverage,8,72,10.845709838638514
Formation,set3_features,GPR,log,protocol_holdout,coverage,8,84,9.983303547921553
Formation,set3_features,GPR,log,protocol_holdout,coverage,8,96,9.783240569940306
Formation,set3_features,GPR,log,protocol_holdout,coverage,8,108,9.863158943908488
Formation,set3_features,GPR,log,protocol_holdout,coverage,8,120,9.86958965273526
Formation,set3_features,GPR,log,protocol_holdout,coverage,8,132,9.75727332380396
Formation,set3_features,GPR,log,protocol_holdout,coverage,8,144,10.227319659342152
Formation,set3_features,GPR,log,protocol_holdout,coverage,8,146,10.317038647335083
Formation,set3_features,GPR,log,protocol_holdout,coverage,9,12,12.297334481238453
Formation,set3_features,GPR,log,protocol_holdout,coverage,9,24,11.692497378230703
Formation,set3_features,GPR,log,protocol_holdout,coverage,9,36,10.3221664848354
Formation,set3_features,GPR,log,protocol_holdout,coverage,9,48,12.64284630276625
Formation,set3_features,GPR,log,protocol_holdout,coverage,9,60,10.101085119204502
Formation,set3_features,GPR,log,protocol_holdout,coverage,9,72,9.83094113900894
Formation,set3_features,GPR,log,protocol_holdout,coverage,9,84,7.846143720315609
Formation,set3_features,GPR,log,protocol_holdout,coverage,9,96,7.449936108491217
Formation,set3_features,GPR,log,protocol_holdout,coverage,9,108,7.563896617303007
Formation,set3_features,GPR,log,protocol_holdout,coverage,9,120,7.659591104819836
Formation,set3_features,GPR,log,protocol_holdout,coverage,9,132,7.449070947033612
Formation,set3_features,GPR,log,protocol_holdout,coverage,9,144,7.944868832275811
Formation,set3_features,GPR,log,protocol_holdout,coverage,9,146,8.329042643504366
Formation,set3_features,GPR,log,protocol_holdout,coverage,10,12,14.159889147353402
Formation,set3_features,GPR,log,protocol_holdout,coverage,10,24,12.50271205872648
Formation,set3_features,GPR,log,protocol_holdout,coverage,10,36,12.654558121153414
Formation,set3_features,GPR,log,protocol_holdout,coverage,10,48,13.048903167514023
Formation,set3_features,GPR,log,protocol_holdout,coverage,10,60,11.704337056102451
Formation,set3_features,GPR,log,protocol_holdout,coverage,10,72,11.491695261219686
Formation,set3_features,GPR,log,protocol_holdout,coverage,10,84,11.09435204798964
Formation,set3_features,GPR,log,protocol_holdout,coverage,10,96,11.509120591872708
Formation,set3_features,GPR,log,protocol_holdout,coverage,10,108,11.102700445814436
Formation,set3_features,GPR,log,protocol_holdout,coverage,10,120,10.762589710934185
Formation,set3_features,GPR,log,protocol_holdout,coverage,10,132,10.636206421641903
Formation,set3_features,GPR,log,protocol_holdout,coverage,10,144,10.666693983539483
Formation,set3_features,GPR,log,protocol_holdout,coverage,10,146,10.832089809682987
Formation,set3_features,GPR,log,protocol_holdout,exploration,1,12,15.658932972856466
Formation,set3_features,GPR,log,protocol_holdout,exploration,1,24,12.469181174601966
Formation,set3_features,GPR,log,protocol_holdout,exploration,1,36,9.826231302110296
Formation,set3_features,GPR,log,protocol_holdout,exploration,1,48,10.563721175571548
Formation,set3_features,GPR,log,protocol_holdout,exploration,1,60,9.851792288691664
Formation,set3_features,GPR,log,protocol_holdout,exploration,1,72,10.058799508563244
Formation,set3_features,GPR,log,protocol_holdout,exploration,1,84,10.004711108218896
Formation,set3_features,GPR,log,protocol_holdout,exploration,1,96,10.040914596296403
Formation,set3_features,GPR,log,protocol_holdout,exploration,1,108,10.170158112159172
Formation,set3_features,GPR,log,protocol_holdout,exploration,1,120,10.573279610866296
Formation,set3_features,GPR,log,protocol_holdout,exploration,1,132,10.326143655629677
Formation,set3_features,GPR,log,protocol_holdout,exploration,1,144,9.976586481199174
Formation,set3_features,GPR,log,protocol_holdout,exploration,1,146,9.85107119088662
Formation,set3_features,GPR,log,protocol_holdout,exploration,2,12,34.36949822736782
Formation,set3_features,GPR,log,protocol_holdout,exploration,2,24,13.39392837865512
Formation,set3_features,GPR,log,protocol_holdout,exploration,2,36,13.534059261979133
Formation,set3_features,GPR,log,protocol_holdout,exploration,2,48,14.265199967104694
Formation,set3_features,GPR,log,protocol_holdout,exploration,2,60,13.863572536441207
Formation,set3_features,GPR,log,protocol_holdout,exploration,2,72,13.951619648582115
Formation,set3_features,GPR,log,protocol_holdout,exploration,2,84,12.806209919056904
Formation,set3_features,GPR,log,protocol_holdout,exploration,2,96,12.45020298388423
Formation,set3_features,GPR,log,protocol_holdout,exploration,2,108,13.233440700404786
Formation,set3_features,GPR,log,protocol_holdout,exploration,2,120,13.014753999284917
Formation,set3_features,GPR,log,protocol_holdout,exploration,2,132,12.544728036332277
Formation,set3_features,GPR,log,protocol_holdout,exploration,2,144,12.234286935171092
Formation,set3_features,GPR,log,protocol_holdout,exploration,2,146,11.865188374560502
Formation,set3_features,GPR,log,protocol_holdout,exploration,3,12,14.6464395057761
Formation,set3_features,GPR,log,protocol_holdout,exploration,3,24,12.683301019910772
Formation,set3_features,GPR,log,protocol_holdout,exploration,3,36,11.763826635811832
Formation,set3_features,GPR,log,protocol_holdout,exploration,3,48,10.775474935381247
Formation,set3_features,GPR,log,protocol_holdout,exploration,3,60,10.70969058319283
Formation,set3_features,GPR,log,protocol_holdout,exploration,3,72,10.47507107215104
Formation,set3_features,GPR,log,protocol_holdout,exploration,3,84,10.222981575802208
Formation,set3_features,GPR,log,protocol_holdout,exploration,3,96,9.68412462075282
Formation,set3_features,GPR,log,protocol_holdout,exploration,3,108,9.39416305133816
Formation,set3_features,GPR,log,protocol_holdout,exploration,3,120,9.47572581626988
Formation,set3_features,GPR,log,protocol_holdout,exploration,3,132,9.27555356443836
Formation,set3_features,GPR,log,protocol_holdout,exploration,3,144,9.53389674294294
Formation,set3_features,GPR,log,protocol_holdout,exploration,3,146,10.06944588739898
Formation,set3_features,GPR,log,protocol_holdout,exploration,4,12,13.357150398301536
Formation,set3_features,GPR,log,protocol_holdout,exploration,4,24,13.06758665488128
Formation,set3_features,GPR,log,protocol_holdout,exploration,4,36,12.31103225808108
Formation,set3_features,GPR,log,protocol_holdout,exploration,4,48,12.331734318516354
Formation,set3_features,GPR,log,protocol_holdout,exploration,4,60,13.132857037994984
Formation,set3_features,GPR,log,protocol_holdout,exploration,4,72,13.454794517225762
Formation,set3_features,GPR,log,protocol_holdout,exploration,4,84,12.792777484980226
Formation,set3_features,GPR,log,protocol_holdout,exploration,4,96,12.12405456103227
Formation,set3_features,GPR,log,protocol_holdout,exploration,4,108,12.064107433709706
Formation,set3_features,GPR,log,protocol_holdout,exploration,4,120,11.883325210433243
Formation,set3_features,GPR,log,protocol_holdout,exploration,4,132,11.290799577290846
Formation,set3_features,GPR,log,protocol_holdout,exploration,4,144,10.993041356651622
Formation,set3_features,GPR,log,protocol_holdout,exploration,4,146,10.904860224585974
Formation,set3_features,GPR,log,protocol_holdout,exploration,5,12,11.064297491436095
Formation,set3_features,GPR,log,protocol_holdout,exploration,5,24,11.237298110912176
Formation,set3_features,GPR,log,protocol_holdout,exploration,5,36,13.812950369904438
Formation,set3_features,GPR,log,protocol_holdout,exploration,5,48,16.055258010496225
Formation,set3_features,GPR,log,protocol_holdout,exploration,5,60,13.27286746827068
Formation,set3_features,GPR,log,protocol_holdout,exploration,5,72,13.106500375782598
Formation,set3_features,GPR,log,protocol_holdout,exploration,5,84,12.383512408672924
Formation,set3_features,GPR,log,protocol_holdout,exploration,5,96,12.51570276025385
Formation,set3_features,GPR,log,protocol_holdout,exploration,5,108,13.3726342771215
Formation,set3_features,GPR,log,protocol_holdout,exploration,5,120,13.136428663611415
Formation,set3_features,GPR,log,protocol_holdout,exploration,5,132,13.028632693637046
Formation,set3_features,GPR,log,protocol_holdout,exploration,5,144,12.653648348245513
Formation,set3_features,GPR,log,protocol_holdout,exploration,5,146,12.686914892258883
Formation,set3_features,GPR,log,protocol_holdout,exploration,6,12,13.92438082040198
Formation,set3_features,GPR,log,protocol_holdout,exploration,6,24,11.484082423693586
Formation,set3_features,GPR,log,protocol_holdout,exploration,6,36,11.529117121842354
Formation,set3_features,GPR,log,protocol_holdout,exploration,6,48,10.7040968597099
Formation,set3_features,GPR,log,protocol_holdout,exploration,6,60,11.172768989052734
Formation,set3_features,GPR,log,protocol_holdout,exploration,6,72,10.67631127549904
Formation,set3_features,GPR,log,protocol_holdout,exploration,6,84,9.870296187056592
Formation,set3_features,GPR,log,protocol_holdout,exploration,6,96,9.805910320741225
Formation,set3_features,GPR,log,protocol_holdout,exploration,6,108,9.908339741057134
Formation,set3_features,GPR,log,protocol_holdout,exploration,6,120,10.2861951383621
Formation,set3_features,GPR,log,protocol_holdout,exploration,6,132,9.646215812607036
Formation,set3_features,GPR,log,protocol_holdout,exploration,6,144,9.30694140223629
Formation,set3_features,GPR,log,protocol_holdout,exploration,6,146,9.06157550766424
Formation,set3_features,GPR,log,protocol_holdout,exploration,7,12,18.60731283277652
Formation,set3_features,GPR,log,protocol_holdout,exploration,7,24,18.580250556664804
Formation,set3_features,GPR,log,protocol_holdout,exploration,7,36,15.01226407168379
Formation,set3_features,GPR,log,protocol_holdout,exploration,7,48,17.011356017626238
Formation,set3_features,GPR,log,protocol_holdout,exploration,7,60,16.793703995438147
Formation,set3_features,GPR,log,protocol_holdout,exploration,7,72,15.368259796455131
Formation,set3_features,GPR,log,protocol_holdout,exploration,7,84,14.970782684811567
Formation,set3_features,GPR,log,protocol_holdout,exploration,7,96,13.584410254830996
Formation,set3_features,GPR,log,protocol_holdout,exploration,7,108,13.193409700014277
Formation,set3_features,GPR,log,protocol_holdout,exploration,7,120,12.219418513775407
Formation,set3_features,GPR,log,protocol_holdout,exploration,7,132,11.01802357801564
Formation,set3_features,GPR,log,protocol_holdout,exploration,7,144,10.993206880181654
Formation,set3_features,GPR,log,protocol_holdout,exploration,7,146,10.694935411792288
Formation,set3_features,GPR,log,protocol_holdout,exploration,8,12,15.162207525400328
Formation,set3_features,GPR,log,protocol_holdout,exploration,8,24,11.4858735315174
Formation,set3_features,GPR,log,protocol_holdout,exploration,8,36,10.562266561624796
Formation,set3_features,GPR,log,protocol_holdout,exploration,8,48,10.216886707688388
Formation,set3_features,GPR,log,protocol_holdout,exploration,8,60,9.37995031584822
Formation,set3_features,GPR,log,protocol_holdout,exploration,8,72,9.23264939032799
Formation,set3_features,GPR,log,protocol_holdout,exploration,8,84,9.40656702094707
Formation,set3_features,GPR,log,protocol_holdout,exploration,8,96,9.324167830494694
Formation,set3_features,GPR,log,protocol_holdout,exploration,8,108,9.533511836798048
Formation,set3_features,GPR,log,protocol_holdout,exploration,8,120,9.403416660910958
Formation,set3_features,GPR,log,protocol_holdout,exploration,8,132,8.71606214437975
Formation,set3_features,GPR,log,protocol_holdout,exploration,8,144,10.16223618392478
Formation,set3_features,GPR,log,protocol_holdout,exploration,8,146,10.317038647335083
Formation,set3_features,GPR,log,protocol_holdout,exploration,9,12,12.297334481238453
Formation,set3_features,GPR,log,protocol_holdout,exploration,9,24,11.158197494323105
Formation,set3_features,GPR,log,protocol_holdout,exploration,9,36,12.699658587991966
Formation,set3_features,GPR,log,protocol_holdout,exploration,9,48,11.697463851538046
Formation,set3_features,GPR,log,protocol_holdout,exploration,9,60,10.912979877112356
Formation,set3_features,GPR,log,protocol_holdout,exploration,9,72,8.905988490253876
Formation,set3_features,GPR,log,protocol_holdout,exploration,9,84,8.708231448823982
Formation,set3_features,GPR,log,protocol_holdout,exploration,9,96,8.347859636541262
Formation,set3_features,GPR,log,protocol_holdout,exploration,9,108,8.203081038078986
Formation,set3_features,GPR,log,protocol_holdout,exploration,9,120,7.968486345127586
Formation,set3_features,GPR,log,protocol_holdout,exploration,9,132,8.340322544153404
Formation,set3_features,GPR,log,protocol_holdout,exploration,9,144,8.008139186674263
Formation,set3_features,GPR,log,protocol_holdout,exploration,9,146,8.329042643504366
Formation,set3_features,GPR,log,protocol_holdout,exploration,10,12,14.159889147353402
Formation,set3_features,GPR,log,protocol_holdout,exploration,10,24,10.756659875034204
Formation,set3_features,GPR,log,protocol_holdout,exploration,10,36,13.064923860324685
Formation,set3_features,GPR,log,protocol_holdout,exploration,10,48,13.421413192674908
Formation,set3_features,GPR,log,protocol_holdout,exploration,10,60,11.24781202565256
Formation,set3_features,GPR,log,protocol_holdout,exploration,10,72,11.711238108820265
Formation,set3_features,GPR,log,protocol_holdout,exploration,10,84,12.072414761344936
Formation,set3_features,GPR,log,protocol_holdout,exploration,10,96,11.43251756431906
Formation,set3_features,GPR,log,protocol_holdout,exploration,10,108,10.713018809167274
Formation,set3_features,GPR,log,protocol_holdout,exploration,10,120,10.89421981527508
Formation,set3_features,GPR,log,protocol_holdout,exploration,10,132,10.4739298873831
Formation,set3_features,GPR,log,protocol_holdout,exploration,10,144,10.307082520635449
Formation,set3_features,GPR,log,protocol_holdout,exploration,10,146,10.832089809682987
Formation,set3_features,GPR,log,protocol_holdout,exploitation,1,12,15.658932972856466
Formation,set3_features,GPR,log,protocol_holdout,exploitation,1,24,13.275761740804338
Formation,set3_features,GPR,log,protocol_holdout,exploitation,1,36,11.12300308604612
Formation,set3_features,GPR,log,protocol_holdout,exploitation,1,48,10.62728158569336
Formation,set3_features,GPR,log,protocol_holdout,exploitation,1,60,11.557948915391725
Formation,set3_features,GPR,log,protocol_holdout,exploitation,1,72,9.904860232508344
Formation,set3_features,GPR,log,protocol_holdout,exploitation,1,84,9.13210258565898
Formation,set3_features,GPR,log,protocol_holdout,exploitation,1,96,9.648739414391676
Formation,set3_features,GPR,log,protocol_holdout,exploitation,1,108,9.395475880248528
Formation,set3_features,GPR,log,protocol_holdout,exploitation,1,120,9.638234913239204
Formation,set3_features,GPR,log,protocol_holdout,exploitation,1,132,10.438752883434072
Formation,set3_features,GPR,log,protocol_holdout,exploitation,1,144,9.880858168224666
Formation,set3_features,GPR,log,protocol_holdout,exploitation,1,146,9.85107119088662
Formation,set3_features,GPR,log,protocol_holdout,exploitation,2,12,34.36949822736782
Formation,set3_features,GPR,log,protocol_holdout,exploitation,2,24,13.39392837865512
Formation,set3_features,GPR,log,protocol_holdout,exploitation,2,36,10.473076828146633
Formation,set3_features,GPR,log,protocol_holdout,exploitation,2,48,10.14971689427538
Formation,set3_features,GPR,log,protocol_holdout,exploitation,2,60,10.496312944487086
Formation,set3_features,GPR,log,protocol_holdout,exploitation,2,72,10.423398563341886
Formation,set3_features,GPR,log,protocol_holdout,exploitation,2,84,12.657166278413143
Formation,set3_features,GPR,log,protocol_holdout,exploitation,2,96,12.20720347259972
Formation,set3_features,GPR,log,protocol_holdout,exploitation,2,108,11.91111348062822
Formation,set3_features,GPR,log,protocol_holdout,exploitation,2,120,11.706765967277796
Formation,set3_features,GPR,log,protocol_holdout,exploitation,2,132,11.786411450691402
Formation,set3_features,GPR,log,protocol_holdout,exploitation,2,144,11.804172381279493
Formation,set3_features,GPR,log,protocol_holdout,exploitation,2,146,11.865188374560502
Formation,set3_features,GPR,log,protocol_holdout,exploitation,3,12,14.6464395057761
Formation,set3_features,GPR,log,protocol_holdout,exploitation,3,24,13.36921994820004
Formation,set3_features,GPR,log,protocol_holdout,exploitation,3,36,11.594040923130027
Formation,set3_features,GPR,log,protocol_holdout,exploitation,3,48,10.786869366872317
Formation,set3_features,GPR,log,protocol_holdout,exploitation,3,60,10.6951487015045
Formation,set3_features,GPR,log,protocol_holdout,exploitation,3,72,11.063060066492287
Formation,set3_features,GPR,log,protocol_holdout,exploitation,3,84,10.53851030731685
Formation,set3_features,GPR,log,protocol_holdout,exploitation,3,96,10.738707033075302
Formation,set3_features,GPR,log,protocol_holdout,exploitation,3,108,10.714239258030196
Formation,set3_features,GPR,log,protocol_holdout,exploitation,3,120,10.144972593938336
Formation,set3_features,GPR,log,protocol_holdout,exploitation,3,132,10.093037474873784
Formation,set3_features,GPR,log,protocol_holdout,exploitation,3,144,10.06256910046092
Formation,set3_features,GPR,log,protocol_holdout,exploitation,3,146,10.06944588739898
Formation,set3_features,GPR,log,protocol_holdout,exploitation,4,12,13.357150398301536
Formation,set3_features,GPR,log,protocol_holdout,exploitation,4,24,14.44706300432976
Formation,set3_features,GPR,log,protocol_holdout,exploitation,4,36,13.547987554075076
Formation,set3_features,GPR,log,protocol_holdout,exploitation,4,48,13.472336196536968
Formation,set3_features,GPR,log,protocol_holdout,exploitation,4,60,12.455779347182988
Formation,set3_features,GPR,log,protocol_holdout,exploitation,4,72,12.555859343363355
Formation,set3_features,GPR,log,protocol_holdout,exploitation,4,84,11.830136103826892
Formation,set3_features,GPR,log,protocol_holdout,exploitation,4,96,12.16833397749173
Formation,set3_features,GPR,log,protocol_holdout,exploitation,4,108,12.236657183649548
Formation,set3_features,GPR,log,protocol_holdout,exploitation,4,120,12.183309179474874
Formation,set3_features,GPR,log,protocol_holdout,exploitation,4,132,11.48502451077838
Formation,set3_features,GPR,log,protocol_holdout,exploitation,4,144,10.852729111171309
Formation,set3_features,GPR,log,protocol_holdout,exploitation,4,146,10.904860224585974
Formation,set3_features,GPR,log,protocol_holdout,exploitation,5,12,11.064297491436095
Formation,set3_features,GPR,log,protocol_holdout,exploitation,5,24,10.06876765088795
Formation,set3_features,GPR,log,protocol_holdout,exploitation,5,36,11.86733574048652
Formation,set3_features,GPR,log,protocol_holdout,exploitation,5,48,11.306504680031834
Formation,set3_features,GPR,log,protocol_holdout,exploitation,5,60,10.607733852847618
Formation,set3_features,GPR,log,protocol_holdout,exploitation,5,72,12.192422759997047
Formation,set3_features,GPR,log,protocol_holdout,exploitation,5,84,12.738155711022756
Formation,set3_features,GPR,log,protocol_holdout,exploitation,5,96,12.99340296556174
Formation,set3_features,GPR,log,protocol_holdout,exploitation,5,108,12.964987010631129
Formation,set3_features,GPR,log,protocol_holdout,exploitation,5,120,11.601118909035616
Formation,set3_features,GPR,log,protocol_holdout,exploitation,5,132,11.867827800866907
Formation,set3_features,GPR,log,protocol_holdout,exploitation,5,144,12.379751515277976
Formation,set3_features,GPR,log,protocol_holdout,exploitation,5,146,12.686914892258883
Formation,set3_features,GPR,log,protocol_holdout,exploitation,6,12,13.92438082040198
Formation,set3_features,GPR,log,protocol_holdout,exploitation,6,24,14.692334956148184
Formation,set3_features,GPR,log,protocol_holdout,exploitation,6,36,10.375633013050368
Formation,set3_features,GPR,log,protocol_holdout,exploitation,6,48,10.750237290382758
Formation,set3_features,GPR,log,protocol_holdout,exploitation,6,60,13.77284898284435
Formation,set3_features,GPR,log,protocol_holdout,exploitation,6,72,9.415583089000762
Formation,set3_features,GPR,log,protocol_holdout,exploitation,6,84,10.374711346181773
Formation,set3_features,GPR,log,protocol_holdout,exploitation,6,96,12.070373172041108
Formation,set3_features,GPR,log,protocol_holdout,exploitation,6,108,10.204702735159753
Formation,set3_features,GPR,log,protocol_holdout,exploitation,6,120,10.031257239849918
Formation,set3_features,GPR,log,protocol_holdout,exploitation,6,132,9.286703982755292
Formation,set3_features,GPR,log,protocol_holdout,exploitation,6,144,8.510151336227485
Formation,set3_features,GPR,log,protocol_holdout,exploitation,6,146,9.06157550766424
Formation,set3_features,GPR,log,protocol_holdout,exploitation,7,12,18.60731283277652
Formation,set3_features,GPR,log,protocol_holdout,exploitation,7,24,17.917201775650156
Formation,set3_features,GPR,log,protocol_holdout,exploitation,7,36,19.656325786196632
Formation,set3_features,GPR,log,protocol_holdout,exploitation,7,48,17.214384511699155
Formation,set3_features,GPR,log,protocol_holdout,exploitation,7,60,18.1743825270868
Formation,set3_features,GPR,log,protocol_holdout,exploitation,7,72,13.29198692887766
Formation,set3_features,GPR,log,protocol_holdout,exploitation,7,84,12.2705776951476
Formation,set3_features,GPR,log,protocol_holdout,exploitation,7,96,11.805775744229372
Formation,set3_features,GPR,log,protocol_holdout,exploitation,7,108,10.70596527711863
Formation,set3_features,GPR,log,protocol_holdout,exploitation,7,120,10.599182793344362
Formation,set3_features,GPR,log,protocol_holdout,exploitation,7,132,11.02953540779307
Formation,set3_features,GPR,log,protocol_holdout,exploitation,7,144,10.794233412349564
Formation,set3_features,GPR,log,protocol_holdout,exploitation,7,146,10.694935411792288
Formation,set3_features,GPR,log,protocol_holdout,exploitation,8,12,15.162207525400328
Formation,set3_features,GPR,log,protocol_holdout,exploitation,8,24,14.443548275810356
Formation,set3_features,GPR,log,protocol_holdout,exploitation,8,36,13.499290978101778
Formation,set3_features,GPR,log,protocol_holdout,exploitation,8,48,11.791180522668103
Formation,set3_features,GPR,log,protocol_holdout,exploitation,8,60,13.343934635382077
Formation,set3_features,GPR,log,protocol_holdout,exploitation,8,72,10.659755084729
Formation,set3_features,GPR,log,protocol_holdout,exploitation,8,84,9.625820559096766
Formation,set3_features,GPR,log,protocol_holdout,exploitation,8,96,9.47849749781272
Formation,set3_features,GPR,log,protocol_holdout,exploitation,8,108,10.210436371386084
Formation,set3_features,GPR,log,protocol_holdout,exploitation,8,120,10.902853792361023
Formation,set3_features,GPR,log,protocol_holdout,exploitation,8,132,10.538647932203322
Formation,set3_features,GPR,log,protocol_holdout,exploitation,8,144,10.512117820475956
Formation,set3_features,GPR,log,protocol_holdout,exploitation,8,146,10.317038647335083
Formation,set3_features,GPR,log,protocol_holdout,exploitation,9,12,12.297334481238453
Formation,set3_features,GPR,log,protocol_holdout,exploitation,9,24,10.46063826324584
Formation,set3_features,GPR,log,protocol_holdout,exploitation,9,36,8.578163673857174
Formation,set3_features,GPR,log,protocol_holdout,exploitation,9,48,8.76770307096494
Formation,set3_features,GPR,log,protocol_holdout,exploitation,9,60,8.800353332682072
Formation,set3_features,GPR,log,protocol_holdout,exploitation,9,72,9.023266767352215
Formation,set3_features,GPR,log,protocol_holdout,exploitation,9,84,8.89914938495615
Formation,set3_features,GPR,log,protocol_holdout,exploitation,9,96,8.959715486852897
Formation,set3_features,GPR,log,protocol_holdout,exploitation,9,108,8.780712911178123
Formation,set3_features,GPR,log,protocol_holdout,exploitation,9,120,9.13643176589604
Formation,set3_features,GPR,log,protocol_holdout,exploitation,9,132,8.867837735401903
Formation,set3_features,GPR,log,protocol_holdout,exploitation,9,144,8.166111678529065
Formation,set3_features,GPR,log,protocol_holdout,exploitation,9,146,8.329042643504366
Formation,set3_features,GPR,log,protocol_holdout,exploitation,10,12,14.159889147353402
Formation,set3_features,GPR,log,protocol_holdout,exploitation,10,24,11.87137704462967
Formation,set3_features,GPR,log,protocol_holdout,exploitation,10,36,10.917693404023414
Formation,set3_features,GPR,log,protocol_holdout,exploitation,10,48,12.188864004238717
Formation,set3_features,GPR,log,protocol_holdout,exploitation,10,60,12.88834381937465
Formation,set3_features,GPR,log,protocol_holdout,exploitation,10,72,10.725683243492323
Formation,set3_features,GPR,log,protocol_holdout,exploitation,10,84,11.633705373868192
Formation,set3_features,GPR,log,protocol_holdout,exploitation,10,96,13.0323365149528
Formation,set3_features,GPR,log,protocol_holdout,exploitation,10,108,10.86902432114142
Formation,set3_features,GPR,log,protocol_holdout,exploitation,10,120,12.057406704008669
Formation,set3_features,GPR,log,protocol_holdout,exploitation,10,132,12.344742387767887
Formation,set3_features,GPR,log,protocol_holdout,exploitation,10,144,11.688845448394474
Formation,set3_features,GPR,log,protocol_holdout,exploitation,10,146,10.832089809682987
Formation,set3_features,GPR,log,protocol_holdout,hybrid,1,12,15.658932972856466
Formation,set3_features,GPR,log,protocol_holdout,hybrid,1,24,12.204400104260502
Formation,set3_features,GPR,log,protocol_holdout,hybrid,1,36,9.401023122034854
Formation,set3_features,GPR,log,protocol_holdout,hybrid,1,48,9.215051288574024
Formation,set3_features,GPR,log,protocol_holdout,hybrid,1,60,9.943604513550138
Formation,set3_features,GPR,log,protocol_holdout,hybrid,1,72,9.955733841591188
Formation,set3_features,GPR,log,protocol_holdout,hybrid,1,84,10.27539528957453
Formation,set3_features,GPR,log,protocol_holdout,hybrid,1,96,10.30016316380129
Formation,set3_features,GPR,log,protocol_holdout,hybrid,1,108,10.7628133239701
Formation,set3_features,GPR,log,protocol_holdout,hybrid,1,120,10.461919872684698
Formation,set3_features,GPR,log,protocol_holdout,hybrid,1,132,10.154483032224968
Formation,set3_features,GPR,log,protocol_holdout,hybrid,1,144,9.91734854618775
Formation,set3_features,GPR,log,protocol_holdout,hybrid,1,146,9.85107119088662
Formation,set3_features,GPR,log,protocol_holdout,hybrid,2,12,34.36949822736782
Formation,set3_features,GPR,log,protocol_holdout,hybrid,2,24,14.555683141389624
Formation,set3_features,GPR,log,protocol_holdout,hybrid,2,36,13.95364397697045
Formation,set3_features,GPR,log,protocol_holdout,hybrid,2,48,14.324172116348914
Formation,set3_features,GPR,log,protocol_holdout,hybrid,2,60,14.62983437271992
Formation,set3_features,GPR,log,protocol_holdout,hybrid,2,72,14.63937635863106
Formation,set3_features,GPR,log,protocol_holdout,hybrid,2,84,13.698342343517972
Formation,set3_features,GPR,log,protocol_holdout,hybrid,2,96,12.935303119351268
Formation,set3_features,GPR,log,protocol_holdout,hybrid,2,108,13.045066922691293
Formation,set3_features,GPR,log,protocol_holdout,hybrid,2,120,12.136716780082454
Formation,set3_features,GPR,log,protocol_holdout,hybrid,2,132,12.238917852507756
Formation,set3_features,GPR,log,protocol_holdout,hybrid,2,144,11.973993317370493
Formation,set3_features,GPR,log,protocol_holdout,hybrid,2,146,11.865188374560502
Formation,set3_features,GPR,log,protocol_holdout,hybrid,3,12,14.6464395057761
Formation,set3_features,GPR,log,protocol_holdout,hybrid,3,24,11.193126592486776
Formation,set3_features,GPR,log,protocol_holdout,hybrid,3,36,11.264681054573163
Formation,set3_features,GPR,log,protocol_holdout,hybrid,3,48,11.984719613948569
Formation,set3_features,GPR,log,protocol_holdout,hybrid,3,60,10.01042837762846
Formation,set3_features,GPR,log,protocol_holdout,hybrid,3,72,10.149348736088234
Formation,set3_features,GPR,log,protocol_holdout,hybrid,3,84,9.851653230684567
Formation,set3_features,GPR,log,protocol_holdout,hybrid,3,96,10.008003025796429
Formation,set3_features,GPR,log,protocol_holdout,hybrid,3,108,9.802624105724403
Formation,set3_features,GPR,log,protocol_holdout,hybrid,3,120,9.429838506154091
Formation,set3_features,GPR,log,protocol_holdout,hybrid,3,132,9.472674631974469
Formation,set3_features,GPR,log,protocol_holdout,hybrid,3,144,9.49217761990272
Formation,set3_features,GPR,log,protocol_holdout,hybrid,3,146,10.06944588739898
Formation,set3_features,GPR,log,protocol_holdout,hybrid,4,12,13.357150398301536
Formation,set3_features,GPR,log,protocol_holdout,hybrid,4,24,13.215089448720564
Formation,set3_features,GPR,log,protocol_holdout,hybrid,4,36,12.71235934403828
Formation,set3_features,GPR,log,protocol_holdout,hybrid,4,48,12.6723492695434
Formation,set3_features,GPR,log,protocol_holdout,hybrid,4,60,12.730724438177209
Formation,set3_features,GPR,log,protocol_holdout,hybrid,4,72,12.360144643676776
Formation,set3_features,GPR,log,protocol_holdout,hybrid,4,84,12.044652647432205
Formation,set3_features,GPR,log,protocol_holdout,hybrid,4,96,11.65744846794649
Formation,set3_features,GPR,log,protocol_holdout,hybrid,4,108,11.53324433852098
Formation,set3_features,GPR,log,protocol_holdout,hybrid,4,120,11.279960078688514
Formation,set3_features,GPR,log,protocol_holdout,hybrid,4,132,11.183627298382552
Formation,set3_features,GPR,log,protocol_holdout,hybrid,4,144,10.813035146374146
Formation,set3_features,GPR,log,protocol_holdout,hybrid,4,146,10.904860224585974
Formation,set3_features,GPR,log,protocol_holdout,hybrid,5,12,11.064297491436095
Formation,set3_features,GPR,log,protocol_holdout,hybrid,5,24,13.895966295230478
Formation,set3_features,GPR,log,protocol_holdout,hybrid,5,36,12.66977680762458
Formation,set3_features,GPR,log,protocol_holdout,hybrid,5,48,10.932969815447109
Formation,set3_features,GPR,log,protocol_holdout,hybrid,5,60,10.573561633893156
Formation,set3_features,GPR,log,protocol_holdout,hybrid,5,72,11.24338167836183
Formation,set3_features,GPR,log,protocol_holdout,hybrid,5,84,12.015301449497336
Formation,set3_features,GPR,log,protocol_holdout,hybrid,5,96,12.563340733187124
Formation,set3_features,GPR,log,protocol_holdout,hybrid,5,108,13.387089102510776
Formation,set3_features,GPR,log,protocol_holdout,hybrid,5,120,13.45483533587196
Formation,set3_features,GPR,log,protocol_holdout,hybrid,5,132,12.88683866669775
Formation,set3_features,GPR,log,protocol_holdout,hybrid,5,144,12.738631684522952
Formation,set3_features,GPR,log,protocol_holdout,hybrid,5,146,12.686914892258883
Formation,set3_features,GPR,log,protocol_holdout,hybrid,6,12,13.92438082040198
Formation,set3_features,GPR,log,protocol_holdout,hybrid,6,24,12.47751463738175
Formation,set3_features,GPR,log,protocol_holdout,hybrid,6,36,10.163782018684442
Formation,set3_features,GPR,log,protocol_holdout,hybrid,6,48,10.524503668495187
Formation,set3_features,GPR,log,protocol_holdout,hybrid,6,60,9.814233654150122
Formation,set3_features,GPR,log,protocol_holdout,hybrid,6,72,10.0948238212029
Formation,set3_features,GPR,log,protocol_holdout,hybrid,6,84,9.520346887135585
Formation,set3_features,GPR,log,protocol_holdout,hybrid,6,96,10.142869887708397
Formation,set3_features,GPR,log,protocol_holdout,hybrid,6,108,9.66185335603959
Formation,set3_features,GPR,log,protocol_holdout,hybrid,6,120,9.757933631923963
Formation,set3_features,GPR,log,protocol_holdout,hybrid,6,132,9.85106173390228
Formation,set3_features,GPR,log,protocol_holdout,hybrid,6,144,9.05257129645818
Formation,set3_features,GPR,log,protocol_holdout,hybrid,6,146,9.06157550766424
Formation,set3_features,GPR,log,protocol_holdout,hybrid,7,12,18.60731283277652
Formation,set3_features,GPR,log,protocol_holdout,hybrid,7,24,15.78579147875288
Formation,set3_features,GPR,log,protocol_holdout,hybrid,7,36,17.045609479735464
Formation,set3_features,GPR,log,protocol_holdout,hybrid,7,48,17.348782854934452
Formation,set3_features,GPR,log,protocol_holdout,hybrid,7,60,15.387349646929817
Formation,set3_features,GPR,log,protocol_holdout,hybrid,7,72,14.213093443256842
Formation,set3_features,GPR,log,protocol_holdout,hybrid,7,84,14.338092197775484
Formation,set3_features,GPR,log,protocol_holdout,hybrid,7,96,13.967711640162907
Formation,set3_features,GPR,log,protocol_holdout,hybrid,7,108,12.832257301270062
Formation,set3_features,GPR,log,protocol_holdout,hybrid,7,120,12.015488148439134
Formation,set3_features,GPR,log,protocol_holdout,hybrid,7,132,11.656862299525663
Formation,set3_features,GPR,log,protocol_holdout,hybrid,7,144,10.802771388866764
Formation,set3_features,GPR,log,protocol_holdout,hybrid,7,146,10.694935411792288
Formation,set3_features,GPR,log,protocol_holdout,hybrid,8,12,15.162207525400328
Formation,set3_features,GPR,log,protocol_holdout,hybrid,8,24,10.64099327854734
Formation,set3_features,GPR,log,protocol_holdout,hybrid,8,36,10.049370224717586
Formation,set3_features,GPR,log,protocol_holdout,hybrid,8,48,10.26661157374588
Formation,set3_features,GPR,log,protocol_holdout,hybrid,8,60,9.089643891081211
Formation,set3_features,GPR,log,protocol_holdout,hybrid,8,72,9.386439313253591
Formation,set3_features,GPR,log,protocol_holdout,hybrid,8,84,9.485955608233152
Formation,set3_features,GPR,log,protocol_holdout,hybrid,8,96,9.235312427802937
Formation,set3_features,GPR,log,protocol_holdout,hybrid,8,108,9.353084796075857
Formation,set3_features,GPR,log,protocol_holdout,hybrid,8,120,9.310773396095998
Formation,set3_features,GPR,log,protocol_holdout,hybrid,8,132,9.486490821567644
Formation,set3_features,GPR,log,protocol_holdout,hybrid,8,144,10.243145228322376
Formation,set3_features,GPR,log,protocol_holdout,hybrid,8,146,10.317038647335083
Formation,set3_features,GPR,log,protocol_holdout,hybrid,9,12,12.297334481238453
Formation,set3_features,GPR,log,protocol_holdout,hybrid,9,24,11.001783405763389
Formation,set3_features,GPR,log,protocol_holdout,hybrid,9,36,10.595640734767384
Formation,set3_features,GPR,log,protocol_holdout,hybrid,9,48,11.126388715962086
Formation,set3_features,GPR,log,protocol_holdout,hybrid,9,60,9.074791583934198
Formation,set3_features,GPR,log,protocol_holdout,hybrid,9,72,8.529477393021402
Formation,set3_features,GPR,log,protocol_holdout,hybrid,9,84,7.912094682862808
Formation,set3_features,GPR,log,protocol_holdout,hybrid,9,96,7.983684656986181
Formation,set3_features,GPR,log,protocol_holdout,hybrid,9,108,7.717815973858855
Formation,set3_features,GPR,log,protocol_holdout,hybrid,9,120,7.590142216144708
Formation,set3_features,GPR,log,protocol_holdout,hybrid,9,132,8.09853367522685
Formation,set3_features,GPR,log,protocol_holdout,hybrid,9,144,7.982435960254669
Formation,set3_features,GPR,log,protocol_holdout,hybrid,9,146,8.329042643504366
Formation,set3_features,GPR,log,protocol_holdout,hybrid,10,12,14.159889147353402
Formation,set3_features,GPR,log,protocol_holdout,hybrid,10,24,14.237788525550933
Formation,set3_features,GPR,log,protocol_holdout,hybrid,10,36,15.210760818886836
Formation,set3_features,GPR,log,protocol_holdout,hybrid,10,48,12.666953384322724
Formation,set3_features,GPR,log,protocol_holdout,hybrid,10,60,13.213261625502962
Formation,set3_features,GPR,log,protocol_holdout,hybrid,10,72,11.652692131225873
Formation,set3_features,GPR,log,protocol_holdout,hybrid,10,84,11.098752081919915
Formation,set3_features,GPR,log,protocol_holdout,hybrid,10,96,11.066695620681838
Formation,set3_features,GPR,log,protocol_holdout,hybrid,10,108,10.693867297090373
Formation,set3_features,GPR,log,protocol_holdout,hybrid,10,120,10.80981297105291
Formation,set3_features,GPR,log,protocol_holdout,hybrid,10,132,10.653621681144392
Formation,set3_features,GPR,log,protocol_holdout,hybrid,10,144,10.702361461427769
Formation,set3_features,GPR,log,protocol_holdout,hybrid,10,146,10.832089809682987
TRI_Tesla,set3_features,GPR,log,protocol_holdout,random_selection,1,8,29.408628515882445
TRI_Tesla,set3_features,GPR,log,protocol_holdout,random_selection,1,16,31.236826611419392
TRI_Tesla,set3_features,GPR,log,protocol_holdout,random_selection,1,24,28.60856769943861
TRI_Tesla,set3_features,GPR,log,protocol_holdout,random_selection,1,32,33.83469470310067
TRI_Tesla,set3_features,GPR,log,protocol_holdout,random_selection,1,40,31.21158990730212
TRI_Tesla,set3_features,GPR,log,protocol_holdout,random_selection,1,48,22.89965996541835
TRI_Tesla,set3_features,GPR,log,protocol_holdout,random_selection,1,56,23.01014962648789
TRI_Tesla,set3_features,GPR,log,protocol_holdout,random_selection,1,64,29.297454626441606
TRI_Tesla,set3_features,GPR,log,protocol_holdout,random_selection,1,72,26.527744952534515
TRI_Tesla,set3_features,GPR,log,protocol_holdout,random_selection,1,80,29.11997853339517
TRI_Tesla,set3_features,GPR,log,protocol_holdout,random_selection,1,88,29.15524813896977
TRI_Tesla,set3_features,GPR,log,protocol_holdout,random_selection,1,96,23.226230276490085
TRI_Tesla,set3_features,GPR,log,protocol_holdout,random_selection,1,104,22.703215362771463
TRI_Tesla,set3_features,GPR,log,protocol_holdout,random_selection,1,107,22.410432916134123
TRI_Tesla,set3_features,GPR,log,protocol_holdout,random_selection,2,8,22.67773143034545
TRI_Tesla,set3_features,GPR,log,protocol_holdout,random_selection,2,16,18.782506045949376
TRI_Tesla,set3_features,GPR,log,protocol_holdout,random_selection,2,24,18.909478873700937
TRI_Tesla,set3_features,GPR,log,protocol_holdout,random_selection,2,32,20.880896850756635
TRI_Tesla,set3_features,GPR,log,protocol_holdout,random_selection,2,40,21.24471131485514
TRI_Tesla,set3_features,GPR,log,protocol_holdout,random_selection,2,48,19.63268358828781
TRI_Tesla,set3_features,GPR,log,protocol_holdout,random_selection,2,56,19.299546236001937
TRI_Tesla,set3_features,GPR,log,protocol_holdout,random_selection,2,64,18.790136902941736
TRI_Tesla,set3_features,GPR,log,protocol_holdout,random_selection,2,72,16.917803921182966
TRI_Tesla,set3_features,GPR,log,protocol_holdout,random_selection,2,80,16.564245244874044
TRI_Tesla,set3_features,GPR,log,protocol_holdout,random_selection,2,88,15.223211951454802
TRI_Tesla,set3_features,GPR,log,protocol_holdout,random_selection,2,96,13.469304614439547
TRI_Tesla,set3_features,GPR,log,protocol_holdout,random_selection,2,104,13.915400368387566
TRI_Tesla,set3_features,GPR,log,protocol_holdout,random_selection,2,107,14.54120302383962
TRI_Tesla,set3_features,GPR,log,protocol_holdout,random_selection,3,8,28.417218834895376
TRI_Tesla,set3_features,GPR,log,protocol_holdout,random_selection,3,16,30.96936038642501
TRI_Tesla,set3_features,GPR,log,protocol_holdout,random_selection,3,24,29.51728218838292
TRI_Tesla,set3_features,GPR,log,protocol_holdout,random_selection,3,32,29.53385242484186
TRI_Tesla,set3_features,GPR,log,protocol_holdout,random_selection,3,40,28.91095258306656
TRI_Tesla,set3_features,GPR,log,protocol_holdout,random_selection,3,48,28.44850624459919
TRI_Tesla,set3_features,GPR,log,protocol_holdout,random_selection,3,56,27.46033790972333
TRI_Tesla,set3_features,GPR,log,protocol_holdout,random_selection,3,64,27.59321868314625
TRI_Tesla,set3_features,GPR,log,protocol_holdout,random_selection,3,72,27.87081670128809
TRI_Tesla,set3_features,GPR,log,protocol_holdout,random_selection,3,80,29.24337829270815
TRI_Tesla,set3_features,GPR,log,protocol_holdout,random_selection,3,88,28.083222680865603
TRI_Tesla,set3_features,GPR,log,protocol_holdout,random_selection,3,96,26.72515956198381
TRI_Tesla,set3_features,GPR,log,protocol_holdout,random_selection,3,104,27.18486877366095
TRI_Tesla,set3_features,GPR,log,protocol_holdout,random_selection,3,107,27.029035737275287
TRI_Tesla,set3_features,GPR,log,protocol_holdout,random_selection,4,8,87.55755163797497
TRI_Tesla,set3_features,GPR,log,protocol_holdout,random_selection,4,16,58.06844784643205
TRI_Tesla,set3_features,GPR,log,protocol_holdout,random_selection,4,24,27.50783630670465
TRI_Tesla,set3_features,GPR,log,protocol_holdout,random_selection,4,32,31.938999725898043
TRI_Tesla,set3_features,GPR,log,protocol_holdout,random_selection,4,40,31.71226466279311
TRI_Tesla,set3_features,GPR,log,protocol_holdout,random_selection,4,48,30.524499630529
TRI_Tesla,set3_features,GPR,log,protocol_holdout,random_selection,4,56,43.12548154993796
TRI_Tesla,set3_features,GPR,log,protocol_holdout,random_selection,4,64,31.79629167532524
TRI_Tesla,set3_features,GPR,log,protocol_holdout,random_selection,4,72,32.03437989334056
TRI_Tesla,set3_features,GPR,log,protocol_holdout,random_selection,4,80,31.06369561672439
TRI_Tesla,set3_features,GPR,log,protocol_holdout,random_selection,4,88,31.85943315630514
TRI_Tesla,set3_features,GPR,log,protocol_holdout,random_selection,4,96,31.730241302879232
TRI_Tesla,set3_features,GPR,log,protocol_holdout,random_selection,4,104,31.489585277298588
TRI_Tesla,set3_features,GPR,log,protocol_holdout,random_selection,4,107,31.09274725893804
TRI_Tesla,set3_features,GPR,log,protocol_holdout,random_selection,5,8,84.65402320292709
TRI_Tesla,set3_features,GPR,log,protocol_holdout,random_selection,5,16,15.690224742055856
TRI_Tesla,set3_features,GPR,log,protocol_holdout,random_selection,5,24,13.669568579577538
TRI_Tesla,set3_features,GPR,log,protocol_holdout,random_selection,5,32,21.188087835428124
TRI_Tesla,set3_features,GPR,log,protocol_holdout,random_selection,5,40,30.13953913325389
TRI_Tesla,set3_features,GPR,log,protocol_holdout,random_selection,5,48,28.41996662024916
TRI_Tesla,set3_features,GPR,log,protocol_holdout,random_selection,5,56,18.695474131012148
TRI_Tesla,set3_features,GPR,log,protocol_holdout,random_selection,5,64,21.410719771749232
TRI_Tesla,set3_features,GPR,log,protocol_holdout,random_selection,5,72,21.57946993092964
TRI_Tesla,set3_features,GPR,log,protocol_holdout,random_selection,5,80,21.697673952920702
TRI_Tesla,set3_features,GPR,log,protocol_holdout,random_selection,5,88,20.645413921928096
TRI_Tesla,set3_features,GPR,log,protocol_holdout,random_selection,5,96,20.757014160057004
TRI_Tesla,set3_features,GPR,log,protocol_holdout,random_selection,5,104,21.42830643377985
TRI_Tesla,set3_features,GPR,log,protocol_holdout,random_selection,5,107,21.33878344538305
TRI_Tesla,set3_features,GPR,log,protocol_holdout,random_selection,6,8,33.62821812965896
TRI_Tesla,set3_features,GPR,log,protocol_holdout,random_selection,6,16,31.2373380242953
TRI_Tesla,set3_features,GPR,log,protocol_holdout,random_selection,6,24,32.27776784041307
TRI_Tesla,set3_features,GPR,log,protocol_holdout,random_selection,6,32,21.91446475529255
TRI_Tesla,set3_features,GPR,log,protocol_holdout,random_selection,6,40,21.241601536237177
TRI_Tesla,set3_features,GPR,log,protocol_holdout,random_selection,6,48,22.52818570184121
TRI_Tesla,set3_features,GPR,log,protocol_holdout,random_selection,6,56,21.497897750773383
TRI_Tesla,set3_features,GPR,log,protocol_holdout,random_selection,6,64,21.312684556314068
TRI_Tesla,set3_features,GPR,log,protocol_holdout,random_selection,6,72,21.15797652190713
TRI_Tesla,set3_features,GPR,log,protocol_holdout,random_selection,6,80,20.41844109944845
TRI_Tesla,set3_features,GPR,log,protocol_holdout,random_selection,6,88,20.88234245210988
TRI_Tesla,set3_features,GPR,log,protocol_holdout,random_selection,6,96,21.442559744729923
TRI_Tesla,set3_features,GPR,log,protocol_holdout,random_selection,6,104,21.4175289194711
TRI_Tesla,set3_features,GPR,log,protocol_holdout,random_selection,6,107,20.908233774475217
TRI_Tesla,set3_features,GPR,log,protocol_holdout,random_selection,7,8,27.445774626795327
TRI_Tesla,set3_features,GPR,log,protocol_holdout,random_selection,7,16,28.10554946390328
TRI_Tesla,set3_features,GPR,log,protocol_holdout,random_selection,7,24,26.40366904437208
TRI_Tesla,set3_features,GPR,log,protocol_holdout,random_selection,7,32,27.10421248761099
TRI_Tesla,set3_features,GPR,log,protocol_holdout,random_selection,7,40,28.55629971164194
TRI_Tesla,set3_features,GPR,log,protocol_holdout,random_selection,7,48,30.027942884246738
TRI_Tesla,set3_features,GPR,log,protocol_holdout,random_selection,7,56,31.38638774633044
TRI_Tesla,set3_features,GPR,log,protocol_holdout,random_selection,7,64,31.682144396345
TRI_Tesla,set3_features,GPR,log,protocol_holdout,random_selection,7,72,31.682279285720515
TRI_Tesla,set3_features,GPR,log,protocol_holdout,random_selection,7,80,31.523258516293605
TRI_Tesla,set3_features,GPR,log,protocol_holdout,random_selection,7,88,28.696455992658105
TRI_Tesla,set3_features,GPR,log,protocol_holdout,random_selection,7,96,27.84272110042214
TRI_Tesla,set3_features,GPR,log,protocol_holdout,random_selection,7,104,27.12757101751589
TRI_Tesla,set3_features,GPR,log,protocol_holdout,random_selection,7,107,29.331506024945035
TRI_Tesla,set3_features,GPR,log,protocol_holdout,random_selection,8,8,73.41231412978648
TRI_Tesla,set3_features,GPR,log,protocol_holdout,random_selection,8,16,33.91606551223347
TRI_Tesla,set3_features,GPR,log,protocol_holdout,random_selection,8,24,39.87647184258528
TRI_Tesla,set3_features,GPR,log,protocol_holdout,random_selection,8,32,32.82049755477171
TRI_Tesla,set3_features,GPR,log,protocol_holdout,random_selection,8,40,26.000556049616424
TRI_Tesla,set3_features,GPR,log,protocol_holdout,random_selection,8,48,26.52772753541341
TRI_Tesla,set3_features,GPR,log,protocol_holdout,random_selection,8,56,24.872355690381585
TRI_Tesla,set3_features,GPR,log,protocol_holdout,random_selection,8,64,24.937531664932084
TRI_Tesla,set3_features,GPR,log,protocol_holdout,random_selection,8,72,26.38783487006241
TRI_Tesla,set3_features,GPR,log,protocol_holdout,random_selection,8,80,27.000190719895183
TRI_Tesla,set3_features,GPR,log,protocol_holdout,random_selection,8,88,27.41844649196408
TRI_Tesla,set3_features,GPR,log,protocol_holdout,random_selection,8,96,26.59214438210648
TRI_Tesla,set3_features,GPR,log,protocol_holdout,random_selection,8,104,25.36621186954613
TRI_Tesla,set3_features,GPR,log,protocol_holdout,random_selection,8,107,27.286472845983106
TRI_Tesla,set3_features,GPR,log,protocol_holdout,random_selection,9,8,36.05811000911772
TRI_Tesla,set3_features,GPR,log,protocol_holdout,random_selection,9,16,37.624487995136896
TRI_Tesla,set3_features,GPR,log,protocol_holdout,random_selection,9,24,24.792058351702405
TRI_Tesla,set3_features,GPR,log,protocol_holdout,random_selection,9,32,24.08800099876309
TRI_Tesla,set3_features,GPR,log,protocol_holdout,random_selection,9,40,29.53465956206518
TRI_Tesla,set3_features,GPR,log,protocol_holdout,random_selection,9,48,24.525439364986937
TRI_Tesla,set3_features,GPR,log,protocol_holdout,random_selection,9,56,21.78993273054048
TRI_Tesla,set3_features,GPR,log,protocol_holdout,random_selection,9,64,21.66108142566123
TRI_Tesla,set3_features,GPR,log,protocol_holdout,random_selection,9,72,21.437918868427506
TRI_Tesla,set3_features,GPR,log,protocol_holdout,random_selection,9,80,20.69467099325557
TRI_Tesla,set3_features,GPR,log,protocol_holdout,random_selection,9,88,20.38562859565976
TRI_Tesla,set3_features,GPR,log,protocol_holdout,random_selection,9,96,20.15838760342652
TRI_Tesla,set3_features,GPR,log,protocol_holdout,random_selection,9,104,20.04396113014029
TRI_Tesla,set3_features,GPR,log,protocol_holdout,random_selection,9,107,19.975756984185768
TRI_Tesla,set3_features,GPR,log,protocol_holdout,random_selection,10,8,33.94281391396737
TRI_Tesla,set3_features,GPR,log,protocol_holdout,random_selection,10,16,37.27921018832166
TRI_Tesla,set3_features,GPR,log,protocol_holdout,random_selection,10,24,32.874833673666764
TRI_Tesla,set3_features,GPR,log,protocol_holdout,random_selection,10,32,35.66285609028302
TRI_Tesla,set3_features,GPR,log,protocol_holdout,random_selection,10,40,37.3787642573116
TRI_Tesla,set3_features,GPR,log,protocol_holdout,random_selection,10,48,25.52137128258981
TRI_Tesla,set3_features,GPR,log,protocol_holdout,random_selection,10,56,27.91387038833586
TRI_Tesla,set3_features,GPR,log,protocol_holdout,random_selection,10,64,24.326059975642096
TRI_Tesla,set3_features,GPR,log,protocol_holdout,random_selection,10,72,24.23189810687981
TRI_Tesla,set3_features,GPR,log,protocol_holdout,random_selection,10,80,31.82198155464751
TRI_Tesla,set3_features,GPR,log,protocol_holdout,random_selection,10,88,32.97732883251767
TRI_Tesla,set3_features,GPR,log,protocol_holdout,random_selection,10,96,26.578178868948687
TRI_Tesla,set3_features,GPR,log,protocol_holdout,random_selection,10,104,33.38112789153649
TRI_Tesla,set3_features,GPR,log,protocol_holdout,random_selection,10,107,28.19992208826476
TRI_Tesla,set3_features,GPR,log,protocol_holdout,diversity_oneshot,1,8,25.04105555635829
TRI_Tesla,set3_features,GPR,log,protocol_holdout,diversity_oneshot,1,16,30.9354636182592
TRI_Tesla,set3_features,GPR,log,protocol_holdout,diversity_oneshot,1,24,25.80517357221786
TRI_Tesla,set3_features,GPR,log,protocol_holdout,diversity_oneshot,1,32,25.53321604955348
TRI_Tesla,set3_features,GPR,log,protocol_holdout,diversity_oneshot,1,40,24.07479861863618
TRI_Tesla,set3_features,GPR,log,protocol_holdout,diversity_oneshot,1,48,24.180209319239385
TRI_Tesla,set3_features,GPR,log,protocol_holdout,diversity_oneshot,1,56,24.573283128030265
TRI_Tesla,set3_features,GPR,log,protocol_holdout,diversity_oneshot,1,64,22.44046713921241
TRI_Tesla,set3_features,GPR,log,protocol_holdout,diversity_oneshot,1,72,22.821884722230248
TRI_Tesla,set3_features,GPR,log,protocol_holdout,diversity_oneshot,1,80,22.244587840483977
TRI_Tesla,set3_features,GPR,log,protocol_holdout,diversity_oneshot,1,88,21.60497492115488
TRI_Tesla,set3_features,GPR,log,protocol_holdout,diversity_oneshot,1,96,21.19262833694327
TRI_Tesla,set3_features,GPR,log,protocol_holdout,diversity_oneshot,1,104,21.479318465325605
TRI_Tesla,set3_features,GPR,log,protocol_holdout,diversity_oneshot,1,107,22.410432916134123
TRI_Tesla,set3_features,GPR,log,protocol_holdout,diversity_oneshot,2,8,29.21339077596612
TRI_Tesla,set3_features,GPR,log,protocol_holdout,diversity_oneshot,2,16,26.083474989074883
TRI_Tesla,set3_features,GPR,log,protocol_holdout,diversity_oneshot,2,24,25.572802704659463
TRI_Tesla,set3_features,GPR,log,protocol_holdout,diversity_oneshot,2,32,24.61485448468499
TRI_Tesla,set3_features,GPR,log,protocol_holdout,diversity_oneshot,2,40,20.88886776485511
TRI_Tesla,set3_features,GPR,log,protocol_holdout,diversity_oneshot,2,48,19.11470597046128
TRI_Tesla,set3_features,GPR,log,protocol_holdout,diversity_oneshot,2,56,18.52314605042511
TRI_Tesla,set3_features,GPR,log,protocol_holdout,diversity_oneshot,2,64,17.444135462042144
TRI_Tesla,set3_features,GPR,log,protocol_holdout,diversity_oneshot,2,72,16.307621915872225
TRI_Tesla,set3_features,GPR,log,protocol_holdout,diversity_oneshot,2,80,15.669287083420883
TRI_Tesla,set3_features,GPR,log,protocol_holdout,diversity_oneshot,2,88,15.592202102360208
TRI_Tesla,set3_features,GPR,log,protocol_holdout,diversity_oneshot,2,96,14.861488615228213
TRI_Tesla,set3_features,GPR,log,protocol_holdout,diversity_oneshot,2,104,14.388821760074558
TRI_Tesla,set3_features,GPR,log,protocol_holdout,diversity_oneshot,2,107,14.54120302383962
TRI_Tesla,set3_features,GPR,log,protocol_holdout,diversity_oneshot,3,8,32.30465676649486
TRI_Tesla,set3_features,GPR,log,protocol_holdout,diversity_oneshot,3,16,36.22976556970144
TRI_Tesla,set3_features,GPR,log,protocol_holdout,diversity_oneshot,3,24,33.334782028366845
TRI_Tesla,set3_features,GPR,log,protocol_holdout,diversity_oneshot,3,32,31.55154071057737
TRI_Tesla,set3_features,GPR,log,protocol_holdout,diversity_oneshot,3,40,26.60900049950233
TRI_Tesla,set3_features,GPR,log,protocol_holdout,diversity_oneshot,3,48,29.119624268096523
TRI_Tesla,set3_features,GPR,log,protocol_holdout,diversity_oneshot,3,56,28.05290707319851
TRI_Tesla,set3_features,GPR,log,protocol_holdout,diversity_oneshot,3,64,27.610922157993283
TRI_Tesla,set3_features,GPR,log,protocol_holdout,diversity_oneshot,3,72,26.8701663907774
TRI_Tesla,set3_features,GPR,log,protocol_holdout,diversity_oneshot,3,80,26.82112721436905
TRI_Tesla,set3_features,GPR,log,protocol_holdout,diversity_oneshot,3,88,26.95319742016604
TRI_Tesla,set3_features,GPR,log,protocol_holdout,diversity_oneshot,3,96,27.0821285224106
TRI_Tesla,set3_features,GPR,log,protocol_holdout,diversity_oneshot,3,104,27.05416074115412
TRI_Tesla,set3_features,GPR,log,protocol_holdout,diversity_oneshot,3,107,27.029035737275287
TRI_Tesla,set3_features,GPR,log,protocol_holdout,diversity_oneshot,4,8,41.59736779221375
TRI_Tesla,set3_features,GPR,log,protocol_holdout,diversity_oneshot,4,16,37.38228222978591
TRI_Tesla,set3_features,GPR,log,protocol_holdout,diversity_oneshot,4,24,33.08674912958912
TRI_Tesla,set3_features,GPR,log,protocol_holdout,diversity_oneshot,4,32,32.59944210100554
TRI_Tesla,set3_features,GPR,log,protocol_holdout,diversity_oneshot,4,40,33.24667101514658
TRI_Tesla,set3_features,GPR,log,protocol_holdout,diversity_oneshot,4,48,38.02461332403174
TRI_Tesla,set3_features,GPR,log,protocol_holdout,diversity_oneshot,4,56,39.221546202288685
TRI_Tesla,set3_features,GPR,log,protocol_holdout,diversity_oneshot,4,64,36.97739542732722
TRI_Tesla,set3_features,GPR,log,protocol_holdout,diversity_oneshot,4,72,37.24418079407347
TRI_Tesla,set3_features,GPR,log,protocol_holdout,diversity_oneshot,4,80,34.723869055264146
TRI_Tesla,set3_features,GPR,log,protocol_holdout,diversity_oneshot,4,88,33.51927143117516
TRI_Tesla,set3_features,GPR,log,protocol_holdout,diversity_oneshot,4,96,32.52457536924654
TRI_Tesla,set3_features,GPR,log,protocol_holdout,diversity_oneshot,4,104,31.21960572549588
TRI_Tesla,set3_features,GPR,log,protocol_holdout,diversity_oneshot,4,107,31.09274725893804
TRI_Tesla,set3_features,GPR,log,protocol_holdout,diversity_oneshot,5,8,68.34598395174817
TRI_Tesla,set3_features,GPR,log,protocol_holdout,diversity_oneshot,5,16,21.553983457786146
TRI_Tesla,set3_features,GPR,log,protocol_holdout,diversity_oneshot,5,24,24.251774695010884
TRI_Tesla,set3_features,GPR,log,protocol_holdout,diversity_oneshot,5,32,20.64835630060788
TRI_Tesla,set3_features,GPR,log,protocol_holdout,diversity_oneshot,5,40,18.53484842978096
TRI_Tesla,set3_features,GPR,log,protocol_holdout,diversity_oneshot,5,48,17.68797289638868
TRI_Tesla,set3_features,GPR,log,protocol_holdout,diversity_oneshot,5,56,16.60845058969157
TRI_Tesla,set3_features,GPR,log,protocol_holdout,diversity_oneshot,5,64,15.788996205915192
TRI_Tesla,set3_features,GPR,log,protocol_holdout,diversity_oneshot,5,72,15.694478099112294
TRI_Tesla,set3_features,GPR,log,protocol_holdout,diversity_oneshot,5,80,15.565296310061408
TRI_Tesla,set3_features,GPR,log,protocol_holdout,diversity_oneshot,5,88,17.75053762297026
TRI_Tesla,set3_features,GPR,log,protocol_holdout,diversity_oneshot,5,96,18.96658613791136
TRI_Tesla,set3_features,GPR,log,protocol_holdout,diversity_oneshot,5,104,20.26278814733196
TRI_Tesla,set3_features,GPR,log,protocol_holdout,diversity_oneshot,5,107,21.33878344538305
TRI_Tesla,set3_features,GPR,log,protocol_holdout,diversity_oneshot,6,8,60.45241596592599
TRI_Tesla,set3_features,GPR,log,protocol_holdout,diversity_oneshot,6,16,26.249624683199208
TRI_Tesla,set3_features,GPR,log,protocol_holdout,diversity_oneshot,6,24,20.35431070266824
TRI_Tesla,set3_features,GPR,log,protocol_holdout,diversity_oneshot,6,32,20.480049558124325
TRI_Tesla,set3_features,GPR,log,protocol_holdout,diversity_oneshot,6,40,20.72477318229076
TRI_Tesla,set3_features,GPR,log,protocol_holdout,diversity_oneshot,6,48,21.067202048588705
TRI_Tesla,set3_features,GPR,log,protocol_holdout,diversity_oneshot,6,56,20.395451495922064
TRI_Tesla,set3_features,GPR,log,protocol_holdout,diversity_oneshot,6,64,21.50425605094736
TRI_Tesla,set3_features,GPR,log,protocol_holdout,diversity_oneshot,6,72,24.471303325415544
TRI_Tesla,set3_features,GPR,log,protocol_holdout,diversity_oneshot,6,80,23.413124485692656
TRI_Tesla,set3_features,GPR,log,protocol_holdout,diversity_oneshot,6,88,21.706623135093764
TRI_Tesla,set3_features,GPR,log,protocol_holdout,diversity_oneshot,6,96,20.588994927792875
TRI_Tesla,set3_features,GPR,log,protocol_holdout,diversity_oneshot,6,104,21.077099199019823
TRI_Tesla,set3_features,GPR,log,protocol_holdout,diversity_oneshot,6,107,20.908233774475217
TRI_Tesla,set3_features,GPR,log,protocol_holdout,diversity_oneshot,7,8,32.82017226125393
TRI_Tesla,set3_features,GPR,log,protocol_holdout,diversity_oneshot,7,16,48.85438640865022
TRI_Tesla,set3_features,GPR,log,protocol_holdout,diversity_oneshot,7,24,30.903741462996624
TRI_Tesla,set3_features,GPR,log,protocol_holdout,diversity_oneshot,7,32,31.69403731458245
TRI_Tesla,set3_features,GPR,log,protocol_holdout,diversity_oneshot,7,40,31.55340811747352
TRI_Tesla,set3_features,GPR,log,protocol_holdout,diversity_oneshot,7,48,31.84264713635138
TRI_Tesla,set3_features,GPR,log,protocol_holdout,diversity_oneshot,7,56,33.116346115715544
TRI_Tesla,set3_features,GPR,log,protocol_holdout,diversity_oneshot,7,64,30.50849485764872
TRI_Tesla,set3_features,GPR,log,protocol_holdout,diversity_oneshot,7,72,30.1128682628578
TRI_Tesla,set3_features,GPR,log,protocol_holdout,diversity_oneshot,7,80,29.32541311513538
TRI_Tesla,set3_features,GPR,log,protocol_holdout,diversity_oneshot,7,88,27.81771629489624
TRI_Tesla,set3_features,GPR,log,protocol_holdout,diversity_oneshot,7,96,27.647552394965945
TRI_Tesla,set3_features,GPR,log,protocol_holdout,diversity_oneshot,7,104,27.3364515012321
TRI_Tesla,set3_features,GPR,log,protocol_holdout,diversity_oneshot,7,107,29.331506024945035
TRI_Tesla,set3_features,GPR,log,protocol_holdout,diversity_oneshot,8,8,36.536430326578575
TRI_Tesla,set3_features,GPR,log,protocol_holdout,diversity_oneshot,8,16,28.407281861790967
TRI_Tesla,set3_features,GPR,log,protocol_holdout,diversity_oneshot,8,24,26.29585121968809
TRI_Tesla,set3_features,GPR,log,protocol_holdout,diversity_oneshot,8,32,26.0503097842292
TRI_Tesla,set3_features,GPR,log,protocol_holdout,diversity_oneshot,8,40,26.596742175461973
TRI_Tesla,set3_features,GPR,log,protocol_holdout,diversity_oneshot,8,48,27.465199453259466
TRI_Tesla,set3_features,GPR,log,protocol_holdout,diversity_oneshot,8,56,27.438612246321654
TRI_Tesla,set3_features,GPR,log,protocol_holdout,diversity_oneshot,8,64,29.99832765638907
TRI_Tesla,set3_features,GPR,log,protocol_holdout,diversity_oneshot,8,72,29.569573178132124
TRI_Tesla,set3_features,GPR,log,protocol_holdout,diversity_oneshot,8,80,26.24791220554965
TRI_Tesla,set3_features,GPR,log,protocol_holdout,diversity_oneshot,8,88,25.31152395420666
TRI_Tesla,set3_features,GPR,log,protocol_holdout,diversity_oneshot,8,96,24.9835337283836
TRI_Tesla,set3_features,GPR,log,protocol_holdout,diversity_oneshot,8,104,24.961336133333
TRI_Tesla,set3_features,GPR,log,protocol_holdout,diversity_oneshot,8,107,27.286472845983106
TRI_Tesla,set3_features,GPR,log,protocol_holdout,diversity_oneshot,9,8,23.58951657459061
TRI_Tesla,set3_features,GPR,log,protocol_holdout,diversity_oneshot,9,16,30.061426137575904
TRI_Tesla,set3_features,GPR,log,protocol_holdout,diversity_oneshot,9,24,23.48296360487064
TRI_Tesla,set3_features,GPR,log,protocol_holdout,diversity_oneshot,9,32,20.76002300442735
TRI_Tesla,set3_features,GPR,log,protocol_holdout,diversity_oneshot,9,40,23.68648004999408
TRI_Tesla,set3_features,GPR,log,protocol_holdout,diversity_oneshot,9,48,22.73402361423552
TRI_Tesla,set3_features,GPR,log,protocol_holdout,diversity_oneshot,9,56,22.12202987944957
TRI_Tesla,set3_features,GPR,log,protocol_holdout,diversity_oneshot,9,64,20.85629997312104
TRI_Tesla,set3_features,GPR,log,protocol_holdout,diversity_oneshot,9,72,20.150896600104463
TRI_Tesla,set3_features,GPR,log,protocol_holdout,diversity_oneshot,9,80,20.414613164793103
TRI_Tesla,set3_features,GPR,log,protocol_holdout,diversity_oneshot,9,88,20.52597054858484
TRI_Tesla,set3_features,GPR,log,protocol_holdout,diversity_oneshot,9,96,20.3946780093439
TRI_Tesla,set3_features,GPR,log,protocol_holdout,diversity_oneshot,9,104,20.26634010363084
TRI_Tesla,set3_features,GPR,log,protocol_holdout,diversity_oneshot,9,107,19.975756984185768
TRI_Tesla,set3_features,GPR,log,protocol_holdout,diversity_oneshot,10,8,37.42490895245711
TRI_Tesla,set3_features,GPR,log,protocol_holdout,diversity_oneshot,10,16,22.639909579218543
TRI_Tesla,set3_features,GPR,log,protocol_holdout,diversity_oneshot,10,24,24.790621282621693
TRI_Tesla,set3_features,GPR,log,protocol_holdout,diversity_oneshot,10,32,20.10281903631301
TRI_Tesla,set3_features,GPR,log,protocol_holdout,diversity_oneshot,10,40,20.616596781123583
TRI_Tesla,set3_features,GPR,log,protocol_holdout,diversity_oneshot,10,48,21.77753704513937
TRI_Tesla,set3_features,GPR,log,protocol_holdout,diversity_oneshot,10,56,23.90095774629901
TRI_Tesla,set3_features,GPR,log,protocol_holdout,diversity_oneshot,10,64,18.776330298044645
TRI_Tesla,set3_features,GPR,log,protocol_holdout,diversity_oneshot,10,72,19.18295440882917
TRI_Tesla,set3_features,GPR,log,protocol_holdout,diversity_oneshot,10,80,17.43811767049241
TRI_Tesla,set3_features,GPR,log,protocol_holdout,diversity_oneshot,10,88,18.04210005633551
TRI_Tesla,set3_features,GPR,log,protocol_holdout,diversity_oneshot,10,96,19.577828982444306
TRI_Tesla,set3_features,GPR,log,protocol_holdout,diversity_oneshot,10,104,21.959123158335
TRI_Tesla,set3_features,GPR,log,protocol_holdout,diversity_oneshot,10,107,28.19992208826476
TRI_Tesla,set3_features,GPR,log,protocol_holdout,diversity_iterative,1,8,25.04105555635829
TRI_Tesla,set3_features,GPR,log,protocol_holdout,diversity_iterative,1,16,22.22665201300265
TRI_Tesla,set3_features,GPR,log,protocol_holdout,diversity_iterative,1,24,25.725282845271
TRI_Tesla,set3_features,GPR,log,protocol_holdout,diversity_iterative,1,32,26.999462210287145
TRI_Tesla,set3_features,GPR,log,protocol_holdout,diversity_iterative,1,40,25.074152177806493
TRI_Tesla,set3_features,GPR,log,protocol_holdout,diversity_iterative,1,48,24.203656331722552
TRI_Tesla,set3_features,GPR,log,protocol_holdout,diversity_iterative,1,56,22.432394837973124
TRI_Tesla,set3_features,GPR,log,protocol_holdout,diversity_iterative,1,64,22.61457753148585
TRI_Tesla,set3_features,GPR,log,protocol_holdout,diversity_iterative,1,72,21.701925703751364
TRI_Tesla,set3_features,GPR,log,protocol_holdout,diversity_iterative,1,80,21.90299454918905
TRI_Tesla,set3_features,GPR,log,protocol_holdout,diversity_iterative,1,88,22.12668182257796
TRI_Tesla,set3_features,GPR,log,protocol_holdout,diversity_iterative,1,96,21.26751830198056
TRI_Tesla,set3_features,GPR,log,protocol_holdout,diversity_iterative,1,104,21.46267887213346
TRI_Tesla,set3_features,GPR,log,protocol_holdout,diversity_iterative,1,107,22.410432916134123
TRI_Tesla,set3_features,GPR,log,protocol_holdout,diversity_iterative,2,8,29.21339077596612
TRI_Tesla,set3_features,GPR,log,protocol_holdout,diversity_iterative,2,16,23.949644180708702
TRI_Tesla,set3_features,GPR,log,protocol_holdout,diversity_iterative,2,24,24.61262574101439
TRI_Tesla,set3_features,GPR,log,protocol_holdout,diversity_iterative,2,32,21.14016590562112
TRI_Tesla,set3_features,GPR,log,protocol_holdout,diversity_iterative,2,40,20.678520930913407
TRI_Tesla,set3_features,GPR,log,protocol_holdout,diversity_iterative,2,48,20.62050821098474
TRI_Tesla,set3_features,GPR,log,protocol_holdout,diversity_iterative,2,56,21.285938619179205
TRI_Tesla,set3_features,GPR,log,protocol_holdout,diversity_iterative,2,64,17.102627989712786
TRI_Tesla,set3_features,GPR,log,protocol_holdout,diversity_iterative,2,72,17.97523925190635
TRI_Tesla,set3_features,GPR,log,protocol_holdout,diversity_iterative,2,80,17.633854553830453
TRI_Tesla,set3_features,GPR,log,protocol_holdout,diversity_iterative,2,88,15.68736007204418
TRI_Tesla,set3_features,GPR,log,protocol_holdout,diversity_iterative,2,96,14.543763514364322
TRI_Tesla,set3_features,GPR,log,protocol_holdout,diversity_iterative,2,104,14.740894143601196
TRI_Tesla,set3_features,GPR,log,protocol_holdout,diversity_iterative,2,107,14.54120302383962
TRI_Tesla,set3_features,GPR,log,protocol_holdout,diversity_iterative,3,8,32.30465676649486
TRI_Tesla,set3_features,GPR,log,protocol_holdout,diversity_iterative,3,16,30.75148072503523
TRI_Tesla,set3_features,GPR,log,protocol_holdout,diversity_iterative,3,24,35.091102295430865
TRI_Tesla,set3_features,GPR,log,protocol_holdout,diversity_iterative,3,32,28.37597112003241
TRI_Tesla,set3_features,GPR,log,protocol_holdout,diversity_iterative,3,40,28.142360761563907
TRI_Tesla,set3_features,GPR,log,protocol_holdout,diversity_iterative,3,48,27.815835663570454
TRI_Tesla,set3_features,GPR,log,protocol_holdout,diversity_iterative,3,56,27.78351317405166
TRI_Tesla,set3_features,GPR,log,protocol_holdout,diversity_iterative,3,64,27.471629595589377
TRI_Tesla,set3_features,GPR,log,protocol_holdout,diversity_iterative,3,72,27.079211708992435
TRI_Tesla,set3_features,GPR,log,protocol_holdout,diversity_iterative,3,80,27.709524799893696
TRI_Tesla,set3_features,GPR,log,protocol_holdout,diversity_iterative,3,88,27.09989701394182
TRI_Tesla,set3_features,GPR,log,protocol_holdout,diversity_iterative,3,96,26.73524497515032
TRI_Tesla,set3_features,GPR,log,protocol_holdout,diversity_iterative,3,104,26.842958327500625
TRI_Tesla,set3_features,GPR,log,protocol_holdout,diversity_iterative,3,107,27.029035737275287
TRI_Tesla,set3_features,GPR,log,protocol_holdout,diversity_iterative,4,8,41.59736779221375
TRI_Tesla,set3_features,GPR,log,protocol_holdout,diversity_iterative,4,16,30.808355871877225
TRI_Tesla,set3_features,GPR,log,protocol_holdout,diversity_iterative,4,24,32.44827701748997
TRI_Tesla,set3_features,GPR,log,protocol_holdout,diversity_iterative,4,32,31.94754004650024
TRI_Tesla,set3_features,GPR,log,protocol_holdout,diversity_iterative,4,40,30.505905248858493
TRI_Tesla,set3_features,GPR,log,protocol_holdout,diversity_iterative,4,48,32.63943018641882
TRI_Tesla,set3_features,GPR,log,protocol_holdout,diversity_iterative,4,56,31.874169093251385
TRI_Tesla,set3_features,GPR,log,protocol_holdout,diversity_iterative,4,64,31.801586869308395
TRI_Tesla,set3_features,GPR,log,protocol_holdout,diversity_iterative,4,72,31.21904984076335
TRI_Tesla,set3_features,GPR,log,protocol_holdout,diversity_iterative,4,80,31.79645433729295
TRI_Tesla,set3_features,GPR,log,protocol_holdout,diversity_iterative,4,88,32.17423632424267
TRI_Tesla,set3_features,GPR,log,protocol_holdout,diversity_iterative,4,96,31.50460161214308
TRI_Tesla,set3_features,GPR,log,protocol_holdout,diversity_iterative,4,104,31.516140877598964
TRI_Tesla,set3_features,GPR,log,protocol_holdout,diversity_iterative,4,107,31.09274725893804
TRI_Tesla,set3_features,GPR,log,protocol_holdout,diversity_iterative,5,8,68.34598395174817
TRI_Tesla,set3_features,GPR,log,protocol_holdout,diversity_iterative,5,16,34.96204268850936
TRI_Tesla,set3_features,GPR,log,protocol_holdout,diversity_iterative,5,24,28.580103717538808
TRI_Tesla,set3_features,GPR,log,protocol_holdout,diversity_iterative,5,32,27.456408079750062
TRI_Tesla,set3_features,GPR,log,protocol_holdout,diversity_iterative,5,40,25.46896974672897
TRI_Tesla,set3_features,GPR,log,protocol_holdout,diversity_iterative,5,48,21.54092911985367
TRI_Tesla,set3_features,GPR,log,protocol_holdout,diversity_iterative,5,56,21.51229743159279
TRI_Tesla,set3_features,GPR,log,protocol_holdout,diversity_iterative,5,64,18.263797323103507
TRI_Tesla,set3_features,GPR,log,protocol_holdout,diversity_iterative,5,72,18.75936932453623
TRI_Tesla,set3_features,GPR,log,protocol_holdout,diversity_iterative,5,80,17.707949503398908
TRI_Tesla,set3_features,GPR,log,protocol_holdout,diversity_iterative,5,88,19.55876520831884
TRI_Tesla,set3_features,GPR,log,protocol_holdout,diversity_iterative,5,96,21.36348096703205
TRI_Tesla,set3_features,GPR,log,protocol_holdout,diversity_iterative,5,104,21.32550606494529
TRI_Tesla,set3_features,GPR,log,protocol_holdout,diversity_iterative,5,107,21.33878344538305
TRI_Tesla,set3_features,GPR,log,protocol_holdout,diversity_iterative,6,8,60.45241596592599
TRI_Tesla,set3_features,GPR,log,protocol_holdout,diversity_iterative,6,16,19.20664155979347
TRI_Tesla,set3_features,GPR,log,protocol_holdout,diversity_iterative,6,24,18.986365292027376
TRI_Tesla,set3_features,GPR,log,protocol_holdout,diversity_iterative,6,32,19.55133211412431
TRI_Tesla,set3_features,GPR,log,protocol_holdout,diversity_iterative,6,40,20.874309006076302
TRI_Tesla,set3_features,GPR,log,protocol_holdout,diversity_iterative,6,48,21.287369854741453
TRI_Tesla,set3_features,GPR,log,protocol_holdout,diversity_iterative,6,56,21.36031837020541
TRI_Tesla,set3_features,GPR,log,protocol_holdout,diversity_iterative,6,64,20.960058285975794
TRI_Tesla,set3_features,GPR,log,protocol_holdout,diversity_iterative,6,72,20.85912883180294
TRI_Tesla,set3_features,GPR,log,protocol_holdout,diversity_iterative,6,80,21.4003885839251
TRI_Tesla,set3_features,GPR,log,protocol_holdout,diversity_iterative,6,88,21.49612398388137
TRI_Tesla,set3_features,GPR,log,protocol_holdout,diversity_iterative,6,96,21.14382815011392
TRI_Tesla,set3_features,GPR,log,protocol_holdout,diversity_iterative,6,104,21.12869334391545
TRI_Tesla,set3_features,GPR,log,protocol_holdout,diversity_iterative,6,107,20.908233774475217
TRI_Tesla,set3_features,GPR,log,protocol_holdout,diversity_iterative,7,8,32.82017226125393
TRI_Tesla,set3_features,GPR,log,protocol_holdout,diversity_iterative,7,16,27.704861708481527
TRI_Tesla,set3_features,GPR,log,protocol_holdout,diversity_iterative,7,24,30.96828854264484
TRI_Tesla,set3_features,GPR,log,protocol_holdout,diversity_iterative,7,32,30.939526067531016
TRI_Tesla,set3_features,GPR,log,protocol_holdout,diversity_iterative,7,40,28.52748099057656
TRI_Tesla,set3_features,GPR,log,protocol_holdout,diversity_iterative,7,48,29.61905016979075
TRI_Tesla,set3_features,GPR,log,protocol_holdout,diversity_iterative,7,56,28.19649420068177
TRI_Tesla,set3_features,GPR,log,protocol_holdout,diversity_iterative,7,64,28.26730725747501
TRI_Tesla,set3_features,GPR,log,protocol_holdout,diversity_iterative,7,72,27.607184725495244
TRI_Tesla,set3_features,GPR,log,protocol_holdout,diversity_iterative,7,80,26.20268726182666
TRI_Tesla,set3_features,GPR,log,protocol_holdout,diversity_iterative,7,88,26.743688649300644
TRI_Tesla,set3_features,GPR,log,protocol_holdout,diversity_iterative,7,96,27.027125956340665
TRI_Tesla,set3_features,GPR,log,protocol_holdout,diversity_iterative,7,104,26.703086177860023
TRI_Tesla,set3_features,GPR,log,protocol_holdout,diversity_iterative,7,107,29.331506024945035
TRI_Tesla,set3_features,GPR,log,protocol_holdout,diversity_iterative,8,8,36.536430326578575
TRI_Tesla,set3_features,GPR,log,protocol_holdout,diversity_iterative,8,16,22.286666398518225
TRI_Tesla,set3_features,GPR,log,protocol_holdout,diversity_iterative,8,24,25.894794313734632
TRI_Tesla,set3_features,GPR,log,protocol_holdout,diversity_iterative,8,32,25.776288443418032
TRI_Tesla,set3_features,GPR,log,protocol_holdout,diversity_iterative,8,40,25.874434994550377
TRI_Tesla,set3_features,GPR,log,protocol_holdout,diversity_iterative,8,48,25.121330914673983
TRI_Tesla,set3_features,GPR,log,protocol_holdout,diversity_iterative,8,56,22.582060514958226
TRI_Tesla,set3_features,GPR,log,protocol_holdout,diversity_iterative,8,64,24.17377981390819
TRI_Tesla,set3_features,GPR,log,protocol_holdout,diversity_iterative,8,72,24.343891250366955
TRI_Tesla,set3_features,GPR,log,protocol_holdout,diversity_iterative,8,80,25.413529891516752
TRI_Tesla,set3_features,GPR,log,protocol_holdout,diversity_iterative,8,88,25.43945402178556
TRI_Tesla,set3_features,GPR,log,protocol_holdout,diversity_iterative,8,96,24.635732734542305
TRI_Tesla,set3_features,GPR,log,protocol_holdout,diversity_iterative,8,104,25.305927470654204
TRI_Tesla,set3_features,GPR,log,protocol_holdout,diversity_iterative,8,107,27.286472845983106
TRI_Tesla,set3_features,GPR,log,protocol_holdout,diversity_iterative,9,8,23.58951657459061
TRI_Tesla,set3_features,GPR,log,protocol_holdout,diversity_iterative,9,16,24.32050257796384
TRI_Tesla,set3_features,GPR,log,protocol_holdout,diversity_iterative,9,24,24.352705326991995
TRI_Tesla,set3_features,GPR,log,protocol_holdout,diversity_iterative,9,32,25.88534664850213
TRI_Tesla,set3_features,GPR,log,protocol_holdout,diversity_iterative,9,40,24.269991733884616
TRI_Tesla,set3_features,GPR,log,protocol_holdout,diversity_iterative,9,48,22.929226830930936
TRI_Tesla,set3_features,GPR,log,protocol_holdout,diversity_iterative,9,56,22.233462250355554
TRI_Tesla,set3_features,GPR,log,protocol_holdout,diversity_iterative,9,64,21.328334969482206
TRI_Tesla,set3_features,GPR,log,protocol_holdout,diversity_iterative,9,72,21.186797941479096
TRI_Tesla,set3_features,GPR,log,protocol_holdout,diversity_iterative,9,80,20.88588595658446
TRI_Tesla,set3_features,GPR,log,protocol_holdout,diversity_iterative,9,88,20.933514867610384
TRI_Tesla,set3_features,GPR,log,protocol_holdout,diversity_iterative,9,96,20.18548451744665
TRI_Tesla,set3_features,GPR,log,protocol_holdout,diversity_iterative,9,104,19.90150950468749
TRI_Tesla,set3_features,GPR,log,protocol_holdout,diversity_iterative,9,107,19.975756984185768
TRI_Tesla,set3_features,GPR,log,protocol_holdout,diversity_iterative,10,8,37.42490895245711
TRI_Tesla,set3_features,GPR,log,protocol_holdout,diversity_iterative,10,16,29.906783876853915
TRI_Tesla,set3_features,GPR,log,protocol_holdout,diversity_iterative,10,24,38.361231241194496
TRI_Tesla,set3_features,GPR,log,protocol_holdout,diversity_iterative,10,32,24.264703487224985
TRI_Tesla,set3_features,GPR,log,protocol_holdout,diversity_iterative,10,40,24.04696679017797
TRI_Tesla,set3_features,GPR,log,protocol_holdout,diversity_iterative,10,48,29.219910316876817
TRI_Tesla,set3_features,GPR,log,protocol_holdout,diversity_iterative,10,56,35.27473374161325
TRI_Tesla,set3_features,GPR,log,protocol_holdout,diversity_iterative,10,64,33.09537101246186
TRI_Tesla,set3_features,GPR,log,protocol_holdout,diversity_iterative,10,72,32.977567879790485
TRI_Tesla,set3_features,GPR,log,protocol_holdout,diversity_iterative,10,80,28.342456675377303
TRI_Tesla,set3_features,GPR,log,protocol_holdout,diversity_iterative,10,88,27.79737815070012
TRI_Tesla,set3_features,GPR,log,protocol_holdout,diversity_iterative,10,96,27.88391109576664
TRI_Tesla,set3_features,GPR,log,protocol_holdout,diversity_iterative,10,104,24.42636468827567
TRI_Tesla,set3_features,GPR,log,protocol_holdout,diversity_iterative,10,107,28.19992208826476
TRI_Tesla,set3_features,GPR,log,protocol_holdout,coverage,1,8,29.408628515882445
TRI_Tesla,set3_features,GPR,log,protocol_holdout,coverage,1,16,28.718143622337312
TRI_Tesla,set3_features,GPR,log,protocol_holdout,coverage,1,24,27.624556131242013
TRI_Tesla,set3_features,GPR,log,protocol_holdout,coverage,1,32,25.20096208000172
TRI_Tesla,set3_features,GPR,log,protocol_holdout,coverage,1,40,24.123870624336032
TRI_Tesla,set3_features,GPR,log,protocol_holdout,coverage,1,48,24.47439201716941
TRI_Tesla,set3_features,GPR,log,protocol_holdout,coverage,1,56,24.03810677067453
TRI_Tesla,set3_features,GPR,log,protocol_holdout,coverage,1,64,23.75211400912755
TRI_Tesla,set3_features,GPR,log,protocol_holdout,coverage,1,72,23.119202923298747
TRI_Tesla,set3_features,GPR,log,protocol_holdout,coverage,1,80,22.69553188122552
TRI_Tesla,set3_features,GPR,log,protocol_holdout,coverage,1,88,22.489865109126875
TRI_Tesla,set3_features,GPR,log,protocol_holdout,coverage,1,96,21.710116431251265
TRI_Tesla,set3_features,GPR,log,protocol_holdout,coverage,1,104,21.198938059893383
TRI_Tesla,set3_features,GPR,log,protocol_holdout,coverage,1,107,22.410432916134123
TRI_Tesla,set3_features,GPR,log,protocol_holdout,coverage,2,8,22.67773143034545
TRI_Tesla,set3_features,GPR,log,protocol_holdout,coverage,2,16,21.43839597147948
TRI_Tesla,set3_features,GPR,log,protocol_holdout,coverage,2,24,21.76540188201343
TRI_Tesla,set3_features,GPR,log,protocol_holdout,coverage,2,32,21.04117746670608
TRI_Tesla,set3_features,GPR,log,protocol_holdout,coverage,2,40,18.9182043761692
TRI_Tesla,set3_features,GPR,log,protocol_holdout,coverage,2,48,18.63332563453327
TRI_Tesla,set3_features,GPR,log,protocol_holdout,coverage,2,56,17.554529435266776
TRI_Tesla,set3_features,GPR,log,protocol_holdout,coverage,2,64,18.38697618920447
TRI_Tesla,set3_features,GPR,log,protocol_holdout,coverage,2,72,17.349446802774878
TRI_Tesla,set3_features,GPR,log,protocol_holdout,coverage,2,80,17.167453938321454
TRI_Tesla,set3_features,GPR,log,protocol_holdout,coverage,2,88,15.653577288143072
TRI_Tesla,set3_features,GPR,log,protocol_holdout,coverage,2,96,14.830147696825408
TRI_Tesla,set3_features,GPR,log,protocol_holdout,coverage,2,104,14.584269722067916
TRI_Tesla,set3_features,GPR,log,protocol_holdout,coverage,2,107,14.54120302383962
TRI_Tesla,set3_features,GPR,log,protocol_holdout,coverage,3,8,28.417218834895376
TRI_Tesla,set3_features,GPR,log,protocol_holdout,coverage,3,16,26.262487905332645
TRI_Tesla,set3_features,GPR,log,protocol_holdout,coverage,3,24,26.307932243862865
TRI_Tesla,set3_features,GPR,log,protocol_holdout,coverage,3,32,27.9146117533008
TRI_Tesla,set3_features,GPR,log,protocol_holdout,coverage,3,40,25.210078064046265
TRI_Tesla,set3_features,GPR,log,protocol_holdout,coverage,3,48,25.68779022450444
TRI_Tesla,set3_features,GPR,log,protocol_holdout,coverage,3,56,25.9553324831236
TRI_Tesla,set3_features,GPR,log,protocol_holdout,coverage,3,64,26.518117439248883
TRI_Tesla,set3_features,GPR,log,protocol_holdout,coverage,3,72,26.392145990175543
TRI_Tesla,set3_features,GPR,log,protocol_holdout,coverage,3,80,26.5124161970841
TRI_Tesla,set3_features,GPR,log,protocol_holdout,coverage,3,88,26.057272394416582
TRI_Tesla,set3_features,GPR,log,protocol_holdout,coverage,3,96,26.552115651166417
TRI_Tesla,set3_features,GPR,log,protocol_holdout,coverage,3,104,26.912675959224885
TRI_Tesla,set3_features,GPR,log,protocol_holdout,coverage,3,107,27.029035737275287
TRI_Tesla,set3_features,GPR,log,protocol_holdout,coverage,4,8,87.55755163797497
TRI_Tesla,set3_features,GPR,log,protocol_holdout,coverage,4,16,34.32759096092051
TRI_Tesla,set3_features,GPR,log,protocol_holdout,coverage,4,24,32.40583656020529
TRI_Tesla,set3_features,GPR,log,protocol_holdout,coverage,4,32,32.0784492262046
TRI_Tesla,set3_features,GPR,log,protocol_holdout,coverage,4,40,34.105291065555974
TRI_Tesla,set3_features,GPR,log,protocol_holdout,coverage,4,48,30.78016481155795
TRI_Tesla,set3_features,GPR,log,protocol_holdout,coverage,4,56,30.730936352768868
TRI_Tesla,set3_features,GPR,log,protocol_holdout,coverage,4,64,29.27854227370003
TRI_Tesla,set3_features,GPR,log,protocol_holdout,coverage,4,72,28.87942543498417
TRI_Tesla,set3_features,GPR,log,protocol_holdout,coverage,4,80,29.41747356638724
TRI_Tesla,set3_features,GPR,log,protocol_holdout,coverage,4,88,31.13987789011544
TRI_Tesla,set3_features,GPR,log,protocol_holdout,coverage,4,96,31.445237541548792
TRI_Tesla,set3_features,GPR,log,protocol_holdout,coverage,4,104,31.35466255264585
TRI_Tesla,set3_features,GPR,log,protocol_holdout,coverage,4,107,31.09274725893804
TRI_Tesla,set3_features,GPR,log,protocol_holdout,coverage,5,8,84.65402320292709
TRI_Tesla,set3_features,GPR,log,protocol_holdout,coverage,5,16,22.74950565033533
TRI_Tesla,set3_features,GPR,log,protocol_holdout,coverage,5,24,19.050292610060296
TRI_Tesla,set3_features,GPR,log,protocol_holdout,coverage,5,32,18.199754156139576
TRI_Tesla,set3_features,GPR,log,protocol_holdout,coverage,5,40,17.533615860899545
TRI_Tesla,set3_features,GPR,log,protocol_holdout,coverage,5,48,15.31231540372628
TRI_Tesla,set3_features,GPR,log,protocol_holdout,coverage,5,56,16.971035220881443
TRI_Tesla,set3_features,GPR,log,protocol_holdout,coverage,5,64,17.911926241766842
TRI_Tesla,set3_features,GPR,log,protocol_holdout,coverage,5,72,21.27011467364538
TRI_Tesla,set3_features,GPR,log,protocol_holdout,coverage,5,80,20.334576790526025
TRI_Tesla,set3_features,GPR,log,protocol_holdout,coverage,5,88,18.011251975094112
TRI_Tesla,set3_features,GPR,log,protocol_holdout,coverage,5,96,19.02199719853327
TRI_Tesla,set3_features,GPR,log,protocol_holdout,coverage,5,104,21.41281098145179
TRI_Tesla,set3_features,GPR,log,protocol_holdout,coverage,5,107,21.33878344538305
TRI_Tesla,set3_features,GPR,log,protocol_holdout,coverage,6,8,33.62821812965896
TRI_Tesla,set3_features,GPR,log,protocol_holdout,coverage,6,16,29.17723505761158
TRI_Tesla,set3_features,GPR,log,protocol_holdout,coverage,6,24,24.38585565747523
TRI_Tesla,set3_features,GPR,log,protocol_holdout,coverage,6,32,25.6214492231948
TRI_Tesla,set3_features,GPR,log,protocol_holdout,coverage,6,40,22.849416433563025
TRI_Tesla,set3_features,GPR,log,protocol_holdout,coverage,6,48,23.82030572951082
TRI_Tesla,set3_features,GPR,log,protocol_holdout,coverage,6,56,22.389221875750053
TRI_Tesla,set3_features,GPR,log,protocol_holdout,coverage,6,64,22.43324599619115
TRI_Tesla,set3_features,GPR,log,protocol_holdout,coverage,6,72,23.38799956075151
TRI_Tesla,set3_features,GPR,log,protocol_holdout,coverage,6,80,19.83816122392317
TRI_Tesla,set3_features,GPR,log,protocol_holdout,coverage,6,88,19.86739798984702
TRI_Tesla,set3_features,GPR,log,protocol_holdout,coverage,6,96,19.4877055313176
TRI_Tesla,set3_features,GPR,log,protocol_holdout,coverage,6,104,20.25715590169745
TRI_Tesla,set3_features,GPR,log,protocol_holdout,coverage,6,107,20.908233774475217
TRI_Tesla,set3_features,GPR,log,protocol_holdout,coverage,7,8,27.445774626795327
TRI_Tesla,set3_features,GPR,log,protocol_holdout,coverage,7,16,27.34136212053773
TRI_Tesla,set3_features,GPR,log,protocol_holdout,coverage,7,24,27.08300775568022
TRI_Tesla,set3_features,GPR,log,protocol_holdout,coverage,7,32,18.101993546617912
TRI_Tesla,set3_features,GPR,log,protocol_holdout,coverage,7,40,24.26716551262081
TRI_Tesla,set3_features,GPR,log,protocol_holdout,coverage,7,48,25.974378214432186
TRI_Tesla,set3_features,GPR,log,protocol_holdout,coverage,7,56,28.32326967091215
TRI_Tesla,set3_features,GPR,log,protocol_holdout,coverage,7,64,29.439901078616167
TRI_Tesla,set3_features,GPR,log,protocol_holdout,coverage,7,72,30.363845134247075
TRI_Tesla,set3_features,GPR,log,protocol_holdout,coverage,7,80,30.41593081968276
TRI_Tesla,set3_features,GPR,log,protocol_holdout,coverage,7,88,29.725135020762018
TRI_Tesla,set3_features,GPR,log,protocol_holdout,coverage,7,96,26.352176970493183
TRI_Tesla,set3_features,GPR,log,protocol_holdout,coverage,7,104,26.59120339508316
TRI_Tesla,set3_features,GPR,log,protocol_holdout,coverage,7,107,29.331506024945035
TRI_Tesla,set3_features,GPR,log,protocol_holdout,coverage,8,8,73.41231412978648
TRI_Tesla,set3_features,GPR,log,protocol_holdout,coverage,8,16,24.05241619106181
TRI_Tesla,set3_features,GPR,log,protocol_holdout,coverage,8,24,23.52966280162956
TRI_Tesla,set3_features,GPR,log,protocol_holdout,coverage,8,32,22.397516418908424
TRI_Tesla,set3_features,GPR,log,protocol_holdout,coverage,8,40,23.78152560839325
TRI_Tesla,set3_features,GPR,log,protocol_holdout,coverage,8,48,25.327926368317687
TRI_Tesla,set3_features,GPR,log,protocol_holdout,coverage,8,56,24.527754442548115
TRI_Tesla,set3_features,GPR,log,protocol_holdout,coverage,8,64,26.777320800971
TRI_Tesla,set3_features,GPR,log,protocol_holdout,coverage,8,72,27.485595094291053
TRI_Tesla,set3_features,GPR,log,protocol_holdout,coverage,8,80,28.526546107839174
TRI_Tesla,set3_features,GPR,log,protocol_holdout,coverage,8,88,26.814652240199425
TRI_Tesla,set3_features,GPR,log,protocol_holdout,coverage,8,96,25.07136017491614
TRI_Tesla,set3_features,GPR,log,protocol_holdout,coverage,8,104,25.95062280328313
TRI_Tesla,set3_features,GPR,log,protocol_holdout,coverage,8,107,27.286472845983106
TRI_Tesla,set3_features,GPR,log,protocol_holdout,coverage,9,8,36.05811000911772
TRI_Tesla,set3_features,GPR,log,protocol_holdout,coverage,9,16,32.01670391819008
TRI_Tesla,set3_features,GPR,log,protocol_holdout,coverage,9,24,30.024159752978896
TRI_Tesla,set3_features,GPR,log,protocol_holdout,coverage,9,32,22.42576213946564
TRI_Tesla,set3_features,GPR,log,protocol_holdout,coverage,9,40,21.09721392053165
TRI_Tesla,set3_features,GPR,log,protocol_holdout,coverage,9,48,23.069977381184504
TRI_Tesla,set3_features,GPR,log,protocol_holdout,coverage,9,56,22.07708449729007
TRI_Tesla,set3_features,GPR,log,protocol_holdout,coverage,9,64,21.373390541966653
TRI_Tesla,set3_features,GPR,log,protocol_holdout,coverage,9,72,20.897708738808927
TRI_Tesla,set3_features,GPR,log,protocol_holdout,coverage,9,80,19.877091200360567
TRI_Tesla,set3_features,GPR,log,protocol_holdout,coverage,9,88,19.9314152075242
TRI_Tesla,set3_features,GPR,log,protocol_holdout,coverage,9,96,19.68872768847087
TRI_Tesla,set3_features,GPR,log,protocol_holdout,coverage,9,104,19.66682402732123
TRI_Tesla,set3_features,GPR,log,protocol_holdout,coverage,9,107,19.975756984185768
TRI_Tesla,set3_features,GPR,log,protocol_holdout,coverage,10,8,33.94281391396737
TRI_Tesla,set3_features,GPR,log,protocol_holdout,coverage,10,16,25.92725576078631
TRI_Tesla,set3_features,GPR,log,protocol_holdout,coverage,10,24,25.75955298433989
TRI_Tesla,set3_features,GPR,log,protocol_holdout,coverage,10,32,23.57565505276824
TRI_Tesla,set3_features,GPR,log,protocol_holdout,coverage,10,40,24.2422817470025
TRI_Tesla,set3_features,GPR,log,protocol_holdout,coverage,10,48,22.765989831248465
TRI_Tesla,set3_features,GPR,log,protocol_holdout,coverage,10,56,22.423147029473377
TRI_Tesla,set3_features,GPR,log,protocol_holdout,coverage,10,64,22.69663485739073
TRI_Tesla,set3_features,GPR,log,protocol_holdout,coverage,10,72,21.24320377156176
TRI_Tesla,set3_features,GPR,log,protocol_holdout,coverage,10,80,21.62109976215365
TRI_Tesla,set3_features,GPR,log,protocol_holdout,coverage,10,88,21.10646127986676
TRI_Tesla,set3_features,GPR,log,protocol_holdout,coverage,10,96,26.5559418734158
TRI_Tesla,set3_features,GPR,log,protocol_holdout,coverage,10,104,24.77386116350416
TRI_Tesla,set3_features,GPR,log,protocol_holdout,coverage,10,107,28.19992208826476
TRI_Tesla,set3_features,GPR,log,protocol_holdout,exploration,1,8,29.408628515882445
TRI_Tesla,set3_features,GPR,log,protocol_holdout,exploration,1,16,33.83876287724874
TRI_Tesla,set3_features,GPR,log,protocol_holdout,exploration,1,24,28.55642026168683
TRI_Tesla,set3_features,GPR,log,protocol_holdout,exploration,1,32,23.86032795191157
TRI_Tesla,set3_features,GPR,log,protocol_holdout,exploration,1,40,24.527729788721057
TRI_Tesla,set3_features,GPR,log,protocol_holdout,exploration,1,48,23.40151990873112
TRI_Tesla,set3_features,GPR,log,protocol_holdout,exploration,1,56,24.021831482811763
TRI_Tesla,set3_features,GPR,log,protocol_holdout,exploration,1,64,24.244213973773075
TRI_Tesla,set3_features,GPR,log,protocol_holdout,exploration,1,72,23.898811082729576
TRI_Tesla,set3_features,GPR,log,protocol_holdout,exploration,1,80,23.67323646826581
TRI_Tesla,set3_features,GPR,log,protocol_holdout,exploration,1,88,23.65505422844576
TRI_Tesla,set3_features,GPR,log,protocol_holdout,exploration,1,96,22.65376134922609
TRI_Tesla,set3_features,GPR,log,protocol_holdout,exploration,1,104,22.38592906970658
TRI_Tesla,set3_features,GPR,log,protocol_holdout,exploration,1,107,22.410432916134123
TRI_Tesla,set3_features,GPR,log,protocol_holdout,exploration,2,8,22.67773143034545
TRI_Tesla,set3_features,GPR,log,protocol_holdout,exploration,2,16,21.35419793826035
TRI_Tesla,set3_features,GPR,log,protocol_holdout,exploration,2,24,22.462117623261417
TRI_Tesla,set3_features,GPR,log,protocol_holdout,exploration,2,32,19.68646488005196
TRI_Tesla,set3_features,GPR,log,protocol_holdout,exploration,2,40,16.651673794936332
TRI_Tesla,set3_features,GPR,log,protocol_holdout,exploration,2,48,16.63961383509865
TRI_Tesla,set3_features,GPR,log,protocol_holdout,exploration,2,56,18.64031585071379
TRI_Tesla,set3_features,GPR,log,protocol_holdout,exploration,2,64,19.099803421073524
TRI_Tesla,set3_features,GPR,log,protocol_holdout,exploration,2,72,18.88231567374892
TRI_Tesla,set3_features,GPR,log,protocol_holdout,exploration,2,80,17.652787945587686
TRI_Tesla,set3_features,GPR,log,protocol_holdout,exploration,2,88,17.496807062877817
TRI_Tesla,set3_features,GPR,log,protocol_holdout,exploration,2,96,15.560592736635217
TRI_Tesla,set3_features,GPR,log,protocol_holdout,exploration,2,104,14.541362762788388
TRI_Tesla,set3_features,GPR,log,protocol_holdout,exploration,2,107,14.54120302383962
TRI_Tesla,set3_features,GPR,log,protocol_holdout,exploration,3,8,28.417218834895376
TRI_Tesla,set3_features,GPR,log,protocol_holdout,exploration,3,16,26.262487905332645
TRI_Tesla,set3_features,GPR,log,protocol_holdout,exploration,3,24,30.08263402415731
TRI_Tesla,set3_features,GPR,log,protocol_holdout,exploration,3,32,28.179918905567654
TRI_Tesla,set3_features,GPR,log,protocol_holdout,exploration,3,40,27.71087903410247
TRI_Tesla,set3_features,GPR,log,protocol_holdout,exploration,3,48,27.09895169549876
TRI_Tesla,set3_features,GPR,log,protocol_holdout,exploration,3,56,27.3566146246192
TRI_Tesla,set3_features,GPR,log,protocol_holdout,exploration,3,64,26.52814283335772
TRI_Tesla,set3_features,GPR,log,protocol_holdout,exploration,3,72,26.76968362425492
TRI_Tesla,set3_features,GPR,log,protocol_holdout,exploration,3,80,26.61451700788385
TRI_Tesla,set3_features,GPR,log,protocol_holdout,exploration,3,88,26.458783713715462
TRI_Tesla,set3_features,GPR,log,protocol_holdout,exploration,3,96,26.786366590530942
TRI_Tesla,set3_features,GPR,log,protocol_holdout,exploration,3,104,26.83513891704327
TRI_Tesla,set3_features,GPR,log,protocol_holdout,exploration,3,107,27.029035737275287
TRI_Tesla,set3_features,GPR,log,protocol_holdout,exploration,4,8,87.55755163797497
TRI_Tesla,set3_features,GPR,log,protocol_holdout,exploration,4,16,34.32759096092051
TRI_Tesla,set3_features,GPR,log,protocol_holdout,exploration,4,24,32.14379922239563
TRI_Tesla,set3_features,GPR,log,protocol_holdout,exploration,4,32,33.255652241028706
TRI_Tesla,set3_features,GPR,log,protocol_holdout,exploration,4,40,37.072676799430326
TRI_Tesla,set3_features,GPR,log,protocol_holdout,exploration,4,48,35.54152522336008
TRI_Tesla,set3_features,GPR,log,protocol_holdout,exploration,4,56,35.040663215848134
TRI_Tesla,set3_features,GPR,log,protocol_holdout,exploration,4,64,35.92607760790014
TRI_Tesla,set3_features,GPR,log,protocol_holdout,exploration,4,72,36.46422014725782
TRI_Tesla,set3_features,GPR,log,protocol_holdout,exploration,4,80,36.391681931449526
TRI_Tesla,set3_features,GPR,log,protocol_holdout,exploration,4,88,35.61280035480315
TRI_Tesla,set3_features,GPR,log,protocol_holdout,exploration,4,96,34.24914784306725
TRI_Tesla,set3_features,GPR,log,protocol_holdout,exploration,4,104,31.446421884767204
TRI_Tesla,set3_features,GPR,log,protocol_holdout,exploration,4,107,31.09274725893804
TRI_Tesla,set3_features,GPR,log,protocol_holdout,exploration,5,8,84.65402320292709
TRI_Tesla,set3_features,GPR,log,protocol_holdout,exploration,5,16,23.91702832112133
TRI_Tesla,set3_features,GPR,log,protocol_holdout,exploration,5,24,23.099005877990027
TRI_Tesla,set3_features,GPR,log,protocol_holdout,exploration,5,32,21.19318344444413
TRI_Tesla,set3_features,GPR,log,protocol_holdout,exploration,5,40,20.48401387588009
TRI_Tesla,set3_features,GPR,log,protocol_holdout,exploration,5,48,15.3857637676868
TRI_Tesla,set3_features,GPR,log,protocol_holdout,exploration,5,56,15.301478174256076
TRI_Tesla,set3_features,GPR,log,protocol_holdout,exploration,5,64,14.344988689693372
TRI_Tesla,set3_features,GPR,log,protocol_holdout,exploration,5,72,14.85555378826948
TRI_Tesla,set3_features,GPR,log,protocol_holdout,exploration,5,80,16.213795993545858
TRI_Tesla,set3_features,GPR,log,protocol_holdout,exploration,5,88,17.094128061707195
TRI_Tesla,set3_features,GPR,log,protocol_holdout,exploration,5,96,19.838858982385283
TRI_Tesla,set3_features,GPR,log,protocol_holdout,exploration,5,104,20.900802970563785
TRI_Tesla,set3_features,GPR,log,protocol_holdout,exploration,5,107,21.33878344538305
TRI_Tesla,set3_features,GPR,log,protocol_holdout,exploration,6,8,33.62821812965896
TRI_Tesla,set3_features,GPR,log,protocol_holdout,exploration,6,16,29.17723505761158
TRI_Tesla,set3_features,GPR,log,protocol_holdout,exploration,6,24,27.05085538046386
TRI_Tesla,set3_features,GPR,log,protocol_holdout,exploration,6,32,28.66508746410097
TRI_Tesla,set3_features,GPR,log,protocol_holdout,exploration,6,40,22.713909276406028
TRI_Tesla,set3_features,GPR,log,protocol_holdout,exploration,6,48,24.70295488621854
TRI_Tesla,set3_features,GPR,log,protocol_holdout,exploration,6,56,25.196004771693627
TRI_Tesla,set3_features,GPR,log,protocol_holdout,exploration,6,64,23.63633895284712
TRI_Tesla,set3_features,GPR,log,protocol_holdout,exploration,6,72,24.995029323543545
TRI_Tesla,set3_features,GPR,log,protocol_holdout,exploration,6,80,23.26092591378024
TRI_Tesla,set3_features,GPR,log,protocol_holdout,exploration,6,88,22.467189439824125
TRI_Tesla,set3_features,GPR,log,protocol_holdout,exploration,6,96,21.78253117358795
TRI_Tesla,set3_features,GPR,log,protocol_holdout,exploration,6,104,21.11266707682636
TRI_Tesla,set3_features,GPR,log,protocol_holdout,exploration,6,107,20.908233774475217
TRI_Tesla,set3_features,GPR,log,protocol_holdout,exploration,7,8,27.445774626795327
TRI_Tesla,set3_features,GPR,log,protocol_holdout,exploration,7,16,27.34136212053773
TRI_Tesla,set3_features,GPR,log,protocol_holdout,exploration,7,24,27.81304622482393
TRI_Tesla,set3_features,GPR,log,protocol_holdout,exploration,7,32,30.162842762372144
TRI_Tesla,set3_features,GPR,log,protocol_holdout,exploration,7,40,24.150913557293418
TRI_Tesla,set3_features,GPR,log,protocol_holdout,exploration,7,48,28.00863313734054
TRI_Tesla,set3_features,GPR,log,protocol_holdout,exploration,7,56,28.818440158886627
TRI_Tesla,set3_features,GPR,log,protocol_holdout,exploration,7,64,30.993104250303503
TRI_Tesla,set3_features,GPR,log,protocol_holdout,exploration,7,72,33.83154655575154
TRI_Tesla,set3_features,GPR,log,protocol_holdout,exploration,7,80,33.29456118279149
TRI_Tesla,set3_features,GPR,log,protocol_holdout,exploration,7,88,33.389874921894865
TRI_Tesla,set3_features,GPR,log,protocol_holdout,exploration,7,96,29.28275698121231
TRI_Tesla,set3_features,GPR,log,protocol_holdout,exploration,7,104,29.69975429283589
TRI_Tesla,set3_features,GPR,log,protocol_holdout,exploration,7,107,29.331506024945035
TRI_Tesla,set3_features,GPR,log,protocol_holdout,exploration,8,8,73.41231412978648
TRI_Tesla,set3_features,GPR,log,protocol_holdout,exploration,8,16,24.05241619106181
TRI_Tesla,set3_features,GPR,log,protocol_holdout,exploration,8,24,25.283275347283908
TRI_Tesla,set3_features,GPR,log,protocol_holdout,exploration,8,32,24.424295796892903
TRI_Tesla,set3_features,GPR,log,protocol_holdout,exploration,8,40,26.109420548940697
TRI_Tesla,set3_features,GPR,log,protocol_holdout,exploration,8,48,23.872298945364573
TRI_Tesla,set3_features,GPR,log,protocol_holdout,exploration,8,56,26.85833134958642
TRI_Tesla,set3_features,GPR,log,protocol_holdout,exploration,8,64,28.532153274295563
TRI_Tesla,set3_features,GPR,log,protocol_holdout,exploration,8,72,29.74518700903715
TRI_Tesla,set3_features,GPR,log,protocol_holdout,exploration,8,80,28.53646297072376
TRI_Tesla,set3_features,GPR,log,protocol_holdout,exploration,8,88,27.700251814089228
TRI_Tesla,set3_features,GPR,log,protocol_holdout,exploration,8,96,27.626908447662107
TRI_Tesla,set3_features,GPR,log,protocol_holdout,exploration,8,104,27.908351590222512
TRI_Tesla,set3_features,GPR,log,protocol_holdout,exploration,8,107,27.286472845983106
TRI_Tesla,set3_features,GPR,log,protocol_holdout,exploration,9,8,36.05811000911772
TRI_Tesla,set3_features,GPR,log,protocol_holdout,exploration,9,16,32.01670391819008
TRI_Tesla,set3_features,GPR,log,protocol_holdout,exploration,9,24,25.920406710096444
TRI_Tesla,set3_features,GPR,log,protocol_holdout,exploration,9,32,24.787475054351816
TRI_Tesla,set3_features,GPR,log,protocol_holdout,exploration,9,40,22.396931921289266
TRI_Tesla,set3_features,GPR,log,protocol_holdout,exploration,9,48,21.75006909944576
TRI_Tesla,set3_features,GPR,log,protocol_holdout,exploration,9,56,21.36845959738247
TRI_Tesla,set3_features,GPR,log,protocol_holdout,exploration,9,64,21.069381982062275
TRI_Tesla,set3_features,GPR,log,protocol_holdout,exploration,9,72,21.699136934912865
TRI_Tesla,set3_features,GPR,log,protocol_holdout,exploration,9,80,21.45209200092509
TRI_Tesla,set3_features,GPR,log,protocol_holdout,exploration,9,88,20.940190995275536
TRI_Tesla,set3_features,GPR,log,protocol_holdout,exploration,9,96,20.309413846303773
TRI_Tesla,set3_features,GPR,log,protocol_holdout,exploration,9,104,19.632407098635568
TRI_Tesla,set3_features,GPR,log,protocol_holdout,exploration,9,107,19.975756984185768
TRI_Tesla,set3_features,GPR,log,protocol_holdout,exploration,10,8,33.94281391396737
TRI_Tesla,set3_features,GPR,log,protocol_holdout,exploration,10,16,25.92725576078631
TRI_Tesla,set3_features,GPR,log,protocol_holdout,exploration,10,24,23.91812517974853
TRI_Tesla,set3_features,GPR,log,protocol_holdout,exploration,10,32,20.63770313177859
TRI_Tesla,set3_features,GPR,log,protocol_holdout,exploration,10,40,20.35773805707976
TRI_Tesla,set3_features,GPR,log,protocol_holdout,exploration,10,48,21.35632206886744
TRI_Tesla,set3_features,GPR,log,protocol_holdout,exploration,10,56,20.041378569781244
TRI_Tesla,set3_features,GPR,log,protocol_holdout,exploration,10,64,19.58102937125698
TRI_Tesla,set3_features,GPR,log,protocol_holdout,exploration,10,72,20.023375555398093
TRI_Tesla,set3_features,GPR,log,protocol_holdout,exploration,10,80,20.55984178029124
TRI_Tesla,set3_features,GPR,log,protocol_holdout,exploration,10,88,19.639149468729023
TRI_Tesla,set3_features,GPR,log,protocol_holdout,exploration,10,96,18.64246163515661
TRI_Tesla,set3_features,GPR,log,protocol_holdout,exploration,10,104,31.699662069165736
TRI_Tesla,set3_features,GPR,log,protocol_holdout,exploration,10,107,28.19992208826476
TRI_Tesla,set3_features,GPR,log,protocol_holdout,exploitation,1,8,29.408628515882445
TRI_Tesla,set3_features,GPR,log,protocol_holdout,exploitation,1,16,33.10816491139639
TRI_Tesla,set3_features,GPR,log,protocol_holdout,exploitation,1,24,26.61634503724159
TRI_Tesla,set3_features,GPR,log,protocol_holdout,exploitation,1,32,30.26403090688092
TRI_Tesla,set3_features,GPR,log,protocol_holdout,exploitation,1,40,26.90221228498011
TRI_Tesla,set3_features,GPR,log,protocol_holdout,exploitation,1,48,33.03130112249407
TRI_Tesla,set3_features,GPR,log,protocol_holdout,exploitation,1,56,18.76566371898861
TRI_Tesla,set3_features,GPR,log,protocol_holdout,exploitation,1,64,19.98777767975602
TRI_Tesla,set3_features,GPR,log,protocol_holdout,exploitation,1,72,20.95227918079297
TRI_Tesla,set3_features,GPR,log,protocol_holdout,exploitation,1,80,21.22286104708178
TRI_Tesla,set3_features,GPR,log,protocol_holdout,exploitation,1,88,21.840692377886548
TRI_Tesla,set3_features,GPR,log,protocol_holdout,exploitation,1,96,21.36754719794901
TRI_Tesla,set3_features,GPR,log,protocol_holdout,exploitation,1,104,22.64290499134287
TRI_Tesla,set3_features,GPR,log,protocol_holdout,exploitation,1,107,22.410432916134123
TRI_Tesla,set3_features,GPR,log,protocol_holdout,exploitation,2,8,22.67773143034545
TRI_Tesla,set3_features,GPR,log,protocol_holdout,exploitation,2,16,21.380818868082404
TRI_Tesla,set3_features,GPR,log,protocol_holdout,exploitation,2,24,22.529893257936617
TRI_Tesla,set3_features,GPR,log,protocol_holdout,exploitation,2,32,18.92613213021373
TRI_Tesla,set3_features,GPR,log,protocol_holdout,exploitation,2,40,22.898124784752213
TRI_Tesla,set3_features,GPR,log,protocol_holdout,exploitation,2,48,21.2185420549271
TRI_Tesla,set3_features,GPR,log,protocol_holdout,exploitation,2,56,19.65927902153969
TRI_Tesla,set3_features,GPR,log,protocol_holdout,exploitation,2,64,16.776625213789764
TRI_Tesla,set3_features,GPR,log,protocol_holdout,exploitation,2,72,14.519055940000856
TRI_Tesla,set3_features,GPR,log,protocol_holdout,exploitation,2,80,14.141141262865576
TRI_Tesla,set3_features,GPR,log,protocol_holdout,exploitation,2,88,14.753568976985443
TRI_Tesla,set3_features,GPR,log,protocol_holdout,exploitation,2,96,14.671121394971978
TRI_Tesla,set3_features,GPR,log,protocol_holdout,exploitation,2,104,14.565564213136382
TRI_Tesla,set3_features,GPR,log,protocol_holdout,exploitation,2,107,14.54120302383962
TRI_Tesla,set3_features,GPR,log,protocol_holdout,exploitation,3,8,28.417218834895376
TRI_Tesla,set3_features,GPR,log,protocol_holdout,exploitation,3,16,27.30857534668609
TRI_Tesla,set3_features,GPR,log,protocol_holdout,exploitation,3,24,27.878302646741552
TRI_Tesla,set3_features,GPR,log,protocol_holdout,exploitation,3,32,27.62222609577502
TRI_Tesla,set3_features,GPR,log,protocol_holdout,exploitation,3,40,27.26684349186312
TRI_Tesla,set3_features,GPR,log,protocol_holdout,exploitation,3,48,27.39092087442765
TRI_Tesla,set3_features,GPR,log,protocol_holdout,exploitation,3,56,27.23613898819844
TRI_Tesla,set3_features,GPR,log,protocol_holdout,exploitation,3,64,27.08679487260334
TRI_Tesla,set3_features,GPR,log,protocol_holdout,exploitation,3,72,25.232788588176263
TRI_Tesla,set3_features,GPR,log,protocol_holdout,exploitation,3,80,26.060520611655285
TRI_Tesla,set3_features,GPR,log,protocol_holdout,exploitation,3,88,26.223540738975764
TRI_Tesla,set3_features,GPR,log,protocol_holdout,exploitation,3,96,26.42588850748392
TRI_Tesla,set3_features,GPR,log,protocol_holdout,exploitation,3,104,26.82489188599957
TRI_Tesla,set3_features,GPR,log,protocol_holdout,exploitation,3,107,27.029035737275287
TRI_Tesla,set3_features,GPR,log,protocol_holdout,exploitation,4,8,87.55755163797497
TRI_Tesla,set3_features,GPR,log,protocol_holdout,exploitation,4,16,133.03327789380234
TRI_Tesla,set3_features,GPR,log,protocol_holdout,exploitation,4,24,135.29348561600807
TRI_Tesla,set3_features,GPR,log,protocol_holdout,exploitation,4,32,101.43373481993132
TRI_Tesla,set3_features,GPR,log,protocol_holdout,exploitation,4,40,111.15259074627268
TRI_Tesla,set3_features,GPR,log,protocol_holdout,exploitation,4,48,117.09490430623468
TRI_Tesla,set3_features,GPR,log,protocol_holdout,exploitation,4,56,122.50093004486172
TRI_Tesla,set3_features,GPR,log,protocol_holdout,exploitation,4,64,139.5461590137046
TRI_Tesla,set3_features,GPR,log,protocol_holdout,exploitation,4,72,124.31222319983956
TRI_Tesla,set3_features,GPR,log,protocol_holdout,exploitation,4,80,46.67348779291558
TRI_Tesla,set3_features,GPR,log,protocol_holdout,exploitation,4,88,32.747063886937674
TRI_Tesla,set3_features,GPR,log,protocol_holdout,exploitation,4,96,34.04916192975808
TRI_Tesla,set3_features,GPR,log,protocol_holdout,exploitation,4,104,32.932948891542175
TRI_Tesla,set3_features,GPR,log,protocol_holdout,exploitation,4,107,31.09274725893804
TRI_Tesla,set3_features,GPR,log,protocol_holdout,exploitation,5,8,84.65402320292709
TRI_Tesla,set3_features,GPR,log,protocol_holdout,exploitation,5,16,77.89818349689375
TRI_Tesla,set3_features,GPR,log,protocol_holdout,exploitation,5,24,72.25629368710786
TRI_Tesla,set3_features,GPR,log,protocol_holdout,exploitation,5,32,20.69828741473088
TRI_Tesla,set3_features,GPR,log,protocol_holdout,exploitation,5,40,20.02160443483493
TRI_Tesla,set3_features,GPR,log,protocol_holdout,exploitation,5,48,16.29911847097051
TRI_Tesla,set3_features,GPR,log,protocol_holdout,exploitation,5,56,18.821944085743844
TRI_Tesla,set3_features,GPR,log,protocol_holdout,exploitation,5,64,22.25368227466159
TRI_Tesla,set3_features,GPR,log,protocol_holdout,exploitation,5,72,22.19481770558907
TRI_Tesla,set3_features,GPR,log,protocol_holdout,exploitation,5,80,21.45184123010017
TRI_Tesla,set3_features,GPR,log,protocol_holdout,exploitation,5,88,19.10099079515314
TRI_Tesla,set3_features,GPR,log,protocol_holdout,exploitation,5,96,19.766335177724685
TRI_Tesla,set3_features,GPR,log,protocol_holdout,exploitation,5,104,20.898648982665343
TRI_Tesla,set3_features,GPR,log,protocol_holdout,exploitation,5,107,21.33878344538305
TRI_Tesla,set3_features,GPR,log,protocol_holdout,exploitation,6,8,33.62821812965896
TRI_Tesla,set3_features,GPR,log,protocol_holdout,exploitation,6,16,37.43843327991628
TRI_Tesla,set3_features,GPR,log,protocol_holdout,exploitation,6,24,40.08717643796928
TRI_Tesla,set3_features,GPR,log,protocol_holdout,exploitation,6,32,26.86040433943122
TRI_Tesla,set3_features,GPR,log,protocol_holdout,exploitation,6,40,33.16450607986676
TRI_Tesla,set3_features,GPR,log,protocol_holdout,exploitation,6,48,35.84867236823929
TRI_Tesla,set3_features,GPR,log,protocol_holdout,exploitation,6,56,30.143729719545743
TRI_Tesla,set3_features,GPR,log,protocol_holdout,exploitation,6,64,22.36288104291404
TRI_Tesla,set3_features,GPR,log,protocol_holdout,exploitation,6,72,21.70942560720476
TRI_Tesla,set3_features,GPR,log,protocol_holdout,exploitation,6,80,21.25520555783509
TRI_Tesla,set3_features,GPR,log,protocol_holdout,exploitation,6,88,21.959350281075626
TRI_Tesla,set3_features,GPR,log,protocol_holdout,exploitation,6,96,21.18212389859892
TRI_Tesla,set3_features,GPR,log,protocol_holdout,exploitation,6,104,21.15717614164295
TRI_Tesla,set3_features,GPR,log,protocol_holdout,exploitation,6,107,20.908233774475217
TRI_Tesla,set3_features,GPR,log,protocol_holdout,exploitation,7,8,27.445774626795327
TRI_Tesla,set3_features,GPR,log,protocol_holdout,exploitation,7,16,26.78777083322267
TRI_Tesla,set3_features,GPR,log,protocol_holdout,exploitation,7,24,25.76209054152733
TRI_Tesla,set3_features,GPR,log,protocol_holdout,exploitation,7,32,26.78091294745463
TRI_Tesla,set3_features,GPR,log,protocol_holdout,exploitation,7,40,26.43701242342865
TRI_Tesla,set3_features,GPR,log,protocol_holdout,exploitation,7,48,24.910847603432536
TRI_Tesla,set3_features,GPR,log,protocol_holdout,exploitation,7,56,29.225721495372664
TRI_Tesla,set3_features,GPR,log,protocol_holdout,exploitation,7,64,29.964684793352504
TRI_Tesla,set3_features,GPR,log,protocol_holdout,exploitation,7,72,28.911233519362984
TRI_Tesla,set3_features,GPR,log,protocol_holdout,exploitation,7,80,29.13290605128741
TRI_Tesla,set3_features,GPR,log,protocol_holdout,exploitation,7,88,28.501148739645167
TRI_Tesla,set3_features,GPR,log,protocol_holdout,exploitation,7,96,26.30198516476608
TRI_Tesla,set3_features,GPR,log,protocol_holdout,exploitation,7,104,26.61660342308244
TRI_Tesla,set3_features,GPR,log,protocol_holdout,exploitation,7,107,29.331506024945035
TRI_Tesla,set3_features,GPR,log,protocol_holdout,exploitation,8,8,73.41231412978648
TRI_Tesla,set3_features,GPR,log,protocol_holdout,exploitation,8,16,101.59177205272633
TRI_Tesla,set3_features,GPR,log,protocol_holdout,exploitation,8,24,100.93568458292911
TRI_Tesla,set3_features,GPR,log,protocol_holdout,exploitation,8,32,115.71568488518736
TRI_Tesla,set3_features,GPR,log,protocol_holdout,exploitation,8,40,108.30122721656954
TRI_Tesla,set3_features,GPR,log,protocol_holdout,exploitation,8,48,110.88046057996772
TRI_Tesla,set3_features,GPR,log,protocol_holdout,exploitation,8,56,82.89316321666492
TRI_Tesla,set3_features,GPR,log,protocol_holdout,exploitation,8,64,31.05801353415908
TRI_Tesla,set3_features,GPR,log,protocol_holdout,exploitation,8,72,30.44443266076816
TRI_Tesla,set3_features,GPR,log,protocol_holdout,exploitation,8,80,31.255991253675703
TRI_Tesla,set3_features,GPR,log,protocol_holdout,exploitation,8,88,28.583145961919687
TRI_Tesla,set3_features,GPR,log,protocol_holdout,exploitation,8,96,27.16525448426165
TRI_Tesla,set3_features,GPR,log,protocol_holdout,exploitation,8,104,25.06111347173017
TRI_Tesla,set3_features,GPR,log,protocol_holdout,exploitation,8,107,27.286472845983106
TRI_Tesla,set3_features,GPR,log,protocol_holdout,exploitation,9,8,36.05811000911772
TRI_Tesla,set3_features,GPR,log,protocol_holdout,exploitation,9,16,40.4779830429231
TRI_Tesla,set3_features,GPR,log,protocol_holdout,exploitation,9,24,35.91910937411556
TRI_Tesla,set3_features,GPR,log,protocol_holdout,exploitation,9,32,34.32049041079483
TRI_Tesla,set3_features,GPR,log,protocol_holdout,exploitation,9,40,33.13570413775565
TRI_Tesla,set3_features,GPR,log,protocol_holdout,exploitation,9,48,32.97341385177366
TRI_Tesla,set3_features,GPR,log,protocol_holdout,exploitation,9,56,30.058003038370835
TRI_Tesla,set3_features,GPR,log,protocol_holdout,exploitation,9,64,22.26932390316852
TRI_Tesla,set3_features,GPR,log,protocol_holdout,exploitation,9,72,20.4590258451099
TRI_Tesla,set3_features,GPR,log,protocol_holdout,exploitation,9,80,19.989429583900275
TRI_Tesla,set3_features,GPR,log,protocol_holdout,exploitation,9,88,19.54468824145427
TRI_Tesla,set3_features,GPR,log,protocol_holdout,exploitation,9,96,19.53266451819866
TRI_Tesla,set3_features,GPR,log,protocol_holdout,exploitation,9,104,19.747288553858777
TRI_Tesla,set3_features,GPR,log,protocol_holdout,exploitation,9,107,19.975756984185768
TRI_Tesla,set3_features,GPR,log,protocol_holdout,exploitation,10,8,33.94281391396737
TRI_Tesla,set3_features,GPR,log,protocol_holdout,exploitation,10,16,36.13257376138746
TRI_Tesla,set3_features,GPR,log,protocol_holdout,exploitation,10,24,25.241816550652345
TRI_Tesla,set3_features,GPR,log,protocol_holdout,exploitation,10,32,25.247477045525464
TRI_Tesla,set3_features,GPR,log,protocol_holdout,exploitation,10,40,24.23986282067636
TRI_Tesla,set3_features,GPR,log,protocol_holdout,exploitation,10,48,25.585285612788137
TRI_Tesla,set3_features,GPR,log,protocol_holdout,exploitation,10,56,20.022615769862924
TRI_Tesla,set3_features,GPR,log,protocol_holdout,exploitation,10,64,20.95845885179895
TRI_Tesla,set3_features,GPR,log,protocol_holdout,exploitation,10,72,20.35395549374708
TRI_Tesla,set3_features,GPR,log,protocol_holdout,exploitation,10,80,19.915271831906605
TRI_Tesla,set3_features,GPR,log,protocol_holdout,exploitation,10,88,24.82292847413392
TRI_Tesla,set3_features,GPR,log,protocol_holdout,exploitation,10,96,24.876575819513604
TRI_Tesla,set3_features,GPR,log,protocol_holdout,exploitation,10,104,26.578736119763256
TRI_Tesla,set3_features,GPR,log,protocol_holdout,exploitation,10,107,28.19992208826476
TRI_Tesla,set3_features,GPR,log,protocol_holdout,hybrid,1,8,29.408628515882445
TRI_Tesla,set3_features,GPR,log,protocol_holdout,hybrid,1,16,29.01595087313853
TRI_Tesla,set3_features,GPR,log,protocol_holdout,hybrid,1,24,25.42733475656664
TRI_Tesla,set3_features,GPR,log,protocol_holdout,hybrid,1,32,23.67261863942345
TRI_Tesla,set3_features,GPR,log,protocol_holdout,hybrid,1,40,27.339045815953707
TRI_Tesla,set3_features,GPR,log,protocol_holdout,hybrid,1,48,24.56716233280305
TRI_Tesla,set3_features,GPR,log,protocol_holdout,hybrid,1,56,24.176882402552103
TRI_Tesla,set3_features,GPR,log,protocol_holdout,hybrid,1,64,24.583815859661897
TRI_Tesla,set3_features,GPR,log,protocol_holdout,hybrid,1,72,23.79015666148715
TRI_Tesla,set3_features,GPR,log,protocol_holdout,hybrid,1,80,23.849550685777107
TRI_Tesla,set3_features,GPR,log,protocol_holdout,hybrid,1,88,22.37698406380885
TRI_Tesla,set3_features,GPR,log,protocol_holdout,hybrid,1,96,21.822401100022223
TRI_Tesla,set3_features,GPR,log,protocol_holdout,hybrid,1,104,22.55941398250112
TRI_Tesla,set3_features,GPR,log,protocol_holdout,hybrid,1,107,22.410432916134123
TRI_Tesla,set3_features,GPR,log,protocol_holdout,hybrid,2,8,22.67773143034545
TRI_Tesla,set3_features,GPR,log,protocol_holdout,hybrid,2,16,24.24293881932857
TRI_Tesla,set3_features,GPR,log,protocol_holdout,hybrid,2,24,21.3660467085876
TRI_Tesla,set3_features,GPR,log,protocol_holdout,hybrid,2,32,20.224806521009032
TRI_Tesla,set3_features,GPR,log,protocol_holdout,hybrid,2,40,18.757109807290227
TRI_Tesla,set3_features,GPR,log,protocol_holdout,hybrid,2,48,17.563940802689036
TRI_Tesla,set3_features,GPR,log,protocol_holdout,hybrid,2,56,18.174080321491846
TRI_Tesla,set3_features,GPR,log,protocol_holdout,hybrid,2,64,17.10232813506044
TRI_Tesla,set3_features,GPR,log,protocol_holdout,hybrid,2,72,17.59606935113708
TRI_Tesla,set3_features,GPR,log,protocol_holdout,hybrid,2,80,16.714922556308757
TRI_Tesla,set3_features,GPR,log,protocol_holdout,hybrid,2,88,15.324636488437037
TRI_Tesla,set3_features,GPR,log,protocol_holdout,hybrid,2,96,14.6732852590171
TRI_Tesla,set3_features,GPR,log,protocol_holdout,hybrid,2,104,14.562514263357643
TRI_Tesla,set3_features,GPR,log,protocol_holdout,hybrid,2,107,14.54120302383962
TRI_Tesla,set3_features,GPR,log,protocol_holdout,hybrid,3,8,28.417218834895376
TRI_Tesla,set3_features,GPR,log,protocol_holdout,hybrid,3,16,28.605072759807047
TRI_Tesla,set3_features,GPR,log,protocol_holdout,hybrid,3,24,27.4270414759605
TRI_Tesla,set3_features,GPR,log,protocol_holdout,hybrid,3,32,26.56141830240164
TRI_Tesla,set3_features,GPR,log,protocol_holdout,hybrid,3,40,26.54622105073172
TRI_Tesla,set3_features,GPR,log,protocol_holdout,hybrid,3,48,26.78438449972988
TRI_Tesla,set3_features,GPR,log,protocol_holdout,hybrid,3,56,26.279172665734592
TRI_Tesla,set3_features,GPR,log,protocol_holdout,hybrid,3,64,26.62288440919025
TRI_Tesla,set3_features,GPR,log,protocol_holdout,hybrid,3,72,26.041861205111445
TRI_Tesla,set3_features,GPR,log,protocol_holdout,hybrid,3,80,26.370826794326906
TRI_Tesla,set3_features,GPR,log,protocol_holdout,hybrid,3,88,26.55850249668945
TRI_Tesla,set3_features,GPR,log,protocol_holdout,hybrid,3,96,26.65752849190684
TRI_Tesla,set3_features,GPR,log,protocol_holdout,hybrid,3,104,26.747160639785022
TRI_Tesla,set3_features,GPR,log,protocol_holdout,hybrid,3,107,27.029035737275287
TRI_Tesla,set3_features,GPR,log,protocol_holdout,hybrid,4,8,87.55755163797497
TRI_Tesla,set3_features,GPR,log,protocol_holdout,hybrid,4,16,38.35329233336701
TRI_Tesla,set3_features,GPR,log,protocol_holdout,hybrid,4,24,34.272919478570444
TRI_Tesla,set3_features,GPR,log,protocol_holdout,hybrid,4,32,34.10075079961661
TRI_Tesla,set3_features,GPR,log,protocol_holdout,hybrid,4,40,34.16871783840519
TRI_Tesla,set3_features,GPR,log,protocol_holdout,hybrid,4,48,30.30018209109577
TRI_Tesla,set3_features,GPR,log,protocol_holdout,hybrid,4,56,29.298303353357515
TRI_Tesla,set3_features,GPR,log,protocol_holdout,hybrid,4,64,31.45746142148182
TRI_Tesla,set3_features,GPR,log,protocol_holdout,hybrid,4,72,31.9221041048774
TRI_Tesla,set3_features,GPR,log,protocol_holdout,hybrid,4,80,32.80194557350183
TRI_Tesla,set3_features,GPR,log,protocol_holdout,hybrid,4,88,33.06840494410324
TRI_Tesla,set3_features,GPR,log,protocol_holdout,hybrid,4,96,31.766741597676624
TRI_Tesla,set3_features,GPR,log,protocol_holdout,hybrid,4,104,30.69369411516045
TRI_Tesla,set3_features,GPR,log,protocol_holdout,hybrid,4,107,31.09274725893804
TRI_Tesla,set3_features,GPR,log,protocol_holdout,hybrid,5,8,84.65402320292709
TRI_Tesla,set3_features,GPR,log,protocol_holdout,hybrid,5,16,21.11462574715023
TRI_Tesla,set3_features,GPR,log,protocol_holdout,hybrid,5,24,17.496627943114255
TRI_Tesla,set3_features,GPR,log,protocol_holdout,hybrid,5,32,17.02372769424746
TRI_Tesla,set3_features,GPR,log,protocol_holdout,hybrid,5,40,14.31340409341931
TRI_Tesla,set3_features,GPR,log,protocol_holdout,hybrid,5,48,14.379938747391536
TRI_Tesla,set3_features,GPR,log,protocol_holdout,hybrid,5,56,18.474282743008214
TRI_Tesla,set3_features,GPR,log,protocol_holdout,hybrid,5,64,19.55284998884124
TRI_Tesla,set3_features,GPR,log,protocol_holdout,hybrid,5,72,16.816018633197434
TRI_Tesla,set3_features,GPR,log,protocol_holdout,hybrid,5,80,18.06069002244736
TRI_Tesla,set3_features,GPR,log,protocol_holdout,hybrid,5,88,19.286220080761563
TRI_Tesla,set3_features,GPR,log,protocol_holdout,hybrid,5,96,19.178788129231904
TRI_Tesla,set3_features,GPR,log,protocol_holdout,hybrid,5,104,20.82397430757754
TRI_Tesla,set3_features,GPR,log,protocol_holdout,hybrid,5,107,21.33878344538305
TRI_Tesla,set3_features,GPR,log,protocol_holdout,hybrid,6,8,33.62821812965896
TRI_Tesla,set3_features,GPR,log,protocol_holdout,hybrid,6,16,26.921351732915543
TRI_Tesla,set3_features,GPR,log,protocol_holdout,hybrid,6,24,26.995464666455653
TRI_Tesla,set3_features,GPR,log,protocol_holdout,hybrid,6,32,23.488819593829348
TRI_Tesla,set3_features,GPR,log,protocol_holdout,hybrid,6,40,19.17695243623536
TRI_Tesla,set3_features,GPR,log,protocol_holdout,hybrid,6,48,20.985497747362885
TRI_Tesla,set3_features,GPR,log,protocol_holdout,hybrid,6,56,23.04693670113296
TRI_Tesla,set3_features,GPR,log,protocol_holdout,hybrid,6,64,21.531042405142667
TRI_Tesla,set3_features,GPR,log,protocol_holdout,hybrid,6,72,20.744831212349908
TRI_Tesla,set3_features,GPR,log,protocol_holdout,hybrid,6,80,21.47784391697737
TRI_Tesla,set3_features,GPR,log,protocol_holdout,hybrid,6,88,21.79313275655153
TRI_Tesla,set3_features,GPR,log,protocol_holdout,hybrid,6,96,20.594525189004145
TRI_Tesla,set3_features,GPR,log,protocol_holdout,hybrid,6,104,20.7325337010841
TRI_Tesla,set3_features,GPR,log,protocol_holdout,hybrid,6,107,20.908233774475217
TRI_Tesla,set3_features,GPR,log,protocol_holdout,hybrid,7,8,27.445774626795327
TRI_Tesla,set3_features,GPR,log,protocol_holdout,hybrid,7,16,26.475356620935607
TRI_Tesla,set3_features,GPR,log,protocol_holdout,hybrid,7,24,21.16146049903134
TRI_Tesla,set3_features,GPR,log,protocol_holdout,hybrid,7,32,27.84507465380996
TRI_Tesla,set3_features,GPR,log,protocol_holdout,hybrid,7,40,28.842796710176287
TRI_Tesla,set3_features,GPR,log,protocol_holdout,hybrid,7,48,30.081910464158177
TRI_Tesla,set3_features,GPR,log,protocol_holdout,hybrid,7,56,29.66587492684155
TRI_Tesla,set3_features,GPR,log,protocol_holdout,hybrid,7,64,31.009301654853022
TRI_Tesla,set3_features,GPR,log,protocol_holdout,hybrid,7,72,32.3125503709103
TRI_Tesla,set3_features,GPR,log,protocol_holdout,hybrid,7,80,29.679653396627465
TRI_Tesla,set3_features,GPR,log,protocol_holdout,hybrid,7,88,27.40749608474989
TRI_Tesla,set3_features,GPR,log,protocol_holdout,hybrid,7,96,27.58984031396794
TRI_Tesla,set3_features,GPR,log,protocol_holdout,hybrid,7,104,27.41769723232529
TRI_Tesla,set3_features,GPR,log,protocol_holdout,hybrid,7,107,29.331506024945035
TRI_Tesla,set3_features,GPR,log,protocol_holdout,hybrid,8,8,73.41231412978648
TRI_Tesla,set3_features,GPR,log,protocol_holdout,hybrid,8,16,23.60347477396113
TRI_Tesla,set3_features,GPR,log,protocol_holdout,hybrid,8,24,22.61244348415052
TRI_Tesla,set3_features,GPR,log,protocol_holdout,hybrid,8,32,24.724710308500203
TRI_Tesla,set3_features,GPR,log,protocol_holdout,hybrid,8,40,28.8389107617366
TRI_Tesla,set3_features,GPR,log,protocol_holdout,hybrid,8,48,30.35807885537405
TRI_Tesla,set3_features,GPR,log,protocol_holdout,hybrid,8,56,28.63610397277413
TRI_Tesla,set3_features,GPR,log,protocol_holdout,hybrid,8,64,27.45506553995732
TRI_Tesla,set3_features,GPR,log,protocol_holdout,hybrid,8,72,28.43143851351841
TRI_Tesla,set3_features,GPR,log,protocol_holdout,hybrid,8,80,28.1257203888802
TRI_Tesla,set3_features,GPR,log,protocol_holdout,hybrid,8,88,26.973752594344457
TRI_Tesla,set3_features,GPR,log,protocol_holdout,hybrid,8,96,26.305759385695165
TRI_Tesla,set3_features,GPR,log,protocol_holdout,hybrid,8,104,28.246979437785708
TRI_Tesla,set3_features,GPR,log,protocol_holdout,hybrid,8,107,27.286472845983106
TRI_Tesla,set3_features,GPR,log,protocol_holdout,hybrid,9,8,36.05811000911772
TRI_Tesla,set3_features,GPR,log,protocol_holdout,hybrid,9,16,29.08353689529172
TRI_Tesla,set3_features,GPR,log,protocol_holdout,hybrid,9,24,22.13082791824089
TRI_Tesla,set3_features,GPR,log,protocol_holdout,hybrid,9,32,21.15972587231501
TRI_Tesla,set3_features,GPR,log,protocol_holdout,hybrid,9,40,22.198690619007102
TRI_Tesla,set3_features,GPR,log,protocol_holdout,hybrid,9,48,20.83653564458256
TRI_Tesla,set3_features,GPR,log,protocol_holdout,hybrid,9,56,19.875769393773663
TRI_Tesla,set3_features,GPR,log,protocol_holdout,hybrid,9,64,20.81497684534232
TRI_Tesla,set3_features,GPR,log,protocol_holdout,hybrid,9,72,20.226771657483464
TRI_Tesla,set3_features,GPR,log,protocol_holdout,hybrid,9,80,20.7637647953297
TRI_Tesla,set3_features,GPR,log,protocol_holdout,hybrid,9,88,19.83375875144156
TRI_Tesla,set3_features,GPR,log,protocol_holdout,hybrid,9,96,19.55682275112413
TRI_Tesla,set3_features,GPR,log,protocol_holdout,hybrid,9,104,19.917245281906823
TRI_Tesla,set3_features,GPR,log,protocol_holdout,hybrid,9,107,19.975756984185768
TRI_Tesla,set3_features,GPR,log,protocol_holdout,hybrid,10,8,33.94281391396737
TRI_Tesla,set3_features,GPR,log,protocol_holdout,hybrid,10,16,24.795961722654667
TRI_Tesla,set3_features,GPR,log,protocol_holdout,hybrid,10,24,24.483647506899025
TRI_Tesla,set3_features,GPR,log,protocol_holdout,hybrid,10,32,22.85073081876226
TRI_Tesla,set3_features,GPR,log,protocol_holdout,hybrid,10,40,21.108180644682783
TRI_Tesla,set3_features,GPR,log,protocol_holdout,hybrid,10,48,20.530366144244727
TRI_Tesla,set3_features,GPR,log,protocol_holdout,hybrid,10,56,20.3525221350741
TRI_Tesla,set3_features,GPR,log,protocol_holdout,hybrid,10,64,21.563468786383623
TRI_Tesla,set3_features,GPR,log,protocol_holdout,hybrid,10,72,21.342858021015523
TRI_Tesla,set3_features,GPR,log,protocol_holdout,hybrid,10,80,20.854319176100944
TRI_Tesla,set3_features,GPR,log,protocol_holdout,hybrid,10,88,20.392102912575908
TRI_Tesla,set3_features,GPR,log,protocol_holdout,hybrid,10,96,19.17471988686625
TRI_Tesla,set3_features,GPR,log,protocol_holdout,hybrid,10,104,28.835669905459422
TRI_Tesla,set3_features,GPR,log,protocol_holdout,hybrid,10,107,28.19992208826476
