dataset,feature_set,regressor,target_transform,pool_holdout_split_mode,method,trial,budget_total,mape
MIT,set4_features_metadata,GPR,log,protocol_holdout,random_selection,1,8,25.193800074148303
MIT,set4_features_metadata,GPR,log,protocol_holdout,random_selection,1,16,31.02115381424766
MIT,set4_features_metadata,GPR,log,protocol_holdout,random_selection,1,24,28.908627774716784
MIT,set4_features_metadata,GPR,log,protocol_holdout,random_selection,1,32,27.14825801735577
MIT,set4_features_metadata,GPR,log,protocol_holdout,random_selection,1,40,18.31957716921937
MIT,set4_features_metadata,GPR,log,protocol_holdout,random_selection,1,48,19.683800656747383
MIT,set4_features_metadata,GPR,log,protocol_holdout,random_selection,1,56,18.243925898818595
MIT,set4_features_metadata,GPR,log,protocol_holdout,random_selection,1,64,17.50750642453875
MIT,set4_features_metadata,GPR,log,protocol_holdout,random_selection,1,72,18.707372261980986
MIT,set4_features_metadata,GPR,log,protocol_holdout,random_selection,1,80,19.784667425562013
MIT,set4_features_metadata,GPR,log,protocol_holdout,random_selection,1,88,19.72389341704521
MIT,set4_features_metadata,GPR,log,protocol_holdout,random_selection,1,96,19.91865890597596
MIT,set4_features_metadata,GPR,log,protocol_holdout,random_selection,1,99,19.664564024779285
MIT,set4_features_metadata,GPR,log,protocol_holdout,random_selection,2,8,18.14470840733494
MIT,set4_features_metadata,GPR,log,protocol_holdout,random_selection,2,16,17.43604766156704
MIT,set4_features_metadata,GPR,log,protocol_holdout,random_selection,2,24,14.205140355365788
MIT,set4_features_metadata,GPR,log,protocol_holdout,random_selection,2,32,12.420748175604311
MIT,set4_features_metadata,GPR,log,protocol_holdout,random_selection,2,40,11.520683536686652
MIT,set4_features_metadata,GPR,log,protocol_holdout,random_selection,2,48,11.37682888175368
MIT,set4_features_metadata,GPR,log,protocol_holdout,random_selection,2,56,12.0285195338467
MIT,set4_features_metadata,GPR,log,protocol_holdout,random_selection,2,64,12.395332941702716
MIT,set4_features_metadata,GPR,log,protocol_holdout,random_selection,2,72,13.500116595411352
MIT,set4_features_metadata,GPR,log,protocol_holdout,random_selection,2,80,14.47831859825029
MIT,set4_features_metadata,GPR,log,protocol_holdout,random_selection,2,88,12.461645241343732
MIT,set4_features_metadata,GPR,log,protocol_holdout,random_selection,2,96,12.714183799337397
MIT,set4_features_metadata,GPR,log,protocol_holdout,random_selection,2,99,12.717509830104795
MIT,set4_features_metadata,GPR,log,protocol_holdout,random_selection,3,8,20.75750708633486
MIT,set4_features_metadata,GPR,log,protocol_holdout,random_selection,3,16,26.16476025880906
MIT,set4_features_metadata,GPR,log,protocol_holdout,random_selection,3,24,14.250478862751551
MIT,set4_features_metadata,GPR,log,protocol_holdout,random_selection,3,32,16.47103949810568
MIT,set4_features_metadata,GPR,log,protocol_holdout,random_selection,3,40,14.452630725764696
MIT,set4_features_metadata,GPR,log,protocol_holdout,random_selection,3,48,13.653051863308711
MIT,set4_features_metadata,GPR,log,protocol_holdout,random_selection,3,56,13.951872683669896
MIT,set4_features_metadata,GPR,log,protocol_holdout,random_selection,3,64,14.1288844848385
MIT,set4_features_metadata,GPR,log,protocol_holdout,random_selection,3,72,14.563096579795555
MIT,set4_features_metadata,GPR,log,protocol_holdout,random_selection,3,80,16.868067237943283
MIT,set4_features_metadata,GPR,log,protocol_holdout,random_selection,3,88,15.590345898085388
MIT,set4_features_metadata,GPR,log,protocol_holdout,random_selection,3,96,21.016899327078168
MIT,set4_features_metadata,GPR,log,protocol_holdout,random_selection,3,99,18.873832726529223
MIT,set4_features_metadata,GPR,log,protocol_holdout,random_selection,4,8,14.343257282094187
MIT,set4_features_metadata,GPR,log,protocol_holdout,random_selection,4,16,11.831306065135688
MIT,set4_features_metadata,GPR,log,protocol_holdout,random_selection,4,24,12.107491038438356
MIT,set4_features_metadata,GPR,log,protocol_holdout,random_selection,4,32,12.554663210481444
MIT,set4_features_metadata,GPR,log,protocol_holdout,random_selection,4,40,12.822473521814723
MIT,set4_features_metadata,GPR,log,protocol_holdout,random_selection,4,48,15.058998931658726
MIT,set4_features_metadata,GPR,log,protocol_holdout,random_selection,4,56,8.17754678740691
MIT,set4_features_metadata,GPR,log,protocol_holdout,random_selection,4,64,8.025052986049717
MIT,set4_features_metadata,GPR,log,protocol_holdout,random_selection,4,72,8.67883328575237
MIT,set4_features_metadata,GPR,log,protocol_holdout,random_selection,4,80,9.120349674143586
MIT,set4_features_metadata,GPR,log,protocol_holdout,random_selection,4,88,8.625737939648548
MIT,set4_features_metadata,GPR,log,protocol_holdout,random_selection,4,96,8.8128326051332
MIT,set4_features_metadata,GPR,log,protocol_holdout,random_selection,4,99,8.222585358970907
MIT,set4_features_metadata,GPR,log,protocol_holdout,random_selection,5,8,14.984906030520069
MIT,set4_features_metadata,GPR,log,protocol_holdout,random_selection,5,16,13.941183716643424
MIT,set4_features_metadata,GPR,log,protocol_holdout,random_selection,5,24,18.351840905736104
MIT,set4_features_metadata,GPR,log,protocol_holdout,random_selection,5,32,13.74354913182133
MIT,set4_features_metadata,GPR,log,protocol_holdout,random_selection,5,40,13.583611195446958
MIT,set4_features_metadata,GPR,log,protocol_holdout,random_selection,5,48,16.292167621885593
MIT,set4_features_metadata,GPR,log,protocol_holdout,random_selection,5,56,14.698179742564216
MIT,set4_features_metadata,GPR,log,protocol_holdout,random_selection,5,64,13.45766531192642
MIT,set4_features_metadata,GPR,log,protocol_holdout,random_selection,5,72,13.034579130135244
MIT,set4_features_metadata,GPR,log,protocol_holdout,random_selection,5,80,12.973099894075336
MIT,set4_features_metadata,GPR,log,protocol_holdout,random_selection,5,88,12.303633836012873
MIT,set4_features_metadata,GPR,log,protocol_holdout,random_selection,5,96,11.83525016964506
MIT,set4_features_metadata,GPR,log,protocol_holdout,random_selection,5,99,11.610252475640651
MIT,set4_features_metadata,GPR,log,protocol_holdout,random_selection,6,8,21.74921268872257
MIT,set4_features_metadata,GPR,log,protocol_holdout,random_selection,6,16,20.66688158100361
MIT,set4_features_metadata,GPR,log,protocol_holdout,random_selection,6,24,17.7227090214255
MIT,set4_features_metadata,GPR,log,protocol_holdout,random_selection,6,32,17.810992725286706
MIT,set4_features_metadata,GPR,log,protocol_holdout,random_selection,6,40,14.855082475807382
MIT,set4_features_metadata,GPR,log,protocol_holdout,random_selection,6,48,14.480385182623188
MIT,set4_features_metadata,GPR,log,protocol_holdout,random_selection,6,56,13.71823534322382
MIT,set4_features_metadata,GPR,log,protocol_holdout,random_selection,6,64,14.165224523779496
MIT,set4_features_metadata,GPR,log,protocol_holdout,random_selection,6,72,14.230812237518888
MIT,set4_features_metadata,GPR,log,protocol_holdout,random_selection,6,80,13.816442761024607
MIT,set4_features_metadata,GPR,log,protocol_holdout,random_selection,6,88,13.77739199492816
MIT,set4_features_metadata,GPR,log,protocol_holdout,random_selection,6,96,13.817229766386516
MIT,set4_features_metadata,GPR,log,protocol_holdout,random_selection,6,99,14.2426667547435
MIT,set4_features_metadata,GPR,log,protocol_holdout,random_selection,7,8,25.291307810087147
MIT,set4_features_metadata,GPR,log,protocol_holdout,random_selection,7,16,14.195714360797435
MIT,set4_features_metadata,GPR,log,protocol_holdout,random_selection,7,24,12.606003349351836
MIT,set4_features_metadata,GPR,log,protocol_holdout,random_selection,7,32,11.758163687087055
MIT,set4_features_metadata,GPR,log,protocol_holdout,random_selection,7,40,12.251619350696256
MIT,set4_features_metadata,GPR,log,protocol_holdout,random_selection,7,48,13.23853077841167
MIT,set4_features_metadata,GPR,log,protocol_holdout,random_selection,7,56,12.949529426883286
MIT,set4_features_metadata,GPR,log,protocol_holdout,random_selection,7,64,9.56077126929762
MIT,set4_features_metadata,GPR,log,protocol_holdout,random_selection,7,72,9.25856044226813
MIT,set4_features_metadata,GPR,log,protocol_holdout,random_selection,7,80,9.59547258415949
MIT,set4_features_metadata,GPR,log,protocol_holdout,random_selection,7,88,11.054524188102867
MIT,set4_features_metadata,GPR,log,protocol_holdout,random_selection,7,96,11.398774965195717
MIT,set4_features_metadata,GPR,log,protocol_holdout,random_selection,7,99,11.090519618960604
MIT,set4_features_metadata,GPR,log,protocol_holdout,random_selection,8,8,16.756171494972165
MIT,set4_features_metadata,GPR,log,protocol_holdout,random_selection,8,16,15.730955229436203
MIT,set4_features_metadata,GPR,log,protocol_holdout,random_selection,8,24,14.691804673324944
MIT,set4_features_metadata,GPR,log,protocol_holdout,random_selection,8,32,14.12464712556791
MIT,set4_features_metadata,GPR,log,protocol_holdout,random_selection,8,40,14.426559916274186
MIT,set4_features_metadata,GPR,log,protocol_holdout,random_selection,8,48,12.08529012208657
MIT,set4_features_metadata,GPR,log,protocol_holdout,random_selection,8,56,12.87968996975624
MIT,set4_features_metadata,GPR,log,protocol_holdout,random_selection,8,64,12.809888641140576
MIT,set4_features_metadata,GPR,log,protocol_holdout,random_selection,8,72,12.2244425435347
MIT,set4_features_metadata,GPR,log,protocol_holdout,random_selection,8,80,12.624207559277991
MIT,set4_features_metadata,GPR,log,protocol_holdout,random_selection,8,88,12.516173160285202
MIT,set4_features_metadata,GPR,log,protocol_holdout,random_selection,8,96,12.426114120393814
MIT,set4_features_metadata,GPR,log,protocol_holdout,random_selection,8,99,12.465038307769676
MIT,set4_features_metadata,GPR,log,protocol_holdout,random_selection,9,8,20.227389811319583
MIT,set4_features_metadata,GPR,log,protocol_holdout,random_selection,9,16,17.23411981830163
MIT,set4_features_metadata,GPR,log,protocol_holdout,random_selection,9,24,13.510879324290464
MIT,set4_features_metadata,GPR,log,protocol_holdout,random_selection,9,32,13.524092842092458
MIT,set4_features_metadata,GPR,log,protocol_holdout,random_selection,9,40,12.228849635885334
MIT,set4_features_metadata,GPR,log,protocol_holdout,random_selection,9,48,9.497071754722237
MIT,set4_features_metadata,GPR,log,protocol_holdout,random_selection,9,56,11.642810145202333
MIT,set4_features_metadata,GPR,log,protocol_holdout,random_selection,9,64,11.414208644265331
MIT,set4_features_metadata,GPR,log,protocol_holdout,random_selection,9,72,12.473550237148116
MIT,set4_features_metadata,GPR,log,protocol_holdout,random_selection,9,80,13.834376439827992
MIT,set4_features_metadata,GPR,log,protocol_holdout,random_selection,9,88,11.575483684912202
MIT,set4_features_metadata,GPR,log,protocol_holdout,random_selection,9,96,10.45453169025355
MIT,set4_features_metadata,GPR,log,protocol_holdout,random_selection,9,99,11.40356028927016
MIT,set4_features_metadata,GPR,log,protocol_holdout,random_selection,10,8,34.55347460876027
MIT,set4_features_metadata,GPR,log,protocol_holdout,random_selection,10,16,20.31286566386868
MIT,set4_features_metadata,GPR,log,protocol_holdout,random_selection,10,24,17.10141902158867
MIT,set4_features_metadata,GPR,log,protocol_holdout,random_selection,10,32,11.718541776828577
MIT,set4_features_metadata,GPR,log,protocol_holdout,random_selection,10,40,11.922310626544736
MIT,set4_features_metadata,GPR,log,protocol_holdout,random_selection,10,48,11.140310887919096
MIT,set4_features_metadata,GPR,log,protocol_holdout,random_selection,10,56,10.268751689915227
MIT,set4_features_metadata,GPR,log,protocol_holdout,random_selection,10,64,10.525705647464225
MIT,set4_features_metadata,GPR,log,protocol_holdout,random_selection,10,72,10.198260479630822
MIT,set4_features_metadata,GPR,log,protocol_holdout,random_selection,10,80,9.51139502892569
MIT,set4_features_metadata,GPR,log,protocol_holdout,random_selection,10,88,10.12082788666578
MIT,set4_features_metadata,GPR,log,protocol_holdout,random_selection,10,96,10.038714666105951
MIT,set4_features_metadata,GPR,log,protocol_holdout,random_selection,10,99,10.323880197230222
MIT,set4_features_metadata,GPR,log,protocol_holdout,diversity_oneshot,1,8,22.265197758377177
MIT,set4_features_metadata,GPR,log,protocol_holdout,diversity_oneshot,1,16,23.63186903151424
MIT,set4_features_metadata,GPR,log,protocol_holdout,diversity_oneshot,1,24,22.223035254529
MIT,set4_features_metadata,GPR,log,protocol_holdout,diversity_oneshot,1,32,23.598609904260154
MIT,set4_features_metadata,GPR,log,protocol_holdout,diversity_oneshot,1,40,22.14223041294776
MIT,set4_features_metadata,GPR,log,protocol_holdout,diversity_oneshot,1,48,20.41385057110534
MIT,set4_features_metadata,GPR,log,protocol_holdout,diversity_oneshot,1,56,19.577068623793508
MIT,set4_features_metadata,GPR,log,protocol_holdout,diversity_oneshot,1,64,20.81072821994402
MIT,set4_features_metadata,GPR,log,protocol_holdout,diversity_oneshot,1,72,20.668706499915928
MIT,set4_features_metadata,GPR,log,protocol_holdout,diversity_oneshot,1,80,19.96029219037716
MIT,set4_features_metadata,GPR,log,protocol_holdout,diversity_oneshot,1,88,19.29721873342276
MIT,set4_features_metadata,GPR,log,protocol_holdout,diversity_oneshot,1,96,19.238484931964354
MIT,set4_features_metadata,GPR,log,protocol_holdout,diversity_oneshot,1,99,19.664564024779285
MIT,set4_features_metadata,GPR,log,protocol_holdout,diversity_oneshot,2,8,16.00452465315453
MIT,set4_features_metadata,GPR,log,protocol_holdout,diversity_oneshot,2,16,11.622014736853895
MIT,set4_features_metadata,GPR,log,protocol_holdout,diversity_oneshot,2,24,14.62620229522877
MIT,set4_features_metadata,GPR,log,protocol_holdout,diversity_oneshot,2,32,11.943200231059024
MIT,set4_features_metadata,GPR,log,protocol_holdout,diversity_oneshot,2,40,13.460526239272784
MIT,set4_features_metadata,GPR,log,protocol_holdout,diversity_oneshot,2,48,13.24601971901368
MIT,set4_features_metadata,GPR,log,protocol_holdout,diversity_oneshot,2,56,13.008219701971424
MIT,set4_features_metadata,GPR,log,protocol_holdout,diversity_oneshot,2,64,12.943775289487611
MIT,set4_features_metadata,GPR,log,protocol_holdout,diversity_oneshot,2,72,13.461892917519936
MIT,set4_features_metadata,GPR,log,protocol_holdout,diversity_oneshot,2,80,13.109509296621516
MIT,set4_features_metadata,GPR,log,protocol_holdout,diversity_oneshot,2,88,12.157495045579427
MIT,set4_features_metadata,GPR,log,protocol_holdout,diversity_oneshot,2,96,12.345784567760065
MIT,set4_features_metadata,GPR,log,protocol_holdout,diversity_oneshot,2,99,12.717509830104795
MIT,set4_features_metadata,GPR,log,protocol_holdout,diversity_oneshot,3,8,14.772740992671254
MIT,set4_features_metadata,GPR,log,protocol_holdout,diversity_oneshot,3,16,18.25095307071208
MIT,set4_features_metadata,GPR,log,protocol_holdout,diversity_oneshot,3,24,13.801532669187033
MIT,set4_features_metadata,GPR,log,protocol_holdout,diversity_oneshot,3,32,14.482752041392116
MIT,set4_features_metadata,GPR,log,protocol_holdout,diversity_oneshot,3,40,10.862340435793373
MIT,set4_features_metadata,GPR,log,protocol_holdout,diversity_oneshot,3,48,15.582430512348663
MIT,set4_features_metadata,GPR,log,protocol_holdout,diversity_oneshot,3,56,17.423965847825645
MIT,set4_features_metadata,GPR,log,protocol_holdout,diversity_oneshot,3,64,11.752953429978552
MIT,set4_features_metadata,GPR,log,protocol_holdout,diversity_oneshot,3,72,14.01669762432202
MIT,set4_features_metadata,GPR,log,protocol_holdout,diversity_oneshot,3,80,14.022843472007557
MIT,set4_features_metadata,GPR,log,protocol_holdout,diversity_oneshot,3,88,14.63964312383156
MIT,set4_features_metadata,GPR,log,protocol_holdout,diversity_oneshot,3,96,18.25065995630996
MIT,set4_features_metadata,GPR,log,protocol_holdout,diversity_oneshot,3,99,18.873832726529223
MIT,set4_features_metadata,GPR,log,protocol_holdout,diversity_oneshot,4,8,21.1151496856358
MIT,set4_features_metadata,GPR,log,protocol_holdout,diversity_oneshot,4,16,15.736683908180195
MIT,set4_features_metadata,GPR,log,protocol_holdout,diversity_oneshot,4,24,15.72531861141607
MIT,set4_features_metadata,GPR,log,protocol_holdout,diversity_oneshot,4,32,10.474531444777606
MIT,set4_features_metadata,GPR,log,protocol_holdout,diversity_oneshot,4,40,9.617031314802253
MIT,set4_features_metadata,GPR,log,protocol_holdout,diversity_oneshot,4,48,9.816303251733215
MIT,set4_features_metadata,GPR,log,protocol_holdout,diversity_oneshot,4,56,10.431119671646544
MIT,set4_features_metadata,GPR,log,protocol_holdout,diversity_oneshot,4,64,10.219354264881488
MIT,set4_features_metadata,GPR,log,protocol_holdout,diversity_oneshot,4,72,10.269504502766509
MIT,set4_features_metadata,GPR,log,protocol_holdout,diversity_oneshot,4,80,9.753443708998152
MIT,set4_features_metadata,GPR,log,protocol_holdout,diversity_oneshot,4,88,8.106899457657951
MIT,set4_features_metadata,GPR,log,protocol_holdout,diversity_oneshot,4,96,8.126506046447233
MIT,set4_features_metadata,GPR,log,protocol_holdout,diversity_oneshot,4,99,8.222585358970907
MIT,set4_features_metadata,GPR,log,protocol_holdout,diversity_oneshot,5,8,16.60874628006493
MIT,set4_features_metadata,GPR,log,protocol_holdout,diversity_oneshot,5,16,13.385263447893625
MIT,set4_features_metadata,GPR,log,protocol_holdout,diversity_oneshot,5,24,13.543255521530767
MIT,set4_features_metadata,GPR,log,protocol_holdout,diversity_oneshot,5,32,14.31567591905775
MIT,set4_features_metadata,GPR,log,protocol_holdout,diversity_oneshot,5,40,13.75807674592716
MIT,set4_features_metadata,GPR,log,protocol_holdout,diversity_oneshot,5,48,11.802229581931307
MIT,set4_features_metadata,GPR,log,protocol_holdout,diversity_oneshot,5,56,11.785972621182143
MIT,set4_features_metadata,GPR,log,protocol_holdout,diversity_oneshot,5,64,11.876613412797605
MIT,set4_features_metadata,GPR,log,protocol_holdout,diversity_oneshot,5,72,10.85745287550118
MIT,set4_features_metadata,GPR,log,protocol_holdout,diversity_oneshot,5,80,11.3526955207147
MIT,set4_features_metadata,GPR,log,protocol_holdout,diversity_oneshot,5,88,11.208595530076272
MIT,set4_features_metadata,GPR,log,protocol_holdout,diversity_oneshot,5,96,11.490419179050084
MIT,set4_features_metadata,GPR,log,protocol_holdout,diversity_oneshot,5,99,11.610252475640651
MIT,set4_features_metadata,GPR,log,protocol_holdout,diversity_oneshot,6,8,24.60609905904059
MIT,set4_features_metadata,GPR,log,protocol_holdout,diversity_oneshot,6,16,20.99325183581864
MIT,set4_features_metadata,GPR,log,protocol_holdout,diversity_oneshot,6,24,17.5292128024384
MIT,set4_features_metadata,GPR,log,protocol_holdout,diversity_oneshot,6,32,14.385345975725942
MIT,set4_features_metadata,GPR,log,protocol_holdout,diversity_oneshot,6,40,15.839692677523756
MIT,set4_features_metadata,GPR,log,protocol_holdout,diversity_oneshot,6,48,13.3339526231415
MIT,set4_features_metadata,GPR,log,protocol_holdout,diversity_oneshot,6,56,16.55942434744584
MIT,set4_features_metadata,GPR,log,protocol_holdout,diversity_oneshot,6,64,15.320518903521505
MIT,set4_features_metadata,GPR,log,protocol_holdout,diversity_oneshot,6,72,14.427067639012671
MIT,set4_features_metadata,GPR,log,protocol_holdout,diversity_oneshot,6,80,13.917067389153628
MIT,set4_features_metadata,GPR,log,protocol_holdout,diversity_oneshot,6,88,13.213086329934262
MIT,set4_features_metadata,GPR,log,protocol_holdout,diversity_oneshot,6,96,14.012794666332484
MIT,set4_features_metadata,GPR,log,protocol_holdout,diversity_oneshot,6,99,14.2426667547435
MIT,set4_features_metadata,GPR,log,protocol_holdout,diversity_oneshot,7,8,16.06499389396584
MIT,set4_features_metadata,GPR,log,protocol_holdout,diversity_oneshot,7,16,15.396035743194918
MIT,set4_features_metadata,GPR,log,protocol_holdout,diversity_oneshot,7,24,11.665398215246093
MIT,set4_features_metadata,GPR,log,protocol_holdout,diversity_oneshot,7,32,12.220522150635777
MIT,set4_features_metadata,GPR,log,protocol_holdout,diversity_oneshot,7,40,13.146587257881873
MIT,set4_features_metadata,GPR,log,protocol_holdout,diversity_oneshot,7,48,13.075830311841331
MIT,set4_features_metadata,GPR,log,protocol_holdout,diversity_oneshot,7,56,12.643037092857307
MIT,set4_features_metadata,GPR,log,protocol_holdout,diversity_oneshot,7,64,12.122254942295529
MIT,set4_features_metadata,GPR,log,protocol_holdout,diversity_oneshot,7,72,11.440810019661251
MIT,set4_features_metadata,GPR,log,protocol_holdout,diversity_oneshot,7,80,12.767968131346455
MIT,set4_features_metadata,GPR,log,protocol_holdout,diversity_oneshot,7,88,10.103452054954149
MIT,set4_features_metadata,GPR,log,protocol_holdout,diversity_oneshot,7,96,10.275413131564765
MIT,set4_features_metadata,GPR,log,protocol_holdout,diversity_oneshot,7,99,11.090519618960604
MIT,set4_features_metadata,GPR,log,protocol_holdout,diversity_oneshot,8,8,19.73186188762285
MIT,set4_features_metadata,GPR,log,protocol_holdout,diversity_oneshot,8,16,12.05429176520186
MIT,set4_features_metadata,GPR,log,protocol_holdout,diversity_oneshot,8,24,13.50547910096767
MIT,set4_features_metadata,GPR,log,protocol_holdout,diversity_oneshot,8,32,15.230294206060488
MIT,set4_features_metadata,GPR,log,protocol_holdout,diversity_oneshot,8,40,14.162113428225798
MIT,set4_features_metadata,GPR,log,protocol_holdout,diversity_oneshot,8,48,12.90317362014326
MIT,set4_features_metadata,GPR,log,protocol_holdout,diversity_oneshot,8,56,12.771506364543123
MIT,set4_features_metadata,GPR,log,protocol_holdout,diversity_oneshot,8,64,13.599077138256982
MIT,set4_features_metadata,GPR,log,protocol_holdout,diversity_oneshot,8,72,13.37845701263426
MIT,set4_features_metadata,GPR,log,protocol_holdout,diversity_oneshot,8,80,12.61488866633326
MIT,set4_features_metadata,GPR,log,protocol_holdout,diversity_oneshot,8,88,12.493797396062464
MIT,set4_features_metadata,GPR,log,protocol_holdout,diversity_oneshot,8,96,12.450445857769015
MIT,set4_features_metadata,GPR,log,protocol_holdout,diversity_oneshot,8,99,12.465038307769676
MIT,set4_features_metadata,GPR,log,protocol_holdout,diversity_oneshot,9,8,14.585027695461449
MIT,set4_features_metadata,GPR,log,protocol_holdout,diversity_oneshot,9,16,17.773041306237438
MIT,set4_features_metadata,GPR,log,protocol_holdout,diversity_oneshot,9,24,13.399904265084745
MIT,set4_features_metadata,GPR,log,protocol_holdout,diversity_oneshot,9,32,13.044596319744157
MIT,set4_features_metadata,GPR,log,protocol_holdout,diversity_oneshot,9,40,13.045434117593288
MIT,set4_features_metadata,GPR,log,protocol_holdout,diversity_oneshot,9,48,10.999701485211071
MIT,set4_features_metadata,GPR,log,protocol_holdout,diversity_oneshot,9,56,10.581641109763224
MIT,set4_features_metadata,GPR,log,protocol_holdout,diversity_oneshot,9,64,11.74026500264795
MIT,set4_features_metadata,GPR,log,protocol_holdout,diversity_oneshot,9,72,10.481498479689254
MIT,set4_features_metadata,GPR,log,protocol_holdout,diversity_oneshot,9,80,10.904937413081596
MIT,set4_features_metadata,GPR,log,protocol_holdout,diversity_oneshot,9,88,11.54880708635169
MIT,set4_features_metadata,GPR,log,protocol_holdout,diversity_oneshot,9,96,11.867685171710775
MIT,set4_features_metadata,GPR,log,protocol_holdout,diversity_oneshot,9,99,11.40356028927016
MIT,set4_features_metadata,GPR,log,protocol_holdout,diversity_oneshot,10,8,20.466260933500543
MIT,set4_features_metadata,GPR,log,protocol_holdout,diversity_oneshot,10,16,9.54968766047002
MIT,set4_features_metadata,GPR,log,protocol_holdout,diversity_oneshot,10,24,14.428901820207466
MIT,set4_features_metadata,GPR,log,protocol_holdout,diversity_oneshot,10,32,13.148596474947311
MIT,set4_features_metadata,GPR,log,protocol_holdout,diversity_oneshot,10,40,11.307532524306364
MIT,set4_features_metadata,GPR,log,protocol_holdout,diversity_oneshot,10,48,12.307234851649724
MIT,set4_features_metadata,GPR,log,protocol_holdout,diversity_oneshot,10,56,10.19638331437233
MIT,set4_features_metadata,GPR,log,protocol_holdout,diversity_oneshot,10,64,10.082992362899512
MIT,set4_features_metadata,GPR,log,protocol_holdout,diversity_oneshot,10,72,10.730498457959522
MIT,set4_features_metadata,GPR,log,protocol_holdout,diversity_oneshot,10,80,10.486511829738271
MIT,set4_features_metadata,GPR,log,protocol_holdout,diversity_oneshot,10,88,10.127616886107988
MIT,set4_features_metadata,GPR,log,protocol_holdout,diversity_oneshot,10,96,10.13806158901658
MIT,set4_features_metadata,GPR,log,protocol_holdout,diversity_oneshot,10,99,10.323880197230222
MIT,set4_features_metadata,GPR,log,protocol_holdout,diversity_iterative,1,8,22.265197758377177
MIT,set4_features_metadata,GPR,log,protocol_holdout,diversity_iterative,1,16,21.338988999440524
MIT,set4_features_metadata,GPR,log,protocol_holdout,diversity_iterative,1,24,21.02549189359777
MIT,set4_features_metadata,GPR,log,protocol_holdout,diversity_iterative,1,32,19.43310157883628
MIT,set4_features_metadata,GPR,log,protocol_holdout,diversity_iterative,1,40,23.23249680350965
MIT,set4_features_metadata,GPR,log,protocol_holdout,diversity_iterative,1,48,22.6689170892886
MIT,set4_features_metadata,GPR,log,protocol_holdout,diversity_iterative,1,56,22.225358042272205
MIT,set4_features_metadata,GPR,log,protocol_holdout,diversity_iterative,1,64,22.19584658955034
MIT,set4_features_metadata,GPR,log,protocol_holdout,diversity_iterative,1,72,22.333065131656948
MIT,set4_features_metadata,GPR,log,protocol_holdout,diversity_iterative,1,80,21.4841156517328
MIT,set4_features_metadata,GPR,log,protocol_holdout,diversity_iterative,1,88,20.21994862194792
MIT,set4_features_metadata,GPR,log,protocol_holdout,diversity_iterative,1,96,20.04110518958576
MIT,set4_features_metadata,GPR,log,protocol_holdout,diversity_iterative,1,99,19.664564024779285
MIT,set4_features_metadata,GPR,log,protocol_holdout,diversity_iterative,2,8,16.00452465315453
MIT,set4_features_metadata,GPR,log,protocol_holdout,diversity_iterative,2,16,17.243176888102866
MIT,set4_features_metadata,GPR,log,protocol_holdout,diversity_iterative,2,24,13.434834170538354
MIT,set4_features_metadata,GPR,log,protocol_holdout,diversity_iterative,2,32,11.156283226704462
MIT,set4_features_metadata,GPR,log,protocol_holdout,diversity_iterative,2,40,11.61235524361726
MIT,set4_features_metadata,GPR,log,protocol_holdout,diversity_iterative,2,48,13.593363685706624
MIT,set4_features_metadata,GPR,log,protocol_holdout,diversity_iterative,2,56,11.987509388094477
MIT,set4_features_metadata,GPR,log,protocol_holdout,diversity_iterative,2,64,12.263539794317268
MIT,set4_features_metadata,GPR,log,protocol_holdout,diversity_iterative,2,72,12.409591965106072
MIT,set4_features_metadata,GPR,log,protocol_holdout,diversity_iterative,2,80,13.191050789004311
MIT,set4_features_metadata,GPR,log,protocol_holdout,diversity_iterative,2,88,12.758374731830394
MIT,set4_features_metadata,GPR,log,protocol_holdout,diversity_iterative,2,96,12.593543460275528
MIT,set4_features_metadata,GPR,log,protocol_holdout,diversity_iterative,2,99,12.717509830104795
MIT,set4_features_metadata,GPR,log,protocol_holdout,diversity_iterative,3,8,14.772740992671254
MIT,set4_features_metadata,GPR,log,protocol_holdout,diversity_iterative,3,16,19.539856083737416
MIT,set4_features_metadata,GPR,log,protocol_holdout,diversity_iterative,3,24,19.28745136682005
MIT,set4_features_metadata,GPR,log,protocol_holdout,diversity_iterative,3,32,14.79829068930564
MIT,set4_features_metadata,GPR,log,protocol_holdout,diversity_iterative,3,40,13.952579908791792
MIT,set4_features_metadata,GPR,log,protocol_holdout,diversity_iterative,3,48,12.382901629180864
MIT,set4_features_metadata,GPR,log,protocol_holdout,diversity_iterative,3,56,11.53643972372537
MIT,set4_features_metadata,GPR,log,protocol_holdout,diversity_iterative,3,64,12.759835680592085
MIT,set4_features_metadata,GPR,log,protocol_holdout,diversity_iterative,3,72,13.727675945225862
MIT,set4_features_metadata,GPR,log,protocol_holdout,diversity_iterative,3,80,12.800923820018934
MIT,set4_features_metadata,GPR,log,protocol_holdout,diversity_iterative,3,88,15.898031012092986
MIT,set4_features_metadata,GPR,log,protocol_holdout,diversity_iterative,3,96,16.376646153773887
MIT,set4_features_metadata,GPR,log,protocol_holdout,diversity_iterative,3,99,18.873832726529223
MIT,set4_features_metadata,GPR,log,protocol_holdout,diversity_iterative,4,8,21.1151496856358
MIT,set4_features_metadata,GPR,log,protocol_holdout,diversity_iterative,4,16,10.508280341929977
MIT,set4_features_metadata,GPR,log,protocol_holdout,diversity_iterative,4,24,9.792444971252676
MIT,set4_features_metadata,GPR,log,protocol_holdout,diversity_iterative,4,32,9.950261598241482
MIT,set4_features_metadata,GPR,log,protocol_holdout,diversity_iterative,4,40,10.187540958907364
MIT,set4_features_metadata,GPR,log,protocol_holdout,diversity_iterative,4,48,7.830724606518564
MIT,set4_features_metadata,GPR,log,protocol_holdout,diversity_iterative,4,56,8.140413736457385
MIT,set4_features_metadata,GPR,log,protocol_holdout,diversity_iterative,4,64,8.794177898332604
MIT,set4_features_metadata,GPR,log,protocol_holdout,diversity_iterative,4,72,8.606805215962142
MIT,set4_features_metadata,GPR,log,protocol_holdout,diversity_iterative,4,80,8.559667663409222
MIT,set4_features_metadata,GPR,log,protocol_holdout,diversity_iterative,4,88,7.8407424087622815
MIT,set4_features_metadata,GPR,log,protocol_holdout,diversity_iterative,4,96,7.969232087652554
MIT,set4_features_metadata,GPR,log,protocol_holdout,diversity_iterative,4,99,8.222585358970907
MIT,set4_features_metadata,GPR,log,protocol_holdout,diversity_iterative,5,8,16.60874628006493
MIT,set4_features_metadata,GPR,log,protocol_holdout,diversity_iterative,5,16,12.879082838613137
MIT,set4_features_metadata,GPR,log,protocol_holdout,diversity_iterative,5,24,14.312360195748951
MIT,set4_features_metadata,GPR,log,protocol_holdout,diversity_iterative,5,32,13.63161709368402
MIT,set4_features_metadata,GPR,log,protocol_holdout,diversity_iterative,5,40,12.092571734954689
MIT,set4_features_metadata,GPR,log,protocol_holdout,diversity_iterative,5,48,12.05940827471658
MIT,set4_features_metadata,GPR,log,protocol_holdout,diversity_iterative,5,56,11.903586239890412
MIT,set4_features_metadata,GPR,log,protocol_holdout,diversity_iterative,5,64,11.721418239802674
MIT,set4_features_metadata,GPR,log,protocol_holdout,diversity_iterative,5,72,11.790747945914084
MIT,set4_features_metadata,GPR,log,protocol_holdout,diversity_iterative,5,80,10.771930641296375
MIT,set4_features_metadata,GPR,log,protocol_holdout,diversity_iterative,5,88,11.155203194053149
MIT,set4_features_metadata,GPR,log,protocol_holdout,diversity_iterative,5,96,12.167530726791776
MIT,set4_features_metadata,GPR,log,protocol_holdout,diversity_iterative,5,99,11.610252475640651
MIT,set4_features_metadata,GPR,log,protocol_holdout,diversity_iterative,6,8,24.60609905904059
MIT,set4_features_metadata,GPR,log,protocol_holdout,diversity_iterative,6,16,23.05186281880416
MIT,set4_features_metadata,GPR,log,protocol_holdout,diversity_iterative,6,24,21.93412474127553
MIT,set4_features_metadata,GPR,log,protocol_holdout,diversity_iterative,6,32,17.581206150123236
MIT,set4_features_metadata,GPR,log,protocol_holdout,diversity_iterative,6,40,17.769904473938457
MIT,set4_features_metadata,GPR,log,protocol_holdout,diversity_iterative,6,48,16.80320423778023
MIT,set4_features_metadata,GPR,log,protocol_holdout,diversity_iterative,6,56,16.98172390144805
MIT,set4_features_metadata,GPR,log,protocol_holdout,diversity_iterative,6,64,18.08008735030268
MIT,set4_features_metadata,GPR,log,protocol_holdout,diversity_iterative,6,72,17.073946568064407
MIT,set4_features_metadata,GPR,log,protocol_holdout,diversity_iterative,6,80,14.470878440520242
MIT,set4_features_metadata,GPR,log,protocol_holdout,diversity_iterative,6,88,13.515940467447592
MIT,set4_features_metadata,GPR,log,protocol_holdout,diversity_iterative,6,96,14.457880307712962
MIT,set4_features_metadata,GPR,log,protocol_holdout,diversity_iterative,6,99,14.2426667547435
MIT,set4_features_metadata,GPR,log,protocol_holdout,diversity_iterative,7,8,16.06499389396584
MIT,set4_features_metadata,GPR,log,protocol_holdout,diversity_iterative,7,16,10.723824000903234
MIT,set4_features_metadata,GPR,log,protocol_holdout,diversity_iterative,7,24,15.048058056208172
MIT,set4_features_metadata,GPR,log,protocol_holdout,diversity_iterative,7,32,11.150745602417338
MIT,set4_features_metadata,GPR,log,protocol_holdout,diversity_iterative,7,40,10.902577866774928
MIT,set4_features_metadata,GPR,log,protocol_holdout,diversity_iterative,7,48,11.065215025799436
MIT,set4_features_metadata,GPR,log,protocol_holdout,diversity_iterative,7,56,12.337622033384076
MIT,set4_features_metadata,GPR,log,protocol_holdout,diversity_iterative,7,64,13.744320826937036
MIT,set4_features_metadata,GPR,log,protocol_holdout,diversity_iterative,7,72,11.95436496586362
MIT,set4_features_metadata,GPR,log,protocol_holdout,diversity_iterative,7,80,12.324544170668098
MIT,set4_features_metadata,GPR,log,protocol_holdout,diversity_iterative,7,88,11.388283483057975
MIT,set4_features_metadata,GPR,log,protocol_holdout,diversity_iterative,7,96,10.666081348504648
MIT,set4_features_metadata,GPR,log,protocol_holdout,diversity_iterative,7,99,11.090519618960604
MIT,set4_features_metadata,GPR,log,protocol_holdout,diversity_iterative,8,8,19.73186188762285
MIT,set4_features_metadata,GPR,log,protocol_holdout,diversity_iterative,8,16,18.83166854938928
MIT,set4_features_metadata,GPR,log,protocol_holdout,diversity_iterative,8,24,12.542985652785791
MIT,set4_features_metadata,GPR,log,protocol_holdout,diversity_iterative,8,32,11.742350483557004
MIT,set4_features_metadata,GPR,log,protocol_holdout,diversity_iterative,8,40,13.885079143588182
MIT,set4_features_metadata,GPR,log,protocol_holdout,diversity_iterative,8,48,12.821658517850793
MIT,set4_features_metadata,GPR,log,protocol_holdout,diversity_iterative,8,56,12.593199870380092
MIT,set4_features_metadata,GPR,log,protocol_holdout,diversity_iterative,8,64,12.500888621263462
MIT,set4_features_metadata,GPR,log,protocol_holdout,diversity_iterative,8,72,13.779751689054844
MIT,set4_features_metadata,GPR,log,protocol_holdout,diversity_iterative,8,80,13.179643083530534
MIT,set4_features_metadata,GPR,log,protocol_holdout,diversity_iterative,8,88,12.69169733076383
MIT,set4_features_metadata,GPR,log,protocol_holdout,diversity_iterative,8,96,12.482922203385796
MIT,set4_features_metadata,GPR,log,protocol_holdout,diversity_iterative,8,99,12.465038307769676
MIT,set4_features_metadata,GPR,log,protocol_holdout,diversity_iterative,9,8,14.585027695461449
MIT,set4_features_metadata,GPR,log,protocol_holdout,diversity_iterative,9,16,13.783168916306368
MIT,set4_features_metadata,GPR,log,protocol_holdout,diversity_iterative,9,24,14.147916046757535
MIT,set4_features_metadata,GPR,log,protocol_holdout,diversity_iterative,9,32,12.02469446822566
MIT,set4_features_metadata,GPR,log,protocol_holdout,diversity_iterative,9,40,11.400753567089229
MIT,set4_features_metadata,GPR,log,protocol_holdout,diversity_iterative,9,48,11.492404229117142
MIT,set4_features_metadata,GPR,log,protocol_holdout,diversity_iterative,9,56,10.834538029599004
MIT,set4_features_metadata,GPR,log,protocol_holdout,diversity_iterative,9,64,11.374146920338363
MIT,set4_features_metadata,GPR,log,protocol_holdout,diversity_iterative,9,72,11.340903764206256
MIT,set4_features_metadata,GPR,log,protocol_holdout,diversity_iterative,9,80,11.32383428158547
MIT,set4_features_metadata,GPR,log,protocol_holdout,diversity_iterative,9,88,11.990411047629514
MIT,set4_features_metadata,GPR,log,protocol_holdout,diversity_iterative,9,96,11.555669011406817
MIT,set4_features_metadata,GPR,log,protocol_holdout,diversity_iterative,9,99,11.40356028927016
MIT,set4_features_metadata,GPR,log,protocol_holdout,diversity_iterative,10,8,20.466260933500543
MIT,set4_features_metadata,GPR,log,protocol_holdout,diversity_iterative,10,16,16.123649697917173
MIT,set4_features_metadata,GPR,log,protocol_holdout,diversity_iterative,10,24,15.065194805668138
MIT,set4_features_metadata,GPR,log,protocol_holdout,diversity_iterative,10,32,16.33789021698696
MIT,set4_features_metadata,GPR,log,protocol_holdout,diversity_iterative,10,40,15.012288921637088
MIT,set4_features_metadata,GPR,log,protocol_holdout,diversity_iterative,10,48,15.237671261053624
MIT,set4_features_metadata,GPR,log,protocol_holdout,diversity_iterative,10,56,12.713036078903498
MIT,set4_features_metadata,GPR,log,protocol_holdout,diversity_iterative,10,64,13.041126473154256
MIT,set4_features_metadata,GPR,log,protocol_holdout,diversity_iterative,10,72,12.232462429853548
MIT,set4_features_metadata,GPR,log,protocol_holdout,diversity_iterative,10,80,10.837782496551496
MIT,set4_features_metadata,GPR,log,protocol_holdout,diversity_iterative,10,88,10.473131553257907
MIT,set4_features_metadata,GPR,log,protocol_holdout,diversity_iterative,10,96,10.778190465874935
MIT,set4_features_metadata,GPR,log,protocol_holdout,diversity_iterative,10,99,10.323880197230222
MIT,set4_features_metadata,GPR,log,protocol_holdout,coverage,1,8,25.193800074148303
MIT,set4_features_metadata,GPR,log,protocol_holdout,coverage,1,16,22.6530247597714
MIT,set4_features_metadata,GPR,log,protocol_holdout,coverage,1,24,19.623269192206763
MIT,set4_features_metadata,GPR,log,protocol_holdout,coverage,1,32,19.32602413614995
MIT,set4_features_metadata,GPR,log,protocol_holdout,coverage,1,40,18.846153424765948
MIT,set4_features_metadata,GPR,log,protocol_holdout,coverage,1,48,19.605340250516807
MIT,set4_features_metadata,GPR,log,protocol_holdout,coverage,1,56,19.45597822275036
MIT,set4_features_metadata,GPR,log,protocol_holdout,coverage,1,64,18.55114425349948
MIT,set4_features_metadata,GPR,log,protocol_holdout,coverage,1,72,18.417767179481384
MIT,set4_features_metadata,GPR,log,protocol_holdout,coverage,1,80,19.54557420460411
MIT,set4_features_metadata,GPR,log,protocol_holdout,coverage,1,88,18.95400805014753
MIT,set4_features_metadata,GPR,log,protocol_holdout,coverage,1,96,19.54221242364192
MIT,set4_features_metadata,GPR,log,protocol_holdout,coverage,1,99,19.664564024779285
MIT,set4_features_metadata,GPR,log,protocol_holdout,coverage,2,8,18.14470840733494
MIT,set4_features_metadata,GPR,log,protocol_holdout,coverage,2,16,14.525188704437408
MIT,set4_features_metadata,GPR,log,protocol_holdout,coverage,2,24,11.541829989889935
MIT,set4_features_metadata,GPR,log,protocol_holdout,coverage,2,32,12.54143679170461
MIT,set4_features_metadata,GPR,log,protocol_holdout,coverage,2,40,10.887828962446608
MIT,set4_features_metadata,GPR,log,protocol_holdout,coverage,2,48,13.246073912738652
MIT,set4_features_metadata,GPR,log,protocol_holdout,coverage,2,56,13.518410910984876
MIT,set4_features_metadata,GPR,log,protocol_holdout,coverage,2,64,13.970665038289336
MIT,set4_features_metadata,GPR,log,protocol_holdout,coverage,2,72,13.080568141100896
MIT,set4_features_metadata,GPR,log,protocol_holdout,coverage,2,80,12.976688107806677
MIT,set4_features_metadata,GPR,log,protocol_holdout,coverage,2,88,13.0420848172916
MIT,set4_features_metadata,GPR,log,protocol_holdout,coverage,2,96,12.9289014293425
MIT,set4_features_metadata,GPR,log,protocol_holdout,coverage,2,99,12.717509830104795
MIT,set4_features_metadata,GPR,log,protocol_holdout,coverage,3,8,20.75750708633486
MIT,set4_features_metadata,GPR,log,protocol_holdout,coverage,3,16,14.546662074813682
MIT,set4_features_metadata,GPR,log,protocol_holdout,coverage,3,24,11.70583853782289
MIT,set4_features_metadata,GPR,log,protocol_holdout,coverage,3,32,14.526295810780828
MIT,set4_features_metadata,GPR,log,protocol_holdout,coverage,3,40,13.913930485172502
MIT,set4_features_metadata,GPR,log,protocol_holdout,coverage,3,48,11.970471387763403
MIT,set4_features_metadata,GPR,log,protocol_holdout,coverage,3,56,11.879167852005867
MIT,set4_features_metadata,GPR,log,protocol_holdout,coverage,3,64,12.565394081432808
MIT,set4_features_metadata,GPR,log,protocol_holdout,coverage,3,72,14.857339634194386
MIT,set4_features_metadata,GPR,log,protocol_holdout,coverage,3,80,14.757274302416564
MIT,set4_features_metadata,GPR,log,protocol_holdout,coverage,3,88,15.62145343584104
MIT,set4_features_metadata,GPR,log,protocol_holdout,coverage,3,96,17.9639410808051
MIT,set4_features_metadata,GPR,log,protocol_holdout,coverage,3,99,18.873832726529223
MIT,set4_features_metadata,GPR,log,protocol_holdout,coverage,4,8,14.343257282094187
MIT,set4_features_metadata,GPR,log,protocol_holdout,coverage,4,16,11.922601447143304
MIT,set4_features_metadata,GPR,log,protocol_holdout,coverage,4,24,14.86782878439972
MIT,set4_features_metadata,GPR,log,protocol_holdout,coverage,4,32,11.15814131379832
MIT,set4_features_metadata,GPR,log,protocol_holdout,coverage,4,40,9.733671068378726
MIT,set4_features_metadata,GPR,log,protocol_holdout,coverage,4,48,9.15498533663346
MIT,set4_features_metadata,GPR,log,protocol_holdout,coverage,4,56,9.337388513972384
MIT,set4_features_metadata,GPR,log,protocol_holdout,coverage,4,64,9.36519275088448
MIT,set4_features_metadata,GPR,log,protocol_holdout,coverage,4,72,8.64594413227852
MIT,set4_features_metadata,GPR,log,protocol_holdout,coverage,4,80,8.435450938721624
MIT,set4_features_metadata,GPR,log,protocol_holdout,coverage,4,88,8.023351856034306
MIT,set4_features_metadata,GPR,log,protocol_holdout,coverage,4,96,8.167347426637443
MIT,set4_features_metadata,GPR,log,protocol_holdout,coverage,4,99,8.222585358970907
MIT,set4_features_metadata,GPR,log,protocol_holdout,coverage,5,8,14.984906030520069
MIT,set4_features_metadata,GPR,log,protocol_holdout,coverage,5,16,12.963463605209675
MIT,set4_features_metadata,GPR,log,protocol_holdout,coverage,5,24,13.296247814685982
MIT,set4_features_metadata,GPR,log,protocol_holdout,coverage,5,32,12.541980576249404
MIT,set4_features_metadata,GPR,log,protocol_holdout,coverage,5,40,12.046838879511297
MIT,set4_features_metadata,GPR,log,protocol_holdout,coverage,5,48,12.129810631084862
MIT,set4_features_metadata,GPR,log,protocol_holdout,coverage,5,56,13.373487656170925
MIT,set4_features_metadata,GPR,log,protocol_holdout,coverage,5,64,12.727250834343632
MIT,set4_features_metadata,GPR,log,protocol_holdout,coverage,5,72,12.747041204023825
MIT,set4_features_metadata,GPR,log,protocol_holdout,coverage,5,80,12.425893587019637
MIT,set4_features_metadata,GPR,log,protocol_holdout,coverage,5,88,11.477061277178668
MIT,set4_features_metadata,GPR,log,protocol_holdout,coverage,5,96,11.61048297729224
MIT,set4_features_metadata,GPR,log,protocol_holdout,coverage,5,99,11.610252475640651
MIT,set4_features_metadata,GPR,log,protocol_holdout,coverage,6,8,21.74921268872257
MIT,set4_features_metadata,GPR,log,protocol_holdout,coverage,6,16,24.523511298164912
MIT,set4_features_metadata,GPR,log,protocol_holdout,coverage,6,24,17.818375782086722
MIT,set4_features_metadata,GPR,log,protocol_holdout,coverage,6,32,18.44145180532277
MIT,set4_features_metadata,GPR,log,protocol_holdout,coverage,6,40,16.274031224265684
MIT,set4_features_metadata,GPR,log,protocol_holdout,coverage,6,48,15.605572116388045
MIT,set4_features_metadata,GPR,log,protocol_holdout,coverage,6,56,14.249473552651953
MIT,set4_features_metadata,GPR,log,protocol_holdout,coverage,6,64,15.49377976233132
MIT,set4_features_metadata,GPR,log,protocol_holdout,coverage,6,72,15.139940406177146
MIT,set4_features_metadata,GPR,log,protocol_holdout,coverage,6,80,14.692179524291312
MIT,set4_features_metadata,GPR,log,protocol_holdout,coverage,6,88,14.330449195755843
MIT,set4_features_metadata,GPR,log,protocol_holdout,coverage,6,96,14.08167135574211
MIT,set4_features_metadata,GPR,log,protocol_holdout,coverage,6,99,14.2426667547435
MIT,set4_features_metadata,GPR,log,protocol_holdout,coverage,7,8,25.291307810087147
MIT,set4_features_metadata,GPR,log,protocol_holdout,coverage,7,16,17.2697472612935
MIT,set4_features_metadata,GPR,log,protocol_holdout,coverage,7,24,10.782248056558092
MIT,set4_features_metadata,GPR,log,protocol_holdout,coverage,7,32,9.987253701027646
MIT,set4_features_metadata,GPR,log,protocol_holdout,coverage,7,40,9.990960870406026
MIT,set4_features_metadata,GPR,log,protocol_holdout,coverage,7,48,10.436335615980555
MIT,set4_features_metadata,GPR,log,protocol_holdout,coverage,7,56,11.382412806561405
MIT,set4_features_metadata,GPR,log,protocol_holdout,coverage,7,64,12.16260903880722
MIT,set4_features_metadata,GPR,log,protocol_holdout,coverage,7,72,12.39477650501743
MIT,set4_features_metadata,GPR,log,protocol_holdout,coverage,7,80,13.009908274379017
MIT,set4_features_metadata,GPR,log,protocol_holdout,coverage,7,88,10.620844853238845
MIT,set4_features_metadata,GPR,log,protocol_holdout,coverage,7,96,10.305433698692852
MIT,set4_features_metadata,GPR,log,protocol_holdout,coverage,7,99,11.090519618960604
MIT,set4_features_metadata,GPR,log,protocol_holdout,coverage,8,8,16.756171494972165
MIT,set4_features_metadata,GPR,log,protocol_holdout,coverage,8,16,13.406614854092458
MIT,set4_features_metadata,GPR,log,protocol_holdout,coverage,8,24,13.7151074380867
MIT,set4_features_metadata,GPR,log,protocol_holdout,coverage,8,32,13.928014270115735
MIT,set4_features_metadata,GPR,log,protocol_holdout,coverage,8,40,13.437730270381673
MIT,set4_features_metadata,GPR,log,protocol_holdout,coverage,8,48,12.628753760271866
MIT,set4_features_metadata,GPR,log,protocol_holdout,coverage,8,56,13.003897274448493
MIT,set4_features_metadata,GPR,log,protocol_holdout,coverage,8,64,12.800931204676132
MIT,set4_features_metadata,GPR,log,protocol_holdout,coverage,8,72,12.73343016668731
MIT,set4_features_metadata,GPR,log,protocol_holdout,coverage,8,80,12.325376703359993
MIT,set4_features_metadata,GPR,log,protocol_holdout,coverage,8,88,12.301897356449098
MIT,set4_features_metadata,GPR,log,protocol_holdout,coverage,8,96,12.327383903381934
MIT,set4_features_metadata,GPR,log,protocol_holdout,coverage,8,99,12.465038307769676
MIT,set4_features_metadata,GPR,log,protocol_holdout,coverage,9,8,20.227389811319583
MIT,set4_features_metadata,GPR,log,protocol_holdout,coverage,9,16,15.886287664446211
MIT,set4_features_metadata,GPR,log,protocol_holdout,coverage,9,24,16.08512209420566
MIT,set4_features_metadata,GPR,log,protocol_holdout,coverage,9,32,15.714702422938712
MIT,set4_features_metadata,GPR,log,protocol_holdout,coverage,9,40,14.15609991067051
MIT,set4_features_metadata,GPR,log,protocol_holdout,coverage,9,48,14.152563465027946
MIT,set4_features_metadata,GPR,log,protocol_holdout,coverage,9,56,12.828407544862367
MIT,set4_features_metadata,GPR,log,protocol_holdout,coverage,9,64,12.453070428354328
MIT,set4_features_metadata,GPR,log,protocol_holdout,coverage,9,72,11.777241215765018
MIT,set4_features_metadata,GPR,log,protocol_holdout,coverage,9,80,11.21911915191642
MIT,set4_features_metadata,GPR,log,protocol_holdout,coverage,9,88,12.0489426123908
MIT,set4_features_metadata,GPR,log,protocol_holdout,coverage,9,96,11.668639177808208
MIT,set4_features_metadata,GPR,log,protocol_holdout,coverage,9,99,11.40356028927016
MIT,set4_features_metadata,GPR,log,protocol_holdout,coverage,10,8,34.55347460876027
MIT,set4_features_metadata,GPR,log,protocol_holdout,coverage,10,16,13.725338161503856
MIT,set4_features_metadata,GPR,log,protocol_holdout,coverage,10,24,11.633413185204644
MIT,set4_features_metadata,GPR,log,protocol_holdout,coverage,10,32,12.356191829705548
MIT,set4_features_metadata,GPR,log,protocol_holdout,coverage,10,40,9.869568475780673
MIT,set4_features_metadata,GPR,log,protocol_holdout,coverage,10,48,10.794894230078848
MIT,set4_features_metadata,GPR,log,protocol_holdout,coverage,10,56,10.499178723371266
MIT,set4_features_metadata,GPR,log,protocol_holdout,coverage,10,64,10.354461456758594
MIT,set4_features_metadata,GPR,log,protocol_holdout,coverage,10,72,10.117404862271966
MIT,set4_features_metadata,GPR,log,protocol_holdout,coverage,10,80,9.957616277646713
MIT,set4_features_metadata,GPR,log,protocol_holdout,coverage,10,88,10.082234622942138
MIT,set4_features_metadata,GPR,log,protocol_holdout,coverage,10,96,10.115903133235582
MIT,set4_features_metadata,GPR,log,protocol_holdout,coverage,10,99,10.323880197230222
MIT,set4_features_metadata,GPR,log,protocol_holdout,exploration,1,8,25.193800074148303
MIT,set4_features_metadata,GPR,log,protocol_holdout,exploration,1,16,22.6530247597714
MIT,set4_features_metadata,GPR,log,protocol_holdout,exploration,1,24,21.490124440632
MIT,set4_features_metadata,GPR,log,protocol_holdout,exploration,1,32,19.05400126489313
MIT,set4_features_metadata,GPR,log,protocol_holdout,exploration,1,40,19.004007380202182
MIT,set4_features_metadata,GPR,log,protocol_holdout,exploration,1,48,19.266422872009752
MIT,set4_features_metadata,GPR,log,protocol_holdout,exploration,1,56,19.343288679831858
MIT,set4_features_metadata,GPR,log,protocol_holdout,exploration,1,64,18.87015182621555
MIT,set4_features_metadata,GPR,log,protocol_holdout,exploration,1,72,19.678940946608822
MIT,set4_features_metadata,GPR,log,protocol_holdout,exploration,1,80,19.676038117052386
MIT,set4_features_metadata,GPR,log,protocol_holdout,exploration,1,88,19.83938081501101
MIT,set4_features_metadata,GPR,log,protocol_holdout,exploration,1,96,19.68653045989793
MIT,set4_features_metadata,GPR,log,protocol_holdout,exploration,1,99,19.664564024779285
MIT,set4_features_metadata,GPR,log,protocol_holdout,exploration,2,8,18.14470840733494
MIT,set4_features_metadata,GPR,log,protocol_holdout,exploration,2,16,14.525188704437408
MIT,set4_features_metadata,GPR,log,protocol_holdout,exploration,2,24,12.307824205545543
MIT,set4_features_metadata,GPR,log,protocol_holdout,exploration,2,32,12.26963808905704
MIT,set4_features_metadata,GPR,log,protocol_holdout,exploration,2,40,11.272588624563724
MIT,set4_features_metadata,GPR,log,protocol_holdout,exploration,2,48,10.997421689030862
MIT,set4_features_metadata,GPR,log,protocol_holdout,exploration,2,56,11.971356754679974
MIT,set4_features_metadata,GPR,log,protocol_holdout,exploration,2,64,12.34173235780078
MIT,set4_features_metadata,GPR,log,protocol_holdout,exploration,2,72,12.512390844519924
MIT,set4_features_metadata,GPR,log,protocol_holdout,exploration,2,80,12.112260561770992
MIT,set4_features_metadata,GPR,log,protocol_holdout,exploration,2,88,12.622273690664674
MIT,set4_features_metadata,GPR,log,protocol_holdout,exploration,2,96,12.637178835842883
MIT,set4_features_metadata,GPR,log,protocol_holdout,exploration,2,99,12.717509830104795
MIT,set4_features_metadata,GPR,log,protocol_holdout,exploration,3,8,20.75750708633486
MIT,set4_features_metadata,GPR,log,protocol_holdout,exploration,3,16,13.495413281248922
MIT,set4_features_metadata,GPR,log,protocol_holdout,exploration,3,24,13.089580034359315
MIT,set4_features_metadata,GPR,log,protocol_holdout,exploration,3,32,13.976499397319817
MIT,set4_features_metadata,GPR,log,protocol_holdout,exploration,3,40,17.603387395446223
MIT,set4_features_metadata,GPR,log,protocol_holdout,exploration,3,48,15.6973471794166
MIT,set4_features_metadata,GPR,log,protocol_holdout,exploration,3,56,16.755984495437765
MIT,set4_features_metadata,GPR,log,protocol_holdout,exploration,3,64,15.726151250953729
MIT,set4_features_metadata,GPR,log,protocol_holdout,exploration,3,72,14.806767330476127
MIT,set4_features_metadata,GPR,log,protocol_holdout,exploration,3,80,15.6374190069248
MIT,set4_features_metadata,GPR,log,protocol_holdout,exploration,3,88,17.534582442785577
MIT,set4_features_metadata,GPR,log,protocol_holdout,exploration,3,96,18.94727595669036
MIT,set4_features_metadata,GPR,log,protocol_holdout,exploration,3,99,18.873832726529223
MIT,set4_features_metadata,GPR,log,protocol_holdout,exploration,4,8,14.343257282094187
MIT,set4_features_metadata,GPR,log,protocol_holdout,exploration,4,16,11.922601447143304
MIT,set4_features_metadata,GPR,log,protocol_holdout,exploration,4,24,10.835594117115775
MIT,set4_features_metadata,GPR,log,protocol_holdout,exploration,4,32,9.895716947579231
MIT,set4_features_metadata,GPR,log,protocol_holdout,exploration,4,40,9.279037101449369
MIT,set4_features_metadata,GPR,log,protocol_holdout,exploration,4,48,8.78793438442456
MIT,set4_features_metadata,GPR,log,protocol_holdout,exploration,4,56,8.647651703555082
MIT,set4_features_metadata,GPR,log,protocol_holdout,exploration,4,64,8.732828485951622
MIT,set4_features_metadata,GPR,log,protocol_holdout,exploration,4,72,8.754215515722835
MIT,set4_features_metadata,GPR,log,protocol_holdout,exploration,4,80,8.239253367408441
MIT,set4_features_metadata,GPR,log,protocol_holdout,exploration,4,88,8.46983756862993
MIT,set4_features_metadata,GPR,log,protocol_holdout,exploration,4,96,8.335015893460513
MIT,set4_features_metadata,GPR,log,protocol_holdout,exploration,4,99,8.222585358970907
MIT,set4_features_metadata,GPR,log,protocol_holdout,exploration,5,8,14.984906030520069
MIT,set4_features_metadata,GPR,log,protocol_holdout,exploration,5,16,12.963463605209675
MIT,set4_features_metadata,GPR,log,protocol_holdout,exploration,5,24,12.647311316463377
MIT,set4_features_metadata,GPR,log,protocol_holdout,exploration,5,32,14.0936832882018
MIT,set4_features_metadata,GPR,log,protocol_holdout,exploration,5,40,13.27914755074542
MIT,set4_features_metadata,GPR,log,protocol_holdout,exploration,5,48,13.504909895968764
MIT,set4_features_metadata,GPR,log,protocol_holdout,exploration,5,56,13.20673929207582
MIT,set4_features_metadata,GPR,log,protocol_holdout,exploration,5,64,12.848182767514654
MIT,set4_features_metadata,GPR,log,protocol_holdout,exploration,5,72,12.977051177978646
MIT,set4_features_metadata,GPR,log,protocol_holdout,exploration,5,80,12.674580475730062
MIT,set4_features_metadata,GPR,log,protocol_holdout,exploration,5,88,11.905317392820626
MIT,set4_features_metadata,GPR,log,protocol_holdout,exploration,5,96,11.62541139919094
MIT,set4_features_metadata,GPR,log,protocol_holdout,exploration,5,99,11.610252475640651
MIT,set4_features_metadata,GPR,log,protocol_holdout,exploration,6,8,21.74921268872257
MIT,set4_features_metadata,GPR,log,protocol_holdout,exploration,6,16,24.523511298164912
MIT,set4_features_metadata,GPR,log,protocol_holdout,exploration,6,24,20.42266472293981
MIT,set4_features_metadata,GPR,log,protocol_holdout,exploration,6,32,17.9403369131017
MIT,set4_features_metadata,GPR,log,protocol_holdout,exploration,6,40,17.17373572616567
MIT,set4_features_metadata,GPR,log,protocol_holdout,exploration,6,48,17.144754759449327
MIT,set4_features_metadata,GPR,log,protocol_holdout,exploration,6,56,15.830240389874788
MIT,set4_features_metadata,GPR,log,protocol_holdout,exploration,6,64,14.910053322673251
MIT,set4_features_metadata,GPR,log,protocol_holdout,exploration,6,72,13.830351076478433
MIT,set4_features_metadata,GPR,log,protocol_holdout,exploration,6,80,14.407978099468192
MIT,set4_features_metadata,GPR,log,protocol_holdout,exploration,6,88,13.959790715022038
MIT,set4_features_metadata,GPR,log,protocol_holdout,exploration,6,96,14.386580094919236
MIT,set4_features_metadata,GPR,log,protocol_holdout,exploration,6,99,14.2426667547435
MIT,set4_features_metadata,GPR,log,protocol_holdout,exploration,7,8,25.291307810087147
MIT,set4_features_metadata,GPR,log,protocol_holdout,exploration,7,16,17.396318987073148
MIT,set4_features_metadata,GPR,log,protocol_holdout,exploration,7,24,10.88428778376199
MIT,set4_features_metadata,GPR,log,protocol_holdout,exploration,7,32,9.289913658244132
MIT,set4_features_metadata,GPR,log,protocol_holdout,exploration,7,40,9.4784070405809
MIT,set4_features_metadata,GPR,log,protocol_holdout,exploration,7,48,8.8732908933241
MIT,set4_features_metadata,GPR,log,protocol_holdout,exploration,7,56,9.376358506873046
MIT,set4_features_metadata,GPR,log,protocol_holdout,exploration,7,64,10.582547537404368
MIT,set4_features_metadata,GPR,log,protocol_holdout,exploration,7,72,10.63969685292976
MIT,set4_features_metadata,GPR,log,protocol_holdout,exploration,7,80,11.059094445244764
MIT,set4_features_metadata,GPR,log,protocol_holdout,exploration,7,88,10.879808613466318
MIT,set4_features_metadata,GPR,log,protocol_holdout,exploration,7,96,11.112095921417524
MIT,set4_features_metadata,GPR,log,protocol_holdout,exploration,7,99,11.090519618960604
MIT,set4_features_metadata,GPR,log,protocol_holdout,exploration,8,8,16.756171494972165
MIT,set4_features_metadata,GPR,log,protocol_holdout,exploration,8,16,16.564879512359752
MIT,set4_features_metadata,GPR,log,protocol_holdout,exploration,8,24,12.5645388688134
MIT,set4_features_metadata,GPR,log,protocol_holdout,exploration,8,32,12.332881254716158
MIT,set4_features_metadata,GPR,log,protocol_holdout,exploration,8,40,13.416029726445194
MIT,set4_features_metadata,GPR,log,protocol_holdout,exploration,8,48,12.942050677201536
MIT,set4_features_metadata,GPR,log,protocol_holdout,exploration,8,56,12.673621730550176
MIT,set4_features_metadata,GPR,log,protocol_holdout,exploration,8,64,12.72819151678927
MIT,set4_features_metadata,GPR,log,protocol_holdout,exploration,8,72,12.510364850617794
MIT,set4_features_metadata,GPR,log,protocol_holdout,exploration,8,80,12.73376181776505
MIT,set4_features_metadata,GPR,log,protocol_holdout,exploration,8,88,12.743634161528252
MIT,set4_features_metadata,GPR,log,protocol_holdout,exploration,8,96,12.52131736257508
MIT,set4_features_metadata,GPR,log,protocol_holdout,exploration,8,99,12.465038307769676
MIT,set4_features_metadata,GPR,log,protocol_holdout,exploration,9,8,20.227389811319583
MIT,set4_features_metadata,GPR,log,protocol_holdout,exploration,9,16,15.603976476286247
MIT,set4_features_metadata,GPR,log,protocol_holdout,exploration,9,24,14.203811576847242
MIT,set4_features_metadata,GPR,log,protocol_holdout,exploration,9,32,12.824262419037478
MIT,set4_features_metadata,GPR,log,protocol_holdout,exploration,9,40,12.69979545868323
MIT,set4_features_metadata,GPR,log,protocol_holdout,exploration,9,48,12.508486847954352
MIT,set4_features_metadata,GPR,log,protocol_holdout,exploration,9,56,11.62473307366289
MIT,set4_features_metadata,GPR,log,protocol_holdout,exploration,9,64,11.840565256854545
MIT,set4_features_metadata,GPR,log,protocol_holdout,exploration,9,72,12.628676161896587
MIT,set4_features_metadata,GPR,log,protocol_holdout,exploration,9,80,12.276262273530936
MIT,set4_features_metadata,GPR,log,protocol_holdout,exploration,9,88,12.24583488212664
MIT,set4_features_metadata,GPR,log,protocol_holdout,exploration,9,96,11.538712686436927
MIT,set4_features_metadata,GPR,log,protocol_holdout,exploration,9,99,11.40356028927016
MIT,set4_features_metadata,GPR,log,protocol_holdout,exploration,10,8,34.55347460876027
MIT,set4_features_metadata,GPR,log,protocol_holdout,exploration,10,16,13.478912278923858
MIT,set4_features_metadata,GPR,log,protocol_holdout,exploration,10,24,12.93315799867208
MIT,set4_features_metadata,GPR,log,protocol_holdout,exploration,10,32,15.345495925153475
MIT,set4_features_metadata,GPR,log,protocol_holdout,exploration,10,40,11.935523213964249
MIT,set4_features_metadata,GPR,log,protocol_holdout,exploration,10,48,11.3082279799841
MIT,set4_features_metadata,GPR,log,protocol_holdout,exploration,10,56,9.963935714686588
MIT,set4_features_metadata,GPR,log,protocol_holdout,exploration,10,64,9.991113762813283
MIT,set4_features_metadata,GPR,log,protocol_holdout,exploration,10,72,10.456691809615355
MIT,set4_features_metadata,GPR,log,protocol_holdout,exploration,10,80,10.607695674785466
MIT,set4_features_metadata,GPR,log,protocol_holdout,exploration,10,88,10.185140541608888
MIT,set4_features_metadata,GPR,log,protocol_holdout,exploration,10,96,10.286620690244735
MIT,set4_features_metadata,GPR,log,protocol_holdout,exploration,10,99,10.323880197230222
MIT,set4_features_metadata,GPR,log,protocol_holdout,exploitation,1,8,25.193800074148303
MIT,set4_features_metadata,GPR,log,protocol_holdout,exploitation,1,16,32.67002765233436
MIT,set4_features_metadata,GPR,log,protocol_holdout,exploitation,1,24,35.41048755357779
MIT,set4_features_metadata,GPR,log,protocol_holdout,exploitation,1,32,31.32635947286372
MIT,set4_features_metadata,GPR,log,protocol_holdout,exploitation,1,40,23.042198082601185
MIT,set4_features_metadata,GPR,log,protocol_holdout,exploitation,1,48,21.84755062391024
MIT,set4_features_metadata,GPR,log,protocol_holdout,exploitation,1,56,21.764696497569105
MIT,set4_features_metadata,GPR,log,protocol_holdout,exploitation,1,64,20.664667054430726
MIT,set4_features_metadata,GPR,log,protocol_holdout,exploitation,1,72,20.30459778939497
MIT,set4_features_metadata,GPR,log,protocol_holdout,exploitation,1,80,19.53196398069896
MIT,set4_features_metadata,GPR,log,protocol_holdout,exploitation,1,88,19.78697469503619
MIT,set4_features_metadata,GPR,log,protocol_holdout,exploitation,1,96,19.65332446264672
MIT,set4_features_metadata,GPR,log,protocol_holdout,exploitation,1,99,19.664564024779285
MIT,set4_features_metadata,GPR,log,protocol_holdout,exploitation,2,8,18.14470840733494
MIT,set4_features_metadata,GPR,log,protocol_holdout,exploitation,2,16,19.14981653422069
MIT,set4_features_metadata,GPR,log,protocol_holdout,exploitation,2,24,16.95269748479795
MIT,set4_features_metadata,GPR,log,protocol_holdout,exploitation,2,32,12.187470557507536
MIT,set4_features_metadata,GPR,log,protocol_holdout,exploitation,2,40,11.808064738576606
MIT,set4_features_metadata,GPR,log,protocol_holdout,exploitation,2,48,11.82177299993754
MIT,set4_features_metadata,GPR,log,protocol_holdout,exploitation,2,56,11.839361206940431
MIT,set4_features_metadata,GPR,log,protocol_holdout,exploitation,2,64,11.648340318717104
MIT,set4_features_metadata,GPR,log,protocol_holdout,exploitation,2,72,13.061776387301762
MIT,set4_features_metadata,GPR,log,protocol_holdout,exploitation,2,80,13.005102293890069
MIT,set4_features_metadata,GPR,log,protocol_holdout,exploitation,2,88,13.00796943131524
MIT,set4_features_metadata,GPR,log,protocol_holdout,exploitation,2,96,12.849865185833185
MIT,set4_features_metadata,GPR,log,protocol_holdout,exploitation,2,99,12.717509830104795
MIT,set4_features_metadata,GPR,log,protocol_holdout,exploitation,3,8,20.75750708633486
MIT,set4_features_metadata,GPR,log,protocol_holdout,exploitation,3,16,20.553574378524267
MIT,set4_features_metadata,GPR,log,protocol_holdout,exploitation,3,24,16.1732804010327
MIT,set4_features_metadata,GPR,log,protocol_holdout,exploitation,3,32,15.057025785972003
MIT,set4_features_metadata,GPR,log,protocol_holdout,exploitation,3,40,20.171679959709003
MIT,set4_features_metadata,GPR,log,protocol_holdout,exploitation,3,48,15.909248839125596
MIT,set4_features_metadata,GPR,log,protocol_holdout,exploitation,3,56,16.590874494910643
MIT,set4_features_metadata,GPR,log,protocol_holdout,exploitation,3,64,15.946374015420428
MIT,set4_features_metadata,GPR,log,protocol_holdout,exploitation,3,72,16.437544444263803
MIT,set4_features_metadata,GPR,log,protocol_holdout,exploitation,3,80,16.673739340594032
MIT,set4_features_metadata,GPR,log,protocol_holdout,exploitation,3,88,16.2435006997914
MIT,set4_features_metadata,GPR,log,protocol_holdout,exploitation,3,96,17.421385923224587
MIT,set4_features_metadata,GPR,log,protocol_holdout,exploitation,3,99,18.873832726529223
MIT,set4_features_metadata,GPR,log,protocol_holdout,exploitation,4,8,14.343257282094187
MIT,set4_features_metadata,GPR,log,protocol_holdout,exploitation,4,16,11.38978646054223
MIT,set4_features_metadata,GPR,log,protocol_holdout,exploitation,4,24,9.465306576637229
MIT,set4_features_metadata,GPR,log,protocol_holdout,exploitation,4,32,9.98931038728022
MIT,set4_features_metadata,GPR,log,protocol_holdout,exploitation,4,40,9.964833271551806
MIT,set4_features_metadata,GPR,log,protocol_holdout,exploitation,4,48,10.238033218036223
MIT,set4_features_metadata,GPR,log,protocol_holdout,exploitation,4,56,9.320955351228914
MIT,set4_features_metadata,GPR,log,protocol_holdout,exploitation,4,64,8.643943951800214
MIT,set4_features_metadata,GPR,log,protocol_holdout,exploitation,4,72,8.15271018509017
MIT,set4_features_metadata,GPR,log,protocol_holdout,exploitation,4,80,8.85781106345345
MIT,set4_features_metadata,GPR,log,protocol_holdout,exploitation,4,88,8.069218431701264
MIT,set4_features_metadata,GPR,log,protocol_holdout,exploitation,4,96,7.941104083561442
MIT,set4_features_metadata,GPR,log,protocol_holdout,exploitation,4,99,8.222585358970907
MIT,set4_features_metadata,GPR,log,protocol_holdout,exploitation,5,8,14.984906030520069
MIT,set4_features_metadata,GPR,log,protocol_holdout,exploitation,5,16,16.718366625727764
MIT,set4_features_metadata,GPR,log,protocol_holdout,exploitation,5,24,13.98166370031116
MIT,set4_features_metadata,GPR,log,protocol_holdout,exploitation,5,32,17.659241167981556
MIT,set4_features_metadata,GPR,log,protocol_holdout,exploitation,5,40,12.098848581801144
MIT,set4_features_metadata,GPR,log,protocol_holdout,exploitation,5,48,13.714048068088433
MIT,set4_features_metadata,GPR,log,protocol_holdout,exploitation,5,56,13.45377177204238
MIT,set4_features_metadata,GPR,log,protocol_holdout,exploitation,5,64,13.54332787562494
MIT,set4_features_metadata,GPR,log,protocol_holdout,exploitation,5,72,13.68051575206871
MIT,set4_features_metadata,GPR,log,protocol_holdout,exploitation,5,80,13.500557015898991
MIT,set4_features_metadata,GPR,log,protocol_holdout,exploitation,5,88,12.010519626393783
MIT,set4_features_metadata,GPR,log,protocol_holdout,exploitation,5,96,11.871499888479534
MIT,set4_features_metadata,GPR,log,protocol_holdout,exploitation,5,99,11.610252475640651
MIT,set4_features_metadata,GPR,log,protocol_holdout,exploitation,6,8,21.74921268872257
MIT,set4_features_metadata,GPR,log,protocol_holdout,exploitation,6,16,19.352583554638027
MIT,set4_features_metadata,GPR,log,protocol_holdout,exploitation,6,24,20.182348214785424
MIT,set4_features_metadata,GPR,log,protocol_holdout,exploitation,6,32,24.06692623515212
MIT,set4_features_metadata,GPR,log,protocol_holdout,exploitation,6,40,23.17342534685999
MIT,set4_features_metadata,GPR,log,protocol_holdout,exploitation,6,48,17.498067466708623
MIT,set4_features_metadata,GPR,log,protocol_holdout,exploitation,6,56,17.912329582540565
MIT,set4_features_metadata,GPR,log,protocol_holdout,exploitation,6,64,16.997331540559944
MIT,set4_features_metadata,GPR,log,protocol_holdout,exploitation,6,72,15.654478852306667
MIT,set4_features_metadata,GPR,log,protocol_holdout,exploitation,6,80,14.66377602542578
MIT,set4_features_metadata,GPR,log,protocol_holdout,exploitation,6,88,14.77664694345304
MIT,set4_features_metadata,GPR,log,protocol_holdout,exploitation,6,96,14.29931716805525
MIT,set4_features_metadata,GPR,log,protocol_holdout,exploitation,6,99,14.2426667547435
MIT,set4_features_metadata,GPR,log,protocol_holdout,exploitation,7,8,25.291307810087147
MIT,set4_features_metadata,GPR,log,protocol_holdout,exploitation,7,16,14.85896509040094
MIT,set4_features_metadata,GPR,log,protocol_holdout,exploitation,7,24,10.744334714817343
MIT,set4_features_metadata,GPR,log,protocol_holdout,exploitation,7,32,11.619806016444642
MIT,set4_features_metadata,GPR,log,protocol_holdout,exploitation,7,40,11.807432638361131
MIT,set4_features_metadata,GPR,log,protocol_holdout,exploitation,7,48,12.744408943296053
MIT,set4_features_metadata,GPR,log,protocol_holdout,exploitation,7,56,11.656623482872115
MIT,set4_features_metadata,GPR,log,protocol_holdout,exploitation,7,64,10.610838867557623
MIT,set4_features_metadata,GPR,log,protocol_holdout,exploitation,7,72,10.918396532770704
MIT,set4_features_metadata,GPR,log,protocol_holdout,exploitation,7,80,11.006808948196966
MIT,set4_features_metadata,GPR,log,protocol_holdout,exploitation,7,88,10.985673752846733
MIT,set4_features_metadata,GPR,log,protocol_holdout,exploitation,7,96,11.098326516682
MIT,set4_features_metadata,GPR,log,protocol_holdout,exploitation,7,99,11.090519618960604
MIT,set4_features_metadata,GPR,log,protocol_holdout,exploitation,8,8,16.756171494972165
MIT,set4_features_metadata,GPR,log,protocol_holdout,exploitation,8,16,16.02124258036745
MIT,set4_features_metadata,GPR,log,protocol_holdout,exploitation,8,24,14.560856746983376
MIT,set4_features_metadata,GPR,log,protocol_holdout,exploitation,8,32,13.788826060895964
MIT,set4_features_metadata,GPR,log,protocol_holdout,exploitation,8,40,13.263519504863424
MIT,set4_features_metadata,GPR,log,protocol_holdout,exploitation,8,48,14.058906512484524
MIT,set4_features_metadata,GPR,log,protocol_holdout,exploitation,8,56,12.357428339351884
MIT,set4_features_metadata,GPR,log,protocol_holdout,exploitation,8,64,12.31956068943732
MIT,set4_features_metadata,GPR,log,protocol_holdout,exploitation,8,72,12.556231736548469
MIT,set4_features_metadata,GPR,log,protocol_holdout,exploitation,8,80,12.429099969249402
MIT,set4_features_metadata,GPR,log,protocol_holdout,exploitation,8,88,12.60176979608888
MIT,set4_features_metadata,GPR,log,protocol_holdout,exploitation,8,96,12.4334197558459
MIT,set4_features_metadata,GPR,log,protocol_holdout,exploitation,8,99,12.465038307769676
MIT,set4_features_metadata,GPR,log,protocol_holdout,exploitation,9,8,20.227389811319583
MIT,set4_features_metadata,GPR,log,protocol_holdout,exploitation,9,16,15.28221944134336
MIT,set4_features_metadata,GPR,log,protocol_holdout,exploitation,9,24,13.39627544565382
MIT,set4_features_metadata,GPR,log,protocol_holdout,exploitation,9,32,12.667257224140608
MIT,set4_features_metadata,GPR,log,protocol_holdout,exploitation,9,40,12.862976808091403
MIT,set4_features_metadata,GPR,log,protocol_holdout,exploitation,9,48,13.216889045902647
MIT,set4_features_metadata,GPR,log,protocol_holdout,exploitation,9,56,13.442446059114332
MIT,set4_features_metadata,GPR,log,protocol_holdout,exploitation,9,64,13.297587977112729
MIT,set4_features_metadata,GPR,log,protocol_holdout,exploitation,9,72,12.642896674305046
MIT,set4_features_metadata,GPR,log,protocol_holdout,exploitation,9,80,11.217759728920807
MIT,set4_features_metadata,GPR,log,protocol_holdout,exploitation,9,88,11.236618766995951
MIT,set4_features_metadata,GPR,log,protocol_holdout,exploitation,9,96,11.519217460784557
MIT,set4_features_metadata,GPR,log,protocol_holdout,exploitation,9,99,11.40356028927016
MIT,set4_features_metadata,GPR,log,protocol_holdout,exploitation,10,8,34.55347460876027
MIT,set4_features_metadata,GPR,log,protocol_holdout,exploitation,10,16,32.27971080839376
MIT,set4_features_metadata,GPR,log,protocol_holdout,exploitation,10,24,24.4490465221479
MIT,set4_features_metadata,GPR,log,protocol_holdout,exploitation,10,32,35.5768126833067
MIT,set4_features_metadata,GPR,log,protocol_holdout,exploitation,10,40,21.83224210989208
MIT,set4_features_metadata,GPR,log,protocol_holdout,exploitation,10,48,22.811411512491663
MIT,set4_features_metadata,GPR,log,protocol_holdout,exploitation,10,56,13.658771096824289
MIT,set4_features_metadata,GPR,log,protocol_holdout,exploitation,10,64,13.237117847557888
MIT,set4_features_metadata,GPR,log,protocol_holdout,exploitation,10,72,13.399331452611332
MIT,set4_features_metadata,GPR,log,protocol_holdout,exploitation,10,80,12.333849553074424
MIT,set4_features_metadata,GPR,log,protocol_holdout,exploitation,10,88,12.481347588341212
MIT,set4_features_metadata,GPR,log,protocol_holdout,exploitation,10,96,10.471656183630158
MIT,set4_features_metadata,GPR,log,protocol_holdout,exploitation,10,99,10.323880197230222
MIT,set4_features_metadata,GPR,log,protocol_holdout,hybrid,1,8,25.193800074148303
MIT,set4_features_metadata,GPR,log,protocol_holdout,hybrid,1,16,25.052777318298705
MIT,set4_features_metadata,GPR,log,protocol_holdout,hybrid,1,24,21.42350101066537
MIT,set4_features_metadata,GPR,log,protocol_holdout,hybrid,1,32,21.21450302836542
MIT,set4_features_metadata,GPR,log,protocol_holdout,hybrid,1,40,21.14965530790869
MIT,set4_features_metadata,GPR,log,protocol_holdout,hybrid,1,48,19.507429837513648
MIT,set4_features_metadata,GPR,log,protocol_holdout,hybrid,1,56,19.548909127398105
MIT,set4_features_metadata,GPR,log,protocol_holdout,hybrid,1,64,19.62971527833152
MIT,set4_features_metadata,GPR,log,protocol_holdout,hybrid,1,72,20.085282755701083
MIT,set4_features_metadata,GPR,log,protocol_holdout,hybrid,1,80,20.04764128696797
MIT,set4_features_metadata,GPR,log,protocol_holdout,hybrid,1,88,19.388202193736664
MIT,set4_features_metadata,GPR,log,protocol_holdout,hybrid,1,96,19.31046882991261
MIT,set4_features_metadata,GPR,log,protocol_holdout,hybrid,1,99,19.664564024779285
MIT,set4_features_metadata,GPR,log,protocol_holdout,hybrid,2,8,18.14470840733494
MIT,set4_features_metadata,GPR,log,protocol_holdout,hybrid,2,16,12.764690327568117
MIT,set4_features_metadata,GPR,log,protocol_holdout,hybrid,2,24,10.942343180707862
MIT,set4_features_metadata,GPR,log,protocol_holdout,hybrid,2,32,11.558723018306994
MIT,set4_features_metadata,GPR,log,protocol_holdout,hybrid,2,40,12.33120925765238
MIT,set4_features_metadata,GPR,log,protocol_holdout,hybrid,2,48,12.807584572715056
MIT,set4_features_metadata,GPR,log,protocol_holdout,hybrid,2,56,12.01827573413733
MIT,set4_features_metadata,GPR,log,protocol_holdout,hybrid,2,64,12.116974508333918
MIT,set4_features_metadata,GPR,log,protocol_holdout,hybrid,2,72,12.14160425791846
MIT,set4_features_metadata,GPR,log,protocol_holdout,hybrid,2,80,12.466616170509466
MIT,set4_features_metadata,GPR,log,protocol_holdout,hybrid,2,88,12.52481222115592
MIT,set4_features_metadata,GPR,log,protocol_holdout,hybrid,2,96,12.409073045940213
MIT,set4_features_metadata,GPR,log,protocol_holdout,hybrid,2,99,12.717509830104795
MIT,set4_features_metadata,GPR,log,protocol_holdout,hybrid,3,8,20.75750708633486
MIT,set4_features_metadata,GPR,log,protocol_holdout,hybrid,3,16,17.699018960005557
MIT,set4_features_metadata,GPR,log,protocol_holdout,hybrid,3,24,11.288872148099216
MIT,set4_features_metadata,GPR,log,protocol_holdout,hybrid,3,32,16.625796621256303
MIT,set4_features_metadata,GPR,log,protocol_holdout,hybrid,3,40,16.324188483872767
MIT,set4_features_metadata,GPR,log,protocol_holdout,hybrid,3,48,18.40824312727632
MIT,set4_features_metadata,GPR,log,protocol_holdout,hybrid,3,56,15.356761117135337
MIT,set4_features_metadata,GPR,log,protocol_holdout,hybrid,3,64,14.888770061345197
MIT,set4_features_metadata,GPR,log,protocol_holdout,hybrid,3,72,14.508685859487624
MIT,set4_features_metadata,GPR,log,protocol_holdout,hybrid,3,80,15.42003981675406
MIT,set4_features_metadata,GPR,log,protocol_holdout,hybrid,3,88,17.528981528860836
MIT,set4_features_metadata,GPR,log,protocol_holdout,hybrid,3,96,18.023291483452137
MIT,set4_features_metadata,GPR,log,protocol_holdout,hybrid,3,99,18.873832726529223
MIT,set4_features_metadata,GPR,log,protocol_holdout,hybrid,4,8,14.343257282094187
MIT,set4_features_metadata,GPR,log,protocol_holdout,hybrid,4,16,11.922601447143304
MIT,set4_features_metadata,GPR,log,protocol_holdout,hybrid,4,24,12.802877948845822
MIT,set4_features_metadata,GPR,log,protocol_holdout,hybrid,4,32,8.65767687507224
MIT,set4_features_metadata,GPR,log,protocol_holdout,hybrid,4,40,8.20931186981001
MIT,set4_features_metadata,GPR,log,protocol_holdout,hybrid,4,48,8.1352777499215
MIT,set4_features_metadata,GPR,log,protocol_holdout,hybrid,4,56,8.21389617385394
MIT,set4_features_metadata,GPR,log,protocol_holdout,hybrid,4,64,8.261256596812734
MIT,set4_features_metadata,GPR,log,protocol_holdout,hybrid,4,72,8.139487845259238
MIT,set4_features_metadata,GPR,log,protocol_holdout,hybrid,4,80,8.01356431047168
MIT,set4_features_metadata,GPR,log,protocol_holdout,hybrid,4,88,8.118316209335173
MIT,set4_features_metadata,GPR,log,protocol_holdout,hybrid,4,96,8.206480109292857
MIT,set4_features_metadata,GPR,log,protocol_holdout,hybrid,4,99,8.222585358970907
MIT,set4_features_metadata,GPR,log,protocol_holdout,hybrid,5,8,14.984906030520069
MIT,set4_features_metadata,GPR,log,protocol_holdout,hybrid,5,16,14.035011125127452
MIT,set4_features_metadata,GPR,log,protocol_holdout,hybrid,5,24,11.603554822174022
MIT,set4_features_metadata,GPR,log,protocol_holdout,hybrid,5,32,11.619301349855656
MIT,set4_features_metadata,GPR,log,protocol_holdout,hybrid,5,40,10.742440214216128
MIT,set4_features_metadata,GPR,log,protocol_holdout,hybrid,5,48,12.407791762924786
MIT,set4_features_metadata,GPR,log,protocol_holdout,hybrid,5,56,13.75178674748915
MIT,set4_features_metadata,GPR,log,protocol_holdout,hybrid,5,64,12.98865922088662
MIT,set4_features_metadata,GPR,log,protocol_holdout,hybrid,5,72,12.110228075553112
MIT,set4_features_metadata,GPR,log,protocol_holdout,hybrid,5,80,12.099137542073764
MIT,set4_features_metadata,GPR,log,protocol_holdout,hybrid,5,88,11.638543688571117
MIT,set4_features_metadata,GPR,log,protocol_holdout,hybrid,5,96,11.61048297729224
MIT,set4_features_metadata,GPR,log,protocol_holdout,hybrid,5,99,11.610252475640651
MIT,set4_features_metadata,GPR,log,protocol_holdout,hybrid,6,8,21.74921268872257
MIT,set4_features_metadata,GPR,log,protocol_holdout,hybrid,6,16,21.40673888224396
MIT,set4_features_metadata,GPR,log,protocol_holdout,hybrid,6,24,17.69046987267741
MIT,set4_features_metadata,GPR,log,protocol_holdout,hybrid,6,32,16.338161359591343
MIT,set4_features_metadata,GPR,log,protocol_holdout,hybrid,6,40,15.816638491785254
MIT,set4_features_metadata,GPR,log,protocol_holdout,hybrid,6,48,14.79544771177438
MIT,set4_features_metadata,GPR,log,protocol_holdout,hybrid,6,56,14.121477288082904
MIT,set4_features_metadata,GPR,log,protocol_holdout,hybrid,6,64,13.994059349016744
MIT,set4_features_metadata,GPR,log,protocol_holdout,hybrid,6,72,13.690517492450136
MIT,set4_features_metadata,GPR,log,protocol_holdout,hybrid,6,80,13.223072580230363
MIT,set4_features_metadata,GPR,log,protocol_holdout,hybrid,6,88,14.065760286283687
MIT,set4_features_metadata,GPR,log,protocol_holdout,hybrid,6,96,14.191010533979536
MIT,set4_features_metadata,GPR,log,protocol_holdout,hybrid,6,99,14.2426667547435
MIT,set4_features_metadata,GPR,log,protocol_holdout,hybrid,7,8,25.291307810087147
MIT,set4_features_metadata,GPR,log,protocol_holdout,hybrid,7,16,15.283438211566894
MIT,set4_features_metadata,GPR,log,protocol_holdout,hybrid,7,24,11.497821244971858
MIT,set4_features_metadata,GPR,log,protocol_holdout,hybrid,7,32,10.386743544103552
MIT,set4_features_metadata,GPR,log,protocol_holdout,hybrid,7,40,9.62800943191824
MIT,set4_features_metadata,GPR,log,protocol_holdout,hybrid,7,48,10.80666956131098
MIT,set4_features_metadata,GPR,log,protocol_holdout,hybrid,7,56,12.060279997034147
MIT,set4_features_metadata,GPR,log,protocol_holdout,hybrid,7,64,11.84655975772514
MIT,set4_features_metadata,GPR,log,protocol_holdout,hybrid,7,72,10.732651037541755
MIT,set4_features_metadata,GPR,log,protocol_holdout,hybrid,7,80,10.48724701463151
MIT,set4_features_metadata,GPR,log,protocol_holdout,hybrid,7,88,10.381243217179136
MIT,set4_features_metadata,GPR,log,protocol_holdout,hybrid,7,96,10.306778135653884
MIT,set4_features_metadata,GPR,log,protocol_holdout,hybrid,7,99,11.090519618960604
MIT,set4_features_metadata,GPR,log,protocol_holdout,hybrid,8,8,16.756171494972165
MIT,set4_features_metadata,GPR,log,protocol_holdout,hybrid,8,16,13.93781238363344
MIT,set4_features_metadata,GPR,log,protocol_holdout,hybrid,8,24,12.980510480278433
MIT,set4_features_metadata,GPR,log,protocol_holdout,hybrid,8,32,12.212701519004836
MIT,set4_features_metadata,GPR,log,protocol_holdout,hybrid,8,40,13.02425172825014
MIT,set4_features_metadata,GPR,log,protocol_holdout,hybrid,8,48,12.459004479348296
MIT,set4_features_metadata,GPR,log,protocol_holdout,hybrid,8,56,12.565608525427372
MIT,set4_features_metadata,GPR,log,protocol_holdout,hybrid,8,64,12.53935376286834
MIT,set4_features_metadata,GPR,log,protocol_holdout,hybrid,8,72,12.473775010097514
MIT,set4_features_metadata,GPR,log,protocol_holdout,hybrid,8,80,12.43829210048644
MIT,set4_features_metadata,GPR,log,protocol_holdout,hybrid,8,88,12.370914544524512
MIT,set4_features_metadata,GPR,log,protocol_holdout,hybrid,8,96,12.48563271947708
MIT,set4_features_metadata,GPR,log,protocol_holdout,hybrid,8,99,12.465038307769676
MIT,set4_features_metadata,GPR,log,protocol_holdout,hybrid,9,8,20.227389811319583
MIT,set4_features_metadata,GPR,log,protocol_holdout,hybrid,9,16,15.603976476286247
MIT,set4_features_metadata,GPR,log,protocol_holdout,hybrid,9,24,18.02510052321289
MIT,set4_features_metadata,GPR,log,protocol_holdout,hybrid,9,32,14.812454289202742
MIT,set4_features_metadata,GPR,log,protocol_holdout,hybrid,9,40,11.014191919262162
MIT,set4_features_metadata,GPR,log,protocol_holdout,hybrid,9,48,11.139696635026263
MIT,set4_features_metadata,GPR,log,protocol_holdout,hybrid,9,56,11.73232399031509
MIT,set4_features_metadata,GPR,log,protocol_holdout,hybrid,9,64,12.070407101960823
MIT,set4_features_metadata,GPR,log,protocol_holdout,hybrid,9,72,12.81371126992016
MIT,set4_features_metadata,GPR,log,protocol_holdout,hybrid,9,80,12.481181723652725
MIT,set4_features_metadata,GPR,log,protocol_holdout,hybrid,9,88,12.405650874684495
MIT,set4_features_metadata,GPR,log,protocol_holdout,hybrid,9,96,11.845600466451256
MIT,set4_features_metadata,GPR,log,protocol_holdout,hybrid,9,99,11.40356028927016
MIT,set4_features_metadata,GPR,log,protocol_holdout,hybrid,10,8,34.55347460876027
MIT,set4_features_metadata,GPR,log,protocol_holdout,hybrid,10,16,11.787817419463805
MIT,set4_features_metadata,GPR,log,protocol_holdout,hybrid,10,24,11.522336021163367
MIT,set4_features_metadata,GPR,log,protocol_holdout,hybrid,10,32,11.072187260220618
MIT,set4_features_metadata,GPR,log,protocol_holdout,hybrid,10,40,10.994349210632718
MIT,set4_features_metadata,GPR,log,protocol_holdout,hybrid,10,48,10.307840805173289
MIT,set4_features_metadata,GPR,log,protocol_holdout,hybrid,10,56,9.703828677617588
MIT,set4_features_metadata,GPR,log,protocol_holdout,hybrid,10,64,10.629912044221932
MIT,set4_features_metadata,GPR,log,protocol_holdout,hybrid,10,72,10.447464662089825
MIT,set4_features_metadata,GPR,log,protocol_holdout,hybrid,10,80,9.945988741105513
MIT,set4_features_metadata,GPR,log,protocol_holdout,hybrid,10,88,10.078279171129868
MIT,set4_features_metadata,GPR,log,protocol_holdout,hybrid,10,96,10.17350540634743
MIT,set4_features_metadata,GPR,log,protocol_holdout,hybrid,10,99,10.323880197230222
ISU_ILCC,set4_features_metadata,GPR,log,protocol_holdout,random_selection,1,16,29.33423345596824
ISU_ILCC,set4_features_metadata,GPR,log,protocol_holdout,random_selection,1,32,25.59793780327334
ISU_ILCC,set4_features_metadata,GPR,log,protocol_holdout,random_selection,1,48,19.91191136528889
ISU_ILCC,set4_features_metadata,GPR,log,protocol_holdout,random_selection,1,64,17.97965595093017
ISU_ILCC,set4_features_metadata,GPR,log,protocol_holdout,random_selection,1,80,16.9005034917375
ISU_ILCC,set4_features_metadata,GPR,log,protocol_holdout,random_selection,1,96,15.961893903838364
ISU_ILCC,set4_features_metadata,GPR,log,protocol_holdout,random_selection,1,112,16.2343613281456
ISU_ILCC,set4_features_metadata,GPR,log,protocol_holdout,random_selection,1,128,16.060043490015495
ISU_ILCC,set4_features_metadata,GPR,log,protocol_holdout,random_selection,1,144,15.608877521046068
ISU_ILCC,set4_features_metadata,GPR,log,protocol_holdout,random_selection,1,160,15.915349558187602
ISU_ILCC,set4_features_metadata,GPR,log,protocol_holdout,random_selection,1,176,15.298735685481654
ISU_ILCC,set4_features_metadata,GPR,log,protocol_holdout,random_selection,1,192,14.776064143754944
ISU_ILCC,set4_features_metadata,GPR,log,protocol_holdout,random_selection,1,193,14.801307217217827
ISU_ILCC,set4_features_metadata,GPR,log,protocol_holdout,random_selection,2,16,32.55607302225202
ISU_ILCC,set4_features_metadata,GPR,log,protocol_holdout,random_selection,2,32,20.048486524204044
ISU_ILCC,set4_features_metadata,GPR,log,protocol_holdout,random_selection,2,48,19.05585941298784
ISU_ILCC,set4_features_metadata,GPR,log,protocol_holdout,random_selection,2,64,18.582151155729417
ISU_ILCC,set4_features_metadata,GPR,log,protocol_holdout,random_selection,2,80,17.541679614640948
ISU_ILCC,set4_features_metadata,GPR,log,protocol_holdout,random_selection,2,96,18.25613738923829
ISU_ILCC,set4_features_metadata,GPR,log,protocol_holdout,random_selection,2,112,17.403713222562242
ISU_ILCC,set4_features_metadata,GPR,log,protocol_holdout,random_selection,2,128,18.81779119610367
ISU_ILCC,set4_features_metadata,GPR,log,protocol_holdout,random_selection,2,144,18.4835253750994
ISU_ILCC,set4_features_metadata,GPR,log,protocol_holdout,random_selection,2,160,18.90901985533335
ISU_ILCC,set4_features_metadata,GPR,log,protocol_holdout,random_selection,2,176,19.69636425665382
ISU_ILCC,set4_features_metadata,GPR,log,protocol_holdout,random_selection,2,192,19.186144065345765
ISU_ILCC,set4_features_metadata,GPR,log,protocol_holdout,random_selection,2,193,19.25342427351053
ISU_ILCC,set4_features_metadata,GPR,log,protocol_holdout,random_selection,3,16,19.551790960464626
ISU_ILCC,set4_features_metadata,GPR,log,protocol_holdout,random_selection,3,32,19.6633414633964
ISU_ILCC,set4_features_metadata,GPR,log,protocol_holdout,random_selection,3,48,15.628818385100692
ISU_ILCC,set4_features_metadata,GPR,log,protocol_holdout,random_selection,3,64,14.212171887689976
ISU_ILCC,set4_features_metadata,GPR,log,protocol_holdout,random_selection,3,80,14.54696317036128
ISU_ILCC,set4_features_metadata,GPR,log,protocol_holdout,random_selection,3,96,14.359354692807605
ISU_ILCC,set4_features_metadata,GPR,log,protocol_holdout,random_selection,3,112,14.042193270544711
ISU_ILCC,set4_features_metadata,GPR,log,protocol_holdout,random_selection,3,128,14.252210898826464
ISU_ILCC,set4_features_metadata,GPR,log,protocol_holdout,random_selection,3,144,14.111229108024084
ISU_ILCC,set4_features_metadata,GPR,log,protocol_holdout,random_selection,3,160,13.70547883028147
ISU_ILCC,set4_features_metadata,GPR,log,protocol_holdout,random_selection,3,176,14.158727723941777
ISU_ILCC,set4_features_metadata,GPR,log,protocol_holdout,random_selection,3,192,13.945052758976942
ISU_ILCC,set4_features_metadata,GPR,log,protocol_holdout,random_selection,3,193,13.983624538627298
ISU_ILCC,set4_features_metadata,GPR,log,protocol_holdout,random_selection,4,16,25.55837475985073
ISU_ILCC,set4_features_metadata,GPR,log,protocol_holdout,random_selection,4,32,23.666944364890448
ISU_ILCC,set4_features_metadata,GPR,log,protocol_holdout,random_selection,4,48,21.84031285991979
ISU_ILCC,set4_features_metadata,GPR,log,protocol_holdout,random_selection,4,64,23.606105032329776
ISU_ILCC,set4_features_metadata,GPR,log,protocol_holdout,random_selection,4,80,21.49784956341109
ISU_ILCC,set4_features_metadata,GPR,log,protocol_holdout,random_selection,4,96,18.48043136889777
ISU_ILCC,set4_features_metadata,GPR,log,protocol_holdout,random_selection,4,112,18.617005319389254
ISU_ILCC,set4_features_metadata,GPR,log,protocol_holdout,random_selection,4,128,18.60586943261854
ISU_ILCC,set4_features_metadata,GPR,log,protocol_holdout,random_selection,4,144,18.52157823393208
ISU_ILCC,set4_features_metadata,GPR,log,protocol_holdout,random_selection,4,160,17.583251529946896
ISU_ILCC,set4_features_metadata,GPR,log,protocol_holdout,random_selection,4,176,16.887369015033684
ISU_ILCC,set4_features_metadata,GPR,log,protocol_holdout,random_selection,4,192,16.188386084267815
ISU_ILCC,set4_features_metadata,GPR,log,protocol_holdout,random_selection,4,193,16.302811935775598
ISU_ILCC,set4_features_metadata,GPR,log,protocol_holdout,random_selection,5,16,36.820545071367846
ISU_ILCC,set4_features_metadata,GPR,log,protocol_holdout,random_selection,5,32,34.87676844986647
ISU_ILCC,set4_features_metadata,GPR,log,protocol_holdout,random_selection,5,48,29.545407066784552
ISU_ILCC,set4_features_metadata,GPR,log,protocol_holdout,random_selection,5,64,22.722535878378647
ISU_ILCC,set4_features_metadata,GPR,log,protocol_holdout,random_selection,5,80,21.331294902991583
ISU_ILCC,set4_features_metadata,GPR,log,protocol_holdout,random_selection,5,96,21.35934045319096
ISU_ILCC,set4_features_metadata,GPR,log,protocol_holdout,random_selection,5,112,21.21010316977113
ISU_ILCC,set4_features_metadata,GPR,log,protocol_holdout,random_selection,5,128,20.02612619900877
ISU_ILCC,set4_features_metadata,GPR,log,protocol_holdout,random_selection,5,144,19.2104742477484
ISU_ILCC,set4_features_metadata,GPR,log,protocol_holdout,random_selection,5,160,18.749730353507392
ISU_ILCC,set4_features_metadata,GPR,log,protocol_holdout,random_selection,5,176,19.62629285680081
ISU_ILCC,set4_features_metadata,GPR,log,protocol_holdout,random_selection,5,192,18.431631248039228
ISU_ILCC,set4_features_metadata,GPR,log,protocol_holdout,random_selection,5,193,18.367370727578592
ISU_ILCC,set4_features_metadata,GPR,log,protocol_holdout,random_selection,6,16,31.7999375492524
ISU_ILCC,set4_features_metadata,GPR,log,protocol_holdout,random_selection,6,32,27.328022814898134
ISU_ILCC,set4_features_metadata,GPR,log,protocol_holdout,random_selection,6,48,26.34837763379488
ISU_ILCC,set4_features_metadata,GPR,log,protocol_holdout,random_selection,6,64,27.49267883088256
ISU_ILCC,set4_features_metadata,GPR,log,protocol_holdout,random_selection,6,80,25.373933513564644
ISU_ILCC,set4_features_metadata,GPR,log,protocol_holdout,random_selection,6,96,22.726172664573472
ISU_ILCC,set4_features_metadata,GPR,log,protocol_holdout,random_selection,6,112,23.24291481211448
ISU_ILCC,set4_features_metadata,GPR,log,protocol_holdout,random_selection,6,128,21.339002928818232
ISU_ILCC,set4_features_metadata,GPR,log,protocol_holdout,random_selection,6,144,22.414140485436995
ISU_ILCC,set4_features_metadata,GPR,log,protocol_holdout,random_selection,6,160,22.38041766175221
ISU_ILCC,set4_features_metadata,GPR,log,protocol_holdout,random_selection,6,176,23.003362362935324
ISU_ILCC,set4_features_metadata,GPR,log,protocol_holdout,random_selection,6,192,21.1056591969894
ISU_ILCC,set4_features_metadata,GPR,log,protocol_holdout,random_selection,6,193,21.4031467711028
ISU_ILCC,set4_features_metadata,GPR,log,protocol_holdout,random_selection,7,16,20.838110184835948
ISU_ILCC,set4_features_metadata,GPR,log,protocol_holdout,random_selection,7,32,19.36163080013516
ISU_ILCC,set4_features_metadata,GPR,log,protocol_holdout,random_selection,7,48,22.96819604919189
ISU_ILCC,set4_features_metadata,GPR,log,protocol_holdout,random_selection,7,64,20.909732813075568
ISU_ILCC,set4_features_metadata,GPR,log,protocol_holdout,random_selection,7,80,20.4792334440252
ISU_ILCC,set4_features_metadata,GPR,log,protocol_holdout,random_selection,7,96,21.88195694336238
ISU_ILCC,set4_features_metadata,GPR,log,protocol_holdout,random_selection,7,112,21.221169365250724
ISU_ILCC,set4_features_metadata,GPR,log,protocol_holdout,random_selection,7,128,20.607424716480725
ISU_ILCC,set4_features_metadata,GPR,log,protocol_holdout,random_selection,7,144,20.457144097381995
ISU_ILCC,set4_features_metadata,GPR,log,protocol_holdout,random_selection,7,160,20.10914776620313
ISU_ILCC,set4_features_metadata,GPR,log,protocol_holdout,random_selection,7,176,19.521068174023423
ISU_ILCC,set4_features_metadata,GPR,log,protocol_holdout,random_selection,7,192,20.282430076841663
ISU_ILCC,set4_features_metadata,GPR,log,protocol_holdout,random_selection,7,193,20.18669391097907
ISU_ILCC,set4_features_metadata,GPR,log,protocol_holdout,random_selection,8,16,77.51816135336546
ISU_ILCC,set4_features_metadata,GPR,log,protocol_holdout,random_selection,8,32,35.940290192903554
ISU_ILCC,set4_features_metadata,GPR,log,protocol_holdout,random_selection,8,48,28.648990659678383
ISU_ILCC,set4_features_metadata,GPR,log,protocol_holdout,random_selection,8,64,30.488209817087235
ISU_ILCC,set4_features_metadata,GPR,log,protocol_holdout,random_selection,8,80,27.837365642845747
ISU_ILCC,set4_features_metadata,GPR,log,protocol_holdout,random_selection,8,96,23.535495382033343
ISU_ILCC,set4_features_metadata,GPR,log,protocol_holdout,random_selection,8,112,22.925894962950373
ISU_ILCC,set4_features_metadata,GPR,log,protocol_holdout,random_selection,8,128,25.033195616448893
ISU_ILCC,set4_features_metadata,GPR,log,protocol_holdout,random_selection,8,144,25.229562110276664
ISU_ILCC,set4_features_metadata,GPR,log,protocol_holdout,random_selection,8,160,25.313818426925334
ISU_ILCC,set4_features_metadata,GPR,log,protocol_holdout,random_selection,8,176,25.47472594294772
ISU_ILCC,set4_features_metadata,GPR,log,protocol_holdout,random_selection,8,192,26.406008228165533
ISU_ILCC,set4_features_metadata,GPR,log,protocol_holdout,random_selection,8,193,26.40776075553068
ISU_ILCC,set4_features_metadata,GPR,log,protocol_holdout,random_selection,9,16,26.364572128230183
ISU_ILCC,set4_features_metadata,GPR,log,protocol_holdout,random_selection,9,32,25.94704437451908
ISU_ILCC,set4_features_metadata,GPR,log,protocol_holdout,random_selection,9,48,28.405917361265143
ISU_ILCC,set4_features_metadata,GPR,log,protocol_holdout,random_selection,9,64,24.49745903150455
ISU_ILCC,set4_features_metadata,GPR,log,protocol_holdout,random_selection,9,80,23.74231503490953
ISU_ILCC,set4_features_metadata,GPR,log,protocol_holdout,random_selection,9,96,24.79507786879606
ISU_ILCC,set4_features_metadata,GPR,log,protocol_holdout,random_selection,9,112,25.90465120923276
ISU_ILCC,set4_features_metadata,GPR,log,protocol_holdout,random_selection,9,128,23.76512356577624
ISU_ILCC,set4_features_metadata,GPR,log,protocol_holdout,random_selection,9,144,24.50187285890925
ISU_ILCC,set4_features_metadata,GPR,log,protocol_holdout,random_selection,9,160,24.29351259523765
ISU_ILCC,set4_features_metadata,GPR,log,protocol_holdout,random_selection,9,176,22.802938414293823
ISU_ILCC,set4_features_metadata,GPR,log,protocol_holdout,random_selection,9,192,23.00586252754494
ISU_ILCC,set4_features_metadata,GPR,log,protocol_holdout,random_selection,9,193,22.937231270646937
ISU_ILCC,set4_features_metadata,GPR,log,protocol_holdout,random_selection,10,16,33.96538595084116
ISU_ILCC,set4_features_metadata,GPR,log,protocol_holdout,random_selection,10,32,21.18705107672896
ISU_ILCC,set4_features_metadata,GPR,log,protocol_holdout,random_selection,10,48,21.766381582133075
ISU_ILCC,set4_features_metadata,GPR,log,protocol_holdout,random_selection,10,64,20.396314023188463
ISU_ILCC,set4_features_metadata,GPR,log,protocol_holdout,random_selection,10,80,21.932747287471543
ISU_ILCC,set4_features_metadata,GPR,log,protocol_holdout,random_selection,10,96,21.96444383980872
ISU_ILCC,set4_features_metadata,GPR,log,protocol_holdout,random_selection,10,112,21.991511310132747
ISU_ILCC,set4_features_metadata,GPR,log,protocol_holdout,random_selection,10,128,21.84463379523545
ISU_ILCC,set4_features_metadata,GPR,log,protocol_holdout,random_selection,10,144,22.733013400354604
ISU_ILCC,set4_features_metadata,GPR,log,protocol_holdout,random_selection,10,160,23.02873680877745
ISU_ILCC,set4_features_metadata,GPR,log,protocol_holdout,random_selection,10,176,22.34431484173677
ISU_ILCC,set4_features_metadata,GPR,log,protocol_holdout,random_selection,10,192,22.25555500358261
ISU_ILCC,set4_features_metadata,GPR,log,protocol_holdout,random_selection,10,193,22.25563915967739
ISU_ILCC,set4_features_metadata,GPR,log,protocol_holdout,diversity_oneshot,1,16,30.37146347525439
ISU_ILCC,set4_features_metadata,GPR,log,protocol_holdout,diversity_oneshot,1,32,18.34220201686085
ISU_ILCC,set4_features_metadata,GPR,log,protocol_holdout,diversity_oneshot,1,48,18.24282692945705
ISU_ILCC,set4_features_metadata,GPR,log,protocol_holdout,diversity_oneshot,1,64,17.686694315286346
ISU_ILCC,set4_features_metadata,GPR,log,protocol_holdout,diversity_oneshot,1,80,16.68172972778533
ISU_ILCC,set4_features_metadata,GPR,log,protocol_holdout,diversity_oneshot,1,96,16.18465935106559
ISU_ILCC,set4_features_metadata,GPR,log,protocol_holdout,diversity_oneshot,1,112,17.002240815163155
ISU_ILCC,set4_features_metadata,GPR,log,protocol_holdout,diversity_oneshot,1,128,15.894409841881632
ISU_ILCC,set4_features_metadata,GPR,log,protocol_holdout,diversity_oneshot,1,144,15.633995984613872
ISU_ILCC,set4_features_metadata,GPR,log,protocol_holdout,diversity_oneshot,1,160,14.820826768078913
ISU_ILCC,set4_features_metadata,GPR,log,protocol_holdout,diversity_oneshot,1,176,14.57684019995638
ISU_ILCC,set4_features_metadata,GPR,log,protocol_holdout,diversity_oneshot,1,192,14.809231501472324
ISU_ILCC,set4_features_metadata,GPR,log,protocol_holdout,diversity_oneshot,1,193,14.801307217217827
ISU_ILCC,set4_features_metadata,GPR,log,protocol_holdout,diversity_oneshot,2,16,17.84100834753458
ISU_ILCC,set4_features_metadata,GPR,log,protocol_holdout,diversity_oneshot,2,32,20.674439058286584
ISU_ILCC,set4_features_metadata,GPR,log,protocol_holdout,diversity_oneshot,2,48,19.340444363029523
ISU_ILCC,set4_features_metadata,GPR,log,protocol_holdout,diversity_oneshot,2,64,19.66724983225604
ISU_ILCC,set4_features_metadata,GPR,log,protocol_holdout,diversity_oneshot,2,80,18.13283457243179
ISU_ILCC,set4_features_metadata,GPR,log,protocol_holdout,diversity_oneshot,2,96,20.10636159019084
ISU_ILCC,set4_features_metadata,GPR,log,protocol_holdout,diversity_oneshot,2,112,19.35221926395089
ISU_ILCC,set4_features_metadata,GPR,log,protocol_holdout,diversity_oneshot,2,128,21.3428845726746
ISU_ILCC,set4_features_metadata,GPR,log,protocol_holdout,diversity_oneshot,2,144,19.94179504996476
ISU_ILCC,set4_features_metadata,GPR,log,protocol_holdout,diversity_oneshot,2,160,21.331031535056947
ISU_ILCC,set4_features_metadata,GPR,log,protocol_holdout,diversity_oneshot,2,176,19.487867883648853
ISU_ILCC,set4_features_metadata,GPR,log,protocol_holdout,diversity_oneshot,2,192,19.31197469265439
ISU_ILCC,set4_features_metadata,GPR,log,protocol_holdout,diversity_oneshot,2,193,19.25342427351053
ISU_ILCC,set4_features_metadata,GPR,log,protocol_holdout,diversity_oneshot,3,16,24.13833999202876
ISU_ILCC,set4_features_metadata,GPR,log,protocol_holdout,diversity_oneshot,3,32,17.471026141314297
ISU_ILCC,set4_features_metadata,GPR,log,protocol_holdout,diversity_oneshot,3,48,17.06383525043238
ISU_ILCC,set4_features_metadata,GPR,log,protocol_holdout,diversity_oneshot,3,64,18.77266606872995
ISU_ILCC,set4_features_metadata,GPR,log,protocol_holdout,diversity_oneshot,3,80,16.31445661560135
ISU_ILCC,set4_features_metadata,GPR,log,protocol_holdout,diversity_oneshot,3,96,17.10662801124877
ISU_ILCC,set4_features_metadata,GPR,log,protocol_holdout,diversity_oneshot,3,112,14.903458160886284
ISU_ILCC,set4_features_metadata,GPR,log,protocol_holdout,diversity_oneshot,3,128,15.845346804750598
ISU_ILCC,set4_features_metadata,GPR,log,protocol_holdout,diversity_oneshot,3,144,15.600209385178902
ISU_ILCC,set4_features_metadata,GPR,log,protocol_holdout,diversity_oneshot,3,160,13.96419378835583
ISU_ILCC,set4_features_metadata,GPR,log,protocol_holdout,diversity_oneshot,3,176,14.203779279299557
ISU_ILCC,set4_features_metadata,GPR,log,protocol_holdout,diversity_oneshot,3,192,13.994630580388762
ISU_ILCC,set4_features_metadata,GPR,log,protocol_holdout,diversity_oneshot,3,193,13.983624538627298
ISU_ILCC,set4_features_metadata,GPR,log,protocol_holdout,diversity_oneshot,4,16,19.09616715589415
ISU_ILCC,set4_features_metadata,GPR,log,protocol_holdout,diversity_oneshot,4,32,13.755942045348975
ISU_ILCC,set4_features_metadata,GPR,log,protocol_holdout,diversity_oneshot,4,48,12.702747020328491
ISU_ILCC,set4_features_metadata,GPR,log,protocol_holdout,diversity_oneshot,4,64,17.00823318700344
ISU_ILCC,set4_features_metadata,GPR,log,protocol_holdout,diversity_oneshot,4,80,14.488507394611974
ISU_ILCC,set4_features_metadata,GPR,log,protocol_holdout,diversity_oneshot,4,96,13.182200107803594
ISU_ILCC,set4_features_metadata,GPR,log,protocol_holdout,diversity_oneshot,4,112,11.63415182792118
ISU_ILCC,set4_features_metadata,GPR,log,protocol_holdout,diversity_oneshot,4,128,14.28114711961907
ISU_ILCC,set4_features_metadata,GPR,log,protocol_holdout,diversity_oneshot,4,144,15.815119738167391
ISU_ILCC,set4_features_metadata,GPR,log,protocol_holdout,diversity_oneshot,4,160,15.481507655029809
ISU_ILCC,set4_features_metadata,GPR,log,protocol_holdout,diversity_oneshot,4,176,15.76006358370978
ISU_ILCC,set4_features_metadata,GPR,log,protocol_holdout,diversity_oneshot,4,192,16.258637208423774
ISU_ILCC,set4_features_metadata,GPR,log,protocol_holdout,diversity_oneshot,4,193,16.302811935775598
ISU_ILCC,set4_features_metadata,GPR,log,protocol_holdout,diversity_oneshot,5,16,34.837324252554254
ISU_ILCC,set4_features_metadata,GPR,log,protocol_holdout,diversity_oneshot,5,32,24.386648083012567
ISU_ILCC,set4_features_metadata,GPR,log,protocol_holdout,diversity_oneshot,5,48,24.345935353004705
ISU_ILCC,set4_features_metadata,GPR,log,protocol_holdout,diversity_oneshot,5,64,22.42965022456728
ISU_ILCC,set4_features_metadata,GPR,log,protocol_holdout,diversity_oneshot,5,80,20.96526124019652
ISU_ILCC,set4_features_metadata,GPR,log,protocol_holdout,diversity_oneshot,5,96,20.97805910910263
ISU_ILCC,set4_features_metadata,GPR,log,protocol_holdout,diversity_oneshot,5,112,20.053679796400203
ISU_ILCC,set4_features_metadata,GPR,log,protocol_holdout,diversity_oneshot,5,128,19.74640533753245
ISU_ILCC,set4_features_metadata,GPR,log,protocol_holdout,diversity_oneshot,5,144,19.50553212914124
ISU_ILCC,set4_features_metadata,GPR,log,protocol_holdout,diversity_oneshot,5,160,17.96838400659873
ISU_ILCC,set4_features_metadata,GPR,log,protocol_holdout,diversity_oneshot,5,176,17.97209916764583
ISU_ILCC,set4_features_metadata,GPR,log,protocol_holdout,diversity_oneshot,5,192,18.37498114923776
ISU_ILCC,set4_features_metadata,GPR,log,protocol_holdout,diversity_oneshot,5,193,18.367370727578592
ISU_ILCC,set4_features_metadata,GPR,log,protocol_holdout,diversity_oneshot,6,16,21.51177466899273
ISU_ILCC,set4_features_metadata,GPR,log,protocol_holdout,diversity_oneshot,6,32,20.7630598529869
ISU_ILCC,set4_features_metadata,GPR,log,protocol_holdout,diversity_oneshot,6,48,21.963230310553115
ISU_ILCC,set4_features_metadata,GPR,log,protocol_holdout,diversity_oneshot,6,64,22.216349805558814
ISU_ILCC,set4_features_metadata,GPR,log,protocol_holdout,diversity_oneshot,6,80,19.301095865008893
ISU_ILCC,set4_features_metadata,GPR,log,protocol_holdout,diversity_oneshot,6,96,19.25809897772769
ISU_ILCC,set4_features_metadata,GPR,log,protocol_holdout,diversity_oneshot,6,112,20.831533403352413
ISU_ILCC,set4_features_metadata,GPR,log,protocol_holdout,diversity_oneshot,6,128,20.415091375902133
ISU_ILCC,set4_features_metadata,GPR,log,protocol_holdout,diversity_oneshot,6,144,21.71544881822928
ISU_ILCC,set4_features_metadata,GPR,log,protocol_holdout,diversity_oneshot,6,160,21.42933110119021
ISU_ILCC,set4_features_metadata,GPR,log,protocol_holdout,diversity_oneshot,6,176,21.71286581528645
ISU_ILCC,set4_features_metadata,GPR,log,protocol_holdout,diversity_oneshot,6,192,21.394384315070788
ISU_ILCC,set4_features_metadata,GPR,log,protocol_holdout,diversity_oneshot,6,193,21.4031467711028
ISU_ILCC,set4_features_metadata,GPR,log,protocol_holdout,diversity_oneshot,7,16,26.573407924501574
ISU_ILCC,set4_features_metadata,GPR,log,protocol_holdout,diversity_oneshot,7,32,25.759566265113826
ISU_ILCC,set4_features_metadata,GPR,log,protocol_holdout,diversity_oneshot,7,48,23.240081965403988
ISU_ILCC,set4_features_metadata,GPR,log,protocol_holdout,diversity_oneshot,7,64,22.268700923136272
ISU_ILCC,set4_features_metadata,GPR,log,protocol_holdout,diversity_oneshot,7,80,21.91821452821174
ISU_ILCC,set4_features_metadata,GPR,log,protocol_holdout,diversity_oneshot,7,96,20.45843538996484
ISU_ILCC,set4_features_metadata,GPR,log,protocol_holdout,diversity_oneshot,7,112,20.17795176243407
ISU_ILCC,set4_features_metadata,GPR,log,protocol_holdout,diversity_oneshot,7,128,18.68907125277685
ISU_ILCC,set4_features_metadata,GPR,log,protocol_holdout,diversity_oneshot,7,144,19.393078045633803
ISU_ILCC,set4_features_metadata,GPR,log,protocol_holdout,diversity_oneshot,7,160,20.34048796214795
ISU_ILCC,set4_features_metadata,GPR,log,protocol_holdout,diversity_oneshot,7,176,19.832416282236583
ISU_ILCC,set4_features_metadata,GPR,log,protocol_holdout,diversity_oneshot,7,192,20.204534187002725
ISU_ILCC,set4_features_metadata,GPR,log,protocol_holdout,diversity_oneshot,7,193,20.18669391097907
ISU_ILCC,set4_features_metadata,GPR,log,protocol_holdout,diversity_oneshot,8,16,43.17174996111783
ISU_ILCC,set4_features_metadata,GPR,log,protocol_holdout,diversity_oneshot,8,32,27.37234739875365
ISU_ILCC,set4_features_metadata,GPR,log,protocol_holdout,diversity_oneshot,8,48,37.30760372461464
ISU_ILCC,set4_features_metadata,GPR,log,protocol_holdout,diversity_oneshot,8,64,34.32245497939062
ISU_ILCC,set4_features_metadata,GPR,log,protocol_holdout,diversity_oneshot,8,80,27.82823799876317
ISU_ILCC,set4_features_metadata,GPR,log,protocol_holdout,diversity_oneshot,8,96,25.843243444022107
ISU_ILCC,set4_features_metadata,GPR,log,protocol_holdout,diversity_oneshot,8,112,25.61728299512394
ISU_ILCC,set4_features_metadata,GPR,log,protocol_holdout,diversity_oneshot,8,128,24.859505177453176
ISU_ILCC,set4_features_metadata,GPR,log,protocol_holdout,diversity_oneshot,8,144,24.047585815185617
ISU_ILCC,set4_features_metadata,GPR,log,protocol_holdout,diversity_oneshot,8,160,25.23632652810542
ISU_ILCC,set4_features_metadata,GPR,log,protocol_holdout,diversity_oneshot,8,176,26.3516756430423
ISU_ILCC,set4_features_metadata,GPR,log,protocol_holdout,diversity_oneshot,8,192,26.358263588828297
ISU_ILCC,set4_features_metadata,GPR,log,protocol_holdout,diversity_oneshot,8,193,26.40776075553068
ISU_ILCC,set4_features_metadata,GPR,log,protocol_holdout,diversity_oneshot,9,16,24.457699371253085
ISU_ILCC,set4_features_metadata,GPR,log,protocol_holdout,diversity_oneshot,9,32,20.797726391038744
ISU_ILCC,set4_features_metadata,GPR,log,protocol_holdout,diversity_oneshot,9,48,26.86852245847644
ISU_ILCC,set4_features_metadata,GPR,log,protocol_holdout,diversity_oneshot,9,64,23.796749850488464
ISU_ILCC,set4_features_metadata,GPR,log,protocol_holdout,diversity_oneshot,9,80,20.44694203805364
ISU_ILCC,set4_features_metadata,GPR,log,protocol_holdout,diversity_oneshot,9,96,21.913347950083587
ISU_ILCC,set4_features_metadata,GPR,log,protocol_holdout,diversity_oneshot,9,112,22.28537914530232
ISU_ILCC,set4_features_metadata,GPR,log,protocol_holdout,diversity_oneshot,9,128,23.5880578584305
ISU_ILCC,set4_features_metadata,GPR,log,protocol_holdout,diversity_oneshot,9,144,22.55836658107665
ISU_ILCC,set4_features_metadata,GPR,log,protocol_holdout,diversity_oneshot,9,160,22.73786350731172
ISU_ILCC,set4_features_metadata,GPR,log,protocol_holdout,diversity_oneshot,9,176,22.989336436816647
ISU_ILCC,set4_features_metadata,GPR,log,protocol_holdout,diversity_oneshot,9,192,22.9284509313858
ISU_ILCC,set4_features_metadata,GPR,log,protocol_holdout,diversity_oneshot,9,193,22.937231270646937
ISU_ILCC,set4_features_metadata,GPR,log,protocol_holdout,diversity_oneshot,10,16,25.003747445946782
ISU_ILCC,set4_features_metadata,GPR,log,protocol_holdout,diversity_oneshot,10,32,24.551851500009523
ISU_ILCC,set4_features_metadata,GPR,log,protocol_holdout,diversity_oneshot,10,48,21.76384481899659
ISU_ILCC,set4_features_metadata,GPR,log,protocol_holdout,diversity_oneshot,10,64,25.0719192869727
ISU_ILCC,set4_features_metadata,GPR,log,protocol_holdout,diversity_oneshot,10,80,22.05783669812905
ISU_ILCC,set4_features_metadata,GPR,log,protocol_holdout,diversity_oneshot,10,96,23.036420312416286
ISU_ILCC,set4_features_metadata,GPR,log,protocol_holdout,diversity_oneshot,10,112,23.883482028893106
ISU_ILCC,set4_features_metadata,GPR,log,protocol_holdout,diversity_oneshot,10,128,23.275609478233346
ISU_ILCC,set4_features_metadata,GPR,log,protocol_holdout,diversity_oneshot,10,144,23.00823097605785
ISU_ILCC,set4_features_metadata,GPR,log,protocol_holdout,diversity_oneshot,10,160,23.45529746722926
ISU_ILCC,set4_features_metadata,GPR,log,protocol_holdout,diversity_oneshot,10,176,22.4912885903259
ISU_ILCC,set4_features_metadata,GPR,log,protocol_holdout,diversity_oneshot,10,192,22.23859834821411
ISU_ILCC,set4_features_metadata,GPR,log,protocol_holdout,diversity_oneshot,10,193,22.25563915967739
ISU_ILCC,set4_features_metadata,GPR,log,protocol_holdout,diversity_iterative,1,16,30.37146347525439
ISU_ILCC,set4_features_metadata,GPR,log,protocol_holdout,diversity_iterative,1,32,22.751699633183275
ISU_ILCC,set4_features_metadata,GPR,log,protocol_holdout,diversity_iterative,1,48,18.225918491490123
ISU_ILCC,set4_features_metadata,GPR,log,protocol_holdout,diversity_iterative,1,64,17.00971748350357
ISU_ILCC,set4_features_metadata,GPR,log,protocol_holdout,diversity_iterative,1,80,16.303942547880638
ISU_ILCC,set4_features_metadata,GPR,log,protocol_holdout,diversity_iterative,1,96,17.118241719855508
ISU_ILCC,set4_features_metadata,GPR,log,protocol_holdout,diversity_iterative,1,112,17.22800298480164
ISU_ILCC,set4_features_metadata,GPR,log,protocol_holdout,diversity_iterative,1,128,16.59837037275328
ISU_ILCC,set4_features_metadata,GPR,log,protocol_holdout,diversity_iterative,1,144,16.696948057214406
ISU_ILCC,set4_features_metadata,GPR,log,protocol_holdout,diversity_iterative,1,160,17.142305835456455
ISU_ILCC,set4_features_metadata,GPR,log,protocol_holdout,diversity_iterative,1,176,15.442155277414162
ISU_ILCC,set4_features_metadata,GPR,log,protocol_holdout,diversity_iterative,1,192,14.753417724549378
ISU_ILCC,set4_features_metadata,GPR,log,protocol_holdout,diversity_iterative,1,193,14.801307217217827
ISU_ILCC,set4_features_metadata,GPR,log,protocol_holdout,diversity_iterative,2,16,17.84100834753458
ISU_ILCC,set4_features_metadata,GPR,log,protocol_holdout,diversity_iterative,2,32,17.572771535934155
ISU_ILCC,set4_features_metadata,GPR,log,protocol_holdout,diversity_iterative,2,48,17.445217918741815
ISU_ILCC,set4_features_metadata,GPR,log,protocol_holdout,diversity_iterative,2,64,16.62676190615602
ISU_ILCC,set4_features_metadata,GPR,log,protocol_holdout,diversity_iterative,2,80,15.900908547818725
ISU_ILCC,set4_features_metadata,GPR,log,protocol_holdout,diversity_iterative,2,96,15.818112665159298
ISU_ILCC,set4_features_metadata,GPR,log,protocol_holdout,diversity_iterative,2,112,17.33129753058492
ISU_ILCC,set4_features_metadata,GPR,log,protocol_holdout,diversity_iterative,2,128,17.433013952474706
ISU_ILCC,set4_features_metadata,GPR,log,protocol_holdout,diversity_iterative,2,144,18.32766889872368
ISU_ILCC,set4_features_metadata,GPR,log,protocol_holdout,diversity_iterative,2,160,19.85627028769089
ISU_ILCC,set4_features_metadata,GPR,log,protocol_holdout,diversity_iterative,2,176,19.976080217906024
ISU_ILCC,set4_features_metadata,GPR,log,protocol_holdout,diversity_iterative,2,192,19.05379246081418
ISU_ILCC,set4_features_metadata,GPR,log,protocol_holdout,diversity_iterative,2,193,19.25342427351053
ISU_ILCC,set4_features_metadata,GPR,log,protocol_holdout,diversity_iterative,3,16,24.13833999202876
ISU_ILCC,set4_features_metadata,GPR,log,protocol_holdout,diversity_iterative,3,32,18.999591946653894
ISU_ILCC,set4_features_metadata,GPR,log,protocol_holdout,diversity_iterative,3,48,19.617785745367613
ISU_ILCC,set4_features_metadata,GPR,log,protocol_holdout,diversity_iterative,3,64,19.952278820840608
ISU_ILCC,set4_features_metadata,GPR,log,protocol_holdout,diversity_iterative,3,80,17.31397335856193
ISU_ILCC,set4_features_metadata,GPR,log,protocol_holdout,diversity_iterative,3,96,16.61904076924204
ISU_ILCC,set4_features_metadata,GPR,log,protocol_holdout,diversity_iterative,3,112,16.43082694214548
ISU_ILCC,set4_features_metadata,GPR,log,protocol_holdout,diversity_iterative,3,128,14.446818569423083
ISU_ILCC,set4_features_metadata,GPR,log,protocol_holdout,diversity_iterative,3,144,15.089522156784346
ISU_ILCC,set4_features_metadata,GPR,log,protocol_holdout,diversity_iterative,3,160,14.803265375746149
ISU_ILCC,set4_features_metadata,GPR,log,protocol_holdout,diversity_iterative,3,176,14.502081062331357
ISU_ILCC,set4_features_metadata,GPR,log,protocol_holdout,diversity_iterative,3,192,13.987725064700978
ISU_ILCC,set4_features_metadata,GPR,log,protocol_holdout,diversity_iterative,3,193,13.983624538627298
ISU_ILCC,set4_features_metadata,GPR,log,protocol_holdout,diversity_iterative,4,16,19.09616715589415
ISU_ILCC,set4_features_metadata,GPR,log,protocol_holdout,diversity_iterative,4,32,15.672659214019037
ISU_ILCC,set4_features_metadata,GPR,log,protocol_holdout,diversity_iterative,4,48,13.539133207025069
ISU_ILCC,set4_features_metadata,GPR,log,protocol_holdout,diversity_iterative,4,64,12.92950774870626
ISU_ILCC,set4_features_metadata,GPR,log,protocol_holdout,diversity_iterative,4,80,13.000839987646485
ISU_ILCC,set4_features_metadata,GPR,log,protocol_holdout,diversity_iterative,4,96,12.232056614874802
ISU_ILCC,set4_features_metadata,GPR,log,protocol_holdout,diversity_iterative,4,112,14.799010378563294
ISU_ILCC,set4_features_metadata,GPR,log,protocol_holdout,diversity_iterative,4,128,15.509677499865484
ISU_ILCC,set4_features_metadata,GPR,log,protocol_holdout,diversity_iterative,4,144,16.9189001924805
ISU_ILCC,set4_features_metadata,GPR,log,protocol_holdout,diversity_iterative,4,160,16.392626906902088
ISU_ILCC,set4_features_metadata,GPR,log,protocol_holdout,diversity_iterative,4,176,16.498430349311988
ISU_ILCC,set4_features_metadata,GPR,log,protocol_holdout,diversity_iterative,4,192,16.188386084267815
ISU_ILCC,set4_features_metadata,GPR,log,protocol_holdout,diversity_iterative,4,193,16.302811935775598
ISU_ILCC,set4_features_metadata,GPR,log,protocol_holdout,diversity_iterative,5,16,34.837324252554254
ISU_ILCC,set4_features_metadata,GPR,log,protocol_holdout,diversity_iterative,5,32,31.031375769980013
ISU_ILCC,set4_features_metadata,GPR,log,protocol_holdout,diversity_iterative,5,48,26.455470360983195
ISU_ILCC,set4_features_metadata,GPR,log,protocol_holdout,diversity_iterative,5,64,24.02043818976404
ISU_ILCC,set4_features_metadata,GPR,log,protocol_holdout,diversity_iterative,5,80,23.027016922222423
ISU_ILCC,set4_features_metadata,GPR,log,protocol_holdout,diversity_iterative,5,96,24.463045086296724
ISU_ILCC,set4_features_metadata,GPR,log,protocol_holdout,diversity_iterative,5,112,23.036479884217453
ISU_ILCC,set4_features_metadata,GPR,log,protocol_holdout,diversity_iterative,5,128,22.775026432067303
ISU_ILCC,set4_features_metadata,GPR,log,protocol_holdout,diversity_iterative,5,144,22.01251597213446
ISU_ILCC,set4_features_metadata,GPR,log,protocol_holdout,diversity_iterative,5,160,18.993329567465608
ISU_ILCC,set4_features_metadata,GPR,log,protocol_holdout,diversity_iterative,5,176,17.992954401295446
ISU_ILCC,set4_features_metadata,GPR,log,protocol_holdout,diversity_iterative,5,192,18.362483420258727
ISU_ILCC,set4_features_metadata,GPR,log,protocol_holdout,diversity_iterative,5,193,18.367370727578592
ISU_ILCC,set4_features_metadata,GPR,log,protocol_holdout,diversity_iterative,6,16,21.51177466899273
ISU_ILCC,set4_features_metadata,GPR,log,protocol_holdout,diversity_iterative,6,32,19.811141302140573
ISU_ILCC,set4_features_metadata,GPR,log,protocol_holdout,diversity_iterative,6,48,19.66393542615909
ISU_ILCC,set4_features_metadata,GPR,log,protocol_holdout,diversity_iterative,6,64,19.597085936814835
ISU_ILCC,set4_features_metadata,GPR,log,protocol_holdout,diversity_iterative,6,80,20.82169355424999
ISU_ILCC,set4_features_metadata,GPR,log,protocol_holdout,diversity_iterative,6,96,21.56721039817735
ISU_ILCC,set4_features_metadata,GPR,log,protocol_holdout,diversity_iterative,6,112,20.40783029826117
ISU_ILCC,set4_features_metadata,GPR,log,protocol_holdout,diversity_iterative,6,128,19.6907158451603
ISU_ILCC,set4_features_metadata,GPR,log,protocol_holdout,diversity_iterative,6,144,19.42250445351716
ISU_ILCC,set4_features_metadata,GPR,log,protocol_holdout,diversity_iterative,6,160,19.80786601680606
ISU_ILCC,set4_features_metadata,GPR,log,protocol_holdout,diversity_iterative,6,176,20.711936119100525
ISU_ILCC,set4_features_metadata,GPR,log,protocol_holdout,diversity_iterative,6,192,21.53217870064924
ISU_ILCC,set4_features_metadata,GPR,log,protocol_holdout,diversity_iterative,6,193,21.4031467711028
ISU_ILCC,set4_features_metadata,GPR,log,protocol_holdout,diversity_iterative,7,16,26.573407924501574
ISU_ILCC,set4_features_metadata,GPR,log,protocol_holdout,diversity_iterative,7,32,25.428659986830983
ISU_ILCC,set4_features_metadata,GPR,log,protocol_holdout,diversity_iterative,7,48,24.301840863205847
ISU_ILCC,set4_features_metadata,GPR,log,protocol_holdout,diversity_iterative,7,64,23.77221363330384
ISU_ILCC,set4_features_metadata,GPR,log,protocol_holdout,diversity_iterative,7,80,22.435422155836324
ISU_ILCC,set4_features_metadata,GPR,log,protocol_holdout,diversity_iterative,7,96,23.732659009141223
ISU_ILCC,set4_features_metadata,GPR,log,protocol_holdout,diversity_iterative,7,112,23.577862641627785
ISU_ILCC,set4_features_metadata,GPR,log,protocol_holdout,diversity_iterative,7,128,22.919352281326933
ISU_ILCC,set4_features_metadata,GPR,log,protocol_holdout,diversity_iterative,7,144,21.8916770978791
ISU_ILCC,set4_features_metadata,GPR,log,protocol_holdout,diversity_iterative,7,160,21.12245539195405
ISU_ILCC,set4_features_metadata,GPR,log,protocol_holdout,diversity_iterative,7,176,20.5302142376237
ISU_ILCC,set4_features_metadata,GPR,log,protocol_holdout,diversity_iterative,7,192,20.17711979827592
ISU_ILCC,set4_features_metadata,GPR,log,protocol_holdout,diversity_iterative,7,193,20.18669391097907
ISU_ILCC,set4_features_metadata,GPR,log,protocol_holdout,diversity_iterative,8,16,43.17174996111783
ISU_ILCC,set4_features_metadata,GPR,log,protocol_holdout,diversity_iterative,8,32,26.088289382117647
ISU_ILCC,set4_features_metadata,GPR,log,protocol_holdout,diversity_iterative,8,48,26.84278821181949
ISU_ILCC,set4_features_metadata,GPR,log,protocol_holdout,diversity_iterative,8,64,26.072956241993754
ISU_ILCC,set4_features_metadata,GPR,log,protocol_holdout,diversity_iterative,8,80,26.201601581180256
ISU_ILCC,set4_features_metadata,GPR,log,protocol_holdout,diversity_iterative,8,96,26.012719288894587
ISU_ILCC,set4_features_metadata,GPR,log,protocol_holdout,diversity_iterative,8,112,24.898958301150746
ISU_ILCC,set4_features_metadata,GPR,log,protocol_holdout,diversity_iterative,8,128,25.403616113966315
ISU_ILCC,set4_features_metadata,GPR,log,protocol_holdout,diversity_iterative,8,144,26.096796126280715
ISU_ILCC,set4_features_metadata,GPR,log,protocol_holdout,diversity_iterative,8,160,26.170007334563145
ISU_ILCC,set4_features_metadata,GPR,log,protocol_holdout,diversity_iterative,8,176,25.94752518231207
ISU_ILCC,set4_features_metadata,GPR,log,protocol_holdout,diversity_iterative,8,192,26.30896385681065
ISU_ILCC,set4_features_metadata,GPR,log,protocol_holdout,diversity_iterative,8,193,26.40776075553068
ISU_ILCC,set4_features_metadata,GPR,log,protocol_holdout,diversity_iterative,9,16,24.457699371253085
ISU_ILCC,set4_features_metadata,GPR,log,protocol_holdout,diversity_iterative,9,32,23.727645890391592
ISU_ILCC,set4_features_metadata,GPR,log,protocol_holdout,diversity_iterative,9,48,22.162255417563767
ISU_ILCC,set4_features_metadata,GPR,log,protocol_holdout,diversity_iterative,9,64,21.755859492119136
ISU_ILCC,set4_features_metadata,GPR,log,protocol_holdout,diversity_iterative,9,80,18.957014619298008
ISU_ILCC,set4_features_metadata,GPR,log,protocol_holdout,diversity_iterative,9,96,20.81675307085497
ISU_ILCC,set4_features_metadata,GPR,log,protocol_holdout,diversity_iterative,9,112,20.80375598427753
ISU_ILCC,set4_features_metadata,GPR,log,protocol_holdout,diversity_iterative,9,128,21.890928581142564
ISU_ILCC,set4_features_metadata,GPR,log,protocol_holdout,diversity_iterative,9,144,22.11909338580662
ISU_ILCC,set4_features_metadata,GPR,log,protocol_holdout,diversity_iterative,9,160,23.566101187354192
ISU_ILCC,set4_features_metadata,GPR,log,protocol_holdout,diversity_iterative,9,176,23.587779101567826
ISU_ILCC,set4_features_metadata,GPR,log,protocol_holdout,diversity_iterative,9,192,22.97847818166147
ISU_ILCC,set4_features_metadata,GPR,log,protocol_holdout,diversity_iterative,9,193,22.937231270646937
ISU_ILCC,set4_features_metadata,GPR,log,protocol_holdout,diversity_iterative,10,16,25.003747445946782
ISU_ILCC,set4_features_metadata,GPR,log,protocol_holdout,diversity_iterative,10,32,26.431073472597145
ISU_ILCC,set4_features_metadata,GPR,log,protocol_holdout,diversity_iterative,10,48,22.330117909159867
ISU_ILCC,set4_features_metadata,GPR,log,protocol_holdout,diversity_iterative,10,64,21.849939727394307
ISU_ILCC,set4_features_metadata,GPR,log,protocol_holdout,diversity_iterative,10,80,22.28552213442112
ISU_ILCC,set4_features_metadata,GPR,log,protocol_holdout,diversity_iterative,10,96,22.04312981004027
ISU_ILCC,set4_features_metadata,GPR,log,protocol_holdout,diversity_iterative,10,112,23.489313945921765
ISU_ILCC,set4_features_metadata,GPR,log,protocol_holdout,diversity_iterative,10,128,22.95929023322364
ISU_ILCC,set4_features_metadata,GPR,log,protocol_holdout,diversity_iterative,10,144,22.31019229956805
ISU_ILCC,set4_features_metadata,GPR,log,protocol_holdout,diversity_iterative,10,160,22.1733910941276
ISU_ILCC,set4_features_metadata,GPR,log,protocol_holdout,diversity_iterative,10,176,22.19854342741283
ISU_ILCC,set4_features_metadata,GPR,log,protocol_holdout,diversity_iterative,10,192,22.24726741608773
ISU_ILCC,set4_features_metadata,GPR,log,protocol_holdout,diversity_iterative,10,193,22.25563915967739
ISU_ILCC,set4_features_metadata,GPR,log,protocol_holdout,coverage,1,16,29.33423345596824
ISU_ILCC,set4_features_metadata,GPR,log,protocol_holdout,coverage,1,32,23.296283028652624
ISU_ILCC,set4_features_metadata,GPR,log,protocol_holdout,coverage,1,48,21.49106920881283
ISU_ILCC,set4_features_metadata,GPR,log,protocol_holdout,coverage,1,64,21.54892770989241
ISU_ILCC,set4_features_metadata,GPR,log,protocol_holdout,coverage,1,80,19.638555630613016
ISU_ILCC,set4_features_metadata,GPR,log,protocol_holdout,coverage,1,96,18.03317134070107
ISU_ILCC,set4_features_metadata,GPR,log,protocol_holdout,coverage,1,112,15.27074294738537
ISU_ILCC,set4_features_metadata,GPR,log,protocol_holdout,coverage,1,128,14.37558752676972
ISU_ILCC,set4_features_metadata,GPR,log,protocol_holdout,coverage,1,144,14.714734751329017
ISU_ILCC,set4_features_metadata,GPR,log,protocol_holdout,coverage,1,160,14.603659446124418
ISU_ILCC,set4_features_metadata,GPR,log,protocol_holdout,coverage,1,176,14.005724712603552
ISU_ILCC,set4_features_metadata,GPR,log,protocol_holdout,coverage,1,192,14.715007407793346
ISU_ILCC,set4_features_metadata,GPR,log,protocol_holdout,coverage,1,193,14.801307217217827
ISU_ILCC,set4_features_metadata,GPR,log,protocol_holdout,coverage,2,16,32.55607302225202
ISU_ILCC,set4_features_metadata,GPR,log,protocol_holdout,coverage,2,32,19.09842882256938
ISU_ILCC,set4_features_metadata,GPR,log,protocol_holdout,coverage,2,48,17.37068286972341
ISU_ILCC,set4_features_metadata,GPR,log,protocol_holdout,coverage,2,64,18.181852858981248
ISU_ILCC,set4_features_metadata,GPR,log,protocol_holdout,coverage,2,80,17.326099457171942
ISU_ILCC,set4_features_metadata,GPR,log,protocol_holdout,coverage,2,96,15.96524507179332
ISU_ILCC,set4_features_metadata,GPR,log,protocol_holdout,coverage,2,112,16.37407754376856
ISU_ILCC,set4_features_metadata,GPR,log,protocol_holdout,coverage,2,128,16.48136365022968
ISU_ILCC,set4_features_metadata,GPR,log,protocol_holdout,coverage,2,144,17.654884176180378
ISU_ILCC,set4_features_metadata,GPR,log,protocol_holdout,coverage,2,160,18.99338917981737
ISU_ILCC,set4_features_metadata,GPR,log,protocol_holdout,coverage,2,176,18.36525022403134
ISU_ILCC,set4_features_metadata,GPR,log,protocol_holdout,coverage,2,192,19.31197469265439
ISU_ILCC,set4_features_metadata,GPR,log,protocol_holdout,coverage,2,193,19.25342427351053
ISU_ILCC,set4_features_metadata,GPR,log,protocol_holdout,coverage,3,16,19.551790960464626
ISU_ILCC,set4_features_metadata,GPR,log,protocol_holdout,coverage,3,32,19.149247932661844
ISU_ILCC,set4_features_metadata,GPR,log,protocol_holdout,coverage,3,48,19.268510742100062
ISU_ILCC,set4_features_metadata,GPR,log,protocol_holdout,coverage,3,64,19.15953438841159
ISU_ILCC,set4_features_metadata,GPR,log,protocol_holdout,coverage,3,80,16.094792327329298
ISU_ILCC,set4_features_metadata,GPR,log,protocol_holdout,coverage,3,96,16.48319026770881
ISU_ILCC,set4_features_metadata,GPR,log,protocol_holdout,coverage,3,112,16.556513637269283
ISU_ILCC,set4_features_metadata,GPR,log,protocol_holdout,coverage,3,128,15.525298272756908
ISU_ILCC,set4_features_metadata,GPR,log,protocol_holdout,coverage,3,144,15.331536898351604
ISU_ILCC,set4_features_metadata,GPR,log,protocol_holdout,coverage,3,160,14.88401334878584
ISU_ILCC,set4_features_metadata,GPR,log,protocol_holdout,coverage,3,176,13.936048168305232
ISU_ILCC,set4_features_metadata,GPR,log,protocol_holdout,coverage,3,192,13.992225766157688
ISU_ILCC,set4_features_metadata,GPR,log,protocol_holdout,coverage,3,193,13.983624538627298
ISU_ILCC,set4_features_metadata,GPR,log,protocol_holdout,coverage,4,16,25.55837475985073
ISU_ILCC,set4_features_metadata,GPR,log,protocol_holdout,coverage,4,32,21.92059361455028
ISU_ILCC,set4_features_metadata,GPR,log,protocol_holdout,coverage,4,48,14.22602337737859
ISU_ILCC,set4_features_metadata,GPR,log,protocol_holdout,coverage,4,64,13.397264622624144
ISU_ILCC,set4_features_metadata,GPR,log,protocol_holdout,coverage,4,80,15.597791576568246
ISU_ILCC,set4_features_metadata,GPR,log,protocol_holdout,coverage,4,96,15.398750473376069
ISU_ILCC,set4_features_metadata,GPR,log,protocol_holdout,coverage,4,112,15.201704007014213
ISU_ILCC,set4_features_metadata,GPR,log,protocol_holdout,coverage,4,128,15.297694762740994
ISU_ILCC,set4_features_metadata,GPR,log,protocol_holdout,coverage,4,144,15.709405520654649
ISU_ILCC,set4_features_metadata,GPR,log,protocol_holdout,coverage,4,160,16.808117511141074
ISU_ILCC,set4_features_metadata,GPR,log,protocol_holdout,coverage,4,176,15.786279744759584
ISU_ILCC,set4_features_metadata,GPR,log,protocol_holdout,coverage,4,192,16.253696882361833
ISU_ILCC,set4_features_metadata,GPR,log,protocol_holdout,coverage,4,193,16.302811935775598
ISU_ILCC,set4_features_metadata,GPR,log,protocol_holdout,coverage,5,16,36.820545071367846
ISU_ILCC,set4_features_metadata,GPR,log,protocol_holdout,coverage,5,32,29.451881250477065
ISU_ILCC,set4_features_metadata,GPR,log,protocol_holdout,coverage,5,48,22.331098129538223
ISU_ILCC,set4_features_metadata,GPR,log,protocol_holdout,coverage,5,64,21.673328996078425
ISU_ILCC,set4_features_metadata,GPR,log,protocol_holdout,coverage,5,80,18.793303936091807
ISU_ILCC,set4_features_metadata,GPR,log,protocol_holdout,coverage,5,96,18.587235725692697
ISU_ILCC,set4_features_metadata,GPR,log,protocol_holdout,coverage,5,112,18.25063938644616
ISU_ILCC,set4_features_metadata,GPR,log,protocol_holdout,coverage,5,128,18.54316709887561
ISU_ILCC,set4_features_metadata,GPR,log,protocol_holdout,coverage,5,144,18.075437455758173
ISU_ILCC,set4_features_metadata,GPR,log,protocol_holdout,coverage,5,160,18.15054987301749
ISU_ILCC,set4_features_metadata,GPR,log,protocol_holdout,coverage,5,176,18.098256196793024
ISU_ILCC,set4_features_metadata,GPR,log,protocol_holdout,coverage,5,192,18.37498114923776
ISU_ILCC,set4_features_metadata,GPR,log,protocol_holdout,coverage,5,193,18.367370727578592
ISU_ILCC,set4_features_metadata,GPR,log,protocol_holdout,coverage,6,16,31.7999375492524
ISU_ILCC,set4_features_metadata,GPR,log,protocol_holdout,coverage,6,32,24.41025018657163
ISU_ILCC,set4_features_metadata,GPR,log,protocol_holdout,coverage,6,48,23.250364926523154
ISU_ILCC,set4_features_metadata,GPR,log,protocol_holdout,coverage,6,64,20.130136498383003
ISU_ILCC,set4_features_metadata,GPR,log,protocol_holdout,coverage,6,80,23.777221055312616
ISU_ILCC,set4_features_metadata,GPR,log,protocol_holdout,coverage,6,96,22.041474741223897
ISU_ILCC,set4_features_metadata,GPR,log,protocol_holdout,coverage,6,112,21.96282225969328
ISU_ILCC,set4_features_metadata,GPR,log,protocol_holdout,coverage,6,128,20.76938163533675
ISU_ILCC,set4_features_metadata,GPR,log,protocol_holdout,coverage,6,144,22.11981272627845
ISU_ILCC,set4_features_metadata,GPR,log,protocol_holdout,coverage,6,160,22.64219545287752
ISU_ILCC,set4_features_metadata,GPR,log,protocol_holdout,coverage,6,176,22.16857069445036
ISU_ILCC,set4_features_metadata,GPR,log,protocol_holdout,coverage,6,192,21.440505206291224
ISU_ILCC,set4_features_metadata,GPR,log,protocol_holdout,coverage,6,193,21.4031467711028
ISU_ILCC,set4_features_metadata,GPR,log,protocol_holdout,coverage,7,16,20.838110184835948
ISU_ILCC,set4_features_metadata,GPR,log,protocol_holdout,coverage,7,32,26.677519265973377
ISU_ILCC,set4_features_metadata,GPR,log,protocol_holdout,coverage,7,48,25.43156364542229
ISU_ILCC,set4_features_metadata,GPR,log,protocol_holdout,coverage,7,64,25.85321436279408
ISU_ILCC,set4_features_metadata,GPR,log,protocol_holdout,coverage,7,80,25.322024087295265
ISU_ILCC,set4_features_metadata,GPR,log,protocol_holdout,coverage,7,96,23.33199364940741
ISU_ILCC,set4_features_metadata,GPR,log,protocol_holdout,coverage,7,112,21.978711860319446
ISU_ILCC,set4_features_metadata,GPR,log,protocol_holdout,coverage,7,128,20.912419395183903
ISU_ILCC,set4_features_metadata,GPR,log,protocol_holdout,coverage,7,144,20.62408244659211
ISU_ILCC,set4_features_metadata,GPR,log,protocol_holdout,coverage,7,160,19.716468210443526
ISU_ILCC,set4_features_metadata,GPR,log,protocol_holdout,coverage,7,176,20.21588049517698
ISU_ILCC,set4_features_metadata,GPR,log,protocol_holdout,coverage,7,192,20.191146885060792
ISU_ILCC,set4_features_metadata,GPR,log,protocol_holdout,coverage,7,193,20.18669391097907
ISU_ILCC,set4_features_metadata,GPR,log,protocol_holdout,coverage,8,16,77.51816135336546
ISU_ILCC,set4_features_metadata,GPR,log,protocol_holdout,coverage,8,32,27.90789743335161
ISU_ILCC,set4_features_metadata,GPR,log,protocol_holdout,coverage,8,48,28.27266414587484
ISU_ILCC,set4_features_metadata,GPR,log,protocol_holdout,coverage,8,64,29.136763555349628
ISU_ILCC,set4_features_metadata,GPR,log,protocol_holdout,coverage,8,80,27.586633125364983
ISU_ILCC,set4_features_metadata,GPR,log,protocol_holdout,coverage,8,96,26.90163748250225
ISU_ILCC,set4_features_metadata,GPR,log,protocol_holdout,coverage,8,112,25.89943034315676
ISU_ILCC,set4_features_metadata,GPR,log,protocol_holdout,coverage,8,128,26.8749839533644
ISU_ILCC,set4_features_metadata,GPR,log,protocol_holdout,coverage,8,144,25.45891818665827
ISU_ILCC,set4_features_metadata,GPR,log,protocol_holdout,coverage,8,160,25.69675754557287
ISU_ILCC,set4_features_metadata,GPR,log,protocol_holdout,coverage,8,176,25.9245841218364
ISU_ILCC,set4_features_metadata,GPR,log,protocol_holdout,coverage,8,192,26.340070205579885
ISU_ILCC,set4_features_metadata,GPR,log,protocol_holdout,coverage,8,193,26.40776075553068
ISU_ILCC,set4_features_metadata,GPR,log,protocol_holdout,coverage,9,16,26.364572128230183
ISU_ILCC,set4_features_metadata,GPR,log,protocol_holdout,coverage,9,32,23.4247089456297
ISU_ILCC,set4_features_metadata,GPR,log,protocol_holdout,coverage,9,48,22.012446685752053
ISU_ILCC,set4_features_metadata,GPR,log,protocol_holdout,coverage,9,64,22.080749729031044
ISU_ILCC,set4_features_metadata,GPR,log,protocol_holdout,coverage,9,80,23.960897268392188
ISU_ILCC,set4_features_metadata,GPR,log,protocol_holdout,coverage,9,96,22.935721424118803
ISU_ILCC,set4_features_metadata,GPR,log,protocol_holdout,coverage,9,112,22.794029279558856
ISU_ILCC,set4_features_metadata,GPR,log,protocol_holdout,coverage,9,128,23.10112505132925
ISU_ILCC,set4_features_metadata,GPR,log,protocol_holdout,coverage,9,144,23.34206607303153
ISU_ILCC,set4_features_metadata,GPR,log,protocol_holdout,coverage,9,160,22.60764549473119
ISU_ILCC,set4_features_metadata,GPR,log,protocol_holdout,coverage,9,176,22.510691029497345
ISU_ILCC,set4_features_metadata,GPR,log,protocol_holdout,coverage,9,192,22.93042239472621
ISU_ILCC,set4_features_metadata,GPR,log,protocol_holdout,coverage,9,193,22.937231270646937
ISU_ILCC,set4_features_metadata,GPR,log,protocol_holdout,coverage,10,16,33.96538595084116
ISU_ILCC,set4_features_metadata,GPR,log,protocol_holdout,coverage,10,32,23.495774933726032
ISU_ILCC,set4_features_metadata,GPR,log,protocol_holdout,coverage,10,48,21.917043856501213
ISU_ILCC,set4_features_metadata,GPR,log,protocol_holdout,coverage,10,64,22.07040742377009
ISU_ILCC,set4_features_metadata,GPR,log,protocol_holdout,coverage,10,80,24.80193996419374
ISU_ILCC,set4_features_metadata,GPR,log,protocol_holdout,coverage,10,96,20.42820101794721
ISU_ILCC,set4_features_metadata,GPR,log,protocol_holdout,coverage,10,112,20.40001247235934
ISU_ILCC,set4_features_metadata,GPR,log,protocol_holdout,coverage,10,128,21.240540195432363
ISU_ILCC,set4_features_metadata,GPR,log,protocol_holdout,coverage,10,144,22.66434979443428
ISU_ILCC,set4_features_metadata,GPR,log,protocol_holdout,coverage,10,160,23.38789930183012
ISU_ILCC,set4_features_metadata,GPR,log,protocol_holdout,coverage,10,176,23.321872393916497
ISU_ILCC,set4_features_metadata,GPR,log,protocol_holdout,coverage,10,192,22.245872413190742
ISU_ILCC,set4_features_metadata,GPR,log,protocol_holdout,coverage,10,193,22.25563915967739
ISU_ILCC,set4_features_metadata,GPR,log,protocol_holdout,exploration,1,16,29.33423345596824
ISU_ILCC,set4_features_metadata,GPR,log,protocol_holdout,exploration,1,32,29.971368426934607
ISU_ILCC,set4_features_metadata,GPR,log,protocol_holdout,exploration,1,48,20.2120773977917
ISU_ILCC,set4_features_metadata,GPR,log,protocol_holdout,exploration,1,64,18.8788922337638
ISU_ILCC,set4_features_metadata,GPR,log,protocol_holdout,exploration,1,80,19.19983392473599
ISU_ILCC,set4_features_metadata,GPR,log,protocol_holdout,exploration,1,96,16.91309712396623
ISU_ILCC,set4_features_metadata,GPR,log,protocol_holdout,exploration,1,112,17.03352786324674
ISU_ILCC,set4_features_metadata,GPR,log,protocol_holdout,exploration,1,128,16.26233006474333
ISU_ILCC,set4_features_metadata,GPR,log,protocol_holdout,exploration,1,144,16.19593247984161
ISU_ILCC,set4_features_metadata,GPR,log,protocol_holdout,exploration,1,160,14.453346495887835
ISU_ILCC,set4_features_metadata,GPR,log,protocol_holdout,exploration,1,176,14.66535941229638
ISU_ILCC,set4_features_metadata,GPR,log,protocol_holdout,exploration,1,192,14.78049534908887
ISU_ILCC,set4_features_metadata,GPR,log,protocol_holdout,exploration,1,193,14.801307217217827
ISU_ILCC,set4_features_metadata,GPR,log,protocol_holdout,exploration,2,16,32.55607302225202
ISU_ILCC,set4_features_metadata,GPR,log,protocol_holdout,exploration,2,32,19.09842882256938
ISU_ILCC,set4_features_metadata,GPR,log,protocol_holdout,exploration,2,48,26.040601480284977
ISU_ILCC,set4_features_metadata,GPR,log,protocol_holdout,exploration,2,64,17.118648737182273
ISU_ILCC,set4_features_metadata,GPR,log,protocol_holdout,exploration,2,80,20.94998897184988
ISU_ILCC,set4_features_metadata,GPR,log,protocol_holdout,exploration,2,96,15.74676484805926
ISU_ILCC,set4_features_metadata,GPR,log,protocol_holdout,exploration,2,112,16.161120015228132
ISU_ILCC,set4_features_metadata,GPR,log,protocol_holdout,exploration,2,128,16.15563042216053
ISU_ILCC,set4_features_metadata,GPR,log,protocol_holdout,exploration,2,144,17.20444884847984
ISU_ILCC,set4_features_metadata,GPR,log,protocol_holdout,exploration,2,160,18.92059059447504
ISU_ILCC,set4_features_metadata,GPR,log,protocol_holdout,exploration,2,176,19.340161526201424
ISU_ILCC,set4_features_metadata,GPR,log,protocol_holdout,exploration,2,192,19.260726690621
ISU_ILCC,set4_features_metadata,GPR,log,protocol_holdout,exploration,2,193,19.25342427351053
ISU_ILCC,set4_features_metadata,GPR,log,protocol_holdout,exploration,3,16,19.551790960464626
ISU_ILCC,set4_features_metadata,GPR,log,protocol_holdout,exploration,3,32,21.15811120742258
ISU_ILCC,set4_features_metadata,GPR,log,protocol_holdout,exploration,3,48,20.37564516480245
ISU_ILCC,set4_features_metadata,GPR,log,protocol_holdout,exploration,3,64,20.183352365787464
ISU_ILCC,set4_features_metadata,GPR,log,protocol_holdout,exploration,3,80,17.67495032440861
ISU_ILCC,set4_features_metadata,GPR,log,protocol_holdout,exploration,3,96,17.19799417376038
ISU_ILCC,set4_features_metadata,GPR,log,protocol_holdout,exploration,3,112,17.38856771600352
ISU_ILCC,set4_features_metadata,GPR,log,protocol_holdout,exploration,3,128,16.03786037882732
ISU_ILCC,set4_features_metadata,GPR,log,protocol_holdout,exploration,3,144,15.761964932968857
ISU_ILCC,set4_features_metadata,GPR,log,protocol_holdout,exploration,3,160,15.240916421816864
ISU_ILCC,set4_features_metadata,GPR,log,protocol_holdout,exploration,3,176,14.725378444945685
ISU_ILCC,set4_features_metadata,GPR,log,protocol_holdout,exploration,3,192,13.978144110292313
ISU_ILCC,set4_features_metadata,GPR,log,protocol_holdout,exploration,3,193,13.983624538627298
ISU_ILCC,set4_features_metadata,GPR,log,protocol_holdout,exploration,4,16,25.55837475985073
ISU_ILCC,set4_features_metadata,GPR,log,protocol_holdout,exploration,4,32,23.659028650368704
ISU_ILCC,set4_features_metadata,GPR,log,protocol_holdout,exploration,4,48,17.599916097734425
ISU_ILCC,set4_features_metadata,GPR,log,protocol_holdout,exploration,4,64,13.3017971896303
ISU_ILCC,set4_features_metadata,GPR,log,protocol_holdout,exploration,4,80,12.541672864306014
ISU_ILCC,set4_features_metadata,GPR,log,protocol_holdout,exploration,4,96,13.958862771281972
ISU_ILCC,set4_features_metadata,GPR,log,protocol_holdout,exploration,4,112,16.124176460997067
ISU_ILCC,set4_features_metadata,GPR,log,protocol_holdout,exploration,4,128,12.866738638397718
ISU_ILCC,set4_features_metadata,GPR,log,protocol_holdout,exploration,4,144,13.326994925589736
ISU_ILCC,set4_features_metadata,GPR,log,protocol_holdout,exploration,4,160,15.057457315000091
ISU_ILCC,set4_features_metadata,GPR,log,protocol_holdout,exploration,4,176,15.64583091220764
ISU_ILCC,set4_features_metadata,GPR,log,protocol_holdout,exploration,4,192,16.303809125613018
ISU_ILCC,set4_features_metadata,GPR,log,protocol_holdout,exploration,4,193,16.302811935775598
ISU_ILCC,set4_features_metadata,GPR,log,protocol_holdout,exploration,5,16,36.820545071367846
ISU_ILCC,set4_features_metadata,GPR,log,protocol_holdout,exploration,5,32,28.77635654451361
ISU_ILCC,set4_features_metadata,GPR,log,protocol_holdout,exploration,5,48,21.740693918309965
ISU_ILCC,set4_features_metadata,GPR,log,protocol_holdout,exploration,5,64,19.56344533875044
ISU_ILCC,set4_features_metadata,GPR,log,protocol_holdout,exploration,5,80,18.996290151607543
ISU_ILCC,set4_features_metadata,GPR,log,protocol_holdout,exploration,5,96,18.3896899831902
ISU_ILCC,set4_features_metadata,GPR,log,protocol_holdout,exploration,5,112,18.636445669669712
ISU_ILCC,set4_features_metadata,GPR,log,protocol_holdout,exploration,5,128,18.926909727480723
ISU_ILCC,set4_features_metadata,GPR,log,protocol_holdout,exploration,5,144,18.60679678632268
ISU_ILCC,set4_features_metadata,GPR,log,protocol_holdout,exploration,5,160,18.992679582248
ISU_ILCC,set4_features_metadata,GPR,log,protocol_holdout,exploration,5,176,18.715114749622707
ISU_ILCC,set4_features_metadata,GPR,log,protocol_holdout,exploration,5,192,18.431631248039228
ISU_ILCC,set4_features_metadata,GPR,log,protocol_holdout,exploration,5,193,18.367370727578592
ISU_ILCC,set4_features_metadata,GPR,log,protocol_holdout,exploration,6,16,31.7999375492524
ISU_ILCC,set4_features_metadata,GPR,log,protocol_holdout,exploration,6,32,24.41025018657163
ISU_ILCC,set4_features_metadata,GPR,log,protocol_holdout,exploration,6,48,24.01125525635447
ISU_ILCC,set4_features_metadata,GPR,log,protocol_holdout,exploration,6,64,20.44362690096378
ISU_ILCC,set4_features_metadata,GPR,log,protocol_holdout,exploration,6,80,20.35562982796528
ISU_ILCC,set4_features_metadata,GPR,log,protocol_holdout,exploration,6,96,22.572181419895426
ISU_ILCC,set4_features_metadata,GPR,log,protocol_holdout,exploration,6,112,22.198214250409617
ISU_ILCC,set4_features_metadata,GPR,log,protocol_holdout,exploration,6,128,22.4453013923908
ISU_ILCC,set4_features_metadata,GPR,log,protocol_holdout,exploration,6,144,22.77691038859663
ISU_ILCC,set4_features_metadata,GPR,log,protocol_holdout,exploration,6,160,22.16780423997176
ISU_ILCC,set4_features_metadata,GPR,log,protocol_holdout,exploration,6,176,21.374426623716168
ISU_ILCC,set4_features_metadata,GPR,log,protocol_holdout,exploration,6,192,21.301620343400664
ISU_ILCC,set4_features_metadata,GPR,log,protocol_holdout,exploration,6,193,21.4031467711028
ISU_ILCC,set4_features_metadata,GPR,log,protocol_holdout,exploration,7,16,20.838110184835948
ISU_ILCC,set4_features_metadata,GPR,log,protocol_holdout,exploration,7,32,27.131351123971744
ISU_ILCC,set4_features_metadata,GPR,log,protocol_holdout,exploration,7,48,24.82131835044067
ISU_ILCC,set4_features_metadata,GPR,log,protocol_holdout,exploration,7,64,22.64907333578137
ISU_ILCC,set4_features_metadata,GPR,log,protocol_holdout,exploration,7,80,21.360771877864547
ISU_ILCC,set4_features_metadata,GPR,log,protocol_holdout,exploration,7,96,21.288172918944248
ISU_ILCC,set4_features_metadata,GPR,log,protocol_holdout,exploration,7,112,20.8683123343652
ISU_ILCC,set4_features_metadata,GPR,log,protocol_holdout,exploration,7,128,21.23474273882201
ISU_ILCC,set4_features_metadata,GPR,log,protocol_holdout,exploration,7,144,20.455184328176216
ISU_ILCC,set4_features_metadata,GPR,log,protocol_holdout,exploration,7,160,20.371335301693595
ISU_ILCC,set4_features_metadata,GPR,log,protocol_holdout,exploration,7,176,20.308004767828866
ISU_ILCC,set4_features_metadata,GPR,log,protocol_holdout,exploration,7,192,20.21987545383616
ISU_ILCC,set4_features_metadata,GPR,log,protocol_holdout,exploration,7,193,20.18669391097907
ISU_ILCC,set4_features_metadata,GPR,log,protocol_holdout,exploration,8,16,77.51816135336546
ISU_ILCC,set4_features_metadata,GPR,log,protocol_holdout,exploration,8,32,27.789971937571405
ISU_ILCC,set4_features_metadata,GPR,log,protocol_holdout,exploration,8,48,25.45707895039948
ISU_ILCC,set4_features_metadata,GPR,log,protocol_holdout,exploration,8,64,27.22372760533829
ISU_ILCC,set4_features_metadata,GPR,log,protocol_holdout,exploration,8,80,27.340655006775965
ISU_ILCC,set4_features_metadata,GPR,log,protocol_holdout,exploration,8,96,27.92557603156793
ISU_ILCC,set4_features_metadata,GPR,log,protocol_holdout,exploration,8,112,27.40814361337763
ISU_ILCC,set4_features_metadata,GPR,log,protocol_holdout,exploration,8,128,26.68852847257363
ISU_ILCC,set4_features_metadata,GPR,log,protocol_holdout,exploration,8,144,25.81055263121276
ISU_ILCC,set4_features_metadata,GPR,log,protocol_holdout,exploration,8,160,25.2422859839724
ISU_ILCC,set4_features_metadata,GPR,log,protocol_holdout,exploration,8,176,26.13487290745175
ISU_ILCC,set4_features_metadata,GPR,log,protocol_holdout,exploration,8,192,26.34340749401029
ISU_ILCC,set4_features_metadata,GPR,log,protocol_holdout,exploration,8,193,26.40776075553068
ISU_ILCC,set4_features_metadata,GPR,log,protocol_holdout,exploration,9,16,26.364572128230183
ISU_ILCC,set4_features_metadata,GPR,log,protocol_holdout,exploration,9,32,23.108676460528656
ISU_ILCC,set4_features_metadata,GPR,log,protocol_holdout,exploration,9,48,20.81310673470962
ISU_ILCC,set4_features_metadata,GPR,log,protocol_holdout,exploration,9,64,21.189689833159232
ISU_ILCC,set4_features_metadata,GPR,log,protocol_holdout,exploration,9,80,21.811702409173613
ISU_ILCC,set4_features_metadata,GPR,log,protocol_holdout,exploration,9,96,21.64827709289883
ISU_ILCC,set4_features_metadata,GPR,log,protocol_holdout,exploration,9,112,23.131361552672644
ISU_ILCC,set4_features_metadata,GPR,log,protocol_holdout,exploration,9,128,23.83252539369245
ISU_ILCC,set4_features_metadata,GPR,log,protocol_holdout,exploration,9,144,23.128740712225067
ISU_ILCC,set4_features_metadata,GPR,log,protocol_holdout,exploration,9,160,23.428432513875688
ISU_ILCC,set4_features_metadata,GPR,log,protocol_holdout,exploration,9,176,22.94810705656491
ISU_ILCC,set4_features_metadata,GPR,log,protocol_holdout,exploration,9,192,22.92623824962811
ISU_ILCC,set4_features_metadata,GPR,log,protocol_holdout,exploration,9,193,22.937231270646937
ISU_ILCC,set4_features_metadata,GPR,log,protocol_holdout,exploration,10,16,33.96538595084116
ISU_ILCC,set4_features_metadata,GPR,log,protocol_holdout,exploration,10,32,23.35589720582776
ISU_ILCC,set4_features_metadata,GPR,log,protocol_holdout,exploration,10,48,21.13849791505156
ISU_ILCC,set4_features_metadata,GPR,log,protocol_holdout,exploration,10,64,20.33134324831436
ISU_ILCC,set4_features_metadata,GPR,log,protocol_holdout,exploration,10,80,21.80254404805068
ISU_ILCC,set4_features_metadata,GPR,log,protocol_holdout,exploration,10,96,22.12191279105036
ISU_ILCC,set4_features_metadata,GPR,log,protocol_holdout,exploration,10,112,23.31637645529096
ISU_ILCC,set4_features_metadata,GPR,log,protocol_holdout,exploration,10,128,22.53915666495774
ISU_ILCC,set4_features_metadata,GPR,log,protocol_holdout,exploration,10,144,22.276085859985503
ISU_ILCC,set4_features_metadata,GPR,log,protocol_holdout,exploration,10,160,22.085494481198616
ISU_ILCC,set4_features_metadata,GPR,log,protocol_holdout,exploration,10,176,22.36381912559838
ISU_ILCC,set4_features_metadata,GPR,log,protocol_holdout,exploration,10,192,22.23395523987897
ISU_ILCC,set4_features_metadata,GPR,log,protocol_holdout,exploration,10,193,22.25563915967739
ISU_ILCC,set4_features_metadata,GPR,log,protocol_holdout,exploitation,1,16,29.33423345596824
ISU_ILCC,set4_features_metadata,GPR,log,protocol_holdout,exploitation,1,32,17.61577639330571
ISU_ILCC,set4_features_metadata,GPR,log,protocol_holdout,exploitation,1,48,17.156976337900733
ISU_ILCC,set4_features_metadata,GPR,log,protocol_holdout,exploitation,1,64,15.60987771437516
ISU_ILCC,set4_features_metadata,GPR,log,protocol_holdout,exploitation,1,80,16.21442280852959
ISU_ILCC,set4_features_metadata,GPR,log,protocol_holdout,exploitation,1,96,15.616145446955311
ISU_ILCC,set4_features_metadata,GPR,log,protocol_holdout,exploitation,1,112,16.23735942534378
ISU_ILCC,set4_features_metadata,GPR,log,protocol_holdout,exploitation,1,128,16.130883324710958
ISU_ILCC,set4_features_metadata,GPR,log,protocol_holdout,exploitation,1,144,16.09623748830177
ISU_ILCC,set4_features_metadata,GPR,log,protocol_holdout,exploitation,1,160,14.973404917487784
ISU_ILCC,set4_features_metadata,GPR,log,protocol_holdout,exploitation,1,176,14.611986425603646
ISU_ILCC,set4_features_metadata,GPR,log,protocol_holdout,exploitation,1,192,14.79094933745852
ISU_ILCC,set4_features_metadata,GPR,log,protocol_holdout,exploitation,1,193,14.801307217217827
ISU_ILCC,set4_features_metadata,GPR,log,protocol_holdout,exploitation,2,16,32.55607302225202
ISU_ILCC,set4_features_metadata,GPR,log,protocol_holdout,exploitation,2,32,20.550789715473098
ISU_ILCC,set4_features_metadata,GPR,log,protocol_holdout,exploitation,2,48,19.64973290786265
ISU_ILCC,set4_features_metadata,GPR,log,protocol_holdout,exploitation,2,64,22.40594365363984
ISU_ILCC,set4_features_metadata,GPR,log,protocol_holdout,exploitation,2,80,24.08670978150341
ISU_ILCC,set4_features_metadata,GPR,log,protocol_holdout,exploitation,2,96,21.526776714992067
ISU_ILCC,set4_features_metadata,GPR,log,protocol_holdout,exploitation,2,112,17.736796778748353
ISU_ILCC,set4_features_metadata,GPR,log,protocol_holdout,exploitation,2,128,17.30677090348518
ISU_ILCC,set4_features_metadata,GPR,log,protocol_holdout,exploitation,2,144,18.19796923845477
ISU_ILCC,set4_features_metadata,GPR,log,protocol_holdout,exploitation,2,160,18.444900479051345
ISU_ILCC,set4_features_metadata,GPR,log,protocol_holdout,exploitation,2,176,19.54488366176429
ISU_ILCC,set4_features_metadata,GPR,log,protocol_holdout,exploitation,2,192,19.28412777012687
ISU_ILCC,set4_features_metadata,GPR,log,protocol_holdout,exploitation,2,193,19.25342427351053
ISU_ILCC,set4_features_metadata,GPR,log,protocol_holdout,exploitation,3,16,19.551790960464626
ISU_ILCC,set4_features_metadata,GPR,log,protocol_holdout,exploitation,3,32,34.3119258940218
ISU_ILCC,set4_features_metadata,GPR,log,protocol_holdout,exploitation,3,48,17.73828214146669
ISU_ILCC,set4_features_metadata,GPR,log,protocol_holdout,exploitation,3,64,17.865034672705814
ISU_ILCC,set4_features_metadata,GPR,log,protocol_holdout,exploitation,3,80,15.489043798140264
ISU_ILCC,set4_features_metadata,GPR,log,protocol_holdout,exploitation,3,96,16.091617450864668
ISU_ILCC,set4_features_metadata,GPR,log,protocol_holdout,exploitation,3,112,16.010181283277927
ISU_ILCC,set4_features_metadata,GPR,log,protocol_holdout,exploitation,3,128,16.017001856258737
ISU_ILCC,set4_features_metadata,GPR,log,protocol_holdout,exploitation,3,144,15.159508229889616
ISU_ILCC,set4_features_metadata,GPR,log,protocol_holdout,exploitation,3,160,14.812311437790765
ISU_ILCC,set4_features_metadata,GPR,log,protocol_holdout,exploitation,3,176,14.1899604432721
ISU_ILCC,set4_features_metadata,GPR,log,protocol_holdout,exploitation,3,192,14.005423466097088
ISU_ILCC,set4_features_metadata,GPR,log,protocol_holdout,exploitation,3,193,13.983624538627298
ISU_ILCC,set4_features_metadata,GPR,log,protocol_holdout,exploitation,4,16,25.55837475985073
ISU_ILCC,set4_features_metadata,GPR,log,protocol_holdout,exploitation,4,32,28.972891514810435
ISU_ILCC,set4_features_metadata,GPR,log,protocol_holdout,exploitation,4,48,26.366932350234418
ISU_ILCC,set4_features_metadata,GPR,log,protocol_holdout,exploitation,4,64,23.954491734328904
ISU_ILCC,set4_features_metadata,GPR,log,protocol_holdout,exploitation,4,80,23.31095536610808
ISU_ILCC,set4_features_metadata,GPR,log,protocol_holdout,exploitation,4,96,19.50452797301158
ISU_ILCC,set4_features_metadata,GPR,log,protocol_holdout,exploitation,4,112,20.69550114997553
ISU_ILCC,set4_features_metadata,GPR,log,protocol_holdout,exploitation,4,128,20.373704021776074
ISU_ILCC,set4_features_metadata,GPR,log,protocol_holdout,exploitation,4,144,19.59251977293072
ISU_ILCC,set4_features_metadata,GPR,log,protocol_holdout,exploitation,4,160,16.683655723745105
ISU_ILCC,set4_features_metadata,GPR,log,protocol_holdout,exploitation,4,176,15.720692645024409
ISU_ILCC,set4_features_metadata,GPR,log,protocol_holdout,exploitation,4,192,16.30744518742569
ISU_ILCC,set4_features_metadata,GPR,log,protocol_holdout,exploitation,4,193,16.302811935775598
ISU_ILCC,set4_features_metadata,GPR,log,protocol_holdout,exploitation,5,16,36.820545071367846
ISU_ILCC,set4_features_metadata,GPR,log,protocol_holdout,exploitation,5,32,40.05025722135859
ISU_ILCC,set4_features_metadata,GPR,log,protocol_holdout,exploitation,5,48,35.80504599478141
ISU_ILCC,set4_features_metadata,GPR,log,protocol_holdout,exploitation,5,64,19.36143584229912
ISU_ILCC,set4_features_metadata,GPR,log,protocol_holdout,exploitation,5,80,19.70187275591996
ISU_ILCC,set4_features_metadata,GPR,log,protocol_holdout,exploitation,5,96,20.135056689326504
ISU_ILCC,set4_features_metadata,GPR,log,protocol_holdout,exploitation,5,112,19.39938521893908
ISU_ILCC,set4_features_metadata,GPR,log,protocol_holdout,exploitation,5,128,19.3775159533262
ISU_ILCC,set4_features_metadata,GPR,log,protocol_holdout,exploitation,5,144,18.891096090909457
ISU_ILCC,set4_features_metadata,GPR,log,protocol_holdout,exploitation,5,160,18.479512094020308
ISU_ILCC,set4_features_metadata,GPR,log,protocol_holdout,exploitation,5,176,18.04898743767065
ISU_ILCC,set4_features_metadata,GPR,log,protocol_holdout,exploitation,5,192,18.1752827910327
ISU_ILCC,set4_features_metadata,GPR,log,protocol_holdout,exploitation,5,193,18.367370727578592
ISU_ILCC,set4_features_metadata,GPR,log,protocol_holdout,exploitation,6,16,31.7999375492524
ISU_ILCC,set4_features_metadata,GPR,log,protocol_holdout,exploitation,6,32,30.163215471501093
ISU_ILCC,set4_features_metadata,GPR,log,protocol_holdout,exploitation,6,48,30.97647276857049
ISU_ILCC,set4_features_metadata,GPR,log,protocol_holdout,exploitation,6,64,25.985973604851825
ISU_ILCC,set4_features_metadata,GPR,log,protocol_holdout,exploitation,6,80,27.44692184335284
ISU_ILCC,set4_features_metadata,GPR,log,protocol_holdout,exploitation,6,96,20.63014243724096
ISU_ILCC,set4_features_metadata,GPR,log,protocol_holdout,exploitation,6,112,22.23488840510922
ISU_ILCC,set4_features_metadata,GPR,log,protocol_holdout,exploitation,6,128,21.63764622339476
ISU_ILCC,set4_features_metadata,GPR,log,protocol_holdout,exploitation,6,144,22.599100344725823
ISU_ILCC,set4_features_metadata,GPR,log,protocol_holdout,exploitation,6,160,21.356368333989227
ISU_ILCC,set4_features_metadata,GPR,log,protocol_holdout,exploitation,6,176,21.987368410715952
ISU_ILCC,set4_features_metadata,GPR,log,protocol_holdout,exploitation,6,192,21.409275701500345
ISU_ILCC,set4_features_metadata,GPR,log,protocol_holdout,exploitation,6,193,21.4031467711028
ISU_ILCC,set4_features_metadata,GPR,log,protocol_holdout,exploitation,7,16,20.838110184835948
ISU_ILCC,set4_features_metadata,GPR,log,protocol_holdout,exploitation,7,32,21.984982983721025
ISU_ILCC,set4_features_metadata,GPR,log,protocol_holdout,exploitation,7,48,23.73020409553405
ISU_ILCC,set4_features_metadata,GPR,log,protocol_holdout,exploitation,7,64,21.95499396789404
ISU_ILCC,set4_features_metadata,GPR,log,protocol_holdout,exploitation,7,80,22.454845604162955
ISU_ILCC,set4_features_metadata,GPR,log,protocol_holdout,exploitation,7,96,21.86712781053969
ISU_ILCC,set4_features_metadata,GPR,log,protocol_holdout,exploitation,7,112,21.38845106238401
ISU_ILCC,set4_features_metadata,GPR,log,protocol_holdout,exploitation,7,128,21.02143364212651
ISU_ILCC,set4_features_metadata,GPR,log,protocol_holdout,exploitation,7,144,20.56402732816796
ISU_ILCC,set4_features_metadata,GPR,log,protocol_holdout,exploitation,7,160,19.581320818756307
ISU_ILCC,set4_features_metadata,GPR,log,protocol_holdout,exploitation,7,176,20.02553368287453
ISU_ILCC,set4_features_metadata,GPR,log,protocol_holdout,exploitation,7,192,20.22365179818287
ISU_ILCC,set4_features_metadata,GPR,log,protocol_holdout,exploitation,7,193,20.18669391097907
ISU_ILCC,set4_features_metadata,GPR,log,protocol_holdout,exploitation,8,16,77.51816135336546
ISU_ILCC,set4_features_metadata,GPR,log,protocol_holdout,exploitation,8,32,69.38092072854879
ISU_ILCC,set4_features_metadata,GPR,log,protocol_holdout,exploitation,8,48,63.21033601520363
ISU_ILCC,set4_features_metadata,GPR,log,protocol_holdout,exploitation,8,64,40.48056071301151
ISU_ILCC,set4_features_metadata,GPR,log,protocol_holdout,exploitation,8,80,39.66510426073373
ISU_ILCC,set4_features_metadata,GPR,log,protocol_holdout,exploitation,8,96,43.992375216245634
ISU_ILCC,set4_features_metadata,GPR,log,protocol_holdout,exploitation,8,112,26.72443281682481
ISU_ILCC,set4_features_metadata,GPR,log,protocol_holdout,exploitation,8,128,26.77957231242416
ISU_ILCC,set4_features_metadata,GPR,log,protocol_holdout,exploitation,8,144,27.880442347233057
ISU_ILCC,set4_features_metadata,GPR,log,protocol_holdout,exploitation,8,160,27.13674932385657
ISU_ILCC,set4_features_metadata,GPR,log,protocol_holdout,exploitation,8,176,26.63619311282808
ISU_ILCC,set4_features_metadata,GPR,log,protocol_holdout,exploitation,8,192,26.395841314216657
ISU_ILCC,set4_features_metadata,GPR,log,protocol_holdout,exploitation,8,193,26.40776075553068
ISU_ILCC,set4_features_metadata,GPR,log,protocol_holdout,exploitation,9,16,26.364572128230183
ISU_ILCC,set4_features_metadata,GPR,log,protocol_holdout,exploitation,9,32,30.57428607413967
ISU_ILCC,set4_features_metadata,GPR,log,protocol_holdout,exploitation,9,48,27.281950695968987
ISU_ILCC,set4_features_metadata,GPR,log,protocol_holdout,exploitation,9,64,29.148629083813805
ISU_ILCC,set4_features_metadata,GPR,log,protocol_holdout,exploitation,9,80,26.219662914284104
ISU_ILCC,set4_features_metadata,GPR,log,protocol_holdout,exploitation,9,96,24.15422268312255
ISU_ILCC,set4_features_metadata,GPR,log,protocol_holdout,exploitation,9,112,24.065731401688364
ISU_ILCC,set4_features_metadata,GPR,log,protocol_holdout,exploitation,9,128,23.47296335823721
ISU_ILCC,set4_features_metadata,GPR,log,protocol_holdout,exploitation,9,144,22.4862788010146
ISU_ILCC,set4_features_metadata,GPR,log,protocol_holdout,exploitation,9,160,22.150691179252004
ISU_ILCC,set4_features_metadata,GPR,log,protocol_holdout,exploitation,9,176,22.981981296437752
ISU_ILCC,set4_features_metadata,GPR,log,protocol_holdout,exploitation,9,192,23.08418149283474
ISU_ILCC,set4_features_metadata,GPR,log,protocol_holdout,exploitation,9,193,22.937231270646937
ISU_ILCC,set4_features_metadata,GPR,log,protocol_holdout,exploitation,10,16,33.96538595084116
ISU_ILCC,set4_features_metadata,GPR,log,protocol_holdout,exploitation,10,32,25.85958077072741
ISU_ILCC,set4_features_metadata,GPR,log,protocol_holdout,exploitation,10,48,27.833557614203823
ISU_ILCC,set4_features_metadata,GPR,log,protocol_holdout,exploitation,10,64,26.25335033403414
ISU_ILCC,set4_features_metadata,GPR,log,protocol_holdout,exploitation,10,80,26.537223829624075
ISU_ILCC,set4_features_metadata,GPR,log,protocol_holdout,exploitation,10,96,21.936080274622714
ISU_ILCC,set4_features_metadata,GPR,log,protocol_holdout,exploitation,10,112,21.657751715003503
ISU_ILCC,set4_features_metadata,GPR,log,protocol_holdout,exploitation,10,128,22.26076842451452
ISU_ILCC,set4_features_metadata,GPR,log,protocol_holdout,exploitation,10,144,22.45935585161204
ISU_ILCC,set4_features_metadata,GPR,log,protocol_holdout,exploitation,10,160,22.44741259702758
ISU_ILCC,set4_features_metadata,GPR,log,protocol_holdout,exploitation,10,176,22.135002595630752
ISU_ILCC,set4_features_metadata,GPR,log,protocol_holdout,exploitation,10,192,22.246791579332527
ISU_ILCC,set4_features_metadata,GPR,log,protocol_holdout,exploitation,10,193,22.25563915967739
ISU_ILCC,set4_features_metadata,GPR,log,protocol_holdout,hybrid,1,16,29.33423345596824
ISU_ILCC,set4_features_metadata,GPR,log,protocol_holdout,hybrid,1,32,21.501358315899747
ISU_ILCC,set4_features_metadata,GPR,log,protocol_holdout,hybrid,1,48,17.794167780376412
ISU_ILCC,set4_features_metadata,GPR,log,protocol_holdout,hybrid,1,64,17.34985294878294
ISU_ILCC,set4_features_metadata,GPR,log,protocol_holdout,hybrid,1,80,17.5317006766147
ISU_ILCC,set4_features_metadata,GPR,log,protocol_holdout,hybrid,1,96,17.05987480969949
ISU_ILCC,set4_features_metadata,GPR,log,protocol_holdout,hybrid,1,112,16.805089810101258
ISU_ILCC,set4_features_metadata,GPR,log,protocol_holdout,hybrid,1,128,15.927291000705992
ISU_ILCC,set4_features_metadata,GPR,log,protocol_holdout,hybrid,1,144,15.776941006000625
ISU_ILCC,set4_features_metadata,GPR,log,protocol_holdout,hybrid,1,160,14.436152967392172
ISU_ILCC,set4_features_metadata,GPR,log,protocol_holdout,hybrid,1,176,14.773509805316626
ISU_ILCC,set4_features_metadata,GPR,log,protocol_holdout,hybrid,1,192,14.809231501472324
ISU_ILCC,set4_features_metadata,GPR,log,protocol_holdout,hybrid,1,193,14.801307217217827
ISU_ILCC,set4_features_metadata,GPR,log,protocol_holdout,hybrid,2,16,32.55607302225202
ISU_ILCC,set4_features_metadata,GPR,log,protocol_holdout,hybrid,2,32,19.4865097183828
ISU_ILCC,set4_features_metadata,GPR,log,protocol_holdout,hybrid,2,48,17.55498028896636
ISU_ILCC,set4_features_metadata,GPR,log,protocol_holdout,hybrid,2,64,17.07493976772915
ISU_ILCC,set4_features_metadata,GPR,log,protocol_holdout,hybrid,2,80,17.11790306430713
ISU_ILCC,set4_features_metadata,GPR,log,protocol_holdout,hybrid,2,96,16.338428281633014
ISU_ILCC,set4_features_metadata,GPR,log,protocol_holdout,hybrid,2,112,16.50662034238307
ISU_ILCC,set4_features_metadata,GPR,log,protocol_holdout,hybrid,2,128,15.810017788134632
ISU_ILCC,set4_features_metadata,GPR,log,protocol_holdout,hybrid,2,144,15.908266307361435
ISU_ILCC,set4_features_metadata,GPR,log,protocol_holdout,hybrid,2,160,18.564368807036416
ISU_ILCC,set4_features_metadata,GPR,log,protocol_holdout,hybrid,2,176,19.30513580143268
ISU_ILCC,set4_features_metadata,GPR,log,protocol_holdout,hybrid,2,192,19.31197469265439
ISU_ILCC,set4_features_metadata,GPR,log,protocol_holdout,hybrid,2,193,19.25342427351053
ISU_ILCC,set4_features_metadata,GPR,log,protocol_holdout,hybrid,3,16,19.551790960464626
ISU_ILCC,set4_features_metadata,GPR,log,protocol_holdout,hybrid,3,32,18.519100923187263
ISU_ILCC,set4_features_metadata,GPR,log,protocol_holdout,hybrid,3,48,18.70358273537982
ISU_ILCC,set4_features_metadata,GPR,log,protocol_holdout,hybrid,3,64,18.822543844637003
ISU_ILCC,set4_features_metadata,GPR,log,protocol_holdout,hybrid,3,80,16.997623820715777
ISU_ILCC,set4_features_metadata,GPR,log,protocol_holdout,hybrid,3,96,16.032929532534602
ISU_ILCC,set4_features_metadata,GPR,log,protocol_holdout,hybrid,3,112,15.90956355617922
ISU_ILCC,set4_features_metadata,GPR,log,protocol_holdout,hybrid,3,128,16.292333300625486
ISU_ILCC,set4_features_metadata,GPR,log,protocol_holdout,hybrid,3,144,14.788925626179008
ISU_ILCC,set4_features_metadata,GPR,log,protocol_holdout,hybrid,3,160,14.852383800972872
ISU_ILCC,set4_features_metadata,GPR,log,protocol_holdout,hybrid,3,176,14.263240907141558
ISU_ILCC,set4_features_metadata,GPR,log,protocol_holdout,hybrid,3,192,14.055703838397202
ISU_ILCC,set4_features_metadata,GPR,log,protocol_holdout,hybrid,3,193,13.983624538627298
ISU_ILCC,set4_features_metadata,GPR,log,protocol_holdout,hybrid,4,16,25.55837475985073
ISU_ILCC,set4_features_metadata,GPR,log,protocol_holdout,hybrid,4,32,21.29170726078373
ISU_ILCC,set4_features_metadata,GPR,log,protocol_holdout,hybrid,4,48,14.520250105404925
ISU_ILCC,set4_features_metadata,GPR,log,protocol_holdout,hybrid,4,64,12.386988858125129
ISU_ILCC,set4_features_metadata,GPR,log,protocol_holdout,hybrid,4,80,11.891274725064802
ISU_ILCC,set4_features_metadata,GPR,log,protocol_holdout,hybrid,4,96,12.9113237904344
ISU_ILCC,set4_features_metadata,GPR,log,protocol_holdout,hybrid,4,112,11.0675640187849
ISU_ILCC,set4_features_metadata,GPR,log,protocol_holdout,hybrid,4,128,11.56934919951958
ISU_ILCC,set4_features_metadata,GPR,log,protocol_holdout,hybrid,4,144,14.50900927512771
ISU_ILCC,set4_features_metadata,GPR,log,protocol_holdout,hybrid,4,160,15.48387437834515
ISU_ILCC,set4_features_metadata,GPR,log,protocol_holdout,hybrid,4,176,15.487818934834245
ISU_ILCC,set4_features_metadata,GPR,log,protocol_holdout,hybrid,4,192,16.280518941206374
ISU_ILCC,set4_features_metadata,GPR,log,protocol_holdout,hybrid,4,193,16.302811935775598
ISU_ILCC,set4_features_metadata,GPR,log,protocol_holdout,hybrid,5,16,36.820545071367846
ISU_ILCC,set4_features_metadata,GPR,log,protocol_holdout,hybrid,5,32,27.66228279085925
ISU_ILCC,set4_features_metadata,GPR,log,protocol_holdout,hybrid,5,48,23.205293695000737
ISU_ILCC,set4_features_metadata,GPR,log,protocol_holdout,hybrid,5,64,19.169141918859843
ISU_ILCC,set4_features_metadata,GPR,log,protocol_holdout,hybrid,5,80,18.62599324437327
ISU_ILCC,set4_features_metadata,GPR,log,protocol_holdout,hybrid,5,96,18.31682857444256
ISU_ILCC,set4_features_metadata,GPR,log,protocol_holdout,hybrid,5,112,18.75253661146904
ISU_ILCC,set4_features_metadata,GPR,log,protocol_holdout,hybrid,5,128,19.33757683277055
ISU_ILCC,set4_features_metadata,GPR,log,protocol_holdout,hybrid,5,144,18.79728953927545
ISU_ILCC,set4_features_metadata,GPR,log,protocol_holdout,hybrid,5,160,18.60970957868677
ISU_ILCC,set4_features_metadata,GPR,log,protocol_holdout,hybrid,5,176,18.40010852800804
ISU_ILCC,set4_features_metadata,GPR,log,protocol_holdout,hybrid,5,192,18.37498114923776
ISU_ILCC,set4_features_metadata,GPR,log,protocol_holdout,hybrid,5,193,18.367370727578592
ISU_ILCC,set4_features_metadata,GPR,log,protocol_holdout,hybrid,6,16,31.7999375492524
ISU_ILCC,set4_features_metadata,GPR,log,protocol_holdout,hybrid,6,32,23.57696750038962
ISU_ILCC,set4_features_metadata,GPR,log,protocol_holdout,hybrid,6,48,20.11218330171536
ISU_ILCC,set4_features_metadata,GPR,log,protocol_holdout,hybrid,6,64,21.110122754346
ISU_ILCC,set4_features_metadata,GPR,log,protocol_holdout,hybrid,6,80,19.92380696059505
ISU_ILCC,set4_features_metadata,GPR,log,protocol_holdout,hybrid,6,96,20.62172206193806
ISU_ILCC,set4_features_metadata,GPR,log,protocol_holdout,hybrid,6,112,22.43020567677005
ISU_ILCC,set4_features_metadata,GPR,log,protocol_holdout,hybrid,6,128,23.207718335629536
ISU_ILCC,set4_features_metadata,GPR,log,protocol_holdout,hybrid,6,144,22.859032236299505
ISU_ILCC,set4_features_metadata,GPR,log,protocol_holdout,hybrid,6,160,21.54072019229606
ISU_ILCC,set4_features_metadata,GPR,log,protocol_holdout,hybrid,6,176,21.37553726680648
ISU_ILCC,set4_features_metadata,GPR,log,protocol_holdout,hybrid,6,192,21.301620343400664
ISU_ILCC,set4_features_metadata,GPR,log,protocol_holdout,hybrid,6,193,21.4031467711028
ISU_ILCC,set4_features_metadata,GPR,log,protocol_holdout,hybrid,7,16,20.838110184835948
ISU_ILCC,set4_features_metadata,GPR,log,protocol_holdout,hybrid,7,32,25.47442092336772
ISU_ILCC,set4_features_metadata,GPR,log,protocol_holdout,hybrid,7,48,23.11583559286817
ISU_ILCC,set4_features_metadata,GPR,log,protocol_holdout,hybrid,7,64,21.373426442609343
ISU_ILCC,set4_features_metadata,GPR,log,protocol_holdout,hybrid,7,80,19.84034237924984
ISU_ILCC,set4_features_metadata,GPR,log,protocol_holdout,hybrid,7,96,20.66967098034882
ISU_ILCC,set4_features_metadata,GPR,log,protocol_holdout,hybrid,7,112,20.297881918450063
ISU_ILCC,set4_features_metadata,GPR,log,protocol_holdout,hybrid,7,128,20.857360794020327
ISU_ILCC,set4_features_metadata,GPR,log,protocol_holdout,hybrid,7,144,19.80673744343674
ISU_ILCC,set4_features_metadata,GPR,log,protocol_holdout,hybrid,7,160,20.115801220698863
ISU_ILCC,set4_features_metadata,GPR,log,protocol_holdout,hybrid,7,176,20.48232263412699
ISU_ILCC,set4_features_metadata,GPR,log,protocol_holdout,hybrid,7,192,20.18654789262076
ISU_ILCC,set4_features_metadata,GPR,log,protocol_holdout,hybrid,7,193,20.18669391097907
ISU_ILCC,set4_features_metadata,GPR,log,protocol_holdout,hybrid,8,16,77.51816135336546
ISU_ILCC,set4_features_metadata,GPR,log,protocol_holdout,hybrid,8,32,28.377902348933848
ISU_ILCC,set4_features_metadata,GPR,log,protocol_holdout,hybrid,8,48,28.97570029399248
ISU_ILCC,set4_features_metadata,GPR,log,protocol_holdout,hybrid,8,64,28.00649513063369
ISU_ILCC,set4_features_metadata,GPR,log,protocol_holdout,hybrid,8,80,27.355493511954315
ISU_ILCC,set4_features_metadata,GPR,log,protocol_holdout,hybrid,8,96,26.858938324609383
ISU_ILCC,set4_features_metadata,GPR,log,protocol_holdout,hybrid,8,112,25.26336418602973
ISU_ILCC,set4_features_metadata,GPR,log,protocol_holdout,hybrid,8,128,25.28710728143268
ISU_ILCC,set4_features_metadata,GPR,log,protocol_holdout,hybrid,8,144,25.10849920664001
ISU_ILCC,set4_features_metadata,GPR,log,protocol_holdout,hybrid,8,160,25.603185571108405
ISU_ILCC,set4_features_metadata,GPR,log,protocol_holdout,hybrid,8,176,25.673779324860146
ISU_ILCC,set4_features_metadata,GPR,log,protocol_holdout,hybrid,8,192,26.3696287585774
ISU_ILCC,set4_features_metadata,GPR,log,protocol_holdout,hybrid,8,193,26.40776075553068
ISU_ILCC,set4_features_metadata,GPR,log,protocol_holdout,hybrid,9,16,26.364572128230183
ISU_ILCC,set4_features_metadata,GPR,log,protocol_holdout,hybrid,9,32,26.222970367237124
ISU_ILCC,set4_features_metadata,GPR,log,protocol_holdout,hybrid,9,48,23.571867343317468
ISU_ILCC,set4_features_metadata,GPR,log,protocol_holdout,hybrid,9,64,20.877351315442148
ISU_ILCC,set4_features_metadata,GPR,log,protocol_holdout,hybrid,9,80,22.755378991126584
ISU_ILCC,set4_features_metadata,GPR,log,protocol_holdout,hybrid,9,96,23.04536942794628
ISU_ILCC,set4_features_metadata,GPR,log,protocol_holdout,hybrid,9,112,23.538986382878367
ISU_ILCC,set4_features_metadata,GPR,log,protocol_holdout,hybrid,9,128,22.80733392606323
ISU_ILCC,set4_features_metadata,GPR,log,protocol_holdout,hybrid,9,144,22.82893589263804
ISU_ILCC,set4_features_metadata,GPR,log,protocol_holdout,hybrid,9,160,23.216692035520246
ISU_ILCC,set4_features_metadata,GPR,log,protocol_holdout,hybrid,9,176,22.96539979441132
ISU_ILCC,set4_features_metadata,GPR,log,protocol_holdout,hybrid,9,192,22.92623824962811
ISU_ILCC,set4_features_metadata,GPR,log,protocol_holdout,hybrid,9,193,22.937231270646937
ISU_ILCC,set4_features_metadata,GPR,log,protocol_holdout,hybrid,10,16,33.96538595084116
ISU_ILCC,set4_features_metadata,GPR,log,protocol_holdout,hybrid,10,32,21.900142661035503
ISU_ILCC,set4_features_metadata,GPR,log,protocol_holdout,hybrid,10,48,22.18829521184784
ISU_ILCC,set4_features_metadata,GPR,log,protocol_holdout,hybrid,10,64,20.69910020752969
ISU_ILCC,set4_features_metadata,GPR,log,protocol_holdout,hybrid,10,80,21.50848384077145
ISU_ILCC,set4_features_metadata,GPR,log,protocol_holdout,hybrid,10,96,22.20344794166079
ISU_ILCC,set4_features_metadata,GPR,log,protocol_holdout,hybrid,10,112,21.64441653439034
ISU_ILCC,set4_features_metadata,GPR,log,protocol_holdout,hybrid,10,128,22.55058538858988
ISU_ILCC,set4_features_metadata,GPR,log,protocol_holdout,hybrid,10,144,22.821074090701675
ISU_ILCC,set4_features_metadata,GPR,log,protocol_holdout,hybrid,10,160,22.6204390367986
ISU_ILCC,set4_features_metadata,GPR,log,protocol_holdout,hybrid,10,176,22.115523060858948
ISU_ILCC,set4_features_metadata,GPR,log,protocol_holdout,hybrid,10,192,22.252936605831927
ISU_ILCC,set4_features_metadata,GPR,log,protocol_holdout,hybrid,10,193,22.25563915967739
LSD_Primary,set4_features_metadata,GPR,log,protocol_holdout,random_selection,1,6,104.3052465223308
LSD_Primary,set4_features_metadata,GPR,log,protocol_holdout,random_selection,1,12,113.69126297660615
LSD_Primary,set4_features_metadata,GPR,log,protocol_holdout,random_selection,1,18,61.8089990509597
LSD_Primary,set4_features_metadata,GPR,log,protocol_holdout,random_selection,1,24,49.605690449963
LSD_Primary,set4_features_metadata,GPR,log,protocol_holdout,random_selection,1,30,46.918766445623966
LSD_Primary,set4_features_metadata,GPR,log,protocol_holdout,random_selection,1,36,46.51546863941267
LSD_Primary,set4_features_metadata,GPR,log,protocol_holdout,random_selection,1,42,45.41761495112313
LSD_Primary,set4_features_metadata,GPR,log,protocol_holdout,random_selection,1,48,44.680620871827465
LSD_Primary,set4_features_metadata,GPR,log,protocol_holdout,random_selection,1,54,45.549626113671245
LSD_Primary,set4_features_metadata,GPR,log,protocol_holdout,random_selection,1,58,96.25833266550316
LSD_Primary,set4_features_metadata,GPR,log,protocol_holdout,random_selection,2,6,31.207916711868084
LSD_Primary,set4_features_metadata,GPR,log,protocol_holdout,random_selection,2,12,29.705502770584907
LSD_Primary,set4_features_metadata,GPR,log,protocol_holdout,random_selection,2,18,31.626862241454983
LSD_Primary,set4_features_metadata,GPR,log,protocol_holdout,random_selection,2,24,29.191840494293007
LSD_Primary,set4_features_metadata,GPR,log,protocol_holdout,random_selection,2,30,24.969249542142645
LSD_Primary,set4_features_metadata,GPR,log,protocol_holdout,random_selection,2,36,30.598849822246105
LSD_Primary,set4_features_metadata,GPR,log,protocol_holdout,random_selection,2,42,33.49118467010218
LSD_Primary,set4_features_metadata,GPR,log,protocol_holdout,random_selection,2,48,26.71196879356214
LSD_Primary,set4_features_metadata,GPR,log,protocol_holdout,random_selection,2,54,27.85203866763125
LSD_Primary,set4_features_metadata,GPR,log,protocol_holdout,random_selection,2,58,25.75351188658826
LSD_Primary,set4_features_metadata,GPR,log,protocol_holdout,random_selection,3,6,35.932829325838874
LSD_Primary,set4_features_metadata,GPR,log,protocol_holdout,random_selection,3,12,24.714890736417548
LSD_Primary,set4_features_metadata,GPR,log,protocol_holdout,random_selection,3,18,24.52477369624288
LSD_Primary,set4_features_metadata,GPR,log,protocol_holdout,random_selection,3,24,16.86859733640739
LSD_Primary,set4_features_metadata,GPR,log,protocol_holdout,random_selection,3,30,15.231001671014583
LSD_Primary,set4_features_metadata,GPR,log,protocol_holdout,random_selection,3,36,18.320768731727767
LSD_Primary,set4_features_metadata,GPR,log,protocol_holdout,random_selection,3,42,18.71951283069689
LSD_Primary,set4_features_metadata,GPR,log,protocol_holdout,random_selection,3,48,18.21482417844219
LSD_Primary,set4_features_metadata,GPR,log,protocol_holdout,random_selection,3,54,19.020616345426863
LSD_Primary,set4_features_metadata,GPR,log,protocol_holdout,random_selection,3,58,18.2194240250937
LSD_Primary,set4_features_metadata,GPR,log,protocol_holdout,random_selection,4,6,75.59798999827773
LSD_Primary,set4_features_metadata,GPR,log,protocol_holdout,random_selection,4,12,32.337668780907734
LSD_Primary,set4_features_metadata,GPR,log,protocol_holdout,random_selection,4,18,38.37704025857932
LSD_Primary,set4_features_metadata,GPR,log,protocol_holdout,random_selection,4,24,54.327258344240384
LSD_Primary,set4_features_metadata,GPR,log,protocol_holdout,random_selection,4,30,38.91492348170133
LSD_Primary,set4_features_metadata,GPR,log,protocol_holdout,random_selection,4,36,37.51958856254115
LSD_Primary,set4_features_metadata,GPR,log,protocol_holdout,random_selection,4,42,44.44622485674915
LSD_Primary,set4_features_metadata,GPR,log,protocol_holdout,random_selection,4,48,44.200034243745804
LSD_Primary,set4_features_metadata,GPR,log,protocol_holdout,random_selection,4,54,44.24438779220593
LSD_Primary,set4_features_metadata,GPR,log,protocol_holdout,random_selection,4,58,47.68144649906921
LSD_Primary,set4_features_metadata,GPR,log,protocol_holdout,random_selection,5,6,93.81883049389744
LSD_Primary,set4_features_metadata,GPR,log,protocol_holdout,random_selection,5,12,129.70207721093146
LSD_Primary,set4_features_metadata,GPR,log,protocol_holdout,random_selection,5,18,53.00721151656751
LSD_Primary,set4_features_metadata,GPR,log,protocol_holdout,random_selection,5,24,45.6461387090036
LSD_Primary,set4_features_metadata,GPR,log,protocol_holdout,random_selection,5,30,116.41642451653806
LSD_Primary,set4_features_metadata,GPR,log,protocol_holdout,random_selection,5,36,126.1565332126842
LSD_Primary,set4_features_metadata,GPR,log,protocol_holdout,random_selection,5,42,50.76227813510307
LSD_Primary,set4_features_metadata,GPR,log,protocol_holdout,random_selection,5,48,56.380580666153946
LSD_Primary,set4_features_metadata,GPR,log,protocol_holdout,random_selection,5,54,97.32066437509718
LSD_Primary,set4_features_metadata,GPR,log,protocol_holdout,random_selection,5,58,88.50006304586256
LSD_Primary,set4_features_metadata,GPR,log,protocol_holdout,random_selection,6,6,91.8777994280682
LSD_Primary,set4_features_metadata,GPR,log,protocol_holdout,random_selection,6,12,66.38573846169167
LSD_Primary,set4_features_metadata,GPR,log,protocol_holdout,random_selection,6,18,39.03705501252334
LSD_Primary,set4_features_metadata,GPR,log,protocol_holdout,random_selection,6,24,47.12360017877726
LSD_Primary,set4_features_metadata,GPR,log,protocol_holdout,random_selection,6,30,31.496425391189693
LSD_Primary,set4_features_metadata,GPR,log,protocol_holdout,random_selection,6,36,30.00689869729704
LSD_Primary,set4_features_metadata,GPR,log,protocol_holdout,random_selection,6,42,22.412228348162635
LSD_Primary,set4_features_metadata,GPR,log,protocol_holdout,random_selection,6,48,29.51566989330312
LSD_Primary,set4_features_metadata,GPR,log,protocol_holdout,random_selection,6,54,89.1591533450281
LSD_Primary,set4_features_metadata,GPR,log,protocol_holdout,random_selection,6,58,96.52859973698222
LSD_Primary,set4_features_metadata,GPR,log,protocol_holdout,random_selection,7,6,119.30761588384593
LSD_Primary,set4_features_metadata,GPR,log,protocol_holdout,random_selection,7,12,72.3043125671868
LSD_Primary,set4_features_metadata,GPR,log,protocol_holdout,random_selection,7,18,37.2336739292142
LSD_Primary,set4_features_metadata,GPR,log,protocol_holdout,random_selection,7,24,46.15168169525498
LSD_Primary,set4_features_metadata,GPR,log,protocol_holdout,random_selection,7,30,42.48822357803006
LSD_Primary,set4_features_metadata,GPR,log,protocol_holdout,random_selection,7,36,46.66182014129955
LSD_Primary,set4_features_metadata,GPR,log,protocol_holdout,random_selection,7,42,35.55119843979547
LSD_Primary,set4_features_metadata,GPR,log,protocol_holdout,random_selection,7,48,36.45496263254234
LSD_Primary,set4_features_metadata,GPR,log,protocol_holdout,random_selection,7,54,35.68472246315273
LSD_Primary,set4_features_metadata,GPR,log,protocol_holdout,random_selection,7,58,47.38417713425463
LSD_Primary,set4_features_metadata,GPR,log,protocol_holdout,random_selection,8,6,218.19866136068367
LSD_Primary,set4_features_metadata,GPR,log,protocol_holdout,random_selection,8,12,104.868579285916
LSD_Primary,set4_features_metadata,GPR,log,protocol_holdout,random_selection,8,18,215.764968026566
LSD_Primary,set4_features_metadata,GPR,log,protocol_holdout,random_selection,8,24,153.43599102878207
LSD_Primary,set4_features_metadata,GPR,log,protocol_holdout,random_selection,8,30,145.880886448618
LSD_Primary,set4_features_metadata,GPR,log,protocol_holdout,random_selection,8,36,120.82903164767012
LSD_Primary,set4_features_metadata,GPR,log,protocol_holdout,random_selection,8,42,121.67001302379796
LSD_Primary,set4_features_metadata,GPR,log,protocol_holdout,random_selection,8,48,113.48380890349549
LSD_Primary,set4_features_metadata,GPR,log,protocol_holdout,random_selection,8,54,111.4505672577859
LSD_Primary,set4_features_metadata,GPR,log,protocol_holdout,random_selection,8,58,103.4371379251875
LSD_Primary,set4_features_metadata,GPR,log,protocol_holdout,random_selection,9,6,44.20531585781261
LSD_Primary,set4_features_metadata,GPR,log,protocol_holdout,random_selection,9,12,26.68444832239464
LSD_Primary,set4_features_metadata,GPR,log,protocol_holdout,random_selection,9,18,34.179402481834195
LSD_Primary,set4_features_metadata,GPR,log,protocol_holdout,random_selection,9,24,37.92427046274455
LSD_Primary,set4_features_metadata,GPR,log,protocol_holdout,random_selection,9,30,35.725000905841185
LSD_Primary,set4_features_metadata,GPR,log,protocol_holdout,random_selection,9,36,36.35539204639672
LSD_Primary,set4_features_metadata,GPR,log,protocol_holdout,random_selection,9,42,32.62177402023836
LSD_Primary,set4_features_metadata,GPR,log,protocol_holdout,random_selection,9,48,34.75096732951858
LSD_Primary,set4_features_metadata,GPR,log,protocol_holdout,random_selection,9,54,38.44844821013466
LSD_Primary,set4_features_metadata,GPR,log,protocol_holdout,random_selection,9,58,41.272229992190525
LSD_Primary,set4_features_metadata,GPR,log,protocol_holdout,random_selection,10,6,120.3873548187738
LSD_Primary,set4_features_metadata,GPR,log,protocol_holdout,random_selection,10,12,126.273508850209
LSD_Primary,set4_features_metadata,GPR,log,protocol_holdout,random_selection,10,18,144.51902685966388
LSD_Primary,set4_features_metadata,GPR,log,protocol_holdout,random_selection,10,24,160.62991194775282
LSD_Primary,set4_features_metadata,GPR,log,protocol_holdout,random_selection,10,30,153.06539812700308
LSD_Primary,set4_features_metadata,GPR,log,protocol_holdout,random_selection,10,36,87.97644179070471
LSD_Primary,set4_features_metadata,GPR,log,protocol_holdout,random_selection,10,42,130.43690370078488
LSD_Primary,set4_features_metadata,GPR,log,protocol_holdout,random_selection,10,48,78.07310219123003
LSD_Primary,set4_features_metadata,GPR,log,protocol_holdout,random_selection,10,54,76.67838421458045
LSD_Primary,set4_features_metadata,GPR,log,protocol_holdout,random_selection,10,58,74.3805676349357
LSD_Primary,set4_features_metadata,GPR,log,protocol_holdout,diversity_oneshot,1,6,43.4564786084705
LSD_Primary,set4_features_metadata,GPR,log,protocol_holdout,diversity_oneshot,1,12,48.68149002994937
LSD_Primary,set4_features_metadata,GPR,log,protocol_holdout,diversity_oneshot,1,18,37.86443114754029
LSD_Primary,set4_features_metadata,GPR,log,protocol_holdout,diversity_oneshot,1,24,38.688301313301245
LSD_Primary,set4_features_metadata,GPR,log,protocol_holdout,diversity_oneshot,1,30,37.16925020676273
LSD_Primary,set4_features_metadata,GPR,log,protocol_holdout,diversity_oneshot,1,36,34.856901126374964
LSD_Primary,set4_features_metadata,GPR,log,protocol_holdout,diversity_oneshot,1,42,35.18048190720088
LSD_Primary,set4_features_metadata,GPR,log,protocol_holdout,diversity_oneshot,1,48,41.69383650288888
LSD_Primary,set4_features_metadata,GPR,log,protocol_holdout,diversity_oneshot,1,54,44.90276350178412
LSD_Primary,set4_features_metadata,GPR,log,protocol_holdout,diversity_oneshot,1,58,96.25833266550316
LSD_Primary,set4_features_metadata,GPR,log,protocol_holdout,diversity_oneshot,2,6,12.510670600773436
LSD_Primary,set4_features_metadata,GPR,log,protocol_holdout,diversity_oneshot,2,12,32.34868811732826
LSD_Primary,set4_features_metadata,GPR,log,protocol_holdout,diversity_oneshot,2,18,24.46171964386069
LSD_Primary,set4_features_metadata,GPR,log,protocol_holdout,diversity_oneshot,2,24,23.5379972055779
LSD_Primary,set4_features_metadata,GPR,log,protocol_holdout,diversity_oneshot,2,30,22.303606764449786
LSD_Primary,set4_features_metadata,GPR,log,protocol_holdout,diversity_oneshot,2,36,24.63703337194412
LSD_Primary,set4_features_metadata,GPR,log,protocol_holdout,diversity_oneshot,2,42,22.10106190993115
LSD_Primary,set4_features_metadata,GPR,log,protocol_holdout,diversity_oneshot,2,48,23.096105892632803
LSD_Primary,set4_features_metadata,GPR,log,protocol_holdout,diversity_oneshot,2,54,25.325218031902786
LSD_Primary,set4_features_metadata,GPR,log,protocol_holdout,diversity_oneshot,2,58,25.75351188658826
LSD_Primary,set4_features_metadata,GPR,log,protocol_holdout,diversity_oneshot,3,6,42.212480799778376
LSD_Primary,set4_features_metadata,GPR,log,protocol_holdout,diversity_oneshot,3,12,41.73090437990176
LSD_Primary,set4_features_metadata,GPR,log,protocol_holdout,diversity_oneshot,3,18,14.742706365942787
LSD_Primary,set4_features_metadata,GPR,log,protocol_holdout,diversity_oneshot,3,24,15.608290984539918
LSD_Primary,set4_features_metadata,GPR,log,protocol_holdout,diversity_oneshot,3,30,14.39953812678598
LSD_Primary,set4_features_metadata,GPR,log,protocol_holdout,diversity_oneshot,3,36,13.49643301182952
LSD_Primary,set4_features_metadata,GPR,log,protocol_holdout,diversity_oneshot,3,42,14.482782831918117
LSD_Primary,set4_features_metadata,GPR,log,protocol_holdout,diversity_oneshot,3,48,16.905715263700227
LSD_Primary,set4_features_metadata,GPR,log,protocol_holdout,diversity_oneshot,3,54,16.024761636211426
LSD_Primary,set4_features_metadata,GPR,log,protocol_holdout,diversity_oneshot,3,58,18.2194240250937
LSD_Primary,set4_features_metadata,GPR,log,protocol_holdout,diversity_oneshot,4,6,28.01674949997632
LSD_Primary,set4_features_metadata,GPR,log,protocol_holdout,diversity_oneshot,4,12,32.03013428275443
LSD_Primary,set4_features_metadata,GPR,log,protocol_holdout,diversity_oneshot,4,18,23.249458529380064
LSD_Primary,set4_features_metadata,GPR,log,protocol_holdout,diversity_oneshot,4,24,20.581344113971035
LSD_Primary,set4_features_metadata,GPR,log,protocol_holdout,diversity_oneshot,4,30,28.26701043156605
LSD_Primary,set4_features_metadata,GPR,log,protocol_holdout,diversity_oneshot,4,36,28.950787879279925
LSD_Primary,set4_features_metadata,GPR,log,protocol_holdout,diversity_oneshot,4,42,39.980350971334815
LSD_Primary,set4_features_metadata,GPR,log,protocol_holdout,diversity_oneshot,4,48,37.97118718237615
LSD_Primary,set4_features_metadata,GPR,log,protocol_holdout,diversity_oneshot,4,54,44.201220222667104
LSD_Primary,set4_features_metadata,GPR,log,protocol_holdout,diversity_oneshot,4,58,47.68144649906921
LSD_Primary,set4_features_metadata,GPR,log,protocol_holdout,diversity_oneshot,5,6,52.16780254832369
LSD_Primary,set4_features_metadata,GPR,log,protocol_holdout,diversity_oneshot,5,12,43.830666227677966
LSD_Primary,set4_features_metadata,GPR,log,protocol_holdout,diversity_oneshot,5,18,37.11673644751705
LSD_Primary,set4_features_metadata,GPR,log,protocol_holdout,diversity_oneshot,5,24,43.34382230946704
LSD_Primary,set4_features_metadata,GPR,log,protocol_holdout,diversity_oneshot,5,30,42.83104747897932
LSD_Primary,set4_features_metadata,GPR,log,protocol_holdout,diversity_oneshot,5,36,45.94019950763394
LSD_Primary,set4_features_metadata,GPR,log,protocol_holdout,diversity_oneshot,5,42,47.53680127461254
LSD_Primary,set4_features_metadata,GPR,log,protocol_holdout,diversity_oneshot,5,48,50.14343894774803
LSD_Primary,set4_features_metadata,GPR,log,protocol_holdout,diversity_oneshot,5,54,51.63678854525323
LSD_Primary,set4_features_metadata,GPR,log,protocol_holdout,diversity_oneshot,5,58,88.50006304586256
LSD_Primary,set4_features_metadata,GPR,log,protocol_holdout,diversity_oneshot,6,6,53.22670100437124
LSD_Primary,set4_features_metadata,GPR,log,protocol_holdout,diversity_oneshot,6,12,37.72712948829624
LSD_Primary,set4_features_metadata,GPR,log,protocol_holdout,diversity_oneshot,6,18,30.7955437825436
LSD_Primary,set4_features_metadata,GPR,log,protocol_holdout,diversity_oneshot,6,24,27.84833632647949
LSD_Primary,set4_features_metadata,GPR,log,protocol_holdout,diversity_oneshot,6,30,25.88140070823656
LSD_Primary,set4_features_metadata,GPR,log,protocol_holdout,diversity_oneshot,6,36,31.12443284383139
LSD_Primary,set4_features_metadata,GPR,log,protocol_holdout,diversity_oneshot,6,42,32.654428283329814
LSD_Primary,set4_features_metadata,GPR,log,protocol_holdout,diversity_oneshot,6,48,34.971930384428646
LSD_Primary,set4_features_metadata,GPR,log,protocol_holdout,diversity_oneshot,6,54,89.81605931855222
LSD_Primary,set4_features_metadata,GPR,log,protocol_holdout,diversity_oneshot,6,58,96.52859973698222
LSD_Primary,set4_features_metadata,GPR,log,protocol_holdout,diversity_oneshot,7,6,44.65562492058927
LSD_Primary,set4_features_metadata,GPR,log,protocol_holdout,diversity_oneshot,7,12,52.95996364050898
LSD_Primary,set4_features_metadata,GPR,log,protocol_holdout,diversity_oneshot,7,18,33.5383748130301
LSD_Primary,set4_features_metadata,GPR,log,protocol_holdout,diversity_oneshot,7,24,36.30805195408559
LSD_Primary,set4_features_metadata,GPR,log,protocol_holdout,diversity_oneshot,7,30,32.99099762659303
LSD_Primary,set4_features_metadata,GPR,log,protocol_holdout,diversity_oneshot,7,36,30.39941266733683
LSD_Primary,set4_features_metadata,GPR,log,protocol_holdout,diversity_oneshot,7,42,39.43493357511456
LSD_Primary,set4_features_metadata,GPR,log,protocol_holdout,diversity_oneshot,7,48,38.85507173896861
LSD_Primary,set4_features_metadata,GPR,log,protocol_holdout,diversity_oneshot,7,54,41.42355957341932
LSD_Primary,set4_features_metadata,GPR,log,protocol_holdout,diversity_oneshot,7,58,47.38417713425463
LSD_Primary,set4_features_metadata,GPR,log,protocol_holdout,diversity_oneshot,8,6,69.71173801138778
LSD_Primary,set4_features_metadata,GPR,log,protocol_holdout,diversity_oneshot,8,12,43.0625429770281
LSD_Primary,set4_features_metadata,GPR,log,protocol_holdout,diversity_oneshot,8,18,33.91407324980269
LSD_Primary,set4_features_metadata,GPR,log,protocol_holdout,diversity_oneshot,8,24,37.29055023584743
LSD_Primary,set4_features_metadata,GPR,log,protocol_holdout,diversity_oneshot,8,30,47.33436455731596
LSD_Primary,set4_features_metadata,GPR,log,protocol_holdout,diversity_oneshot,8,36,44.31643898691951
LSD_Primary,set4_features_metadata,GPR,log,protocol_holdout,diversity_oneshot,8,42,47.79779048368697
LSD_Primary,set4_features_metadata,GPR,log,protocol_holdout,diversity_oneshot,8,48,49.5762943112493
LSD_Primary,set4_features_metadata,GPR,log,protocol_holdout,diversity_oneshot,8,54,96.15397560972472
LSD_Primary,set4_features_metadata,GPR,log,protocol_holdout,diversity_oneshot,8,58,103.4371379251875
LSD_Primary,set4_features_metadata,GPR,log,protocol_holdout,diversity_oneshot,9,6,46.97728533153127
LSD_Primary,set4_features_metadata,GPR,log,protocol_holdout,diversity_oneshot,9,12,33.397112225788014
LSD_Primary,set4_features_metadata,GPR,log,protocol_holdout,diversity_oneshot,9,18,32.43051408582877
LSD_Primary,set4_features_metadata,GPR,log,protocol_holdout,diversity_oneshot,9,24,17.741700572996923
LSD_Primary,set4_features_metadata,GPR,log,protocol_holdout,diversity_oneshot,9,30,18.08421412887598
LSD_Primary,set4_features_metadata,GPR,log,protocol_holdout,diversity_oneshot,9,36,17.09556467891583
LSD_Primary,set4_features_metadata,GPR,log,protocol_holdout,diversity_oneshot,9,42,16.48370794596535
LSD_Primary,set4_features_metadata,GPR,log,protocol_holdout,diversity_oneshot,9,48,29.906901813578664
LSD_Primary,set4_features_metadata,GPR,log,protocol_holdout,diversity_oneshot,9,54,31.692807954487385
LSD_Primary,set4_features_metadata,GPR,log,protocol_holdout,diversity_oneshot,9,58,41.272229992190525
LSD_Primary,set4_features_metadata,GPR,log,protocol_holdout,diversity_oneshot,10,6,85.26400454000004
LSD_Primary,set4_features_metadata,GPR,log,protocol_holdout,diversity_oneshot,10,12,79.02056733690114
LSD_Primary,set4_features_metadata,GPR,log,protocol_holdout,diversity_oneshot,10,18,62.99696858986571
LSD_Primary,set4_features_metadata,GPR,log,protocol_holdout,diversity_oneshot,10,24,52.19237884792828
LSD_Primary,set4_features_metadata,GPR,log,protocol_holdout,diversity_oneshot,10,30,56.60881850065766
LSD_Primary,set4_features_metadata,GPR,log,protocol_holdout,diversity_oneshot,10,36,60.74291294577706
LSD_Primary,set4_features_metadata,GPR,log,protocol_holdout,diversity_oneshot,10,42,59.387300814554976
LSD_Primary,set4_features_metadata,GPR,log,protocol_holdout,diversity_oneshot,10,48,56.93037027343196
LSD_Primary,set4_features_metadata,GPR,log,protocol_holdout,diversity_oneshot,10,54,71.13006836198198
LSD_Primary,set4_features_metadata,GPR,log,protocol_holdout,diversity_oneshot,10,58,74.3805676349357
LSD_Primary,set4_features_metadata,GPR,log,protocol_holdout,diversity_iterative,1,6,43.4564786084705
LSD_Primary,set4_features_metadata,GPR,log,protocol_holdout,diversity_iterative,1,12,79.23129562566832
LSD_Primary,set4_features_metadata,GPR,log,protocol_holdout,diversity_iterative,1,18,79.19862505949476
LSD_Primary,set4_features_metadata,GPR,log,protocol_holdout,diversity_iterative,1,24,58.59081261209563
LSD_Primary,set4_features_metadata,GPR,log,protocol_holdout,diversity_iterative,1,30,61.06681229400639
LSD_Primary,set4_features_metadata,GPR,log,protocol_holdout,diversity_iterative,1,36,57.77886176058288
LSD_Primary,set4_features_metadata,GPR,log,protocol_holdout,diversity_iterative,1,42,39.78975956765252
LSD_Primary,set4_features_metadata,GPR,log,protocol_holdout,diversity_iterative,1,48,96.82347610865205
LSD_Primary,set4_features_metadata,GPR,log,protocol_holdout,diversity_iterative,1,54,46.48493765599688
LSD_Primary,set4_features_metadata,GPR,log,protocol_holdout,diversity_iterative,1,58,96.25833266550316
LSD_Primary,set4_features_metadata,GPR,log,protocol_holdout,diversity_iterative,2,6,12.510670600773436
LSD_Primary,set4_features_metadata,GPR,log,protocol_holdout,diversity_iterative,2,12,8.224541838900802
LSD_Primary,set4_features_metadata,GPR,log,protocol_holdout,diversity_iterative,2,18,34.38292967515132
LSD_Primary,set4_features_metadata,GPR,log,protocol_holdout,diversity_iterative,2,24,39.8228748574241
LSD_Primary,set4_features_metadata,GPR,log,protocol_holdout,diversity_iterative,2,30,53.63237829306292
LSD_Primary,set4_features_metadata,GPR,log,protocol_holdout,diversity_iterative,2,36,36.392288980699824
LSD_Primary,set4_features_metadata,GPR,log,protocol_holdout,diversity_iterative,2,42,34.228964713314184
LSD_Primary,set4_features_metadata,GPR,log,protocol_holdout,diversity_iterative,2,48,24.754055805356423
LSD_Primary,set4_features_metadata,GPR,log,protocol_holdout,diversity_iterative,2,54,29.24940010113697
LSD_Primary,set4_features_metadata,GPR,log,protocol_holdout,diversity_iterative,2,58,25.75351188658826
LSD_Primary,set4_features_metadata,GPR,log,protocol_holdout,diversity_iterative,3,6,42.212480799778376
LSD_Primary,set4_features_metadata,GPR,log,protocol_holdout,diversity_iterative,3,12,66.88769021187304
LSD_Primary,set4_features_metadata,GPR,log,protocol_holdout,diversity_iterative,3,18,30.33285741743381
LSD_Primary,set4_features_metadata,GPR,log,protocol_holdout,diversity_iterative,3,24,35.8244202978082
LSD_Primary,set4_features_metadata,GPR,log,protocol_holdout,diversity_iterative,3,30,31.96868465233909
LSD_Primary,set4_features_metadata,GPR,log,protocol_holdout,diversity_iterative,3,36,42.59636373445444
LSD_Primary,set4_features_metadata,GPR,log,protocol_holdout,diversity_iterative,3,42,23.41185784609485
LSD_Primary,set4_features_metadata,GPR,log,protocol_holdout,diversity_iterative,3,48,18.189982020887445
LSD_Primary,set4_features_metadata,GPR,log,protocol_holdout,diversity_iterative,3,54,18.019964226011265
LSD_Primary,set4_features_metadata,GPR,log,protocol_holdout,diversity_iterative,3,58,18.2194240250937
LSD_Primary,set4_features_metadata,GPR,log,protocol_holdout,diversity_iterative,4,6,28.01674949997632
LSD_Primary,set4_features_metadata,GPR,log,protocol_holdout,diversity_iterative,4,12,25.71025448467246
LSD_Primary,set4_features_metadata,GPR,log,protocol_holdout,diversity_iterative,4,18,30.17565610395756
LSD_Primary,set4_features_metadata,GPR,log,protocol_holdout,diversity_iterative,4,24,35.128887860088206
LSD_Primary,set4_features_metadata,GPR,log,protocol_holdout,diversity_iterative,4,30,40.77949934165744
LSD_Primary,set4_features_metadata,GPR,log,protocol_holdout,diversity_iterative,4,36,49.20699062824231
LSD_Primary,set4_features_metadata,GPR,log,protocol_holdout,diversity_iterative,4,42,39.27172716025217
LSD_Primary,set4_features_metadata,GPR,log,protocol_holdout,diversity_iterative,4,48,43.21194724482195
LSD_Primary,set4_features_metadata,GPR,log,protocol_holdout,diversity_iterative,4,54,43.68719687583916
LSD_Primary,set4_features_metadata,GPR,log,protocol_holdout,diversity_iterative,4,58,47.68144649906921
LSD_Primary,set4_features_metadata,GPR,log,protocol_holdout,diversity_iterative,5,6,52.16780254832369
LSD_Primary,set4_features_metadata,GPR,log,protocol_holdout,diversity_iterative,5,12,51.14278097516242
LSD_Primary,set4_features_metadata,GPR,log,protocol_holdout,diversity_iterative,5,18,55.2307059144883
LSD_Primary,set4_features_metadata,GPR,log,protocol_holdout,diversity_iterative,5,24,54.14006481598569
LSD_Primary,set4_features_metadata,GPR,log,protocol_holdout,diversity_iterative,5,30,52.92010671499367
LSD_Primary,set4_features_metadata,GPR,log,protocol_holdout,diversity_iterative,5,36,53.25549802974858
LSD_Primary,set4_features_metadata,GPR,log,protocol_holdout,diversity_iterative,5,42,43.91019522627996
LSD_Primary,set4_features_metadata,GPR,log,protocol_holdout,diversity_iterative,5,48,48.60360422974359
LSD_Primary,set4_features_metadata,GPR,log,protocol_holdout,diversity_iterative,5,54,56.16844371992246
LSD_Primary,set4_features_metadata,GPR,log,protocol_holdout,diversity_iterative,5,58,88.50006304586256
LSD_Primary,set4_features_metadata,GPR,log,protocol_holdout,diversity_iterative,6,6,53.22670100437124
LSD_Primary,set4_features_metadata,GPR,log,protocol_holdout,diversity_iterative,6,12,48.54541278455582
LSD_Primary,set4_features_metadata,GPR,log,protocol_holdout,diversity_iterative,6,18,66.98148961814331
LSD_Primary,set4_features_metadata,GPR,log,protocol_holdout,diversity_iterative,6,24,54.21128111828196
LSD_Primary,set4_features_metadata,GPR,log,protocol_holdout,diversity_iterative,6,30,43.96501064650314
LSD_Primary,set4_features_metadata,GPR,log,protocol_holdout,diversity_iterative,6,36,38.1312686168657
LSD_Primary,set4_features_metadata,GPR,log,protocol_holdout,diversity_iterative,6,42,60.67370223604539
LSD_Primary,set4_features_metadata,GPR,log,protocol_holdout,diversity_iterative,6,48,88.30746454768665
LSD_Primary,set4_features_metadata,GPR,log,protocol_holdout,diversity_iterative,6,54,91.4831857626402
LSD_Primary,set4_features_metadata,GPR,log,protocol_holdout,diversity_iterative,6,58,96.52859973698222
LSD_Primary,set4_features_metadata,GPR,log,protocol_holdout,diversity_iterative,7,6,44.65562492058927
LSD_Primary,set4_features_metadata,GPR,log,protocol_holdout,diversity_iterative,7,12,49.52358513506832
LSD_Primary,set4_features_metadata,GPR,log,protocol_holdout,diversity_iterative,7,18,53.52388648530254
LSD_Primary,set4_features_metadata,GPR,log,protocol_holdout,diversity_iterative,7,24,76.73564518234024
LSD_Primary,set4_features_metadata,GPR,log,protocol_holdout,diversity_iterative,7,30,68.3794387453343
LSD_Primary,set4_features_metadata,GPR,log,protocol_holdout,diversity_iterative,7,36,69.95403978053369
LSD_Primary,set4_features_metadata,GPR,log,protocol_holdout,diversity_iterative,7,42,56.00286958584557
LSD_Primary,set4_features_metadata,GPR,log,protocol_holdout,diversity_iterative,7,48,69.04279212578281
LSD_Primary,set4_features_metadata,GPR,log,protocol_holdout,diversity_iterative,7,54,61.37464997375388
LSD_Primary,set4_features_metadata,GPR,log,protocol_holdout,diversity_iterative,7,58,47.38417713425463
LSD_Primary,set4_features_metadata,GPR,log,protocol_holdout,diversity_iterative,8,6,69.71173801138778
LSD_Primary,set4_features_metadata,GPR,log,protocol_holdout,diversity_iterative,8,12,75.81634874234832
LSD_Primary,set4_features_metadata,GPR,log,protocol_holdout,diversity_iterative,8,18,56.19084039532824
LSD_Primary,set4_features_metadata,GPR,log,protocol_holdout,diversity_iterative,8,24,90.68741943416413
LSD_Primary,set4_features_metadata,GPR,log,protocol_holdout,diversity_iterative,8,30,90.03031969226039
LSD_Primary,set4_features_metadata,GPR,log,protocol_holdout,diversity_iterative,8,36,90.7626324101633
LSD_Primary,set4_features_metadata,GPR,log,protocol_holdout,diversity_iterative,8,42,90.83985395376824
LSD_Primary,set4_features_metadata,GPR,log,protocol_holdout,diversity_iterative,8,48,87.09859662309069
LSD_Primary,set4_features_metadata,GPR,log,protocol_holdout,diversity_iterative,8,54,90.42220195745702
LSD_Primary,set4_features_metadata,GPR,log,protocol_holdout,diversity_iterative,8,58,103.4371379251875
LSD_Primary,set4_features_metadata,GPR,log,protocol_holdout,diversity_iterative,9,6,46.97728533153127
LSD_Primary,set4_features_metadata,GPR,log,protocol_holdout,diversity_iterative,9,12,51.78721902073223
LSD_Primary,set4_features_metadata,GPR,log,protocol_holdout,diversity_iterative,9,18,30.25692301823202
LSD_Primary,set4_features_metadata,GPR,log,protocol_holdout,diversity_iterative,9,24,34.72473344586724
LSD_Primary,set4_features_metadata,GPR,log,protocol_holdout,diversity_iterative,9,30,38.2089050637581
LSD_Primary,set4_features_metadata,GPR,log,protocol_holdout,diversity_iterative,9,36,42.96975882215908
LSD_Primary,set4_features_metadata,GPR,log,protocol_holdout,diversity_iterative,9,42,44.752109492229565
LSD_Primary,set4_features_metadata,GPR,log,protocol_holdout,diversity_iterative,9,48,42.38096897950168
LSD_Primary,set4_features_metadata,GPR,log,protocol_holdout,diversity_iterative,9,54,40.02863746205337
LSD_Primary,set4_features_metadata,GPR,log,protocol_holdout,diversity_iterative,9,58,41.272229992190525
LSD_Primary,set4_features_metadata,GPR,log,protocol_holdout,diversity_iterative,10,6,85.26400454000004
LSD_Primary,set4_features_metadata,GPR,log,protocol_holdout,diversity_iterative,10,12,68.31348033639023
LSD_Primary,set4_features_metadata,GPR,log,protocol_holdout,diversity_iterative,10,18,81.17438020064726
LSD_Primary,set4_features_metadata,GPR,log,protocol_holdout,diversity_iterative,10,24,71.75498515667378
LSD_Primary,set4_features_metadata,GPR,log,protocol_holdout,diversity_iterative,10,30,65.83868413427172
LSD_Primary,set4_features_metadata,GPR,log,protocol_holdout,diversity_iterative,10,36,62.14709076066968
LSD_Primary,set4_features_metadata,GPR,log,protocol_holdout,diversity_iterative,10,42,69.6398976077791
LSD_Primary,set4_features_metadata,GPR,log,protocol_holdout,diversity_iterative,10,48,69.90199966699187
LSD_Primary,set4_features_metadata,GPR,log,protocol_holdout,diversity_iterative,10,54,70.23430491639692
LSD_Primary,set4_features_metadata,GPR,log,protocol_holdout,diversity_iterative,10,58,74.3805676349357
LSD_Primary,set4_features_metadata,GPR,log,protocol_holdout,coverage,1,6,104.3052465223308
LSD_Primary,set4_features_metadata,GPR,log,protocol_holdout,coverage,1,12,47.648345259722106
LSD_Primary,set4_features_metadata,GPR,log,protocol_holdout,coverage,1,18,49.352631639387454
LSD_Primary,set4_features_metadata,GPR,log,protocol_holdout,coverage,1,24,43.52068883047661
LSD_Primary,set4_features_metadata,GPR,log,protocol_holdout,coverage,1,30,34.39086260602212
LSD_Primary,set4_features_metadata,GPR,log,protocol_holdout,coverage,1,36,37.90244455353349
LSD_Primary,set4_features_metadata,GPR,log,protocol_holdout,coverage,1,42,48.7395295512972
LSD_Primary,set4_features_metadata,GPR,log,protocol_holdout,coverage,1,48,35.130574987856015
LSD_Primary,set4_features_metadata,GPR,log,protocol_holdout,coverage,1,54,38.60480435546837
LSD_Primary,set4_features_metadata,GPR,log,protocol_holdout,coverage,1,58,96.25833266550316
LSD_Primary,set4_features_metadata,GPR,log,protocol_holdout,coverage,2,6,31.207916711868084
LSD_Primary,set4_features_metadata,GPR,log,protocol_holdout,coverage,2,12,29.4419371734758
LSD_Primary,set4_features_metadata,GPR,log,protocol_holdout,coverage,2,18,27.81296524166381
LSD_Primary,set4_features_metadata,GPR,log,protocol_holdout,coverage,2,24,22.65962811926325
LSD_Primary,set4_features_metadata,GPR,log,protocol_holdout,coverage,2,30,22.99631129041144
LSD_Primary,set4_features_metadata,GPR,log,protocol_holdout,coverage,2,36,26.083437106773573
LSD_Primary,set4_features_metadata,GPR,log,protocol_holdout,coverage,2,42,19.56663596547154
LSD_Primary,set4_features_metadata,GPR,log,protocol_holdout,coverage,2,48,22.63440537291245
LSD_Primary,set4_features_metadata,GPR,log,protocol_holdout,coverage,2,54,25.325218031902786
LSD_Primary,set4_features_metadata,GPR,log,protocol_holdout,coverage,2,58,25.75351188658826
LSD_Primary,set4_features_metadata,GPR,log,protocol_holdout,coverage,3,6,35.932829325838874
LSD_Primary,set4_features_metadata,GPR,log,protocol_holdout,coverage,3,12,30.23353617884207
LSD_Primary,set4_features_metadata,GPR,log,protocol_holdout,coverage,3,18,23.91934465276472
LSD_Primary,set4_features_metadata,GPR,log,protocol_holdout,coverage,3,24,22.40614079058549
LSD_Primary,set4_features_metadata,GPR,log,protocol_holdout,coverage,3,30,21.69589367575206
LSD_Primary,set4_features_metadata,GPR,log,protocol_holdout,coverage,3,36,22.55640844071968
LSD_Primary,set4_features_metadata,GPR,log,protocol_holdout,coverage,3,42,18.79947380418662
LSD_Primary,set4_features_metadata,GPR,log,protocol_holdout,coverage,3,48,17.638804412281868
LSD_Primary,set4_features_metadata,GPR,log,protocol_holdout,coverage,3,54,17.529962217180014
LSD_Primary,set4_features_metadata,GPR,log,protocol_holdout,coverage,3,58,18.2194240250937
LSD_Primary,set4_features_metadata,GPR,log,protocol_holdout,coverage,4,6,75.59798999827773
LSD_Primary,set4_features_metadata,GPR,log,protocol_holdout,coverage,4,12,37.25436529155655
LSD_Primary,set4_features_metadata,GPR,log,protocol_holdout,coverage,4,18,38.13065952914436
LSD_Primary,set4_features_metadata,GPR,log,protocol_holdout,coverage,4,24,43.34719130021864
LSD_Primary,set4_features_metadata,GPR,log,protocol_holdout,coverage,4,30,42.00769026105319
LSD_Primary,set4_features_metadata,GPR,log,protocol_holdout,coverage,4,36,37.600895264769946
LSD_Primary,set4_features_metadata,GPR,log,protocol_holdout,coverage,4,42,45.195960097204136
LSD_Primary,set4_features_metadata,GPR,log,protocol_holdout,coverage,4,48,41.97828501732122
LSD_Primary,set4_features_metadata,GPR,log,protocol_holdout,coverage,4,54,45.15126854787856
LSD_Primary,set4_features_metadata,GPR,log,protocol_holdout,coverage,4,58,47.68144649906921
LSD_Primary,set4_features_metadata,GPR,log,protocol_holdout,coverage,5,6,93.81883049389744
LSD_Primary,set4_features_metadata,GPR,log,protocol_holdout,coverage,5,12,49.927985271593215
LSD_Primary,set4_features_metadata,GPR,log,protocol_holdout,coverage,5,18,50.63648670431456
LSD_Primary,set4_features_metadata,GPR,log,protocol_holdout,coverage,5,24,46.1692665295214
LSD_Primary,set4_features_metadata,GPR,log,protocol_holdout,coverage,5,30,39.80158176518104
LSD_Primary,set4_features_metadata,GPR,log,protocol_holdout,coverage,5,36,42.62721479862866
LSD_Primary,set4_features_metadata,GPR,log,protocol_holdout,coverage,5,42,49.85407857810856
LSD_Primary,set4_features_metadata,GPR,log,protocol_holdout,coverage,5,48,53.47718532076521
LSD_Primary,set4_features_metadata,GPR,log,protocol_holdout,coverage,5,54,53.68144819017936
LSD_Primary,set4_features_metadata,GPR,log,protocol_holdout,coverage,5,58,88.50006304586256
LSD_Primary,set4_features_metadata,GPR,log,protocol_holdout,coverage,6,6,91.8777994280682
LSD_Primary,set4_features_metadata,GPR,log,protocol_holdout,coverage,6,12,51.56218041303483
LSD_Primary,set4_features_metadata,GPR,log,protocol_holdout,coverage,6,18,37.75793311915626
LSD_Primary,set4_features_metadata,GPR,log,protocol_holdout,coverage,6,24,24.10827720300237
LSD_Primary,set4_features_metadata,GPR,log,protocol_holdout,coverage,6,30,28.520168308905347
LSD_Primary,set4_features_metadata,GPR,log,protocol_holdout,coverage,6,36,34.58605027782989
LSD_Primary,set4_features_metadata,GPR,log,protocol_holdout,coverage,6,42,36.842263270089376
LSD_Primary,set4_features_metadata,GPR,log,protocol_holdout,coverage,6,48,36.885907569108326
LSD_Primary,set4_features_metadata,GPR,log,protocol_holdout,coverage,6,54,90.29439001274564
LSD_Primary,set4_features_metadata,GPR,log,protocol_holdout,coverage,6,58,96.52859973698222
LSD_Primary,set4_features_metadata,GPR,log,protocol_holdout,coverage,7,6,119.30761588384593
LSD_Primary,set4_features_metadata,GPR,log,protocol_holdout,coverage,7,12,52.26075064235164
LSD_Primary,set4_features_metadata,GPR,log,protocol_holdout,coverage,7,18,47.518137245842
LSD_Primary,set4_features_metadata,GPR,log,protocol_holdout,coverage,7,24,35.28800070735722
LSD_Primary,set4_features_metadata,GPR,log,protocol_holdout,coverage,7,30,30.4959611030186
LSD_Primary,set4_features_metadata,GPR,log,protocol_holdout,coverage,7,36,37.88120764120903
LSD_Primary,set4_features_metadata,GPR,log,protocol_holdout,coverage,7,42,32.89281765366
LSD_Primary,set4_features_metadata,GPR,log,protocol_holdout,coverage,7,48,35.17052144534076
LSD_Primary,set4_features_metadata,GPR,log,protocol_holdout,coverage,7,54,37.19476485769904
LSD_Primary,set4_features_metadata,GPR,log,protocol_holdout,coverage,7,58,47.38417713425463
LSD_Primary,set4_features_metadata,GPR,log,protocol_holdout,coverage,8,6,218.19866136068367
LSD_Primary,set4_features_metadata,GPR,log,protocol_holdout,coverage,8,12,40.251131389834896
LSD_Primary,set4_features_metadata,GPR,log,protocol_holdout,coverage,8,18,36.97653255474813
LSD_Primary,set4_features_metadata,GPR,log,protocol_holdout,coverage,8,24,51.062644370376645
LSD_Primary,set4_features_metadata,GPR,log,protocol_holdout,coverage,8,30,37.9390141254158
LSD_Primary,set4_features_metadata,GPR,log,protocol_holdout,coverage,8,36,115.19432011953774
LSD_Primary,set4_features_metadata,GPR,log,protocol_holdout,coverage,8,42,102.36147378949325
LSD_Primary,set4_features_metadata,GPR,log,protocol_holdout,coverage,8,48,100.89693493304112
LSD_Primary,set4_features_metadata,GPR,log,protocol_holdout,coverage,8,54,93.8740416111216
LSD_Primary,set4_features_metadata,GPR,log,protocol_holdout,coverage,8,58,103.4371379251875
LSD_Primary,set4_features_metadata,GPR,log,protocol_holdout,coverage,9,6,44.20531585781261
LSD_Primary,set4_features_metadata,GPR,log,protocol_holdout,coverage,9,12,32.631020460440794
LSD_Primary,set4_features_metadata,GPR,log,protocol_holdout,coverage,9,18,25.289046694506723
LSD_Primary,set4_features_metadata,GPR,log,protocol_holdout,coverage,9,24,25.35134676009247
LSD_Primary,set4_features_metadata,GPR,log,protocol_holdout,coverage,9,30,21.25034142671316
LSD_Primary,set4_features_metadata,GPR,log,protocol_holdout,coverage,9,36,20.920018443395605
LSD_Primary,set4_features_metadata,GPR,log,protocol_holdout,coverage,9,42,17.942716769807515
LSD_Primary,set4_features_metadata,GPR,log,protocol_holdout,coverage,9,48,48.49795496511658
LSD_Primary,set4_features_metadata,GPR,log,protocol_holdout,coverage,9,54,42.38359196033206
LSD_Primary,set4_features_metadata,GPR,log,protocol_holdout,coverage,9,58,41.272229992190525
LSD_Primary,set4_features_metadata,GPR,log,protocol_holdout,coverage,10,6,120.3873548187738
LSD_Primary,set4_features_metadata,GPR,log,protocol_holdout,coverage,10,12,54.570474130268
LSD_Primary,set4_features_metadata,GPR,log,protocol_holdout,coverage,10,18,57.10295275808635
LSD_Primary,set4_features_metadata,GPR,log,protocol_holdout,coverage,10,24,65.00835533613434
LSD_Primary,set4_features_metadata,GPR,log,protocol_holdout,coverage,10,30,62.02586300455736
LSD_Primary,set4_features_metadata,GPR,log,protocol_holdout,coverage,10,36,66.65716187339906
LSD_Primary,set4_features_metadata,GPR,log,protocol_holdout,coverage,10,42,70.03173115473953
LSD_Primary,set4_features_metadata,GPR,log,protocol_holdout,coverage,10,48,69.95089315229762
LSD_Primary,set4_features_metadata,GPR,log,protocol_holdout,coverage,10,54,71.42207370676019
LSD_Primary,set4_features_metadata,GPR,log,protocol_holdout,coverage,10,58,74.3805676349357
LSD_Primary,set4_features_metadata,GPR,log,protocol_holdout,exploration,1,6,104.3052465223308
LSD_Primary,set4_features_metadata,GPR,log,protocol_holdout,exploration,1,12,47.648345259722106
LSD_Primary,set4_features_metadata,GPR,log,protocol_holdout,exploration,1,18,49.352631639387454
LSD_Primary,set4_features_metadata,GPR,log,protocol_holdout,exploration,1,24,44.328685014415896
LSD_Primary,set4_features_metadata,GPR,log,protocol_holdout,exploration,1,30,31.45479170204962
LSD_Primary,set4_features_metadata,GPR,log,protocol_holdout,exploration,1,36,41.50621645025554
LSD_Primary,set4_features_metadata,GPR,log,protocol_holdout,exploration,1,42,51.369164897154896
LSD_Primary,set4_features_metadata,GPR,log,protocol_holdout,exploration,1,48,48.14134155342854
LSD_Primary,set4_features_metadata,GPR,log,protocol_holdout,exploration,1,54,43.44266593432469
LSD_Primary,set4_features_metadata,GPR,log,protocol_holdout,exploration,1,58,96.25833266550316
LSD_Primary,set4_features_metadata,GPR,log,protocol_holdout,exploration,2,6,31.207916711868084
LSD_Primary,set4_features_metadata,GPR,log,protocol_holdout,exploration,2,12,29.559639902440743
LSD_Primary,set4_features_metadata,GPR,log,protocol_holdout,exploration,2,18,27.56286418147653
LSD_Primary,set4_features_metadata,GPR,log,protocol_holdout,exploration,2,24,22.396596044396222
LSD_Primary,set4_features_metadata,GPR,log,protocol_holdout,exploration,2,30,24.07618914506588
LSD_Primary,set4_features_metadata,GPR,log,protocol_holdout,exploration,2,36,20.48432254914818
LSD_Primary,set4_features_metadata,GPR,log,protocol_holdout,exploration,2,42,21.146811296135127
LSD_Primary,set4_features_metadata,GPR,log,protocol_holdout,exploration,2,48,20.429774813390782
LSD_Primary,set4_features_metadata,GPR,log,protocol_holdout,exploration,2,54,22.05587285106421
LSD_Primary,set4_features_metadata,GPR,log,protocol_holdout,exploration,2,58,25.75351188658826
LSD_Primary,set4_features_metadata,GPR,log,protocol_holdout,exploration,3,6,35.932829325838874
LSD_Primary,set4_features_metadata,GPR,log,protocol_holdout,exploration,3,12,31.178455840131225
LSD_Primary,set4_features_metadata,GPR,log,protocol_holdout,exploration,3,18,27.235244384499524
LSD_Primary,set4_features_metadata,GPR,log,protocol_holdout,exploration,3,24,22.47527929366189
LSD_Primary,set4_features_metadata,GPR,log,protocol_holdout,exploration,3,30,19.43569203195364
LSD_Primary,set4_features_metadata,GPR,log,protocol_holdout,exploration,3,36,12.480987109581134
LSD_Primary,set4_features_metadata,GPR,log,protocol_holdout,exploration,3,42,15.871867636276995
LSD_Primary,set4_features_metadata,GPR,log,protocol_holdout,exploration,3,48,15.349879421222983
LSD_Primary,set4_features_metadata,GPR,log,protocol_holdout,exploration,3,54,18.064501928199185
LSD_Primary,set4_features_metadata,GPR,log,protocol_holdout,exploration,3,58,18.2194240250937
LSD_Primary,set4_features_metadata,GPR,log,protocol_holdout,exploration,4,6,75.59798999827773
LSD_Primary,set4_features_metadata,GPR,log,protocol_holdout,exploration,4,12,39.271247355154735
LSD_Primary,set4_features_metadata,GPR,log,protocol_holdout,exploration,4,18,38.92519942965409
LSD_Primary,set4_features_metadata,GPR,log,protocol_holdout,exploration,4,24,21.04594269035971
LSD_Primary,set4_features_metadata,GPR,log,protocol_holdout,exploration,4,30,27.4155080238378
LSD_Primary,set4_features_metadata,GPR,log,protocol_holdout,exploration,4,36,42.24237055740381
LSD_Primary,set4_features_metadata,GPR,log,protocol_holdout,exploration,4,42,39.81863291603631
LSD_Primary,set4_features_metadata,GPR,log,protocol_holdout,exploration,4,48,43.19304322472548
LSD_Primary,set4_features_metadata,GPR,log,protocol_holdout,exploration,4,54,44.58944509894038
LSD_Primary,set4_features_metadata,GPR,log,protocol_holdout,exploration,4,58,47.68144649906921
LSD_Primary,set4_features_metadata,GPR,log,protocol_holdout,exploration,5,6,93.81883049389744
LSD_Primary,set4_features_metadata,GPR,log,protocol_holdout,exploration,5,12,49.927985271593215
LSD_Primary,set4_features_metadata,GPR,log,protocol_holdout,exploration,5,18,50.529414699508735
LSD_Primary,set4_features_metadata,GPR,log,protocol_holdout,exploration,5,24,55.00035724751764
LSD_Primary,set4_features_metadata,GPR,log,protocol_holdout,exploration,5,30,38.645480282776056
LSD_Primary,set4_features_metadata,GPR,log,protocol_holdout,exploration,5,36,35.68821424893402
LSD_Primary,set4_features_metadata,GPR,log,protocol_holdout,exploration,5,42,43.97838424508539
LSD_Primary,set4_features_metadata,GPR,log,protocol_holdout,exploration,5,48,56.19569654599438
LSD_Primary,set4_features_metadata,GPR,log,protocol_holdout,exploration,5,54,48.92555410423217
LSD_Primary,set4_features_metadata,GPR,log,protocol_holdout,exploration,5,58,88.50006304586256
LSD_Primary,set4_features_metadata,GPR,log,protocol_holdout,exploration,6,6,91.8777994280682
LSD_Primary,set4_features_metadata,GPR,log,protocol_holdout,exploration,6,12,51.56218041303483
LSD_Primary,set4_features_metadata,GPR,log,protocol_holdout,exploration,6,18,51.79504470514561
LSD_Primary,set4_features_metadata,GPR,log,protocol_holdout,exploration,6,24,33.83025871635164
LSD_Primary,set4_features_metadata,GPR,log,protocol_holdout,exploration,6,30,49.36846554947476
LSD_Primary,set4_features_metadata,GPR,log,protocol_holdout,exploration,6,36,23.350545991093067
LSD_Primary,set4_features_metadata,GPR,log,protocol_holdout,exploration,6,42,37.14835651710795
LSD_Primary,set4_features_metadata,GPR,log,protocol_holdout,exploration,6,48,69.21753486270305
LSD_Primary,set4_features_metadata,GPR,log,protocol_holdout,exploration,6,54,97.41095813020348
LSD_Primary,set4_features_metadata,GPR,log,protocol_holdout,exploration,6,58,96.52859973698222
LSD_Primary,set4_features_metadata,GPR,log,protocol_holdout,exploration,7,6,119.30761588384593
LSD_Primary,set4_features_metadata,GPR,log,protocol_holdout,exploration,7,12,112.59110842479484
LSD_Primary,set4_features_metadata,GPR,log,protocol_holdout,exploration,7,18,53.347194784178186
LSD_Primary,set4_features_metadata,GPR,log,protocol_holdout,exploration,7,24,65.01071948542379
LSD_Primary,set4_features_metadata,GPR,log,protocol_holdout,exploration,7,30,46.55922210692276
LSD_Primary,set4_features_metadata,GPR,log,protocol_holdout,exploration,7,36,39.63003655997582
LSD_Primary,set4_features_metadata,GPR,log,protocol_holdout,exploration,7,42,42.193533275608864
LSD_Primary,set4_features_metadata,GPR,log,protocol_holdout,exploration,7,48,39.17294441715087
LSD_Primary,set4_features_metadata,GPR,log,protocol_holdout,exploration,7,54,39.89921198651452
LSD_Primary,set4_features_metadata,GPR,log,protocol_holdout,exploration,7,58,47.38417713425463
LSD_Primary,set4_features_metadata,GPR,log,protocol_holdout,exploration,8,6,218.19866136068367
LSD_Primary,set4_features_metadata,GPR,log,protocol_holdout,exploration,8,12,40.251131389834896
LSD_Primary,set4_features_metadata,GPR,log,protocol_holdout,exploration,8,18,33.83906155317596
LSD_Primary,set4_features_metadata,GPR,log,protocol_holdout,exploration,8,24,53.10200570976746
LSD_Primary,set4_features_metadata,GPR,log,protocol_holdout,exploration,8,30,65.56610393438375
LSD_Primary,set4_features_metadata,GPR,log,protocol_holdout,exploration,8,36,34.216066268257904
LSD_Primary,set4_features_metadata,GPR,log,protocol_holdout,exploration,8,42,47.86558875381694
LSD_Primary,set4_features_metadata,GPR,log,protocol_holdout,exploration,8,48,89.93135818346398
LSD_Primary,set4_features_metadata,GPR,log,protocol_holdout,exploration,8,54,94.78834837603662
LSD_Primary,set4_features_metadata,GPR,log,protocol_holdout,exploration,8,58,103.4371379251875
LSD_Primary,set4_features_metadata,GPR,log,protocol_holdout,exploration,9,6,44.20531585781261
LSD_Primary,set4_features_metadata,GPR,log,protocol_holdout,exploration,9,12,32.30905976875476
LSD_Primary,set4_features_metadata,GPR,log,protocol_holdout,exploration,9,18,13.069174990481248
LSD_Primary,set4_features_metadata,GPR,log,protocol_holdout,exploration,9,24,25.20885638383648
LSD_Primary,set4_features_metadata,GPR,log,protocol_holdout,exploration,9,30,27.954816672997048
LSD_Primary,set4_features_metadata,GPR,log,protocol_holdout,exploration,9,36,17.98468966386202
LSD_Primary,set4_features_metadata,GPR,log,protocol_holdout,exploration,9,42,16.98508014704726
LSD_Primary,set4_features_metadata,GPR,log,protocol_holdout,exploration,9,48,15.536275232001485
LSD_Primary,set4_features_metadata,GPR,log,protocol_holdout,exploration,9,54,41.01332752768144
LSD_Primary,set4_features_metadata,GPR,log,protocol_holdout,exploration,9,58,41.272229992190525
LSD_Primary,set4_features_metadata,GPR,log,protocol_holdout,exploration,10,6,120.3873548187738
LSD_Primary,set4_features_metadata,GPR,log,protocol_holdout,exploration,10,12,54.570474130268
LSD_Primary,set4_features_metadata,GPR,log,protocol_holdout,exploration,10,18,58.0130125821732
LSD_Primary,set4_features_metadata,GPR,log,protocol_holdout,exploration,10,24,56.5757293170161
LSD_Primary,set4_features_metadata,GPR,log,protocol_holdout,exploration,10,30,55.27954033820716
LSD_Primary,set4_features_metadata,GPR,log,protocol_holdout,exploration,10,36,58.65443133717193
LSD_Primary,set4_features_metadata,GPR,log,protocol_holdout,exploration,10,42,67.0468823407843
LSD_Primary,set4_features_metadata,GPR,log,protocol_holdout,exploration,10,48,66.8112049263145
LSD_Primary,set4_features_metadata,GPR,log,protocol_holdout,exploration,10,54,68.94075203206216
LSD_Primary,set4_features_metadata,GPR,log,protocol_holdout,exploration,10,58,74.3805676349357
LSD_Primary,set4_features_metadata,GPR,log,protocol_holdout,exploitation,1,6,104.3052465223308
LSD_Primary,set4_features_metadata,GPR,log,protocol_holdout,exploitation,1,12,136.96327654504208
LSD_Primary,set4_features_metadata,GPR,log,protocol_holdout,exploitation,1,18,122.55123880028609
LSD_Primary,set4_features_metadata,GPR,log,protocol_holdout,exploitation,1,24,123.18189039367948
LSD_Primary,set4_features_metadata,GPR,log,protocol_holdout,exploitation,1,30,133.4779507223522
LSD_Primary,set4_features_metadata,GPR,log,protocol_holdout,exploitation,1,36,112.64329603555434
LSD_Primary,set4_features_metadata,GPR,log,protocol_holdout,exploitation,1,42,126.2695543930092
LSD_Primary,set4_features_metadata,GPR,log,protocol_holdout,exploitation,1,48,47.94943040423024
LSD_Primary,set4_features_metadata,GPR,log,protocol_holdout,exploitation,1,54,108.02827939041538
LSD_Primary,set4_features_metadata,GPR,log,protocol_holdout,exploitation,1,58,96.25833266550316
LSD_Primary,set4_features_metadata,GPR,log,protocol_holdout,exploitation,2,6,31.207916711868084
LSD_Primary,set4_features_metadata,GPR,log,protocol_holdout,exploitation,2,12,29.75341734850032
LSD_Primary,set4_features_metadata,GPR,log,protocol_holdout,exploitation,2,18,30.1455818857405
LSD_Primary,set4_features_metadata,GPR,log,protocol_holdout,exploitation,2,24,22.58352581888179
LSD_Primary,set4_features_metadata,GPR,log,protocol_holdout,exploitation,2,30,23.63645949407925
LSD_Primary,set4_features_metadata,GPR,log,protocol_holdout,exploitation,2,36,31.043952737572223
LSD_Primary,set4_features_metadata,GPR,log,protocol_holdout,exploitation,2,42,31.17299771028789
LSD_Primary,set4_features_metadata,GPR,log,protocol_holdout,exploitation,2,48,29.584759483376192
LSD_Primary,set4_features_metadata,GPR,log,protocol_holdout,exploitation,2,54,24.655652141280644
LSD_Primary,set4_features_metadata,GPR,log,protocol_holdout,exploitation,2,58,25.75351188658826
LSD_Primary,set4_features_metadata,GPR,log,protocol_holdout,exploitation,3,6,35.932829325838874
LSD_Primary,set4_features_metadata,GPR,log,protocol_holdout,exploitation,3,12,34.5949318462784
LSD_Primary,set4_features_metadata,GPR,log,protocol_holdout,exploitation,3,18,31.67048236795501
LSD_Primary,set4_features_metadata,GPR,log,protocol_holdout,exploitation,3,24,30.63654889900396
LSD_Primary,set4_features_metadata,GPR,log,protocol_holdout,exploitation,3,30,27.64607387301137
LSD_Primary,set4_features_metadata,GPR,log,protocol_holdout,exploitation,3,36,20.97847562435091
LSD_Primary,set4_features_metadata,GPR,log,protocol_holdout,exploitation,3,42,17.754304934862468
LSD_Primary,set4_features_metadata,GPR,log,protocol_holdout,exploitation,3,48,18.33997662911332
LSD_Primary,set4_features_metadata,GPR,log,protocol_holdout,exploitation,3,54,18.2115223020838
LSD_Primary,set4_features_metadata,GPR,log,protocol_holdout,exploitation,3,58,18.2194240250937
LSD_Primary,set4_features_metadata,GPR,log,protocol_holdout,exploitation,4,6,75.59798999827773
LSD_Primary,set4_features_metadata,GPR,log,protocol_holdout,exploitation,4,12,34.47138040801395
LSD_Primary,set4_features_metadata,GPR,log,protocol_holdout,exploitation,4,18,37.09313264351562
LSD_Primary,set4_features_metadata,GPR,log,protocol_holdout,exploitation,4,24,49.20315731679232
LSD_Primary,set4_features_metadata,GPR,log,protocol_holdout,exploitation,4,30,32.90477954038869
LSD_Primary,set4_features_metadata,GPR,log,protocol_holdout,exploitation,4,36,56.865768102247735
LSD_Primary,set4_features_metadata,GPR,log,protocol_holdout,exploitation,4,42,59.58042289959388
LSD_Primary,set4_features_metadata,GPR,log,protocol_holdout,exploitation,4,48,61.345863783087005
LSD_Primary,set4_features_metadata,GPR,log,protocol_holdout,exploitation,4,54,46.56139361915243
LSD_Primary,set4_features_metadata,GPR,log,protocol_holdout,exploitation,4,58,47.68144649906921
LSD_Primary,set4_features_metadata,GPR,log,protocol_holdout,exploitation,5,6,93.81883049389744
LSD_Primary,set4_features_metadata,GPR,log,protocol_holdout,exploitation,5,12,113.71602300167834
LSD_Primary,set4_features_metadata,GPR,log,protocol_holdout,exploitation,5,18,117.05613761783049
LSD_Primary,set4_features_metadata,GPR,log,protocol_holdout,exploitation,5,24,124.40449574591142
LSD_Primary,set4_features_metadata,GPR,log,protocol_holdout,exploitation,5,30,137.61609833693643
LSD_Primary,set4_features_metadata,GPR,log,protocol_holdout,exploitation,5,36,134.81545664963178
LSD_Primary,set4_features_metadata,GPR,log,protocol_holdout,exploitation,5,42,144.18655526401807
LSD_Primary,set4_features_metadata,GPR,log,protocol_holdout,exploitation,5,48,86.02525158651298
LSD_Primary,set4_features_metadata,GPR,log,protocol_holdout,exploitation,5,54,56.81501338497868
LSD_Primary,set4_features_metadata,GPR,log,protocol_holdout,exploitation,5,58,88.50006304586256
LSD_Primary,set4_features_metadata,GPR,log,protocol_holdout,exploitation,6,6,91.8777994280682
LSD_Primary,set4_features_metadata,GPR,log,protocol_holdout,exploitation,6,12,35.070086191920566
LSD_Primary,set4_features_metadata,GPR,log,protocol_holdout,exploitation,6,18,49.32096578035152
LSD_Primary,set4_features_metadata,GPR,log,protocol_holdout,exploitation,6,24,51.5648399254185
LSD_Primary,set4_features_metadata,GPR,log,protocol_holdout,exploitation,6,30,60.42675763175771
LSD_Primary,set4_features_metadata,GPR,log,protocol_holdout,exploitation,6,36,87.83109762804213
LSD_Primary,set4_features_metadata,GPR,log,protocol_holdout,exploitation,6,42,95.64192828120336
LSD_Primary,set4_features_metadata,GPR,log,protocol_holdout,exploitation,6,48,96.45408022375264
LSD_Primary,set4_features_metadata,GPR,log,protocol_holdout,exploitation,6,54,93.63323609831856
LSD_Primary,set4_features_metadata,GPR,log,protocol_holdout,exploitation,6,58,96.52859973698222
LSD_Primary,set4_features_metadata,GPR,log,protocol_holdout,exploitation,7,6,119.30761588384593
LSD_Primary,set4_features_metadata,GPR,log,protocol_holdout,exploitation,7,12,85.55521154560668
LSD_Primary,set4_features_metadata,GPR,log,protocol_holdout,exploitation,7,18,108.11205513314694
LSD_Primary,set4_features_metadata,GPR,log,protocol_holdout,exploitation,7,24,116.26282690581024
LSD_Primary,set4_features_metadata,GPR,log,protocol_holdout,exploitation,7,30,122.19442500673829
LSD_Primary,set4_features_metadata,GPR,log,protocol_holdout,exploitation,7,36,120.10258464084964
LSD_Primary,set4_features_metadata,GPR,log,protocol_holdout,exploitation,7,42,94.8705147365065
LSD_Primary,set4_features_metadata,GPR,log,protocol_holdout,exploitation,7,48,58.13466010203423
LSD_Primary,set4_features_metadata,GPR,log,protocol_holdout,exploitation,7,54,42.45039457419122
LSD_Primary,set4_features_metadata,GPR,log,protocol_holdout,exploitation,7,58,47.38417713425463
LSD_Primary,set4_features_metadata,GPR,log,protocol_holdout,exploitation,8,6,218.19866136068367
LSD_Primary,set4_features_metadata,GPR,log,protocol_holdout,exploitation,8,12,205.27001632108303
LSD_Primary,set4_features_metadata,GPR,log,protocol_holdout,exploitation,8,18,213.4776679258109
LSD_Primary,set4_features_metadata,GPR,log,protocol_holdout,exploitation,8,24,244.4000189371613
LSD_Primary,set4_features_metadata,GPR,log,protocol_holdout,exploitation,8,30,94.65824606671836
LSD_Primary,set4_features_metadata,GPR,log,protocol_holdout,exploitation,8,36,97.4390720534848
LSD_Primary,set4_features_metadata,GPR,log,protocol_holdout,exploitation,8,42,94.349912213921
LSD_Primary,set4_features_metadata,GPR,log,protocol_holdout,exploitation,8,48,75.46244434215758
LSD_Primary,set4_features_metadata,GPR,log,protocol_holdout,exploitation,8,54,102.50208001493316
LSD_Primary,set4_features_metadata,GPR,log,protocol_holdout,exploitation,8,58,103.4371379251875
LSD_Primary,set4_features_metadata,GPR,log,protocol_holdout,exploitation,9,6,44.20531585781261
LSD_Primary,set4_features_metadata,GPR,log,protocol_holdout,exploitation,9,12,47.686650040192
LSD_Primary,set4_features_metadata,GPR,log,protocol_holdout,exploitation,9,18,50.25779853228153
LSD_Primary,set4_features_metadata,GPR,log,protocol_holdout,exploitation,9,24,46.6693629858405
LSD_Primary,set4_features_metadata,GPR,log,protocol_holdout,exploitation,9,30,51.45105619384606
LSD_Primary,set4_features_metadata,GPR,log,protocol_holdout,exploitation,9,36,40.14767629267924
LSD_Primary,set4_features_metadata,GPR,log,protocol_holdout,exploitation,9,42,37.63233260663065
LSD_Primary,set4_features_metadata,GPR,log,protocol_holdout,exploitation,9,48,40.81909254193257
LSD_Primary,set4_features_metadata,GPR,log,protocol_holdout,exploitation,9,54,40.82703686279112
LSD_Primary,set4_features_metadata,GPR,log,protocol_holdout,exploitation,9,58,41.272229992190525
LSD_Primary,set4_features_metadata,GPR,log,protocol_holdout,exploitation,10,6,120.3873548187738
LSD_Primary,set4_features_metadata,GPR,log,protocol_holdout,exploitation,10,12,136.4034688611405
LSD_Primary,set4_features_metadata,GPR,log,protocol_holdout,exploitation,10,18,136.61710054928585
LSD_Primary,set4_features_metadata,GPR,log,protocol_holdout,exploitation,10,24,158.34963956609568
LSD_Primary,set4_features_metadata,GPR,log,protocol_holdout,exploitation,10,30,176.5630829734001
LSD_Primary,set4_features_metadata,GPR,log,protocol_holdout,exploitation,10,36,202.2349763998908
LSD_Primary,set4_features_metadata,GPR,log,protocol_holdout,exploitation,10,42,210.9467051278744
LSD_Primary,set4_features_metadata,GPR,log,protocol_holdout,exploitation,10,48,167.95489456293578
LSD_Primary,set4_features_metadata,GPR,log,protocol_holdout,exploitation,10,54,82.93950534546602
LSD_Primary,set4_features_metadata,GPR,log,protocol_holdout,exploitation,10,58,74.3805676349357
LSD_Primary,set4_features_metadata,GPR,log,protocol_holdout,hybrid,1,6,104.3052465223308
LSD_Primary,set4_features_metadata,GPR,log,protocol_holdout,hybrid,1,12,46.33964026583871
LSD_Primary,set4_features_metadata,GPR,log,protocol_holdout,hybrid,1,18,36.78135351927224
LSD_Primary,set4_features_metadata,GPR,log,protocol_holdout,hybrid,1,24,34.84173905285977
LSD_Primary,set4_features_metadata,GPR,log,protocol_holdout,hybrid,1,30,50.77018568820149
LSD_Primary,set4_features_metadata,GPR,log,protocol_holdout,hybrid,1,36,35.020133880295745
LSD_Primary,set4_features_metadata,GPR,log,protocol_holdout,hybrid,1,42,33.39407993378589
LSD_Primary,set4_features_metadata,GPR,log,protocol_holdout,hybrid,1,48,39.71563928581177
LSD_Primary,set4_features_metadata,GPR,log,protocol_holdout,hybrid,1,54,40.94021505741565
LSD_Primary,set4_features_metadata,GPR,log,protocol_holdout,hybrid,1,58,96.25833266550316
LSD_Primary,set4_features_metadata,GPR,log,protocol_holdout,hybrid,2,6,31.207916711868084
LSD_Primary,set4_features_metadata,GPR,log,protocol_holdout,hybrid,2,12,29.559639902440743
LSD_Primary,set4_features_metadata,GPR,log,protocol_holdout,hybrid,2,18,31.00961936843157
LSD_Primary,set4_features_metadata,GPR,log,protocol_holdout,hybrid,2,24,21.619516857602697
LSD_Primary,set4_features_metadata,GPR,log,protocol_holdout,hybrid,2,30,24.964373462195184
LSD_Primary,set4_features_metadata,GPR,log,protocol_holdout,hybrid,2,36,19.3954231021624
LSD_Primary,set4_features_metadata,GPR,log,protocol_holdout,hybrid,2,42,19.04386107213061
LSD_Primary,set4_features_metadata,GPR,log,protocol_holdout,hybrid,2,48,22.64687832544679
LSD_Primary,set4_features_metadata,GPR,log,protocol_holdout,hybrid,2,54,25.34537213882594
LSD_Primary,set4_features_metadata,GPR,log,protocol_holdout,hybrid,2,58,25.75351188658826
LSD_Primary,set4_features_metadata,GPR,log,protocol_holdout,hybrid,3,6,35.932829325838874
LSD_Primary,set4_features_metadata,GPR,log,protocol_holdout,hybrid,3,12,26.944293249667684
LSD_Primary,set4_features_metadata,GPR,log,protocol_holdout,hybrid,3,18,25.49861291745449
LSD_Primary,set4_features_metadata,GPR,log,protocol_holdout,hybrid,3,24,16.26409890655114
LSD_Primary,set4_features_metadata,GPR,log,protocol_holdout,hybrid,3,30,15.486060428182777
LSD_Primary,set4_features_metadata,GPR,log,protocol_holdout,hybrid,3,36,17.147479886848625
LSD_Primary,set4_features_metadata,GPR,log,protocol_holdout,hybrid,3,42,13.587125494301947
LSD_Primary,set4_features_metadata,GPR,log,protocol_holdout,hybrid,3,48,16.865349908220768
LSD_Primary,set4_features_metadata,GPR,log,protocol_holdout,hybrid,3,54,17.767328364125
LSD_Primary,set4_features_metadata,GPR,log,protocol_holdout,hybrid,3,58,18.2194240250937
LSD_Primary,set4_features_metadata,GPR,log,protocol_holdout,hybrid,4,6,75.59798999827773
LSD_Primary,set4_features_metadata,GPR,log,protocol_holdout,hybrid,4,12,40.03180931435396
LSD_Primary,set4_features_metadata,GPR,log,protocol_holdout,hybrid,4,18,30.82812181139764
LSD_Primary,set4_features_metadata,GPR,log,protocol_holdout,hybrid,4,24,27.73703092119012
LSD_Primary,set4_features_metadata,GPR,log,protocol_holdout,hybrid,4,30,26.079584372280618
LSD_Primary,set4_features_metadata,GPR,log,protocol_holdout,hybrid,4,36,32.15247703564755
LSD_Primary,set4_features_metadata,GPR,log,protocol_holdout,hybrid,4,42,41.351904536482536
LSD_Primary,set4_features_metadata,GPR,log,protocol_holdout,hybrid,4,48,48.56218824406105
LSD_Primary,set4_features_metadata,GPR,log,protocol_holdout,hybrid,4,54,46.45405873736141
LSD_Primary,set4_features_metadata,GPR,log,protocol_holdout,hybrid,4,58,47.68144649906921
LSD_Primary,set4_features_metadata,GPR,log,protocol_holdout,hybrid,5,6,93.81883049389744
LSD_Primary,set4_features_metadata,GPR,log,protocol_holdout,hybrid,5,12,51.338875853842126
LSD_Primary,set4_features_metadata,GPR,log,protocol_holdout,hybrid,5,18,56.6294479420266
LSD_Primary,set4_features_metadata,GPR,log,protocol_holdout,hybrid,5,24,36.8717361229351
LSD_Primary,set4_features_metadata,GPR,log,protocol_holdout,hybrid,5,30,47.42561355791961
LSD_Primary,set4_features_metadata,GPR,log,protocol_holdout,hybrid,5,36,46.22701521706356
LSD_Primary,set4_features_metadata,GPR,log,protocol_holdout,hybrid,5,42,45.32911062527869
LSD_Primary,set4_features_metadata,GPR,log,protocol_holdout,hybrid,5,48,48.09351051038859
LSD_Primary,set4_features_metadata,GPR,log,protocol_holdout,hybrid,5,54,51.86818624065393
LSD_Primary,set4_features_metadata,GPR,log,protocol_holdout,hybrid,5,58,88.50006304586256
LSD_Primary,set4_features_metadata,GPR,log,protocol_holdout,hybrid,6,6,91.8777994280682
LSD_Primary,set4_features_metadata,GPR,log,protocol_holdout,hybrid,6,12,50.95778154608608
LSD_Primary,set4_features_metadata,GPR,log,protocol_holdout,hybrid,6,18,60.92552132720641
LSD_Primary,set4_features_metadata,GPR,log,protocol_holdout,hybrid,6,24,50.4412168420193
LSD_Primary,set4_features_metadata,GPR,log,protocol_holdout,hybrid,6,30,43.09612770752509
LSD_Primary,set4_features_metadata,GPR,log,protocol_holdout,hybrid,6,36,28.11358234580747
LSD_Primary,set4_features_metadata,GPR,log,protocol_holdout,hybrid,6,42,31.816825330785115
LSD_Primary,set4_features_metadata,GPR,log,protocol_holdout,hybrid,6,48,35.256258461051715
LSD_Primary,set4_features_metadata,GPR,log,protocol_holdout,hybrid,6,54,93.58209471963151
LSD_Primary,set4_features_metadata,GPR,log,protocol_holdout,hybrid,6,58,96.52859973698222
LSD_Primary,set4_features_metadata,GPR,log,protocol_holdout,hybrid,7,6,119.30761588384593
LSD_Primary,set4_features_metadata,GPR,log,protocol_holdout,hybrid,7,12,43.09357753797645
LSD_Primary,set4_features_metadata,GPR,log,protocol_holdout,hybrid,7,18,29.464741064189987
LSD_Primary,set4_features_metadata,GPR,log,protocol_holdout,hybrid,7,24,30.84942150253808
LSD_Primary,set4_features_metadata,GPR,log,protocol_holdout,hybrid,7,30,39.65850410309879
LSD_Primary,set4_features_metadata,GPR,log,protocol_holdout,hybrid,7,36,36.48064772183396
LSD_Primary,set4_features_metadata,GPR,log,protocol_holdout,hybrid,7,42,27.61963778252679
LSD_Primary,set4_features_metadata,GPR,log,protocol_holdout,hybrid,7,48,28.82282731170742
LSD_Primary,set4_features_metadata,GPR,log,protocol_holdout,hybrid,7,54,41.42355957341932
LSD_Primary,set4_features_metadata,GPR,log,protocol_holdout,hybrid,7,58,47.38417713425463
LSD_Primary,set4_features_metadata,GPR,log,protocol_holdout,hybrid,8,6,218.19866136068367
LSD_Primary,set4_features_metadata,GPR,log,protocol_holdout,hybrid,8,12,44.35202465135438
LSD_Primary,set4_features_metadata,GPR,log,protocol_holdout,hybrid,8,18,41.49523784028956
LSD_Primary,set4_features_metadata,GPR,log,protocol_holdout,hybrid,8,24,34.34720667299811
LSD_Primary,set4_features_metadata,GPR,log,protocol_holdout,hybrid,8,30,38.546286316533525
LSD_Primary,set4_features_metadata,GPR,log,protocol_holdout,hybrid,8,36,36.376110131827936
LSD_Primary,set4_features_metadata,GPR,log,protocol_holdout,hybrid,8,42,48.44228040379007
LSD_Primary,set4_features_metadata,GPR,log,protocol_holdout,hybrid,8,48,96.2162744137355
LSD_Primary,set4_features_metadata,GPR,log,protocol_holdout,hybrid,8,54,99.36758095348782
LSD_Primary,set4_features_metadata,GPR,log,protocol_holdout,hybrid,8,58,103.4371379251875
LSD_Primary,set4_features_metadata,GPR,log,protocol_holdout,hybrid,9,6,44.20531585781261
LSD_Primary,set4_features_metadata,GPR,log,protocol_holdout,hybrid,9,12,37.21109783460875
LSD_Primary,set4_features_metadata,GPR,log,protocol_holdout,hybrid,9,18,18.436250522505045
LSD_Primary,set4_features_metadata,GPR,log,protocol_holdout,hybrid,9,24,24.36367008417376
LSD_Primary,set4_features_metadata,GPR,log,protocol_holdout,hybrid,9,30,20.96380033777334
LSD_Primary,set4_features_metadata,GPR,log,protocol_holdout,hybrid,9,36,22.09310379011464
LSD_Primary,set4_features_metadata,GPR,log,protocol_holdout,hybrid,9,42,18.54542971855811
LSD_Primary,set4_features_metadata,GPR,log,protocol_holdout,hybrid,9,48,18.521730105557964
LSD_Primary,set4_features_metadata,GPR,log,protocol_holdout,hybrid,9,54,40.26220704093697
LSD_Primary,set4_features_metadata,GPR,log,protocol_holdout,hybrid,9,58,41.272229992190525
LSD_Primary,set4_features_metadata,GPR,log,protocol_holdout,hybrid,10,6,120.3873548187738
LSD_Primary,set4_features_metadata,GPR,log,protocol_holdout,hybrid,10,12,51.04990110685929
LSD_Primary,set4_features_metadata,GPR,log,protocol_holdout,hybrid,10,18,49.68752268453587
LSD_Primary,set4_features_metadata,GPR,log,protocol_holdout,hybrid,10,24,57.50725746308228
LSD_Primary,set4_features_metadata,GPR,log,protocol_holdout,hybrid,10,30,67.72100796933248
LSD_Primary,set4_features_metadata,GPR,log,protocol_holdout,hybrid,10,36,64.23378279076418
LSD_Primary,set4_features_metadata,GPR,log,protocol_holdout,hybrid,10,42,62.8600620359598
LSD_Primary,set4_features_metadata,GPR,log,protocol_holdout,hybrid,10,48,62.96610071864773
LSD_Primary,set4_features_metadata,GPR,log,protocol_holdout,hybrid,10,54,69.08630243159244
LSD_Primary,set4_features_metadata,GPR,log,protocol_holdout,hybrid,10,58,74.3805676349357
LSD_Second,set4_features_metadata,GPR,log,protocol_holdout,random_selection,1,6,72.44817122844313
LSD_Second,set4_features_metadata,GPR,log,protocol_holdout,random_selection,1,12,17.599436338248925
LSD_Second,set4_features_metadata,GPR,log,protocol_holdout,random_selection,1,18,16.745863630655432
LSD_Second,set4_features_metadata,GPR,log,protocol_holdout,random_selection,1,24,17.68333170166157
LSD_Second,set4_features_metadata,GPR,log,protocol_holdout,random_selection,1,30,14.594878452202645
LSD_Second,set4_features_metadata,GPR,log,protocol_holdout,random_selection,1,36,15.42576951347896
LSD_Second,set4_features_metadata,GPR,log,protocol_holdout,random_selection,1,42,16.295087165985166
LSD_Second,set4_features_metadata,GPR,log,protocol_holdout,random_selection,1,48,15.725571030256402
LSD_Second,set4_features_metadata,GPR,log,protocol_holdout,random_selection,1,54,15.18371213126454
LSD_Second,set4_features_metadata,GPR,log,protocol_holdout,random_selection,1,58,16.804028560670456
LSD_Second,set4_features_metadata,GPR,log,protocol_holdout,random_selection,2,6,25.24179766796185
LSD_Second,set4_features_metadata,GPR,log,protocol_holdout,random_selection,2,12,20.920402273213163
LSD_Second,set4_features_metadata,GPR,log,protocol_holdout,random_selection,2,18,17.960952957124363
LSD_Second,set4_features_metadata,GPR,log,protocol_holdout,random_selection,2,24,17.42960465986124
LSD_Second,set4_features_metadata,GPR,log,protocol_holdout,random_selection,2,30,15.780153524108744
LSD_Second,set4_features_metadata,GPR,log,protocol_holdout,random_selection,2,36,16.275147797280145
LSD_Second,set4_features_metadata,GPR,log,protocol_holdout,random_selection,2,42,21.854286000917007
LSD_Second,set4_features_metadata,GPR,log,protocol_holdout,random_selection,2,48,23.49577739543454
LSD_Second,set4_features_metadata,GPR,log,protocol_holdout,random_selection,2,54,22.349522846268616
LSD_Second,set4_features_metadata,GPR,log,protocol_holdout,random_selection,2,58,20.89341712900769
LSD_Second,set4_features_metadata,GPR,log,protocol_holdout,random_selection,3,6,37.68804663355546
LSD_Second,set4_features_metadata,GPR,log,protocol_holdout,random_selection,3,12,36.11064236054576
LSD_Second,set4_features_metadata,GPR,log,protocol_holdout,random_selection,3,18,24.247494014417864
LSD_Second,set4_features_metadata,GPR,log,protocol_holdout,random_selection,3,24,21.578125346249525
LSD_Second,set4_features_metadata,GPR,log,protocol_holdout,random_selection,3,30,26.26325839270019
LSD_Second,set4_features_metadata,GPR,log,protocol_holdout,random_selection,3,36,18.45820810208477
LSD_Second,set4_features_metadata,GPR,log,protocol_holdout,random_selection,3,42,18.553812882215663
LSD_Second,set4_features_metadata,GPR,log,protocol_holdout,random_selection,3,48,18.129103935367645
LSD_Second,set4_features_metadata,GPR,log,protocol_holdout,random_selection,3,54,13.781329905759875
LSD_Second,set4_features_metadata,GPR,log,protocol_holdout,random_selection,3,58,14.974516181039736
LSD_Second,set4_features_metadata,GPR,log,protocol_holdout,random_selection,4,6,23.66361303459574
LSD_Second,set4_features_metadata,GPR,log,protocol_holdout,random_selection,4,12,18.40676445505167
LSD_Second,set4_features_metadata,GPR,log,protocol_holdout,random_selection,4,18,14.997131079968335
LSD_Second,set4_features_metadata,GPR,log,protocol_holdout,random_selection,4,24,14.766011713894144
LSD_Second,set4_features_metadata,GPR,log,protocol_holdout,random_selection,4,30,18.20162566062743
LSD_Second,set4_features_metadata,GPR,log,protocol_holdout,random_selection,4,36,14.158897936834707
LSD_Second,set4_features_metadata,GPR,log,protocol_holdout,random_selection,4,42,15.991874661788824
LSD_Second,set4_features_metadata,GPR,log,protocol_holdout,random_selection,4,48,16.284750217554766
LSD_Second,set4_features_metadata,GPR,log,protocol_holdout,random_selection,4,54,18.08898305952
LSD_Second,set4_features_metadata,GPR,log,protocol_holdout,random_selection,4,58,19.804809792592177
LSD_Second,set4_features_metadata,GPR,log,protocol_holdout,random_selection,5,6,29.85926083225421
LSD_Second,set4_features_metadata,GPR,log,protocol_holdout,random_selection,5,12,28.92504209694832
LSD_Second,set4_features_metadata,GPR,log,protocol_holdout,random_selection,5,18,22.830933283488044
LSD_Second,set4_features_metadata,GPR,log,protocol_holdout,random_selection,5,24,22.578642768925587
LSD_Second,set4_features_metadata,GPR,log,protocol_holdout,random_selection,5,30,23.748220882802887
LSD_Second,set4_features_metadata,GPR,log,protocol_holdout,random_selection,5,36,21.15719598032764
LSD_Second,set4_features_metadata,GPR,log,protocol_holdout,random_selection,5,42,21.99899595344516
LSD_Second,set4_features_metadata,GPR,log,protocol_holdout,random_selection,5,48,22.729473145159844
LSD_Second,set4_features_metadata,GPR,log,protocol_holdout,random_selection,5,54,17.95923260049958
LSD_Second,set4_features_metadata,GPR,log,protocol_holdout,random_selection,5,58,17.689772347324332
LSD_Second,set4_features_metadata,GPR,log,protocol_holdout,random_selection,6,6,31.16506773774337
LSD_Second,set4_features_metadata,GPR,log,protocol_holdout,random_selection,6,12,19.300606588637027
LSD_Second,set4_features_metadata,GPR,log,protocol_holdout,random_selection,6,18,27.18576892179623
LSD_Second,set4_features_metadata,GPR,log,protocol_holdout,random_selection,6,24,28.50014856454559
LSD_Second,set4_features_metadata,GPR,log,protocol_holdout,random_selection,6,30,24.82048007685289
LSD_Second,set4_features_metadata,GPR,log,protocol_holdout,random_selection,6,36,15.513979563493791
LSD_Second,set4_features_metadata,GPR,log,protocol_holdout,random_selection,6,42,15.06906455874009
LSD_Second,set4_features_metadata,GPR,log,protocol_holdout,random_selection,6,48,13.293067756202422
LSD_Second,set4_features_metadata,GPR,log,protocol_holdout,random_selection,6,54,13.46226892975595
LSD_Second,set4_features_metadata,GPR,log,protocol_holdout,random_selection,6,58,14.170858290235351
LSD_Second,set4_features_metadata,GPR,log,protocol_holdout,random_selection,7,6,30.33539341253832
LSD_Second,set4_features_metadata,GPR,log,protocol_holdout,random_selection,7,12,13.170545826468866
LSD_Second,set4_features_metadata,GPR,log,protocol_holdout,random_selection,7,18,22.637453748669746
LSD_Second,set4_features_metadata,GPR,log,protocol_holdout,random_selection,7,24,15.624481059958136
LSD_Second,set4_features_metadata,GPR,log,protocol_holdout,random_selection,7,30,21.07823207900067
LSD_Second,set4_features_metadata,GPR,log,protocol_holdout,random_selection,7,36,21.647434723063512
LSD_Second,set4_features_metadata,GPR,log,protocol_holdout,random_selection,7,42,25.15786185459562
LSD_Second,set4_features_metadata,GPR,log,protocol_holdout,random_selection,7,48,24.44338207615805
LSD_Second,set4_features_metadata,GPR,log,protocol_holdout,random_selection,7,54,26.34289539176616
LSD_Second,set4_features_metadata,GPR,log,protocol_holdout,random_selection,7,58,23.88062748270145
LSD_Second,set4_features_metadata,GPR,log,protocol_holdout,random_selection,8,6,34.14612981110727
LSD_Second,set4_features_metadata,GPR,log,protocol_holdout,random_selection,8,12,29.781315774385785
LSD_Second,set4_features_metadata,GPR,log,protocol_holdout,random_selection,8,18,29.42166686640337
LSD_Second,set4_features_metadata,GPR,log,protocol_holdout,random_selection,8,24,29.67831388127489
LSD_Second,set4_features_metadata,GPR,log,protocol_holdout,random_selection,8,30,20.010512923431502
LSD_Second,set4_features_metadata,GPR,log,protocol_holdout,random_selection,8,36,21.06291109641415
LSD_Second,set4_features_metadata,GPR,log,protocol_holdout,random_selection,8,42,18.63237866331568
LSD_Second,set4_features_metadata,GPR,log,protocol_holdout,random_selection,8,48,18.87704240220433
LSD_Second,set4_features_metadata,GPR,log,protocol_holdout,random_selection,8,54,18.305312066922184
LSD_Second,set4_features_metadata,GPR,log,protocol_holdout,random_selection,8,58,18.42652246344593
LSD_Second,set4_features_metadata,GPR,log,protocol_holdout,random_selection,9,6,27.247474475053927
LSD_Second,set4_features_metadata,GPR,log,protocol_holdout,random_selection,9,12,21.485148294245025
LSD_Second,set4_features_metadata,GPR,log,protocol_holdout,random_selection,9,18,23.65036890334653
LSD_Second,set4_features_metadata,GPR,log,protocol_holdout,random_selection,9,24,21.786330343074265
LSD_Second,set4_features_metadata,GPR,log,protocol_holdout,random_selection,9,30,19.42664809539528
LSD_Second,set4_features_metadata,GPR,log,protocol_holdout,random_selection,9,36,15.800670025042349
LSD_Second,set4_features_metadata,GPR,log,protocol_holdout,random_selection,9,42,15.365142787620153
LSD_Second,set4_features_metadata,GPR,log,protocol_holdout,random_selection,9,48,17.09429961302174
LSD_Second,set4_features_metadata,GPR,log,protocol_holdout,random_selection,9,54,15.560193635031329
LSD_Second,set4_features_metadata,GPR,log,protocol_holdout,random_selection,9,58,15.87610687622458
LSD_Second,set4_features_metadata,GPR,log,protocol_holdout,random_selection,10,6,24.41457827105453
LSD_Second,set4_features_metadata,GPR,log,protocol_holdout,random_selection,10,12,24.354026260133978
LSD_Second,set4_features_metadata,GPR,log,protocol_holdout,random_selection,10,18,19.85557617562656
LSD_Second,set4_features_metadata,GPR,log,protocol_holdout,random_selection,10,24,19.559918369499563
LSD_Second,set4_features_metadata,GPR,log,protocol_holdout,random_selection,10,30,19.506695222339985
LSD_Second,set4_features_metadata,GPR,log,protocol_holdout,random_selection,10,36,19.14564319925469
LSD_Second,set4_features_metadata,GPR,log,protocol_holdout,random_selection,10,42,19.734341208544016
LSD_Second,set4_features_metadata,GPR,log,protocol_holdout,random_selection,10,48,19.00472560957641
LSD_Second,set4_features_metadata,GPR,log,protocol_holdout,random_selection,10,54,18.945162290088923
LSD_Second,set4_features_metadata,GPR,log,protocol_holdout,random_selection,10,58,20.47870226464424
LSD_Second,set4_features_metadata,GPR,log,protocol_holdout,diversity_oneshot,1,6,17.798050752075575
LSD_Second,set4_features_metadata,GPR,log,protocol_holdout,diversity_oneshot,1,12,20.49884034260768
LSD_Second,set4_features_metadata,GPR,log,protocol_holdout,diversity_oneshot,1,18,31.57440851876852
LSD_Second,set4_features_metadata,GPR,log,protocol_holdout,diversity_oneshot,1,24,17.171517704486707
LSD_Second,set4_features_metadata,GPR,log,protocol_holdout,diversity_oneshot,1,30,20.14237975756149
LSD_Second,set4_features_metadata,GPR,log,protocol_holdout,diversity_oneshot,1,36,19.41862586799584
LSD_Second,set4_features_metadata,GPR,log,protocol_holdout,diversity_oneshot,1,42,18.643714391064314
LSD_Second,set4_features_metadata,GPR,log,protocol_holdout,diversity_oneshot,1,48,18.91896715163194
LSD_Second,set4_features_metadata,GPR,log,protocol_holdout,diversity_oneshot,1,54,16.185034956420917
LSD_Second,set4_features_metadata,GPR,log,protocol_holdout,diversity_oneshot,1,58,16.804028560670456
LSD_Second,set4_features_metadata,GPR,log,protocol_holdout,diversity_oneshot,2,6,49.21612374528574
LSD_Second,set4_features_metadata,GPR,log,protocol_holdout,diversity_oneshot,2,12,9.815517828020331
LSD_Second,set4_features_metadata,GPR,log,protocol_holdout,diversity_oneshot,2,18,21.142747927900107
LSD_Second,set4_features_metadata,GPR,log,protocol_holdout,diversity_oneshot,2,24,20.144583718406103
LSD_Second,set4_features_metadata,GPR,log,protocol_holdout,diversity_oneshot,2,30,22.09748908776612
LSD_Second,set4_features_metadata,GPR,log,protocol_holdout,diversity_oneshot,2,36,14.895456505667603
LSD_Second,set4_features_metadata,GPR,log,protocol_holdout,diversity_oneshot,2,42,22.34159160367095
LSD_Second,set4_features_metadata,GPR,log,protocol_holdout,diversity_oneshot,2,48,22.82350771403598
LSD_Second,set4_features_metadata,GPR,log,protocol_holdout,diversity_oneshot,2,54,22.167392455705865
LSD_Second,set4_features_metadata,GPR,log,protocol_holdout,diversity_oneshot,2,58,20.89341712900769
LSD_Second,set4_features_metadata,GPR,log,protocol_holdout,diversity_oneshot,3,6,34.37569309902261
LSD_Second,set4_features_metadata,GPR,log,protocol_holdout,diversity_oneshot,3,12,27.2037775398729
LSD_Second,set4_features_metadata,GPR,log,protocol_holdout,diversity_oneshot,3,18,19.478732033705377
LSD_Second,set4_features_metadata,GPR,log,protocol_holdout,diversity_oneshot,3,24,14.230321029080264
LSD_Second,set4_features_metadata,GPR,log,protocol_holdout,diversity_oneshot,3,30,15.970572769023144
LSD_Second,set4_features_metadata,GPR,log,protocol_holdout,diversity_oneshot,3,36,12.968391762476385
LSD_Second,set4_features_metadata,GPR,log,protocol_holdout,diversity_oneshot,3,42,15.919342906749504
LSD_Second,set4_features_metadata,GPR,log,protocol_holdout,diversity_oneshot,3,48,14.898282615562769
LSD_Second,set4_features_metadata,GPR,log,protocol_holdout,diversity_oneshot,3,54,14.384523284225976
LSD_Second,set4_features_metadata,GPR,log,protocol_holdout,diversity_oneshot,3,58,14.974516181039736
LSD_Second,set4_features_metadata,GPR,log,protocol_holdout,diversity_oneshot,4,6,24.605961681139128
LSD_Second,set4_features_metadata,GPR,log,protocol_holdout,diversity_oneshot,4,12,21.31306655144258
LSD_Second,set4_features_metadata,GPR,log,protocol_holdout,diversity_oneshot,4,18,17.7355618865533
LSD_Second,set4_features_metadata,GPR,log,protocol_holdout,diversity_oneshot,4,24,24.752268888025387
LSD_Second,set4_features_metadata,GPR,log,protocol_holdout,diversity_oneshot,4,30,27.82600306114179
LSD_Second,set4_features_metadata,GPR,log,protocol_holdout,diversity_oneshot,4,36,22.098171104080887
LSD_Second,set4_features_metadata,GPR,log,protocol_holdout,diversity_oneshot,4,42,26.565164631320528
LSD_Second,set4_features_metadata,GPR,log,protocol_holdout,diversity_oneshot,4,48,23.369835808095367
LSD_Second,set4_features_metadata,GPR,log,protocol_holdout,diversity_oneshot,4,54,19.786181237484968
LSD_Second,set4_features_metadata,GPR,log,protocol_holdout,diversity_oneshot,4,58,19.804809792592177
LSD_Second,set4_features_metadata,GPR,log,protocol_holdout,diversity_oneshot,5,6,30.774546853433808
LSD_Second,set4_features_metadata,GPR,log,protocol_holdout,diversity_oneshot,5,12,29.05764272432953
LSD_Second,set4_features_metadata,GPR,log,protocol_holdout,diversity_oneshot,5,18,30.184829733678875
LSD_Second,set4_features_metadata,GPR,log,protocol_holdout,diversity_oneshot,5,24,22.988857392877527
LSD_Second,set4_features_metadata,GPR,log,protocol_holdout,diversity_oneshot,5,30,22.80002752225914
LSD_Second,set4_features_metadata,GPR,log,protocol_holdout,diversity_oneshot,5,36,21.1696174809048
LSD_Second,set4_features_metadata,GPR,log,protocol_holdout,diversity_oneshot,5,42,20.1600994498273
LSD_Second,set4_features_metadata,GPR,log,protocol_holdout,diversity_oneshot,5,48,18.12124670479028
LSD_Second,set4_features_metadata,GPR,log,protocol_holdout,diversity_oneshot,5,54,18.004284964184556
LSD_Second,set4_features_metadata,GPR,log,protocol_holdout,diversity_oneshot,5,58,17.689772347324332
LSD_Second,set4_features_metadata,GPR,log,protocol_holdout,diversity_oneshot,6,6,28.193671015224737
LSD_Second,set4_features_metadata,GPR,log,protocol_holdout,diversity_oneshot,6,12,27.557747417490187
LSD_Second,set4_features_metadata,GPR,log,protocol_holdout,diversity_oneshot,6,18,16.463051600541426
LSD_Second,set4_features_metadata,GPR,log,protocol_holdout,diversity_oneshot,6,24,15.600654716171276
LSD_Second,set4_features_metadata,GPR,log,protocol_holdout,diversity_oneshot,6,30,15.53926298116358
LSD_Second,set4_features_metadata,GPR,log,protocol_holdout,diversity_oneshot,6,36,15.20817447400636
LSD_Second,set4_features_metadata,GPR,log,protocol_holdout,diversity_oneshot,6,42,15.380331431022146
LSD_Second,set4_features_metadata,GPR,log,protocol_holdout,diversity_oneshot,6,48,13.949405311029489
LSD_Second,set4_features_metadata,GPR,log,protocol_holdout,diversity_oneshot,6,54,15.845935258648256
LSD_Second,set4_features_metadata,GPR,log,protocol_holdout,diversity_oneshot,6,58,14.170858290235351
LSD_Second,set4_features_metadata,GPR,log,protocol_holdout,diversity_oneshot,7,6,29.5501197569349
LSD_Second,set4_features_metadata,GPR,log,protocol_holdout,diversity_oneshot,7,12,34.45346498584874
LSD_Second,set4_features_metadata,GPR,log,protocol_holdout,diversity_oneshot,7,18,28.91707294785165
LSD_Second,set4_features_metadata,GPR,log,protocol_holdout,diversity_oneshot,7,24,24.991590804025325
LSD_Second,set4_features_metadata,GPR,log,protocol_holdout,diversity_oneshot,7,30,20.44316394679543
LSD_Second,set4_features_metadata,GPR,log,protocol_holdout,diversity_oneshot,7,36,20.61433398980516
LSD_Second,set4_features_metadata,GPR,log,protocol_holdout,diversity_oneshot,7,42,18.014385497587106
LSD_Second,set4_features_metadata,GPR,log,protocol_holdout,diversity_oneshot,7,48,24.271947891493813
LSD_Second,set4_features_metadata,GPR,log,protocol_holdout,diversity_oneshot,7,54,23.56196016548577
LSD_Second,set4_features_metadata,GPR,log,protocol_holdout,diversity_oneshot,7,58,23.88062748270145
LSD_Second,set4_features_metadata,GPR,log,protocol_holdout,diversity_oneshot,8,6,29.40094835424801
LSD_Second,set4_features_metadata,GPR,log,protocol_holdout,diversity_oneshot,8,12,25.49286387091863
LSD_Second,set4_features_metadata,GPR,log,protocol_holdout,diversity_oneshot,8,18,32.729884497742354
LSD_Second,set4_features_metadata,GPR,log,protocol_holdout,diversity_oneshot,8,24,23.415278997195607
LSD_Second,set4_features_metadata,GPR,log,protocol_holdout,diversity_oneshot,8,30,22.388102877092773
LSD_Second,set4_features_metadata,GPR,log,protocol_holdout,diversity_oneshot,8,36,25.34748056267091
LSD_Second,set4_features_metadata,GPR,log,protocol_holdout,diversity_oneshot,8,42,22.417535768044505
LSD_Second,set4_features_metadata,GPR,log,protocol_holdout,diversity_oneshot,8,48,16.611143345404432
LSD_Second,set4_features_metadata,GPR,log,protocol_holdout,diversity_oneshot,8,54,18.827302937376363
LSD_Second,set4_features_metadata,GPR,log,protocol_holdout,diversity_oneshot,8,58,18.42652246344593
LSD_Second,set4_features_metadata,GPR,log,protocol_holdout,diversity_oneshot,9,6,27.462188314478464
LSD_Second,set4_features_metadata,GPR,log,protocol_holdout,diversity_oneshot,9,12,26.34963793528864
LSD_Second,set4_features_metadata,GPR,log,protocol_holdout,diversity_oneshot,9,18,15.472363954658604
LSD_Second,set4_features_metadata,GPR,log,protocol_holdout,diversity_oneshot,9,24,17.492028499927855
LSD_Second,set4_features_metadata,GPR,log,protocol_holdout,diversity_oneshot,9,30,16.840929781826663
LSD_Second,set4_features_metadata,GPR,log,protocol_holdout,diversity_oneshot,9,36,15.4947602457843
LSD_Second,set4_features_metadata,GPR,log,protocol_holdout,diversity_oneshot,9,42,17.753065340372455
LSD_Second,set4_features_metadata,GPR,log,protocol_holdout,diversity_oneshot,9,48,17.954120494214408
LSD_Second,set4_features_metadata,GPR,log,protocol_holdout,diversity_oneshot,9,54,16.311097771171116
LSD_Second,set4_features_metadata,GPR,log,protocol_holdout,diversity_oneshot,9,58,15.87610687622458
LSD_Second,set4_features_metadata,GPR,log,protocol_holdout,diversity_oneshot,10,6,29.37243543516811
LSD_Second,set4_features_metadata,GPR,log,protocol_holdout,diversity_oneshot,10,12,54.37791283263267
LSD_Second,set4_features_metadata,GPR,log,protocol_holdout,diversity_oneshot,10,18,30.238797205780937
LSD_Second,set4_features_metadata,GPR,log,protocol_holdout,diversity_oneshot,10,24,22.78732587163551
LSD_Second,set4_features_metadata,GPR,log,protocol_holdout,diversity_oneshot,10,30,24.935256299405584
LSD_Second,set4_features_metadata,GPR,log,protocol_holdout,diversity_oneshot,10,36,22.216611613201312
LSD_Second,set4_features_metadata,GPR,log,protocol_holdout,diversity_oneshot,10,42,21.32657533639918
LSD_Second,set4_features_metadata,GPR,log,protocol_holdout,diversity_oneshot,10,48,21.59968215155291
LSD_Second,set4_features_metadata,GPR,log,protocol_holdout,diversity_oneshot,10,54,20.82356007348553
LSD_Second,set4_features_metadata,GPR,log,protocol_holdout,diversity_oneshot,10,58,20.47870226464424
LSD_Second,set4_features_metadata,GPR,log,protocol_holdout,diversity_iterative,1,6,17.798050752075575
LSD_Second,set4_features_metadata,GPR,log,protocol_holdout,diversity_iterative,1,12,17.93905982014157
LSD_Second,set4_features_metadata,GPR,log,protocol_holdout,diversity_iterative,1,18,14.15669597126926
LSD_Second,set4_features_metadata,GPR,log,protocol_holdout,diversity_iterative,1,24,16.760552016313433
LSD_Second,set4_features_metadata,GPR,log,protocol_holdout,diversity_iterative,1,30,15.48264864092483
LSD_Second,set4_features_metadata,GPR,log,protocol_holdout,diversity_iterative,1,36,14.636984062950267
LSD_Second,set4_features_metadata,GPR,log,protocol_holdout,diversity_iterative,1,42,20.021016260462744
LSD_Second,set4_features_metadata,GPR,log,protocol_holdout,diversity_iterative,1,48,15.00969238722581
LSD_Second,set4_features_metadata,GPR,log,protocol_holdout,diversity_iterative,1,54,17.80804152945549
LSD_Second,set4_features_metadata,GPR,log,protocol_holdout,diversity_iterative,1,58,16.804028560670456
LSD_Second,set4_features_metadata,GPR,log,protocol_holdout,diversity_iterative,2,6,49.21612374528574
LSD_Second,set4_features_metadata,GPR,log,protocol_holdout,diversity_iterative,2,12,35.554991061244365
LSD_Second,set4_features_metadata,GPR,log,protocol_holdout,diversity_iterative,2,18,15.8938063157743
LSD_Second,set4_features_metadata,GPR,log,protocol_holdout,diversity_iterative,2,24,14.677101975906089
LSD_Second,set4_features_metadata,GPR,log,protocol_holdout,diversity_iterative,2,30,23.35705419441229
LSD_Second,set4_features_metadata,GPR,log,protocol_holdout,diversity_iterative,2,36,17.457385173772604
LSD_Second,set4_features_metadata,GPR,log,protocol_holdout,diversity_iterative,2,42,16.996362428108966
LSD_Second,set4_features_metadata,GPR,log,protocol_holdout,diversity_iterative,2,48,13.512777358157113
LSD_Second,set4_features_metadata,GPR,log,protocol_holdout,diversity_iterative,2,54,18.03421231616079
LSD_Second,set4_features_metadata,GPR,log,protocol_holdout,diversity_iterative,2,58,20.89341712900769
LSD_Second,set4_features_metadata,GPR,log,protocol_holdout,diversity_iterative,3,6,34.37569309902261
LSD_Second,set4_features_metadata,GPR,log,protocol_holdout,diversity_iterative,3,12,28.210186092563795
LSD_Second,set4_features_metadata,GPR,log,protocol_holdout,diversity_iterative,3,18,24.48034562846588
LSD_Second,set4_features_metadata,GPR,log,protocol_holdout,diversity_iterative,3,24,22.367623868070304
LSD_Second,set4_features_metadata,GPR,log,protocol_holdout,diversity_iterative,3,30,22.176869166850345
LSD_Second,set4_features_metadata,GPR,log,protocol_holdout,diversity_iterative,3,36,21.368555515754835
LSD_Second,set4_features_metadata,GPR,log,protocol_holdout,diversity_iterative,3,42,20.02788941394193
LSD_Second,set4_features_metadata,GPR,log,protocol_holdout,diversity_iterative,3,48,18.906868041784307
LSD_Second,set4_features_metadata,GPR,log,protocol_holdout,diversity_iterative,3,54,17.548613991346834
LSD_Second,set4_features_metadata,GPR,log,protocol_holdout,diversity_iterative,3,58,14.974516181039736
LSD_Second,set4_features_metadata,GPR,log,protocol_holdout,diversity_iterative,4,6,24.605961681139128
LSD_Second,set4_features_metadata,GPR,log,protocol_holdout,diversity_iterative,4,12,18.757057333329964
LSD_Second,set4_features_metadata,GPR,log,protocol_holdout,diversity_iterative,4,18,18.86535922565425
LSD_Second,set4_features_metadata,GPR,log,protocol_holdout,diversity_iterative,4,24,21.730681498384367
LSD_Second,set4_features_metadata,GPR,log,protocol_holdout,diversity_iterative,4,30,25.205104923546696
LSD_Second,set4_features_metadata,GPR,log,protocol_holdout,diversity_iterative,4,36,18.76997342996386
LSD_Second,set4_features_metadata,GPR,log,protocol_holdout,diversity_iterative,4,42,18.62591360883877
LSD_Second,set4_features_metadata,GPR,log,protocol_holdout,diversity_iterative,4,48,19.32404571250982
LSD_Second,set4_features_metadata,GPR,log,protocol_holdout,diversity_iterative,4,54,16.78074779489281
LSD_Second,set4_features_metadata,GPR,log,protocol_holdout,diversity_iterative,4,58,19.804809792592177
LSD_Second,set4_features_metadata,GPR,log,protocol_holdout,diversity_iterative,5,6,30.774546853433808
LSD_Second,set4_features_metadata,GPR,log,protocol_holdout,diversity_iterative,5,12,23.384586987686603
LSD_Second,set4_features_metadata,GPR,log,protocol_holdout,diversity_iterative,5,18,18.97246903716825
LSD_Second,set4_features_metadata,GPR,log,protocol_holdout,diversity_iterative,5,24,16.476324223520123
LSD_Second,set4_features_metadata,GPR,log,protocol_holdout,diversity_iterative,5,30,17.679671641720997
LSD_Second,set4_features_metadata,GPR,log,protocol_holdout,diversity_iterative,5,36,19.77240101162181
LSD_Second,set4_features_metadata,GPR,log,protocol_holdout,diversity_iterative,5,42,17.693732080237545
LSD_Second,set4_features_metadata,GPR,log,protocol_holdout,diversity_iterative,5,48,16.336507443113703
LSD_Second,set4_features_metadata,GPR,log,protocol_holdout,diversity_iterative,5,54,17.190828748054635
LSD_Second,set4_features_metadata,GPR,log,protocol_holdout,diversity_iterative,5,58,17.689772347324332
LSD_Second,set4_features_metadata,GPR,log,protocol_holdout,diversity_iterative,6,6,28.193671015224737
LSD_Second,set4_features_metadata,GPR,log,protocol_holdout,diversity_iterative,6,12,10.859851679612298
LSD_Second,set4_features_metadata,GPR,log,protocol_holdout,diversity_iterative,6,18,13.170838582515383
LSD_Second,set4_features_metadata,GPR,log,protocol_holdout,diversity_iterative,6,24,12.406541110342385
LSD_Second,set4_features_metadata,GPR,log,protocol_holdout,diversity_iterative,6,30,11.358028220839325
LSD_Second,set4_features_metadata,GPR,log,protocol_holdout,diversity_iterative,6,36,10.76267343577047
LSD_Second,set4_features_metadata,GPR,log,protocol_holdout,diversity_iterative,6,42,11.759796673918238
LSD_Second,set4_features_metadata,GPR,log,protocol_holdout,diversity_iterative,6,48,13.798263507117513
LSD_Second,set4_features_metadata,GPR,log,protocol_holdout,diversity_iterative,6,54,14.343521952869862
LSD_Second,set4_features_metadata,GPR,log,protocol_holdout,diversity_iterative,6,58,14.170858290235351
LSD_Second,set4_features_metadata,GPR,log,protocol_holdout,diversity_iterative,7,6,29.5501197569349
LSD_Second,set4_features_metadata,GPR,log,protocol_holdout,diversity_iterative,7,12,21.932963300758
LSD_Second,set4_features_metadata,GPR,log,protocol_holdout,diversity_iterative,7,18,24.21354674418387
LSD_Second,set4_features_metadata,GPR,log,protocol_holdout,diversity_iterative,7,24,26.71625260848129
LSD_Second,set4_features_metadata,GPR,log,protocol_holdout,diversity_iterative,7,30,17.97558140225147
LSD_Second,set4_features_metadata,GPR,log,protocol_holdout,diversity_iterative,7,36,14.041062811420645
LSD_Second,set4_features_metadata,GPR,log,protocol_holdout,diversity_iterative,7,42,18.45848876280614
LSD_Second,set4_features_metadata,GPR,log,protocol_holdout,diversity_iterative,7,48,14.340045047171076
LSD_Second,set4_features_metadata,GPR,log,protocol_holdout,diversity_iterative,7,54,23.8034645623084
LSD_Second,set4_features_metadata,GPR,log,protocol_holdout,diversity_iterative,7,58,23.88062748270145
LSD_Second,set4_features_metadata,GPR,log,protocol_holdout,diversity_iterative,8,6,29.40094835424801
LSD_Second,set4_features_metadata,GPR,log,protocol_holdout,diversity_iterative,8,12,29.98549630161309
LSD_Second,set4_features_metadata,GPR,log,protocol_holdout,diversity_iterative,8,18,29.513944835979625
LSD_Second,set4_features_metadata,GPR,log,protocol_holdout,diversity_iterative,8,24,31.46198130236008
LSD_Second,set4_features_metadata,GPR,log,protocol_holdout,diversity_iterative,8,30,28.38186524659254
LSD_Second,set4_features_metadata,GPR,log,protocol_holdout,diversity_iterative,8,36,21.32105518014215
LSD_Second,set4_features_metadata,GPR,log,protocol_holdout,diversity_iterative,8,42,20.31998031920302
LSD_Second,set4_features_metadata,GPR,log,protocol_holdout,diversity_iterative,8,48,21.60367657844772
LSD_Second,set4_features_metadata,GPR,log,protocol_holdout,diversity_iterative,8,54,17.735930964370738
LSD_Second,set4_features_metadata,GPR,log,protocol_holdout,diversity_iterative,8,58,18.42652246344593
LSD_Second,set4_features_metadata,GPR,log,protocol_holdout,diversity_iterative,9,6,27.462188314478464
LSD_Second,set4_features_metadata,GPR,log,protocol_holdout,diversity_iterative,9,12,27.12666165545039
LSD_Second,set4_features_metadata,GPR,log,protocol_holdout,diversity_iterative,9,18,26.5199669894355
LSD_Second,set4_features_metadata,GPR,log,protocol_holdout,diversity_iterative,9,24,25.964573270608582
LSD_Second,set4_features_metadata,GPR,log,protocol_holdout,diversity_iterative,9,30,25.81054612665321
LSD_Second,set4_features_metadata,GPR,log,protocol_holdout,diversity_iterative,9,36,22.31822192834664
LSD_Second,set4_features_metadata,GPR,log,protocol_holdout,diversity_iterative,9,42,17.59823621033199
LSD_Second,set4_features_metadata,GPR,log,protocol_holdout,diversity_iterative,9,48,18.354139793103226
LSD_Second,set4_features_metadata,GPR,log,protocol_holdout,diversity_iterative,9,54,18.75737081891123
LSD_Second,set4_features_metadata,GPR,log,protocol_holdout,diversity_iterative,9,58,15.87610687622458
LSD_Second,set4_features_metadata,GPR,log,protocol_holdout,diversity_iterative,10,6,29.37243543516811
LSD_Second,set4_features_metadata,GPR,log,protocol_holdout,diversity_iterative,10,12,33.211138823145006
LSD_Second,set4_features_metadata,GPR,log,protocol_holdout,diversity_iterative,10,18,23.998686483941288
LSD_Second,set4_features_metadata,GPR,log,protocol_holdout,diversity_iterative,10,24,31.53536826403306
LSD_Second,set4_features_metadata,GPR,log,protocol_holdout,diversity_iterative,10,30,29.1737297123652
LSD_Second,set4_features_metadata,GPR,log,protocol_holdout,diversity_iterative,10,36,24.337435796244623
LSD_Second,set4_features_metadata,GPR,log,protocol_holdout,diversity_iterative,10,42,21.453281468929976
LSD_Second,set4_features_metadata,GPR,log,protocol_holdout,diversity_iterative,10,48,22.287529598776946
LSD_Second,set4_features_metadata,GPR,log,protocol_holdout,diversity_iterative,10,54,21.027621801816444
LSD_Second,set4_features_metadata,GPR,log,protocol_holdout,diversity_iterative,10,58,20.47870226464424
LSD_Second,set4_features_metadata,GPR,log,protocol_holdout,coverage,1,6,72.44817122844313
LSD_Second,set4_features_metadata,GPR,log,protocol_holdout,coverage,1,12,31.262611331252483
LSD_Second,set4_features_metadata,GPR,log,protocol_holdout,coverage,1,18,30.98452081979896
LSD_Second,set4_features_metadata,GPR,log,protocol_holdout,coverage,1,24,22.53128541235577
LSD_Second,set4_features_metadata,GPR,log,protocol_holdout,coverage,1,30,17.597370986194242
LSD_Second,set4_features_metadata,GPR,log,protocol_holdout,coverage,1,36,16.36161113944545
LSD_Second,set4_features_metadata,GPR,log,protocol_holdout,coverage,1,42,21.777126318035947
LSD_Second,set4_features_metadata,GPR,log,protocol_holdout,coverage,1,48,17.27332581481147
LSD_Second,set4_features_metadata,GPR,log,protocol_holdout,coverage,1,54,16.917730778958244
LSD_Second,set4_features_metadata,GPR,log,protocol_holdout,coverage,1,58,16.804028560670456
LSD_Second,set4_features_metadata,GPR,log,protocol_holdout,coverage,2,6,25.24179766796185
LSD_Second,set4_features_metadata,GPR,log,protocol_holdout,coverage,2,12,14.20304213589362
LSD_Second,set4_features_metadata,GPR,log,protocol_holdout,coverage,2,18,28.53238249369736
LSD_Second,set4_features_metadata,GPR,log,protocol_holdout,coverage,2,24,22.38018158478005
LSD_Second,set4_features_metadata,GPR,log,protocol_holdout,coverage,2,30,16.34181720261004
LSD_Second,set4_features_metadata,GPR,log,protocol_holdout,coverage,2,36,15.349761676349294
LSD_Second,set4_features_metadata,GPR,log,protocol_holdout,coverage,2,42,17.23741746441158
LSD_Second,set4_features_metadata,GPR,log,protocol_holdout,coverage,2,48,17.374500739041203
LSD_Second,set4_features_metadata,GPR,log,protocol_holdout,coverage,2,54,19.700091415069927
LSD_Second,set4_features_metadata,GPR,log,protocol_holdout,coverage,2,58,20.89341712900769
LSD_Second,set4_features_metadata,GPR,log,protocol_holdout,coverage,3,6,37.68804663355546
LSD_Second,set4_features_metadata,GPR,log,protocol_holdout,coverage,3,12,21.25646451526812
LSD_Second,set4_features_metadata,GPR,log,protocol_holdout,coverage,3,18,17.216921142289806
LSD_Second,set4_features_metadata,GPR,log,protocol_holdout,coverage,3,24,16.60193076970631
LSD_Second,set4_features_metadata,GPR,log,protocol_holdout,coverage,3,30,17.165127449663707
LSD_Second,set4_features_metadata,GPR,log,protocol_holdout,coverage,3,36,15.920819240021473
LSD_Second,set4_features_metadata,GPR,log,protocol_holdout,coverage,3,42,17.19383685737081
LSD_Second,set4_features_metadata,GPR,log,protocol_holdout,coverage,3,48,14.261130675216735
LSD_Second,set4_features_metadata,GPR,log,protocol_holdout,coverage,3,54,14.700707255193793
LSD_Second,set4_features_metadata,GPR,log,protocol_holdout,coverage,3,58,14.974516181039736
LSD_Second,set4_features_metadata,GPR,log,protocol_holdout,coverage,4,6,23.66361303459574
LSD_Second,set4_features_metadata,GPR,log,protocol_holdout,coverage,4,12,20.107720416524803
LSD_Second,set4_features_metadata,GPR,log,protocol_holdout,coverage,4,18,23.105591408679413
LSD_Second,set4_features_metadata,GPR,log,protocol_holdout,coverage,4,24,21.883387264609308
LSD_Second,set4_features_metadata,GPR,log,protocol_holdout,coverage,4,30,19.25684544237524
LSD_Second,set4_features_metadata,GPR,log,protocol_holdout,coverage,4,36,22.18118854396661
LSD_Second,set4_features_metadata,GPR,log,protocol_holdout,coverage,4,42,22.79979916434608
LSD_Second,set4_features_metadata,GPR,log,protocol_holdout,coverage,4,48,22.996432830557083
LSD_Second,set4_features_metadata,GPR,log,protocol_holdout,coverage,4,54,21.640464477782075
LSD_Second,set4_features_metadata,GPR,log,protocol_holdout,coverage,4,58,19.804809792592177
LSD_Second,set4_features_metadata,GPR,log,protocol_holdout,coverage,5,6,29.85926083225421
LSD_Second,set4_features_metadata,GPR,log,protocol_holdout,coverage,5,12,19.405835435199013
LSD_Second,set4_features_metadata,GPR,log,protocol_holdout,coverage,5,18,22.30873480420328
LSD_Second,set4_features_metadata,GPR,log,protocol_holdout,coverage,5,24,20.45861153976481
LSD_Second,set4_features_metadata,GPR,log,protocol_holdout,coverage,5,30,18.93497800829949
LSD_Second,set4_features_metadata,GPR,log,protocol_holdout,coverage,5,36,18.348541369212228
LSD_Second,set4_features_metadata,GPR,log,protocol_holdout,coverage,5,42,18.15906983952734
LSD_Second,set4_features_metadata,GPR,log,protocol_holdout,coverage,5,48,18.353637195741666
LSD_Second,set4_features_metadata,GPR,log,protocol_holdout,coverage,5,54,17.77400724977682
LSD_Second,set4_features_metadata,GPR,log,protocol_holdout,coverage,5,58,17.689772347324332
LSD_Second,set4_features_metadata,GPR,log,protocol_holdout,coverage,6,6,31.16506773774337
LSD_Second,set4_features_metadata,GPR,log,protocol_holdout,coverage,6,12,23.060824165697458
LSD_Second,set4_features_metadata,GPR,log,protocol_holdout,coverage,6,18,22.80940763574845
LSD_Second,set4_features_metadata,GPR,log,protocol_holdout,coverage,6,24,13.024681027147423
LSD_Second,set4_features_metadata,GPR,log,protocol_holdout,coverage,6,30,13.54756772710444
LSD_Second,set4_features_metadata,GPR,log,protocol_holdout,coverage,6,36,11.633780960843003
LSD_Second,set4_features_metadata,GPR,log,protocol_holdout,coverage,6,42,12.210735062290306
LSD_Second,set4_features_metadata,GPR,log,protocol_holdout,coverage,6,48,12.993006915994837
LSD_Second,set4_features_metadata,GPR,log,protocol_holdout,coverage,6,54,13.399175314344028
LSD_Second,set4_features_metadata,GPR,log,protocol_holdout,coverage,6,58,14.170858290235351
LSD_Second,set4_features_metadata,GPR,log,protocol_holdout,coverage,7,6,30.33539341253832
LSD_Second,set4_features_metadata,GPR,log,protocol_holdout,coverage,7,12,55.43369520678294
LSD_Second,set4_features_metadata,GPR,log,protocol_holdout,coverage,7,18,50.5000366615029
LSD_Second,set4_features_metadata,GPR,log,protocol_holdout,coverage,7,24,39.55984332839147
LSD_Second,set4_features_metadata,GPR,log,protocol_holdout,coverage,7,30,38.04339750589224
LSD_Second,set4_features_metadata,GPR,log,protocol_holdout,coverage,7,36,27.780441302943647
LSD_Second,set4_features_metadata,GPR,log,protocol_holdout,coverage,7,42,28.854260824480537
LSD_Second,set4_features_metadata,GPR,log,protocol_holdout,coverage,7,48,31.96932249772699
LSD_Second,set4_features_metadata,GPR,log,protocol_holdout,coverage,7,54,27.931868397344395
LSD_Second,set4_features_metadata,GPR,log,protocol_holdout,coverage,7,58,23.88062748270145
LSD_Second,set4_features_metadata,GPR,log,protocol_holdout,coverage,8,6,34.14612981110727
LSD_Second,set4_features_metadata,GPR,log,protocol_holdout,coverage,8,12,30.792721166390592
LSD_Second,set4_features_metadata,GPR,log,protocol_holdout,coverage,8,18,21.967299566839586
LSD_Second,set4_features_metadata,GPR,log,protocol_holdout,coverage,8,24,20.282081521397995
LSD_Second,set4_features_metadata,GPR,log,protocol_holdout,coverage,8,30,18.72708278489908
LSD_Second,set4_features_metadata,GPR,log,protocol_holdout,coverage,8,36,18.777014498885
LSD_Second,set4_features_metadata,GPR,log,protocol_holdout,coverage,8,42,17.317389327448645
LSD_Second,set4_features_metadata,GPR,log,protocol_holdout,coverage,8,48,18.24798824359023
LSD_Second,set4_features_metadata,GPR,log,protocol_holdout,coverage,8,54,17.3266450092236
LSD_Second,set4_features_metadata,GPR,log,protocol_holdout,coverage,8,58,18.42652246344593
LSD_Second,set4_features_metadata,GPR,log,protocol_holdout,coverage,9,6,27.247474475053927
LSD_Second,set4_features_metadata,GPR,log,protocol_holdout,coverage,9,12,22.235494074555188
LSD_Second,set4_features_metadata,GPR,log,protocol_holdout,coverage,9,18,19.966114081472227
LSD_Second,set4_features_metadata,GPR,log,protocol_holdout,coverage,9,24,20.66566688423427
LSD_Second,set4_features_metadata,GPR,log,protocol_holdout,coverage,9,30,18.17152039854808
LSD_Second,set4_features_metadata,GPR,log,protocol_holdout,coverage,9,36,17.519304497487916
LSD_Second,set4_features_metadata,GPR,log,protocol_holdout,coverage,9,42,19.849163462792948
LSD_Second,set4_features_metadata,GPR,log,protocol_holdout,coverage,9,48,17.241697995265557
LSD_Second,set4_features_metadata,GPR,log,protocol_holdout,coverage,9,54,17.33456171039508
LSD_Second,set4_features_metadata,GPR,log,protocol_holdout,coverage,9,58,15.87610687622458
LSD_Second,set4_features_metadata,GPR,log,protocol_holdout,coverage,10,6,24.41457827105453
LSD_Second,set4_features_metadata,GPR,log,protocol_holdout,coverage,10,12,23.49232727565733
LSD_Second,set4_features_metadata,GPR,log,protocol_holdout,coverage,10,18,20.55888076406772
LSD_Second,set4_features_metadata,GPR,log,protocol_holdout,coverage,10,24,18.139913653544063
LSD_Second,set4_features_metadata,GPR,log,protocol_holdout,coverage,10,30,22.5798884905656
LSD_Second,set4_features_metadata,GPR,log,protocol_holdout,coverage,10,36,21.118185488711305
LSD_Second,set4_features_metadata,GPR,log,protocol_holdout,coverage,10,42,20.894148156502453
LSD_Second,set4_features_metadata,GPR,log,protocol_holdout,coverage,10,48,20.76053975167201
LSD_Second,set4_features_metadata,GPR,log,protocol_holdout,coverage,10,54,21.049080079973585
LSD_Second,set4_features_metadata,GPR,log,protocol_holdout,coverage,10,58,20.47870226464424
LSD_Second,set4_features_metadata,GPR,log,protocol_holdout,exploration,1,6,72.44817122844313
LSD_Second,set4_features_metadata,GPR,log,protocol_holdout,exploration,1,12,38.98181474466555
LSD_Second,set4_features_metadata,GPR,log,protocol_holdout,exploration,1,18,34.69089272029633
LSD_Second,set4_features_metadata,GPR,log,protocol_holdout,exploration,1,24,21.17925173146715
LSD_Second,set4_features_metadata,GPR,log,protocol_holdout,exploration,1,30,19.21964665702824
LSD_Second,set4_features_metadata,GPR,log,protocol_holdout,exploration,1,36,20.10571722231458
LSD_Second,set4_features_metadata,GPR,log,protocol_holdout,exploration,1,42,16.757295465276144
LSD_Second,set4_features_metadata,GPR,log,protocol_holdout,exploration,1,48,18.315177192226813
LSD_Second,set4_features_metadata,GPR,log,protocol_holdout,exploration,1,54,17.86173309719575
LSD_Second,set4_features_metadata,GPR,log,protocol_holdout,exploration,1,58,16.804028560670456
LSD_Second,set4_features_metadata,GPR,log,protocol_holdout,exploration,2,6,25.24179766796185
LSD_Second,set4_features_metadata,GPR,log,protocol_holdout,exploration,2,12,18.72710195477389
LSD_Second,set4_features_metadata,GPR,log,protocol_holdout,exploration,2,18,24.272230191514023
LSD_Second,set4_features_metadata,GPR,log,protocol_holdout,exploration,2,24,24.719081681023795
LSD_Second,set4_features_metadata,GPR,log,protocol_holdout,exploration,2,30,20.55388220826701
LSD_Second,set4_features_metadata,GPR,log,protocol_holdout,exploration,2,36,17.962749507962005
LSD_Second,set4_features_metadata,GPR,log,protocol_holdout,exploration,2,42,18.0268622368045
LSD_Second,set4_features_metadata,GPR,log,protocol_holdout,exploration,2,48,19.0203105806514
LSD_Second,set4_features_metadata,GPR,log,protocol_holdout,exploration,2,54,20.03328012442956
LSD_Second,set4_features_metadata,GPR,log,protocol_holdout,exploration,2,58,20.89341712900769
LSD_Second,set4_features_metadata,GPR,log,protocol_holdout,exploration,3,6,37.68804663355546
LSD_Second,set4_features_metadata,GPR,log,protocol_holdout,exploration,3,12,20.70280123956432
LSD_Second,set4_features_metadata,GPR,log,protocol_holdout,exploration,3,18,20.37333868754804
LSD_Second,set4_features_metadata,GPR,log,protocol_holdout,exploration,3,24,18.635803843723693
LSD_Second,set4_features_metadata,GPR,log,protocol_holdout,exploration,3,30,19.258644288060715
LSD_Second,set4_features_metadata,GPR,log,protocol_holdout,exploration,3,36,18.05491140653742
LSD_Second,set4_features_metadata,GPR,log,protocol_holdout,exploration,3,42,16.52764114311342
LSD_Second,set4_features_metadata,GPR,log,protocol_holdout,exploration,3,48,16.381890851619886
LSD_Second,set4_features_metadata,GPR,log,protocol_holdout,exploration,3,54,14.853891949170611
LSD_Second,set4_features_metadata,GPR,log,protocol_holdout,exploration,3,58,14.974516181039736
LSD_Second,set4_features_metadata,GPR,log,protocol_holdout,exploration,4,6,23.66361303459574
LSD_Second,set4_features_metadata,GPR,log,protocol_holdout,exploration,4,12,20.107720416524803
LSD_Second,set4_features_metadata,GPR,log,protocol_holdout,exploration,4,18,19.91106985119201
LSD_Second,set4_features_metadata,GPR,log,protocol_holdout,exploration,4,24,18.059807134847297
LSD_Second,set4_features_metadata,GPR,log,protocol_holdout,exploration,4,30,24.101027330649373
LSD_Second,set4_features_metadata,GPR,log,protocol_holdout,exploration,4,36,25.262664793558205
LSD_Second,set4_features_metadata,GPR,log,protocol_holdout,exploration,4,42,24.17084785816032
LSD_Second,set4_features_metadata,GPR,log,protocol_holdout,exploration,4,48,23.882673630952475
LSD_Second,set4_features_metadata,GPR,log,protocol_holdout,exploration,4,54,20.51136049875355
LSD_Second,set4_features_metadata,GPR,log,protocol_holdout,exploration,4,58,19.804809792592177
LSD_Second,set4_features_metadata,GPR,log,protocol_holdout,exploration,5,6,29.85926083225421
LSD_Second,set4_features_metadata,GPR,log,protocol_holdout,exploration,5,12,19.405835435199013
LSD_Second,set4_features_metadata,GPR,log,protocol_holdout,exploration,5,18,20.60607553858181
LSD_Second,set4_features_metadata,GPR,log,protocol_holdout,exploration,5,24,20.137680034566657
LSD_Second,set4_features_metadata,GPR,log,protocol_holdout,exploration,5,30,20.05898534027196
LSD_Second,set4_features_metadata,GPR,log,protocol_holdout,exploration,5,36,18.6877084508784
LSD_Second,set4_features_metadata,GPR,log,protocol_holdout,exploration,5,42,19.115899585002225
LSD_Second,set4_features_metadata,GPR,log,protocol_holdout,exploration,5,48,18.73182834636538
LSD_Second,set4_features_metadata,GPR,log,protocol_holdout,exploration,5,54,18.196186929749143
LSD_Second,set4_features_metadata,GPR,log,protocol_holdout,exploration,5,58,17.689772347324332
LSD_Second,set4_features_metadata,GPR,log,protocol_holdout,exploration,6,6,31.16506773774337
LSD_Second,set4_features_metadata,GPR,log,protocol_holdout,exploration,6,12,23.060824165697458
LSD_Second,set4_features_metadata,GPR,log,protocol_holdout,exploration,6,18,23.414742708616767
LSD_Second,set4_features_metadata,GPR,log,protocol_holdout,exploration,6,24,14.296637015638794
LSD_Second,set4_features_metadata,GPR,log,protocol_holdout,exploration,6,30,14.251998684043755
LSD_Second,set4_features_metadata,GPR,log,protocol_holdout,exploration,6,36,14.140410679512003
LSD_Second,set4_features_metadata,GPR,log,protocol_holdout,exploration,6,42,10.457484385162989
LSD_Second,set4_features_metadata,GPR,log,protocol_holdout,exploration,6,48,14.771210693186308
LSD_Second,set4_features_metadata,GPR,log,protocol_holdout,exploration,6,54,15.958900492336388
LSD_Second,set4_features_metadata,GPR,log,protocol_holdout,exploration,6,58,14.170858290235351
LSD_Second,set4_features_metadata,GPR,log,protocol_holdout,exploration,7,6,30.33539341253832
LSD_Second,set4_features_metadata,GPR,log,protocol_holdout,exploration,7,12,53.57782767048415
LSD_Second,set4_features_metadata,GPR,log,protocol_holdout,exploration,7,18,42.394868206132585
LSD_Second,set4_features_metadata,GPR,log,protocol_holdout,exploration,7,24,41.269739319797694
LSD_Second,set4_features_metadata,GPR,log,protocol_holdout,exploration,7,30,49.90018375625379
LSD_Second,set4_features_metadata,GPR,log,protocol_holdout,exploration,7,36,36.84409143622939
LSD_Second,set4_features_metadata,GPR,log,protocol_holdout,exploration,7,42,26.76111730816237
LSD_Second,set4_features_metadata,GPR,log,protocol_holdout,exploration,7,48,25.64628244922774
LSD_Second,set4_features_metadata,GPR,log,protocol_holdout,exploration,7,54,26.988618750583427
LSD_Second,set4_features_metadata,GPR,log,protocol_holdout,exploration,7,58,23.88062748270145
LSD_Second,set4_features_metadata,GPR,log,protocol_holdout,exploration,8,6,34.14612981110727
LSD_Second,set4_features_metadata,GPR,log,protocol_holdout,exploration,8,12,29.67277349789325
LSD_Second,set4_features_metadata,GPR,log,protocol_holdout,exploration,8,18,37.35790377219477
LSD_Second,set4_features_metadata,GPR,log,protocol_holdout,exploration,8,24,27.705582214108404
LSD_Second,set4_features_metadata,GPR,log,protocol_holdout,exploration,8,30,21.7736683893058
LSD_Second,set4_features_metadata,GPR,log,protocol_holdout,exploration,8,36,18.127011690721368
LSD_Second,set4_features_metadata,GPR,log,protocol_holdout,exploration,8,42,19.25938464624127
LSD_Second,set4_features_metadata,GPR,log,protocol_holdout,exploration,8,48,18.323446495408053
LSD_Second,set4_features_metadata,GPR,log,protocol_holdout,exploration,8,54,17.03368717349622
LSD_Second,set4_features_metadata,GPR,log,protocol_holdout,exploration,8,58,18.42652246344593
LSD_Second,set4_features_metadata,GPR,log,protocol_holdout,exploration,9,6,27.247474475053927
LSD_Second,set4_features_metadata,GPR,log,protocol_holdout,exploration,9,12,23.087183456292777
LSD_Second,set4_features_metadata,GPR,log,protocol_holdout,exploration,9,18,26.439656429598653
LSD_Second,set4_features_metadata,GPR,log,protocol_holdout,exploration,9,24,22.838304383835688
LSD_Second,set4_features_metadata,GPR,log,protocol_holdout,exploration,9,30,17.235025331494334
LSD_Second,set4_features_metadata,GPR,log,protocol_holdout,exploration,9,36,20.3894360143335
LSD_Second,set4_features_metadata,GPR,log,protocol_holdout,exploration,9,42,19.44837143188806
LSD_Second,set4_features_metadata,GPR,log,protocol_holdout,exploration,9,48,19.97456872874993
LSD_Second,set4_features_metadata,GPR,log,protocol_holdout,exploration,9,54,14.894772618656566
LSD_Second,set4_features_metadata,GPR,log,protocol_holdout,exploration,9,58,15.87610687622458
LSD_Second,set4_features_metadata,GPR,log,protocol_holdout,exploration,10,6,24.41457827105453
LSD_Second,set4_features_metadata,GPR,log,protocol_holdout,exploration,10,12,20.65155480798181
LSD_Second,set4_features_metadata,GPR,log,protocol_holdout,exploration,10,18,23.61090864336856
LSD_Second,set4_features_metadata,GPR,log,protocol_holdout,exploration,10,24,22.44080318168084
LSD_Second,set4_features_metadata,GPR,log,protocol_holdout,exploration,10,30,23.09471825332005
LSD_Second,set4_features_metadata,GPR,log,protocol_holdout,exploration,10,36,24.93152017927167
LSD_Second,set4_features_metadata,GPR,log,protocol_holdout,exploration,10,42,22.774185477845347
LSD_Second,set4_features_metadata,GPR,log,protocol_holdout,exploration,10,48,24.35142803783066
LSD_Second,set4_features_metadata,GPR,log,protocol_holdout,exploration,10,54,22.25767584293132
LSD_Second,set4_features_metadata,GPR,log,protocol_holdout,exploration,10,58,20.47870226464424
LSD_Second,set4_features_metadata,GPR,log,protocol_holdout,exploitation,1,6,72.44817122844313
LSD_Second,set4_features_metadata,GPR,log,protocol_holdout,exploitation,1,12,19.10975914974677
LSD_Second,set4_features_metadata,GPR,log,protocol_holdout,exploitation,1,18,25.782525152308327
LSD_Second,set4_features_metadata,GPR,log,protocol_holdout,exploitation,1,24,21.11396358603396
LSD_Second,set4_features_metadata,GPR,log,protocol_holdout,exploitation,1,30,33.1157509718634
LSD_Second,set4_features_metadata,GPR,log,protocol_holdout,exploitation,1,36,20.567501455061475
LSD_Second,set4_features_metadata,GPR,log,protocol_holdout,exploitation,1,42,17.88027001342426
LSD_Second,set4_features_metadata,GPR,log,protocol_holdout,exploitation,1,48,15.152615700346232
LSD_Second,set4_features_metadata,GPR,log,protocol_holdout,exploitation,1,54,17.02834672580112
LSD_Second,set4_features_metadata,GPR,log,protocol_holdout,exploitation,1,58,16.804028560670456
LSD_Second,set4_features_metadata,GPR,log,protocol_holdout,exploitation,2,6,25.24179766796185
LSD_Second,set4_features_metadata,GPR,log,protocol_holdout,exploitation,2,12,23.646044806143387
LSD_Second,set4_features_metadata,GPR,log,protocol_holdout,exploitation,2,18,18.316614237123687
LSD_Second,set4_features_metadata,GPR,log,protocol_holdout,exploitation,2,24,12.28244129713437
LSD_Second,set4_features_metadata,GPR,log,protocol_holdout,exploitation,2,30,22.329179227755617
LSD_Second,set4_features_metadata,GPR,log,protocol_holdout,exploitation,2,36,22.84861853340993
LSD_Second,set4_features_metadata,GPR,log,protocol_holdout,exploitation,2,42,20.316476616895983
LSD_Second,set4_features_metadata,GPR,log,protocol_holdout,exploitation,2,48,22.469268547075945
LSD_Second,set4_features_metadata,GPR,log,protocol_holdout,exploitation,2,54,19.99497780721593
LSD_Second,set4_features_metadata,GPR,log,protocol_holdout,exploitation,2,58,20.89341712900769
LSD_Second,set4_features_metadata,GPR,log,protocol_holdout,exploitation,3,6,37.68804663355546
LSD_Second,set4_features_metadata,GPR,log,protocol_holdout,exploitation,3,12,20.66897632550633
LSD_Second,set4_features_metadata,GPR,log,protocol_holdout,exploitation,3,18,13.617896807355756
LSD_Second,set4_features_metadata,GPR,log,protocol_holdout,exploitation,3,24,22.183820727266674
LSD_Second,set4_features_metadata,GPR,log,protocol_holdout,exploitation,3,30,15.43872866478488
LSD_Second,set4_features_metadata,GPR,log,protocol_holdout,exploitation,3,36,15.0929968297589
LSD_Second,set4_features_metadata,GPR,log,protocol_holdout,exploitation,3,42,15.52222957802784
LSD_Second,set4_features_metadata,GPR,log,protocol_holdout,exploitation,3,48,14.220218926895456
LSD_Second,set4_features_metadata,GPR,log,protocol_holdout,exploitation,3,54,14.00865679556105
LSD_Second,set4_features_metadata,GPR,log,protocol_holdout,exploitation,3,58,14.974516181039736
LSD_Second,set4_features_metadata,GPR,log,protocol_holdout,exploitation,4,6,23.66361303459574
LSD_Second,set4_features_metadata,GPR,log,protocol_holdout,exploitation,4,12,22.24958772435308
LSD_Second,set4_features_metadata,GPR,log,protocol_holdout,exploitation,4,18,15.858674515652035
LSD_Second,set4_features_metadata,GPR,log,protocol_holdout,exploitation,4,24,23.439657484302348
LSD_Second,set4_features_metadata,GPR,log,protocol_holdout,exploitation,4,30,19.9309656570842
LSD_Second,set4_features_metadata,GPR,log,protocol_holdout,exploitation,4,36,20.23030425457317
LSD_Second,set4_features_metadata,GPR,log,protocol_holdout,exploitation,4,42,20.57102450578417
LSD_Second,set4_features_metadata,GPR,log,protocol_holdout,exploitation,4,48,18.112996587881337
LSD_Second,set4_features_metadata,GPR,log,protocol_holdout,exploitation,4,54,17.85533022352464
LSD_Second,set4_features_metadata,GPR,log,protocol_holdout,exploitation,4,58,19.804809792592177
LSD_Second,set4_features_metadata,GPR,log,protocol_holdout,exploitation,5,6,29.85926083225421
LSD_Second,set4_features_metadata,GPR,log,protocol_holdout,exploitation,5,12,26.453706079645627
LSD_Second,set4_features_metadata,GPR,log,protocol_holdout,exploitation,5,18,19.94097828195935
LSD_Second,set4_features_metadata,GPR,log,protocol_holdout,exploitation,5,24,23.45073313885283
LSD_Second,set4_features_metadata,GPR,log,protocol_holdout,exploitation,5,30,18.0601948423602
LSD_Second,set4_features_metadata,GPR,log,protocol_holdout,exploitation,5,36,19.504913619668592
LSD_Second,set4_features_metadata,GPR,log,protocol_holdout,exploitation,5,42,21.60227392360304
LSD_Second,set4_features_metadata,GPR,log,protocol_holdout,exploitation,5,48,22.198894820026
LSD_Second,set4_features_metadata,GPR,log,protocol_holdout,exploitation,5,54,22.140402653443488
LSD_Second,set4_features_metadata,GPR,log,protocol_holdout,exploitation,5,58,17.689772347324332
LSD_Second,set4_features_metadata,GPR,log,protocol_holdout,exploitation,6,6,31.16506773774337
LSD_Second,set4_features_metadata,GPR,log,protocol_holdout,exploitation,6,12,32.51313781685531
LSD_Second,set4_features_metadata,GPR,log,protocol_holdout,exploitation,6,18,18.28911069381597
LSD_Second,set4_features_metadata,GPR,log,protocol_holdout,exploitation,6,24,18.43683005006505
LSD_Second,set4_features_metadata,GPR,log,protocol_holdout,exploitation,6,30,14.586487640310027
LSD_Second,set4_features_metadata,GPR,log,protocol_holdout,exploitation,6,36,13.055742830641664
LSD_Second,set4_features_metadata,GPR,log,protocol_holdout,exploitation,6,42,11.993580425571832
LSD_Second,set4_features_metadata,GPR,log,protocol_holdout,exploitation,6,48,15.59292573649261
LSD_Second,set4_features_metadata,GPR,log,protocol_holdout,exploitation,6,54,13.930709168821956
LSD_Second,set4_features_metadata,GPR,log,protocol_holdout,exploitation,6,58,14.170858290235351
LSD_Second,set4_features_metadata,GPR,log,protocol_holdout,exploitation,7,6,30.33539341253832
LSD_Second,set4_features_metadata,GPR,log,protocol_holdout,exploitation,7,12,58.28292671329991
LSD_Second,set4_features_metadata,GPR,log,protocol_holdout,exploitation,7,18,32.77564492716705
LSD_Second,set4_features_metadata,GPR,log,protocol_holdout,exploitation,7,24,21.20627009167237
LSD_Second,set4_features_metadata,GPR,log,protocol_holdout,exploitation,7,30,21.1154354789833
LSD_Second,set4_features_metadata,GPR,log,protocol_holdout,exploitation,7,36,13.415716654414434
LSD_Second,set4_features_metadata,GPR,log,protocol_holdout,exploitation,7,42,12.168346411293776
LSD_Second,set4_features_metadata,GPR,log,protocol_holdout,exploitation,7,48,13.382748388191102
LSD_Second,set4_features_metadata,GPR,log,protocol_holdout,exploitation,7,54,15.87518435270096
LSD_Second,set4_features_metadata,GPR,log,protocol_holdout,exploitation,7,58,23.88062748270145
LSD_Second,set4_features_metadata,GPR,log,protocol_holdout,exploitation,8,6,34.14612981110727
LSD_Second,set4_features_metadata,GPR,log,protocol_holdout,exploitation,8,12,32.56236171030031
LSD_Second,set4_features_metadata,GPR,log,protocol_holdout,exploitation,8,18,24.34745758232028
LSD_Second,set4_features_metadata,GPR,log,protocol_holdout,exploitation,8,24,24.42266285736024
LSD_Second,set4_features_metadata,GPR,log,protocol_holdout,exploitation,8,30,21.77755176582356
LSD_Second,set4_features_metadata,GPR,log,protocol_holdout,exploitation,8,36,26.55153723024807
LSD_Second,set4_features_metadata,GPR,log,protocol_holdout,exploitation,8,42,18.08202172798462
LSD_Second,set4_features_metadata,GPR,log,protocol_holdout,exploitation,8,48,17.182301585408716
LSD_Second,set4_features_metadata,GPR,log,protocol_holdout,exploitation,8,54,18.82363204746622
LSD_Second,set4_features_metadata,GPR,log,protocol_holdout,exploitation,8,58,18.42652246344593
LSD_Second,set4_features_metadata,GPR,log,protocol_holdout,exploitation,9,6,27.247474475053927
LSD_Second,set4_features_metadata,GPR,log,protocol_holdout,exploitation,9,12,23.087183456292777
LSD_Second,set4_features_metadata,GPR,log,protocol_holdout,exploitation,9,18,20.849906539633967
LSD_Second,set4_features_metadata,GPR,log,protocol_holdout,exploitation,9,24,18.83177510959478
LSD_Second,set4_features_metadata,GPR,log,protocol_holdout,exploitation,9,30,18.62156437535137
LSD_Second,set4_features_metadata,GPR,log,protocol_holdout,exploitation,9,36,18.19104947516304
LSD_Second,set4_features_metadata,GPR,log,protocol_holdout,exploitation,9,42,21.815870434004616
LSD_Second,set4_features_metadata,GPR,log,protocol_holdout,exploitation,9,48,20.23066933613753
LSD_Second,set4_features_metadata,GPR,log,protocol_holdout,exploitation,9,54,14.558998870785077
LSD_Second,set4_features_metadata,GPR,log,protocol_holdout,exploitation,9,58,15.87610687622458
LSD_Second,set4_features_metadata,GPR,log,protocol_holdout,exploitation,10,6,24.41457827105453
LSD_Second,set4_features_metadata,GPR,log,protocol_holdout,exploitation,10,12,23.40466102710733
LSD_Second,set4_features_metadata,GPR,log,protocol_holdout,exploitation,10,18,23.328946402983046
LSD_Second,set4_features_metadata,GPR,log,protocol_holdout,exploitation,10,24,20.483694843309745
LSD_Second,set4_features_metadata,GPR,log,protocol_holdout,exploitation,10,30,24.61750260400549
LSD_Second,set4_features_metadata,GPR,log,protocol_holdout,exploitation,10,36,23.0019714447577
LSD_Second,set4_features_metadata,GPR,log,protocol_holdout,exploitation,10,42,25.653251034655217
LSD_Second,set4_features_metadata,GPR,log,protocol_holdout,exploitation,10,48,22.26964021561287
LSD_Second,set4_features_metadata,GPR,log,protocol_holdout,exploitation,10,54,22.538146336272646
LSD_Second,set4_features_metadata,GPR,log,protocol_holdout,exploitation,10,58,20.47870226464424
LSD_Second,set4_features_metadata,GPR,log,protocol_holdout,hybrid,1,6,72.44817122844313
LSD_Second,set4_features_metadata,GPR,log,protocol_holdout,hybrid,1,12,36.22027230004267
LSD_Second,set4_features_metadata,GPR,log,protocol_holdout,hybrid,1,18,20.53304211073355
LSD_Second,set4_features_metadata,GPR,log,protocol_holdout,hybrid,1,24,16.127883606736866
LSD_Second,set4_features_metadata,GPR,log,protocol_holdout,hybrid,1,30,20.55359660483496
LSD_Second,set4_features_metadata,GPR,log,protocol_holdout,hybrid,1,36,20.50196040470104
LSD_Second,set4_features_metadata,GPR,log,protocol_holdout,hybrid,1,42,16.873680517923347
LSD_Second,set4_features_metadata,GPR,log,protocol_holdout,hybrid,1,48,18.826390604563954
LSD_Second,set4_features_metadata,GPR,log,protocol_holdout,hybrid,1,54,17.86173309719575
LSD_Second,set4_features_metadata,GPR,log,protocol_holdout,hybrid,1,58,16.804028560670456
LSD_Second,set4_features_metadata,GPR,log,protocol_holdout,hybrid,2,6,25.24179766796185
LSD_Second,set4_features_metadata,GPR,log,protocol_holdout,hybrid,2,12,20.74052471758212
LSD_Second,set4_features_metadata,GPR,log,protocol_holdout,hybrid,2,18,23.136063503092387
LSD_Second,set4_features_metadata,GPR,log,protocol_holdout,hybrid,2,24,18.72271122012869
LSD_Second,set4_features_metadata,GPR,log,protocol_holdout,hybrid,2,30,18.133702677136814
LSD_Second,set4_features_metadata,GPR,log,protocol_holdout,hybrid,2,36,19.05567150817768
LSD_Second,set4_features_metadata,GPR,log,protocol_holdout,hybrid,2,42,18.98434888946006
LSD_Second,set4_features_metadata,GPR,log,protocol_holdout,hybrid,2,48,19.455516777450967
LSD_Second,set4_features_metadata,GPR,log,protocol_holdout,hybrid,2,54,21.261244250614283
LSD_Second,set4_features_metadata,GPR,log,protocol_holdout,hybrid,2,58,20.89341712900769
LSD_Second,set4_features_metadata,GPR,log,protocol_holdout,hybrid,3,6,37.68804663355546
LSD_Second,set4_features_metadata,GPR,log,protocol_holdout,hybrid,3,12,27.741149277930205
LSD_Second,set4_features_metadata,GPR,log,protocol_holdout,hybrid,3,18,16.933802787682207
LSD_Second,set4_features_metadata,GPR,log,protocol_holdout,hybrid,3,24,17.835199529077645
LSD_Second,set4_features_metadata,GPR,log,protocol_holdout,hybrid,3,30,15.791440717845065
LSD_Second,set4_features_metadata,GPR,log,protocol_holdout,hybrid,3,36,17.58974051201178
LSD_Second,set4_features_metadata,GPR,log,protocol_holdout,hybrid,3,42,15.893481268571865
LSD_Second,set4_features_metadata,GPR,log,protocol_holdout,hybrid,3,48,14.780346626341752
LSD_Second,set4_features_metadata,GPR,log,protocol_holdout,hybrid,3,54,13.623997890656732
LSD_Second,set4_features_metadata,GPR,log,protocol_holdout,hybrid,3,58,14.974516181039736
LSD_Second,set4_features_metadata,GPR,log,protocol_holdout,hybrid,4,6,23.66361303459574
LSD_Second,set4_features_metadata,GPR,log,protocol_holdout,hybrid,4,12,21.086408449336385
LSD_Second,set4_features_metadata,GPR,log,protocol_holdout,hybrid,4,18,19.298431219769427
LSD_Second,set4_features_metadata,GPR,log,protocol_holdout,hybrid,4,24,19.98437966845541
LSD_Second,set4_features_metadata,GPR,log,protocol_holdout,hybrid,4,30,25.59705982984872
LSD_Second,set4_features_metadata,GPR,log,protocol_holdout,hybrid,4,36,27.66572741703318
LSD_Second,set4_features_metadata,GPR,log,protocol_holdout,hybrid,4,42,24.674159188573817
LSD_Second,set4_features_metadata,GPR,log,protocol_holdout,hybrid,4,48,21.19529537009359
LSD_Second,set4_features_metadata,GPR,log,protocol_holdout,hybrid,4,54,19.287106728878307
LSD_Second,set4_features_metadata,GPR,log,protocol_holdout,hybrid,4,58,19.804809792592177
LSD_Second,set4_features_metadata,GPR,log,protocol_holdout,hybrid,5,6,29.85926083225421
LSD_Second,set4_features_metadata,GPR,log,protocol_holdout,hybrid,5,12,19.81304615363612
LSD_Second,set4_features_metadata,GPR,log,protocol_holdout,hybrid,5,18,17.493719985128873
LSD_Second,set4_features_metadata,GPR,log,protocol_holdout,hybrid,5,24,15.873974134930254
LSD_Second,set4_features_metadata,GPR,log,protocol_holdout,hybrid,5,30,19.290612806630666
LSD_Second,set4_features_metadata,GPR,log,protocol_holdout,hybrid,5,36,18.54298904338587
LSD_Second,set4_features_metadata,GPR,log,protocol_holdout,hybrid,5,42,19.657538942174792
LSD_Second,set4_features_metadata,GPR,log,protocol_holdout,hybrid,5,48,19.87258062752409
LSD_Second,set4_features_metadata,GPR,log,protocol_holdout,hybrid,5,54,17.611255679616388
LSD_Second,set4_features_metadata,GPR,log,protocol_holdout,hybrid,5,58,17.689772347324332
LSD_Second,set4_features_metadata,GPR,log,protocol_holdout,hybrid,6,6,31.16506773774337
LSD_Second,set4_features_metadata,GPR,log,protocol_holdout,hybrid,6,12,20.245418455652
LSD_Second,set4_features_metadata,GPR,log,protocol_holdout,hybrid,6,18,17.66614208132454
LSD_Second,set4_features_metadata,GPR,log,protocol_holdout,hybrid,6,24,17.353781586276913
LSD_Second,set4_features_metadata,GPR,log,protocol_holdout,hybrid,6,30,14.358412816072676
LSD_Second,set4_features_metadata,GPR,log,protocol_holdout,hybrid,6,36,11.087339621665206
LSD_Second,set4_features_metadata,GPR,log,protocol_holdout,hybrid,6,42,13.269571548901167
LSD_Second,set4_features_metadata,GPR,log,protocol_holdout,hybrid,6,48,13.38764709517669
LSD_Second,set4_features_metadata,GPR,log,protocol_holdout,hybrid,6,54,14.27424285264675
LSD_Second,set4_features_metadata,GPR,log,protocol_holdout,hybrid,6,58,14.170858290235351
LSD_Second,set4_features_metadata,GPR,log,protocol_holdout,hybrid,7,6,30.33539341253832
LSD_Second,set4_features_metadata,GPR,log,protocol_holdout,hybrid,7,12,54.22635491346133
LSD_Second,set4_features_metadata,GPR,log,protocol_holdout,hybrid,7,18,42.06290880476507
LSD_Second,set4_features_metadata,GPR,log,protocol_holdout,hybrid,7,24,31.83401447641977
LSD_Second,set4_features_metadata,GPR,log,protocol_holdout,hybrid,7,30,50.01339191114791
LSD_Second,set4_features_metadata,GPR,log,protocol_holdout,hybrid,7,36,25.974578395055136
LSD_Second,set4_features_metadata,GPR,log,protocol_holdout,hybrid,7,42,26.41067919730483
LSD_Second,set4_features_metadata,GPR,log,protocol_holdout,hybrid,7,48,30.43337631907416
LSD_Second,set4_features_metadata,GPR,log,protocol_holdout,hybrid,7,54,28.894927081657933
LSD_Second,set4_features_metadata,GPR,log,protocol_holdout,hybrid,7,58,23.88062748270145
LSD_Second,set4_features_metadata,GPR,log,protocol_holdout,hybrid,8,6,34.14612981110727
LSD_Second,set4_features_metadata,GPR,log,protocol_holdout,hybrid,8,12,23.124064540903404
LSD_Second,set4_features_metadata,GPR,log,protocol_holdout,hybrid,8,18,17.207716711072315
LSD_Second,set4_features_metadata,GPR,log,protocol_holdout,hybrid,8,24,20.40113187314613
LSD_Second,set4_features_metadata,GPR,log,protocol_holdout,hybrid,8,30,18.050723740033604
LSD_Second,set4_features_metadata,GPR,log,protocol_holdout,hybrid,8,36,16.111504499289108
LSD_Second,set4_features_metadata,GPR,log,protocol_holdout,hybrid,8,42,17.11288534043149
LSD_Second,set4_features_metadata,GPR,log,protocol_holdout,hybrid,8,48,16.397566487907547
LSD_Second,set4_features_metadata,GPR,log,protocol_holdout,hybrid,8,54,15.749985321892831
LSD_Second,set4_features_metadata,GPR,log,protocol_holdout,hybrid,8,58,18.42652246344593
LSD_Second,set4_features_metadata,GPR,log,protocol_holdout,hybrid,9,6,27.247474475053927
LSD_Second,set4_features_metadata,GPR,log,protocol_holdout,hybrid,9,12,24.314720047815765
LSD_Second,set4_features_metadata,GPR,log,protocol_holdout,hybrid,9,18,27.75192806573082
LSD_Second,set4_features_metadata,GPR,log,protocol_holdout,hybrid,9,24,19.83161207474128
LSD_Second,set4_features_metadata,GPR,log,protocol_holdout,hybrid,9,30,19.53956436209929
LSD_Second,set4_features_metadata,GPR,log,protocol_holdout,hybrid,9,36,18.875095558965
LSD_Second,set4_features_metadata,GPR,log,protocol_holdout,hybrid,9,42,18.44029792526147
LSD_Second,set4_features_metadata,GPR,log,protocol_holdout,hybrid,9,48,17.42471875916367
LSD_Second,set4_features_metadata,GPR,log,protocol_holdout,hybrid,9,54,15.88567680848301
LSD_Second,set4_features_metadata,GPR,log,protocol_holdout,hybrid,9,58,15.87610687622458
LSD_Second,set4_features_metadata,GPR,log,protocol_holdout,hybrid,10,6,24.41457827105453
LSD_Second,set4_features_metadata,GPR,log,protocol_holdout,hybrid,10,12,30.726514803971344
LSD_Second,set4_features_metadata,GPR,log,protocol_holdout,hybrid,10,18,27.405164192045223
LSD_Second,set4_features_metadata,GPR,log,protocol_holdout,hybrid,10,24,28.35089328548093
LSD_Second,set4_features_metadata,GPR,log,protocol_holdout,hybrid,10,30,24.22181948151806
LSD_Second,set4_features_metadata,GPR,log,protocol_holdout,hybrid,10,36,22.385833471168773
LSD_Second,set4_features_metadata,GPR,log,protocol_holdout,hybrid,10,42,27.499087113032427
LSD_Second,set4_features_metadata,GPR,log,protocol_holdout,hybrid,10,48,25.472436334856507
LSD_Second,set4_features_metadata,GPR,log,protocol_holdout,hybrid,10,54,22.057123131081287
LSD_Second,set4_features_metadata,GPR,log,protocol_holdout,hybrid,10,58,20.47870226464424
HUST,set4_features_metadata,GPR,log,protocol_holdout,random_selection,1,6,11.714297711325816
HUST,set4_features_metadata,GPR,log,protocol_holdout,random_selection,1,12,13.078280617916477
HUST,set4_features_metadata,GPR,log,protocol_holdout,random_selection,1,18,13.124307293224527
HUST,set4_features_metadata,GPR,log,protocol_holdout,random_selection,1,24,11.095987593796131
HUST,set4_features_metadata,GPR,log,protocol_holdout,random_selection,1,30,10.086454436999368
HUST,set4_features_metadata,GPR,log,protocol_holdout,random_selection,1,36,10.32388244340575
HUST,set4_features_metadata,GPR,log,protocol_holdout,random_selection,1,42,9.711351584646156
HUST,set4_features_metadata,GPR,log,protocol_holdout,random_selection,1,48,8.404983103860706
HUST,set4_features_metadata,GPR,log,protocol_holdout,random_selection,1,54,8.207316170870982
HUST,set4_features_metadata,GPR,log,protocol_holdout,random_selection,1,60,8.532109158819614
HUST,set4_features_metadata,GPR,log,protocol_holdout,random_selection,1,62,8.395108768670644
HUST,set4_features_metadata,GPR,log,protocol_holdout,random_selection,2,6,18.459262478433697
HUST,set4_features_metadata,GPR,log,protocol_holdout,random_selection,2,12,15.146848494991325
HUST,set4_features_metadata,GPR,log,protocol_holdout,random_selection,2,18,12.137777217259824
HUST,set4_features_metadata,GPR,log,protocol_holdout,random_selection,2,24,13.950920728341778
HUST,set4_features_metadata,GPR,log,protocol_holdout,random_selection,2,30,14.180591014565458
HUST,set4_features_metadata,GPR,log,protocol_holdout,random_selection,2,36,15.114098107434607
HUST,set4_features_metadata,GPR,log,protocol_holdout,random_selection,2,42,14.302319850501211
HUST,set4_features_metadata,GPR,log,protocol_holdout,random_selection,2,48,14.181032381436212
HUST,set4_features_metadata,GPR,log,protocol_holdout,random_selection,2,54,13.652888952501836
HUST,set4_features_metadata,GPR,log,protocol_holdout,random_selection,2,60,12.214243881338897
HUST,set4_features_metadata,GPR,log,protocol_holdout,random_selection,2,62,12.071570639654944
HUST,set4_features_metadata,GPR,log,protocol_holdout,random_selection,3,6,16.31573672572746
HUST,set4_features_metadata,GPR,log,protocol_holdout,random_selection,3,12,17.739480765743124
HUST,set4_features_metadata,GPR,log,protocol_holdout,random_selection,3,18,18.1041642763229
HUST,set4_features_metadata,GPR,log,protocol_holdout,random_selection,3,24,19.2176949303774
HUST,set4_features_metadata,GPR,log,protocol_holdout,random_selection,3,30,14.204295172397831
HUST,set4_features_metadata,GPR,log,protocol_holdout,random_selection,3,36,12.783182469572363
HUST,set4_features_metadata,GPR,log,protocol_holdout,random_selection,3,42,6.803477088559936
HUST,set4_features_metadata,GPR,log,protocol_holdout,random_selection,3,48,8.605096880194353
HUST,set4_features_metadata,GPR,log,protocol_holdout,random_selection,3,54,11.10046453817938
HUST,set4_features_metadata,GPR,log,protocol_holdout,random_selection,3,60,9.5944170712108
HUST,set4_features_metadata,GPR,log,protocol_holdout,random_selection,3,62,9.5790915098645
HUST,set4_features_metadata,GPR,log,protocol_holdout,random_selection,4,6,11.75885505858654
HUST,set4_features_metadata,GPR,log,protocol_holdout,random_selection,4,12,14.677907400083424
HUST,set4_features_metadata,GPR,log,protocol_holdout,random_selection,4,18,12.943002991815709
HUST,set4_features_metadata,GPR,log,protocol_holdout,random_selection,4,24,13.69876066695488
HUST,set4_features_metadata,GPR,log,protocol_holdout,random_selection,4,30,11.702721983603045
HUST,set4_features_metadata,GPR,log,protocol_holdout,random_selection,4,36,10.698573439034089
HUST,set4_features_metadata,GPR,log,protocol_holdout,random_selection,4,42,12.190374167982746
HUST,set4_features_metadata,GPR,log,protocol_holdout,random_selection,4,48,11.541221463416234
HUST,set4_features_metadata,GPR,log,protocol_holdout,random_selection,4,54,9.534615400930836
HUST,set4_features_metadata,GPR,log,protocol_holdout,random_selection,4,60,8.702085181903824
HUST,set4_features_metadata,GPR,log,protocol_holdout,random_selection,4,62,9.070364953528658
HUST,set4_features_metadata,GPR,log,protocol_holdout,random_selection,5,6,12.97887013172517
HUST,set4_features_metadata,GPR,log,protocol_holdout,random_selection,5,12,13.73448702089891
HUST,set4_features_metadata,GPR,log,protocol_holdout,random_selection,5,18,13.189357835116464
HUST,set4_features_metadata,GPR,log,protocol_holdout,random_selection,5,24,14.101718971168712
HUST,set4_features_metadata,GPR,log,protocol_holdout,random_selection,5,30,14.256540504203985
HUST,set4_features_metadata,GPR,log,protocol_holdout,random_selection,5,36,14.139372543878762
HUST,set4_features_metadata,GPR,log,protocol_holdout,random_selection,5,42,13.085418291508232
HUST,set4_features_metadata,GPR,log,protocol_holdout,random_selection,5,48,13.374392756193483
HUST,set4_features_metadata,GPR,log,protocol_holdout,random_selection,5,54,12.769219708467949
HUST,set4_features_metadata,GPR,log,protocol_holdout,random_selection,5,60,12.589057002872911
HUST,set4_features_metadata,GPR,log,protocol_holdout,random_selection,5,62,12.512324535304344
HUST,set4_features_metadata,GPR,log,protocol_holdout,random_selection,6,6,19.491762994587887
HUST,set4_features_metadata,GPR,log,protocol_holdout,random_selection,6,12,18.6448895852603
HUST,set4_features_metadata,GPR,log,protocol_holdout,random_selection,6,18,13.717051257355251
HUST,set4_features_metadata,GPR,log,protocol_holdout,random_selection,6,24,14.35855544126558
HUST,set4_features_metadata,GPR,log,protocol_holdout,random_selection,6,30,9.742315167226591
HUST,set4_features_metadata,GPR,log,protocol_holdout,random_selection,6,36,10.571837410551426
HUST,set4_features_metadata,GPR,log,protocol_holdout,random_selection,6,42,7.684650232520375
HUST,set4_features_metadata,GPR,log,protocol_holdout,random_selection,6,48,8.538999773180562
HUST,set4_features_metadata,GPR,log,protocol_holdout,random_selection,6,54,8.375123504688743
HUST,set4_features_metadata,GPR,log,protocol_holdout,random_selection,6,60,8.391195489217454
HUST,set4_features_metadata,GPR,log,protocol_holdout,random_selection,6,62,8.852665543973243
HUST,set4_features_metadata,GPR,log,protocol_holdout,random_selection,7,6,33.16666381890565
HUST,set4_features_metadata,GPR,log,protocol_holdout,random_selection,7,12,27.01664803922758
HUST,set4_features_metadata,GPR,log,protocol_holdout,random_selection,7,18,22.03938352468421
HUST,set4_features_metadata,GPR,log,protocol_holdout,random_selection,7,24,20.2829147144461
HUST,set4_features_metadata,GPR,log,protocol_holdout,random_selection,7,30,20.00719256520084
HUST,set4_features_metadata,GPR,log,protocol_holdout,random_selection,7,36,19.693227099190604
HUST,set4_features_metadata,GPR,log,protocol_holdout,random_selection,7,42,17.4632602825476
HUST,set4_features_metadata,GPR,log,protocol_holdout,random_selection,7,48,15.058651576010591
HUST,set4_features_metadata,GPR,log,protocol_holdout,random_selection,7,54,14.489566014254326
HUST,set4_features_metadata,GPR,log,protocol_holdout,random_selection,7,60,14.248748085091684
HUST,set4_features_metadata,GPR,log,protocol_holdout,random_selection,7,62,12.019409260267732
HUST,set4_features_metadata,GPR,log,protocol_holdout,random_selection,8,6,24.97887210902365
HUST,set4_features_metadata,GPR,log,protocol_holdout,random_selection,8,12,16.618249218609872
HUST,set4_features_metadata,GPR,log,protocol_holdout,random_selection,8,18,19.759882285946688
HUST,set4_features_metadata,GPR,log,protocol_holdout,random_selection,8,24,16.27866226499591
HUST,set4_features_metadata,GPR,log,protocol_holdout,random_selection,8,30,16.24112390693469
HUST,set4_features_metadata,GPR,log,protocol_holdout,random_selection,8,36,16.926311852697044
HUST,set4_features_metadata,GPR,log,protocol_holdout,random_selection,8,42,16.777754843137725
HUST,set4_features_metadata,GPR,log,protocol_holdout,random_selection,8,48,17.880950781792603
HUST,set4_features_metadata,GPR,log,protocol_holdout,random_selection,8,54,16.336045888423026
HUST,set4_features_metadata,GPR,log,protocol_holdout,random_selection,8,60,15.493355547352452
HUST,set4_features_metadata,GPR,log,protocol_holdout,random_selection,8,62,14.185293885163968
HUST,set4_features_metadata,GPR,log,protocol_holdout,random_selection,9,6,14.846641103674724
HUST,set4_features_metadata,GPR,log,protocol_holdout,random_selection,9,12,11.369324514387472
HUST,set4_features_metadata,GPR,log,protocol_holdout,random_selection,9,18,11.26111085544539
HUST,set4_features_metadata,GPR,log,protocol_holdout,random_selection,9,24,10.667837452831307
HUST,set4_features_metadata,GPR,log,protocol_holdout,random_selection,9,30,10.648249066206796
HUST,set4_features_metadata,GPR,log,protocol_holdout,random_selection,9,36,9.96734422397628
HUST,set4_features_metadata,GPR,log,protocol_holdout,random_selection,9,42,10.20037426136158
HUST,set4_features_metadata,GPR,log,protocol_holdout,random_selection,9,48,10.117841970443118
HUST,set4_features_metadata,GPR,log,protocol_holdout,random_selection,9,54,10.201914894033251
HUST,set4_features_metadata,GPR,log,protocol_holdout,random_selection,9,60,9.458822800234875
HUST,set4_features_metadata,GPR,log,protocol_holdout,random_selection,9,62,9.092442675260774
HUST,set4_features_metadata,GPR,log,protocol_holdout,random_selection,10,6,24.28771674403846
HUST,set4_features_metadata,GPR,log,protocol_holdout,random_selection,10,12,15.96197890649764
HUST,set4_features_metadata,GPR,log,protocol_holdout,random_selection,10,18,23.80757568061632
HUST,set4_features_metadata,GPR,log,protocol_holdout,random_selection,10,24,24.634633979817817
HUST,set4_features_metadata,GPR,log,protocol_holdout,random_selection,10,30,14.674924640339546
HUST,set4_features_metadata,GPR,log,protocol_holdout,random_selection,10,36,11.646401260822325
HUST,set4_features_metadata,GPR,log,protocol_holdout,random_selection,10,42,11.307654392167548
HUST,set4_features_metadata,GPR,log,protocol_holdout,random_selection,10,48,11.888371264296763
HUST,set4_features_metadata,GPR,log,protocol_holdout,random_selection,10,54,10.227707374680609
HUST,set4_features_metadata,GPR,log,protocol_holdout,random_selection,10,60,11.441418495467351
HUST,set4_features_metadata,GPR,log,protocol_holdout,random_selection,10,62,11.391777352863173
HUST,set4_features_metadata,GPR,log,protocol_holdout,diversity_oneshot,1,6,17.42447353118865
HUST,set4_features_metadata,GPR,log,protocol_holdout,diversity_oneshot,1,12,13.00903898780555
HUST,set4_features_metadata,GPR,log,protocol_holdout,diversity_oneshot,1,18,11.056885581311104
HUST,set4_features_metadata,GPR,log,protocol_holdout,diversity_oneshot,1,24,9.966432408798026
HUST,set4_features_metadata,GPR,log,protocol_holdout,diversity_oneshot,1,30,8.873968602570047
HUST,set4_features_metadata,GPR,log,protocol_holdout,diversity_oneshot,1,36,8.456289111624304
HUST,set4_features_metadata,GPR,log,protocol_holdout,diversity_oneshot,1,42,8.552504550148502
HUST,set4_features_metadata,GPR,log,protocol_holdout,diversity_oneshot,1,48,9.237068869468173
HUST,set4_features_metadata,GPR,log,protocol_holdout,diversity_oneshot,1,54,8.106350396936236
HUST,set4_features_metadata,GPR,log,protocol_holdout,diversity_oneshot,1,60,8.53999981892411
HUST,set4_features_metadata,GPR,log,protocol_holdout,diversity_oneshot,1,62,8.395108768670644
HUST,set4_features_metadata,GPR,log,protocol_holdout,diversity_oneshot,2,6,22.608725486186646
HUST,set4_features_metadata,GPR,log,protocol_holdout,diversity_oneshot,2,12,19.10828725606856
HUST,set4_features_metadata,GPR,log,protocol_holdout,diversity_oneshot,2,18,17.304056891067138
HUST,set4_features_metadata,GPR,log,protocol_holdout,diversity_oneshot,2,24,15.063028817178424
HUST,set4_features_metadata,GPR,log,protocol_holdout,diversity_oneshot,2,30,13.825478549854878
HUST,set4_features_metadata,GPR,log,protocol_holdout,diversity_oneshot,2,36,13.953838751169435
HUST,set4_features_metadata,GPR,log,protocol_holdout,diversity_oneshot,2,42,13.412981235670882
HUST,set4_features_metadata,GPR,log,protocol_holdout,diversity_oneshot,2,48,12.182003725640476
HUST,set4_features_metadata,GPR,log,protocol_holdout,diversity_oneshot,2,54,10.73472353347488
HUST,set4_features_metadata,GPR,log,protocol_holdout,diversity_oneshot,2,60,12.665639602825394
HUST,set4_features_metadata,GPR,log,protocol_holdout,diversity_oneshot,2,62,12.071570639654944
HUST,set4_features_metadata,GPR,log,protocol_holdout,diversity_oneshot,3,6,16.57662560268714
HUST,set4_features_metadata,GPR,log,protocol_holdout,diversity_oneshot,3,12,16.197093654156884
HUST,set4_features_metadata,GPR,log,protocol_holdout,diversity_oneshot,3,18,14.37202591783793
HUST,set4_features_metadata,GPR,log,protocol_holdout,diversity_oneshot,3,24,15.138262284922485
HUST,set4_features_metadata,GPR,log,protocol_holdout,diversity_oneshot,3,30,16.6886677985203
HUST,set4_features_metadata,GPR,log,protocol_holdout,diversity_oneshot,3,36,13.724090060424318
HUST,set4_features_metadata,GPR,log,protocol_holdout,diversity_oneshot,3,42,13.711323142971471
HUST,set4_features_metadata,GPR,log,protocol_holdout,diversity_oneshot,3,48,11.926808763957526
HUST,set4_features_metadata,GPR,log,protocol_holdout,diversity_oneshot,3,54,10.498225793367483
HUST,set4_features_metadata,GPR,log,protocol_holdout,diversity_oneshot,3,60,9.546791044451378
HUST,set4_features_metadata,GPR,log,protocol_holdout,diversity_oneshot,3,62,9.5790915098645
HUST,set4_features_metadata,GPR,log,protocol_holdout,diversity_oneshot,4,6,17.61533866311807
HUST,set4_features_metadata,GPR,log,protocol_holdout,diversity_oneshot,4,12,11.267820866911508
HUST,set4_features_metadata,GPR,log,protocol_holdout,diversity_oneshot,4,18,12.141023871492491
HUST,set4_features_metadata,GPR,log,protocol_holdout,diversity_oneshot,4,24,12.045952537820504
HUST,set4_features_metadata,GPR,log,protocol_holdout,diversity_oneshot,4,30,14.026461177646992
HUST,set4_features_metadata,GPR,log,protocol_holdout,diversity_oneshot,4,36,8.342265657023521
HUST,set4_features_metadata,GPR,log,protocol_holdout,diversity_oneshot,4,42,10.349885259526642
HUST,set4_features_metadata,GPR,log,protocol_holdout,diversity_oneshot,4,48,9.407989429367785
HUST,set4_features_metadata,GPR,log,protocol_holdout,diversity_oneshot,4,54,9.565953485056683
HUST,set4_features_metadata,GPR,log,protocol_holdout,diversity_oneshot,4,60,9.060539887605952
HUST,set4_features_metadata,GPR,log,protocol_holdout,diversity_oneshot,4,62,9.070364953528658
HUST,set4_features_metadata,GPR,log,protocol_holdout,diversity_oneshot,5,6,25.472056608035075
HUST,set4_features_metadata,GPR,log,protocol_holdout,diversity_oneshot,5,12,17.234073922707346
HUST,set4_features_metadata,GPR,log,protocol_holdout,diversity_oneshot,5,18,13.16517097889246
HUST,set4_features_metadata,GPR,log,protocol_holdout,diversity_oneshot,5,24,11.442781286610204
HUST,set4_features_metadata,GPR,log,protocol_holdout,diversity_oneshot,5,30,14.57780114886108
HUST,set4_features_metadata,GPR,log,protocol_holdout,diversity_oneshot,5,36,13.56003628889932
HUST,set4_features_metadata,GPR,log,protocol_holdout,diversity_oneshot,5,42,13.031599969345145
HUST,set4_features_metadata,GPR,log,protocol_holdout,diversity_oneshot,5,48,12.053326440362746
HUST,set4_features_metadata,GPR,log,protocol_holdout,diversity_oneshot,5,54,11.86255873378019
HUST,set4_features_metadata,GPR,log,protocol_holdout,diversity_oneshot,5,60,12.545380439828554
HUST,set4_features_metadata,GPR,log,protocol_holdout,diversity_oneshot,5,62,12.512324535304344
HUST,set4_features_metadata,GPR,log,protocol_holdout,diversity_oneshot,6,6,18.792409438085866
HUST,set4_features_metadata,GPR,log,protocol_holdout,diversity_oneshot,6,12,16.998741366389506
HUST,set4_features_metadata,GPR,log,protocol_holdout,diversity_oneshot,6,18,17.448085975771875
HUST,set4_features_metadata,GPR,log,protocol_holdout,diversity_oneshot,6,24,17.569841160937994
HUST,set4_features_metadata,GPR,log,protocol_holdout,diversity_oneshot,6,30,16.749341473824675
HUST,set4_features_metadata,GPR,log,protocol_holdout,diversity_oneshot,6,36,18.23558163930669
HUST,set4_features_metadata,GPR,log,protocol_holdout,diversity_oneshot,6,42,17.44186647872848
HUST,set4_features_metadata,GPR,log,protocol_holdout,diversity_oneshot,6,48,16.446623743288843
HUST,set4_features_metadata,GPR,log,protocol_holdout,diversity_oneshot,6,54,14.086083703642029
HUST,set4_features_metadata,GPR,log,protocol_holdout,diversity_oneshot,6,60,9.695145181696564
HUST,set4_features_metadata,GPR,log,protocol_holdout,diversity_oneshot,6,62,8.852665543973243
HUST,set4_features_metadata,GPR,log,protocol_holdout,diversity_oneshot,7,6,25.5228427845898
HUST,set4_features_metadata,GPR,log,protocol_holdout,diversity_oneshot,7,12,16.672093300147452
HUST,set4_features_metadata,GPR,log,protocol_holdout,diversity_oneshot,7,18,17.441329482089472
HUST,set4_features_metadata,GPR,log,protocol_holdout,diversity_oneshot,7,24,19.116045801132483
HUST,set4_features_metadata,GPR,log,protocol_holdout,diversity_oneshot,7,30,19.67919679191476
HUST,set4_features_metadata,GPR,log,protocol_holdout,diversity_oneshot,7,36,18.78277939194492
HUST,set4_features_metadata,GPR,log,protocol_holdout,diversity_oneshot,7,42,18.198689932188906
HUST,set4_features_metadata,GPR,log,protocol_holdout,diversity_oneshot,7,48,17.115955521100894
HUST,set4_features_metadata,GPR,log,protocol_holdout,diversity_oneshot,7,54,14.828284849164625
HUST,set4_features_metadata,GPR,log,protocol_holdout,diversity_oneshot,7,60,12.479711660388196
HUST,set4_features_metadata,GPR,log,protocol_holdout,diversity_oneshot,7,62,12.019409260267732
HUST,set4_features_metadata,GPR,log,protocol_holdout,diversity_oneshot,8,6,19.48707179756029
HUST,set4_features_metadata,GPR,log,protocol_holdout,diversity_oneshot,8,12,19.353111871111768
HUST,set4_features_metadata,GPR,log,protocol_holdout,diversity_oneshot,8,18,20.44649998399548
HUST,set4_features_metadata,GPR,log,protocol_holdout,diversity_oneshot,8,24,17.15951175410986
HUST,set4_features_metadata,GPR,log,protocol_holdout,diversity_oneshot,8,30,20.128540917683
HUST,set4_features_metadata,GPR,log,protocol_holdout,diversity_oneshot,8,36,18.87267450658532
HUST,set4_features_metadata,GPR,log,protocol_holdout,diversity_oneshot,8,42,18.212687977809743
HUST,set4_features_metadata,GPR,log,protocol_holdout,diversity_oneshot,8,48,17.44572098352418
HUST,set4_features_metadata,GPR,log,protocol_holdout,diversity_oneshot,8,54,15.006050435073885
HUST,set4_features_metadata,GPR,log,protocol_holdout,diversity_oneshot,8,60,14.693477764907502
HUST,set4_features_metadata,GPR,log,protocol_holdout,diversity_oneshot,8,62,14.185293885163968
HUST,set4_features_metadata,GPR,log,protocol_holdout,diversity_oneshot,9,6,19.080666899992448
HUST,set4_features_metadata,GPR,log,protocol_holdout,diversity_oneshot,9,12,15.747237697214356
HUST,set4_features_metadata,GPR,log,protocol_holdout,diversity_oneshot,9,18,12.99382208580209
HUST,set4_features_metadata,GPR,log,protocol_holdout,diversity_oneshot,9,24,10.51412529806078
HUST,set4_features_metadata,GPR,log,protocol_holdout,diversity_oneshot,9,30,11.888194627722
HUST,set4_features_metadata,GPR,log,protocol_holdout,diversity_oneshot,9,36,10.102546808599524
HUST,set4_features_metadata,GPR,log,protocol_holdout,diversity_oneshot,9,42,11.135288482956366
HUST,set4_features_metadata,GPR,log,protocol_holdout,diversity_oneshot,9,48,10.264622618121418
HUST,set4_features_metadata,GPR,log,protocol_holdout,diversity_oneshot,9,54,9.597082255925082
HUST,set4_features_metadata,GPR,log,protocol_holdout,diversity_oneshot,9,60,9.227799150293354
HUST,set4_features_metadata,GPR,log,protocol_holdout,diversity_oneshot,9,62,9.092442675260774
HUST,set4_features_metadata,GPR,log,protocol_holdout,diversity_oneshot,10,6,16.029480075629337
HUST,set4_features_metadata,GPR,log,protocol_holdout,diversity_oneshot,10,12,15.633999673213893
HUST,set4_features_metadata,GPR,log,protocol_holdout,diversity_oneshot,10,18,16.623743257826646
HUST,set4_features_metadata,GPR,log,protocol_holdout,diversity_oneshot,10,24,12.619181400025816
HUST,set4_features_metadata,GPR,log,protocol_holdout,diversity_oneshot,10,30,15.402503839396232
HUST,set4_features_metadata,GPR,log,protocol_holdout,diversity_oneshot,10,36,13.615030056424024
HUST,set4_features_metadata,GPR,log,protocol_holdout,diversity_oneshot,10,42,13.245413485375336
HUST,set4_features_metadata,GPR,log,protocol_holdout,diversity_oneshot,10,48,12.914351742524218
HUST,set4_features_metadata,GPR,log,protocol_holdout,diversity_oneshot,10,54,12.107874299811613
HUST,set4_features_metadata,GPR,log,protocol_holdout,diversity_oneshot,10,60,11.6379133327385
HUST,set4_features_metadata,GPR,log,protocol_holdout,diversity_oneshot,10,62,11.391777352863173
HUST,set4_features_metadata,GPR,log,protocol_holdout,diversity_iterative,1,6,17.42447353118865
HUST,set4_features_metadata,GPR,log,protocol_holdout,diversity_iterative,1,12,11.76788581511796
HUST,set4_features_metadata,GPR,log,protocol_holdout,diversity_iterative,1,18,11.363062351302272
HUST,set4_features_metadata,GPR,log,protocol_holdout,diversity_iterative,1,24,11.254795947742751
HUST,set4_features_metadata,GPR,log,protocol_holdout,diversity_iterative,1,30,10.0057668102589
HUST,set4_features_metadata,GPR,log,protocol_holdout,diversity_iterative,1,36,9.971273654889028
HUST,set4_features_metadata,GPR,log,protocol_holdout,diversity_iterative,1,42,10.038042905982488
HUST,set4_features_metadata,GPR,log,protocol_holdout,diversity_iterative,1,48,9.412678918662126
HUST,set4_features_metadata,GPR,log,protocol_holdout,diversity_iterative,1,54,8.068344609659928
HUST,set4_features_metadata,GPR,log,protocol_holdout,diversity_iterative,1,60,8.538308423262658
HUST,set4_features_metadata,GPR,log,protocol_holdout,diversity_iterative,1,62,8.395108768670644
HUST,set4_features_metadata,GPR,log,protocol_holdout,diversity_iterative,2,6,22.608725486186646
HUST,set4_features_metadata,GPR,log,protocol_holdout,diversity_iterative,2,12,13.277832422714264
HUST,set4_features_metadata,GPR,log,protocol_holdout,diversity_iterative,2,18,15.234309880561728
HUST,set4_features_metadata,GPR,log,protocol_holdout,diversity_iterative,2,24,14.802884686514869
HUST,set4_features_metadata,GPR,log,protocol_holdout,diversity_iterative,2,30,14.73090985837776
HUST,set4_features_metadata,GPR,log,protocol_holdout,diversity_iterative,2,36,16.10426843152129
HUST,set4_features_metadata,GPR,log,protocol_holdout,diversity_iterative,2,42,15.181450990076078
HUST,set4_features_metadata,GPR,log,protocol_holdout,diversity_iterative,2,48,14.05932435205805
HUST,set4_features_metadata,GPR,log,protocol_holdout,diversity_iterative,2,54,12.508354136080118
HUST,set4_features_metadata,GPR,log,protocol_holdout,diversity_iterative,2,60,11.932819906757643
HUST,set4_features_metadata,GPR,log,protocol_holdout,diversity_iterative,2,62,12.071570639654944
HUST,set4_features_metadata,GPR,log,protocol_holdout,diversity_iterative,3,6,16.57662560268714
HUST,set4_features_metadata,GPR,log,protocol_holdout,diversity_iterative,3,12,14.79415119312649
HUST,set4_features_metadata,GPR,log,protocol_holdout,diversity_iterative,3,18,15.017525578964102
HUST,set4_features_metadata,GPR,log,protocol_holdout,diversity_iterative,3,24,14.980054663483802
HUST,set4_features_metadata,GPR,log,protocol_holdout,diversity_iterative,3,30,15.227118424131072
HUST,set4_features_metadata,GPR,log,protocol_holdout,diversity_iterative,3,36,13.079443949950726
HUST,set4_features_metadata,GPR,log,protocol_holdout,diversity_iterative,3,42,13.01311953297352
HUST,set4_features_metadata,GPR,log,protocol_holdout,diversity_iterative,3,48,12.732336351710217
HUST,set4_features_metadata,GPR,log,protocol_holdout,diversity_iterative,3,54,8.292595934554706
HUST,set4_features_metadata,GPR,log,protocol_holdout,diversity_iterative,3,60,10.046791658391076
HUST,set4_features_metadata,GPR,log,protocol_holdout,diversity_iterative,3,62,9.5790915098645
HUST,set4_features_metadata,GPR,log,protocol_holdout,diversity_iterative,4,6,17.61533866311807
HUST,set4_features_metadata,GPR,log,protocol_holdout,diversity_iterative,4,12,15.050961884845243
HUST,set4_features_metadata,GPR,log,protocol_holdout,diversity_iterative,4,18,13.666751088042634
HUST,set4_features_metadata,GPR,log,protocol_holdout,diversity_iterative,4,24,10.53519020192035
HUST,set4_features_metadata,GPR,log,protocol_holdout,diversity_iterative,4,30,8.982988582722635
HUST,set4_features_metadata,GPR,log,protocol_holdout,diversity_iterative,4,36,9.945381374134184
HUST,set4_features_metadata,GPR,log,protocol_holdout,diversity_iterative,4,42,9.691244602971292
HUST,set4_features_metadata,GPR,log,protocol_holdout,diversity_iterative,4,48,9.4966443133439
HUST,set4_features_metadata,GPR,log,protocol_holdout,diversity_iterative,4,54,8.31545460077086
HUST,set4_features_metadata,GPR,log,protocol_holdout,diversity_iterative,4,60,9.039109472456534
HUST,set4_features_metadata,GPR,log,protocol_holdout,diversity_iterative,4,62,9.070364953528658
HUST,set4_features_metadata,GPR,log,protocol_holdout,diversity_iterative,5,6,25.472056608035075
HUST,set4_features_metadata,GPR,log,protocol_holdout,diversity_iterative,5,12,17.27790669109214
HUST,set4_features_metadata,GPR,log,protocol_holdout,diversity_iterative,5,18,16.745009804998766
HUST,set4_features_metadata,GPR,log,protocol_holdout,diversity_iterative,5,24,14.655485438813724
HUST,set4_features_metadata,GPR,log,protocol_holdout,diversity_iterative,5,30,15.167179683199034
HUST,set4_features_metadata,GPR,log,protocol_holdout,diversity_iterative,5,36,15.969249506209096
HUST,set4_features_metadata,GPR,log,protocol_holdout,diversity_iterative,5,42,13.729065109931865
HUST,set4_features_metadata,GPR,log,protocol_holdout,diversity_iterative,5,48,13.363138157436556
HUST,set4_features_metadata,GPR,log,protocol_holdout,diversity_iterative,5,54,12.262800000391731
HUST,set4_features_metadata,GPR,log,protocol_holdout,diversity_iterative,5,60,12.21682823241894
HUST,set4_features_metadata,GPR,log,protocol_holdout,diversity_iterative,5,62,12.512324535304344
HUST,set4_features_metadata,GPR,log,protocol_holdout,diversity_iterative,6,6,18.792409438085866
HUST,set4_features_metadata,GPR,log,protocol_holdout,diversity_iterative,6,12,14.877240506757424
HUST,set4_features_metadata,GPR,log,protocol_holdout,diversity_iterative,6,18,13.022163070792612
HUST,set4_features_metadata,GPR,log,protocol_holdout,diversity_iterative,6,24,13.815382231727376
HUST,set4_features_metadata,GPR,log,protocol_holdout,diversity_iterative,6,30,14.03401970326138
HUST,set4_features_metadata,GPR,log,protocol_holdout,diversity_iterative,6,36,14.013289632556514
HUST,set4_features_metadata,GPR,log,protocol_holdout,diversity_iterative,6,42,13.062711402346173
HUST,set4_features_metadata,GPR,log,protocol_holdout,diversity_iterative,6,48,15.04205174311848
HUST,set4_features_metadata,GPR,log,protocol_holdout,diversity_iterative,6,54,9.732862237098685
HUST,set4_features_metadata,GPR,log,protocol_holdout,diversity_iterative,6,60,9.325059790623255
HUST,set4_features_metadata,GPR,log,protocol_holdout,diversity_iterative,6,62,8.852665543973243
HUST,set4_features_metadata,GPR,log,protocol_holdout,diversity_iterative,7,6,25.5228427845898
HUST,set4_features_metadata,GPR,log,protocol_holdout,diversity_iterative,7,12,17.872034795904348
HUST,set4_features_metadata,GPR,log,protocol_holdout,diversity_iterative,7,18,17.385688080444748
HUST,set4_features_metadata,GPR,log,protocol_holdout,diversity_iterative,7,24,16.60943195994685
HUST,set4_features_metadata,GPR,log,protocol_holdout,diversity_iterative,7,30,15.56142907197179
HUST,set4_features_metadata,GPR,log,protocol_holdout,diversity_iterative,7,36,16.132711815836565
HUST,set4_features_metadata,GPR,log,protocol_holdout,diversity_iterative,7,42,15.168116844219492
HUST,set4_features_metadata,GPR,log,protocol_holdout,diversity_iterative,7,48,15.692893354533531
HUST,set4_features_metadata,GPR,log,protocol_holdout,diversity_iterative,7,54,14.984562205056992
HUST,set4_features_metadata,GPR,log,protocol_holdout,diversity_iterative,7,60,12.911584306408413
HUST,set4_features_metadata,GPR,log,protocol_holdout,diversity_iterative,7,62,12.019409260267732
HUST,set4_features_metadata,GPR,log,protocol_holdout,diversity_iterative,8,6,19.48707179756029
HUST,set4_features_metadata,GPR,log,protocol_holdout,diversity_iterative,8,12,18.919959995857592
HUST,set4_features_metadata,GPR,log,protocol_holdout,diversity_iterative,8,18,17.52987401569048
HUST,set4_features_metadata,GPR,log,protocol_holdout,diversity_iterative,8,24,17.807967380865
HUST,set4_features_metadata,GPR,log,protocol_holdout,diversity_iterative,8,30,17.8042173011696
HUST,set4_features_metadata,GPR,log,protocol_holdout,diversity_iterative,8,36,18.12936178211868
HUST,set4_features_metadata,GPR,log,protocol_holdout,diversity_iterative,8,42,17.195513406697007
HUST,set4_features_metadata,GPR,log,protocol_holdout,diversity_iterative,8,48,17.745977023372504
HUST,set4_features_metadata,GPR,log,protocol_holdout,diversity_iterative,8,54,17.298602067750146
HUST,set4_features_metadata,GPR,log,protocol_holdout,diversity_iterative,8,60,14.01366017286504
HUST,set4_features_metadata,GPR,log,protocol_holdout,diversity_iterative,8,62,14.185293885163968
HUST,set4_features_metadata,GPR,log,protocol_holdout,diversity_iterative,9,6,19.080666899992448
HUST,set4_features_metadata,GPR,log,protocol_holdout,diversity_iterative,9,12,16.306522376996462
HUST,set4_features_metadata,GPR,log,protocol_holdout,diversity_iterative,9,18,12.326701228996496
HUST,set4_features_metadata,GPR,log,protocol_holdout,diversity_iterative,9,24,11.850261925998806
HUST,set4_features_metadata,GPR,log,protocol_holdout,diversity_iterative,9,30,11.036879059648143
HUST,set4_features_metadata,GPR,log,protocol_holdout,diversity_iterative,9,36,10.411618523556944
HUST,set4_features_metadata,GPR,log,protocol_holdout,diversity_iterative,9,42,10.02626764775491
HUST,set4_features_metadata,GPR,log,protocol_holdout,diversity_iterative,9,48,10.121509372553286
HUST,set4_features_metadata,GPR,log,protocol_holdout,diversity_iterative,9,54,8.954618735773098
HUST,set4_features_metadata,GPR,log,protocol_holdout,diversity_iterative,9,60,9.023420518870171
HUST,set4_features_metadata,GPR,log,protocol_holdout,diversity_iterative,9,62,9.092442675260774
HUST,set4_features_metadata,GPR,log,protocol_holdout,diversity_iterative,10,6,16.029480075629337
HUST,set4_features_metadata,GPR,log,protocol_holdout,diversity_iterative,10,12,22.598005780136656
HUST,set4_features_metadata,GPR,log,protocol_holdout,diversity_iterative,10,18,18.65915857630813
HUST,set4_features_metadata,GPR,log,protocol_holdout,diversity_iterative,10,24,14.694660081053303
HUST,set4_features_metadata,GPR,log,protocol_holdout,diversity_iterative,10,30,14.04585358909662
HUST,set4_features_metadata,GPR,log,protocol_holdout,diversity_iterative,10,36,13.69532653650464
HUST,set4_features_metadata,GPR,log,protocol_holdout,diversity_iterative,10,42,14.8721767933688
HUST,set4_features_metadata,GPR,log,protocol_holdout,diversity_iterative,10,48,13.059373496210746
HUST,set4_features_metadata,GPR,log,protocol_holdout,diversity_iterative,10,54,13.550025678882967
HUST,set4_features_metadata,GPR,log,protocol_holdout,diversity_iterative,10,60,11.51484586812413
HUST,set4_features_metadata,GPR,log,protocol_holdout,diversity_iterative,10,62,11.391777352863173
HUST,set4_features_metadata,GPR,log,protocol_holdout,coverage,1,6,11.714297711325816
HUST,set4_features_metadata,GPR,log,protocol_holdout,coverage,1,12,8.924735212586263
HUST,set4_features_metadata,GPR,log,protocol_holdout,coverage,1,18,10.243577668166598
HUST,set4_features_metadata,GPR,log,protocol_holdout,coverage,1,24,13.476168942706405
HUST,set4_features_metadata,GPR,log,protocol_holdout,coverage,1,30,9.743766738489882
HUST,set4_features_metadata,GPR,log,protocol_holdout,coverage,1,36,9.044725340662913
HUST,set4_features_metadata,GPR,log,protocol_holdout,coverage,1,42,8.145254415162073
HUST,set4_features_metadata,GPR,log,protocol_holdout,coverage,1,48,8.102992813953499
HUST,set4_features_metadata,GPR,log,protocol_holdout,coverage,1,54,8.39733907640679
HUST,set4_features_metadata,GPR,log,protocol_holdout,coverage,1,60,8.42298414628321
HUST,set4_features_metadata,GPR,log,protocol_holdout,coverage,1,62,8.395108768670644
HUST,set4_features_metadata,GPR,log,protocol_holdout,coverage,2,6,18.459262478433697
HUST,set4_features_metadata,GPR,log,protocol_holdout,coverage,2,12,14.440554437933296
HUST,set4_features_metadata,GPR,log,protocol_holdout,coverage,2,18,14.86137085392715
HUST,set4_features_metadata,GPR,log,protocol_holdout,coverage,2,24,14.76368940605804
HUST,set4_features_metadata,GPR,log,protocol_holdout,coverage,2,30,14.782785848085869
HUST,set4_features_metadata,GPR,log,protocol_holdout,coverage,2,36,15.213604215447493
HUST,set4_features_metadata,GPR,log,protocol_holdout,coverage,2,42,14.992847640207478
HUST,set4_features_metadata,GPR,log,protocol_holdout,coverage,2,48,14.672701112542589
HUST,set4_features_metadata,GPR,log,protocol_holdout,coverage,2,54,13.522582943384217
HUST,set4_features_metadata,GPR,log,protocol_holdout,coverage,2,60,12.292019770185089
HUST,set4_features_metadata,GPR,log,protocol_holdout,coverage,2,62,12.071570639654944
HUST,set4_features_metadata,GPR,log,protocol_holdout,coverage,3,6,16.31573672572746
HUST,set4_features_metadata,GPR,log,protocol_holdout,coverage,3,12,16.577277360515538
HUST,set4_features_metadata,GPR,log,protocol_holdout,coverage,3,18,17.57522144417128
HUST,set4_features_metadata,GPR,log,protocol_holdout,coverage,3,24,12.986071680425024
HUST,set4_features_metadata,GPR,log,protocol_holdout,coverage,3,30,13.641265980304482
HUST,set4_features_metadata,GPR,log,protocol_holdout,coverage,3,36,13.196330670722386
HUST,set4_features_metadata,GPR,log,protocol_holdout,coverage,3,42,12.683045505292394
HUST,set4_features_metadata,GPR,log,protocol_holdout,coverage,3,48,12.192425808582538
HUST,set4_features_metadata,GPR,log,protocol_holdout,coverage,3,54,12.024498841143796
HUST,set4_features_metadata,GPR,log,protocol_holdout,coverage,3,60,8.781731792380858
HUST,set4_features_metadata,GPR,log,protocol_holdout,coverage,3,62,9.5790915098645
HUST,set4_features_metadata,GPR,log,protocol_holdout,coverage,4,6,11.75885505858654
HUST,set4_features_metadata,GPR,log,protocol_holdout,coverage,4,12,15.455422062542889
HUST,set4_features_metadata,GPR,log,protocol_holdout,coverage,4,18,14.344152343183133
HUST,set4_features_metadata,GPR,log,protocol_holdout,coverage,4,24,9.71625905734214
HUST,set4_features_metadata,GPR,log,protocol_holdout,coverage,4,30,10.305332390969786
HUST,set4_features_metadata,GPR,log,protocol_holdout,coverage,4,36,10.38279456109563
HUST,set4_features_metadata,GPR,log,protocol_holdout,coverage,4,42,9.48826589725406
HUST,set4_features_metadata,GPR,log,protocol_holdout,coverage,4,48,8.317523737512117
HUST,set4_features_metadata,GPR,log,protocol_holdout,coverage,4,54,8.857650294833567
HUST,set4_features_metadata,GPR,log,protocol_holdout,coverage,4,60,9.008185793905584
HUST,set4_features_metadata,GPR,log,protocol_holdout,coverage,4,62,9.070364953528658
HUST,set4_features_metadata,GPR,log,protocol_holdout,coverage,5,6,12.97887013172517
HUST,set4_features_metadata,GPR,log,protocol_holdout,coverage,5,12,11.448053656454093
HUST,set4_features_metadata,GPR,log,protocol_holdout,coverage,5,18,12.236103904761944
HUST,set4_features_metadata,GPR,log,protocol_holdout,coverage,5,24,14.001494950044776
HUST,set4_features_metadata,GPR,log,protocol_holdout,coverage,5,30,13.452537599837733
HUST,set4_features_metadata,GPR,log,protocol_holdout,coverage,5,36,12.814276901319849
HUST,set4_features_metadata,GPR,log,protocol_holdout,coverage,5,42,12.67698464759404
HUST,set4_features_metadata,GPR,log,protocol_holdout,coverage,5,48,12.246471709213358
HUST,set4_features_metadata,GPR,log,protocol_holdout,coverage,5,54,12.131612750158386
HUST,set4_features_metadata,GPR,log,protocol_holdout,coverage,5,60,12.15975198787974
HUST,set4_features_metadata,GPR,log,protocol_holdout,coverage,5,62,12.512324535304344
HUST,set4_features_metadata,GPR,log,protocol_holdout,coverage,6,6,19.491762994587887
HUST,set4_features_metadata,GPR,log,protocol_holdout,coverage,6,12,21.83466030957724
HUST,set4_features_metadata,GPR,log,protocol_holdout,coverage,6,18,16.52004746456255
HUST,set4_features_metadata,GPR,log,protocol_holdout,coverage,6,24,16.3779818579838
HUST,set4_features_metadata,GPR,log,protocol_holdout,coverage,6,30,16.07635438482545
HUST,set4_features_metadata,GPR,log,protocol_holdout,coverage,6,36,15.038102181059935
HUST,set4_features_metadata,GPR,log,protocol_holdout,coverage,6,42,14.755423511709589
HUST,set4_features_metadata,GPR,log,protocol_holdout,coverage,6,48,13.257366779224787
HUST,set4_features_metadata,GPR,log,protocol_holdout,coverage,6,54,9.191751045338686
HUST,set4_features_metadata,GPR,log,protocol_holdout,coverage,6,60,9.339083005478122
HUST,set4_features_metadata,GPR,log,protocol_holdout,coverage,6,62,8.852665543973243
HUST,set4_features_metadata,GPR,log,protocol_holdout,coverage,7,6,33.16666381890565
HUST,set4_features_metadata,GPR,log,protocol_holdout,coverage,7,12,18.857616630211936
HUST,set4_features_metadata,GPR,log,protocol_holdout,coverage,7,18,19.55157143739573
HUST,set4_features_metadata,GPR,log,protocol_holdout,coverage,7,24,16.247589124380948
HUST,set4_features_metadata,GPR,log,protocol_holdout,coverage,7,30,18.034737631913003
HUST,set4_features_metadata,GPR,log,protocol_holdout,coverage,7,36,17.676106358731737
HUST,set4_features_metadata,GPR,log,protocol_holdout,coverage,7,42,17.47818962168447
HUST,set4_features_metadata,GPR,log,protocol_holdout,coverage,7,48,16.93053002354197
HUST,set4_features_metadata,GPR,log,protocol_holdout,coverage,7,54,13.8658135521016
HUST,set4_features_metadata,GPR,log,protocol_holdout,coverage,7,60,12.232383700818968
HUST,set4_features_metadata,GPR,log,protocol_holdout,coverage,7,62,12.019409260267732
HUST,set4_features_metadata,GPR,log,protocol_holdout,coverage,8,6,24.97887210902365
HUST,set4_features_metadata,GPR,log,protocol_holdout,coverage,8,12,18.413695748120613
HUST,set4_features_metadata,GPR,log,protocol_holdout,coverage,8,18,21.03142050061785
HUST,set4_features_metadata,GPR,log,protocol_holdout,coverage,8,24,20.13309473856399
HUST,set4_features_metadata,GPR,log,protocol_holdout,coverage,8,30,19.26018267268986
HUST,set4_features_metadata,GPR,log,protocol_holdout,coverage,8,36,16.526466710804108
HUST,set4_features_metadata,GPR,log,protocol_holdout,coverage,8,42,17.159902509162777
HUST,set4_features_metadata,GPR,log,protocol_holdout,coverage,8,48,16.196524644310433
HUST,set4_features_metadata,GPR,log,protocol_holdout,coverage,8,54,14.091137676181628
HUST,set4_features_metadata,GPR,log,protocol_holdout,coverage,8,60,14.727711060956134
HUST,set4_features_metadata,GPR,log,protocol_holdout,coverage,8,62,14.185293885163968
HUST,set4_features_metadata,GPR,log,protocol_holdout,coverage,9,6,14.846641103674724
HUST,set4_features_metadata,GPR,log,protocol_holdout,coverage,9,12,15.20221824792304
HUST,set4_features_metadata,GPR,log,protocol_holdout,coverage,9,18,15.56630227581384
HUST,set4_features_metadata,GPR,log,protocol_holdout,coverage,9,24,12.916789621578364
HUST,set4_features_metadata,GPR,log,protocol_holdout,coverage,9,30,11.537786433845037
HUST,set4_features_metadata,GPR,log,protocol_holdout,coverage,9,36,10.96695697325296
HUST,set4_features_metadata,GPR,log,protocol_holdout,coverage,9,42,9.90469488359821
HUST,set4_features_metadata,GPR,log,protocol_holdout,coverage,9,48,10.490549270844088
HUST,set4_features_metadata,GPR,log,protocol_holdout,coverage,9,54,9.15590790297798
HUST,set4_features_metadata,GPR,log,protocol_holdout,coverage,9,60,9.014986062217694
HUST,set4_features_metadata,GPR,log,protocol_holdout,coverage,9,62,9.092442675260774
HUST,set4_features_metadata,GPR,log,protocol_holdout,coverage,10,6,24.28771674403846
HUST,set4_features_metadata,GPR,log,protocol_holdout,coverage,10,12,24.374488405337928
HUST,set4_features_metadata,GPR,log,protocol_holdout,coverage,10,18,29.489697515737458
HUST,set4_features_metadata,GPR,log,protocol_holdout,coverage,10,24,29.079658554772685
HUST,set4_features_metadata,GPR,log,protocol_holdout,coverage,10,30,13.826346117754666
HUST,set4_features_metadata,GPR,log,protocol_holdout,coverage,10,36,13.820071289005448
HUST,set4_features_metadata,GPR,log,protocol_holdout,coverage,10,42,15.338071229521406
HUST,set4_features_metadata,GPR,log,protocol_holdout,coverage,10,48,13.768577033502352
HUST,set4_features_metadata,GPR,log,protocol_holdout,coverage,10,54,12.416603357602748
HUST,set4_features_metadata,GPR,log,protocol_holdout,coverage,10,60,11.671387890637366
HUST,set4_features_metadata,GPR,log,protocol_holdout,coverage,10,62,11.391777352863173
HUST,set4_features_metadata,GPR,log,protocol_holdout,exploration,1,6,11.714297711325816
HUST,set4_features_metadata,GPR,log,protocol_holdout,exploration,1,12,8.924735212586263
HUST,set4_features_metadata,GPR,log,protocol_holdout,exploration,1,18,10.388870670936216
HUST,set4_features_metadata,GPR,log,protocol_holdout,exploration,1,24,8.111287749299187
HUST,set4_features_metadata,GPR,log,protocol_holdout,exploration,1,30,8.067750183287783
HUST,set4_features_metadata,GPR,log,protocol_holdout,exploration,1,36,8.19812125929093
HUST,set4_features_metadata,GPR,log,protocol_holdout,exploration,1,42,8.251703686134583
HUST,set4_features_metadata,GPR,log,protocol_holdout,exploration,1,48,8.222927077305215
HUST,set4_features_metadata,GPR,log,protocol_holdout,exploration,1,54,8.415770118153516
HUST,set4_features_metadata,GPR,log,protocol_holdout,exploration,1,60,8.363179072780222
HUST,set4_features_metadata,GPR,log,protocol_holdout,exploration,1,62,8.395108768670644
HUST,set4_features_metadata,GPR,log,protocol_holdout,exploration,2,6,18.459262478433697
HUST,set4_features_metadata,GPR,log,protocol_holdout,exploration,2,12,14.440554437933296
HUST,set4_features_metadata,GPR,log,protocol_holdout,exploration,2,18,15.680973855248611
HUST,set4_features_metadata,GPR,log,protocol_holdout,exploration,2,24,14.301937806741297
HUST,set4_features_metadata,GPR,log,protocol_holdout,exploration,2,30,15.565129132739406
HUST,set4_features_metadata,GPR,log,protocol_holdout,exploration,2,36,14.823704895035467
HUST,set4_features_metadata,GPR,log,protocol_holdout,exploration,2,42,15.22282598505947
HUST,set4_features_metadata,GPR,log,protocol_holdout,exploration,2,48,14.374679683227315
HUST,set4_features_metadata,GPR,log,protocol_holdout,exploration,2,54,13.707607504031769
HUST,set4_features_metadata,GPR,log,protocol_holdout,exploration,2,60,12.52046187737428
HUST,set4_features_metadata,GPR,log,protocol_holdout,exploration,2,62,12.071570639654944
HUST,set4_features_metadata,GPR,log,protocol_holdout,exploration,3,6,16.31573672572746
HUST,set4_features_metadata,GPR,log,protocol_holdout,exploration,3,12,16.577277360515538
HUST,set4_features_metadata,GPR,log,protocol_holdout,exploration,3,18,13.862600996870189
HUST,set4_features_metadata,GPR,log,protocol_holdout,exploration,3,24,12.578799374339315
HUST,set4_features_metadata,GPR,log,protocol_holdout,exploration,3,30,14.538835354369311
HUST,set4_features_metadata,GPR,log,protocol_holdout,exploration,3,36,12.774254420285486
HUST,set4_features_metadata,GPR,log,protocol_holdout,exploration,3,42,12.45417067262856
HUST,set4_features_metadata,GPR,log,protocol_holdout,exploration,3,48,11.967752462810658
HUST,set4_features_metadata,GPR,log,protocol_holdout,exploration,3,54,10.479282923404352
HUST,set4_features_metadata,GPR,log,protocol_holdout,exploration,3,60,9.357308034981706
HUST,set4_features_metadata,GPR,log,protocol_holdout,exploration,3,62,9.5790915098645
HUST,set4_features_metadata,GPR,log,protocol_holdout,exploration,4,6,11.75885505858654
HUST,set4_features_metadata,GPR,log,protocol_holdout,exploration,4,12,13.724077241265425
HUST,set4_features_metadata,GPR,log,protocol_holdout,exploration,4,18,10.48686559456413
HUST,set4_features_metadata,GPR,log,protocol_holdout,exploration,4,24,10.74492111148983
HUST,set4_features_metadata,GPR,log,protocol_holdout,exploration,4,30,11.629150347238202
HUST,set4_features_metadata,GPR,log,protocol_holdout,exploration,4,36,12.06249403532544
HUST,set4_features_metadata,GPR,log,protocol_holdout,exploration,4,42,10.07629289621612
HUST,set4_features_metadata,GPR,log,protocol_holdout,exploration,4,48,10.408664834356678
HUST,set4_features_metadata,GPR,log,protocol_holdout,exploration,4,54,8.79842519158834
HUST,set4_features_metadata,GPR,log,protocol_holdout,exploration,4,60,9.029411568636805
HUST,set4_features_metadata,GPR,log,protocol_holdout,exploration,4,62,9.070364953528658
HUST,set4_features_metadata,GPR,log,protocol_holdout,exploration,5,6,12.97887013172517
HUST,set4_features_metadata,GPR,log,protocol_holdout,exploration,5,12,11.275236196404231
HUST,set4_features_metadata,GPR,log,protocol_holdout,exploration,5,18,11.639786561085035
HUST,set4_features_metadata,GPR,log,protocol_holdout,exploration,5,24,13.624816838098155
HUST,set4_features_metadata,GPR,log,protocol_holdout,exploration,5,30,13.693850746326095
HUST,set4_features_metadata,GPR,log,protocol_holdout,exploration,5,36,14.026253001776324
HUST,set4_features_metadata,GPR,log,protocol_holdout,exploration,5,42,13.870612354540905
HUST,set4_features_metadata,GPR,log,protocol_holdout,exploration,5,48,13.435482940870546
HUST,set4_features_metadata,GPR,log,protocol_holdout,exploration,5,54,12.595060807098996
HUST,set4_features_metadata,GPR,log,protocol_holdout,exploration,5,60,12.486863409522538
HUST,set4_features_metadata,GPR,log,protocol_holdout,exploration,5,62,12.512324535304344
HUST,set4_features_metadata,GPR,log,protocol_holdout,exploration,6,6,19.491762994587887
HUST,set4_features_metadata,GPR,log,protocol_holdout,exploration,6,12,16.06846263414175
HUST,set4_features_metadata,GPR,log,protocol_holdout,exploration,6,18,18.10416793277213
HUST,set4_features_metadata,GPR,log,protocol_holdout,exploration,6,24,18.77994563348265
HUST,set4_features_metadata,GPR,log,protocol_holdout,exploration,6,30,16.360251734386715
HUST,set4_features_metadata,GPR,log,protocol_holdout,exploration,6,36,15.661625560126463
HUST,set4_features_metadata,GPR,log,protocol_holdout,exploration,6,42,14.19720597870052
HUST,set4_features_metadata,GPR,log,protocol_holdout,exploration,6,48,13.96764804187956
HUST,set4_features_metadata,GPR,log,protocol_holdout,exploration,6,54,9.304573911021803
HUST,set4_features_metadata,GPR,log,protocol_holdout,exploration,6,60,9.858211696634203
HUST,set4_features_metadata,GPR,log,protocol_holdout,exploration,6,62,8.852665543973243
HUST,set4_features_metadata,GPR,log,protocol_holdout,exploration,7,6,33.16666381890565
HUST,set4_features_metadata,GPR,log,protocol_holdout,exploration,7,12,18.857616630211936
HUST,set4_features_metadata,GPR,log,protocol_holdout,exploration,7,18,19.174453726622342
HUST,set4_features_metadata,GPR,log,protocol_holdout,exploration,7,24,17.23375059024122
HUST,set4_features_metadata,GPR,log,protocol_holdout,exploration,7,30,18.021516109918444
HUST,set4_features_metadata,GPR,log,protocol_holdout,exploration,7,36,16.528952175921837
HUST,set4_features_metadata,GPR,log,protocol_holdout,exploration,7,42,15.664976237013867
HUST,set4_features_metadata,GPR,log,protocol_holdout,exploration,7,48,14.61689444754166
HUST,set4_features_metadata,GPR,log,protocol_holdout,exploration,7,54,11.68393047797178
HUST,set4_features_metadata,GPR,log,protocol_holdout,exploration,7,60,12.573966189104604
HUST,set4_features_metadata,GPR,log,protocol_holdout,exploration,7,62,12.019409260267732
HUST,set4_features_metadata,GPR,log,protocol_holdout,exploration,8,6,24.97887210902365
HUST,set4_features_metadata,GPR,log,protocol_holdout,exploration,8,12,18.413695748120613
HUST,set4_features_metadata,GPR,log,protocol_holdout,exploration,8,18,21.03142050061785
HUST,set4_features_metadata,GPR,log,protocol_holdout,exploration,8,24,19.78538445672801
HUST,set4_features_metadata,GPR,log,protocol_holdout,exploration,8,30,16.762246902397152
HUST,set4_features_metadata,GPR,log,protocol_holdout,exploration,8,36,17.84306162131467
HUST,set4_features_metadata,GPR,log,protocol_holdout,exploration,8,42,18.31138735773209
HUST,set4_features_metadata,GPR,log,protocol_holdout,exploration,8,48,16.495692556423617
HUST,set4_features_metadata,GPR,log,protocol_holdout,exploration,8,54,13.822294091124071
HUST,set4_features_metadata,GPR,log,protocol_holdout,exploration,8,60,13.356594252757125
HUST,set4_features_metadata,GPR,log,protocol_holdout,exploration,8,62,14.185293885163968
HUST,set4_features_metadata,GPR,log,protocol_holdout,exploration,9,6,14.846641103674724
HUST,set4_features_metadata,GPR,log,protocol_holdout,exploration,9,12,16.197750656053227
HUST,set4_features_metadata,GPR,log,protocol_holdout,exploration,9,18,13.73163161441732
HUST,set4_features_metadata,GPR,log,protocol_holdout,exploration,9,24,11.94663753877545
HUST,set4_features_metadata,GPR,log,protocol_holdout,exploration,9,30,11.713135733365108
HUST,set4_features_metadata,GPR,log,protocol_holdout,exploration,9,36,10.692034579083233
HUST,set4_features_metadata,GPR,log,protocol_holdout,exploration,9,42,9.669456010344131
HUST,set4_features_metadata,GPR,log,protocol_holdout,exploration,9,48,9.606488385044932
HUST,set4_features_metadata,GPR,log,protocol_holdout,exploration,9,54,9.189499296154477
HUST,set4_features_metadata,GPR,log,protocol_holdout,exploration,9,60,9.212209443559033
HUST,set4_features_metadata,GPR,log,protocol_holdout,exploration,9,62,9.092442675260774
HUST,set4_features_metadata,GPR,log,protocol_holdout,exploration,10,6,24.28771674403846
HUST,set4_features_metadata,GPR,log,protocol_holdout,exploration,10,12,21.57138709453315
HUST,set4_features_metadata,GPR,log,protocol_holdout,exploration,10,18,16.620630457309232
HUST,set4_features_metadata,GPR,log,protocol_holdout,exploration,10,24,16.52587240339845
HUST,set4_features_metadata,GPR,log,protocol_holdout,exploration,10,30,14.16728904732209
HUST,set4_features_metadata,GPR,log,protocol_holdout,exploration,10,36,13.969502239623122
HUST,set4_features_metadata,GPR,log,protocol_holdout,exploration,10,42,13.153208706681609
HUST,set4_features_metadata,GPR,log,protocol_holdout,exploration,10,48,12.442426769576466
HUST,set4_features_metadata,GPR,log,protocol_holdout,exploration,10,54,11.83337785349998
HUST,set4_features_metadata,GPR,log,protocol_holdout,exploration,10,60,11.523922854594844
HUST,set4_features_metadata,GPR,log,protocol_holdout,exploration,10,62,11.391777352863173
HUST,set4_features_metadata,GPR,log,protocol_holdout,exploitation,1,6,11.714297711325816
HUST,set4_features_metadata,GPR,log,protocol_holdout,exploitation,1,12,13.179447869133517
HUST,set4_features_metadata,GPR,log,protocol_holdout,exploitation,1,18,10.612869930334837
HUST,set4_features_metadata,GPR,log,protocol_holdout,exploitation,1,24,10.897503617042696
HUST,set4_features_metadata,GPR,log,protocol_holdout,exploitation,1,30,10.468130010813969
HUST,set4_features_metadata,GPR,log,protocol_holdout,exploitation,1,36,9.63979313946598
HUST,set4_features_metadata,GPR,log,protocol_holdout,exploitation,1,42,7.967924486759334
HUST,set4_features_metadata,GPR,log,protocol_holdout,exploitation,1,48,7.67319059011856
HUST,set4_features_metadata,GPR,log,protocol_holdout,exploitation,1,54,7.9467807874423615
HUST,set4_features_metadata,GPR,log,protocol_holdout,exploitation,1,60,8.146801384334744
HUST,set4_features_metadata,GPR,log,protocol_holdout,exploitation,1,62,8.395108768670644
HUST,set4_features_metadata,GPR,log,protocol_holdout,exploitation,2,6,18.459262478433697
HUST,set4_features_metadata,GPR,log,protocol_holdout,exploitation,2,12,18.359466926363577
HUST,set4_features_metadata,GPR,log,protocol_holdout,exploitation,2,18,18.78286958490681
HUST,set4_features_metadata,GPR,log,protocol_holdout,exploitation,2,24,17.525408062635524
HUST,set4_features_metadata,GPR,log,protocol_holdout,exploitation,2,30,16.086222649973173
HUST,set4_features_metadata,GPR,log,protocol_holdout,exploitation,2,36,15.97551973468206
HUST,set4_features_metadata,GPR,log,protocol_holdout,exploitation,2,42,14.718080319826177
HUST,set4_features_metadata,GPR,log,protocol_holdout,exploitation,2,48,14.417853007120982
HUST,set4_features_metadata,GPR,log,protocol_holdout,exploitation,2,54,13.92292213878113
HUST,set4_features_metadata,GPR,log,protocol_holdout,exploitation,2,60,12.114117929602642
HUST,set4_features_metadata,GPR,log,protocol_holdout,exploitation,2,62,12.071570639654944
HUST,set4_features_metadata,GPR,log,protocol_holdout,exploitation,3,6,16.31573672572746
HUST,set4_features_metadata,GPR,log,protocol_holdout,exploitation,3,12,15.39999279517974
HUST,set4_features_metadata,GPR,log,protocol_holdout,exploitation,3,18,14.347971087106206
HUST,set4_features_metadata,GPR,log,protocol_holdout,exploitation,3,24,12.581841812630351
HUST,set4_features_metadata,GPR,log,protocol_holdout,exploitation,3,30,11.836363093018644
HUST,set4_features_metadata,GPR,log,protocol_holdout,exploitation,3,36,14.445567639837876
HUST,set4_features_metadata,GPR,log,protocol_holdout,exploitation,3,42,13.02749171162564
HUST,set4_features_metadata,GPR,log,protocol_holdout,exploitation,3,48,10.557549309742983
HUST,set4_features_metadata,GPR,log,protocol_holdout,exploitation,3,54,10.604297399620156
HUST,set4_features_metadata,GPR,log,protocol_holdout,exploitation,3,60,9.97059086724349
HUST,set4_features_metadata,GPR,log,protocol_holdout,exploitation,3,62,9.5790915098645
HUST,set4_features_metadata,GPR,log,protocol_holdout,exploitation,4,6,11.75885505858654
HUST,set4_features_metadata,GPR,log,protocol_holdout,exploitation,4,12,11.183070681735604
HUST,set4_features_metadata,GPR,log,protocol_holdout,exploitation,4,18,10.448155278588503
HUST,set4_features_metadata,GPR,log,protocol_holdout,exploitation,4,24,11.62142955811535
HUST,set4_features_metadata,GPR,log,protocol_holdout,exploitation,4,30,10.58656342165099
HUST,set4_features_metadata,GPR,log,protocol_holdout,exploitation,4,36,8.893983199683491
HUST,set4_features_metadata,GPR,log,protocol_holdout,exploitation,4,42,8.725588954970334
HUST,set4_features_metadata,GPR,log,protocol_holdout,exploitation,4,48,9.894729130144912
HUST,set4_features_metadata,GPR,log,protocol_holdout,exploitation,4,54,9.560487300652772
HUST,set4_features_metadata,GPR,log,protocol_holdout,exploitation,4,60,8.62769206289453
HUST,set4_features_metadata,GPR,log,protocol_holdout,exploitation,4,62,9.070364953528658
HUST,set4_features_metadata,GPR,log,protocol_holdout,exploitation,5,6,12.97887013172517
HUST,set4_features_metadata,GPR,log,protocol_holdout,exploitation,5,12,16.55018617470065
HUST,set4_features_metadata,GPR,log,protocol_holdout,exploitation,5,18,11.507524114917755
HUST,set4_features_metadata,GPR,log,protocol_holdout,exploitation,5,24,10.50191459251028
HUST,set4_features_metadata,GPR,log,protocol_holdout,exploitation,5,30,13.091952809725058
HUST,set4_features_metadata,GPR,log,protocol_holdout,exploitation,5,36,13.60352947113858
HUST,set4_features_metadata,GPR,log,protocol_holdout,exploitation,5,42,14.48252836299624
HUST,set4_features_metadata,GPR,log,protocol_holdout,exploitation,5,48,13.965210144625395
HUST,set4_features_metadata,GPR,log,protocol_holdout,exploitation,5,54,13.142136672372065
HUST,set4_features_metadata,GPR,log,protocol_holdout,exploitation,5,60,13.08770898592441
HUST,set4_features_metadata,GPR,log,protocol_holdout,exploitation,5,62,12.512324535304344
HUST,set4_features_metadata,GPR,log,protocol_holdout,exploitation,6,6,19.491762994587887
HUST,set4_features_metadata,GPR,log,protocol_holdout,exploitation,6,12,14.264061782988565
HUST,set4_features_metadata,GPR,log,protocol_holdout,exploitation,6,18,13.982193935885926
HUST,set4_features_metadata,GPR,log,protocol_holdout,exploitation,6,24,10.693772963190192
HUST,set4_features_metadata,GPR,log,protocol_holdout,exploitation,6,30,9.453536279668477
HUST,set4_features_metadata,GPR,log,protocol_holdout,exploitation,6,36,13.080828233137035
HUST,set4_features_metadata,GPR,log,protocol_holdout,exploitation,6,42,12.190197064987933
HUST,set4_features_metadata,GPR,log,protocol_holdout,exploitation,6,48,12.365840265895166
HUST,set4_features_metadata,GPR,log,protocol_holdout,exploitation,6,54,11.79315502798014
HUST,set4_features_metadata,GPR,log,protocol_holdout,exploitation,6,60,8.637678310508228
HUST,set4_features_metadata,GPR,log,protocol_holdout,exploitation,6,62,8.852665543973243
HUST,set4_features_metadata,GPR,log,protocol_holdout,exploitation,7,6,33.16666381890565
HUST,set4_features_metadata,GPR,log,protocol_holdout,exploitation,7,12,25.440115449310003
HUST,set4_features_metadata,GPR,log,protocol_holdout,exploitation,7,18,19.38523291359425
HUST,set4_features_metadata,GPR,log,protocol_holdout,exploitation,7,24,18.981002734381345
HUST,set4_features_metadata,GPR,log,protocol_holdout,exploitation,7,30,17.73144042534471
HUST,set4_features_metadata,GPR,log,protocol_holdout,exploitation,7,36,16.134314439437254
HUST,set4_features_metadata,GPR,log,protocol_holdout,exploitation,7,42,15.100305463313882
HUST,set4_features_metadata,GPR,log,protocol_holdout,exploitation,7,48,17.791866758070242
HUST,set4_features_metadata,GPR,log,protocol_holdout,exploitation,7,54,15.869420465573349
HUST,set4_features_metadata,GPR,log,protocol_holdout,exploitation,7,60,13.094638472852452
HUST,set4_features_metadata,GPR,log,protocol_holdout,exploitation,7,62,12.019409260267732
HUST,set4_features_metadata,GPR,log,protocol_holdout,exploitation,8,6,24.97887210902365
HUST,set4_features_metadata,GPR,log,protocol_holdout,exploitation,8,12,18.53090744669175
HUST,set4_features_metadata,GPR,log,protocol_holdout,exploitation,8,18,19.988225088813365
HUST,set4_features_metadata,GPR,log,protocol_holdout,exploitation,8,24,19.121502671238485
HUST,set4_features_metadata,GPR,log,protocol_holdout,exploitation,8,30,17.431205637925753
HUST,set4_features_metadata,GPR,log,protocol_holdout,exploitation,8,36,17.512007249971514
HUST,set4_features_metadata,GPR,log,protocol_holdout,exploitation,8,42,18.383854260787142
HUST,set4_features_metadata,GPR,log,protocol_holdout,exploitation,8,48,17.645434470913916
HUST,set4_features_metadata,GPR,log,protocol_holdout,exploitation,8,54,15.841640291244335
HUST,set4_features_metadata,GPR,log,protocol_holdout,exploitation,8,60,14.32227991997036
HUST,set4_features_metadata,GPR,log,protocol_holdout,exploitation,8,62,14.185293885163968
HUST,set4_features_metadata,GPR,log,protocol_holdout,exploitation,9,6,14.846641103674724
HUST,set4_features_metadata,GPR,log,protocol_holdout,exploitation,9,12,14.197615787052737
HUST,set4_features_metadata,GPR,log,protocol_holdout,exploitation,9,18,12.273968932180267
HUST,set4_features_metadata,GPR,log,protocol_holdout,exploitation,9,24,10.748052041971327
HUST,set4_features_metadata,GPR,log,protocol_holdout,exploitation,9,30,12.378572573643906
HUST,set4_features_metadata,GPR,log,protocol_holdout,exploitation,9,36,11.504206524152462
HUST,set4_features_metadata,GPR,log,protocol_holdout,exploitation,9,42,10.888642048207268
HUST,set4_features_metadata,GPR,log,protocol_holdout,exploitation,9,48,11.19530714620524
HUST,set4_features_metadata,GPR,log,protocol_holdout,exploitation,9,54,10.89940125843169
HUST,set4_features_metadata,GPR,log,protocol_holdout,exploitation,9,60,8.984419803938982
HUST,set4_features_metadata,GPR,log,protocol_holdout,exploitation,9,62,9.092442675260774
HUST,set4_features_metadata,GPR,log,protocol_holdout,exploitation,10,6,24.28771674403846
HUST,set4_features_metadata,GPR,log,protocol_holdout,exploitation,10,12,25.34238036309981
HUST,set4_features_metadata,GPR,log,protocol_holdout,exploitation,10,18,19.86202285260768
HUST,set4_features_metadata,GPR,log,protocol_holdout,exploitation,10,24,18.6825897556455
HUST,set4_features_metadata,GPR,log,protocol_holdout,exploitation,10,30,14.659843414818129
HUST,set4_features_metadata,GPR,log,protocol_holdout,exploitation,10,36,14.777260770556524
HUST,set4_features_metadata,GPR,log,protocol_holdout,exploitation,10,42,13.445907316583169
HUST,set4_features_metadata,GPR,log,protocol_holdout,exploitation,10,48,12.716565092302258
HUST,set4_features_metadata,GPR,log,protocol_holdout,exploitation,10,54,12.487446780679177
HUST,set4_features_metadata,GPR,log,protocol_holdout,exploitation,10,60,11.381446738172883
HUST,set4_features_metadata,GPR,log,protocol_holdout,exploitation,10,62,11.391777352863173
HUST,set4_features_metadata,GPR,log,protocol_holdout,hybrid,1,6,11.714297711325816
HUST,set4_features_metadata,GPR,log,protocol_holdout,hybrid,1,12,9.284814060532163
HUST,set4_features_metadata,GPR,log,protocol_holdout,hybrid,1,18,12.252215219421304
HUST,set4_features_metadata,GPR,log,protocol_holdout,hybrid,1,24,9.562439559813043
HUST,set4_features_metadata,GPR,log,protocol_holdout,hybrid,1,30,9.474058702922031
HUST,set4_features_metadata,GPR,log,protocol_holdout,hybrid,1,36,8.584043404582955
HUST,set4_features_metadata,GPR,log,protocol_holdout,hybrid,1,42,8.817588119959773
HUST,set4_features_metadata,GPR,log,protocol_holdout,hybrid,1,48,8.918425259781571
HUST,set4_features_metadata,GPR,log,protocol_holdout,hybrid,1,54,8.970614935814533
HUST,set4_features_metadata,GPR,log,protocol_holdout,hybrid,1,60,8.354716433913113
HUST,set4_features_metadata,GPR,log,protocol_holdout,hybrid,1,62,8.395108768670644
HUST,set4_features_metadata,GPR,log,protocol_holdout,hybrid,2,6,18.459262478433697
HUST,set4_features_metadata,GPR,log,protocol_holdout,hybrid,2,12,17.942289155289018
HUST,set4_features_metadata,GPR,log,protocol_holdout,hybrid,2,18,14.785798174758618
HUST,set4_features_metadata,GPR,log,protocol_holdout,hybrid,2,24,22.36691144328428
HUST,set4_features_metadata,GPR,log,protocol_holdout,hybrid,2,30,15.64358073869421
HUST,set4_features_metadata,GPR,log,protocol_holdout,hybrid,2,36,15.559274736557422
HUST,set4_features_metadata,GPR,log,protocol_holdout,hybrid,2,42,14.691740719339426
HUST,set4_features_metadata,GPR,log,protocol_holdout,hybrid,2,48,14.354971622538455
HUST,set4_features_metadata,GPR,log,protocol_holdout,hybrid,2,54,12.339352675489913
HUST,set4_features_metadata,GPR,log,protocol_holdout,hybrid,2,60,12.498985726002235
HUST,set4_features_metadata,GPR,log,protocol_holdout,hybrid,2,62,12.071570639654944
HUST,set4_features_metadata,GPR,log,protocol_holdout,hybrid,3,6,16.31573672572746
HUST,set4_features_metadata,GPR,log,protocol_holdout,hybrid,3,12,13.65658751528355
HUST,set4_features_metadata,GPR,log,protocol_holdout,hybrid,3,18,14.36205845890173
HUST,set4_features_metadata,GPR,log,protocol_holdout,hybrid,3,24,16.916065705370947
HUST,set4_features_metadata,GPR,log,protocol_holdout,hybrid,3,30,13.66312612688624
HUST,set4_features_metadata,GPR,log,protocol_holdout,hybrid,3,36,12.954816408338491
HUST,set4_features_metadata,GPR,log,protocol_holdout,hybrid,3,42,11.630074162929684
HUST,set4_features_metadata,GPR,log,protocol_holdout,hybrid,3,48,9.11093030492524
HUST,set4_features_metadata,GPR,log,protocol_holdout,hybrid,3,54,10.34470846984228
HUST,set4_features_metadata,GPR,log,protocol_holdout,hybrid,3,60,9.357308034981706
HUST,set4_features_metadata,GPR,log,protocol_holdout,hybrid,3,62,9.5790915098645
HUST,set4_features_metadata,GPR,log,protocol_holdout,hybrid,4,6,11.75885505858654
HUST,set4_features_metadata,GPR,log,protocol_holdout,hybrid,4,12,11.619967126274618
HUST,set4_features_metadata,GPR,log,protocol_holdout,hybrid,4,18,12.551861862778868
HUST,set4_features_metadata,GPR,log,protocol_holdout,hybrid,4,24,11.80427482757002
HUST,set4_features_metadata,GPR,log,protocol_holdout,hybrid,4,30,11.591664058904842
HUST,set4_features_metadata,GPR,log,protocol_holdout,hybrid,4,36,9.52684177509336
HUST,set4_features_metadata,GPR,log,protocol_holdout,hybrid,4,42,9.432037184124964
HUST,set4_features_metadata,GPR,log,protocol_holdout,hybrid,4,48,8.344312725598428
HUST,set4_features_metadata,GPR,log,protocol_holdout,hybrid,4,54,8.120034603134659
HUST,set4_features_metadata,GPR,log,protocol_holdout,hybrid,4,60,9.045474672840829
HUST,set4_features_metadata,GPR,log,protocol_holdout,hybrid,4,62,9.070364953528658
HUST,set4_features_metadata,GPR,log,protocol_holdout,hybrid,5,6,12.97887013172517
HUST,set4_features_metadata,GPR,log,protocol_holdout,hybrid,5,12,10.114893561266264
HUST,set4_features_metadata,GPR,log,protocol_holdout,hybrid,5,18,11.99201427947338
HUST,set4_features_metadata,GPR,log,protocol_holdout,hybrid,5,24,13.508365240645476
HUST,set4_features_metadata,GPR,log,protocol_holdout,hybrid,5,30,13.76603657249398
HUST,set4_features_metadata,GPR,log,protocol_holdout,hybrid,5,36,13.638464326319475
HUST,set4_features_metadata,GPR,log,protocol_holdout,hybrid,5,42,13.530472070973945
HUST,set4_features_metadata,GPR,log,protocol_holdout,hybrid,5,48,12.64430093854377
HUST,set4_features_metadata,GPR,log,protocol_holdout,hybrid,5,54,12.64182732889966
HUST,set4_features_metadata,GPR,log,protocol_holdout,hybrid,5,60,12.486863409522538
HUST,set4_features_metadata,GPR,log,protocol_holdout,hybrid,5,62,12.512324535304344
HUST,set4_features_metadata,GPR,log,protocol_holdout,hybrid,6,6,19.491762994587887
HUST,set4_features_metadata,GPR,log,protocol_holdout,hybrid,6,12,20.6329044628034
HUST,set4_features_metadata,GPR,log,protocol_holdout,hybrid,6,18,19.398895533653125
HUST,set4_features_metadata,GPR,log,protocol_holdout,hybrid,6,24,20.779661624120266
HUST,set4_features_metadata,GPR,log,protocol_holdout,hybrid,6,30,17.20001334512247
HUST,set4_features_metadata,GPR,log,protocol_holdout,hybrid,6,36,16.226262168967985
HUST,set4_features_metadata,GPR,log,protocol_holdout,hybrid,6,42,13.645187009643749
HUST,set4_features_metadata,GPR,log,protocol_holdout,hybrid,6,48,12.268661225740372
HUST,set4_features_metadata,GPR,log,protocol_holdout,hybrid,6,54,10.565795465828147
HUST,set4_features_metadata,GPR,log,protocol_holdout,hybrid,6,60,9.798870720524024
HUST,set4_features_metadata,GPR,log,protocol_holdout,hybrid,6,62,8.852665543973243
HUST,set4_features_metadata,GPR,log,protocol_holdout,hybrid,7,6,33.16666381890565
HUST,set4_features_metadata,GPR,log,protocol_holdout,hybrid,7,12,21.824382913628902
HUST,set4_features_metadata,GPR,log,protocol_holdout,hybrid,7,18,21.475471518817045
HUST,set4_features_metadata,GPR,log,protocol_holdout,hybrid,7,24,19.652003556328328
HUST,set4_features_metadata,GPR,log,protocol_holdout,hybrid,7,30,19.82339740726937
HUST,set4_features_metadata,GPR,log,protocol_holdout,hybrid,7,36,18.668252131276027
HUST,set4_features_metadata,GPR,log,protocol_holdout,hybrid,7,42,18.063651316206126
HUST,set4_features_metadata,GPR,log,protocol_holdout,hybrid,7,48,12.963511475793243
HUST,set4_features_metadata,GPR,log,protocol_holdout,hybrid,7,54,11.01579909214306
HUST,set4_features_metadata,GPR,log,protocol_holdout,hybrid,7,60,12.573966189104604
HUST,set4_features_metadata,GPR,log,protocol_holdout,hybrid,7,62,12.019409260267732
HUST,set4_features_metadata,GPR,log,protocol_holdout,hybrid,8,6,24.97887210902365
HUST,set4_features_metadata,GPR,log,protocol_holdout,hybrid,8,12,19.5880609009231
HUST,set4_features_metadata,GPR,log,protocol_holdout,hybrid,8,18,20.526146397821847
HUST,set4_features_metadata,GPR,log,protocol_holdout,hybrid,8,24,20.38345107995245
HUST,set4_features_metadata,GPR,log,protocol_holdout,hybrid,8,30,17.204384133287565
HUST,set4_features_metadata,GPR,log,protocol_holdout,hybrid,8,36,17.523546890404372
HUST,set4_features_metadata,GPR,log,protocol_holdout,hybrid,8,42,17.03572515952856
HUST,set4_features_metadata,GPR,log,protocol_holdout,hybrid,8,48,15.546401225846871
HUST,set4_features_metadata,GPR,log,protocol_holdout,hybrid,8,54,13.733221723622654
HUST,set4_features_metadata,GPR,log,protocol_holdout,hybrid,8,60,14.727711060956134
HUST,set4_features_metadata,GPR,log,protocol_holdout,hybrid,8,62,14.185293885163968
HUST,set4_features_metadata,GPR,log,protocol_holdout,hybrid,9,6,14.846641103674724
HUST,set4_features_metadata,GPR,log,protocol_holdout,hybrid,9,12,16.28219134577675
HUST,set4_features_metadata,GPR,log,protocol_holdout,hybrid,9,18,14.035651529640452
HUST,set4_features_metadata,GPR,log,protocol_holdout,hybrid,9,24,11.749551899595131
HUST,set4_features_metadata,GPR,log,protocol_holdout,hybrid,9,30,10.232962286517932
HUST,set4_features_metadata,GPR,log,protocol_holdout,hybrid,9,36,11.228185988545308
HUST,set4_features_metadata,GPR,log,protocol_holdout,hybrid,9,42,10.384906739065878
HUST,set4_features_metadata,GPR,log,protocol_holdout,hybrid,9,48,9.006398722975002
HUST,set4_features_metadata,GPR,log,protocol_holdout,hybrid,9,54,8.896302830600034
HUST,set4_features_metadata,GPR,log,protocol_holdout,hybrid,9,60,9.264839448267075
HUST,set4_features_metadata,GPR,log,protocol_holdout,hybrid,9,62,9.092442675260774
HUST,set4_features_metadata,GPR,log,protocol_holdout,hybrid,10,6,24.28771674403846
HUST,set4_features_metadata,GPR,log,protocol_holdout,hybrid,10,12,29.816954003151512
HUST,set4_features_metadata,GPR,log,protocol_holdout,hybrid,10,18,21.907661083525635
HUST,set4_features_metadata,GPR,log,protocol_holdout,hybrid,10,24,17.65932375012935
HUST,set4_features_metadata,GPR,log,protocol_holdout,hybrid,10,30,15.400913212018631
HUST,set4_features_metadata,GPR,log,protocol_holdout,hybrid,10,36,15.38412089971992
HUST,set4_features_metadata,GPR,log,protocol_holdout,hybrid,10,42,13.343893625128604
HUST,set4_features_metadata,GPR,log,protocol_holdout,hybrid,10,48,12.426535665772851
HUST,set4_features_metadata,GPR,log,protocol_holdout,hybrid,10,54,12.63844963222888
HUST,set4_features_metadata,GPR,log,protocol_holdout,hybrid,10,60,11.586128723376175
HUST,set4_features_metadata,GPR,log,protocol_holdout,hybrid,10,62,11.391777352863173
KIT,set4_features_metadata,GPR,log,protocol_holdout,random_selection,1,6,33.16445769398825
KIT,set4_features_metadata,GPR,log,protocol_holdout,random_selection,1,12,30.25797775493596
KIT,set4_features_metadata,GPR,log,protocol_holdout,random_selection,1,18,23.529912697395485
KIT,set4_features_metadata,GPR,log,protocol_holdout,random_selection,1,24,25.214516133225867
KIT,set4_features_metadata,GPR,log,protocol_holdout,random_selection,1,30,20.90926074175697
KIT,set4_features_metadata,GPR,log,protocol_holdout,random_selection,1,36,20.16702691821208
KIT,set4_features_metadata,GPR,log,protocol_holdout,random_selection,1,42,18.992226750074902
KIT,set4_features_metadata,GPR,log,protocol_holdout,random_selection,1,48,18.236750255794128
KIT,set4_features_metadata,GPR,log,protocol_holdout,random_selection,1,54,18.68259071265944
KIT,set4_features_metadata,GPR,log,protocol_holdout,random_selection,1,60,18.73757969072606
KIT,set4_features_metadata,GPR,log,protocol_holdout,random_selection,1,66,17.763290431391475
KIT,set4_features_metadata,GPR,log,protocol_holdout,random_selection,2,6,25.940366707539365
KIT,set4_features_metadata,GPR,log,protocol_holdout,random_selection,2,12,41.83201446644806
KIT,set4_features_metadata,GPR,log,protocol_holdout,random_selection,2,18,27.209714819944995
KIT,set4_features_metadata,GPR,log,protocol_holdout,random_selection,2,24,19.04304276713891
KIT,set4_features_metadata,GPR,log,protocol_holdout,random_selection,2,30,20.57611912047453
KIT,set4_features_metadata,GPR,log,protocol_holdout,random_selection,2,36,20.56353025221103
KIT,set4_features_metadata,GPR,log,protocol_holdout,random_selection,2,42,21.258452509050027
KIT,set4_features_metadata,GPR,log,protocol_holdout,random_selection,2,48,21.032330730541133
KIT,set4_features_metadata,GPR,log,protocol_holdout,random_selection,2,54,27.76304989847186
KIT,set4_features_metadata,GPR,log,protocol_holdout,random_selection,2,60,27.767237672267587
KIT,set4_features_metadata,GPR,log,protocol_holdout,random_selection,2,66,28.6907923816666
KIT,set4_features_metadata,GPR,log,protocol_holdout,random_selection,3,6,30.91903901226788
KIT,set4_features_metadata,GPR,log,protocol_holdout,random_selection,3,12,29.46260907521904
KIT,set4_features_metadata,GPR,log,protocol_holdout,random_selection,3,18,29.3313318573898
KIT,set4_features_metadata,GPR,log,protocol_holdout,random_selection,3,24,21.211831177217285
KIT,set4_features_metadata,GPR,log,protocol_holdout,random_selection,3,30,21.485596827077945
KIT,set4_features_metadata,GPR,log,protocol_holdout,random_selection,3,36,21.90458599925358
KIT,set4_features_metadata,GPR,log,protocol_holdout,random_selection,3,42,30.70368112206763
KIT,set4_features_metadata,GPR,log,protocol_holdout,random_selection,3,48,24.690158092853977
KIT,set4_features_metadata,GPR,log,protocol_holdout,random_selection,3,54,29.04882482038446
KIT,set4_features_metadata,GPR,log,protocol_holdout,random_selection,3,60,29.36500295978456
KIT,set4_features_metadata,GPR,log,protocol_holdout,random_selection,3,66,31.32843335714976
KIT,set4_features_metadata,GPR,log,protocol_holdout,random_selection,4,6,47.73007677831701
KIT,set4_features_metadata,GPR,log,protocol_holdout,random_selection,4,12,21.65194041357675
KIT,set4_features_metadata,GPR,log,protocol_holdout,random_selection,4,18,24.02375244647396
KIT,set4_features_metadata,GPR,log,protocol_holdout,random_selection,4,24,21.937746624347984
KIT,set4_features_metadata,GPR,log,protocol_holdout,random_selection,4,30,12.353040852322822
KIT,set4_features_metadata,GPR,log,protocol_holdout,random_selection,4,36,18.07633731251669
KIT,set4_features_metadata,GPR,log,protocol_holdout,random_selection,4,42,34.14450850033701
KIT,set4_features_metadata,GPR,log,protocol_holdout,random_selection,4,48,24.318083524345408
KIT,set4_features_metadata,GPR,log,protocol_holdout,random_selection,4,54,33.08096382107906
KIT,set4_features_metadata,GPR,log,protocol_holdout,random_selection,4,60,36.59629769352299
KIT,set4_features_metadata,GPR,log,protocol_holdout,random_selection,4,66,34.21118630961306
KIT,set4_features_metadata,GPR,log,protocol_holdout,random_selection,5,6,24.177332502187483
KIT,set4_features_metadata,GPR,log,protocol_holdout,random_selection,5,12,15.801847156817644
KIT,set4_features_metadata,GPR,log,protocol_holdout,random_selection,5,18,24.94487106605296
KIT,set4_features_metadata,GPR,log,protocol_holdout,random_selection,5,24,28.120914940358965
KIT,set4_features_metadata,GPR,log,protocol_holdout,random_selection,5,30,20.353712950626367
KIT,set4_features_metadata,GPR,log,protocol_holdout,random_selection,5,36,28.7752293505881
KIT,set4_features_metadata,GPR,log,protocol_holdout,random_selection,5,42,33.39547041450561
KIT,set4_features_metadata,GPR,log,protocol_holdout,random_selection,5,48,34.57897230849292
KIT,set4_features_metadata,GPR,log,protocol_holdout,random_selection,5,54,20.464391320868017
KIT,set4_features_metadata,GPR,log,protocol_holdout,random_selection,5,60,19.31656190827768
KIT,set4_features_metadata,GPR,log,protocol_holdout,random_selection,5,66,17.72336930373912
KIT,set4_features_metadata,GPR,log,protocol_holdout,random_selection,6,6,18.44964751353425
KIT,set4_features_metadata,GPR,log,protocol_holdout,random_selection,6,12,19.546692666840887
KIT,set4_features_metadata,GPR,log,protocol_holdout,random_selection,6,18,22.59302905985168
KIT,set4_features_metadata,GPR,log,protocol_holdout,random_selection,6,24,30.78535031831948
KIT,set4_features_metadata,GPR,log,protocol_holdout,random_selection,6,30,37.579663599050974
KIT,set4_features_metadata,GPR,log,protocol_holdout,random_selection,6,36,25.9337574370982
KIT,set4_features_metadata,GPR,log,protocol_holdout,random_selection,6,42,23.454410899390364
KIT,set4_features_metadata,GPR,log,protocol_holdout,random_selection,6,48,30.54320410790641
KIT,set4_features_metadata,GPR,log,protocol_holdout,random_selection,6,54,28.34862209405941
KIT,set4_features_metadata,GPR,log,protocol_holdout,random_selection,6,60,25.877086389005115
KIT,set4_features_metadata,GPR,log,protocol_holdout,random_selection,6,66,16.386346350966647
KIT,set4_features_metadata,GPR,log,protocol_holdout,random_selection,7,6,29.87968700274251
KIT,set4_features_metadata,GPR,log,protocol_holdout,random_selection,7,12,32.02150084768684
KIT,set4_features_metadata,GPR,log,protocol_holdout,random_selection,7,18,38.30808755649042
KIT,set4_features_metadata,GPR,log,protocol_holdout,random_selection,7,24,34.019413604094254
KIT,set4_features_metadata,GPR,log,protocol_holdout,random_selection,7,30,32.07629424824301
KIT,set4_features_metadata,GPR,log,protocol_holdout,random_selection,7,36,41.1613776130897
KIT,set4_features_metadata,GPR,log,protocol_holdout,random_selection,7,42,52.241692142278175
KIT,set4_features_metadata,GPR,log,protocol_holdout,random_selection,7,48,55.402224590401794
KIT,set4_features_metadata,GPR,log,protocol_holdout,random_selection,7,54,35.027203648126644
KIT,set4_features_metadata,GPR,log,protocol_holdout,random_selection,7,60,33.53498797647426
KIT,set4_features_metadata,GPR,log,protocol_holdout,random_selection,7,66,33.94138978588544
KIT,set4_features_metadata,GPR,log,protocol_holdout,random_selection,8,6,25.896386076612423
KIT,set4_features_metadata,GPR,log,protocol_holdout,random_selection,8,12,34.81352740324369
KIT,set4_features_metadata,GPR,log,protocol_holdout,random_selection,8,18,25.62449740629349
KIT,set4_features_metadata,GPR,log,protocol_holdout,random_selection,8,24,16.780907087829185
KIT,set4_features_metadata,GPR,log,protocol_holdout,random_selection,8,30,21.771855458595105
KIT,set4_features_metadata,GPR,log,protocol_holdout,random_selection,8,36,23.01304007822484
KIT,set4_features_metadata,GPR,log,protocol_holdout,random_selection,8,42,20.753397472220367
KIT,set4_features_metadata,GPR,log,protocol_holdout,random_selection,8,48,22.00853856181556
KIT,set4_features_metadata,GPR,log,protocol_holdout,random_selection,8,54,16.800720001876087
KIT,set4_features_metadata,GPR,log,protocol_holdout,random_selection,8,60,18.43692940810401
KIT,set4_features_metadata,GPR,log,protocol_holdout,random_selection,8,66,20.673531839815627
KIT,set4_features_metadata,GPR,log,protocol_holdout,random_selection,9,6,31.35875387520627
KIT,set4_features_metadata,GPR,log,protocol_holdout,random_selection,9,12,28.119264096418327
KIT,set4_features_metadata,GPR,log,protocol_holdout,random_selection,9,18,42.83708817336965
KIT,set4_features_metadata,GPR,log,protocol_holdout,random_selection,9,24,21.588970491989
KIT,set4_features_metadata,GPR,log,protocol_holdout,random_selection,9,30,52.61225037090729
KIT,set4_features_metadata,GPR,log,protocol_holdout,random_selection,9,36,41.28634221941725
KIT,set4_features_metadata,GPR,log,protocol_holdout,random_selection,9,42,50.970116849660776
KIT,set4_features_metadata,GPR,log,protocol_holdout,random_selection,9,48,48.71623212517327
KIT,set4_features_metadata,GPR,log,protocol_holdout,random_selection,9,54,58.04018860292315
KIT,set4_features_metadata,GPR,log,protocol_holdout,random_selection,9,60,35.437107089615374
KIT,set4_features_metadata,GPR,log,protocol_holdout,random_selection,9,66,38.48527330245772
KIT,set4_features_metadata,GPR,log,protocol_holdout,random_selection,10,6,17.368442839120593
KIT,set4_features_metadata,GPR,log,protocol_holdout,random_selection,10,12,26.50010234366922
KIT,set4_features_metadata,GPR,log,protocol_holdout,random_selection,10,18,23.411665096661416
KIT,set4_features_metadata,GPR,log,protocol_holdout,random_selection,10,24,23.256544047582185
KIT,set4_features_metadata,GPR,log,protocol_holdout,random_selection,10,30,23.52495461040821
KIT,set4_features_metadata,GPR,log,protocol_holdout,random_selection,10,36,26.13538265508966
KIT,set4_features_metadata,GPR,log,protocol_holdout,random_selection,10,42,18.569819201497907
KIT,set4_features_metadata,GPR,log,protocol_holdout,random_selection,10,48,22.231322905929503
KIT,set4_features_metadata,GPR,log,protocol_holdout,random_selection,10,54,24.0685002672306
KIT,set4_features_metadata,GPR,log,protocol_holdout,random_selection,10,60,12.285248800812065
KIT,set4_features_metadata,GPR,log,protocol_holdout,random_selection,10,66,11.37766705986001
KIT,set4_features_metadata,GPR,log,protocol_holdout,diversity_oneshot,1,6,26.78352161149188
KIT,set4_features_metadata,GPR,log,protocol_holdout,diversity_oneshot,1,12,33.22628057312923
KIT,set4_features_metadata,GPR,log,protocol_holdout,diversity_oneshot,1,18,27.96853662565924
KIT,set4_features_metadata,GPR,log,protocol_holdout,diversity_oneshot,1,24,25.69886633949796
KIT,set4_features_metadata,GPR,log,protocol_holdout,diversity_oneshot,1,30,22.12203555903045
KIT,set4_features_metadata,GPR,log,protocol_holdout,diversity_oneshot,1,36,19.30486492683699
KIT,set4_features_metadata,GPR,log,protocol_holdout,diversity_oneshot,1,42,18.521801005094066
KIT,set4_features_metadata,GPR,log,protocol_holdout,diversity_oneshot,1,48,16.422471438674428
KIT,set4_features_metadata,GPR,log,protocol_holdout,diversity_oneshot,1,54,16.50260783937681
KIT,set4_features_metadata,GPR,log,protocol_holdout,diversity_oneshot,1,60,17.014010619776823
KIT,set4_features_metadata,GPR,log,protocol_holdout,diversity_oneshot,1,66,17.763290431391475
KIT,set4_features_metadata,GPR,log,protocol_holdout,diversity_oneshot,2,6,33.50868343938979
KIT,set4_features_metadata,GPR,log,protocol_holdout,diversity_oneshot,2,12,30.78866981902016
KIT,set4_features_metadata,GPR,log,protocol_holdout,diversity_oneshot,2,18,19.641253021330648
KIT,set4_features_metadata,GPR,log,protocol_holdout,diversity_oneshot,2,24,28.081708927221445
KIT,set4_features_metadata,GPR,log,protocol_holdout,diversity_oneshot,2,30,27.155966347391768
KIT,set4_features_metadata,GPR,log,protocol_holdout,diversity_oneshot,2,36,29.60602380457048
KIT,set4_features_metadata,GPR,log,protocol_holdout,diversity_oneshot,2,42,29.44980285673232
KIT,set4_features_metadata,GPR,log,protocol_holdout,diversity_oneshot,2,48,24.613585534390168
KIT,set4_features_metadata,GPR,log,protocol_holdout,diversity_oneshot,2,54,24.69776837983776
KIT,set4_features_metadata,GPR,log,protocol_holdout,diversity_oneshot,2,60,25.26757680961735
KIT,set4_features_metadata,GPR,log,protocol_holdout,diversity_oneshot,2,66,28.6907923816666
KIT,set4_features_metadata,GPR,log,protocol_holdout,diversity_oneshot,3,6,43.91506833940843
KIT,set4_features_metadata,GPR,log,protocol_holdout,diversity_oneshot,3,12,30.27814748004048
KIT,set4_features_metadata,GPR,log,protocol_holdout,diversity_oneshot,3,18,24.36681536771936
KIT,set4_features_metadata,GPR,log,protocol_holdout,diversity_oneshot,3,24,25.267910745201604
KIT,set4_features_metadata,GPR,log,protocol_holdout,diversity_oneshot,3,30,23.13265900911469
KIT,set4_features_metadata,GPR,log,protocol_holdout,diversity_oneshot,3,36,22.3394922697871
KIT,set4_features_metadata,GPR,log,protocol_holdout,diversity_oneshot,3,42,19.81033490493484
KIT,set4_features_metadata,GPR,log,protocol_holdout,diversity_oneshot,3,48,20.85886442866712
KIT,set4_features_metadata,GPR,log,protocol_holdout,diversity_oneshot,3,54,22.01407026685285
KIT,set4_features_metadata,GPR,log,protocol_holdout,diversity_oneshot,3,60,27.078978289242645
KIT,set4_features_metadata,GPR,log,protocol_holdout,diversity_oneshot,3,66,31.32843335714976
KIT,set4_features_metadata,GPR,log,protocol_holdout,diversity_oneshot,4,6,35.70411541658593
KIT,set4_features_metadata,GPR,log,protocol_holdout,diversity_oneshot,4,12,30.49631138195401
KIT,set4_features_metadata,GPR,log,protocol_holdout,diversity_oneshot,4,18,21.60673226048082
KIT,set4_features_metadata,GPR,log,protocol_holdout,diversity_oneshot,4,24,20.004482083577464
KIT,set4_features_metadata,GPR,log,protocol_holdout,diversity_oneshot,4,30,21.150065552067336
KIT,set4_features_metadata,GPR,log,protocol_holdout,diversity_oneshot,4,36,22.701789203659946
KIT,set4_features_metadata,GPR,log,protocol_holdout,diversity_oneshot,4,42,21.93081311604301
KIT,set4_features_metadata,GPR,log,protocol_holdout,diversity_oneshot,4,48,23.94444270771232
KIT,set4_features_metadata,GPR,log,protocol_holdout,diversity_oneshot,4,54,32.21563618068791
KIT,set4_features_metadata,GPR,log,protocol_holdout,diversity_oneshot,4,60,29.55819703013876
KIT,set4_features_metadata,GPR,log,protocol_holdout,diversity_oneshot,4,66,34.21118630961306
KIT,set4_features_metadata,GPR,log,protocol_holdout,diversity_oneshot,5,6,21.67013589698233
KIT,set4_features_metadata,GPR,log,protocol_holdout,diversity_oneshot,5,12,14.37058094264935
KIT,set4_features_metadata,GPR,log,protocol_holdout,diversity_oneshot,5,18,41.35919560429776
KIT,set4_features_metadata,GPR,log,protocol_holdout,diversity_oneshot,5,24,23.1549066975306
KIT,set4_features_metadata,GPR,log,protocol_holdout,diversity_oneshot,5,30,33.07635488961471
KIT,set4_features_metadata,GPR,log,protocol_holdout,diversity_oneshot,5,36,34.5887141146488
KIT,set4_features_metadata,GPR,log,protocol_holdout,diversity_oneshot,5,42,36.03234768623806
KIT,set4_features_metadata,GPR,log,protocol_holdout,diversity_oneshot,5,48,31.2176907005044
KIT,set4_features_metadata,GPR,log,protocol_holdout,diversity_oneshot,5,54,18.35524094010306
KIT,set4_features_metadata,GPR,log,protocol_holdout,diversity_oneshot,5,60,20.001557154399084
KIT,set4_features_metadata,GPR,log,protocol_holdout,diversity_oneshot,5,66,17.72336930373912
KIT,set4_features_metadata,GPR,log,protocol_holdout,diversity_oneshot,6,6,16.991503961149952
KIT,set4_features_metadata,GPR,log,protocol_holdout,diversity_oneshot,6,12,40.16581282289683
KIT,set4_features_metadata,GPR,log,protocol_holdout,diversity_oneshot,6,18,17.22431147688747
KIT,set4_features_metadata,GPR,log,protocol_holdout,diversity_oneshot,6,24,22.034072609314485
KIT,set4_features_metadata,GPR,log,protocol_holdout,diversity_oneshot,6,30,24.598598509889573
KIT,set4_features_metadata,GPR,log,protocol_holdout,diversity_oneshot,6,36,24.487245450832223
KIT,set4_features_metadata,GPR,log,protocol_holdout,diversity_oneshot,6,42,29.08626400774273
KIT,set4_features_metadata,GPR,log,protocol_holdout,diversity_oneshot,6,48,26.42292715878108
KIT,set4_features_metadata,GPR,log,protocol_holdout,diversity_oneshot,6,54,31.315657659287737
KIT,set4_features_metadata,GPR,log,protocol_holdout,diversity_oneshot,6,60,26.62803791962181
KIT,set4_features_metadata,GPR,log,protocol_holdout,diversity_oneshot,6,66,16.386346350966647
KIT,set4_features_metadata,GPR,log,protocol_holdout,diversity_oneshot,7,6,25.81592475534006
KIT,set4_features_metadata,GPR,log,protocol_holdout,diversity_oneshot,7,12,28.319668629706936
KIT,set4_features_metadata,GPR,log,protocol_holdout,diversity_oneshot,7,18,35.462914200430944
KIT,set4_features_metadata,GPR,log,protocol_holdout,diversity_oneshot,7,24,28.87405529772366
KIT,set4_features_metadata,GPR,log,protocol_holdout,diversity_oneshot,7,30,23.06844587147739
KIT,set4_features_metadata,GPR,log,protocol_holdout,diversity_oneshot,7,36,26.12909503131815
KIT,set4_features_metadata,GPR,log,protocol_holdout,diversity_oneshot,7,42,26.051921858636813
KIT,set4_features_metadata,GPR,log,protocol_holdout,diversity_oneshot,7,48,28.60816324218681
KIT,set4_features_metadata,GPR,log,protocol_holdout,diversity_oneshot,7,54,28.29100774203367
KIT,set4_features_metadata,GPR,log,protocol_holdout,diversity_oneshot,7,60,29.94588149949909
KIT,set4_features_metadata,GPR,log,protocol_holdout,diversity_oneshot,7,66,33.94138978588544
KIT,set4_features_metadata,GPR,log,protocol_holdout,diversity_oneshot,8,6,39.007173142809
KIT,set4_features_metadata,GPR,log,protocol_holdout,diversity_oneshot,8,12,26.124439103002345
KIT,set4_features_metadata,GPR,log,protocol_holdout,diversity_oneshot,8,18,25.24645936835592
KIT,set4_features_metadata,GPR,log,protocol_holdout,diversity_oneshot,8,24,21.519780724672923
KIT,set4_features_metadata,GPR,log,protocol_holdout,diversity_oneshot,8,30,21.038178858553795
KIT,set4_features_metadata,GPR,log,protocol_holdout,diversity_oneshot,8,36,18.28479687343576
KIT,set4_features_metadata,GPR,log,protocol_holdout,diversity_oneshot,8,42,22.469469604020208
KIT,set4_features_metadata,GPR,log,protocol_holdout,diversity_oneshot,8,48,22.87719145070585
KIT,set4_features_metadata,GPR,log,protocol_holdout,diversity_oneshot,8,54,18.62247292805023
KIT,set4_features_metadata,GPR,log,protocol_holdout,diversity_oneshot,8,60,18.54017486413268
KIT,set4_features_metadata,GPR,log,protocol_holdout,diversity_oneshot,8,66,20.673531839815627
KIT,set4_features_metadata,GPR,log,protocol_holdout,diversity_oneshot,9,6,42.5073218534972
KIT,set4_features_metadata,GPR,log,protocol_holdout,diversity_oneshot,9,12,25.60568798649915
KIT,set4_features_metadata,GPR,log,protocol_holdout,diversity_oneshot,9,18,22.9677495729198
KIT,set4_features_metadata,GPR,log,protocol_holdout,diversity_oneshot,9,24,18.6694781142352
KIT,set4_features_metadata,GPR,log,protocol_holdout,diversity_oneshot,9,30,26.29075046465994
KIT,set4_features_metadata,GPR,log,protocol_holdout,diversity_oneshot,9,36,28.501988202606103
KIT,set4_features_metadata,GPR,log,protocol_holdout,diversity_oneshot,9,42,26.366151935271738
KIT,set4_features_metadata,GPR,log,protocol_holdout,diversity_oneshot,9,48,24.068973275063087
KIT,set4_features_metadata,GPR,log,protocol_holdout,diversity_oneshot,9,54,33.27676730596888
KIT,set4_features_metadata,GPR,log,protocol_holdout,diversity_oneshot,9,60,35.43494633701866
KIT,set4_features_metadata,GPR,log,protocol_holdout,diversity_oneshot,9,66,38.48527330245772
KIT,set4_features_metadata,GPR,log,protocol_holdout,diversity_oneshot,10,6,15.031648128525612
KIT,set4_features_metadata,GPR,log,protocol_holdout,diversity_oneshot,10,12,31.432621150927968
KIT,set4_features_metadata,GPR,log,protocol_holdout,diversity_oneshot,10,18,48.85842366304634
KIT,set4_features_metadata,GPR,log,protocol_holdout,diversity_oneshot,10,24,25.976753611149302
KIT,set4_features_metadata,GPR,log,protocol_holdout,diversity_oneshot,10,30,33.99301476907277
KIT,set4_features_metadata,GPR,log,protocol_holdout,diversity_oneshot,10,36,34.31377011286316
KIT,set4_features_metadata,GPR,log,protocol_holdout,diversity_oneshot,10,42,35.495090330205024
KIT,set4_features_metadata,GPR,log,protocol_holdout,diversity_oneshot,10,48,33.5588898211481
KIT,set4_features_metadata,GPR,log,protocol_holdout,diversity_oneshot,10,54,27.839583473774887
KIT,set4_features_metadata,GPR,log,protocol_holdout,diversity_oneshot,10,60,17.22767260222051
KIT,set4_features_metadata,GPR,log,protocol_holdout,diversity_oneshot,10,66,11.37766705986001
KIT,set4_features_metadata,GPR,log,protocol_holdout,diversity_iterative,1,6,26.78352161149188
KIT,set4_features_metadata,GPR,log,protocol_holdout,diversity_iterative,1,12,26.79157104731961
KIT,set4_features_metadata,GPR,log,protocol_holdout,diversity_iterative,1,18,27.20731366664936
KIT,set4_features_metadata,GPR,log,protocol_holdout,diversity_iterative,1,24,25.326644773329026
KIT,set4_features_metadata,GPR,log,protocol_holdout,diversity_iterative,1,30,29.0581369432398
KIT,set4_features_metadata,GPR,log,protocol_holdout,diversity_iterative,1,36,23.05251892305341
KIT,set4_features_metadata,GPR,log,protocol_holdout,diversity_iterative,1,42,23.779769627360253
KIT,set4_features_metadata,GPR,log,protocol_holdout,diversity_iterative,1,48,18.75907390648219
KIT,set4_features_metadata,GPR,log,protocol_holdout,diversity_iterative,1,54,17.72076657875222
KIT,set4_features_metadata,GPR,log,protocol_holdout,diversity_iterative,1,60,17.02248827488972
KIT,set4_features_metadata,GPR,log,protocol_holdout,diversity_iterative,1,66,17.763290431391475
KIT,set4_features_metadata,GPR,log,protocol_holdout,diversity_iterative,2,6,33.50868343938979
KIT,set4_features_metadata,GPR,log,protocol_holdout,diversity_iterative,2,12,38.356131788587
KIT,set4_features_metadata,GPR,log,protocol_holdout,diversity_iterative,2,18,27.435666720761866
KIT,set4_features_metadata,GPR,log,protocol_holdout,diversity_iterative,2,24,27.21250861439744
KIT,set4_features_metadata,GPR,log,protocol_holdout,diversity_iterative,2,30,29.64479903069657
KIT,set4_features_metadata,GPR,log,protocol_holdout,diversity_iterative,2,36,36.48783129599887
KIT,set4_features_metadata,GPR,log,protocol_holdout,diversity_iterative,2,42,48.508380840852
KIT,set4_features_metadata,GPR,log,protocol_holdout,diversity_iterative,2,48,27.61419769253633
KIT,set4_features_metadata,GPR,log,protocol_holdout,diversity_iterative,2,54,21.81531248842004
KIT,set4_features_metadata,GPR,log,protocol_holdout,diversity_iterative,2,60,27.893595127528403
KIT,set4_features_metadata,GPR,log,protocol_holdout,diversity_iterative,2,66,28.6907923816666
KIT,set4_features_metadata,GPR,log,protocol_holdout,diversity_iterative,3,6,43.91506833940843
KIT,set4_features_metadata,GPR,log,protocol_holdout,diversity_iterative,3,12,33.494070785361465
KIT,set4_features_metadata,GPR,log,protocol_holdout,diversity_iterative,3,18,15.229015703174156
KIT,set4_features_metadata,GPR,log,protocol_holdout,diversity_iterative,3,24,15.326052052671868
KIT,set4_features_metadata,GPR,log,protocol_holdout,diversity_iterative,3,30,11.88759439267118
KIT,set4_features_metadata,GPR,log,protocol_holdout,diversity_iterative,3,36,11.943744807611306
KIT,set4_features_metadata,GPR,log,protocol_holdout,diversity_iterative,3,42,23.66007569106213
KIT,set4_features_metadata,GPR,log,protocol_holdout,diversity_iterative,3,48,22.55260382207933
KIT,set4_features_metadata,GPR,log,protocol_holdout,diversity_iterative,3,54,27.91200394302362
KIT,set4_features_metadata,GPR,log,protocol_holdout,diversity_iterative,3,60,31.858894463636737
KIT,set4_features_metadata,GPR,log,protocol_holdout,diversity_iterative,3,66,31.32843335714976
KIT,set4_features_metadata,GPR,log,protocol_holdout,diversity_iterative,4,6,35.70411541658593
KIT,set4_features_metadata,GPR,log,protocol_holdout,diversity_iterative,4,12,20.7454176685621
KIT,set4_features_metadata,GPR,log,protocol_holdout,diversity_iterative,4,18,9.638851692264469
KIT,set4_features_metadata,GPR,log,protocol_holdout,diversity_iterative,4,24,15.27121236489798
KIT,set4_features_metadata,GPR,log,protocol_holdout,diversity_iterative,4,30,14.114225798935076
KIT,set4_features_metadata,GPR,log,protocol_holdout,diversity_iterative,4,36,16.147352211186035
KIT,set4_features_metadata,GPR,log,protocol_holdout,diversity_iterative,4,42,18.8793528940682
KIT,set4_features_metadata,GPR,log,protocol_holdout,diversity_iterative,4,48,20.67580023260031
KIT,set4_features_metadata,GPR,log,protocol_holdout,diversity_iterative,4,54,24.810559117341644
KIT,set4_features_metadata,GPR,log,protocol_holdout,diversity_iterative,4,60,25.96889248666721
KIT,set4_features_metadata,GPR,log,protocol_holdout,diversity_iterative,4,66,34.21118630961306
KIT,set4_features_metadata,GPR,log,protocol_holdout,diversity_iterative,5,6,21.67013589698233
KIT,set4_features_metadata,GPR,log,protocol_holdout,diversity_iterative,5,12,21.28731074918302
KIT,set4_features_metadata,GPR,log,protocol_holdout,diversity_iterative,5,18,29.72620442673958
KIT,set4_features_metadata,GPR,log,protocol_holdout,diversity_iterative,5,24,13.52027108767353
KIT,set4_features_metadata,GPR,log,protocol_holdout,diversity_iterative,5,30,20.730483754556936
KIT,set4_features_metadata,GPR,log,protocol_holdout,diversity_iterative,5,36,13.34631960466188
KIT,set4_features_metadata,GPR,log,protocol_holdout,diversity_iterative,5,42,14.225143424445902
KIT,set4_features_metadata,GPR,log,protocol_holdout,diversity_iterative,5,48,14.872498199335023
KIT,set4_features_metadata,GPR,log,protocol_holdout,diversity_iterative,5,54,19.239604926461624
KIT,set4_features_metadata,GPR,log,protocol_holdout,diversity_iterative,5,60,21.347617116161352
KIT,set4_features_metadata,GPR,log,protocol_holdout,diversity_iterative,5,66,17.72336930373912
KIT,set4_features_metadata,GPR,log,protocol_holdout,diversity_iterative,6,6,16.991503961149952
KIT,set4_features_metadata,GPR,log,protocol_holdout,diversity_iterative,6,12,18.523250912480982
KIT,set4_features_metadata,GPR,log,protocol_holdout,diversity_iterative,6,18,24.605134651522672
KIT,set4_features_metadata,GPR,log,protocol_holdout,diversity_iterative,6,24,21.48781248364762
KIT,set4_features_metadata,GPR,log,protocol_holdout,diversity_iterative,6,30,26.2988561574068
KIT,set4_features_metadata,GPR,log,protocol_holdout,diversity_iterative,6,36,24.90032590074108
KIT,set4_features_metadata,GPR,log,protocol_holdout,diversity_iterative,6,42,24.26600225293357
KIT,set4_features_metadata,GPR,log,protocol_holdout,diversity_iterative,6,48,28.49995480140616
KIT,set4_features_metadata,GPR,log,protocol_holdout,diversity_iterative,6,54,17.06028682209584
KIT,set4_features_metadata,GPR,log,protocol_holdout,diversity_iterative,6,60,17.371308369848908
KIT,set4_features_metadata,GPR,log,protocol_holdout,diversity_iterative,6,66,16.386346350966647
KIT,set4_features_metadata,GPR,log,protocol_holdout,diversity_iterative,7,6,25.81592475534006
KIT,set4_features_metadata,GPR,log,protocol_holdout,diversity_iterative,7,12,27.375061490497384
KIT,set4_features_metadata,GPR,log,protocol_holdout,diversity_iterative,7,18,34.54342399343339
KIT,set4_features_metadata,GPR,log,protocol_holdout,diversity_iterative,7,24,39.09400491155415
KIT,set4_features_metadata,GPR,log,protocol_holdout,diversity_iterative,7,30,68.71906536877864
KIT,set4_features_metadata,GPR,log,protocol_holdout,diversity_iterative,7,36,37.284819521539866
KIT,set4_features_metadata,GPR,log,protocol_holdout,diversity_iterative,7,42,44.68816707874263
KIT,set4_features_metadata,GPR,log,protocol_holdout,diversity_iterative,7,48,43.39288677607146
KIT,set4_features_metadata,GPR,log,protocol_holdout,diversity_iterative,7,54,32.51384526692935
KIT,set4_features_metadata,GPR,log,protocol_holdout,diversity_iterative,7,60,32.39068186735825
KIT,set4_features_metadata,GPR,log,protocol_holdout,diversity_iterative,7,66,33.94138978588544
KIT,set4_features_metadata,GPR,log,protocol_holdout,diversity_iterative,8,6,39.007173142809
KIT,set4_features_metadata,GPR,log,protocol_holdout,diversity_iterative,8,12,24.41492882347521
KIT,set4_features_metadata,GPR,log,protocol_holdout,diversity_iterative,8,18,31.7697094093074
KIT,set4_features_metadata,GPR,log,protocol_holdout,diversity_iterative,8,24,25.42743365071202
KIT,set4_features_metadata,GPR,log,protocol_holdout,diversity_iterative,8,30,30.34044122466672
KIT,set4_features_metadata,GPR,log,protocol_holdout,diversity_iterative,8,36,25.765518879741613
KIT,set4_features_metadata,GPR,log,protocol_holdout,diversity_iterative,8,42,20.714355607108367
KIT,set4_features_metadata,GPR,log,protocol_holdout,diversity_iterative,8,48,17.979713227998403
KIT,set4_features_metadata,GPR,log,protocol_holdout,diversity_iterative,8,54,20.201148991396
KIT,set4_features_metadata,GPR,log,protocol_holdout,diversity_iterative,8,60,22.904731843461736
KIT,set4_features_metadata,GPR,log,protocol_holdout,diversity_iterative,8,66,20.673531839815627
KIT,set4_features_metadata,GPR,log,protocol_holdout,diversity_iterative,9,6,42.5073218534972
KIT,set4_features_metadata,GPR,log,protocol_holdout,diversity_iterative,9,12,31.75050392719906
KIT,set4_features_metadata,GPR,log,protocol_holdout,diversity_iterative,9,18,30.163489340486223
KIT,set4_features_metadata,GPR,log,protocol_holdout,diversity_iterative,9,24,38.414006874583215
KIT,set4_features_metadata,GPR,log,protocol_holdout,diversity_iterative,9,30,18.27136107512334
KIT,set4_features_metadata,GPR,log,protocol_holdout,diversity_iterative,9,36,17.50669128062047
KIT,set4_features_metadata,GPR,log,protocol_holdout,diversity_iterative,9,42,21.961821571957707
KIT,set4_features_metadata,GPR,log,protocol_holdout,diversity_iterative,9,48,29.941597716219825
KIT,set4_features_metadata,GPR,log,protocol_holdout,diversity_iterative,9,54,35.476730915096994
KIT,set4_features_metadata,GPR,log,protocol_holdout,diversity_iterative,9,60,27.354839970613487
KIT,set4_features_metadata,GPR,log,protocol_holdout,diversity_iterative,9,66,38.48527330245772
KIT,set4_features_metadata,GPR,log,protocol_holdout,diversity_iterative,10,6,15.031648128525612
KIT,set4_features_metadata,GPR,log,protocol_holdout,diversity_iterative,10,12,24.40337696749796
KIT,set4_features_metadata,GPR,log,protocol_holdout,diversity_iterative,10,18,27.55091383895304
KIT,set4_features_metadata,GPR,log,protocol_holdout,diversity_iterative,10,24,43.70152518695291
KIT,set4_features_metadata,GPR,log,protocol_holdout,diversity_iterative,10,30,39.830504441734334
KIT,set4_features_metadata,GPR,log,protocol_holdout,diversity_iterative,10,36,46.72070049531782
KIT,set4_features_metadata,GPR,log,protocol_holdout,diversity_iterative,10,42,49.71298499564925
KIT,set4_features_metadata,GPR,log,protocol_holdout,diversity_iterative,10,48,38.13987831045595
KIT,set4_features_metadata,GPR,log,protocol_holdout,diversity_iterative,10,54,12.512326027459627
KIT,set4_features_metadata,GPR,log,protocol_holdout,diversity_iterative,10,60,11.983855652238102
KIT,set4_features_metadata,GPR,log,protocol_holdout,diversity_iterative,10,66,11.37766705986001
KIT,set4_features_metadata,GPR,log,protocol_holdout,coverage,1,6,33.16445769398825
KIT,set4_features_metadata,GPR,log,protocol_holdout,coverage,1,12,32.06318381719744
KIT,set4_features_metadata,GPR,log,protocol_holdout,coverage,1,18,29.23509151258591
KIT,set4_features_metadata,GPR,log,protocol_holdout,coverage,1,24,23.50379524091096
KIT,set4_features_metadata,GPR,log,protocol_holdout,coverage,1,30,22.20758462953816
KIT,set4_features_metadata,GPR,log,protocol_holdout,coverage,1,36,17.599151719134834
KIT,set4_features_metadata,GPR,log,protocol_holdout,coverage,1,42,16.18859627038573
KIT,set4_features_metadata,GPR,log,protocol_holdout,coverage,1,48,16.002487201107876
KIT,set4_features_metadata,GPR,log,protocol_holdout,coverage,1,54,17.02796519496113
KIT,set4_features_metadata,GPR,log,protocol_holdout,coverage,1,60,16.852154533651145
KIT,set4_features_metadata,GPR,log,protocol_holdout,coverage,1,66,17.763290431391475
KIT,set4_features_metadata,GPR,log,protocol_holdout,coverage,2,6,25.940366707539365
KIT,set4_features_metadata,GPR,log,protocol_holdout,coverage,2,12,19.826559071204727
KIT,set4_features_metadata,GPR,log,protocol_holdout,coverage,2,18,24.338781879075075
KIT,set4_features_metadata,GPR,log,protocol_holdout,coverage,2,24,22.12276085215996
KIT,set4_features_metadata,GPR,log,protocol_holdout,coverage,2,30,18.88215301360774
KIT,set4_features_metadata,GPR,log,protocol_holdout,coverage,2,36,22.437039297211285
KIT,set4_features_metadata,GPR,log,protocol_holdout,coverage,2,42,20.373989431825667
KIT,set4_features_metadata,GPR,log,protocol_holdout,coverage,2,48,19.65729255490585
KIT,set4_features_metadata,GPR,log,protocol_holdout,coverage,2,54,19.84821265093656
KIT,set4_features_metadata,GPR,log,protocol_holdout,coverage,2,60,23.24820146968064
KIT,set4_features_metadata,GPR,log,protocol_holdout,coverage,2,66,28.6907923816666
KIT,set4_features_metadata,GPR,log,protocol_holdout,coverage,3,6,30.91903901226788
KIT,set4_features_metadata,GPR,log,protocol_holdout,coverage,3,12,24.15677167141636
KIT,set4_features_metadata,GPR,log,protocol_holdout,coverage,3,18,29.27929855378753
KIT,set4_features_metadata,GPR,log,protocol_holdout,coverage,3,24,30.61874400402712
KIT,set4_features_metadata,GPR,log,protocol_holdout,coverage,3,30,28.86586191712293
KIT,set4_features_metadata,GPR,log,protocol_holdout,coverage,3,36,22.02476168976261
KIT,set4_features_metadata,GPR,log,protocol_holdout,coverage,3,42,23.962364735848663
KIT,set4_features_metadata,GPR,log,protocol_holdout,coverage,3,48,28.81903388457929
KIT,set4_features_metadata,GPR,log,protocol_holdout,coverage,3,54,25.42012179617757
KIT,set4_features_metadata,GPR,log,protocol_holdout,coverage,3,60,22.373330628169384
KIT,set4_features_metadata,GPR,log,protocol_holdout,coverage,3,66,31.32843335714976
KIT,set4_features_metadata,GPR,log,protocol_holdout,coverage,4,6,47.73007677831701
KIT,set4_features_metadata,GPR,log,protocol_holdout,coverage,4,12,42.6090233169304
KIT,set4_features_metadata,GPR,log,protocol_holdout,coverage,4,18,34.37205060203195
KIT,set4_features_metadata,GPR,log,protocol_holdout,coverage,4,24,35.84319285468342
KIT,set4_features_metadata,GPR,log,protocol_holdout,coverage,4,30,22.73579062741703
KIT,set4_features_metadata,GPR,log,protocol_holdout,coverage,4,36,33.55169324218225
KIT,set4_features_metadata,GPR,log,protocol_holdout,coverage,4,42,33.90635911398308
KIT,set4_features_metadata,GPR,log,protocol_holdout,coverage,4,48,25.585225559790747
KIT,set4_features_metadata,GPR,log,protocol_holdout,coverage,4,54,20.294329030555783
KIT,set4_features_metadata,GPR,log,protocol_holdout,coverage,4,60,19.380890549468862
KIT,set4_features_metadata,GPR,log,protocol_holdout,coverage,4,66,34.21118630961306
KIT,set4_features_metadata,GPR,log,protocol_holdout,coverage,5,6,24.177332502187483
KIT,set4_features_metadata,GPR,log,protocol_holdout,coverage,5,12,17.978979060319322
KIT,set4_features_metadata,GPR,log,protocol_holdout,coverage,5,18,20.334219733393503
KIT,set4_features_metadata,GPR,log,protocol_holdout,coverage,5,24,18.099799740112022
KIT,set4_features_metadata,GPR,log,protocol_holdout,coverage,5,30,26.766367936064995
KIT,set4_features_metadata,GPR,log,protocol_holdout,coverage,5,36,27.39763961565132
KIT,set4_features_metadata,GPR,log,protocol_holdout,coverage,5,42,29.93916760074445
KIT,set4_features_metadata,GPR,log,protocol_holdout,coverage,5,48,28.393926139962623
KIT,set4_features_metadata,GPR,log,protocol_holdout,coverage,5,54,27.128465148681023
KIT,set4_features_metadata,GPR,log,protocol_holdout,coverage,5,60,16.28410380079732
KIT,set4_features_metadata,GPR,log,protocol_holdout,coverage,5,66,17.72336930373912
KIT,set4_features_metadata,GPR,log,protocol_holdout,coverage,6,6,18.44964751353425
KIT,set4_features_metadata,GPR,log,protocol_holdout,coverage,6,12,20.30705842541705
KIT,set4_features_metadata,GPR,log,protocol_holdout,coverage,6,18,16.571616528944233
KIT,set4_features_metadata,GPR,log,protocol_holdout,coverage,6,24,47.71023463127654
KIT,set4_features_metadata,GPR,log,protocol_holdout,coverage,6,30,29.19657014461093
KIT,set4_features_metadata,GPR,log,protocol_holdout,coverage,6,36,37.03567994256637
KIT,set4_features_metadata,GPR,log,protocol_holdout,coverage,6,42,38.40356187911274
KIT,set4_features_metadata,GPR,log,protocol_holdout,coverage,6,48,27.994927285215343
KIT,set4_features_metadata,GPR,log,protocol_holdout,coverage,6,54,19.949717645801584
KIT,set4_features_metadata,GPR,log,protocol_holdout,coverage,6,60,20.663954214026287
KIT,set4_features_metadata,GPR,log,protocol_holdout,coverage,6,66,16.386346350966647
KIT,set4_features_metadata,GPR,log,protocol_holdout,coverage,7,6,29.87968700274251
KIT,set4_features_metadata,GPR,log,protocol_holdout,coverage,7,12,24.401547725828056
KIT,set4_features_metadata,GPR,log,protocol_holdout,coverage,7,18,42.02105868861689
KIT,set4_features_metadata,GPR,log,protocol_holdout,coverage,7,24,31.77857239349156
KIT,set4_features_metadata,GPR,log,protocol_holdout,coverage,7,30,36.54426547630901
KIT,set4_features_metadata,GPR,log,protocol_holdout,coverage,7,36,28.729726763085743
KIT,set4_features_metadata,GPR,log,protocol_holdout,coverage,7,42,28.45953528952058
KIT,set4_features_metadata,GPR,log,protocol_holdout,coverage,7,48,28.187823627024905
KIT,set4_features_metadata,GPR,log,protocol_holdout,coverage,7,54,34.08382433386117
KIT,set4_features_metadata,GPR,log,protocol_holdout,coverage,7,60,33.10394226648975
KIT,set4_features_metadata,GPR,log,protocol_holdout,coverage,7,66,33.94138978588544
KIT,set4_features_metadata,GPR,log,protocol_holdout,coverage,8,6,25.896386076612423
KIT,set4_features_metadata,GPR,log,protocol_holdout,coverage,8,12,21.04621834759603
KIT,set4_features_metadata,GPR,log,protocol_holdout,coverage,8,18,28.38059212882085
KIT,set4_features_metadata,GPR,log,protocol_holdout,coverage,8,24,16.48297454113708
KIT,set4_features_metadata,GPR,log,protocol_holdout,coverage,8,30,18.797080535950904
KIT,set4_features_metadata,GPR,log,protocol_holdout,coverage,8,36,19.79101574297793
KIT,set4_features_metadata,GPR,log,protocol_holdout,coverage,8,42,17.29541772651598
KIT,set4_features_metadata,GPR,log,protocol_holdout,coverage,8,48,19.160579124482187
KIT,set4_features_metadata,GPR,log,protocol_holdout,coverage,8,54,16.383960261293648
KIT,set4_features_metadata,GPR,log,protocol_holdout,coverage,8,60,16.67920313241926
KIT,set4_features_metadata,GPR,log,protocol_holdout,coverage,8,66,20.673531839815627
KIT,set4_features_metadata,GPR,log,protocol_holdout,coverage,9,6,31.35875387520627
KIT,set4_features_metadata,GPR,log,protocol_holdout,coverage,9,12,21.34562977500457
KIT,set4_features_metadata,GPR,log,protocol_holdout,coverage,9,18,26.212979507959755
KIT,set4_features_metadata,GPR,log,protocol_holdout,coverage,9,24,26.64459710892735
KIT,set4_features_metadata,GPR,log,protocol_holdout,coverage,9,30,23.75004961619468
KIT,set4_features_metadata,GPR,log,protocol_holdout,coverage,9,36,28.1236470686431
KIT,set4_features_metadata,GPR,log,protocol_holdout,coverage,9,42,28.29301963398884
KIT,set4_features_metadata,GPR,log,protocol_holdout,coverage,9,48,24.50110602276473
KIT,set4_features_metadata,GPR,log,protocol_holdout,coverage,9,54,21.229850524133926
KIT,set4_features_metadata,GPR,log,protocol_holdout,coverage,9,60,31.15871493152017
KIT,set4_features_metadata,GPR,log,protocol_holdout,coverage,9,66,38.48527330245772
KIT,set4_features_metadata,GPR,log,protocol_holdout,coverage,10,6,17.368442839120593
KIT,set4_features_metadata,GPR,log,protocol_holdout,coverage,10,12,15.172988962671266
KIT,set4_features_metadata,GPR,log,protocol_holdout,coverage,10,18,23.63866804923585
KIT,set4_features_metadata,GPR,log,protocol_holdout,coverage,10,24,41.51392782718135
KIT,set4_features_metadata,GPR,log,protocol_holdout,coverage,10,30,24.66801729581164
KIT,set4_features_metadata,GPR,log,protocol_holdout,coverage,10,36,30.153122184302
KIT,set4_features_metadata,GPR,log,protocol_holdout,coverage,10,42,25.502647665411992
KIT,set4_features_metadata,GPR,log,protocol_holdout,coverage,10,48,21.26375635237313
KIT,set4_features_metadata,GPR,log,protocol_holdout,coverage,10,54,23.24132540352818
KIT,set4_features_metadata,GPR,log,protocol_holdout,coverage,10,60,15.365224057838589
KIT,set4_features_metadata,GPR,log,protocol_holdout,coverage,10,66,11.37766705986001
KIT,set4_features_metadata,GPR,log,protocol_holdout,exploration,1,6,33.16445769398825
KIT,set4_features_metadata,GPR,log,protocol_holdout,exploration,1,12,28.29034591093107
KIT,set4_features_metadata,GPR,log,protocol_holdout,exploration,1,18,19.401973224689257
KIT,set4_features_metadata,GPR,log,protocol_holdout,exploration,1,24,16.553765317548176
KIT,set4_features_metadata,GPR,log,protocol_holdout,exploration,1,30,14.260385286425112
KIT,set4_features_metadata,GPR,log,protocol_holdout,exploration,1,36,13.493347540359096
KIT,set4_features_metadata,GPR,log,protocol_holdout,exploration,1,42,15.015174122517008
KIT,set4_features_metadata,GPR,log,protocol_holdout,exploration,1,48,13.18309905216394
KIT,set4_features_metadata,GPR,log,protocol_holdout,exploration,1,54,13.333776354016395
KIT,set4_features_metadata,GPR,log,protocol_holdout,exploration,1,60,16.932422788860602
KIT,set4_features_metadata,GPR,log,protocol_holdout,exploration,1,66,17.763290431391475
KIT,set4_features_metadata,GPR,log,protocol_holdout,exploration,2,6,25.940366707539365
KIT,set4_features_metadata,GPR,log,protocol_holdout,exploration,2,12,25.39325222305148
KIT,set4_features_metadata,GPR,log,protocol_holdout,exploration,2,18,21.691043371080603
KIT,set4_features_metadata,GPR,log,protocol_holdout,exploration,2,24,33.140678898216755
KIT,set4_features_metadata,GPR,log,protocol_holdout,exploration,2,30,24.30060245698609
KIT,set4_features_metadata,GPR,log,protocol_holdout,exploration,2,36,32.0348215214079
KIT,set4_features_metadata,GPR,log,protocol_holdout,exploration,2,42,32.78707001740377
KIT,set4_features_metadata,GPR,log,protocol_holdout,exploration,2,48,30.31354856046284
KIT,set4_features_metadata,GPR,log,protocol_holdout,exploration,2,54,23.563513614437483
KIT,set4_features_metadata,GPR,log,protocol_holdout,exploration,2,60,25.87775204018612
KIT,set4_features_metadata,GPR,log,protocol_holdout,exploration,2,66,28.6907923816666
KIT,set4_features_metadata,GPR,log,protocol_holdout,exploration,3,6,30.91903901226788
KIT,set4_features_metadata,GPR,log,protocol_holdout,exploration,3,12,31.17076064885864
KIT,set4_features_metadata,GPR,log,protocol_holdout,exploration,3,18,20.74011661718807
KIT,set4_features_metadata,GPR,log,protocol_holdout,exploration,3,24,29.49589408830598
KIT,set4_features_metadata,GPR,log,protocol_holdout,exploration,3,30,41.583476001498944
KIT,set4_features_metadata,GPR,log,protocol_holdout,exploration,3,36,21.261268605037504
KIT,set4_features_metadata,GPR,log,protocol_holdout,exploration,3,42,24.07306076826124
KIT,set4_features_metadata,GPR,log,protocol_holdout,exploration,3,48,22.620965787980595
KIT,set4_features_metadata,GPR,log,protocol_holdout,exploration,3,54,18.756443606085195
KIT,set4_features_metadata,GPR,log,protocol_holdout,exploration,3,60,24.515320589156968
KIT,set4_features_metadata,GPR,log,protocol_holdout,exploration,3,66,31.32843335714976
KIT,set4_features_metadata,GPR,log,protocol_holdout,exploration,4,6,47.73007677831701
KIT,set4_features_metadata,GPR,log,protocol_holdout,exploration,4,12,42.6090233169304
KIT,set4_features_metadata,GPR,log,protocol_holdout,exploration,4,18,64.26964989756921
KIT,set4_features_metadata,GPR,log,protocol_holdout,exploration,4,24,22.445103314633727
KIT,set4_features_metadata,GPR,log,protocol_holdout,exploration,4,30,20.720677247931192
KIT,set4_features_metadata,GPR,log,protocol_holdout,exploration,4,36,29.24035821353309
KIT,set4_features_metadata,GPR,log,protocol_holdout,exploration,4,42,29.13659351727696
KIT,set4_features_metadata,GPR,log,protocol_holdout,exploration,4,48,25.406829459063257
KIT,set4_features_metadata,GPR,log,protocol_holdout,exploration,4,54,16.27597599859788
KIT,set4_features_metadata,GPR,log,protocol_holdout,exploration,4,60,22.883312421680824
KIT,set4_features_metadata,GPR,log,protocol_holdout,exploration,4,66,34.21118630961306
KIT,set4_features_metadata,GPR,log,protocol_holdout,exploration,5,6,24.177332502187483
KIT,set4_features_metadata,GPR,log,protocol_holdout,exploration,5,12,17.978979060319322
KIT,set4_features_metadata,GPR,log,protocol_holdout,exploration,5,18,18.56056383400282
KIT,set4_features_metadata,GPR,log,protocol_holdout,exploration,5,24,16.21373819907947
KIT,set4_features_metadata,GPR,log,protocol_holdout,exploration,5,30,24.632986405225548
KIT,set4_features_metadata,GPR,log,protocol_holdout,exploration,5,36,25.08093863538496
KIT,set4_features_metadata,GPR,log,protocol_holdout,exploration,5,42,23.47675677296633
KIT,set4_features_metadata,GPR,log,protocol_holdout,exploration,5,48,27.324553613584246
KIT,set4_features_metadata,GPR,log,protocol_holdout,exploration,5,54,26.167324829139005
KIT,set4_features_metadata,GPR,log,protocol_holdout,exploration,5,60,16.465583324317628
KIT,set4_features_metadata,GPR,log,protocol_holdout,exploration,5,66,17.72336930373912
KIT,set4_features_metadata,GPR,log,protocol_holdout,exploration,6,6,18.44964751353425
KIT,set4_features_metadata,GPR,log,protocol_holdout,exploration,6,12,18.71654102274202
KIT,set4_features_metadata,GPR,log,protocol_holdout,exploration,6,18,27.71707559468276
KIT,set4_features_metadata,GPR,log,protocol_holdout,exploration,6,24,30.90774733967866
KIT,set4_features_metadata,GPR,log,protocol_holdout,exploration,6,30,28.486954303041507
KIT,set4_features_metadata,GPR,log,protocol_holdout,exploration,6,36,31.584555452171287
KIT,set4_features_metadata,GPR,log,protocol_holdout,exploration,6,42,31.18831766828935
KIT,set4_features_metadata,GPR,log,protocol_holdout,exploration,6,48,30.94871920159896
KIT,set4_features_metadata,GPR,log,protocol_holdout,exploration,6,54,30.474024653698173
KIT,set4_features_metadata,GPR,log,protocol_holdout,exploration,6,60,13.545659678386471
KIT,set4_features_metadata,GPR,log,protocol_holdout,exploration,6,66,16.386346350966647
KIT,set4_features_metadata,GPR,log,protocol_holdout,exploration,7,6,29.87968700274251
KIT,set4_features_metadata,GPR,log,protocol_holdout,exploration,7,12,15.763194974611844
KIT,set4_features_metadata,GPR,log,protocol_holdout,exploration,7,18,33.675502520039615
KIT,set4_features_metadata,GPR,log,protocol_holdout,exploration,7,24,36.93417793053446
KIT,set4_features_metadata,GPR,log,protocol_holdout,exploration,7,30,29.731185997459995
KIT,set4_features_metadata,GPR,log,protocol_holdout,exploration,7,36,38.789193553631314
KIT,set4_features_metadata,GPR,log,protocol_holdout,exploration,7,42,28.614259157052214
KIT,set4_features_metadata,GPR,log,protocol_holdout,exploration,7,48,29.418484723968803
KIT,set4_features_metadata,GPR,log,protocol_holdout,exploration,7,54,29.02295365332276
KIT,set4_features_metadata,GPR,log,protocol_holdout,exploration,7,60,35.01625809311561
KIT,set4_features_metadata,GPR,log,protocol_holdout,exploration,7,66,33.94138978588544
KIT,set4_features_metadata,GPR,log,protocol_holdout,exploration,8,6,25.896386076612423
KIT,set4_features_metadata,GPR,log,protocol_holdout,exploration,8,12,21.04621834759603
KIT,set4_features_metadata,GPR,log,protocol_holdout,exploration,8,18,27.73446045074313
KIT,set4_features_metadata,GPR,log,protocol_holdout,exploration,8,24,17.617257385830534
KIT,set4_features_metadata,GPR,log,protocol_holdout,exploration,8,30,15.22011310354913
KIT,set4_features_metadata,GPR,log,protocol_holdout,exploration,8,36,16.633878726778818
KIT,set4_features_metadata,GPR,log,protocol_holdout,exploration,8,42,17.752522462525558
KIT,set4_features_metadata,GPR,log,protocol_holdout,exploration,8,48,16.30527015875932
KIT,set4_features_metadata,GPR,log,protocol_holdout,exploration,8,54,19.66054515638559
KIT,set4_features_metadata,GPR,log,protocol_holdout,exploration,8,60,18.54347635623153
KIT,set4_features_metadata,GPR,log,protocol_holdout,exploration,8,66,20.673531839815627
KIT,set4_features_metadata,GPR,log,protocol_holdout,exploration,9,6,31.35875387520627
KIT,set4_features_metadata,GPR,log,protocol_holdout,exploration,9,12,20.71874334254332
KIT,set4_features_metadata,GPR,log,protocol_holdout,exploration,9,18,21.86466888515076
KIT,set4_features_metadata,GPR,log,protocol_holdout,exploration,9,24,23.985937994717617
KIT,set4_features_metadata,GPR,log,protocol_holdout,exploration,9,30,22.77848705884081
KIT,set4_features_metadata,GPR,log,protocol_holdout,exploration,9,36,25.72069274418508
KIT,set4_features_metadata,GPR,log,protocol_holdout,exploration,9,42,30.484634081950773
KIT,set4_features_metadata,GPR,log,protocol_holdout,exploration,9,48,23.93907324772062
KIT,set4_features_metadata,GPR,log,protocol_holdout,exploration,9,54,21.30787352710796
KIT,set4_features_metadata,GPR,log,protocol_holdout,exploration,9,60,36.496973040913
KIT,set4_features_metadata,GPR,log,protocol_holdout,exploration,9,66,38.48527330245772
KIT,set4_features_metadata,GPR,log,protocol_holdout,exploration,10,6,17.368442839120593
KIT,set4_features_metadata,GPR,log,protocol_holdout,exploration,10,12,16.532834105704033
KIT,set4_features_metadata,GPR,log,protocol_holdout,exploration,10,18,25.97879963143476
KIT,set4_features_metadata,GPR,log,protocol_holdout,exploration,10,24,38.6622699313452
KIT,set4_features_metadata,GPR,log,protocol_holdout,exploration,10,30,57.39059975891095
KIT,set4_features_metadata,GPR,log,protocol_holdout,exploration,10,36,35.59694632654863
KIT,set4_features_metadata,GPR,log,protocol_holdout,exploration,10,42,29.70724206542275
KIT,set4_features_metadata,GPR,log,protocol_holdout,exploration,10,48,29.215952054384708
KIT,set4_features_metadata,GPR,log,protocol_holdout,exploration,10,54,26.81645423334501
KIT,set4_features_metadata,GPR,log,protocol_holdout,exploration,10,60,11.321867594588882
KIT,set4_features_metadata,GPR,log,protocol_holdout,exploration,10,66,11.37766705986001
KIT,set4_features_metadata,GPR,log,protocol_holdout,exploitation,1,6,33.16445769398825
KIT,set4_features_metadata,GPR,log,protocol_holdout,exploitation,1,12,30.75581923999132
KIT,set4_features_metadata,GPR,log,protocol_holdout,exploitation,1,18,22.003371683790444
KIT,set4_features_metadata,GPR,log,protocol_holdout,exploitation,1,24,25.1220064115034
KIT,set4_features_metadata,GPR,log,protocol_holdout,exploitation,1,30,20.53286099074035
KIT,set4_features_metadata,GPR,log,protocol_holdout,exploitation,1,36,23.215337391072342
KIT,set4_features_metadata,GPR,log,protocol_holdout,exploitation,1,42,19.723190113461868
KIT,set4_features_metadata,GPR,log,protocol_holdout,exploitation,1,48,22.45065917202492
KIT,set4_features_metadata,GPR,log,protocol_holdout,exploitation,1,54,18.062518979718632
KIT,set4_features_metadata,GPR,log,protocol_holdout,exploitation,1,60,17.951579390384182
KIT,set4_features_metadata,GPR,log,protocol_holdout,exploitation,1,66,17.763290431391475
KIT,set4_features_metadata,GPR,log,protocol_holdout,exploitation,2,6,25.940366707539365
KIT,set4_features_metadata,GPR,log,protocol_holdout,exploitation,2,12,36.701647410004206
KIT,set4_features_metadata,GPR,log,protocol_holdout,exploitation,2,18,22.14327364447065
KIT,set4_features_metadata,GPR,log,protocol_holdout,exploitation,2,24,34.48934305343245
KIT,set4_features_metadata,GPR,log,protocol_holdout,exploitation,2,30,25.45680030507988
KIT,set4_features_metadata,GPR,log,protocol_holdout,exploitation,2,36,28.15318511646415
KIT,set4_features_metadata,GPR,log,protocol_holdout,exploitation,2,42,20.08159127559581
KIT,set4_features_metadata,GPR,log,protocol_holdout,exploitation,2,48,22.551789022176173
KIT,set4_features_metadata,GPR,log,protocol_holdout,exploitation,2,54,21.855791175404768
KIT,set4_features_metadata,GPR,log,protocol_holdout,exploitation,2,60,22.052614055709345
KIT,set4_features_metadata,GPR,log,protocol_holdout,exploitation,2,66,28.6907923816666
KIT,set4_features_metadata,GPR,log,protocol_holdout,exploitation,3,6,30.91903901226788
KIT,set4_features_metadata,GPR,log,protocol_holdout,exploitation,3,12,30.29417253454918
KIT,set4_features_metadata,GPR,log,protocol_holdout,exploitation,3,18,41.7249050957874
KIT,set4_features_metadata,GPR,log,protocol_holdout,exploitation,3,24,27.572255122443256
KIT,set4_features_metadata,GPR,log,protocol_holdout,exploitation,3,30,34.0609989704096
KIT,set4_features_metadata,GPR,log,protocol_holdout,exploitation,3,36,25.835109220712287
KIT,set4_features_metadata,GPR,log,protocol_holdout,exploitation,3,42,28.310020868890323
KIT,set4_features_metadata,GPR,log,protocol_holdout,exploitation,3,48,29.2496902629796
KIT,set4_features_metadata,GPR,log,protocol_holdout,exploitation,3,54,31.61694697972855
KIT,set4_features_metadata,GPR,log,protocol_holdout,exploitation,3,60,30.465712167038063
KIT,set4_features_metadata,GPR,log,protocol_holdout,exploitation,3,66,31.32843335714976
KIT,set4_features_metadata,GPR,log,protocol_holdout,exploitation,4,6,47.73007677831701
KIT,set4_features_metadata,GPR,log,protocol_holdout,exploitation,4,12,34.90329549106052
KIT,set4_features_metadata,GPR,log,protocol_holdout,exploitation,4,18,51.06752095631214
KIT,set4_features_metadata,GPR,log,protocol_holdout,exploitation,4,24,33.76989205493126
KIT,set4_features_metadata,GPR,log,protocol_holdout,exploitation,4,30,20.24827406159375
KIT,set4_features_metadata,GPR,log,protocol_holdout,exploitation,4,36,19.12116636674742
KIT,set4_features_metadata,GPR,log,protocol_holdout,exploitation,4,42,44.88926531820041
KIT,set4_features_metadata,GPR,log,protocol_holdout,exploitation,4,48,45.93968818846825
KIT,set4_features_metadata,GPR,log,protocol_holdout,exploitation,4,54,35.62227429861919
KIT,set4_features_metadata,GPR,log,protocol_holdout,exploitation,4,60,34.97668406930366
KIT,set4_features_metadata,GPR,log,protocol_holdout,exploitation,4,66,34.21118630961306
KIT,set4_features_metadata,GPR,log,protocol_holdout,exploitation,5,6,24.177332502187483
KIT,set4_features_metadata,GPR,log,protocol_holdout,exploitation,5,12,21.36579417065883
KIT,set4_features_metadata,GPR,log,protocol_holdout,exploitation,5,18,20.990634820441738
KIT,set4_features_metadata,GPR,log,protocol_holdout,exploitation,5,24,17.720801598750853
KIT,set4_features_metadata,GPR,log,protocol_holdout,exploitation,5,30,13.600489129862236
KIT,set4_features_metadata,GPR,log,protocol_holdout,exploitation,5,36,17.68543501849803
KIT,set4_features_metadata,GPR,log,protocol_holdout,exploitation,5,42,14.104504154471195
KIT,set4_features_metadata,GPR,log,protocol_holdout,exploitation,5,48,15.121890826878364
KIT,set4_features_metadata,GPR,log,protocol_holdout,exploitation,5,54,18.79326362942732
KIT,set4_features_metadata,GPR,log,protocol_holdout,exploitation,5,60,18.465266505510414
KIT,set4_features_metadata,GPR,log,protocol_holdout,exploitation,5,66,17.72336930373912
KIT,set4_features_metadata,GPR,log,protocol_holdout,exploitation,6,6,18.44964751353425
KIT,set4_features_metadata,GPR,log,protocol_holdout,exploitation,6,12,27.86592285278272
KIT,set4_features_metadata,GPR,log,protocol_holdout,exploitation,6,18,18.730779469333307
KIT,set4_features_metadata,GPR,log,protocol_holdout,exploitation,6,24,36.43223621652651
KIT,set4_features_metadata,GPR,log,protocol_holdout,exploitation,6,30,31.325848333448462
KIT,set4_features_metadata,GPR,log,protocol_holdout,exploitation,6,36,32.45329581860174
KIT,set4_features_metadata,GPR,log,protocol_holdout,exploitation,6,42,20.843709702160275
KIT,set4_features_metadata,GPR,log,protocol_holdout,exploitation,6,48,30.269317214765707
KIT,set4_features_metadata,GPR,log,protocol_holdout,exploitation,6,54,17.06657992464173
KIT,set4_features_metadata,GPR,log,protocol_holdout,exploitation,6,60,17.176817954966854
KIT,set4_features_metadata,GPR,log,protocol_holdout,exploitation,6,66,16.386346350966647
KIT,set4_features_metadata,GPR,log,protocol_holdout,exploitation,7,6,29.87968700274251
KIT,set4_features_metadata,GPR,log,protocol_holdout,exploitation,7,12,23.69446367975941
KIT,set4_features_metadata,GPR,log,protocol_holdout,exploitation,7,18,26.701368804450613
KIT,set4_features_metadata,GPR,log,protocol_holdout,exploitation,7,24,35.510167176469146
KIT,set4_features_metadata,GPR,log,protocol_holdout,exploitation,7,30,36.63126039430254
KIT,set4_features_metadata,GPR,log,protocol_holdout,exploitation,7,36,40.48855417610882
KIT,set4_features_metadata,GPR,log,protocol_holdout,exploitation,7,42,40.40222903166325
KIT,set4_features_metadata,GPR,log,protocol_holdout,exploitation,7,48,41.774267559160165
KIT,set4_features_metadata,GPR,log,protocol_holdout,exploitation,7,54,32.40525903343308
KIT,set4_features_metadata,GPR,log,protocol_holdout,exploitation,7,60,29.116747321146963
KIT,set4_features_metadata,GPR,log,protocol_holdout,exploitation,7,66,33.94138978588544
KIT,set4_features_metadata,GPR,log,protocol_holdout,exploitation,8,6,25.896386076612423
KIT,set4_features_metadata,GPR,log,protocol_holdout,exploitation,8,12,29.01322233999571
KIT,set4_features_metadata,GPR,log,protocol_holdout,exploitation,8,18,27.88410107354644
KIT,set4_features_metadata,GPR,log,protocol_holdout,exploitation,8,24,29.78828973022291
KIT,set4_features_metadata,GPR,log,protocol_holdout,exploitation,8,30,31.19681946212219
KIT,set4_features_metadata,GPR,log,protocol_holdout,exploitation,8,36,23.77910741957991
KIT,set4_features_metadata,GPR,log,protocol_holdout,exploitation,8,42,20.648507705432888
KIT,set4_features_metadata,GPR,log,protocol_holdout,exploitation,8,48,22.869581046389985
KIT,set4_features_metadata,GPR,log,protocol_holdout,exploitation,8,54,26.18183297652964
KIT,set4_features_metadata,GPR,log,protocol_holdout,exploitation,8,60,20.69746800114348
KIT,set4_features_metadata,GPR,log,protocol_holdout,exploitation,8,66,20.673531839815627
KIT,set4_features_metadata,GPR,log,protocol_holdout,exploitation,9,6,31.35875387520627
KIT,set4_features_metadata,GPR,log,protocol_holdout,exploitation,9,12,15.56138657733022
KIT,set4_features_metadata,GPR,log,protocol_holdout,exploitation,9,18,22.92794467615592
KIT,set4_features_metadata,GPR,log,protocol_holdout,exploitation,9,24,22.753753691943512
KIT,set4_features_metadata,GPR,log,protocol_holdout,exploitation,9,30,28.33645182506126
KIT,set4_features_metadata,GPR,log,protocol_holdout,exploitation,9,36,44.4918527283189
KIT,set4_features_metadata,GPR,log,protocol_holdout,exploitation,9,42,44.449187196243614
KIT,set4_features_metadata,GPR,log,protocol_holdout,exploitation,9,48,62.323744141877
KIT,set4_features_metadata,GPR,log,protocol_holdout,exploitation,9,54,41.89335271872088
KIT,set4_features_metadata,GPR,log,protocol_holdout,exploitation,9,60,42.33355063457928
KIT,set4_features_metadata,GPR,log,protocol_holdout,exploitation,9,66,38.48527330245772
KIT,set4_features_metadata,GPR,log,protocol_holdout,exploitation,10,6,17.368442839120593
KIT,set4_features_metadata,GPR,log,protocol_holdout,exploitation,10,12,15.362488442718291
KIT,set4_features_metadata,GPR,log,protocol_holdout,exploitation,10,18,18.273184139303563
KIT,set4_features_metadata,GPR,log,protocol_holdout,exploitation,10,24,8.731652252882569
KIT,set4_features_metadata,GPR,log,protocol_holdout,exploitation,10,30,12.927805848061528
KIT,set4_features_metadata,GPR,log,protocol_holdout,exploitation,10,36,12.651431209494568
KIT,set4_features_metadata,GPR,log,protocol_holdout,exploitation,10,42,15.202354739670357
KIT,set4_features_metadata,GPR,log,protocol_holdout,exploitation,10,48,11.45017507097558
KIT,set4_features_metadata,GPR,log,protocol_holdout,exploitation,10,54,12.007343704355824
KIT,set4_features_metadata,GPR,log,protocol_holdout,exploitation,10,60,11.462962856196036
KIT,set4_features_metadata,GPR,log,protocol_holdout,exploitation,10,66,11.37766705986001
KIT,set4_features_metadata,GPR,log,protocol_holdout,hybrid,1,6,33.16445769398825
KIT,set4_features_metadata,GPR,log,protocol_holdout,hybrid,1,12,27.600015743258787
KIT,set4_features_metadata,GPR,log,protocol_holdout,hybrid,1,18,23.05063351561653
KIT,set4_features_metadata,GPR,log,protocol_holdout,hybrid,1,24,20.89476236334739
KIT,set4_features_metadata,GPR,log,protocol_holdout,hybrid,1,30,18.5633415835416
KIT,set4_features_metadata,GPR,log,protocol_holdout,hybrid,1,36,16.871000193439738
KIT,set4_features_metadata,GPR,log,protocol_holdout,hybrid,1,42,17.215420429693683
KIT,set4_features_metadata,GPR,log,protocol_holdout,hybrid,1,48,14.4394145977255
KIT,set4_features_metadata,GPR,log,protocol_holdout,hybrid,1,54,16.44866332593134
KIT,set4_features_metadata,GPR,log,protocol_holdout,hybrid,1,60,17.113199759679905
KIT,set4_features_metadata,GPR,log,protocol_holdout,hybrid,1,66,17.763290431391475
KIT,set4_features_metadata,GPR,log,protocol_holdout,hybrid,2,6,25.940366707539365
KIT,set4_features_metadata,GPR,log,protocol_holdout,hybrid,2,12,23.72087200253017
KIT,set4_features_metadata,GPR,log,protocol_holdout,hybrid,2,18,18.17623067472086
KIT,set4_features_metadata,GPR,log,protocol_holdout,hybrid,2,24,24.45882305862449
KIT,set4_features_metadata,GPR,log,protocol_holdout,hybrid,2,30,22.173518692064164
KIT,set4_features_metadata,GPR,log,protocol_holdout,hybrid,2,36,23.02013239106043
KIT,set4_features_metadata,GPR,log,protocol_holdout,hybrid,2,42,24.18233110279204
KIT,set4_features_metadata,GPR,log,protocol_holdout,hybrid,2,48,21.74808592228907
KIT,set4_features_metadata,GPR,log,protocol_holdout,hybrid,2,54,24.760513464166984
KIT,set4_features_metadata,GPR,log,protocol_holdout,hybrid,2,60,25.60335351345689
KIT,set4_features_metadata,GPR,log,protocol_holdout,hybrid,2,66,28.6907923816666
KIT,set4_features_metadata,GPR,log,protocol_holdout,hybrid,3,6,30.91903901226788
KIT,set4_features_metadata,GPR,log,protocol_holdout,hybrid,3,12,21.76146268470377
KIT,set4_features_metadata,GPR,log,protocol_holdout,hybrid,3,18,19.875014585458228
KIT,set4_features_metadata,GPR,log,protocol_holdout,hybrid,3,24,24.946853992350004
KIT,set4_features_metadata,GPR,log,protocol_holdout,hybrid,3,30,36.520424337773214
KIT,set4_features_metadata,GPR,log,protocol_holdout,hybrid,3,36,21.14228326708557
KIT,set4_features_metadata,GPR,log,protocol_holdout,hybrid,3,42,21.65204301247192
KIT,set4_features_metadata,GPR,log,protocol_holdout,hybrid,3,48,17.96355002429141
KIT,set4_features_metadata,GPR,log,protocol_holdout,hybrid,3,54,19.037869037033623
KIT,set4_features_metadata,GPR,log,protocol_holdout,hybrid,3,60,27.73059809872792
KIT,set4_features_metadata,GPR,log,protocol_holdout,hybrid,3,66,31.32843335714976
KIT,set4_features_metadata,GPR,log,protocol_holdout,hybrid,4,6,47.73007677831701
KIT,set4_features_metadata,GPR,log,protocol_holdout,hybrid,4,12,27.2898813008648
KIT,set4_features_metadata,GPR,log,protocol_holdout,hybrid,4,18,47.03385518808254
KIT,set4_features_metadata,GPR,log,protocol_holdout,hybrid,4,24,26.817071569441453
KIT,set4_features_metadata,GPR,log,protocol_holdout,hybrid,4,30,31.94916358291544
KIT,set4_features_metadata,GPR,log,protocol_holdout,hybrid,4,36,32.016363576646825
KIT,set4_features_metadata,GPR,log,protocol_holdout,hybrid,4,42,26.56828357679304
KIT,set4_features_metadata,GPR,log,protocol_holdout,hybrid,4,48,21.656807027793835
KIT,set4_features_metadata,GPR,log,protocol_holdout,hybrid,4,54,20.478107540668223
KIT,set4_features_metadata,GPR,log,protocol_holdout,hybrid,4,60,22.98558140317134
KIT,set4_features_metadata,GPR,log,protocol_holdout,hybrid,4,66,34.21118630961306
KIT,set4_features_metadata,GPR,log,protocol_holdout,hybrid,5,6,24.177332502187483
KIT,set4_features_metadata,GPR,log,protocol_holdout,hybrid,5,12,16.197878691902886
KIT,set4_features_metadata,GPR,log,protocol_holdout,hybrid,5,18,29.02378447725244
KIT,set4_features_metadata,GPR,log,protocol_holdout,hybrid,5,24,22.635017619405986
KIT,set4_features_metadata,GPR,log,protocol_holdout,hybrid,5,30,24.001232806106195
KIT,set4_features_metadata,GPR,log,protocol_holdout,hybrid,5,36,25.7009782119772
KIT,set4_features_metadata,GPR,log,protocol_holdout,hybrid,5,42,25.735415958935924
KIT,set4_features_metadata,GPR,log,protocol_holdout,hybrid,5,48,24.36722506222534
KIT,set4_features_metadata,GPR,log,protocol_holdout,hybrid,5,54,25.758549641670392
KIT,set4_features_metadata,GPR,log,protocol_holdout,hybrid,5,60,17.94904828309649
KIT,set4_features_metadata,GPR,log,protocol_holdout,hybrid,5,66,17.72336930373912
KIT,set4_features_metadata,GPR,log,protocol_holdout,hybrid,6,6,18.44964751353425
KIT,set4_features_metadata,GPR,log,protocol_holdout,hybrid,6,12,21.10594679087864
KIT,set4_features_metadata,GPR,log,protocol_holdout,hybrid,6,18,29.19282840936247
KIT,set4_features_metadata,GPR,log,protocol_holdout,hybrid,6,24,29.58458105036296
KIT,set4_features_metadata,GPR,log,protocol_holdout,hybrid,6,30,31.442943183477382
KIT,set4_features_metadata,GPR,log,protocol_holdout,hybrid,6,36,31.31481648885569
KIT,set4_features_metadata,GPR,log,protocol_holdout,hybrid,6,42,30.352223620252733
KIT,set4_features_metadata,GPR,log,protocol_holdout,hybrid,6,48,25.7461116535186
KIT,set4_features_metadata,GPR,log,protocol_holdout,hybrid,6,54,29.78854196863595
KIT,set4_features_metadata,GPR,log,protocol_holdout,hybrid,6,60,17.366978419893602
KIT,set4_features_metadata,GPR,log,protocol_holdout,hybrid,6,66,16.386346350966647
KIT,set4_features_metadata,GPR,log,protocol_holdout,hybrid,7,6,29.87968700274251
KIT,set4_features_metadata,GPR,log,protocol_holdout,hybrid,7,12,48.6711088634678
KIT,set4_features_metadata,GPR,log,protocol_holdout,hybrid,7,18,28.690868239694467
KIT,set4_features_metadata,GPR,log,protocol_holdout,hybrid,7,24,31.936143222241064
KIT,set4_features_metadata,GPR,log,protocol_holdout,hybrid,7,30,28.374521119419704
KIT,set4_features_metadata,GPR,log,protocol_holdout,hybrid,7,36,29.872218571487803
KIT,set4_features_metadata,GPR,log,protocol_holdout,hybrid,7,42,27.373580990791112
KIT,set4_features_metadata,GPR,log,protocol_holdout,hybrid,7,48,28.566034174646965
KIT,set4_features_metadata,GPR,log,protocol_holdout,hybrid,7,54,29.901103368882424
KIT,set4_features_metadata,GPR,log,protocol_holdout,hybrid,7,60,30.56847206779127
KIT,set4_features_metadata,GPR,log,protocol_holdout,hybrid,7,66,33.94138978588544
KIT,set4_features_metadata,GPR,log,protocol_holdout,hybrid,8,6,25.896386076612423
KIT,set4_features_metadata,GPR,log,protocol_holdout,hybrid,8,12,27.14301732462189
KIT,set4_features_metadata,GPR,log,protocol_holdout,hybrid,8,18,21.04995408890757
KIT,set4_features_metadata,GPR,log,protocol_holdout,hybrid,8,24,20.860295527706977
KIT,set4_features_metadata,GPR,log,protocol_holdout,hybrid,8,30,19.38028756126838
KIT,set4_features_metadata,GPR,log,protocol_holdout,hybrid,8,36,20.143206178212097
KIT,set4_features_metadata,GPR,log,protocol_holdout,hybrid,8,42,19.08854557044019
KIT,set4_features_metadata,GPR,log,protocol_holdout,hybrid,8,48,17.29588402959013
KIT,set4_features_metadata,GPR,log,protocol_holdout,hybrid,8,54,16.60746168824256
KIT,set4_features_metadata,GPR,log,protocol_holdout,hybrid,8,60,17.410259633913412
KIT,set4_features_metadata,GPR,log,protocol_holdout,hybrid,8,66,20.673531839815627
KIT,set4_features_metadata,GPR,log,protocol_holdout,hybrid,9,6,31.35875387520627
KIT,set4_features_metadata,GPR,log,protocol_holdout,hybrid,9,12,20.92159092181992
KIT,set4_features_metadata,GPR,log,protocol_holdout,hybrid,9,18,33.83738541719291
KIT,set4_features_metadata,GPR,log,protocol_holdout,hybrid,9,24,47.60848013202568
KIT,set4_features_metadata,GPR,log,protocol_holdout,hybrid,9,30,35.39080219760892
KIT,set4_features_metadata,GPR,log,protocol_holdout,hybrid,9,36,30.36152257543916
KIT,set4_features_metadata,GPR,log,protocol_holdout,hybrid,9,42,26.28766863312333
KIT,set4_features_metadata,GPR,log,protocol_holdout,hybrid,9,48,21.06820628503648
KIT,set4_features_metadata,GPR,log,protocol_holdout,hybrid,9,54,21.876924733801705
KIT,set4_features_metadata,GPR,log,protocol_holdout,hybrid,9,60,35.57350170240332
KIT,set4_features_metadata,GPR,log,protocol_holdout,hybrid,9,66,38.48527330245772
KIT,set4_features_metadata,GPR,log,protocol_holdout,hybrid,10,6,17.368442839120593
KIT,set4_features_metadata,GPR,log,protocol_holdout,hybrid,10,12,17.211667374743847
KIT,set4_features_metadata,GPR,log,protocol_holdout,hybrid,10,18,37.64410706467514
KIT,set4_features_metadata,GPR,log,protocol_holdout,hybrid,10,24,38.5214047549401
KIT,set4_features_metadata,GPR,log,protocol_holdout,hybrid,10,30,33.1735741671845
KIT,set4_features_metadata,GPR,log,protocol_holdout,hybrid,10,36,29.204266214688456
KIT,set4_features_metadata,GPR,log,protocol_holdout,hybrid,10,42,22.07005367233487
KIT,set4_features_metadata,GPR,log,protocol_holdout,hybrid,10,48,21.341621935679186
KIT,set4_features_metadata,GPR,log,protocol_holdout,hybrid,10,54,29.47493390439689
KIT,set4_features_metadata,GPR,log,protocol_holdout,hybrid,10,60,17.231460295222572
KIT,set4_features_metadata,GPR,log,protocol_holdout,hybrid,10,66,11.37766705986001
Formation,set4_features_metadata,GPR,log,protocol_holdout,random_selection,1,12,13.640177908350765
Formation,set4_features_metadata,GPR,log,protocol_holdout,random_selection,1,24,13.073058015062983
Formation,set4_features_metadata,GPR,log,protocol_holdout,random_selection,1,36,12.631442473257536
Formation,set4_features_metadata,GPR,log,protocol_holdout,random_selection,1,48,13.154567239916004
Formation,set4_features_metadata,GPR,log,protocol_holdout,random_selection,1,60,11.731843892230447
Formation,set4_features_metadata,GPR,log,protocol_holdout,random_selection,1,72,10.10711980488644
Formation,set4_features_metadata,GPR,log,protocol_holdout,random_selection,1,84,10.100195546699588
Formation,set4_features_metadata,GPR,log,protocol_holdout,random_selection,1,96,10.051631482453429
Formation,set4_features_metadata,GPR,log,protocol_holdout,random_selection,1,108,9.960474647918293
Formation,set4_features_metadata,GPR,log,protocol_holdout,random_selection,1,120,9.633716412548662
Formation,set4_features_metadata,GPR,log,protocol_holdout,random_selection,1,132,9.551812719057232
Formation,set4_features_metadata,GPR,log,protocol_holdout,random_selection,1,144,9.868125689842108
Formation,set4_features_metadata,GPR,log,protocol_holdout,random_selection,1,146,10.015849858069902
Formation,set4_features_metadata,GPR,log,protocol_holdout,random_selection,2,12,34.36949822736782
Formation,set4_features_metadata,GPR,log,protocol_holdout,random_selection,2,24,18.93101761161072
Formation,set4_features_metadata,GPR,log,protocol_holdout,random_selection,2,36,17.67657055143124
Formation,set4_features_metadata,GPR,log,protocol_holdout,random_selection,2,48,14.390632268851272
Formation,set4_features_metadata,GPR,log,protocol_holdout,random_selection,2,60,12.01347749147438
Formation,set4_features_metadata,GPR,log,protocol_holdout,random_selection,2,72,11.808082994216797
Formation,set4_features_metadata,GPR,log,protocol_holdout,random_selection,2,84,11.994353775322097
Formation,set4_features_metadata,GPR,log,protocol_holdout,random_selection,2,96,12.1070107414538
Formation,set4_features_metadata,GPR,log,protocol_holdout,random_selection,2,108,12.54825383195558
Formation,set4_features_metadata,GPR,log,protocol_holdout,random_selection,2,120,12.86870047288398
Formation,set4_features_metadata,GPR,log,protocol_holdout,random_selection,2,132,12.753730651436577
Formation,set4_features_metadata,GPR,log,protocol_holdout,random_selection,2,144,13.07011779817839
Formation,set4_features_metadata,GPR,log,protocol_holdout,random_selection,2,146,13.012400824037234
Formation,set4_features_metadata,GPR,log,protocol_holdout,random_selection,3,12,15.038743433189472
Formation,set4_features_metadata,GPR,log,protocol_holdout,random_selection,3,24,12.170090401539207
Formation,set4_features_metadata,GPR,log,protocol_holdout,random_selection,3,36,11.527608132059388
Formation,set4_features_metadata,GPR,log,protocol_holdout,random_selection,3,48,11.16412757185649
Formation,set4_features_metadata,GPR,log,protocol_holdout,random_selection,3,60,10.588490958146416
Formation,set4_features_metadata,GPR,log,protocol_holdout,random_selection,3,72,9.97407938888291
Formation,set4_features_metadata,GPR,log,protocol_holdout,random_selection,3,84,9.738031014913563
Formation,set4_features_metadata,GPR,log,protocol_holdout,random_selection,3,96,10.321388040224727
Formation,set4_features_metadata,GPR,log,protocol_holdout,random_selection,3,108,10.452724177755671
Formation,set4_features_metadata,GPR,log,protocol_holdout,random_selection,3,120,10.74926290700375
Formation,set4_features_metadata,GPR,log,protocol_holdout,random_selection,3,132,10.533122096189167
Formation,set4_features_metadata,GPR,log,protocol_holdout,random_selection,3,144,10.726438549089725
Formation,set4_features_metadata,GPR,log,protocol_holdout,random_selection,3,146,10.699535297226165
Formation,set4_features_metadata,GPR,log,protocol_holdout,random_selection,4,12,24.218886514913063
Formation,set4_features_metadata,GPR,log,protocol_holdout,random_selection,4,24,12.2834674153407
Formation,set4_features_metadata,GPR,log,protocol_holdout,random_selection,4,36,10.882084245854829
Formation,set4_features_metadata,GPR,log,protocol_holdout,random_selection,4,48,11.507678660413124
Formation,set4_features_metadata,GPR,log,protocol_holdout,random_selection,4,60,11.712843722516316
Formation,set4_features_metadata,GPR,log,protocol_holdout,random_selection,4,72,12.016063235030416
Formation,set4_features_metadata,GPR,log,protocol_holdout,random_selection,4,84,12.284132500319709
Formation,set4_features_metadata,GPR,log,protocol_holdout,random_selection,4,96,11.557804953103398
Formation,set4_features_metadata,GPR,log,protocol_holdout,random_selection,4,108,11.001579039919614
Formation,set4_features_metadata,GPR,log,protocol_holdout,random_selection,4,120,10.93935248794999
Formation,set4_features_metadata,GPR,log,protocol_holdout,random_selection,4,132,11.412088484502837
Formation,set4_features_metadata,GPR,log,protocol_holdout,random_selection,4,144,11.12707128557138
Formation,set4_features_metadata,GPR,log,protocol_holdout,random_selection,4,146,11.158605864082784
Formation,set4_features_metadata,GPR,log,protocol_holdout,random_selection,5,12,11.79449539733521
Formation,set4_features_metadata,GPR,log,protocol_holdout,random_selection,5,24,13.1735543864779
Formation,set4_features_metadata,GPR,log,protocol_holdout,random_selection,5,36,12.110986231391909
Formation,set4_features_metadata,GPR,log,protocol_holdout,random_selection,5,48,14.03636817085444
Formation,set4_features_metadata,GPR,log,protocol_holdout,random_selection,5,60,13.61326909054194
Formation,set4_features_metadata,GPR,log,protocol_holdout,random_selection,5,72,13.862707920012642
Formation,set4_features_metadata,GPR,log,protocol_holdout,random_selection,5,84,14.344677247066103
Formation,set4_features_metadata,GPR,log,protocol_holdout,random_selection,5,96,14.797018136660926
Formation,set4_features_metadata,GPR,log,protocol_holdout,random_selection,5,108,13.915593601657116
Formation,set4_features_metadata,GPR,log,protocol_holdout,random_selection,5,120,13.097921586270694
Formation,set4_features_metadata,GPR,log,protocol_holdout,random_selection,5,132,13.410555412808616
Formation,set4_features_metadata,GPR,log,protocol_holdout,random_selection,5,144,13.225629106887352
Formation,set4_features_metadata,GPR,log,protocol_holdout,random_selection,5,146,13.282901508287337
Formation,set4_features_metadata,GPR,log,protocol_holdout,random_selection,6,12,12.589413303524005
Formation,set4_features_metadata,GPR,log,protocol_holdout,random_selection,6,24,11.74198492704916
Formation,set4_features_metadata,GPR,log,protocol_holdout,random_selection,6,36,7.775500966706039
Formation,set4_features_metadata,GPR,log,protocol_holdout,random_selection,6,48,11.881388690569086
Formation,set4_features_metadata,GPR,log,protocol_holdout,random_selection,6,60,8.704714852007275
Formation,set4_features_metadata,GPR,log,protocol_holdout,random_selection,6,72,7.728831777168176
Formation,set4_features_metadata,GPR,log,protocol_holdout,random_selection,6,84,8.47773520372566
Formation,set4_features_metadata,GPR,log,protocol_holdout,random_selection,6,96,8.58048652862368
Formation,set4_features_metadata,GPR,log,protocol_holdout,random_selection,6,108,8.594165100467082
Formation,set4_features_metadata,GPR,log,protocol_holdout,random_selection,6,120,8.319907771403935
Formation,set4_features_metadata,GPR,log,protocol_holdout,random_selection,6,132,8.783163165631496
Formation,set4_features_metadata,GPR,log,protocol_holdout,random_selection,6,144,8.839231441860765
Formation,set4_features_metadata,GPR,log,protocol_holdout,random_selection,6,146,8.835673681845968
Formation,set4_features_metadata,GPR,log,protocol_holdout,random_selection,7,12,20.461871503225066
Formation,set4_features_metadata,GPR,log,protocol_holdout,random_selection,7,24,15.434070926613655
Formation,set4_features_metadata,GPR,log,protocol_holdout,random_selection,7,36,13.693034123516604
Formation,set4_features_metadata,GPR,log,protocol_holdout,random_selection,7,48,12.420929645367744
Formation,set4_features_metadata,GPR,log,protocol_holdout,random_selection,7,60,11.676941302596076
Formation,set4_features_metadata,GPR,log,protocol_holdout,random_selection,7,72,12.488613466482672
Formation,set4_features_metadata,GPR,log,protocol_holdout,random_selection,7,84,11.921768632103753
Formation,set4_features_metadata,GPR,log,protocol_holdout,random_selection,7,96,12.3470456643634
Formation,set4_features_metadata,GPR,log,protocol_holdout,random_selection,7,108,11.518033843505188
Formation,set4_features_metadata,GPR,log,protocol_holdout,random_selection,7,120,11.938235180781904
Formation,set4_features_metadata,GPR,log,protocol_holdout,random_selection,7,132,11.182707417262598
Formation,set4_features_metadata,GPR,log,protocol_holdout,random_selection,7,144,11.172854052783212
Formation,set4_features_metadata,GPR,log,protocol_holdout,random_selection,7,146,11.228712853906536
Formation,set4_features_metadata,GPR,log,protocol_holdout,random_selection,8,12,14.80136920636034
Formation,set4_features_metadata,GPR,log,protocol_holdout,random_selection,8,24,13.805901850807592
Formation,set4_features_metadata,GPR,log,protocol_holdout,random_selection,8,36,12.207608933568885
Formation,set4_features_metadata,GPR,log,protocol_holdout,random_selection,8,48,11.03200409661563
Formation,set4_features_metadata,GPR,log,protocol_holdout,random_selection,8,60,10.60332820205615
Formation,set4_features_metadata,GPR,log,protocol_holdout,random_selection,8,72,11.842754725641038
Formation,set4_features_metadata,GPR,log,protocol_holdout,random_selection,8,84,11.859213068032444
Formation,set4_features_metadata,GPR,log,protocol_holdout,random_selection,8,96,12.078241734158953
Formation,set4_features_metadata,GPR,log,protocol_holdout,random_selection,8,108,10.96879824145818
Formation,set4_features_metadata,GPR,log,protocol_holdout,random_selection,8,120,10.896133487863764
Formation,set4_features_metadata,GPR,log,protocol_holdout,random_selection,8,132,10.207658640566624
Formation,set4_features_metadata,GPR,log,protocol_holdout,random_selection,8,144,10.139530875311962
Formation,set4_features_metadata,GPR,log,protocol_holdout,random_selection,8,146,10.053579771877962
Formation,set4_features_metadata,GPR,log,protocol_holdout,random_selection,9,12,11.801031469541453
Formation,set4_features_metadata,GPR,log,protocol_holdout,random_selection,9,24,13.466770340090084
Formation,set4_features_metadata,GPR,log,protocol_holdout,random_selection,9,36,10.250695119476593
Formation,set4_features_metadata,GPR,log,protocol_holdout,random_selection,9,48,9.33965315071942
Formation,set4_features_metadata,GPR,log,protocol_holdout,random_selection,9,60,9.576413692303566
Formation,set4_features_metadata,GPR,log,protocol_holdout,random_selection,9,72,7.521309832040776
Formation,set4_features_metadata,GPR,log,protocol_holdout,random_selection,9,84,7.381329693327066
Formation,set4_features_metadata,GPR,log,protocol_holdout,random_selection,9,96,7.140929698218271
Formation,set4_features_metadata,GPR,log,protocol_holdout,random_selection,9,108,7.07606216570546
Formation,set4_features_metadata,GPR,log,protocol_holdout,random_selection,9,120,7.836629306471729
Formation,set4_features_metadata,GPR,log,protocol_holdout,random_selection,9,132,7.941029241792749
Formation,set4_features_metadata,GPR,log,protocol_holdout,random_selection,9,144,7.923869646735667
Formation,set4_features_metadata,GPR,log,protocol_holdout,random_selection,9,146,7.94723030096357
Formation,set4_features_metadata,GPR,log,protocol_holdout,random_selection,10,12,16.23091305068792
Formation,set4_features_metadata,GPR,log,protocol_holdout,random_selection,10,24,9.755026178216085
Formation,set4_features_metadata,GPR,log,protocol_holdout,random_selection,10,36,9.48978434063054
Formation,set4_features_metadata,GPR,log,protocol_holdout,random_selection,10,48,10.627216177174944
Formation,set4_features_metadata,GPR,log,protocol_holdout,random_selection,10,60,12.32528941903402
Formation,set4_features_metadata,GPR,log,protocol_holdout,random_selection,10,72,10.993849817622076
Formation,set4_features_metadata,GPR,log,protocol_holdout,random_selection,10,84,10.883313127168565
Formation,set4_features_metadata,GPR,log,protocol_holdout,random_selection,10,96,11.007949960976283
Formation,set4_features_metadata,GPR,log,protocol_holdout,random_selection,10,108,10.886880630970824
Formation,set4_features_metadata,GPR,log,protocol_holdout,random_selection,10,120,11.400998579626382
Formation,set4_features_metadata,GPR,log,protocol_holdout,random_selection,10,132,10.927249142894922
Formation,set4_features_metadata,GPR,log,protocol_holdout,random_selection,10,144,10.621764503932605
Formation,set4_features_metadata,GPR,log,protocol_holdout,random_selection,10,146,10.495984187896944
Formation,set4_features_metadata,GPR,log,protocol_holdout,diversity_oneshot,1,12,13.112360134564655
Formation,set4_features_metadata,GPR,log,protocol_holdout,diversity_oneshot,1,24,12.787588862734452
Formation,set4_features_metadata,GPR,log,protocol_holdout,diversity_oneshot,1,36,10.44620507516312
Formation,set4_features_metadata,GPR,log,protocol_holdout,diversity_oneshot,1,48,9.757336719918252
Formation,set4_features_metadata,GPR,log,protocol_holdout,diversity_oneshot,1,60,10.127496532253934
Formation,set4_features_metadata,GPR,log,protocol_holdout,diversity_oneshot,1,72,9.662811710136369
Formation,set4_features_metadata,GPR,log,protocol_holdout,diversity_oneshot,1,84,10.21832158607689
Formation,set4_features_metadata,GPR,log,protocol_holdout,diversity_oneshot,1,96,9.88069908128506
Formation,set4_features_metadata,GPR,log,protocol_holdout,diversity_oneshot,1,108,9.633808083736351
Formation,set4_features_metadata,GPR,log,protocol_holdout,diversity_oneshot,1,120,10.211171871461003
Formation,set4_features_metadata,GPR,log,protocol_holdout,diversity_oneshot,1,132,10.213457187127393
Formation,set4_features_metadata,GPR,log,protocol_holdout,diversity_oneshot,1,144,10.047986313448328
Formation,set4_features_metadata,GPR,log,protocol_holdout,diversity_oneshot,1,146,10.015849858069902
Formation,set4_features_metadata,GPR,log,protocol_holdout,diversity_oneshot,2,12,11.453870814334383
Formation,set4_features_metadata,GPR,log,protocol_holdout,diversity_oneshot,2,24,13.253098180658077
Formation,set4_features_metadata,GPR,log,protocol_holdout,diversity_oneshot,2,36,10.430442910587558
Formation,set4_features_metadata,GPR,log,protocol_holdout,diversity_oneshot,2,48,9.958750078594646
Formation,set4_features_metadata,GPR,log,protocol_holdout,diversity_oneshot,2,60,10.781903315254484
Formation,set4_features_metadata,GPR,log,protocol_holdout,diversity_oneshot,2,72,10.74887280403825
Formation,set4_features_metadata,GPR,log,protocol_holdout,diversity_oneshot,2,84,11.501438636200827
Formation,set4_features_metadata,GPR,log,protocol_holdout,diversity_oneshot,2,96,12.364061650213824
Formation,set4_features_metadata,GPR,log,protocol_holdout,diversity_oneshot,2,108,12.205393066067066
Formation,set4_features_metadata,GPR,log,protocol_holdout,diversity_oneshot,2,120,13.223472212291274
Formation,set4_features_metadata,GPR,log,protocol_holdout,diversity_oneshot,2,132,13.085799797752571
Formation,set4_features_metadata,GPR,log,protocol_holdout,diversity_oneshot,2,144,12.810551234507784
Formation,set4_features_metadata,GPR,log,protocol_holdout,diversity_oneshot,2,146,13.012400824037234
Formation,set4_features_metadata,GPR,log,protocol_holdout,diversity_oneshot,3,12,12.711328713136645
Formation,set4_features_metadata,GPR,log,protocol_holdout,diversity_oneshot,3,24,11.181719656659222
Formation,set4_features_metadata,GPR,log,protocol_holdout,diversity_oneshot,3,36,10.324840234479158
Formation,set4_features_metadata,GPR,log,protocol_holdout,diversity_oneshot,3,48,11.253679596761147
Formation,set4_features_metadata,GPR,log,protocol_holdout,diversity_oneshot,3,60,12.498343683623402
Formation,set4_features_metadata,GPR,log,protocol_holdout,diversity_oneshot,3,72,10.9558632102752
Formation,set4_features_metadata,GPR,log,protocol_holdout,diversity_oneshot,3,84,11.38656287357282
Formation,set4_features_metadata,GPR,log,protocol_holdout,diversity_oneshot,3,96,10.6757310777739
Formation,set4_features_metadata,GPR,log,protocol_holdout,diversity_oneshot,3,108,10.71833699964538
Formation,set4_features_metadata,GPR,log,protocol_holdout,diversity_oneshot,3,120,11.007364336686445
Formation,set4_features_metadata,GPR,log,protocol_holdout,diversity_oneshot,3,132,10.994538108656302
Formation,set4_features_metadata,GPR,log,protocol_holdout,diversity_oneshot,3,144,10.633976943287744
Formation,set4_features_metadata,GPR,log,protocol_holdout,diversity_oneshot,3,146,10.699535297226165
Formation,set4_features_metadata,GPR,log,protocol_holdout,diversity_oneshot,4,12,26.80773876043595
Formation,set4_features_metadata,GPR,log,protocol_holdout,diversity_oneshot,4,24,13.514514486907109
Formation,set4_features_metadata,GPR,log,protocol_holdout,diversity_oneshot,4,36,12.536206691462166
Formation,set4_features_metadata,GPR,log,protocol_holdout,diversity_oneshot,4,48,11.831229738103138
Formation,set4_features_metadata,GPR,log,protocol_holdout,diversity_oneshot,4,60,11.61653714561447
Formation,set4_features_metadata,GPR,log,protocol_holdout,diversity_oneshot,4,72,11.396720319964036
Formation,set4_features_metadata,GPR,log,protocol_holdout,diversity_oneshot,4,84,11.053082799460226
Formation,set4_features_metadata,GPR,log,protocol_holdout,diversity_oneshot,4,96,11.70955051489388
Formation,set4_features_metadata,GPR,log,protocol_holdout,diversity_oneshot,4,108,10.650066787077217
Formation,set4_features_metadata,GPR,log,protocol_holdout,diversity_oneshot,4,120,10.8822086681657
Formation,set4_features_metadata,GPR,log,protocol_holdout,diversity_oneshot,4,132,11.219025773620034
Formation,set4_features_metadata,GPR,log,protocol_holdout,diversity_oneshot,4,144,11.043782247208943
Formation,set4_features_metadata,GPR,log,protocol_holdout,diversity_oneshot,4,146,11.158605864082784
Formation,set4_features_metadata,GPR,log,protocol_holdout,diversity_oneshot,5,12,14.974976191990782
Formation,set4_features_metadata,GPR,log,protocol_holdout,diversity_oneshot,5,24,13.23911734041008
Formation,set4_features_metadata,GPR,log,protocol_holdout,diversity_oneshot,5,36,10.682430768526984
Formation,set4_features_metadata,GPR,log,protocol_holdout,diversity_oneshot,5,48,12.275467156528022
Formation,set4_features_metadata,GPR,log,protocol_holdout,diversity_oneshot,5,60,11.336537078227176
Formation,set4_features_metadata,GPR,log,protocol_holdout,diversity_oneshot,5,72,13.92350628491778
Formation,set4_features_metadata,GPR,log,protocol_holdout,diversity_oneshot,5,84,15.672842363899829
Formation,set4_features_metadata,GPR,log,protocol_holdout,diversity_oneshot,5,96,15.427381963045503
Formation,set4_features_metadata,GPR,log,protocol_holdout,diversity_oneshot,5,108,14.993211124697718
Formation,set4_features_metadata,GPR,log,protocol_holdout,diversity_oneshot,5,120,14.226632382354817
Formation,set4_features_metadata,GPR,log,protocol_holdout,diversity_oneshot,5,132,14.139027814077297
Formation,set4_features_metadata,GPR,log,protocol_holdout,diversity_oneshot,5,144,13.233503866329416
Formation,set4_features_metadata,GPR,log,protocol_holdout,diversity_oneshot,5,146,13.282901508287337
Formation,set4_features_metadata,GPR,log,protocol_holdout,diversity_oneshot,6,12,8.692837415178504
Formation,set4_features_metadata,GPR,log,protocol_holdout,diversity_oneshot,6,24,12.479830570275588
Formation,set4_features_metadata,GPR,log,protocol_holdout,diversity_oneshot,6,36,10.810553022683656
Formation,set4_features_metadata,GPR,log,protocol_holdout,diversity_oneshot,6,48,8.359223547903225
Formation,set4_features_metadata,GPR,log,protocol_holdout,diversity_oneshot,6,60,8.92512758525616
Formation,set4_features_metadata,GPR,log,protocol_holdout,diversity_oneshot,6,72,9.320391497762994
Formation,set4_features_metadata,GPR,log,protocol_holdout,diversity_oneshot,6,84,9.594227349670716
Formation,set4_features_metadata,GPR,log,protocol_holdout,diversity_oneshot,6,96,9.729258261527944
Formation,set4_features_metadata,GPR,log,protocol_holdout,diversity_oneshot,6,108,9.88718801677098
Formation,set4_features_metadata,GPR,log,protocol_holdout,diversity_oneshot,6,120,10.040748642167008
Formation,set4_features_metadata,GPR,log,protocol_holdout,diversity_oneshot,6,132,9.262227965493045
Formation,set4_features_metadata,GPR,log,protocol_holdout,diversity_oneshot,6,144,8.842914197298219
Formation,set4_features_metadata,GPR,log,protocol_holdout,diversity_oneshot,6,146,8.835673681845968
Formation,set4_features_metadata,GPR,log,protocol_holdout,diversity_oneshot,7,12,18.218853058299818
Formation,set4_features_metadata,GPR,log,protocol_holdout,diversity_oneshot,7,24,15.67238746136075
Formation,set4_features_metadata,GPR,log,protocol_holdout,diversity_oneshot,7,36,14.199672502305717
Formation,set4_features_metadata,GPR,log,protocol_holdout,diversity_oneshot,7,48,11.566941945928242
Formation,set4_features_metadata,GPR,log,protocol_holdout,diversity_oneshot,7,60,11.619347630752834
Formation,set4_features_metadata,GPR,log,protocol_holdout,diversity_oneshot,7,72,13.367694122769423
Formation,set4_features_metadata,GPR,log,protocol_holdout,diversity_oneshot,7,84,11.755669072561082
Formation,set4_features_metadata,GPR,log,protocol_holdout,diversity_oneshot,7,96,12.485706269447263
Formation,set4_features_metadata,GPR,log,protocol_holdout,diversity_oneshot,7,108,11.399411347500592
Formation,set4_features_metadata,GPR,log,protocol_holdout,diversity_oneshot,7,120,11.648121713969743
Formation,set4_features_metadata,GPR,log,protocol_holdout,diversity_oneshot,7,132,11.299460101975372
Formation,set4_features_metadata,GPR,log,protocol_holdout,diversity_oneshot,7,144,11.165350669387228
Formation,set4_features_metadata,GPR,log,protocol_holdout,diversity_oneshot,7,146,11.228712853906536
Formation,set4_features_metadata,GPR,log,protocol_holdout,diversity_oneshot,8,12,17.714909592087242
Formation,set4_features_metadata,GPR,log,protocol_holdout,diversity_oneshot,8,24,12.405322569130323
Formation,set4_features_metadata,GPR,log,protocol_holdout,diversity_oneshot,8,36,11.68197199617052
Formation,set4_features_metadata,GPR,log,protocol_holdout,diversity_oneshot,8,48,10.236804794354452
Formation,set4_features_metadata,GPR,log,protocol_holdout,diversity_oneshot,8,60,9.619053261568268
Formation,set4_features_metadata,GPR,log,protocol_holdout,diversity_oneshot,8,72,9.844472408750637
Formation,set4_features_metadata,GPR,log,protocol_holdout,diversity_oneshot,8,84,9.4657137157665
Formation,set4_features_metadata,GPR,log,protocol_holdout,diversity_oneshot,8,96,9.633345580168656
Formation,set4_features_metadata,GPR,log,protocol_holdout,diversity_oneshot,8,108,9.677791682406117
Formation,set4_features_metadata,GPR,log,protocol_holdout,diversity_oneshot,8,120,10.159545179492095
Formation,set4_features_metadata,GPR,log,protocol_holdout,diversity_oneshot,8,132,9.98599184333157
Formation,set4_features_metadata,GPR,log,protocol_holdout,diversity_oneshot,8,144,9.994468239382115
Formation,set4_features_metadata,GPR,log,protocol_holdout,diversity_oneshot,8,146,10.053579771877962
Formation,set4_features_metadata,GPR,log,protocol_holdout,diversity_oneshot,9,12,16.648668482802726
Formation,set4_features_metadata,GPR,log,protocol_holdout,diversity_oneshot,9,24,14.584476140559344
Formation,set4_features_metadata,GPR,log,protocol_holdout,diversity_oneshot,9,36,9.99787096249133
Formation,set4_features_metadata,GPR,log,protocol_holdout,diversity_oneshot,9,48,8.436918994055432
Formation,set4_features_metadata,GPR,log,protocol_holdout,diversity_oneshot,9,60,9.108288164908206
Formation,set4_features_metadata,GPR,log,protocol_holdout,diversity_oneshot,9,72,8.24428418316784
Formation,set4_features_metadata,GPR,log,protocol_holdout,diversity_oneshot,9,84,8.496007334765824
Formation,set4_features_metadata,GPR,log,protocol_holdout,diversity_oneshot,9,96,7.565207887541263
Formation,set4_features_metadata,GPR,log,protocol_holdout,diversity_oneshot,9,108,8.028310182442459
Formation,set4_features_metadata,GPR,log,protocol_holdout,diversity_oneshot,9,120,7.614869730020605
Formation,set4_features_metadata,GPR,log,protocol_holdout,diversity_oneshot,9,132,7.906815589580988
Formation,set4_features_metadata,GPR,log,protocol_holdout,diversity_oneshot,9,144,7.915469557150752
Formation,set4_features_metadata,GPR,log,protocol_holdout,diversity_oneshot,9,146,7.94723030096357
Formation,set4_features_metadata,GPR,log,protocol_holdout,diversity_oneshot,10,12,13.390247799260186
Formation,set4_features_metadata,GPR,log,protocol_holdout,diversity_oneshot,10,24,18.648806067393657
Formation,set4_features_metadata,GPR,log,protocol_holdout,diversity_oneshot,10,36,12.159169485109336
Formation,set4_features_metadata,GPR,log,protocol_holdout,diversity_oneshot,10,48,12.386214609349354
Formation,set4_features_metadata,GPR,log,protocol_holdout,diversity_oneshot,10,60,12.349330962272475
Formation,set4_features_metadata,GPR,log,protocol_holdout,diversity_oneshot,10,72,12.012219596266933
Formation,set4_features_metadata,GPR,log,protocol_holdout,diversity_oneshot,10,84,12.094949888775767
Formation,set4_features_metadata,GPR,log,protocol_holdout,diversity_oneshot,10,96,12.146374832703376
Formation,set4_features_metadata,GPR,log,protocol_holdout,diversity_oneshot,10,108,12.388121126993292
Formation,set4_features_metadata,GPR,log,protocol_holdout,diversity_oneshot,10,120,12.349689036897615
Formation,set4_features_metadata,GPR,log,protocol_holdout,diversity_oneshot,10,132,11.604067705780269
Formation,set4_features_metadata,GPR,log,protocol_holdout,diversity_oneshot,10,144,10.45795955023089
Formation,set4_features_metadata,GPR,log,protocol_holdout,diversity_oneshot,10,146,10.495984187896944
Formation,set4_features_metadata,GPR,log,protocol_holdout,diversity_iterative,1,12,13.112360134564655
Formation,set4_features_metadata,GPR,log,protocol_holdout,diversity_iterative,1,24,11.99435856000171
Formation,set4_features_metadata,GPR,log,protocol_holdout,diversity_iterative,1,36,11.810768552494045
Formation,set4_features_metadata,GPR,log,protocol_holdout,diversity_iterative,1,48,11.461125484367264
Formation,set4_features_metadata,GPR,log,protocol_holdout,diversity_iterative,1,60,10.915305079917577
Formation,set4_features_metadata,GPR,log,protocol_holdout,diversity_iterative,1,72,10.858717761963728
Formation,set4_features_metadata,GPR,log,protocol_holdout,diversity_iterative,1,84,10.368974705369794
Formation,set4_features_metadata,GPR,log,protocol_holdout,diversity_iterative,1,96,10.719508092025103
Formation,set4_features_metadata,GPR,log,protocol_holdout,diversity_iterative,1,108,10.901856367759729
Formation,set4_features_metadata,GPR,log,protocol_holdout,diversity_iterative,1,120,9.857420039956782
Formation,set4_features_metadata,GPR,log,protocol_holdout,diversity_iterative,1,132,10.28764011914218
Formation,set4_features_metadata,GPR,log,protocol_holdout,diversity_iterative,1,144,9.914439499575
Formation,set4_features_metadata,GPR,log,protocol_holdout,diversity_iterative,1,146,10.015849858069902
Formation,set4_features_metadata,GPR,log,protocol_holdout,diversity_iterative,2,12,11.453870814334383
Formation,set4_features_metadata,GPR,log,protocol_holdout,diversity_iterative,2,24,12.661474812629404
Formation,set4_features_metadata,GPR,log,protocol_holdout,diversity_iterative,2,36,12.300624302782754
Formation,set4_features_metadata,GPR,log,protocol_holdout,diversity_iterative,2,48,13.15806124563094
Formation,set4_features_metadata,GPR,log,protocol_holdout,diversity_iterative,2,60,13.22805906448155
Formation,set4_features_metadata,GPR,log,protocol_holdout,diversity_iterative,2,72,12.597786094344658
Formation,set4_features_metadata,GPR,log,protocol_holdout,diversity_iterative,2,84,11.51677090742244
Formation,set4_features_metadata,GPR,log,protocol_holdout,diversity_iterative,2,96,11.850400501658248
Formation,set4_features_metadata,GPR,log,protocol_holdout,diversity_iterative,2,108,12.413864792931482
Formation,set4_features_metadata,GPR,log,protocol_holdout,diversity_iterative,2,120,12.942394216497547
Formation,set4_features_metadata,GPR,log,protocol_holdout,diversity_iterative,2,132,12.65096285281934
Formation,set4_features_metadata,GPR,log,protocol_holdout,diversity_iterative,2,144,13.07863030302199
Formation,set4_features_metadata,GPR,log,protocol_holdout,diversity_iterative,2,146,13.012400824037234
Formation,set4_features_metadata,GPR,log,protocol_holdout,diversity_iterative,3,12,12.711328713136645
Formation,set4_features_metadata,GPR,log,protocol_holdout,diversity_iterative,3,24,11.78178259796212
Formation,set4_features_metadata,GPR,log,protocol_holdout,diversity_iterative,3,36,10.0279463745356
Formation,set4_features_metadata,GPR,log,protocol_holdout,diversity_iterative,3,48,10.18726134408674
Formation,set4_features_metadata,GPR,log,protocol_holdout,diversity_iterative,3,60,10.8390515812042
Formation,set4_features_metadata,GPR,log,protocol_holdout,diversity_iterative,3,72,10.819122276242062
Formation,set4_features_metadata,GPR,log,protocol_holdout,diversity_iterative,3,84,11.03381549843981
Formation,set4_features_metadata,GPR,log,protocol_holdout,diversity_iterative,3,96,11.6145108620313
Formation,set4_features_metadata,GPR,log,protocol_holdout,diversity_iterative,3,108,11.68225893943257
Formation,set4_features_metadata,GPR,log,protocol_holdout,diversity_iterative,3,120,10.912647295293826
Formation,set4_features_metadata,GPR,log,protocol_holdout,diversity_iterative,3,132,10.680369970990942
Formation,set4_features_metadata,GPR,log,protocol_holdout,diversity_iterative,3,144,10.748992285939952
Formation,set4_features_metadata,GPR,log,protocol_holdout,diversity_iterative,3,146,10.699535297226165
Formation,set4_features_metadata,GPR,log,protocol_holdout,diversity_iterative,4,12,26.80773876043595
Formation,set4_features_metadata,GPR,log,protocol_holdout,diversity_iterative,4,24,12.07976056708308
Formation,set4_features_metadata,GPR,log,protocol_holdout,diversity_iterative,4,36,11.72999541088941
Formation,set4_features_metadata,GPR,log,protocol_holdout,diversity_iterative,4,48,11.958935226070777
Formation,set4_features_metadata,GPR,log,protocol_holdout,diversity_iterative,4,60,11.738004814303054
Formation,set4_features_metadata,GPR,log,protocol_holdout,diversity_iterative,4,72,11.284082799810026
Formation,set4_features_metadata,GPR,log,protocol_holdout,diversity_iterative,4,84,11.30794072237291
Formation,set4_features_metadata,GPR,log,protocol_holdout,diversity_iterative,4,96,11.188647140031396
Formation,set4_features_metadata,GPR,log,protocol_holdout,diversity_iterative,4,108,10.546211920523476
Formation,set4_features_metadata,GPR,log,protocol_holdout,diversity_iterative,4,120,10.966137478984972
Formation,set4_features_metadata,GPR,log,protocol_holdout,diversity_iterative,4,132,11.084163326532597
Formation,set4_features_metadata,GPR,log,protocol_holdout,diversity_iterative,4,144,11.140917363547567
Formation,set4_features_metadata,GPR,log,protocol_holdout,diversity_iterative,4,146,11.158605864082784
Formation,set4_features_metadata,GPR,log,protocol_holdout,diversity_iterative,5,12,14.974976191990782
Formation,set4_features_metadata,GPR,log,protocol_holdout,diversity_iterative,5,24,12.270713723663247
Formation,set4_features_metadata,GPR,log,protocol_holdout,diversity_iterative,5,36,11.007872797792484
Formation,set4_features_metadata,GPR,log,protocol_holdout,diversity_iterative,5,48,10.93877906754392
Formation,set4_features_metadata,GPR,log,protocol_holdout,diversity_iterative,5,60,11.420087373601714
Formation,set4_features_metadata,GPR,log,protocol_holdout,diversity_iterative,5,72,11.547233261814425
Formation,set4_features_metadata,GPR,log,protocol_holdout,diversity_iterative,5,84,11.930817686542085
Formation,set4_features_metadata,GPR,log,protocol_holdout,diversity_iterative,5,96,11.610335956483514
Formation,set4_features_metadata,GPR,log,protocol_holdout,diversity_iterative,5,108,11.341422011456356
Formation,set4_features_metadata,GPR,log,protocol_holdout,diversity_iterative,5,120,11.096157736341082
Formation,set4_features_metadata,GPR,log,protocol_holdout,diversity_iterative,5,132,12.715298385234588
Formation,set4_features_metadata,GPR,log,protocol_holdout,diversity_iterative,5,144,13.35291333799376
Formation,set4_features_metadata,GPR,log,protocol_holdout,diversity_iterative,5,146,13.282901508287337
Formation,set4_features_metadata,GPR,log,protocol_holdout,diversity_iterative,6,12,8.692837415178504
Formation,set4_features_metadata,GPR,log,protocol_holdout,diversity_iterative,6,24,7.99835926359151
Formation,set4_features_metadata,GPR,log,protocol_holdout,diversity_iterative,6,36,8.418538845768637
Formation,set4_features_metadata,GPR,log,protocol_holdout,diversity_iterative,6,48,9.021832212674504
Formation,set4_features_metadata,GPR,log,protocol_holdout,diversity_iterative,6,60,9.587890590926868
Formation,set4_features_metadata,GPR,log,protocol_holdout,diversity_iterative,6,72,8.922479564193624
Formation,set4_features_metadata,GPR,log,protocol_holdout,diversity_iterative,6,84,8.77380606723787
Formation,set4_features_metadata,GPR,log,protocol_holdout,diversity_iterative,6,96,8.723013584227337
Formation,set4_features_metadata,GPR,log,protocol_holdout,diversity_iterative,6,108,9.115742998336875
Formation,set4_features_metadata,GPR,log,protocol_holdout,diversity_iterative,6,120,9.445276022380686
Formation,set4_features_metadata,GPR,log,protocol_holdout,diversity_iterative,6,132,9.572896920004233
Formation,set4_features_metadata,GPR,log,protocol_holdout,diversity_iterative,6,144,9.902002145914796
Formation,set4_features_metadata,GPR,log,protocol_holdout,diversity_iterative,6,146,8.835673681845968
Formation,set4_features_metadata,GPR,log,protocol_holdout,diversity_iterative,7,12,18.218853058299818
Formation,set4_features_metadata,GPR,log,protocol_holdout,diversity_iterative,7,24,14.43069260524614
Formation,set4_features_metadata,GPR,log,protocol_holdout,diversity_iterative,7,36,14.132710247839135
Formation,set4_features_metadata,GPR,log,protocol_holdout,diversity_iterative,7,48,14.181200151803752
Formation,set4_features_metadata,GPR,log,protocol_holdout,diversity_iterative,7,60,12.511139500149342
Formation,set4_features_metadata,GPR,log,protocol_holdout,diversity_iterative,7,72,12.926850588427358
Formation,set4_features_metadata,GPR,log,protocol_holdout,diversity_iterative,7,84,13.229549439049396
Formation,set4_features_metadata,GPR,log,protocol_holdout,diversity_iterative,7,96,12.07554097746642
Formation,set4_features_metadata,GPR,log,protocol_holdout,diversity_iterative,7,108,11.843978614367972
Formation,set4_features_metadata,GPR,log,protocol_holdout,diversity_iterative,7,120,11.48126498824134
Formation,set4_features_metadata,GPR,log,protocol_holdout,diversity_iterative,7,132,11.49964183879064
Formation,set4_features_metadata,GPR,log,protocol_holdout,diversity_iterative,7,144,11.549328092344224
Formation,set4_features_metadata,GPR,log,protocol_holdout,diversity_iterative,7,146,11.228712853906536
Formation,set4_features_metadata,GPR,log,protocol_holdout,diversity_iterative,8,12,17.714909592087242
Formation,set4_features_metadata,GPR,log,protocol_holdout,diversity_iterative,8,24,17.2478277384991
Formation,set4_features_metadata,GPR,log,protocol_holdout,diversity_iterative,8,36,15.879361051370768
Formation,set4_features_metadata,GPR,log,protocol_holdout,diversity_iterative,8,48,12.59130510435492
Formation,set4_features_metadata,GPR,log,protocol_holdout,diversity_iterative,8,60,12.1386970125635
Formation,set4_features_metadata,GPR,log,protocol_holdout,diversity_iterative,8,72,12.583916119253375
Formation,set4_features_metadata,GPR,log,protocol_holdout,diversity_iterative,8,84,12.759781851332685
Formation,set4_features_metadata,GPR,log,protocol_holdout,diversity_iterative,8,96,11.7916870205515
Formation,set4_features_metadata,GPR,log,protocol_holdout,diversity_iterative,8,108,11.03956671167454
Formation,set4_features_metadata,GPR,log,protocol_holdout,diversity_iterative,8,120,10.74922312788748
Formation,set4_features_metadata,GPR,log,protocol_holdout,diversity_iterative,8,132,10.515211349918928
Formation,set4_features_metadata,GPR,log,protocol_holdout,diversity_iterative,8,144,10.030308615105175
Formation,set4_features_metadata,GPR,log,protocol_holdout,diversity_iterative,8,146,10.053579771877962
Formation,set4_features_metadata,GPR,log,protocol_holdout,diversity_iterative,9,12,16.648668482802726
Formation,set4_features_metadata,GPR,log,protocol_holdout,diversity_iterative,9,24,12.588581229832494
Formation,set4_features_metadata,GPR,log,protocol_holdout,diversity_iterative,9,36,11.849823494649108
Formation,set4_features_metadata,GPR,log,protocol_holdout,diversity_iterative,9,48,11.69993580370198
Formation,set4_features_metadata,GPR,log,protocol_holdout,diversity_iterative,9,60,10.0556626939757
Formation,set4_features_metadata,GPR,log,protocol_holdout,diversity_iterative,9,72,8.992727810043483
Formation,set4_features_metadata,GPR,log,protocol_holdout,diversity_iterative,9,84,8.75175612347867
Formation,set4_features_metadata,GPR,log,protocol_holdout,diversity_iterative,9,96,8.88422311520449
Formation,set4_features_metadata,GPR,log,protocol_holdout,diversity_iterative,9,108,9.130758770131308
Formation,set4_features_metadata,GPR,log,protocol_holdout,diversity_iterative,9,120,8.745130265871973
Formation,set4_features_metadata,GPR,log,protocol_holdout,diversity_iterative,9,132,8.223960739672252
Formation,set4_features_metadata,GPR,log,protocol_holdout,diversity_iterative,9,144,7.941002143281185
Formation,set4_features_metadata,GPR,log,protocol_holdout,diversity_iterative,9,146,7.94723030096357
Formation,set4_features_metadata,GPR,log,protocol_holdout,diversity_iterative,10,12,13.390247799260186
Formation,set4_features_metadata,GPR,log,protocol_holdout,diversity_iterative,10,24,14.357241497408284
Formation,set4_features_metadata,GPR,log,protocol_holdout,diversity_iterative,10,36,13.15063789713663
Formation,set4_features_metadata,GPR,log,protocol_holdout,diversity_iterative,10,48,13.670465713104472
Formation,set4_features_metadata,GPR,log,protocol_holdout,diversity_iterative,10,60,12.93689762287244
Formation,set4_features_metadata,GPR,log,protocol_holdout,diversity_iterative,10,72,12.23588541055044
Formation,set4_features_metadata,GPR,log,protocol_holdout,diversity_iterative,10,84,12.372506425164692
Formation,set4_features_metadata,GPR,log,protocol_holdout,diversity_iterative,10,96,11.91678762153949
Formation,set4_features_metadata,GPR,log,protocol_holdout,diversity_iterative,10,108,11.23328676535657
Formation,set4_features_metadata,GPR,log,protocol_holdout,diversity_iterative,10,120,11.254539852857649
Formation,set4_features_metadata,GPR,log,protocol_holdout,diversity_iterative,10,132,10.537874183022105
Formation,set4_features_metadata,GPR,log,protocol_holdout,diversity_iterative,10,144,10.837880490969486
Formation,set4_features_metadata,GPR,log,protocol_holdout,diversity_iterative,10,146,10.495984187896944
Formation,set4_features_metadata,GPR,log,protocol_holdout,coverage,1,12,13.640177908350765
Formation,set4_features_metadata,GPR,log,protocol_holdout,coverage,1,24,13.311612100765824
Formation,set4_features_metadata,GPR,log,protocol_holdout,coverage,1,36,10.739388888357498
Formation,set4_features_metadata,GPR,log,protocol_holdout,coverage,1,48,9.850087873236046
Formation,set4_features_metadata,GPR,log,protocol_holdout,coverage,1,60,9.679896985718464
Formation,set4_features_metadata,GPR,log,protocol_holdout,coverage,1,72,9.788604624886393
Formation,set4_features_metadata,GPR,log,protocol_holdout,coverage,1,84,9.550517810059691
Formation,set4_features_metadata,GPR,log,protocol_holdout,coverage,1,96,9.348966222972116
Formation,set4_features_metadata,GPR,log,protocol_holdout,coverage,1,108,9.682877878958823
Formation,set4_features_metadata,GPR,log,protocol_holdout,coverage,1,120,10.188481887468145
Formation,set4_features_metadata,GPR,log,protocol_holdout,coverage,1,132,10.231920769688214
Formation,set4_features_metadata,GPR,log,protocol_holdout,coverage,1,144,10.014403014774036
Formation,set4_features_metadata,GPR,log,protocol_holdout,coverage,1,146,10.015849858069902
Formation,set4_features_metadata,GPR,log,protocol_holdout,coverage,2,12,34.36949822736782
Formation,set4_features_metadata,GPR,log,protocol_holdout,coverage,2,24,17.58261289172991
Formation,set4_features_metadata,GPR,log,protocol_holdout,coverage,2,36,13.996502182237531
Formation,set4_features_metadata,GPR,log,protocol_holdout,coverage,2,48,13.803934233509263
Formation,set4_features_metadata,GPR,log,protocol_holdout,coverage,2,60,13.324555800772234
Formation,set4_features_metadata,GPR,log,protocol_holdout,coverage,2,72,13.513082285435626
Formation,set4_features_metadata,GPR,log,protocol_holdout,coverage,2,84,14.36173042951943
Formation,set4_features_metadata,GPR,log,protocol_holdout,coverage,2,96,14.162140797241577
Formation,set4_features_metadata,GPR,log,protocol_holdout,coverage,2,108,14.220958785728955
Formation,set4_features_metadata,GPR,log,protocol_holdout,coverage,2,120,13.344511273412488
Formation,set4_features_metadata,GPR,log,protocol_holdout,coverage,2,132,13.106954184502875
Formation,set4_features_metadata,GPR,log,protocol_holdout,coverage,2,144,13.166314674608298
Formation,set4_features_metadata,GPR,log,protocol_holdout,coverage,2,146,13.012400824037234
Formation,set4_features_metadata,GPR,log,protocol_holdout,coverage,3,12,15.038743433189472
Formation,set4_features_metadata,GPR,log,protocol_holdout,coverage,3,24,11.8806452176363
Formation,set4_features_metadata,GPR,log,protocol_holdout,coverage,3,36,12.537794771192704
Formation,set4_features_metadata,GPR,log,protocol_holdout,coverage,3,48,9.968246607967624
Formation,set4_features_metadata,GPR,log,protocol_holdout,coverage,3,60,10.564034553671531
Formation,set4_features_metadata,GPR,log,protocol_holdout,coverage,3,72,10.792041086351707
Formation,set4_features_metadata,GPR,log,protocol_holdout,coverage,3,84,10.61122748245435
Formation,set4_features_metadata,GPR,log,protocol_holdout,coverage,3,96,10.952176810482351
Formation,set4_features_metadata,GPR,log,protocol_holdout,coverage,3,108,10.599648689787992
Formation,set4_features_metadata,GPR,log,protocol_holdout,coverage,3,120,10.715350218671093
Formation,set4_features_metadata,GPR,log,protocol_holdout,coverage,3,132,10.707968884320849
Formation,set4_features_metadata,GPR,log,protocol_holdout,coverage,3,144,10.66073212970452
Formation,set4_features_metadata,GPR,log,protocol_holdout,coverage,3,146,10.699535297226165
Formation,set4_features_metadata,GPR,log,protocol_holdout,coverage,4,12,24.218886514913063
Formation,set4_features_metadata,GPR,log,protocol_holdout,coverage,4,24,11.564941735027269
Formation,set4_features_metadata,GPR,log,protocol_holdout,coverage,4,36,10.987531222204051
Formation,set4_features_metadata,GPR,log,protocol_holdout,coverage,4,48,12.50355026561724
Formation,set4_features_metadata,GPR,log,protocol_holdout,coverage,4,60,12.05043763192687
Formation,set4_features_metadata,GPR,log,protocol_holdout,coverage,4,72,11.9704374294306
Formation,set4_features_metadata,GPR,log,protocol_holdout,coverage,4,84,12.403573215033862
Formation,set4_features_metadata,GPR,log,protocol_holdout,coverage,4,96,11.497966564331966
Formation,set4_features_metadata,GPR,log,protocol_holdout,coverage,4,108,12.612879299082314
Formation,set4_features_metadata,GPR,log,protocol_holdout,coverage,4,120,12.433009169617389
Formation,set4_features_metadata,GPR,log,protocol_holdout,coverage,4,132,11.475054001341482
Formation,set4_features_metadata,GPR,log,protocol_holdout,coverage,4,144,11.20970013941741
Formation,set4_features_metadata,GPR,log,protocol_holdout,coverage,4,146,11.158605864082784
Formation,set4_features_metadata,GPR,log,protocol_holdout,coverage,5,12,11.79449539733521
Formation,set4_features_metadata,GPR,log,protocol_holdout,coverage,5,24,15.711691374344246
Formation,set4_features_metadata,GPR,log,protocol_holdout,coverage,5,36,16.81115553946779
Formation,set4_features_metadata,GPR,log,protocol_holdout,coverage,5,48,14.31803891710496
Formation,set4_features_metadata,GPR,log,protocol_holdout,coverage,5,60,16.18382020932378
Formation,set4_features_metadata,GPR,log,protocol_holdout,coverage,5,72,12.940141422746803
Formation,set4_features_metadata,GPR,log,protocol_holdout,coverage,5,84,14.217132872031325
Formation,set4_features_metadata,GPR,log,protocol_holdout,coverage,5,96,14.024766281872886
Formation,set4_features_metadata,GPR,log,protocol_holdout,coverage,5,108,13.758589294173737
Formation,set4_features_metadata,GPR,log,protocol_holdout,coverage,5,120,14.041308301184968
Formation,set4_features_metadata,GPR,log,protocol_holdout,coverage,5,132,14.356151638135902
Formation,set4_features_metadata,GPR,log,protocol_holdout,coverage,5,144,13.154438628682149
Formation,set4_features_metadata,GPR,log,protocol_holdout,coverage,5,146,13.282901508287337
Formation,set4_features_metadata,GPR,log,protocol_holdout,coverage,6,12,12.589413303524005
Formation,set4_features_metadata,GPR,log,protocol_holdout,coverage,6,24,9.87419823253565
Formation,set4_features_metadata,GPR,log,protocol_holdout,coverage,6,36,11.531297091014352
Formation,set4_features_metadata,GPR,log,protocol_holdout,coverage,6,48,10.142883674651571
Formation,set4_features_metadata,GPR,log,protocol_holdout,coverage,6,60,9.512967971956488
Formation,set4_features_metadata,GPR,log,protocol_holdout,coverage,6,72,9.428844588560075
Formation,set4_features_metadata,GPR,log,protocol_holdout,coverage,6,84,9.750554842100613
Formation,set4_features_metadata,GPR,log,protocol_holdout,coverage,6,96,9.418264963048276
Formation,set4_features_metadata,GPR,log,protocol_holdout,coverage,6,108,9.617703876298384
Formation,set4_features_metadata,GPR,log,protocol_holdout,coverage,6,120,9.55364926970834
Formation,set4_features_metadata,GPR,log,protocol_holdout,coverage,6,132,9.168893712382896
Formation,set4_features_metadata,GPR,log,protocol_holdout,coverage,6,144,8.948090238584754
Formation,set4_features_metadata,GPR,log,protocol_holdout,coverage,6,146,8.835673681845968
Formation,set4_features_metadata,GPR,log,protocol_holdout,coverage,7,12,20.461871503225066
Formation,set4_features_metadata,GPR,log,protocol_holdout,coverage,7,24,20.168003178643843
Formation,set4_features_metadata,GPR,log,protocol_holdout,coverage,7,36,14.007235308825011
Formation,set4_features_metadata,GPR,log,protocol_holdout,coverage,7,48,13.361194373931614
Formation,set4_features_metadata,GPR,log,protocol_holdout,coverage,7,60,14.169067855398602
Formation,set4_features_metadata,GPR,log,protocol_holdout,coverage,7,72,15.001335830763503
Formation,set4_features_metadata,GPR,log,protocol_holdout,coverage,7,84,13.618890916600746
Formation,set4_features_metadata,GPR,log,protocol_holdout,coverage,7,96,12.98779329011671
Formation,set4_features_metadata,GPR,log,protocol_holdout,coverage,7,108,11.827024853658685
Formation,set4_features_metadata,GPR,log,protocol_holdout,coverage,7,120,11.163212284863
Formation,set4_features_metadata,GPR,log,protocol_holdout,coverage,7,132,11.366168823169124
Formation,set4_features_metadata,GPR,log,protocol_holdout,coverage,7,144,11.138958606336685
Formation,set4_features_metadata,GPR,log,protocol_holdout,coverage,7,146,11.228712853906536
Formation,set4_features_metadata,GPR,log,protocol_holdout,coverage,8,12,14.80136920636034
Formation,set4_features_metadata,GPR,log,protocol_holdout,coverage,8,24,12.12888849815214
Formation,set4_features_metadata,GPR,log,protocol_holdout,coverage,8,36,10.938130969246489
Formation,set4_features_metadata,GPR,log,protocol_holdout,coverage,8,48,11.236157331595235
Formation,set4_features_metadata,GPR,log,protocol_holdout,coverage,8,60,11.105736913567505
Formation,set4_features_metadata,GPR,log,protocol_holdout,coverage,8,72,10.427705674212934
Formation,set4_features_metadata,GPR,log,protocol_holdout,coverage,8,84,10.089500787824472
Formation,set4_features_metadata,GPR,log,protocol_holdout,coverage,8,96,9.924080931776007
Formation,set4_features_metadata,GPR,log,protocol_holdout,coverage,8,108,9.455231259282964
Formation,set4_features_metadata,GPR,log,protocol_holdout,coverage,8,120,9.446933377020256
Formation,set4_features_metadata,GPR,log,protocol_holdout,coverage,8,132,9.928837171402822
Formation,set4_features_metadata,GPR,log,protocol_holdout,coverage,8,144,9.984610710879013
Formation,set4_features_metadata,GPR,log,protocol_holdout,coverage,8,146,10.053579771877962
Formation,set4_features_metadata,GPR,log,protocol_holdout,coverage,9,12,11.801031469541453
Formation,set4_features_metadata,GPR,log,protocol_holdout,coverage,9,24,10.83635995827168
Formation,set4_features_metadata,GPR,log,protocol_holdout,coverage,9,36,11.091944229242806
Formation,set4_features_metadata,GPR,log,protocol_holdout,coverage,9,48,8.806883520908466
Formation,set4_features_metadata,GPR,log,protocol_holdout,coverage,9,60,8.25327225367901
Formation,set4_features_metadata,GPR,log,protocol_holdout,coverage,9,72,7.099195769739016
Formation,set4_features_metadata,GPR,log,protocol_holdout,coverage,9,84,7.068368899053873
Formation,set4_features_metadata,GPR,log,protocol_holdout,coverage,9,96,7.324489596338905
Formation,set4_features_metadata,GPR,log,protocol_holdout,coverage,9,108,7.407737701887933
Formation,set4_features_metadata,GPR,log,protocol_holdout,coverage,9,120,7.66360725604892
Formation,set4_features_metadata,GPR,log,protocol_holdout,coverage,9,132,7.552328462146682
Formation,set4_features_metadata,GPR,log,protocol_holdout,coverage,9,144,7.873376298889896
Formation,set4_features_metadata,GPR,log,protocol_holdout,coverage,9,146,7.94723030096357
Formation,set4_features_metadata,GPR,log,protocol_holdout,coverage,10,12,16.23091305068792
Formation,set4_features_metadata,GPR,log,protocol_holdout,coverage,10,24,12.450021070262196
Formation,set4_features_metadata,GPR,log,protocol_holdout,coverage,10,36,15.790251837859367
Formation,set4_features_metadata,GPR,log,protocol_holdout,coverage,10,48,14.907105406219811
Formation,set4_features_metadata,GPR,log,protocol_holdout,coverage,10,60,13.432811047651102
Formation,set4_features_metadata,GPR,log,protocol_holdout,coverage,10,72,13.617005918241906
Formation,set4_features_metadata,GPR,log,protocol_holdout,coverage,10,84,13.070256681530912
Formation,set4_features_metadata,GPR,log,protocol_holdout,coverage,10,96,12.757554977693994
Formation,set4_features_metadata,GPR,log,protocol_holdout,coverage,10,108,11.15719788288968
Formation,set4_features_metadata,GPR,log,protocol_holdout,coverage,10,120,11.241938088109285
Formation,set4_features_metadata,GPR,log,protocol_holdout,coverage,10,132,10.833202387088548
Formation,set4_features_metadata,GPR,log,protocol_holdout,coverage,10,144,10.497520939953718
Formation,set4_features_metadata,GPR,log,protocol_holdout,coverage,10,146,10.495984187896944
Formation,set4_features_metadata,GPR,log,protocol_holdout,exploration,1,12,13.640177908350765
Formation,set4_features_metadata,GPR,log,protocol_holdout,exploration,1,24,13.298440349179492
Formation,set4_features_metadata,GPR,log,protocol_holdout,exploration,1,36,10.504759345586102
Formation,set4_features_metadata,GPR,log,protocol_holdout,exploration,1,48,9.467008853983922
Formation,set4_features_metadata,GPR,log,protocol_holdout,exploration,1,60,9.95977933747762
Formation,set4_features_metadata,GPR,log,protocol_holdout,exploration,1,72,9.834918768053342
Formation,set4_features_metadata,GPR,log,protocol_holdout,exploration,1,84,10.013028732976274
Formation,set4_features_metadata,GPR,log,protocol_holdout,exploration,1,96,10.176726478240296
Formation,set4_features_metadata,GPR,log,protocol_holdout,exploration,1,108,9.997327323095051
Formation,set4_features_metadata,GPR,log,protocol_holdout,exploration,1,120,10.336474903646833
Formation,set4_features_metadata,GPR,log,protocol_holdout,exploration,1,132,10.422888149799332
Formation,set4_features_metadata,GPR,log,protocol_holdout,exploration,1,144,10.174275860725553
Formation,set4_features_metadata,GPR,log,protocol_holdout,exploration,1,146,10.015849858069902
Formation,set4_features_metadata,GPR,log,protocol_holdout,exploration,2,12,34.36949822736782
Formation,set4_features_metadata,GPR,log,protocol_holdout,exploration,2,24,14.364939443074242
Formation,set4_features_metadata,GPR,log,protocol_holdout,exploration,2,36,13.284483239449138
Formation,set4_features_metadata,GPR,log,protocol_holdout,exploration,2,48,13.15027812683544
Formation,set4_features_metadata,GPR,log,protocol_holdout,exploration,2,60,13.474238134029124
Formation,set4_features_metadata,GPR,log,protocol_holdout,exploration,2,72,13.80500775464106
Formation,set4_features_metadata,GPR,log,protocol_holdout,exploration,2,84,14.330887607955985
Formation,set4_features_metadata,GPR,log,protocol_holdout,exploration,2,96,14.96143931794828
Formation,set4_features_metadata,GPR,log,protocol_holdout,exploration,2,108,14.034647029987566
Formation,set4_features_metadata,GPR,log,protocol_holdout,exploration,2,120,13.475614866167613
Formation,set4_features_metadata,GPR,log,protocol_holdout,exploration,2,132,12.928361793257206
Formation,set4_features_metadata,GPR,log,protocol_holdout,exploration,2,144,13.14669871589295
Formation,set4_features_metadata,GPR,log,protocol_holdout,exploration,2,146,13.012400824037234
Formation,set4_features_metadata,GPR,log,protocol_holdout,exploration,3,12,15.038743433189472
Formation,set4_features_metadata,GPR,log,protocol_holdout,exploration,3,24,11.770888016472608
Formation,set4_features_metadata,GPR,log,protocol_holdout,exploration,3,36,11.614761558527832
Formation,set4_features_metadata,GPR,log,protocol_holdout,exploration,3,48,10.61074168451111
Formation,set4_features_metadata,GPR,log,protocol_holdout,exploration,3,60,11.800891905494575
Formation,set4_features_metadata,GPR,log,protocol_holdout,exploration,3,72,10.663451512060824
Formation,set4_features_metadata,GPR,log,protocol_holdout,exploration,3,84,10.653964894244568
Formation,set4_features_metadata,GPR,log,protocol_holdout,exploration,3,96,10.09011586595048
Formation,set4_features_metadata,GPR,log,protocol_holdout,exploration,3,108,10.350502198395468
Formation,set4_features_metadata,GPR,log,protocol_holdout,exploration,3,120,10.29867992436534
Formation,set4_features_metadata,GPR,log,protocol_holdout,exploration,3,132,10.86245167973817
Formation,set4_features_metadata,GPR,log,protocol_holdout,exploration,3,144,10.920851799959337
Formation,set4_features_metadata,GPR,log,protocol_holdout,exploration,3,146,10.699535297226165
Formation,set4_features_metadata,GPR,log,protocol_holdout,exploration,4,12,24.218886514913063
Formation,set4_features_metadata,GPR,log,protocol_holdout,exploration,4,24,13.070658701548943
Formation,set4_features_metadata,GPR,log,protocol_holdout,exploration,4,36,12.152750646321284
Formation,set4_features_metadata,GPR,log,protocol_holdout,exploration,4,48,11.418174032316744
Formation,set4_features_metadata,GPR,log,protocol_holdout,exploration,4,60,12.92276988920021
Formation,set4_features_metadata,GPR,log,protocol_holdout,exploration,4,72,12.757044582163038
Formation,set4_features_metadata,GPR,log,protocol_holdout,exploration,4,84,11.722142733029326
Formation,set4_features_metadata,GPR,log,protocol_holdout,exploration,4,96,12.779497871268216
Formation,set4_features_metadata,GPR,log,protocol_holdout,exploration,4,108,12.0448661485654
Formation,set4_features_metadata,GPR,log,protocol_holdout,exploration,4,120,12.020448390720894
Formation,set4_features_metadata,GPR,log,protocol_holdout,exploration,4,132,11.562630288510608
Formation,set4_features_metadata,GPR,log,protocol_holdout,exploration,4,144,11.337727905768782
Formation,set4_features_metadata,GPR,log,protocol_holdout,exploration,4,146,11.158605864082784
Formation,set4_features_metadata,GPR,log,protocol_holdout,exploration,5,12,11.79449539733521
Formation,set4_features_metadata,GPR,log,protocol_holdout,exploration,5,24,11.783933541704643
Formation,set4_features_metadata,GPR,log,protocol_holdout,exploration,5,36,14.528301016030133
Formation,set4_features_metadata,GPR,log,protocol_holdout,exploration,5,48,17.163797256875306
Formation,set4_features_metadata,GPR,log,protocol_holdout,exploration,5,60,15.700231584792403
Formation,set4_features_metadata,GPR,log,protocol_holdout,exploration,5,72,15.826925855844198
Formation,set4_features_metadata,GPR,log,protocol_holdout,exploration,5,84,15.412330929599449
Formation,set4_features_metadata,GPR,log,protocol_holdout,exploration,5,96,16.125044874847227
Formation,set4_features_metadata,GPR,log,protocol_holdout,exploration,5,108,14.896382295226102
Formation,set4_features_metadata,GPR,log,protocol_holdout,exploration,5,120,15.053165295755724
Formation,set4_features_metadata,GPR,log,protocol_holdout,exploration,5,132,14.646154486720048
Formation,set4_features_metadata,GPR,log,protocol_holdout,exploration,5,144,13.423038344911252
Formation,set4_features_metadata,GPR,log,protocol_holdout,exploration,5,146,13.282901508287337
Formation,set4_features_metadata,GPR,log,protocol_holdout,exploration,6,12,12.589413303524005
Formation,set4_features_metadata,GPR,log,protocol_holdout,exploration,6,24,11.470033670745162
Formation,set4_features_metadata,GPR,log,protocol_holdout,exploration,6,36,11.558124101376071
Formation,set4_features_metadata,GPR,log,protocol_holdout,exploration,6,48,10.423776769960844
Formation,set4_features_metadata,GPR,log,protocol_holdout,exploration,6,60,9.950778064094838
Formation,set4_features_metadata,GPR,log,protocol_holdout,exploration,6,72,11.06031472122566
Formation,set4_features_metadata,GPR,log,protocol_holdout,exploration,6,84,10.752343726383977
Formation,set4_features_metadata,GPR,log,protocol_holdout,exploration,6,96,10.072039739995544
Formation,set4_features_metadata,GPR,log,protocol_holdout,exploration,6,108,10.04988044430931
Formation,set4_features_metadata,GPR,log,protocol_holdout,exploration,6,120,9.856907885998185
Formation,set4_features_metadata,GPR,log,protocol_holdout,exploration,6,132,9.238775942020917
Formation,set4_features_metadata,GPR,log,protocol_holdout,exploration,6,144,9.183169913763637
Formation,set4_features_metadata,GPR,log,protocol_holdout,exploration,6,146,8.835673681845968
Formation,set4_features_metadata,GPR,log,protocol_holdout,exploration,7,12,20.461871503225066
Formation,set4_features_metadata,GPR,log,protocol_holdout,exploration,7,24,20.168003178643843
Formation,set4_features_metadata,GPR,log,protocol_holdout,exploration,7,36,15.846322546830674
Formation,set4_features_metadata,GPR,log,protocol_holdout,exploration,7,48,15.71846855213322
Formation,set4_features_metadata,GPR,log,protocol_holdout,exploration,7,60,15.934395219662454
Formation,set4_features_metadata,GPR,log,protocol_holdout,exploration,7,72,16.897804001368993
Formation,set4_features_metadata,GPR,log,protocol_holdout,exploration,7,84,16.33461201121211
Formation,set4_features_metadata,GPR,log,protocol_holdout,exploration,7,96,13.94088604274772
Formation,set4_features_metadata,GPR,log,protocol_holdout,exploration,7,108,11.563223958839238
Formation,set4_features_metadata,GPR,log,protocol_holdout,exploration,7,120,11.48313422556205
Formation,set4_features_metadata,GPR,log,protocol_holdout,exploration,7,132,11.353135097913285
Formation,set4_features_metadata,GPR,log,protocol_holdout,exploration,7,144,11.184050351896175
Formation,set4_features_metadata,GPR,log,protocol_holdout,exploration,7,146,11.228712853906536
Formation,set4_features_metadata,GPR,log,protocol_holdout,exploration,8,12,14.80136920636034
Formation,set4_features_metadata,GPR,log,protocol_holdout,exploration,8,24,12.183750382104384
Formation,set4_features_metadata,GPR,log,protocol_holdout,exploration,8,36,12.531514253737964
Formation,set4_features_metadata,GPR,log,protocol_holdout,exploration,8,48,13.58067018953753
Formation,set4_features_metadata,GPR,log,protocol_holdout,exploration,8,60,11.48431845369322
Formation,set4_features_metadata,GPR,log,protocol_holdout,exploration,8,72,11.062314402474856
Formation,set4_features_metadata,GPR,log,protocol_holdout,exploration,8,84,9.41669765419933
Formation,set4_features_metadata,GPR,log,protocol_holdout,exploration,8,96,9.16222315337986
Formation,set4_features_metadata,GPR,log,protocol_holdout,exploration,8,108,9.169850853552823
Formation,set4_features_metadata,GPR,log,protocol_holdout,exploration,8,120,9.136138846506242
Formation,set4_features_metadata,GPR,log,protocol_holdout,exploration,8,132,9.295336984412634
Formation,set4_features_metadata,GPR,log,protocol_holdout,exploration,8,144,9.933479036032155
Formation,set4_features_metadata,GPR,log,protocol_holdout,exploration,8,146,10.053579771877962
Formation,set4_features_metadata,GPR,log,protocol_holdout,exploration,9,12,11.801031469541453
Formation,set4_features_metadata,GPR,log,protocol_holdout,exploration,9,24,10.842588369008228
Formation,set4_features_metadata,GPR,log,protocol_holdout,exploration,9,36,11.42346473488692
Formation,set4_features_metadata,GPR,log,protocol_holdout,exploration,9,48,10.299603701283228
Formation,set4_features_metadata,GPR,log,protocol_holdout,exploration,9,60,9.7019247480068
Formation,set4_features_metadata,GPR,log,protocol_holdout,exploration,9,72,8.76674617320283
Formation,set4_features_metadata,GPR,log,protocol_holdout,exploration,9,84,7.947909977096505
Formation,set4_features_metadata,GPR,log,protocol_holdout,exploration,9,96,7.332811159565093
Formation,set4_features_metadata,GPR,log,protocol_holdout,exploration,9,108,7.309862964766861
Formation,set4_features_metadata,GPR,log,protocol_holdout,exploration,9,120,7.034915688112482
Formation,set4_features_metadata,GPR,log,protocol_holdout,exploration,9,132,7.658948137523376
Formation,set4_features_metadata,GPR,log,protocol_holdout,exploration,9,144,7.840582514060084
Formation,set4_features_metadata,GPR,log,protocol_holdout,exploration,9,146,7.94723030096357
Formation,set4_features_metadata,GPR,log,protocol_holdout,exploration,10,12,16.23091305068792
Formation,set4_features_metadata,GPR,log,protocol_holdout,exploration,10,24,12.2183932764408
Formation,set4_features_metadata,GPR,log,protocol_holdout,exploration,10,36,14.85120249247568
Formation,set4_features_metadata,GPR,log,protocol_holdout,exploration,10,48,13.462548995856782
Formation,set4_features_metadata,GPR,log,protocol_holdout,exploration,10,60,12.617375875115814
Formation,set4_features_metadata,GPR,log,protocol_holdout,exploration,10,72,11.870311902443175
Formation,set4_features_metadata,GPR,log,protocol_holdout,exploration,10,84,11.897970638335902
Formation,set4_features_metadata,GPR,log,protocol_holdout,exploration,10,96,11.367233695608697
Formation,set4_features_metadata,GPR,log,protocol_holdout,exploration,10,108,10.285680391443892
Formation,set4_features_metadata,GPR,log,protocol_holdout,exploration,10,120,10.156824188779307
Formation,set4_features_metadata,GPR,log,protocol_holdout,exploration,10,132,10.297134446432295
Formation,set4_features_metadata,GPR,log,protocol_holdout,exploration,10,144,10.55682538601936
Formation,set4_features_metadata,GPR,log,protocol_holdout,exploration,10,146,10.495984187896944
Formation,set4_features_metadata,GPR,log,protocol_holdout,exploitation,1,12,13.640177908350765
Formation,set4_features_metadata,GPR,log,protocol_holdout,exploitation,1,24,13.125474672667137
Formation,set4_features_metadata,GPR,log,protocol_holdout,exploitation,1,36,13.076492622675428
Formation,set4_features_metadata,GPR,log,protocol_holdout,exploitation,1,48,9.73096846841828
Formation,set4_features_metadata,GPR,log,protocol_holdout,exploitation,1,60,8.818552425002963
Formation,set4_features_metadata,GPR,log,protocol_holdout,exploitation,1,72,11.070683850661768
Formation,set4_features_metadata,GPR,log,protocol_holdout,exploitation,1,84,11.119857035624534
Formation,set4_features_metadata,GPR,log,protocol_holdout,exploitation,1,96,10.948725096568744
Formation,set4_features_metadata,GPR,log,protocol_holdout,exploitation,1,108,10.63178043800019
Formation,set4_features_metadata,GPR,log,protocol_holdout,exploitation,1,120,10.27219361047288
Formation,set4_features_metadata,GPR,log,protocol_holdout,exploitation,1,132,10.08576176366462
Formation,set4_features_metadata,GPR,log,protocol_holdout,exploitation,1,144,10.277953586187747
Formation,set4_features_metadata,GPR,log,protocol_holdout,exploitation,1,146,10.015849858069902
Formation,set4_features_metadata,GPR,log,protocol_holdout,exploitation,2,12,34.36949822736782
Formation,set4_features_metadata,GPR,log,protocol_holdout,exploitation,2,24,14.364939443074242
Formation,set4_features_metadata,GPR,log,protocol_holdout,exploitation,2,36,15.273377870952116
Formation,set4_features_metadata,GPR,log,protocol_holdout,exploitation,2,48,16.121362218630555
Formation,set4_features_metadata,GPR,log,protocol_holdout,exploitation,2,60,13.462063018218853
Formation,set4_features_metadata,GPR,log,protocol_holdout,exploitation,2,72,14.96049819993186
Formation,set4_features_metadata,GPR,log,protocol_holdout,exploitation,2,84,14.397989260347796
Formation,set4_features_metadata,GPR,log,protocol_holdout,exploitation,2,96,13.772275981169049
Formation,set4_features_metadata,GPR,log,protocol_holdout,exploitation,2,108,13.650848571727192
Formation,set4_features_metadata,GPR,log,protocol_holdout,exploitation,2,120,13.666172945004362
Formation,set4_features_metadata,GPR,log,protocol_holdout,exploitation,2,132,13.316858893148318
Formation,set4_features_metadata,GPR,log,protocol_holdout,exploitation,2,144,12.9285971354596
Formation,set4_features_metadata,GPR,log,protocol_holdout,exploitation,2,146,13.012400824037234
Formation,set4_features_metadata,GPR,log,protocol_holdout,exploitation,3,12,15.038743433189472
Formation,set4_features_metadata,GPR,log,protocol_holdout,exploitation,3,24,12.748328335076936
Formation,set4_features_metadata,GPR,log,protocol_holdout,exploitation,3,36,13.192589617710212
Formation,set4_features_metadata,GPR,log,protocol_holdout,exploitation,3,48,11.70571030450754
Formation,set4_features_metadata,GPR,log,protocol_holdout,exploitation,3,60,11.98298860481048
Formation,set4_features_metadata,GPR,log,protocol_holdout,exploitation,3,72,11.192169170695536
Formation,set4_features_metadata,GPR,log,protocol_holdout,exploitation,3,84,8.69916960003949
Formation,set4_features_metadata,GPR,log,protocol_holdout,exploitation,3,96,8.398256779081716
Formation,set4_features_metadata,GPR,log,protocol_holdout,exploitation,3,108,8.209628868570713
Formation,set4_features_metadata,GPR,log,protocol_holdout,exploitation,3,120,9.79096682070019
Formation,set4_features_metadata,GPR,log,protocol_holdout,exploitation,3,132,11.513815026305313
Formation,set4_features_metadata,GPR,log,protocol_holdout,exploitation,3,144,10.677734325183351
Formation,set4_features_metadata,GPR,log,protocol_holdout,exploitation,3,146,10.699535297226165
Formation,set4_features_metadata,GPR,log,protocol_holdout,exploitation,4,12,24.218886514913063
Formation,set4_features_metadata,GPR,log,protocol_holdout,exploitation,4,24,12.390245961989669
Formation,set4_features_metadata,GPR,log,protocol_holdout,exploitation,4,36,12.92116356898497
Formation,set4_features_metadata,GPR,log,protocol_holdout,exploitation,4,48,13.576843966602937
Formation,set4_features_metadata,GPR,log,protocol_holdout,exploitation,4,60,11.898976862358843
Formation,set4_features_metadata,GPR,log,protocol_holdout,exploitation,4,72,10.947145656652724
Formation,set4_features_metadata,GPR,log,protocol_holdout,exploitation,4,84,10.74733587905516
Formation,set4_features_metadata,GPR,log,protocol_holdout,exploitation,4,96,10.609266050621468
Formation,set4_features_metadata,GPR,log,protocol_holdout,exploitation,4,108,11.153125506174096
Formation,set4_features_metadata,GPR,log,protocol_holdout,exploitation,4,120,11.427139817576958
Formation,set4_features_metadata,GPR,log,protocol_holdout,exploitation,4,132,11.248678783908655
Formation,set4_features_metadata,GPR,log,protocol_holdout,exploitation,4,144,10.856733284518455
Formation,set4_features_metadata,GPR,log,protocol_holdout,exploitation,4,146,11.158605864082784
Formation,set4_features_metadata,GPR,log,protocol_holdout,exploitation,5,12,11.79449539733521
Formation,set4_features_metadata,GPR,log,protocol_holdout,exploitation,5,24,11.43507180736293
Formation,set4_features_metadata,GPR,log,protocol_holdout,exploitation,5,36,12.73854003663446
Formation,set4_features_metadata,GPR,log,protocol_holdout,exploitation,5,48,13.494044686389117
Formation,set4_features_metadata,GPR,log,protocol_holdout,exploitation,5,60,13.2126476441093
Formation,set4_features_metadata,GPR,log,protocol_holdout,exploitation,5,72,13.800305952451192
Formation,set4_features_metadata,GPR,log,protocol_holdout,exploitation,5,84,13.960376304313508
Formation,set4_features_metadata,GPR,log,protocol_holdout,exploitation,5,96,14.698844023423888
Formation,set4_features_metadata,GPR,log,protocol_holdout,exploitation,5,108,13.737916773714732
Formation,set4_features_metadata,GPR,log,protocol_holdout,exploitation,5,120,13.78957430534308
Formation,set4_features_metadata,GPR,log,protocol_holdout,exploitation,5,132,13.355936035127188
Formation,set4_features_metadata,GPR,log,protocol_holdout,exploitation,5,144,13.1858114061448
Formation,set4_features_metadata,GPR,log,protocol_holdout,exploitation,5,146,13.282901508287337
Formation,set4_features_metadata,GPR,log,protocol_holdout,exploitation,6,12,12.589413303524005
Formation,set4_features_metadata,GPR,log,protocol_holdout,exploitation,6,24,14.43608888287636
Formation,set4_features_metadata,GPR,log,protocol_holdout,exploitation,6,36,10.822014163463257
Formation,set4_features_metadata,GPR,log,protocol_holdout,exploitation,6,48,10.086757618792088
Formation,set4_features_metadata,GPR,log,protocol_holdout,exploitation,6,60,7.959953596304876
Formation,set4_features_metadata,GPR,log,protocol_holdout,exploitation,6,72,10.368403664690703
Formation,set4_features_metadata,GPR,log,protocol_holdout,exploitation,6,84,8.751841930336784
Formation,set4_features_metadata,GPR,log,protocol_holdout,exploitation,6,96,8.965495299428259
Formation,set4_features_metadata,GPR,log,protocol_holdout,exploitation,6,108,8.775486946911522
Formation,set4_features_metadata,GPR,log,protocol_holdout,exploitation,6,120,8.378584346997727
Formation,set4_features_metadata,GPR,log,protocol_holdout,exploitation,6,132,8.699991558044138
Formation,set4_features_metadata,GPR,log,protocol_holdout,exploitation,6,144,8.804372519686481
Formation,set4_features_metadata,GPR,log,protocol_holdout,exploitation,6,146,8.835673681845968
Formation,set4_features_metadata,GPR,log,protocol_holdout,exploitation,7,12,20.461871503225066
Formation,set4_features_metadata,GPR,log,protocol_holdout,exploitation,7,24,20.99374029463083
Formation,set4_features_metadata,GPR,log,protocol_holdout,exploitation,7,36,19.4459980981822
Formation,set4_features_metadata,GPR,log,protocol_holdout,exploitation,7,48,16.110868154724642
Formation,set4_features_metadata,GPR,log,protocol_holdout,exploitation,7,60,15.29095445295052
Formation,set4_features_metadata,GPR,log,protocol_holdout,exploitation,7,72,14.384363854799377
Formation,set4_features_metadata,GPR,log,protocol_holdout,exploitation,7,84,12.675410527158933
Formation,set4_features_metadata,GPR,log,protocol_holdout,exploitation,7,96,13.484091057326513
Formation,set4_features_metadata,GPR,log,protocol_holdout,exploitation,7,108,12.913450889164006
Formation,set4_features_metadata,GPR,log,protocol_holdout,exploitation,7,120,12.453166800857334
Formation,set4_features_metadata,GPR,log,protocol_holdout,exploitation,7,132,11.56898803633018
Formation,set4_features_metadata,GPR,log,protocol_holdout,exploitation,7,144,11.380390049667431
Formation,set4_features_metadata,GPR,log,protocol_holdout,exploitation,7,146,11.228712853906536
Formation,set4_features_metadata,GPR,log,protocol_holdout,exploitation,8,12,14.80136920636034
Formation,set4_features_metadata,GPR,log,protocol_holdout,exploitation,8,24,14.500129187951632
Formation,set4_features_metadata,GPR,log,protocol_holdout,exploitation,8,36,13.826131995302465
Formation,set4_features_metadata,GPR,log,protocol_holdout,exploitation,8,48,12.80994157077918
Formation,set4_features_metadata,GPR,log,protocol_holdout,exploitation,8,60,12.195843044353566
Formation,set4_features_metadata,GPR,log,protocol_holdout,exploitation,8,72,10.104901503270169
Formation,set4_features_metadata,GPR,log,protocol_holdout,exploitation,8,84,9.854531127637191
Formation,set4_features_metadata,GPR,log,protocol_holdout,exploitation,8,96,9.64305988778182
Formation,set4_features_metadata,GPR,log,protocol_holdout,exploitation,8,108,10.31158456044405
Formation,set4_features_metadata,GPR,log,protocol_holdout,exploitation,8,120,10.592208542425814
Formation,set4_features_metadata,GPR,log,protocol_holdout,exploitation,8,132,10.267189177265593
Formation,set4_features_metadata,GPR,log,protocol_holdout,exploitation,8,144,10.149501723231891
Formation,set4_features_metadata,GPR,log,protocol_holdout,exploitation,8,146,10.053579771877962
Formation,set4_features_metadata,GPR,log,protocol_holdout,exploitation,9,12,11.801031469541453
Formation,set4_features_metadata,GPR,log,protocol_holdout,exploitation,9,24,11.218372343157403
Formation,set4_features_metadata,GPR,log,protocol_holdout,exploitation,9,36,10.97707517729002
Formation,set4_features_metadata,GPR,log,protocol_holdout,exploitation,9,48,10.578459422977884
Formation,set4_features_metadata,GPR,log,protocol_holdout,exploitation,9,60,9.21453197695991
Formation,set4_features_metadata,GPR,log,protocol_holdout,exploitation,9,72,10.31140904582305
Formation,set4_features_metadata,GPR,log,protocol_holdout,exploitation,9,84,8.715635289931022
Formation,set4_features_metadata,GPR,log,protocol_holdout,exploitation,9,96,8.448472030716042
Formation,set4_features_metadata,GPR,log,protocol_holdout,exploitation,9,108,8.42775254270467
Formation,set4_features_metadata,GPR,log,protocol_holdout,exploitation,9,120,8.923268816617922
Formation,set4_features_metadata,GPR,log,protocol_holdout,exploitation,9,132,8.719758354642051
Formation,set4_features_metadata,GPR,log,protocol_holdout,exploitation,9,144,7.932161400517344
Formation,set4_features_metadata,GPR,log,protocol_holdout,exploitation,9,146,7.94723030096357
Formation,set4_features_metadata,GPR,log,protocol_holdout,exploitation,10,12,16.23091305068792
Formation,set4_features_metadata,GPR,log,protocol_holdout,exploitation,10,24,12.816373224841564
Formation,set4_features_metadata,GPR,log,protocol_holdout,exploitation,10,36,11.297530061505231
Formation,set4_features_metadata,GPR,log,protocol_holdout,exploitation,10,48,11.056224391305342
Formation,set4_features_metadata,GPR,log,protocol_holdout,exploitation,10,60,10.530057661284236
Formation,set4_features_metadata,GPR,log,protocol_holdout,exploitation,10,72,10.508579816985709
Formation,set4_features_metadata,GPR,log,protocol_holdout,exploitation,10,84,11.114577514512954
Formation,set4_features_metadata,GPR,log,protocol_holdout,exploitation,10,96,10.997932822966296
Formation,set4_features_metadata,GPR,log,protocol_holdout,exploitation,10,108,10.33719147865339
Formation,set4_features_metadata,GPR,log,protocol_holdout,exploitation,10,120,11.014933112431027
Formation,set4_features_metadata,GPR,log,protocol_holdout,exploitation,10,132,10.65923518351637
Formation,set4_features_metadata,GPR,log,protocol_holdout,exploitation,10,144,10.486462446588956
Formation,set4_features_metadata,GPR,log,protocol_holdout,exploitation,10,146,10.495984187896944
Formation,set4_features_metadata,GPR,log,protocol_holdout,hybrid,1,12,13.640177908350765
Formation,set4_features_metadata,GPR,log,protocol_holdout,hybrid,1,24,11.935247845200632
Formation,set4_features_metadata,GPR,log,protocol_holdout,hybrid,1,36,9.771646712512084
Formation,set4_features_metadata,GPR,log,protocol_holdout,hybrid,1,48,9.212061721913818
Formation,set4_features_metadata,GPR,log,protocol_holdout,hybrid,1,60,9.776905696082109
Formation,set4_features_metadata,GPR,log,protocol_holdout,hybrid,1,72,9.854206820915804
Formation,set4_features_metadata,GPR,log,protocol_holdout,hybrid,1,84,9.744146571315198
Formation,set4_features_metadata,GPR,log,protocol_holdout,hybrid,1,96,9.60503796186805
Formation,set4_features_metadata,GPR,log,protocol_holdout,hybrid,1,108,10.0386551448899
Formation,set4_features_metadata,GPR,log,protocol_holdout,hybrid,1,120,10.142363964122756
Formation,set4_features_metadata,GPR,log,protocol_holdout,hybrid,1,132,10.254339427869876
Formation,set4_features_metadata,GPR,log,protocol_holdout,hybrid,1,144,9.972937615675413
Formation,set4_features_metadata,GPR,log,protocol_holdout,hybrid,1,146,10.015849858069902
Formation,set4_features_metadata,GPR,log,protocol_holdout,hybrid,2,12,34.36949822736782
Formation,set4_features_metadata,GPR,log,protocol_holdout,hybrid,2,24,30.469452609703502
Formation,set4_features_metadata,GPR,log,protocol_holdout,hybrid,2,36,15.665005727714409
Formation,set4_features_metadata,GPR,log,protocol_holdout,hybrid,2,48,15.394092794673725
Formation,set4_features_metadata,GPR,log,protocol_holdout,hybrid,2,60,14.959134780675813
Formation,set4_features_metadata,GPR,log,protocol_holdout,hybrid,2,72,15.274025008668456
Formation,set4_features_metadata,GPR,log,protocol_holdout,hybrid,2,84,13.892899584371053
Formation,set4_features_metadata,GPR,log,protocol_holdout,hybrid,2,96,14.08729985165375
Formation,set4_features_metadata,GPR,log,protocol_holdout,hybrid,2,108,13.571930503749982
Formation,set4_features_metadata,GPR,log,protocol_holdout,hybrid,2,120,13.418878344970269
Formation,set4_features_metadata,GPR,log,protocol_holdout,hybrid,2,132,13.490084081269982
Formation,set4_features_metadata,GPR,log,protocol_holdout,hybrid,2,144,13.15476869184313
Formation,set4_features_metadata,GPR,log,protocol_holdout,hybrid,2,146,13.012400824037234
Formation,set4_features_metadata,GPR,log,protocol_holdout,hybrid,3,12,15.038743433189472
Formation,set4_features_metadata,GPR,log,protocol_holdout,hybrid,3,24,11.318692989952764
Formation,set4_features_metadata,GPR,log,protocol_holdout,hybrid,3,36,11.398406377056018
Formation,set4_features_metadata,GPR,log,protocol_holdout,hybrid,3,48,11.271199768971684
Formation,set4_features_metadata,GPR,log,protocol_holdout,hybrid,3,60,11.244463667915666
Formation,set4_features_metadata,GPR,log,protocol_holdout,hybrid,3,72,10.43536178304675
Formation,set4_features_metadata,GPR,log,protocol_holdout,hybrid,3,84,10.125752458610478
Formation,set4_features_metadata,GPR,log,protocol_holdout,hybrid,3,96,10.17066268253796
Formation,set4_features_metadata,GPR,log,protocol_holdout,hybrid,3,108,10.201458461324435
Formation,set4_features_metadata,GPR,log,protocol_holdout,hybrid,3,120,10.400990881105084
Formation,set4_features_metadata,GPR,log,protocol_holdout,hybrid,3,132,11.060384936642151
Formation,set4_features_metadata,GPR,log,protocol_holdout,hybrid,3,144,10.596482929165449
Formation,set4_features_metadata,GPR,log,protocol_holdout,hybrid,3,146,10.699535297226165
Formation,set4_features_metadata,GPR,log,protocol_holdout,hybrid,4,12,24.218886514913063
Formation,set4_features_metadata,GPR,log,protocol_holdout,hybrid,4,24,10.576927054211302
Formation,set4_features_metadata,GPR,log,protocol_holdout,hybrid,4,36,19.193124327052907
Formation,set4_features_metadata,GPR,log,protocol_holdout,hybrid,4,48,11.800277875564095
Formation,set4_features_metadata,GPR,log,protocol_holdout,hybrid,4,60,12.10044701991968
Formation,set4_features_metadata,GPR,log,protocol_holdout,hybrid,4,72,12.330035916087704
Formation,set4_features_metadata,GPR,log,protocol_holdout,hybrid,4,84,13.607770154951096
Formation,set4_features_metadata,GPR,log,protocol_holdout,hybrid,4,96,11.84455970801099
Formation,set4_features_metadata,GPR,log,protocol_holdout,hybrid,4,108,11.872991402779917
Formation,set4_features_metadata,GPR,log,protocol_holdout,hybrid,4,120,11.702586264911858
Formation,set4_features_metadata,GPR,log,protocol_holdout,hybrid,4,132,11.419680354789904
Formation,set4_features_metadata,GPR,log,protocol_holdout,hybrid,4,144,11.172121078582284
Formation,set4_features_metadata,GPR,log,protocol_holdout,hybrid,4,146,11.158605864082784
Formation,set4_features_metadata,GPR,log,protocol_holdout,hybrid,5,12,11.79449539733521
Formation,set4_features_metadata,GPR,log,protocol_holdout,hybrid,5,24,15.49570250821052
Formation,set4_features_metadata,GPR,log,protocol_holdout,hybrid,5,36,12.352648419823188
Formation,set4_features_metadata,GPR,log,protocol_holdout,hybrid,5,48,14.537630427947356
Formation,set4_features_metadata,GPR,log,protocol_holdout,hybrid,5,60,14.018320945827064
Formation,set4_features_metadata,GPR,log,protocol_holdout,hybrid,5,72,15.998337956665711
Formation,set4_features_metadata,GPR,log,protocol_holdout,hybrid,5,84,15.542421996627228
Formation,set4_features_metadata,GPR,log,protocol_holdout,hybrid,5,96,14.77737993269255
Formation,set4_features_metadata,GPR,log,protocol_holdout,hybrid,5,108,15.050699616709505
Formation,set4_features_metadata,GPR,log,protocol_holdout,hybrid,5,120,15.042068521143898
Formation,set4_features_metadata,GPR,log,protocol_holdout,hybrid,5,132,14.009231726465602
Formation,set4_features_metadata,GPR,log,protocol_holdout,hybrid,5,144,13.233196344081332
Formation,set4_features_metadata,GPR,log,protocol_holdout,hybrid,5,146,13.282901508287337
Formation,set4_features_metadata,GPR,log,protocol_holdout,hybrid,6,12,12.589413303524005
Formation,set4_features_metadata,GPR,log,protocol_holdout,hybrid,6,24,10.561362784842478
Formation,set4_features_metadata,GPR,log,protocol_holdout,hybrid,6,36,10.055053262854877
Formation,set4_features_metadata,GPR,log,protocol_holdout,hybrid,6,48,10.29846054625968
Formation,set4_features_metadata,GPR,log,protocol_holdout,hybrid,6,60,9.925259769815304
Formation,set4_features_metadata,GPR,log,protocol_holdout,hybrid,6,72,9.710770057512187
Formation,set4_features_metadata,GPR,log,protocol_holdout,hybrid,6,84,9.992814490151895
Formation,set4_features_metadata,GPR,log,protocol_holdout,hybrid,6,96,10.266100104872857
Formation,set4_features_metadata,GPR,log,protocol_holdout,hybrid,6,108,10.33955135994595
Formation,set4_features_metadata,GPR,log,protocol_holdout,hybrid,6,120,9.732575536574672
Formation,set4_features_metadata,GPR,log,protocol_holdout,hybrid,6,132,9.565226119472255
Formation,set4_features_metadata,GPR,log,protocol_holdout,hybrid,6,144,9.034624371126702
Formation,set4_features_metadata,GPR,log,protocol_holdout,hybrid,6,146,8.835673681845968
Formation,set4_features_metadata,GPR,log,protocol_holdout,hybrid,7,12,20.461871503225066
Formation,set4_features_metadata,GPR,log,protocol_holdout,hybrid,7,24,17.831533417422566
Formation,set4_features_metadata,GPR,log,protocol_holdout,hybrid,7,36,16.50975150079435
Formation,set4_features_metadata,GPR,log,protocol_holdout,hybrid,7,48,16.89154698233888
Formation,set4_features_metadata,GPR,log,protocol_holdout,hybrid,7,60,14.803388287587508
Formation,set4_features_metadata,GPR,log,protocol_holdout,hybrid,7,72,14.286623539844287
Formation,set4_features_metadata,GPR,log,protocol_holdout,hybrid,7,84,14.263935934385136
Formation,set4_features_metadata,GPR,log,protocol_holdout,hybrid,7,96,13.12191000039432
Formation,set4_features_metadata,GPR,log,protocol_holdout,hybrid,7,108,12.320069652758786
Formation,set4_features_metadata,GPR,log,protocol_holdout,hybrid,7,120,11.479970684883527
Formation,set4_features_metadata,GPR,log,protocol_holdout,hybrid,7,132,11.383273900293448
Formation,set4_features_metadata,GPR,log,protocol_holdout,hybrid,7,144,11.184050351896175
Formation,set4_features_metadata,GPR,log,protocol_holdout,hybrid,7,146,11.228712853906536
Formation,set4_features_metadata,GPR,log,protocol_holdout,hybrid,8,12,14.80136920636034
Formation,set4_features_metadata,GPR,log,protocol_holdout,hybrid,8,24,10.987360009192964
Formation,set4_features_metadata,GPR,log,protocol_holdout,hybrid,8,36,11.233346364907144
Formation,set4_features_metadata,GPR,log,protocol_holdout,hybrid,8,48,13.282792516308026
Formation,set4_features_metadata,GPR,log,protocol_holdout,hybrid,8,60,9.89161042966774
Formation,set4_features_metadata,GPR,log,protocol_holdout,hybrid,8,72,9.441034560736524
Formation,set4_features_metadata,GPR,log,protocol_holdout,hybrid,8,84,8.997307865744055
Formation,set4_features_metadata,GPR,log,protocol_holdout,hybrid,8,96,9.32578519601064
Formation,set4_features_metadata,GPR,log,protocol_holdout,hybrid,8,108,9.169159333701735
Formation,set4_features_metadata,GPR,log,protocol_holdout,hybrid,8,120,9.27486697132926
Formation,set4_features_metadata,GPR,log,protocol_holdout,hybrid,8,132,9.44532051305574
Formation,set4_features_metadata,GPR,log,protocol_holdout,hybrid,8,144,9.899314411612403
Formation,set4_features_metadata,GPR,log,protocol_holdout,hybrid,8,146,10.053579771877962
Formation,set4_features_metadata,GPR,log,protocol_holdout,hybrid,9,12,11.801031469541453
Formation,set4_features_metadata,GPR,log,protocol_holdout,hybrid,9,24,11.499590527151192
Formation,set4_features_metadata,GPR,log,protocol_holdout,hybrid,9,36,9.787012327382682
Formation,set4_features_metadata,GPR,log,protocol_holdout,hybrid,9,48,9.52328817163534
Formation,set4_features_metadata,GPR,log,protocol_holdout,hybrid,9,60,8.774810514564338
Formation,set4_features_metadata,GPR,log,protocol_holdout,hybrid,9,72,7.967087336055874
Formation,set4_features_metadata,GPR,log,protocol_holdout,hybrid,9,84,7.1503047257180885
Formation,set4_features_metadata,GPR,log,protocol_holdout,hybrid,9,96,7.192104236284225
Formation,set4_features_metadata,GPR,log,protocol_holdout,hybrid,9,108,7.0080688235236925
Formation,set4_features_metadata,GPR,log,protocol_holdout,hybrid,9,120,7.2121502289838
Formation,set4_features_metadata,GPR,log,protocol_holdout,hybrid,9,132,7.394968037130364
Formation,set4_features_metadata,GPR,log,protocol_holdout,hybrid,9,144,7.794530114009253
Formation,set4_features_metadata,GPR,log,protocol_holdout,hybrid,9,146,7.94723030096357
Formation,set4_features_metadata,GPR,log,protocol_holdout,hybrid,10,12,16.23091305068792
Formation,set4_features_metadata,GPR,log,protocol_holdout,hybrid,10,24,12.27330145717231
Formation,set4_features_metadata,GPR,log,protocol_holdout,hybrid,10,36,12.380053752214168
Formation,set4_features_metadata,GPR,log,protocol_holdout,hybrid,10,48,11.580668818154294
Formation,set4_features_metadata,GPR,log,protocol_holdout,hybrid,10,60,12.338600227047127
Formation,set4_features_metadata,GPR,log,protocol_holdout,hybrid,10,72,12.029194495688923
Formation,set4_features_metadata,GPR,log,protocol_holdout,hybrid,10,84,11.140934600905616
Formation,set4_features_metadata,GPR,log,protocol_holdout,hybrid,10,96,10.96492211146185
Formation,set4_features_metadata,GPR,log,protocol_holdout,hybrid,10,108,10.706815754526732
Formation,set4_features_metadata,GPR,log,protocol_holdout,hybrid,10,120,11.06468538212811
Formation,set4_features_metadata,GPR,log,protocol_holdout,hybrid,10,132,10.80003430707838
Formation,set4_features_metadata,GPR,log,protocol_holdout,hybrid,10,144,10.52381426923716
Formation,set4_features_metadata,GPR,log,protocol_holdout,hybrid,10,146,10.495984187896944
TRI_Tesla,set4_features_metadata,GPR,log,protocol_holdout,random_selection,1,8,26.983275513906506
TRI_Tesla,set4_features_metadata,GPR,log,protocol_holdout,random_selection,1,16,18.55835048339175
TRI_Tesla,set4_features_metadata,GPR,log,protocol_holdout,random_selection,1,24,21.93038130468593
TRI_Tesla,set4_features_metadata,GPR,log,protocol_holdout,random_selection,1,32,20.94735811737185
TRI_Tesla,set4_features_metadata,GPR,log,protocol_holdout,random_selection,1,40,29.699734414616184
TRI_Tesla,set4_features_metadata,GPR,log,protocol_holdout,random_selection,1,48,20.327965361957727
TRI_Tesla,set4_features_metadata,GPR,log,protocol_holdout,random_selection,1,56,21.533413227189943
TRI_Tesla,set4_features_metadata,GPR,log,protocol_holdout,random_selection,1,64,20.84901515610252
TRI_Tesla,set4_features_metadata,GPR,log,protocol_holdout,random_selection,1,72,16.266559778979133
TRI_Tesla,set4_features_metadata,GPR,log,protocol_holdout,random_selection,1,80,16.381968542108563
TRI_Tesla,set4_features_metadata,GPR,log,protocol_holdout,random_selection,1,88,16.2613030292469
TRI_Tesla,set4_features_metadata,GPR,log,protocol_holdout,random_selection,1,96,14.972831117815444
TRI_Tesla,set4_features_metadata,GPR,log,protocol_holdout,random_selection,1,104,15.078098825158548
TRI_Tesla,set4_features_metadata,GPR,log,protocol_holdout,random_selection,1,107,14.799744317918895
TRI_Tesla,set4_features_metadata,GPR,log,protocol_holdout,random_selection,2,8,22.13727364663777
TRI_Tesla,set4_features_metadata,GPR,log,protocol_holdout,random_selection,2,16,16.516888863258558
TRI_Tesla,set4_features_metadata,GPR,log,protocol_holdout,random_selection,2,24,18.09006781849761
TRI_Tesla,set4_features_metadata,GPR,log,protocol_holdout,random_selection,2,32,20.359032586935108
TRI_Tesla,set4_features_metadata,GPR,log,protocol_holdout,random_selection,2,40,18.879495395006675
TRI_Tesla,set4_features_metadata,GPR,log,protocol_holdout,random_selection,2,48,19.526577604486025
TRI_Tesla,set4_features_metadata,GPR,log,protocol_holdout,random_selection,2,56,19.644597153464524
TRI_Tesla,set4_features_metadata,GPR,log,protocol_holdout,random_selection,2,64,19.46359991355509
TRI_Tesla,set4_features_metadata,GPR,log,protocol_holdout,random_selection,2,72,19.20793957316308
TRI_Tesla,set4_features_metadata,GPR,log,protocol_holdout,random_selection,2,80,22.02248916019096
TRI_Tesla,set4_features_metadata,GPR,log,protocol_holdout,random_selection,2,88,18.159558188303308
TRI_Tesla,set4_features_metadata,GPR,log,protocol_holdout,random_selection,2,96,17.787758724059817
TRI_Tesla,set4_features_metadata,GPR,log,protocol_holdout,random_selection,2,104,16.26195355859696
TRI_Tesla,set4_features_metadata,GPR,log,protocol_holdout,random_selection,2,107,15.76434229238379
TRI_Tesla,set4_features_metadata,GPR,log,protocol_holdout,random_selection,3,8,20.965622485274704
TRI_Tesla,set4_features_metadata,GPR,log,protocol_holdout,random_selection,3,16,22.7431533893156
TRI_Tesla,set4_features_metadata,GPR,log,protocol_holdout,random_selection,3,24,20.81781987426764
TRI_Tesla,set4_features_metadata,GPR,log,protocol_holdout,random_selection,3,32,20.94666964333252
TRI_Tesla,set4_features_metadata,GPR,log,protocol_holdout,random_selection,3,40,19.82415174801322
TRI_Tesla,set4_features_metadata,GPR,log,protocol_holdout,random_selection,3,48,19.75900110421354
TRI_Tesla,set4_features_metadata,GPR,log,protocol_holdout,random_selection,3,56,19.473297732760187
TRI_Tesla,set4_features_metadata,GPR,log,protocol_holdout,random_selection,3,64,22.507255810119418
TRI_Tesla,set4_features_metadata,GPR,log,protocol_holdout,random_selection,3,72,22.756537845782542
TRI_Tesla,set4_features_metadata,GPR,log,protocol_holdout,random_selection,3,80,23.325526729166768
TRI_Tesla,set4_features_metadata,GPR,log,protocol_holdout,random_selection,3,88,20.76020946532394
TRI_Tesla,set4_features_metadata,GPR,log,protocol_holdout,random_selection,3,96,20.116452578727632
TRI_Tesla,set4_features_metadata,GPR,log,protocol_holdout,random_selection,3,104,17.04172309804344
TRI_Tesla,set4_features_metadata,GPR,log,protocol_holdout,random_selection,3,107,16.735960204428896
TRI_Tesla,set4_features_metadata,GPR,log,protocol_holdout,random_selection,4,8,70.69175468317647
TRI_Tesla,set4_features_metadata,GPR,log,protocol_holdout,random_selection,4,16,33.81809753029799
TRI_Tesla,set4_features_metadata,GPR,log,protocol_holdout,random_selection,4,24,19.634249880736856
TRI_Tesla,set4_features_metadata,GPR,log,protocol_holdout,random_selection,4,32,17.366693741800944
TRI_Tesla,set4_features_metadata,GPR,log,protocol_holdout,random_selection,4,40,40.5239329327027
TRI_Tesla,set4_features_metadata,GPR,log,protocol_holdout,random_selection,4,48,23.605410350083417
TRI_Tesla,set4_features_metadata,GPR,log,protocol_holdout,random_selection,4,56,29.201978447918453
TRI_Tesla,set4_features_metadata,GPR,log,protocol_holdout,random_selection,4,64,30.15775969213953
TRI_Tesla,set4_features_metadata,GPR,log,protocol_holdout,random_selection,4,72,30.71157314146658
TRI_Tesla,set4_features_metadata,GPR,log,protocol_holdout,random_selection,4,80,32.27288016054769
TRI_Tesla,set4_features_metadata,GPR,log,protocol_holdout,random_selection,4,88,31.82673989863576
TRI_Tesla,set4_features_metadata,GPR,log,protocol_holdout,random_selection,4,96,30.462309414079
TRI_Tesla,set4_features_metadata,GPR,log,protocol_holdout,random_selection,4,104,30.123295651515942
TRI_Tesla,set4_features_metadata,GPR,log,protocol_holdout,random_selection,4,107,31.630565013320577
TRI_Tesla,set4_features_metadata,GPR,log,protocol_holdout,random_selection,5,8,84.65435364152684
TRI_Tesla,set4_features_metadata,GPR,log,protocol_holdout,random_selection,5,16,42.62097695282989
TRI_Tesla,set4_features_metadata,GPR,log,protocol_holdout,random_selection,5,24,41.13309912430041
TRI_Tesla,set4_features_metadata,GPR,log,protocol_holdout,random_selection,5,32,35.18104965001892
TRI_Tesla,set4_features_metadata,GPR,log,protocol_holdout,random_selection,5,40,34.00182647958184
TRI_Tesla,set4_features_metadata,GPR,log,protocol_holdout,random_selection,5,48,31.276511052101053
TRI_Tesla,set4_features_metadata,GPR,log,protocol_holdout,random_selection,5,56,28.470218440820016
TRI_Tesla,set4_features_metadata,GPR,log,protocol_holdout,random_selection,5,64,26.90569243738125
TRI_Tesla,set4_features_metadata,GPR,log,protocol_holdout,random_selection,5,72,29.15213989049428
TRI_Tesla,set4_features_metadata,GPR,log,protocol_holdout,random_selection,5,80,25.35262737215382
TRI_Tesla,set4_features_metadata,GPR,log,protocol_holdout,random_selection,5,88,25.28842107088408
TRI_Tesla,set4_features_metadata,GPR,log,protocol_holdout,random_selection,5,96,21.837351600387823
TRI_Tesla,set4_features_metadata,GPR,log,protocol_holdout,random_selection,5,104,24.71641688863821
TRI_Tesla,set4_features_metadata,GPR,log,protocol_holdout,random_selection,5,107,22.885180554953013
TRI_Tesla,set4_features_metadata,GPR,log,protocol_holdout,random_selection,6,8,28.30486084143513
TRI_Tesla,set4_features_metadata,GPR,log,protocol_holdout,random_selection,6,16,24.13162471927094
TRI_Tesla,set4_features_metadata,GPR,log,protocol_holdout,random_selection,6,24,24.46617851522113
TRI_Tesla,set4_features_metadata,GPR,log,protocol_holdout,random_selection,6,32,17.929055743267003
TRI_Tesla,set4_features_metadata,GPR,log,protocol_holdout,random_selection,6,40,17.91611017431892
TRI_Tesla,set4_features_metadata,GPR,log,protocol_holdout,random_selection,6,48,16.302379324944223
TRI_Tesla,set4_features_metadata,GPR,log,protocol_holdout,random_selection,6,56,15.734065073642295
TRI_Tesla,set4_features_metadata,GPR,log,protocol_holdout,random_selection,6,64,15.611170850232709
TRI_Tesla,set4_features_metadata,GPR,log,protocol_holdout,random_selection,6,72,16.136237098716148
TRI_Tesla,set4_features_metadata,GPR,log,protocol_holdout,random_selection,6,80,13.651971294031243
TRI_Tesla,set4_features_metadata,GPR,log,protocol_holdout,random_selection,6,88,14.038976701976214
TRI_Tesla,set4_features_metadata,GPR,log,protocol_holdout,random_selection,6,96,13.24212811196518
TRI_Tesla,set4_features_metadata,GPR,log,protocol_holdout,random_selection,6,104,13.103897928984024
TRI_Tesla,set4_features_metadata,GPR,log,protocol_holdout,random_selection,6,107,13.04364402791444
TRI_Tesla,set4_features_metadata,GPR,log,protocol_holdout,random_selection,7,8,25.62498191113541
TRI_Tesla,set4_features_metadata,GPR,log,protocol_holdout,random_selection,7,16,35.389110581637894
TRI_Tesla,set4_features_metadata,GPR,log,protocol_holdout,random_selection,7,24,27.117174875758067
TRI_Tesla,set4_features_metadata,GPR,log,protocol_holdout,random_selection,7,32,22.92938722430369
TRI_Tesla,set4_features_metadata,GPR,log,protocol_holdout,random_selection,7,40,22.613596101166493
TRI_Tesla,set4_features_metadata,GPR,log,protocol_holdout,random_selection,7,48,22.81217012481577
TRI_Tesla,set4_features_metadata,GPR,log,protocol_holdout,random_selection,7,56,22.09505288710936
TRI_Tesla,set4_features_metadata,GPR,log,protocol_holdout,random_selection,7,64,21.26984623968495
TRI_Tesla,set4_features_metadata,GPR,log,protocol_holdout,random_selection,7,72,20.372371553624777
TRI_Tesla,set4_features_metadata,GPR,log,protocol_holdout,random_selection,7,80,20.757831165585984
TRI_Tesla,set4_features_metadata,GPR,log,protocol_holdout,random_selection,7,88,20.03652932557188
TRI_Tesla,set4_features_metadata,GPR,log,protocol_holdout,random_selection,7,96,19.727858613280844
TRI_Tesla,set4_features_metadata,GPR,log,protocol_holdout,random_selection,7,104,18.298483950166208
TRI_Tesla,set4_features_metadata,GPR,log,protocol_holdout,random_selection,7,107,17.565578969555517
TRI_Tesla,set4_features_metadata,GPR,log,protocol_holdout,random_selection,8,8,52.55225097298074
TRI_Tesla,set4_features_metadata,GPR,log,protocol_holdout,random_selection,8,16,27.900399432890065
TRI_Tesla,set4_features_metadata,GPR,log,protocol_holdout,random_selection,8,24,36.17799882664952
TRI_Tesla,set4_features_metadata,GPR,log,protocol_holdout,random_selection,8,32,37.118405946018
TRI_Tesla,set4_features_metadata,GPR,log,protocol_holdout,random_selection,8,40,19.505280477791853
TRI_Tesla,set4_features_metadata,GPR,log,protocol_holdout,random_selection,8,48,17.445566467955633
TRI_Tesla,set4_features_metadata,GPR,log,protocol_holdout,random_selection,8,56,18.88889879811021
TRI_Tesla,set4_features_metadata,GPR,log,protocol_holdout,random_selection,8,64,19.259235040703267
TRI_Tesla,set4_features_metadata,GPR,log,protocol_holdout,random_selection,8,72,18.41094975152318
TRI_Tesla,set4_features_metadata,GPR,log,protocol_holdout,random_selection,8,80,17.841535628097844
TRI_Tesla,set4_features_metadata,GPR,log,protocol_holdout,random_selection,8,88,18.503370913781524
TRI_Tesla,set4_features_metadata,GPR,log,protocol_holdout,random_selection,8,96,18.59592290229692
TRI_Tesla,set4_features_metadata,GPR,log,protocol_holdout,random_selection,8,104,18.44588662086089
TRI_Tesla,set4_features_metadata,GPR,log,protocol_holdout,random_selection,8,107,18.120058085190774
TRI_Tesla,set4_features_metadata,GPR,log,protocol_holdout,random_selection,9,8,25.81515846460732
TRI_Tesla,set4_features_metadata,GPR,log,protocol_holdout,random_selection,9,16,40.173832633011
TRI_Tesla,set4_features_metadata,GPR,log,protocol_holdout,random_selection,9,24,41.89770466214171
TRI_Tesla,set4_features_metadata,GPR,log,protocol_holdout,random_selection,9,32,37.93074614311147
TRI_Tesla,set4_features_metadata,GPR,log,protocol_holdout,random_selection,9,40,31.266205569886264
TRI_Tesla,set4_features_metadata,GPR,log,protocol_holdout,random_selection,9,48,28.01408867907825
TRI_Tesla,set4_features_metadata,GPR,log,protocol_holdout,random_selection,9,56,21.420616462537566
TRI_Tesla,set4_features_metadata,GPR,log,protocol_holdout,random_selection,9,64,20.60581662802809
TRI_Tesla,set4_features_metadata,GPR,log,protocol_holdout,random_selection,9,72,19.75885382012972
TRI_Tesla,set4_features_metadata,GPR,log,protocol_holdout,random_selection,9,80,19.481493623425703
TRI_Tesla,set4_features_metadata,GPR,log,protocol_holdout,random_selection,9,88,17.86889196531851
TRI_Tesla,set4_features_metadata,GPR,log,protocol_holdout,random_selection,9,96,17.6884305671661
TRI_Tesla,set4_features_metadata,GPR,log,protocol_holdout,random_selection,9,104,17.554889117407292
TRI_Tesla,set4_features_metadata,GPR,log,protocol_holdout,random_selection,9,107,17.514822661954316
TRI_Tesla,set4_features_metadata,GPR,log,protocol_holdout,random_selection,10,8,32.93098561749651
TRI_Tesla,set4_features_metadata,GPR,log,protocol_holdout,random_selection,10,16,36.574081719005605
TRI_Tesla,set4_features_metadata,GPR,log,protocol_holdout,random_selection,10,24,28.14791809619751
TRI_Tesla,set4_features_metadata,GPR,log,protocol_holdout,random_selection,10,32,41.082755325536105
TRI_Tesla,set4_features_metadata,GPR,log,protocol_holdout,random_selection,10,40,42.01783368580403
TRI_Tesla,set4_features_metadata,GPR,log,protocol_holdout,random_selection,10,48,28.046685400289373
TRI_Tesla,set4_features_metadata,GPR,log,protocol_holdout,random_selection,10,56,34.2032925598517
TRI_Tesla,set4_features_metadata,GPR,log,protocol_holdout,random_selection,10,64,26.25069011888713
TRI_Tesla,set4_features_metadata,GPR,log,protocol_holdout,random_selection,10,72,27.1231042858632
TRI_Tesla,set4_features_metadata,GPR,log,protocol_holdout,random_selection,10,80,27.58196055688899
TRI_Tesla,set4_features_metadata,GPR,log,protocol_holdout,random_selection,10,88,23.96617855556662
TRI_Tesla,set4_features_metadata,GPR,log,protocol_holdout,random_selection,10,96,18.925593881796686
TRI_Tesla,set4_features_metadata,GPR,log,protocol_holdout,random_selection,10,104,17.872818070998203
TRI_Tesla,set4_features_metadata,GPR,log,protocol_holdout,random_selection,10,107,14.821371311915232
TRI_Tesla,set4_features_metadata,GPR,log,protocol_holdout,diversity_oneshot,1,8,20.67979394011632
TRI_Tesla,set4_features_metadata,GPR,log,protocol_holdout,diversity_oneshot,1,16,39.596520671329145
TRI_Tesla,set4_features_metadata,GPR,log,protocol_holdout,diversity_oneshot,1,24,22.11807903177059
TRI_Tesla,set4_features_metadata,GPR,log,protocol_holdout,diversity_oneshot,1,32,19.037336614261328
TRI_Tesla,set4_features_metadata,GPR,log,protocol_holdout,diversity_oneshot,1,40,16.379769580578195
TRI_Tesla,set4_features_metadata,GPR,log,protocol_holdout,diversity_oneshot,1,48,12.34135383118125
TRI_Tesla,set4_features_metadata,GPR,log,protocol_holdout,diversity_oneshot,1,56,17.25791825212565
TRI_Tesla,set4_features_metadata,GPR,log,protocol_holdout,diversity_oneshot,1,64,12.112688204931612
TRI_Tesla,set4_features_metadata,GPR,log,protocol_holdout,diversity_oneshot,1,72,12.785031768924435
TRI_Tesla,set4_features_metadata,GPR,log,protocol_holdout,diversity_oneshot,1,80,12.756918842662598
TRI_Tesla,set4_features_metadata,GPR,log,protocol_holdout,diversity_oneshot,1,88,13.69917659501435
TRI_Tesla,set4_features_metadata,GPR,log,protocol_holdout,diversity_oneshot,1,96,14.61255360556882
TRI_Tesla,set4_features_metadata,GPR,log,protocol_holdout,diversity_oneshot,1,104,15.030696450905117
TRI_Tesla,set4_features_metadata,GPR,log,protocol_holdout,diversity_oneshot,1,107,14.799744317918895
TRI_Tesla,set4_features_metadata,GPR,log,protocol_holdout,diversity_oneshot,2,8,22.81139509347004
TRI_Tesla,set4_features_metadata,GPR,log,protocol_holdout,diversity_oneshot,2,16,20.74804686579633
TRI_Tesla,set4_features_metadata,GPR,log,protocol_holdout,diversity_oneshot,2,24,18.69274401505753
TRI_Tesla,set4_features_metadata,GPR,log,protocol_holdout,diversity_oneshot,2,32,18.06070758488298
TRI_Tesla,set4_features_metadata,GPR,log,protocol_holdout,diversity_oneshot,2,40,16.482905698131965
TRI_Tesla,set4_features_metadata,GPR,log,protocol_holdout,diversity_oneshot,2,48,20.380262335333853
TRI_Tesla,set4_features_metadata,GPR,log,protocol_holdout,diversity_oneshot,2,56,20.66874922704665
TRI_Tesla,set4_features_metadata,GPR,log,protocol_holdout,diversity_oneshot,2,64,20.39743869043382
TRI_Tesla,set4_features_metadata,GPR,log,protocol_holdout,diversity_oneshot,2,72,17.91004963003905
TRI_Tesla,set4_features_metadata,GPR,log,protocol_holdout,diversity_oneshot,2,80,15.083855929188855
TRI_Tesla,set4_features_metadata,GPR,log,protocol_holdout,diversity_oneshot,2,88,14.278652120974908
TRI_Tesla,set4_features_metadata,GPR,log,protocol_holdout,diversity_oneshot,2,96,13.76379445684434
TRI_Tesla,set4_features_metadata,GPR,log,protocol_holdout,diversity_oneshot,2,104,16.038384403068015
TRI_Tesla,set4_features_metadata,GPR,log,protocol_holdout,diversity_oneshot,2,107,15.76434229238379
TRI_Tesla,set4_features_metadata,GPR,log,protocol_holdout,diversity_oneshot,3,8,32.269941465185454
TRI_Tesla,set4_features_metadata,GPR,log,protocol_holdout,diversity_oneshot,3,16,25.88722936886497
TRI_Tesla,set4_features_metadata,GPR,log,protocol_holdout,diversity_oneshot,3,24,23.146733488887435
TRI_Tesla,set4_features_metadata,GPR,log,protocol_holdout,diversity_oneshot,3,32,21.17753380922257
TRI_Tesla,set4_features_metadata,GPR,log,protocol_holdout,diversity_oneshot,3,40,20.967571964300795
TRI_Tesla,set4_features_metadata,GPR,log,protocol_holdout,diversity_oneshot,3,48,14.937040657394084
TRI_Tesla,set4_features_metadata,GPR,log,protocol_holdout,diversity_oneshot,3,56,14.957286811810333
TRI_Tesla,set4_features_metadata,GPR,log,protocol_holdout,diversity_oneshot,3,64,16.129356728629972
TRI_Tesla,set4_features_metadata,GPR,log,protocol_holdout,diversity_oneshot,3,72,15.531815871326453
TRI_Tesla,set4_features_metadata,GPR,log,protocol_holdout,diversity_oneshot,3,80,15.868942640636806
TRI_Tesla,set4_features_metadata,GPR,log,protocol_holdout,diversity_oneshot,3,88,15.21519713493975
TRI_Tesla,set4_features_metadata,GPR,log,protocol_holdout,diversity_oneshot,3,96,15.987925743967526
TRI_Tesla,set4_features_metadata,GPR,log,protocol_holdout,diversity_oneshot,3,104,16.756184708655887
TRI_Tesla,set4_features_metadata,GPR,log,protocol_holdout,diversity_oneshot,3,107,16.735960204428896
TRI_Tesla,set4_features_metadata,GPR,log,protocol_holdout,diversity_oneshot,4,8,28.022934813751192
TRI_Tesla,set4_features_metadata,GPR,log,protocol_holdout,diversity_oneshot,4,16,37.10696907475229
TRI_Tesla,set4_features_metadata,GPR,log,protocol_holdout,diversity_oneshot,4,24,25.229197479487787
TRI_Tesla,set4_features_metadata,GPR,log,protocol_holdout,diversity_oneshot,4,32,24.53737837561109
TRI_Tesla,set4_features_metadata,GPR,log,protocol_holdout,diversity_oneshot,4,40,24.9671682510301
TRI_Tesla,set4_features_metadata,GPR,log,protocol_holdout,diversity_oneshot,4,48,19.79450635422393
TRI_Tesla,set4_features_metadata,GPR,log,protocol_holdout,diversity_oneshot,4,56,21.505240522286712
TRI_Tesla,set4_features_metadata,GPR,log,protocol_holdout,diversity_oneshot,4,64,22.481870140606205
TRI_Tesla,set4_features_metadata,GPR,log,protocol_holdout,diversity_oneshot,4,72,22.36520821389986
TRI_Tesla,set4_features_metadata,GPR,log,protocol_holdout,diversity_oneshot,4,80,22.34050890462928
TRI_Tesla,set4_features_metadata,GPR,log,protocol_holdout,diversity_oneshot,4,88,25.59232899838228
TRI_Tesla,set4_features_metadata,GPR,log,protocol_holdout,diversity_oneshot,4,96,27.11081123366976
TRI_Tesla,set4_features_metadata,GPR,log,protocol_holdout,diversity_oneshot,4,104,31.41317135277046
TRI_Tesla,set4_features_metadata,GPR,log,protocol_holdout,diversity_oneshot,4,107,31.630565013320577
TRI_Tesla,set4_features_metadata,GPR,log,protocol_holdout,diversity_oneshot,5,8,18.182379472725376
TRI_Tesla,set4_features_metadata,GPR,log,protocol_holdout,diversity_oneshot,5,16,20.42458744609256
TRI_Tesla,set4_features_metadata,GPR,log,protocol_holdout,diversity_oneshot,5,24,20.157077747694228
TRI_Tesla,set4_features_metadata,GPR,log,protocol_holdout,diversity_oneshot,5,32,17.84210294711985
TRI_Tesla,set4_features_metadata,GPR,log,protocol_holdout,diversity_oneshot,5,40,17.672927752496456
TRI_Tesla,set4_features_metadata,GPR,log,protocol_holdout,diversity_oneshot,5,48,23.572354376250804
TRI_Tesla,set4_features_metadata,GPR,log,protocol_holdout,diversity_oneshot,5,56,23.89449749753368
TRI_Tesla,set4_features_metadata,GPR,log,protocol_holdout,diversity_oneshot,5,64,25.59015367870369
TRI_Tesla,set4_features_metadata,GPR,log,protocol_holdout,diversity_oneshot,5,72,24.03312172711303
TRI_Tesla,set4_features_metadata,GPR,log,protocol_holdout,diversity_oneshot,5,80,23.918643856040987
TRI_Tesla,set4_features_metadata,GPR,log,protocol_holdout,diversity_oneshot,5,88,22.572707476018703
TRI_Tesla,set4_features_metadata,GPR,log,protocol_holdout,diversity_oneshot,5,96,21.48178614250088
TRI_Tesla,set4_features_metadata,GPR,log,protocol_holdout,diversity_oneshot,5,104,22.608743419233043
TRI_Tesla,set4_features_metadata,GPR,log,protocol_holdout,diversity_oneshot,5,107,22.885180554953013
TRI_Tesla,set4_features_metadata,GPR,log,protocol_holdout,diversity_oneshot,6,8,28.157682714068287
TRI_Tesla,set4_features_metadata,GPR,log,protocol_holdout,diversity_oneshot,6,16,25.743036394946703
TRI_Tesla,set4_features_metadata,GPR,log,protocol_holdout,diversity_oneshot,6,24,20.176352536525343
TRI_Tesla,set4_features_metadata,GPR,log,protocol_holdout,diversity_oneshot,6,32,20.47167816820373
TRI_Tesla,set4_features_metadata,GPR,log,protocol_holdout,diversity_oneshot,6,40,17.762154890155692
TRI_Tesla,set4_features_metadata,GPR,log,protocol_holdout,diversity_oneshot,6,48,17.883787530061234
TRI_Tesla,set4_features_metadata,GPR,log,protocol_holdout,diversity_oneshot,6,56,17.41108126766585
TRI_Tesla,set4_features_metadata,GPR,log,protocol_holdout,diversity_oneshot,6,64,16.17253445403982
TRI_Tesla,set4_features_metadata,GPR,log,protocol_holdout,diversity_oneshot,6,72,14.938003375987202
TRI_Tesla,set4_features_metadata,GPR,log,protocol_holdout,diversity_oneshot,6,80,14.232399608906393
TRI_Tesla,set4_features_metadata,GPR,log,protocol_holdout,diversity_oneshot,6,88,13.06890485565572
TRI_Tesla,set4_features_metadata,GPR,log,protocol_holdout,diversity_oneshot,6,96,13.446370345988964
TRI_Tesla,set4_features_metadata,GPR,log,protocol_holdout,diversity_oneshot,6,104,13.126045253954915
TRI_Tesla,set4_features_metadata,GPR,log,protocol_holdout,diversity_oneshot,6,107,13.04364402791444
TRI_Tesla,set4_features_metadata,GPR,log,protocol_holdout,diversity_oneshot,7,8,27.489474387847903
TRI_Tesla,set4_features_metadata,GPR,log,protocol_holdout,diversity_oneshot,7,16,34.52216587218879
TRI_Tesla,set4_features_metadata,GPR,log,protocol_holdout,diversity_oneshot,7,24,24.935495064022746
TRI_Tesla,set4_features_metadata,GPR,log,protocol_holdout,diversity_oneshot,7,32,24.62007864153629
TRI_Tesla,set4_features_metadata,GPR,log,protocol_holdout,diversity_oneshot,7,40,25.24175839118832
TRI_Tesla,set4_features_metadata,GPR,log,protocol_holdout,diversity_oneshot,7,48,19.07208655410217
TRI_Tesla,set4_features_metadata,GPR,log,protocol_holdout,diversity_oneshot,7,56,18.312528774112653
TRI_Tesla,set4_features_metadata,GPR,log,protocol_holdout,diversity_oneshot,7,64,18.047594595225807
TRI_Tesla,set4_features_metadata,GPR,log,protocol_holdout,diversity_oneshot,7,72,17.63212262689868
TRI_Tesla,set4_features_metadata,GPR,log,protocol_holdout,diversity_oneshot,7,80,17.330797433832288
TRI_Tesla,set4_features_metadata,GPR,log,protocol_holdout,diversity_oneshot,7,88,17.509696464342746
TRI_Tesla,set4_features_metadata,GPR,log,protocol_holdout,diversity_oneshot,7,96,17.533877329749924
TRI_Tesla,set4_features_metadata,GPR,log,protocol_holdout,diversity_oneshot,7,104,17.87574068886321
TRI_Tesla,set4_features_metadata,GPR,log,protocol_holdout,diversity_oneshot,7,107,17.565578969555517
TRI_Tesla,set4_features_metadata,GPR,log,protocol_holdout,diversity_oneshot,8,8,25.11726483432288
TRI_Tesla,set4_features_metadata,GPR,log,protocol_holdout,diversity_oneshot,8,16,28.539909000159337
TRI_Tesla,set4_features_metadata,GPR,log,protocol_holdout,diversity_oneshot,8,24,14.286203983622444
TRI_Tesla,set4_features_metadata,GPR,log,protocol_holdout,diversity_oneshot,8,32,18.12985140911134
TRI_Tesla,set4_features_metadata,GPR,log,protocol_holdout,diversity_oneshot,8,40,18.46066416637212
TRI_Tesla,set4_features_metadata,GPR,log,protocol_holdout,diversity_oneshot,8,48,17.629231170645895
TRI_Tesla,set4_features_metadata,GPR,log,protocol_holdout,diversity_oneshot,8,56,17.401051559432236
TRI_Tesla,set4_features_metadata,GPR,log,protocol_holdout,diversity_oneshot,8,64,16.533473295483496
TRI_Tesla,set4_features_metadata,GPR,log,protocol_holdout,diversity_oneshot,8,72,16.075504331213672
TRI_Tesla,set4_features_metadata,GPR,log,protocol_holdout,diversity_oneshot,8,80,14.80926196972473
TRI_Tesla,set4_features_metadata,GPR,log,protocol_holdout,diversity_oneshot,8,88,16.083424424706013
TRI_Tesla,set4_features_metadata,GPR,log,protocol_holdout,diversity_oneshot,8,96,16.41091600875967
TRI_Tesla,set4_features_metadata,GPR,log,protocol_holdout,diversity_oneshot,8,104,18.05141640867363
TRI_Tesla,set4_features_metadata,GPR,log,protocol_holdout,diversity_oneshot,8,107,18.120058085190774
TRI_Tesla,set4_features_metadata,GPR,log,protocol_holdout,diversity_oneshot,9,8,23.134179363932112
TRI_Tesla,set4_features_metadata,GPR,log,protocol_holdout,diversity_oneshot,9,16,22.82318399739384
TRI_Tesla,set4_features_metadata,GPR,log,protocol_holdout,diversity_oneshot,9,24,21.41121614048496
TRI_Tesla,set4_features_metadata,GPR,log,protocol_holdout,diversity_oneshot,9,32,22.42901993407742
TRI_Tesla,set4_features_metadata,GPR,log,protocol_holdout,diversity_oneshot,9,40,23.05136868314585
TRI_Tesla,set4_features_metadata,GPR,log,protocol_holdout,diversity_oneshot,9,48,20.518979525624363
TRI_Tesla,set4_features_metadata,GPR,log,protocol_holdout,diversity_oneshot,9,56,19.90010046340868
TRI_Tesla,set4_features_metadata,GPR,log,protocol_holdout,diversity_oneshot,9,64,19.82416808253419
TRI_Tesla,set4_features_metadata,GPR,log,protocol_holdout,diversity_oneshot,9,72,18.537495625089942
TRI_Tesla,set4_features_metadata,GPR,log,protocol_holdout,diversity_oneshot,9,80,18.78707230851456
TRI_Tesla,set4_features_metadata,GPR,log,protocol_holdout,diversity_oneshot,9,88,17.52631422889218
TRI_Tesla,set4_features_metadata,GPR,log,protocol_holdout,diversity_oneshot,9,96,18.12105929930468
TRI_Tesla,set4_features_metadata,GPR,log,protocol_holdout,diversity_oneshot,9,104,17.66914397969815
TRI_Tesla,set4_features_metadata,GPR,log,protocol_holdout,diversity_oneshot,9,107,17.514822661954316
TRI_Tesla,set4_features_metadata,GPR,log,protocol_holdout,diversity_oneshot,10,8,18.7414692625414
TRI_Tesla,set4_features_metadata,GPR,log,protocol_holdout,diversity_oneshot,10,16,21.924260632912823
TRI_Tesla,set4_features_metadata,GPR,log,protocol_holdout,diversity_oneshot,10,24,21.622862167806016
TRI_Tesla,set4_features_metadata,GPR,log,protocol_holdout,diversity_oneshot,10,32,23.280995506529685
TRI_Tesla,set4_features_metadata,GPR,log,protocol_holdout,diversity_oneshot,10,40,20.419057802445245
TRI_Tesla,set4_features_metadata,GPR,log,protocol_holdout,diversity_oneshot,10,48,18.947577620212016
TRI_Tesla,set4_features_metadata,GPR,log,protocol_holdout,diversity_oneshot,10,56,18.66065205974038
TRI_Tesla,set4_features_metadata,GPR,log,protocol_holdout,diversity_oneshot,10,64,18.73852845745979
TRI_Tesla,set4_features_metadata,GPR,log,protocol_holdout,diversity_oneshot,10,72,17.645828520839657
TRI_Tesla,set4_features_metadata,GPR,log,protocol_holdout,diversity_oneshot,10,80,17.21965198614976
TRI_Tesla,set4_features_metadata,GPR,log,protocol_holdout,diversity_oneshot,10,88,15.384185394954672
TRI_Tesla,set4_features_metadata,GPR,log,protocol_holdout,diversity_oneshot,10,96,15.494775476128792
TRI_Tesla,set4_features_metadata,GPR,log,protocol_holdout,diversity_oneshot,10,104,14.326597710879646
TRI_Tesla,set4_features_metadata,GPR,log,protocol_holdout,diversity_oneshot,10,107,14.821371311915232
TRI_Tesla,set4_features_metadata,GPR,log,protocol_holdout,diversity_iterative,1,8,20.67979394011632
TRI_Tesla,set4_features_metadata,GPR,log,protocol_holdout,diversity_iterative,1,16,15.232187085636395
TRI_Tesla,set4_features_metadata,GPR,log,protocol_holdout,diversity_iterative,1,24,25.536779645286927
TRI_Tesla,set4_features_metadata,GPR,log,protocol_holdout,diversity_iterative,1,32,19.96111190578658
TRI_Tesla,set4_features_metadata,GPR,log,protocol_holdout,diversity_iterative,1,40,21.82563364023816
TRI_Tesla,set4_features_metadata,GPR,log,protocol_holdout,diversity_iterative,1,48,21.91442031533469
TRI_Tesla,set4_features_metadata,GPR,log,protocol_holdout,diversity_iterative,1,56,30.4027368553488
TRI_Tesla,set4_features_metadata,GPR,log,protocol_holdout,diversity_iterative,1,64,30.66508126307716
TRI_Tesla,set4_features_metadata,GPR,log,protocol_holdout,diversity_iterative,1,72,30.29606785088029
TRI_Tesla,set4_features_metadata,GPR,log,protocol_holdout,diversity_iterative,1,80,25.21896663159346
TRI_Tesla,set4_features_metadata,GPR,log,protocol_holdout,diversity_iterative,1,88,20.8914197583948
TRI_Tesla,set4_features_metadata,GPR,log,protocol_holdout,diversity_iterative,1,96,19.121287784597904
TRI_Tesla,set4_features_metadata,GPR,log,protocol_holdout,diversity_iterative,1,104,15.078676959025008
TRI_Tesla,set4_features_metadata,GPR,log,protocol_holdout,diversity_iterative,1,107,14.799744317918895
TRI_Tesla,set4_features_metadata,GPR,log,protocol_holdout,diversity_iterative,2,8,22.81139509347004
TRI_Tesla,set4_features_metadata,GPR,log,protocol_holdout,diversity_iterative,2,16,25.314616855474387
TRI_Tesla,set4_features_metadata,GPR,log,protocol_holdout,diversity_iterative,2,24,23.5789219198835
TRI_Tesla,set4_features_metadata,GPR,log,protocol_holdout,diversity_iterative,2,32,24.39574385793684
TRI_Tesla,set4_features_metadata,GPR,log,protocol_holdout,diversity_iterative,2,40,19.414946662237043
TRI_Tesla,set4_features_metadata,GPR,log,protocol_holdout,diversity_iterative,2,48,20.99723774644141
TRI_Tesla,set4_features_metadata,GPR,log,protocol_holdout,diversity_iterative,2,56,18.71434985417406
TRI_Tesla,set4_features_metadata,GPR,log,protocol_holdout,diversity_iterative,2,64,15.80160000384464
TRI_Tesla,set4_features_metadata,GPR,log,protocol_holdout,diversity_iterative,2,72,14.870657311010865
TRI_Tesla,set4_features_metadata,GPR,log,protocol_holdout,diversity_iterative,2,80,13.948373390390708
TRI_Tesla,set4_features_metadata,GPR,log,protocol_holdout,diversity_iterative,2,88,14.091067530162066
TRI_Tesla,set4_features_metadata,GPR,log,protocol_holdout,diversity_iterative,2,96,15.585540498522654
TRI_Tesla,set4_features_metadata,GPR,log,protocol_holdout,diversity_iterative,2,104,15.883023690703212
TRI_Tesla,set4_features_metadata,GPR,log,protocol_holdout,diversity_iterative,2,107,15.76434229238379
TRI_Tesla,set4_features_metadata,GPR,log,protocol_holdout,diversity_iterative,3,8,32.269941465185454
TRI_Tesla,set4_features_metadata,GPR,log,protocol_holdout,diversity_iterative,3,16,30.677171233857624
TRI_Tesla,set4_features_metadata,GPR,log,protocol_holdout,diversity_iterative,3,24,20.50728429847881
TRI_Tesla,set4_features_metadata,GPR,log,protocol_holdout,diversity_iterative,3,32,18.65719528902179
TRI_Tesla,set4_features_metadata,GPR,log,protocol_holdout,diversity_iterative,3,40,18.78033295820253
TRI_Tesla,set4_features_metadata,GPR,log,protocol_holdout,diversity_iterative,3,48,21.275827891700946
TRI_Tesla,set4_features_metadata,GPR,log,protocol_holdout,diversity_iterative,3,56,22.36369355320103
TRI_Tesla,set4_features_metadata,GPR,log,protocol_holdout,diversity_iterative,3,64,16.79566066328448
TRI_Tesla,set4_features_metadata,GPR,log,protocol_holdout,diversity_iterative,3,72,16.35027684619866
TRI_Tesla,set4_features_metadata,GPR,log,protocol_holdout,diversity_iterative,3,80,16.886660711168847
TRI_Tesla,set4_features_metadata,GPR,log,protocol_holdout,diversity_iterative,3,88,17.36435060986642
TRI_Tesla,set4_features_metadata,GPR,log,protocol_holdout,diversity_iterative,3,96,17.75977395122413
TRI_Tesla,set4_features_metadata,GPR,log,protocol_holdout,diversity_iterative,3,104,17.134405891400313
TRI_Tesla,set4_features_metadata,GPR,log,protocol_holdout,diversity_iterative,3,107,16.735960204428896
TRI_Tesla,set4_features_metadata,GPR,log,protocol_holdout,diversity_iterative,4,8,28.022934813751192
TRI_Tesla,set4_features_metadata,GPR,log,protocol_holdout,diversity_iterative,4,16,35.64423328309294
TRI_Tesla,set4_features_metadata,GPR,log,protocol_holdout,diversity_iterative,4,24,32.82520273573169
TRI_Tesla,set4_features_metadata,GPR,log,protocol_holdout,diversity_iterative,4,32,30.526011705847967
TRI_Tesla,set4_features_metadata,GPR,log,protocol_holdout,diversity_iterative,4,40,32.8791380058588
TRI_Tesla,set4_features_metadata,GPR,log,protocol_holdout,diversity_iterative,4,48,32.979986703563604
TRI_Tesla,set4_features_metadata,GPR,log,protocol_holdout,diversity_iterative,4,56,35.15840512117112
TRI_Tesla,set4_features_metadata,GPR,log,protocol_holdout,diversity_iterative,4,64,37.36721074253061
TRI_Tesla,set4_features_metadata,GPR,log,protocol_holdout,diversity_iterative,4,72,33.5110619135547
TRI_Tesla,set4_features_metadata,GPR,log,protocol_holdout,diversity_iterative,4,80,38.0795453986167
TRI_Tesla,set4_features_metadata,GPR,log,protocol_holdout,diversity_iterative,4,88,39.25228856670311
TRI_Tesla,set4_features_metadata,GPR,log,protocol_holdout,diversity_iterative,4,96,36.14578109180788
TRI_Tesla,set4_features_metadata,GPR,log,protocol_holdout,diversity_iterative,4,104,32.818225471413754
TRI_Tesla,set4_features_metadata,GPR,log,protocol_holdout,diversity_iterative,4,107,31.630565013320577
TRI_Tesla,set4_features_metadata,GPR,log,protocol_holdout,diversity_iterative,5,8,18.182379472725376
TRI_Tesla,set4_features_metadata,GPR,log,protocol_holdout,diversity_iterative,5,16,22.99049572328509
TRI_Tesla,set4_features_metadata,GPR,log,protocol_holdout,diversity_iterative,5,24,28.23812451117395
TRI_Tesla,set4_features_metadata,GPR,log,protocol_holdout,diversity_iterative,5,32,23.90284814507662
TRI_Tesla,set4_features_metadata,GPR,log,protocol_holdout,diversity_iterative,5,40,28.416491664546285
TRI_Tesla,set4_features_metadata,GPR,log,protocol_holdout,diversity_iterative,5,48,31.63259614511216
TRI_Tesla,set4_features_metadata,GPR,log,protocol_holdout,diversity_iterative,5,56,33.248098111469446
TRI_Tesla,set4_features_metadata,GPR,log,protocol_holdout,diversity_iterative,5,64,32.59530344891811
TRI_Tesla,set4_features_metadata,GPR,log,protocol_holdout,diversity_iterative,5,72,26.01559776458572
TRI_Tesla,set4_features_metadata,GPR,log,protocol_holdout,diversity_iterative,5,80,28.79137617827457
TRI_Tesla,set4_features_metadata,GPR,log,protocol_holdout,diversity_iterative,5,88,23.52494977085432
TRI_Tesla,set4_features_metadata,GPR,log,protocol_holdout,diversity_iterative,5,96,25.453964911592987
TRI_Tesla,set4_features_metadata,GPR,log,protocol_holdout,diversity_iterative,5,104,20.920212807903024
TRI_Tesla,set4_features_metadata,GPR,log,protocol_holdout,diversity_iterative,5,107,22.885180554953013
TRI_Tesla,set4_features_metadata,GPR,log,protocol_holdout,diversity_iterative,6,8,28.157682714068287
TRI_Tesla,set4_features_metadata,GPR,log,protocol_holdout,diversity_iterative,6,16,23.84066502448068
TRI_Tesla,set4_features_metadata,GPR,log,protocol_holdout,diversity_iterative,6,24,33.89537426435392
TRI_Tesla,set4_features_metadata,GPR,log,protocol_holdout,diversity_iterative,6,32,25.303347699183643
TRI_Tesla,set4_features_metadata,GPR,log,protocol_holdout,diversity_iterative,6,40,22.624039602502243
TRI_Tesla,set4_features_metadata,GPR,log,protocol_holdout,diversity_iterative,6,48,21.02904650898275
TRI_Tesla,set4_features_metadata,GPR,log,protocol_holdout,diversity_iterative,6,56,19.52483620923561
TRI_Tesla,set4_features_metadata,GPR,log,protocol_holdout,diversity_iterative,6,64,17.552930750439376
TRI_Tesla,set4_features_metadata,GPR,log,protocol_holdout,diversity_iterative,6,72,16.1986902354414
TRI_Tesla,set4_features_metadata,GPR,log,protocol_holdout,diversity_iterative,6,80,15.69814596181072
TRI_Tesla,set4_features_metadata,GPR,log,protocol_holdout,diversity_iterative,6,88,14.428797825651788
TRI_Tesla,set4_features_metadata,GPR,log,protocol_holdout,diversity_iterative,6,96,14.50610868962528
TRI_Tesla,set4_features_metadata,GPR,log,protocol_holdout,diversity_iterative,6,104,13.056881361747866
TRI_Tesla,set4_features_metadata,GPR,log,protocol_holdout,diversity_iterative,6,107,13.04364402791444
TRI_Tesla,set4_features_metadata,GPR,log,protocol_holdout,diversity_iterative,7,8,27.489474387847903
TRI_Tesla,set4_features_metadata,GPR,log,protocol_holdout,diversity_iterative,7,16,30.703587700139103
TRI_Tesla,set4_features_metadata,GPR,log,protocol_holdout,diversity_iterative,7,24,32.451788607711634
TRI_Tesla,set4_features_metadata,GPR,log,protocol_holdout,diversity_iterative,7,32,31.313927985130984
TRI_Tesla,set4_features_metadata,GPR,log,protocol_holdout,diversity_iterative,7,40,28.22819454905962
TRI_Tesla,set4_features_metadata,GPR,log,protocol_holdout,diversity_iterative,7,48,24.89330171323792
TRI_Tesla,set4_features_metadata,GPR,log,protocol_holdout,diversity_iterative,7,56,23.460086195202084
TRI_Tesla,set4_features_metadata,GPR,log,protocol_holdout,diversity_iterative,7,64,24.78809195899482
TRI_Tesla,set4_features_metadata,GPR,log,protocol_holdout,diversity_iterative,7,72,28.08791321465496
TRI_Tesla,set4_features_metadata,GPR,log,protocol_holdout,diversity_iterative,7,80,25.47424546025723
TRI_Tesla,set4_features_metadata,GPR,log,protocol_holdout,diversity_iterative,7,88,25.662094625056497
TRI_Tesla,set4_features_metadata,GPR,log,protocol_holdout,diversity_iterative,7,96,22.91962754274072
TRI_Tesla,set4_features_metadata,GPR,log,protocol_holdout,diversity_iterative,7,104,17.71224224030942
TRI_Tesla,set4_features_metadata,GPR,log,protocol_holdout,diversity_iterative,7,107,17.565578969555517
TRI_Tesla,set4_features_metadata,GPR,log,protocol_holdout,diversity_iterative,8,8,25.11726483432288
TRI_Tesla,set4_features_metadata,GPR,log,protocol_holdout,diversity_iterative,8,16,27.071430906906546
TRI_Tesla,set4_features_metadata,GPR,log,protocol_holdout,diversity_iterative,8,24,23.40512495368523
TRI_Tesla,set4_features_metadata,GPR,log,protocol_holdout,diversity_iterative,8,32,29.14336086676905
TRI_Tesla,set4_features_metadata,GPR,log,protocol_holdout,diversity_iterative,8,40,19.6045638116832
TRI_Tesla,set4_features_metadata,GPR,log,protocol_holdout,diversity_iterative,8,48,24.46687277323751
TRI_Tesla,set4_features_metadata,GPR,log,protocol_holdout,diversity_iterative,8,56,26.43460164791913
TRI_Tesla,set4_features_metadata,GPR,log,protocol_holdout,diversity_iterative,8,64,27.82165995473888
TRI_Tesla,set4_features_metadata,GPR,log,protocol_holdout,diversity_iterative,8,72,32.93695375011332
TRI_Tesla,set4_features_metadata,GPR,log,protocol_holdout,diversity_iterative,8,80,26.19841091619467
TRI_Tesla,set4_features_metadata,GPR,log,protocol_holdout,diversity_iterative,8,88,26.85759355297732
TRI_Tesla,set4_features_metadata,GPR,log,protocol_holdout,diversity_iterative,8,96,22.61225835488172
TRI_Tesla,set4_features_metadata,GPR,log,protocol_holdout,diversity_iterative,8,104,18.91904728512576
TRI_Tesla,set4_features_metadata,GPR,log,protocol_holdout,diversity_iterative,8,107,18.120058085190774
TRI_Tesla,set4_features_metadata,GPR,log,protocol_holdout,diversity_iterative,9,8,23.134179363932112
TRI_Tesla,set4_features_metadata,GPR,log,protocol_holdout,diversity_iterative,9,16,29.590579686429425
TRI_Tesla,set4_features_metadata,GPR,log,protocol_holdout,diversity_iterative,9,24,25.60959271385888
TRI_Tesla,set4_features_metadata,GPR,log,protocol_holdout,diversity_iterative,9,32,22.88539680265573
TRI_Tesla,set4_features_metadata,GPR,log,protocol_holdout,diversity_iterative,9,40,25.36667340664057
TRI_Tesla,set4_features_metadata,GPR,log,protocol_holdout,diversity_iterative,9,48,23.562646164819142
TRI_Tesla,set4_features_metadata,GPR,log,protocol_holdout,diversity_iterative,9,56,22.146989732910097
TRI_Tesla,set4_features_metadata,GPR,log,protocol_holdout,diversity_iterative,9,64,22.614813428618515
TRI_Tesla,set4_features_metadata,GPR,log,protocol_holdout,diversity_iterative,9,72,20.57258874709931
TRI_Tesla,set4_features_metadata,GPR,log,protocol_holdout,diversity_iterative,9,80,19.920418504631773
TRI_Tesla,set4_features_metadata,GPR,log,protocol_holdout,diversity_iterative,9,88,18.81662103413669
TRI_Tesla,set4_features_metadata,GPR,log,protocol_holdout,diversity_iterative,9,96,17.031618233801158
TRI_Tesla,set4_features_metadata,GPR,log,protocol_holdout,diversity_iterative,9,104,17.701033321177277
TRI_Tesla,set4_features_metadata,GPR,log,protocol_holdout,diversity_iterative,9,107,17.514822661954316
TRI_Tesla,set4_features_metadata,GPR,log,protocol_holdout,diversity_iterative,10,8,18.7414692625414
TRI_Tesla,set4_features_metadata,GPR,log,protocol_holdout,diversity_iterative,10,16,21.21876008794733
TRI_Tesla,set4_features_metadata,GPR,log,protocol_holdout,diversity_iterative,10,24,33.45972100459627
TRI_Tesla,set4_features_metadata,GPR,log,protocol_holdout,diversity_iterative,10,32,27.29597251288427
TRI_Tesla,set4_features_metadata,GPR,log,protocol_holdout,diversity_iterative,10,40,27.731438686012105
TRI_Tesla,set4_features_metadata,GPR,log,protocol_holdout,diversity_iterative,10,48,29.94106958901878
TRI_Tesla,set4_features_metadata,GPR,log,protocol_holdout,diversity_iterative,10,56,20.87121310819235
TRI_Tesla,set4_features_metadata,GPR,log,protocol_holdout,diversity_iterative,10,64,19.621898895671087
TRI_Tesla,set4_features_metadata,GPR,log,protocol_holdout,diversity_iterative,10,72,16.494188514090645
TRI_Tesla,set4_features_metadata,GPR,log,protocol_holdout,diversity_iterative,10,80,17.239867292855024
TRI_Tesla,set4_features_metadata,GPR,log,protocol_holdout,diversity_iterative,10,88,16.005857195058027
TRI_Tesla,set4_features_metadata,GPR,log,protocol_holdout,diversity_iterative,10,96,15.655051231147102
TRI_Tesla,set4_features_metadata,GPR,log,protocol_holdout,diversity_iterative,10,104,15.193773474565312
TRI_Tesla,set4_features_metadata,GPR,log,protocol_holdout,diversity_iterative,10,107,14.821371311915232
TRI_Tesla,set4_features_metadata,GPR,log,protocol_holdout,coverage,1,8,26.983275513906506
TRI_Tesla,set4_features_metadata,GPR,log,protocol_holdout,coverage,1,16,33.928871975381995
TRI_Tesla,set4_features_metadata,GPR,log,protocol_holdout,coverage,1,24,18.84818688140582
TRI_Tesla,set4_features_metadata,GPR,log,protocol_holdout,coverage,1,32,16.14692060748504
TRI_Tesla,set4_features_metadata,GPR,log,protocol_holdout,coverage,1,40,15.763312689535322
TRI_Tesla,set4_features_metadata,GPR,log,protocol_holdout,coverage,1,48,13.674690241145196
TRI_Tesla,set4_features_metadata,GPR,log,protocol_holdout,coverage,1,56,13.942340812865462
TRI_Tesla,set4_features_metadata,GPR,log,protocol_holdout,coverage,1,64,14.34893245609431
TRI_Tesla,set4_features_metadata,GPR,log,protocol_holdout,coverage,1,72,12.56106909129556
TRI_Tesla,set4_features_metadata,GPR,log,protocol_holdout,coverage,1,80,12.880357156725738
TRI_Tesla,set4_features_metadata,GPR,log,protocol_holdout,coverage,1,88,12.901781670702924
TRI_Tesla,set4_features_metadata,GPR,log,protocol_holdout,coverage,1,96,13.57913894957952
TRI_Tesla,set4_features_metadata,GPR,log,protocol_holdout,coverage,1,104,14.357315410331786
TRI_Tesla,set4_features_metadata,GPR,log,protocol_holdout,coverage,1,107,14.799744317918895
TRI_Tesla,set4_features_metadata,GPR,log,protocol_holdout,coverage,2,8,22.13727364663777
TRI_Tesla,set4_features_metadata,GPR,log,protocol_holdout,coverage,2,16,17.45346504730869
TRI_Tesla,set4_features_metadata,GPR,log,protocol_holdout,coverage,2,24,20.59597560484628
TRI_Tesla,set4_features_metadata,GPR,log,protocol_holdout,coverage,2,32,18.7129038854214
TRI_Tesla,set4_features_metadata,GPR,log,protocol_holdout,coverage,2,40,17.488710742822867
TRI_Tesla,set4_features_metadata,GPR,log,protocol_holdout,coverage,2,48,19.85336819049516
TRI_Tesla,set4_features_metadata,GPR,log,protocol_holdout,coverage,2,56,20.41799921091974
TRI_Tesla,set4_features_metadata,GPR,log,protocol_holdout,coverage,2,64,19.860207905876504
TRI_Tesla,set4_features_metadata,GPR,log,protocol_holdout,coverage,2,72,20.740052996897123
TRI_Tesla,set4_features_metadata,GPR,log,protocol_holdout,coverage,2,80,16.800577769761993
TRI_Tesla,set4_features_metadata,GPR,log,protocol_holdout,coverage,2,88,15.05379177136213
TRI_Tesla,set4_features_metadata,GPR,log,protocol_holdout,coverage,2,96,15.659072255829264
TRI_Tesla,set4_features_metadata,GPR,log,protocol_holdout,coverage,2,104,15.274359466541917
TRI_Tesla,set4_features_metadata,GPR,log,protocol_holdout,coverage,2,107,15.76434229238379
TRI_Tesla,set4_features_metadata,GPR,log,protocol_holdout,coverage,3,8,20.965622485274704
TRI_Tesla,set4_features_metadata,GPR,log,protocol_holdout,coverage,3,16,20.355850239732344
TRI_Tesla,set4_features_metadata,GPR,log,protocol_holdout,coverage,3,24,23.780795380539605
TRI_Tesla,set4_features_metadata,GPR,log,protocol_holdout,coverage,3,32,23.31167779363309
TRI_Tesla,set4_features_metadata,GPR,log,protocol_holdout,coverage,3,40,20.08495664302328
TRI_Tesla,set4_features_metadata,GPR,log,protocol_holdout,coverage,3,48,16.007523304838408
TRI_Tesla,set4_features_metadata,GPR,log,protocol_holdout,coverage,3,56,18.800000204881965
TRI_Tesla,set4_features_metadata,GPR,log,protocol_holdout,coverage,3,64,17.490330147518502
TRI_Tesla,set4_features_metadata,GPR,log,protocol_holdout,coverage,3,72,15.609376765779745
TRI_Tesla,set4_features_metadata,GPR,log,protocol_holdout,coverage,3,80,16.212588249260556
TRI_Tesla,set4_features_metadata,GPR,log,protocol_holdout,coverage,3,88,16.27154460425117
TRI_Tesla,set4_features_metadata,GPR,log,protocol_holdout,coverage,3,96,15.990904192899444
TRI_Tesla,set4_features_metadata,GPR,log,protocol_holdout,coverage,3,104,16.53219471475325
TRI_Tesla,set4_features_metadata,GPR,log,protocol_holdout,coverage,3,107,16.735960204428896
TRI_Tesla,set4_features_metadata,GPR,log,protocol_holdout,coverage,4,8,70.69175468317647
TRI_Tesla,set4_features_metadata,GPR,log,protocol_holdout,coverage,4,16,24.346262317949204
TRI_Tesla,set4_features_metadata,GPR,log,protocol_holdout,coverage,4,24,32.440423977426825
TRI_Tesla,set4_features_metadata,GPR,log,protocol_holdout,coverage,4,32,28.35260557595528
TRI_Tesla,set4_features_metadata,GPR,log,protocol_holdout,coverage,4,40,22.94852788080528
TRI_Tesla,set4_features_metadata,GPR,log,protocol_holdout,coverage,4,48,22.54071756524966
TRI_Tesla,set4_features_metadata,GPR,log,protocol_holdout,coverage,4,56,22.637530775831976
TRI_Tesla,set4_features_metadata,GPR,log,protocol_holdout,coverage,4,64,22.08648041214344
TRI_Tesla,set4_features_metadata,GPR,log,protocol_holdout,coverage,4,72,23.783449836576853
TRI_Tesla,set4_features_metadata,GPR,log,protocol_holdout,coverage,4,80,26.094194055358283
TRI_Tesla,set4_features_metadata,GPR,log,protocol_holdout,coverage,4,88,24.808590358601112
TRI_Tesla,set4_features_metadata,GPR,log,protocol_holdout,coverage,4,96,25.887340042739755
TRI_Tesla,set4_features_metadata,GPR,log,protocol_holdout,coverage,4,104,30.15386511746805
TRI_Tesla,set4_features_metadata,GPR,log,protocol_holdout,coverage,4,107,31.630565013320577
TRI_Tesla,set4_features_metadata,GPR,log,protocol_holdout,coverage,5,8,84.65435364152684
TRI_Tesla,set4_features_metadata,GPR,log,protocol_holdout,coverage,5,16,20.36326245090068
TRI_Tesla,set4_features_metadata,GPR,log,protocol_holdout,coverage,5,24,19.50830643791027
TRI_Tesla,set4_features_metadata,GPR,log,protocol_holdout,coverage,5,32,21.03465677256741
TRI_Tesla,set4_features_metadata,GPR,log,protocol_holdout,coverage,5,40,15.629197087716332
TRI_Tesla,set4_features_metadata,GPR,log,protocol_holdout,coverage,5,48,17.281912069300045
TRI_Tesla,set4_features_metadata,GPR,log,protocol_holdout,coverage,5,56,16.048236308440334
TRI_Tesla,set4_features_metadata,GPR,log,protocol_holdout,coverage,5,64,22.10113065022957
TRI_Tesla,set4_features_metadata,GPR,log,protocol_holdout,coverage,5,72,21.549732925304014
TRI_Tesla,set4_features_metadata,GPR,log,protocol_holdout,coverage,5,80,21.85370722987099
TRI_Tesla,set4_features_metadata,GPR,log,protocol_holdout,coverage,5,88,20.669485119568414
TRI_Tesla,set4_features_metadata,GPR,log,protocol_holdout,coverage,5,96,22.10871727741365
TRI_Tesla,set4_features_metadata,GPR,log,protocol_holdout,coverage,5,104,21.757266119961663
TRI_Tesla,set4_features_metadata,GPR,log,protocol_holdout,coverage,5,107,22.885180554953013
TRI_Tesla,set4_features_metadata,GPR,log,protocol_holdout,coverage,6,8,28.30486084143513
TRI_Tesla,set4_features_metadata,GPR,log,protocol_holdout,coverage,6,16,34.29221599450823
TRI_Tesla,set4_features_metadata,GPR,log,protocol_holdout,coverage,6,24,22.76521398467032
TRI_Tesla,set4_features_metadata,GPR,log,protocol_holdout,coverage,6,32,18.43268122647608
TRI_Tesla,set4_features_metadata,GPR,log,protocol_holdout,coverage,6,40,15.809473657655907
TRI_Tesla,set4_features_metadata,GPR,log,protocol_holdout,coverage,6,48,16.625358528775664
TRI_Tesla,set4_features_metadata,GPR,log,protocol_holdout,coverage,6,56,16.503412183418586
TRI_Tesla,set4_features_metadata,GPR,log,protocol_holdout,coverage,6,64,16.169300547578228
TRI_Tesla,set4_features_metadata,GPR,log,protocol_holdout,coverage,6,72,12.08199609784402
TRI_Tesla,set4_features_metadata,GPR,log,protocol_holdout,coverage,6,80,13.75399090489131
TRI_Tesla,set4_features_metadata,GPR,log,protocol_holdout,coverage,6,88,14.232309564726672
TRI_Tesla,set4_features_metadata,GPR,log,protocol_holdout,coverage,6,96,13.642309504309411
TRI_Tesla,set4_features_metadata,GPR,log,protocol_holdout,coverage,6,104,13.167813049995654
TRI_Tesla,set4_features_metadata,GPR,log,protocol_holdout,coverage,6,107,13.04364402791444
TRI_Tesla,set4_features_metadata,GPR,log,protocol_holdout,coverage,7,8,25.62498191113541
TRI_Tesla,set4_features_metadata,GPR,log,protocol_holdout,coverage,7,16,25.72965582062126
TRI_Tesla,set4_features_metadata,GPR,log,protocol_holdout,coverage,7,24,12.826913771751316
TRI_Tesla,set4_features_metadata,GPR,log,protocol_holdout,coverage,7,32,17.87601957888898
TRI_Tesla,set4_features_metadata,GPR,log,protocol_holdout,coverage,7,40,18.44735934714854
TRI_Tesla,set4_features_metadata,GPR,log,protocol_holdout,coverage,7,48,17.792907359525714
TRI_Tesla,set4_features_metadata,GPR,log,protocol_holdout,coverage,7,56,19.49415322966207
TRI_Tesla,set4_features_metadata,GPR,log,protocol_holdout,coverage,7,64,18.598721240789025
TRI_Tesla,set4_features_metadata,GPR,log,protocol_holdout,coverage,7,72,17.2149952436373
TRI_Tesla,set4_features_metadata,GPR,log,protocol_holdout,coverage,7,80,16.511866286759318
TRI_Tesla,set4_features_metadata,GPR,log,protocol_holdout,coverage,7,88,17.55552357507392
TRI_Tesla,set4_features_metadata,GPR,log,protocol_holdout,coverage,7,96,17.631593077362496
TRI_Tesla,set4_features_metadata,GPR,log,protocol_holdout,coverage,7,104,17.382806192608573
TRI_Tesla,set4_features_metadata,GPR,log,protocol_holdout,coverage,7,107,17.565578969555517
TRI_Tesla,set4_features_metadata,GPR,log,protocol_holdout,coverage,8,8,52.55225097298074
TRI_Tesla,set4_features_metadata,GPR,log,protocol_holdout,coverage,8,16,23.302904986256568
TRI_Tesla,set4_features_metadata,GPR,log,protocol_holdout,coverage,8,24,26.584461659343017
TRI_Tesla,set4_features_metadata,GPR,log,protocol_holdout,coverage,8,32,22.31861221211493
TRI_Tesla,set4_features_metadata,GPR,log,protocol_holdout,coverage,8,40,21.33377696791263
TRI_Tesla,set4_features_metadata,GPR,log,protocol_holdout,coverage,8,48,17.50752036129116
TRI_Tesla,set4_features_metadata,GPR,log,protocol_holdout,coverage,8,56,19.213704131365432
TRI_Tesla,set4_features_metadata,GPR,log,protocol_holdout,coverage,8,64,14.976912968827053
TRI_Tesla,set4_features_metadata,GPR,log,protocol_holdout,coverage,8,72,14.941618370302423
TRI_Tesla,set4_features_metadata,GPR,log,protocol_holdout,coverage,8,80,14.978131352745184
TRI_Tesla,set4_features_metadata,GPR,log,protocol_holdout,coverage,8,88,14.058342395676316
TRI_Tesla,set4_features_metadata,GPR,log,protocol_holdout,coverage,8,96,14.924918118243724
TRI_Tesla,set4_features_metadata,GPR,log,protocol_holdout,coverage,8,104,16.64129679409417
TRI_Tesla,set4_features_metadata,GPR,log,protocol_holdout,coverage,8,107,18.120058085190774
TRI_Tesla,set4_features_metadata,GPR,log,protocol_holdout,coverage,9,8,25.81515846460732
TRI_Tesla,set4_features_metadata,GPR,log,protocol_holdout,coverage,9,16,28.63038880848294
TRI_Tesla,set4_features_metadata,GPR,log,protocol_holdout,coverage,9,24,27.30491456801641
TRI_Tesla,set4_features_metadata,GPR,log,protocol_holdout,coverage,9,32,22.59331651632717
TRI_Tesla,set4_features_metadata,GPR,log,protocol_holdout,coverage,9,40,19.383073635076705
TRI_Tesla,set4_features_metadata,GPR,log,protocol_holdout,coverage,9,48,21.310190595680485
TRI_Tesla,set4_features_metadata,GPR,log,protocol_holdout,coverage,9,56,21.49413896963805
TRI_Tesla,set4_features_metadata,GPR,log,protocol_holdout,coverage,9,64,20.03337607626141
TRI_Tesla,set4_features_metadata,GPR,log,protocol_holdout,coverage,9,72,18.958891711103387
TRI_Tesla,set4_features_metadata,GPR,log,protocol_holdout,coverage,9,80,17.353787144323192
TRI_Tesla,set4_features_metadata,GPR,log,protocol_holdout,coverage,9,88,16.990676306666217
TRI_Tesla,set4_features_metadata,GPR,log,protocol_holdout,coverage,9,96,16.39810457781092
TRI_Tesla,set4_features_metadata,GPR,log,protocol_holdout,coverage,9,104,17.202808555313492
TRI_Tesla,set4_features_metadata,GPR,log,protocol_holdout,coverage,9,107,17.514822661954316
TRI_Tesla,set4_features_metadata,GPR,log,protocol_holdout,coverage,10,8,32.93098561749651
TRI_Tesla,set4_features_metadata,GPR,log,protocol_holdout,coverage,10,16,23.16757835786885
TRI_Tesla,set4_features_metadata,GPR,log,protocol_holdout,coverage,10,24,23.770904208004463
TRI_Tesla,set4_features_metadata,GPR,log,protocol_holdout,coverage,10,32,22.72278601619908
TRI_Tesla,set4_features_metadata,GPR,log,protocol_holdout,coverage,10,40,23.556160601897865
TRI_Tesla,set4_features_metadata,GPR,log,protocol_holdout,coverage,10,48,19.92780740334549
TRI_Tesla,set4_features_metadata,GPR,log,protocol_holdout,coverage,10,56,21.51111857111536
TRI_Tesla,set4_features_metadata,GPR,log,protocol_holdout,coverage,10,64,21.0307817738507
TRI_Tesla,set4_features_metadata,GPR,log,protocol_holdout,coverage,10,72,18.81332364336064
TRI_Tesla,set4_features_metadata,GPR,log,protocol_holdout,coverage,10,80,14.368420124026745
TRI_Tesla,set4_features_metadata,GPR,log,protocol_holdout,coverage,10,88,14.50628265262917
TRI_Tesla,set4_features_metadata,GPR,log,protocol_holdout,coverage,10,96,15.074420680984572
TRI_Tesla,set4_features_metadata,GPR,log,protocol_holdout,coverage,10,104,14.53560620199553
TRI_Tesla,set4_features_metadata,GPR,log,protocol_holdout,coverage,10,107,14.821371311915232
TRI_Tesla,set4_features_metadata,GPR,log,protocol_holdout,exploration,1,8,26.983275513906506
TRI_Tesla,set4_features_metadata,GPR,log,protocol_holdout,exploration,1,16,28.4519836313362
TRI_Tesla,set4_features_metadata,GPR,log,protocol_holdout,exploration,1,24,23.879161879647803
TRI_Tesla,set4_features_metadata,GPR,log,protocol_holdout,exploration,1,32,22.68002482718803
TRI_Tesla,set4_features_metadata,GPR,log,protocol_holdout,exploration,1,40,21.17207660072704
TRI_Tesla,set4_features_metadata,GPR,log,protocol_holdout,exploration,1,48,17.684841492261885
TRI_Tesla,set4_features_metadata,GPR,log,protocol_holdout,exploration,1,56,15.302725070145788
TRI_Tesla,set4_features_metadata,GPR,log,protocol_holdout,exploration,1,64,15.09880040160145
TRI_Tesla,set4_features_metadata,GPR,log,protocol_holdout,exploration,1,72,13.622174287699568
TRI_Tesla,set4_features_metadata,GPR,log,protocol_holdout,exploration,1,80,13.157673869934856
TRI_Tesla,set4_features_metadata,GPR,log,protocol_holdout,exploration,1,88,14.08864520143209
TRI_Tesla,set4_features_metadata,GPR,log,protocol_holdout,exploration,1,96,15.292117907610535
TRI_Tesla,set4_features_metadata,GPR,log,protocol_holdout,exploration,1,104,15.204293409181204
TRI_Tesla,set4_features_metadata,GPR,log,protocol_holdout,exploration,1,107,14.799744317918895
TRI_Tesla,set4_features_metadata,GPR,log,protocol_holdout,exploration,2,8,22.13727364663777
TRI_Tesla,set4_features_metadata,GPR,log,protocol_holdout,exploration,2,16,20.823945575191253
TRI_Tesla,set4_features_metadata,GPR,log,protocol_holdout,exploration,2,24,20.2863120937458
TRI_Tesla,set4_features_metadata,GPR,log,protocol_holdout,exploration,2,32,17.473543945050075
TRI_Tesla,set4_features_metadata,GPR,log,protocol_holdout,exploration,2,40,16.09381044247232
TRI_Tesla,set4_features_metadata,GPR,log,protocol_holdout,exploration,2,48,18.21660007409081
TRI_Tesla,set4_features_metadata,GPR,log,protocol_holdout,exploration,2,56,22.384834136377915
TRI_Tesla,set4_features_metadata,GPR,log,protocol_holdout,exploration,2,64,21.53427002444528
TRI_Tesla,set4_features_metadata,GPR,log,protocol_holdout,exploration,2,72,20.92981669352728
TRI_Tesla,set4_features_metadata,GPR,log,protocol_holdout,exploration,2,80,17.498071812987824
TRI_Tesla,set4_features_metadata,GPR,log,protocol_holdout,exploration,2,88,13.93779967531522
TRI_Tesla,set4_features_metadata,GPR,log,protocol_holdout,exploration,2,96,14.813300499791152
TRI_Tesla,set4_features_metadata,GPR,log,protocol_holdout,exploration,2,104,15.24531846665245
TRI_Tesla,set4_features_metadata,GPR,log,protocol_holdout,exploration,2,107,15.76434229238379
TRI_Tesla,set4_features_metadata,GPR,log,protocol_holdout,exploration,3,8,20.965622485274704
TRI_Tesla,set4_features_metadata,GPR,log,protocol_holdout,exploration,3,16,20.355850239732344
TRI_Tesla,set4_features_metadata,GPR,log,protocol_holdout,exploration,3,24,22.40290618275921
TRI_Tesla,set4_features_metadata,GPR,log,protocol_holdout,exploration,3,32,22.47357093173149
TRI_Tesla,set4_features_metadata,GPR,log,protocol_holdout,exploration,3,40,24.581103765602208
TRI_Tesla,set4_features_metadata,GPR,log,protocol_holdout,exploration,3,48,22.266139664141303
TRI_Tesla,set4_features_metadata,GPR,log,protocol_holdout,exploration,3,56,23.39660302071109
TRI_Tesla,set4_features_metadata,GPR,log,protocol_holdout,exploration,3,64,23.15900029268219
TRI_Tesla,set4_features_metadata,GPR,log,protocol_holdout,exploration,3,72,21.878528730177667
TRI_Tesla,set4_features_metadata,GPR,log,protocol_holdout,exploration,3,80,17.001233266849415
TRI_Tesla,set4_features_metadata,GPR,log,protocol_holdout,exploration,3,88,15.63145138076036
TRI_Tesla,set4_features_metadata,GPR,log,protocol_holdout,exploration,3,96,16.25025534041843
TRI_Tesla,set4_features_metadata,GPR,log,protocol_holdout,exploration,3,104,16.06960670619865
TRI_Tesla,set4_features_metadata,GPR,log,protocol_holdout,exploration,3,107,16.735960204428896
TRI_Tesla,set4_features_metadata,GPR,log,protocol_holdout,exploration,4,8,70.69175468317647
TRI_Tesla,set4_features_metadata,GPR,log,protocol_holdout,exploration,4,16,24.346262317949204
TRI_Tesla,set4_features_metadata,GPR,log,protocol_holdout,exploration,4,24,32.440423977426825
TRI_Tesla,set4_features_metadata,GPR,log,protocol_holdout,exploration,4,32,28.632950963896548
TRI_Tesla,set4_features_metadata,GPR,log,protocol_holdout,exploration,4,40,23.448539405552147
TRI_Tesla,set4_features_metadata,GPR,log,protocol_holdout,exploration,4,48,23.58152310171861
TRI_Tesla,set4_features_metadata,GPR,log,protocol_holdout,exploration,4,56,23.059559409913827
TRI_Tesla,set4_features_metadata,GPR,log,protocol_holdout,exploration,4,64,19.01581532777197
TRI_Tesla,set4_features_metadata,GPR,log,protocol_holdout,exploration,4,72,23.746168907278257
TRI_Tesla,set4_features_metadata,GPR,log,protocol_holdout,exploration,4,80,26.15155709136169
TRI_Tesla,set4_features_metadata,GPR,log,protocol_holdout,exploration,4,88,25.42304884911293
TRI_Tesla,set4_features_metadata,GPR,log,protocol_holdout,exploration,4,96,29.32762906796145
TRI_Tesla,set4_features_metadata,GPR,log,protocol_holdout,exploration,4,104,30.472540965074067
TRI_Tesla,set4_features_metadata,GPR,log,protocol_holdout,exploration,4,107,31.630565013320577
TRI_Tesla,set4_features_metadata,GPR,log,protocol_holdout,exploration,5,8,84.65435364152684
TRI_Tesla,set4_features_metadata,GPR,log,protocol_holdout,exploration,5,16,18.97467889770291
TRI_Tesla,set4_features_metadata,GPR,log,protocol_holdout,exploration,5,24,18.91107922771397
TRI_Tesla,set4_features_metadata,GPR,log,protocol_holdout,exploration,5,32,18.827324006636136
TRI_Tesla,set4_features_metadata,GPR,log,protocol_holdout,exploration,5,40,15.47364110819359
TRI_Tesla,set4_features_metadata,GPR,log,protocol_holdout,exploration,5,48,16.700236642982745
TRI_Tesla,set4_features_metadata,GPR,log,protocol_holdout,exploration,5,56,18.83968552119003
TRI_Tesla,set4_features_metadata,GPR,log,protocol_holdout,exploration,5,64,19.71738658961049
TRI_Tesla,set4_features_metadata,GPR,log,protocol_holdout,exploration,5,72,19.04103021671576
TRI_Tesla,set4_features_metadata,GPR,log,protocol_holdout,exploration,5,80,21.17249192030855
TRI_Tesla,set4_features_metadata,GPR,log,protocol_holdout,exploration,5,88,24.385942841233067
TRI_Tesla,set4_features_metadata,GPR,log,protocol_holdout,exploration,5,96,23.44899365745356
TRI_Tesla,set4_features_metadata,GPR,log,protocol_holdout,exploration,5,104,23.894301836790387
TRI_Tesla,set4_features_metadata,GPR,log,protocol_holdout,exploration,5,107,22.885180554953013
TRI_Tesla,set4_features_metadata,GPR,log,protocol_holdout,exploration,6,8,28.30486084143513
TRI_Tesla,set4_features_metadata,GPR,log,protocol_holdout,exploration,6,16,31.175271583088097
TRI_Tesla,set4_features_metadata,GPR,log,protocol_holdout,exploration,6,24,20.56727743230073
TRI_Tesla,set4_features_metadata,GPR,log,protocol_holdout,exploration,6,32,18.17993994141657
TRI_Tesla,set4_features_metadata,GPR,log,protocol_holdout,exploration,6,40,15.847718168975891
TRI_Tesla,set4_features_metadata,GPR,log,protocol_holdout,exploration,6,48,18.85590427485005
TRI_Tesla,set4_features_metadata,GPR,log,protocol_holdout,exploration,6,56,18.57927839694468
TRI_Tesla,set4_features_metadata,GPR,log,protocol_holdout,exploration,6,64,14.70913660128535
TRI_Tesla,set4_features_metadata,GPR,log,protocol_holdout,exploration,6,72,14.976859467461924
TRI_Tesla,set4_features_metadata,GPR,log,protocol_holdout,exploration,6,80,14.1916311486264
TRI_Tesla,set4_features_metadata,GPR,log,protocol_holdout,exploration,6,88,13.720462528874007
TRI_Tesla,set4_features_metadata,GPR,log,protocol_holdout,exploration,6,96,12.407715766337754
TRI_Tesla,set4_features_metadata,GPR,log,protocol_holdout,exploration,6,104,13.093629844274725
TRI_Tesla,set4_features_metadata,GPR,log,protocol_holdout,exploration,6,107,13.04364402791444
TRI_Tesla,set4_features_metadata,GPR,log,protocol_holdout,exploration,7,8,25.62498191113541
TRI_Tesla,set4_features_metadata,GPR,log,protocol_holdout,exploration,7,16,21.420665312074387
TRI_Tesla,set4_features_metadata,GPR,log,protocol_holdout,exploration,7,24,19.91613942732119
TRI_Tesla,set4_features_metadata,GPR,log,protocol_holdout,exploration,7,32,16.7101988440403
TRI_Tesla,set4_features_metadata,GPR,log,protocol_holdout,exploration,7,40,20.72793854086598
TRI_Tesla,set4_features_metadata,GPR,log,protocol_holdout,exploration,7,48,17.350344507646668
TRI_Tesla,set4_features_metadata,GPR,log,protocol_holdout,exploration,7,56,19.55198913362877
TRI_Tesla,set4_features_metadata,GPR,log,protocol_holdout,exploration,7,64,18.011736321412748
TRI_Tesla,set4_features_metadata,GPR,log,protocol_holdout,exploration,7,72,17.966983882861793
TRI_Tesla,set4_features_metadata,GPR,log,protocol_holdout,exploration,7,80,17.181727968417086
TRI_Tesla,set4_features_metadata,GPR,log,protocol_holdout,exploration,7,88,17.16338319647631
TRI_Tesla,set4_features_metadata,GPR,log,protocol_holdout,exploration,7,96,17.93538973013763
TRI_Tesla,set4_features_metadata,GPR,log,protocol_holdout,exploration,7,104,17.824799271868216
TRI_Tesla,set4_features_metadata,GPR,log,protocol_holdout,exploration,7,107,17.565578969555517
TRI_Tesla,set4_features_metadata,GPR,log,protocol_holdout,exploration,8,8,52.55225097298074
TRI_Tesla,set4_features_metadata,GPR,log,protocol_holdout,exploration,8,16,23.302904986256568
TRI_Tesla,set4_features_metadata,GPR,log,protocol_holdout,exploration,8,24,25.159847951623565
TRI_Tesla,set4_features_metadata,GPR,log,protocol_holdout,exploration,8,32,23.28438964044073
TRI_Tesla,set4_features_metadata,GPR,log,protocol_holdout,exploration,8,40,19.988536477126846
TRI_Tesla,set4_features_metadata,GPR,log,protocol_holdout,exploration,8,48,20.23786645178993
TRI_Tesla,set4_features_metadata,GPR,log,protocol_holdout,exploration,8,56,20.33620012889473
TRI_Tesla,set4_features_metadata,GPR,log,protocol_holdout,exploration,8,64,18.299765991905254
TRI_Tesla,set4_features_metadata,GPR,log,protocol_holdout,exploration,8,72,14.971157221717244
TRI_Tesla,set4_features_metadata,GPR,log,protocol_holdout,exploration,8,80,14.965501695453606
TRI_Tesla,set4_features_metadata,GPR,log,protocol_holdout,exploration,8,88,14.602645124071689
TRI_Tesla,set4_features_metadata,GPR,log,protocol_holdout,exploration,8,96,16.40040330582043
TRI_Tesla,set4_features_metadata,GPR,log,protocol_holdout,exploration,8,104,17.823441472291353
TRI_Tesla,set4_features_metadata,GPR,log,protocol_holdout,exploration,8,107,18.120058085190774
TRI_Tesla,set4_features_metadata,GPR,log,protocol_holdout,exploration,9,8,25.81515846460732
TRI_Tesla,set4_features_metadata,GPR,log,protocol_holdout,exploration,9,16,26.410629300288807
TRI_Tesla,set4_features_metadata,GPR,log,protocol_holdout,exploration,9,24,26.015871959424423
TRI_Tesla,set4_features_metadata,GPR,log,protocol_holdout,exploration,9,32,23.67151159022
TRI_Tesla,set4_features_metadata,GPR,log,protocol_holdout,exploration,9,40,23.28209332599109
TRI_Tesla,set4_features_metadata,GPR,log,protocol_holdout,exploration,9,48,19.960116241654728
TRI_Tesla,set4_features_metadata,GPR,log,protocol_holdout,exploration,9,56,20.26364732928555
TRI_Tesla,set4_features_metadata,GPR,log,protocol_holdout,exploration,9,64,20.684511789910733
TRI_Tesla,set4_features_metadata,GPR,log,protocol_holdout,exploration,9,72,19.42516095709433
TRI_Tesla,set4_features_metadata,GPR,log,protocol_holdout,exploration,9,80,19.19219755114901
TRI_Tesla,set4_features_metadata,GPR,log,protocol_holdout,exploration,9,88,19.158443875128253
TRI_Tesla,set4_features_metadata,GPR,log,protocol_holdout,exploration,9,96,18.33608696373924
TRI_Tesla,set4_features_metadata,GPR,log,protocol_holdout,exploration,9,104,17.38078352603248
TRI_Tesla,set4_features_metadata,GPR,log,protocol_holdout,exploration,9,107,17.514822661954316
TRI_Tesla,set4_features_metadata,GPR,log,protocol_holdout,exploration,10,8,32.93098561749651
TRI_Tesla,set4_features_metadata,GPR,log,protocol_holdout,exploration,10,16,23.16757835786885
TRI_Tesla,set4_features_metadata,GPR,log,protocol_holdout,exploration,10,24,23.66851309531015
TRI_Tesla,set4_features_metadata,GPR,log,protocol_holdout,exploration,10,32,22.621557805814064
TRI_Tesla,set4_features_metadata,GPR,log,protocol_holdout,exploration,10,40,22.78011146098108
TRI_Tesla,set4_features_metadata,GPR,log,protocol_holdout,exploration,10,48,20.454917111581807
TRI_Tesla,set4_features_metadata,GPR,log,protocol_holdout,exploration,10,56,18.786576945279325
TRI_Tesla,set4_features_metadata,GPR,log,protocol_holdout,exploration,10,64,17.99368425529975
TRI_Tesla,set4_features_metadata,GPR,log,protocol_holdout,exploration,10,72,15.954488539156715
TRI_Tesla,set4_features_metadata,GPR,log,protocol_holdout,exploration,10,80,15.605039841051433
TRI_Tesla,set4_features_metadata,GPR,log,protocol_holdout,exploration,10,88,15.963573947901269
TRI_Tesla,set4_features_metadata,GPR,log,protocol_holdout,exploration,10,96,15.11800086350524
TRI_Tesla,set4_features_metadata,GPR,log,protocol_holdout,exploration,10,104,14.884197619405665
TRI_Tesla,set4_features_metadata,GPR,log,protocol_holdout,exploration,10,107,14.821371311915232
TRI_Tesla,set4_features_metadata,GPR,log,protocol_holdout,exploitation,1,8,26.983275513906506
TRI_Tesla,set4_features_metadata,GPR,log,protocol_holdout,exploitation,1,16,24.717133129141043
TRI_Tesla,set4_features_metadata,GPR,log,protocol_holdout,exploitation,1,24,22.38874916091782
TRI_Tesla,set4_features_metadata,GPR,log,protocol_holdout,exploitation,1,32,23.96648725825364
TRI_Tesla,set4_features_metadata,GPR,log,protocol_holdout,exploitation,1,40,22.62778571893933
TRI_Tesla,set4_features_metadata,GPR,log,protocol_holdout,exploitation,1,48,15.99562292394942
TRI_Tesla,set4_features_metadata,GPR,log,protocol_holdout,exploitation,1,56,14.771904627294832
TRI_Tesla,set4_features_metadata,GPR,log,protocol_holdout,exploitation,1,64,16.989294474424078
TRI_Tesla,set4_features_metadata,GPR,log,protocol_holdout,exploitation,1,72,14.678915473246846
TRI_Tesla,set4_features_metadata,GPR,log,protocol_holdout,exploitation,1,80,15.334129387342475
TRI_Tesla,set4_features_metadata,GPR,log,protocol_holdout,exploitation,1,88,19.45115148092279
TRI_Tesla,set4_features_metadata,GPR,log,protocol_holdout,exploitation,1,96,14.563361199247234
TRI_Tesla,set4_features_metadata,GPR,log,protocol_holdout,exploitation,1,104,16.03177857263553
TRI_Tesla,set4_features_metadata,GPR,log,protocol_holdout,exploitation,1,107,14.799744317918895
TRI_Tesla,set4_features_metadata,GPR,log,protocol_holdout,exploitation,2,8,22.13727364663777
TRI_Tesla,set4_features_metadata,GPR,log,protocol_holdout,exploitation,2,16,25.96215100562776
TRI_Tesla,set4_features_metadata,GPR,log,protocol_holdout,exploitation,2,24,26.495965468881742
TRI_Tesla,set4_features_metadata,GPR,log,protocol_holdout,exploitation,2,32,23.73316180079125
TRI_Tesla,set4_features_metadata,GPR,log,protocol_holdout,exploitation,2,40,25.12375977476587
TRI_Tesla,set4_features_metadata,GPR,log,protocol_holdout,exploitation,2,48,28.621707597502176
TRI_Tesla,set4_features_metadata,GPR,log,protocol_holdout,exploitation,2,56,25.741868138532443
TRI_Tesla,set4_features_metadata,GPR,log,protocol_holdout,exploitation,2,64,25.634057741304417
TRI_Tesla,set4_features_metadata,GPR,log,protocol_holdout,exploitation,2,72,22.56021635970044
TRI_Tesla,set4_features_metadata,GPR,log,protocol_holdout,exploitation,2,80,22.066370053684167
TRI_Tesla,set4_features_metadata,GPR,log,protocol_holdout,exploitation,2,88,19.39302541084056
TRI_Tesla,set4_features_metadata,GPR,log,protocol_holdout,exploitation,2,96,19.11085812706998
TRI_Tesla,set4_features_metadata,GPR,log,protocol_holdout,exploitation,2,104,15.88834746666058
TRI_Tesla,set4_features_metadata,GPR,log,protocol_holdout,exploitation,2,107,15.76434229238379
TRI_Tesla,set4_features_metadata,GPR,log,protocol_holdout,exploitation,3,8,20.965622485274704
TRI_Tesla,set4_features_metadata,GPR,log,protocol_holdout,exploitation,3,16,20.163557953404265
TRI_Tesla,set4_features_metadata,GPR,log,protocol_holdout,exploitation,3,24,20.75811869094042
TRI_Tesla,set4_features_metadata,GPR,log,protocol_holdout,exploitation,3,32,18.62542707210882
TRI_Tesla,set4_features_metadata,GPR,log,protocol_holdout,exploitation,3,40,15.217151579267426
TRI_Tesla,set4_features_metadata,GPR,log,protocol_holdout,exploitation,3,48,14.92049169713477
TRI_Tesla,set4_features_metadata,GPR,log,protocol_holdout,exploitation,3,56,14.265292123037057
TRI_Tesla,set4_features_metadata,GPR,log,protocol_holdout,exploitation,3,64,16.20766041224711
TRI_Tesla,set4_features_metadata,GPR,log,protocol_holdout,exploitation,3,72,14.1140267952908
TRI_Tesla,set4_features_metadata,GPR,log,protocol_holdout,exploitation,3,80,14.78392640419858
TRI_Tesla,set4_features_metadata,GPR,log,protocol_holdout,exploitation,3,88,15.2042490899672
TRI_Tesla,set4_features_metadata,GPR,log,protocol_holdout,exploitation,3,96,16.088241648656957
TRI_Tesla,set4_features_metadata,GPR,log,protocol_holdout,exploitation,3,104,15.90295067422801
TRI_Tesla,set4_features_metadata,GPR,log,protocol_holdout,exploitation,3,107,16.735960204428896
TRI_Tesla,set4_features_metadata,GPR,log,protocol_holdout,exploitation,4,8,70.69175468317647
TRI_Tesla,set4_features_metadata,GPR,log,protocol_holdout,exploitation,4,16,108.01453345652249
TRI_Tesla,set4_features_metadata,GPR,log,protocol_holdout,exploitation,4,24,104.58707140924474
TRI_Tesla,set4_features_metadata,GPR,log,protocol_holdout,exploitation,4,32,108.0713949601347
TRI_Tesla,set4_features_metadata,GPR,log,protocol_holdout,exploitation,4,40,111.87039044670529
TRI_Tesla,set4_features_metadata,GPR,log,protocol_holdout,exploitation,4,48,114.27725522134516
TRI_Tesla,set4_features_metadata,GPR,log,protocol_holdout,exploitation,4,56,113.84831704424478
TRI_Tesla,set4_features_metadata,GPR,log,protocol_holdout,exploitation,4,64,124.4140554735865
TRI_Tesla,set4_features_metadata,GPR,log,protocol_holdout,exploitation,4,72,59.60829176163723
TRI_Tesla,set4_features_metadata,GPR,log,protocol_holdout,exploitation,4,80,58.81498017071005
TRI_Tesla,set4_features_metadata,GPR,log,protocol_holdout,exploitation,4,88,37.32236480990478
TRI_Tesla,set4_features_metadata,GPR,log,protocol_holdout,exploitation,4,96,34.512534616466624
TRI_Tesla,set4_features_metadata,GPR,log,protocol_holdout,exploitation,4,104,32.12563265289767
TRI_Tesla,set4_features_metadata,GPR,log,protocol_holdout,exploitation,4,107,31.630565013320577
TRI_Tesla,set4_features_metadata,GPR,log,protocol_holdout,exploitation,5,8,84.65435364152684
TRI_Tesla,set4_features_metadata,GPR,log,protocol_holdout,exploitation,5,16,38.95653900422683
TRI_Tesla,set4_features_metadata,GPR,log,protocol_holdout,exploitation,5,24,43.1658943947032
TRI_Tesla,set4_features_metadata,GPR,log,protocol_holdout,exploitation,5,32,35.491263962974976
TRI_Tesla,set4_features_metadata,GPR,log,protocol_holdout,exploitation,5,40,47.38637785994361
TRI_Tesla,set4_features_metadata,GPR,log,protocol_holdout,exploitation,5,48,48.39131397824657
TRI_Tesla,set4_features_metadata,GPR,log,protocol_holdout,exploitation,5,56,24.9256699158956
TRI_Tesla,set4_features_metadata,GPR,log,protocol_holdout,exploitation,5,64,25.33355168336584
TRI_Tesla,set4_features_metadata,GPR,log,protocol_holdout,exploitation,5,72,25.98455134651726
TRI_Tesla,set4_features_metadata,GPR,log,protocol_holdout,exploitation,5,80,23.756322401105336
TRI_Tesla,set4_features_metadata,GPR,log,protocol_holdout,exploitation,5,88,22.33935094004462
TRI_Tesla,set4_features_metadata,GPR,log,protocol_holdout,exploitation,5,96,22.48721814217244
TRI_Tesla,set4_features_metadata,GPR,log,protocol_holdout,exploitation,5,104,22.988217608968764
TRI_Tesla,set4_features_metadata,GPR,log,protocol_holdout,exploitation,5,107,22.885180554953013
TRI_Tesla,set4_features_metadata,GPR,log,protocol_holdout,exploitation,6,8,28.30486084143513
TRI_Tesla,set4_features_metadata,GPR,log,protocol_holdout,exploitation,6,16,29.41003203680605
TRI_Tesla,set4_features_metadata,GPR,log,protocol_holdout,exploitation,6,24,29.204461055836312
TRI_Tesla,set4_features_metadata,GPR,log,protocol_holdout,exploitation,6,32,40.08744695811229
TRI_Tesla,set4_features_metadata,GPR,log,protocol_holdout,exploitation,6,40,25.575336422750823
TRI_Tesla,set4_features_metadata,GPR,log,protocol_holdout,exploitation,6,48,9.433408049629548
TRI_Tesla,set4_features_metadata,GPR,log,protocol_holdout,exploitation,6,56,10.60161024560456
TRI_Tesla,set4_features_metadata,GPR,log,protocol_holdout,exploitation,6,64,10.968567825929837
TRI_Tesla,set4_features_metadata,GPR,log,protocol_holdout,exploitation,6,72,11.475502212928012
TRI_Tesla,set4_features_metadata,GPR,log,protocol_holdout,exploitation,6,80,11.437886529469038
TRI_Tesla,set4_features_metadata,GPR,log,protocol_holdout,exploitation,6,88,12.461886638051364
TRI_Tesla,set4_features_metadata,GPR,log,protocol_holdout,exploitation,6,96,13.834301558650033
TRI_Tesla,set4_features_metadata,GPR,log,protocol_holdout,exploitation,6,104,11.79467011407654
TRI_Tesla,set4_features_metadata,GPR,log,protocol_holdout,exploitation,6,107,13.04364402791444
TRI_Tesla,set4_features_metadata,GPR,log,protocol_holdout,exploitation,7,8,25.62498191113541
TRI_Tesla,set4_features_metadata,GPR,log,protocol_holdout,exploitation,7,16,39.864059520658856
TRI_Tesla,set4_features_metadata,GPR,log,protocol_holdout,exploitation,7,24,24.29092980279199
TRI_Tesla,set4_features_metadata,GPR,log,protocol_holdout,exploitation,7,32,21.460442720724483
TRI_Tesla,set4_features_metadata,GPR,log,protocol_holdout,exploitation,7,40,13.235666479128907
TRI_Tesla,set4_features_metadata,GPR,log,protocol_holdout,exploitation,7,48,15.65817040779322
TRI_Tesla,set4_features_metadata,GPR,log,protocol_holdout,exploitation,7,56,14.251705549077313
TRI_Tesla,set4_features_metadata,GPR,log,protocol_holdout,exploitation,7,64,14.122654783123917
TRI_Tesla,set4_features_metadata,GPR,log,protocol_holdout,exploitation,7,72,17.523230915324138
TRI_Tesla,set4_features_metadata,GPR,log,protocol_holdout,exploitation,7,80,17.90651985962313
TRI_Tesla,set4_features_metadata,GPR,log,protocol_holdout,exploitation,7,88,18.300253472925498
TRI_Tesla,set4_features_metadata,GPR,log,protocol_holdout,exploitation,7,96,16.62805935154442
TRI_Tesla,set4_features_metadata,GPR,log,protocol_holdout,exploitation,7,104,17.61355425046344
TRI_Tesla,set4_features_metadata,GPR,log,protocol_holdout,exploitation,7,107,17.565578969555517
TRI_Tesla,set4_features_metadata,GPR,log,protocol_holdout,exploitation,8,8,52.55225097298074
TRI_Tesla,set4_features_metadata,GPR,log,protocol_holdout,exploitation,8,16,60.15900687835036
TRI_Tesla,set4_features_metadata,GPR,log,protocol_holdout,exploitation,8,24,43.477909848166455
TRI_Tesla,set4_features_metadata,GPR,log,protocol_holdout,exploitation,8,32,68.8078479228572
TRI_Tesla,set4_features_metadata,GPR,log,protocol_holdout,exploitation,8,40,77.36296184169879
TRI_Tesla,set4_features_metadata,GPR,log,protocol_holdout,exploitation,8,48,73.00189714262099
TRI_Tesla,set4_features_metadata,GPR,log,protocol_holdout,exploitation,8,56,85.83216867182858
TRI_Tesla,set4_features_metadata,GPR,log,protocol_holdout,exploitation,8,64,77.19487747051923
TRI_Tesla,set4_features_metadata,GPR,log,protocol_holdout,exploitation,8,72,43.300460764467125
TRI_Tesla,set4_features_metadata,GPR,log,protocol_holdout,exploitation,8,80,29.7052880993752
TRI_Tesla,set4_features_metadata,GPR,log,protocol_holdout,exploitation,8,88,21.9802705145031
TRI_Tesla,set4_features_metadata,GPR,log,protocol_holdout,exploitation,8,96,18.26673460290039
TRI_Tesla,set4_features_metadata,GPR,log,protocol_holdout,exploitation,8,104,18.18717974706868
TRI_Tesla,set4_features_metadata,GPR,log,protocol_holdout,exploitation,8,107,18.120058085190774
TRI_Tesla,set4_features_metadata,GPR,log,protocol_holdout,exploitation,9,8,25.81515846460732
TRI_Tesla,set4_features_metadata,GPR,log,protocol_holdout,exploitation,9,16,30.51562364826377
TRI_Tesla,set4_features_metadata,GPR,log,protocol_holdout,exploitation,9,24,27.47970273928239
TRI_Tesla,set4_features_metadata,GPR,log,protocol_holdout,exploitation,9,32,28.41530922300613
TRI_Tesla,set4_features_metadata,GPR,log,protocol_holdout,exploitation,9,40,33.41217829925638
TRI_Tesla,set4_features_metadata,GPR,log,protocol_holdout,exploitation,9,48,21.783074458863084
TRI_Tesla,set4_features_metadata,GPR,log,protocol_holdout,exploitation,9,56,22.488375479929942
TRI_Tesla,set4_features_metadata,GPR,log,protocol_holdout,exploitation,9,64,20.95552620030631
TRI_Tesla,set4_features_metadata,GPR,log,protocol_holdout,exploitation,9,72,19.84861047564051
TRI_Tesla,set4_features_metadata,GPR,log,protocol_holdout,exploitation,9,80,19.608904849394285
TRI_Tesla,set4_features_metadata,GPR,log,protocol_holdout,exploitation,9,88,19.50196142385898
TRI_Tesla,set4_features_metadata,GPR,log,protocol_holdout,exploitation,9,96,19.42466000211625
TRI_Tesla,set4_features_metadata,GPR,log,protocol_holdout,exploitation,9,104,18.525566068867537
TRI_Tesla,set4_features_metadata,GPR,log,protocol_holdout,exploitation,9,107,17.514822661954316
TRI_Tesla,set4_features_metadata,GPR,log,protocol_holdout,exploitation,10,8,32.93098561749651
TRI_Tesla,set4_features_metadata,GPR,log,protocol_holdout,exploitation,10,16,57.38324815586133
TRI_Tesla,set4_features_metadata,GPR,log,protocol_holdout,exploitation,10,24,33.896954360060185
TRI_Tesla,set4_features_metadata,GPR,log,protocol_holdout,exploitation,10,32,35.55538424569223
TRI_Tesla,set4_features_metadata,GPR,log,protocol_holdout,exploitation,10,40,24.73990334903624
TRI_Tesla,set4_features_metadata,GPR,log,protocol_holdout,exploitation,10,48,20.50751318324745
TRI_Tesla,set4_features_metadata,GPR,log,protocol_holdout,exploitation,10,56,21.114593007153218
TRI_Tesla,set4_features_metadata,GPR,log,protocol_holdout,exploitation,10,64,17.279832815808348
TRI_Tesla,set4_features_metadata,GPR,log,protocol_holdout,exploitation,10,72,15.07493437369473
TRI_Tesla,set4_features_metadata,GPR,log,protocol_holdout,exploitation,10,80,15.907621505271909
TRI_Tesla,set4_features_metadata,GPR,log,protocol_holdout,exploitation,10,88,15.925524723747149
TRI_Tesla,set4_features_metadata,GPR,log,protocol_holdout,exploitation,10,96,15.064711687955448
TRI_Tesla,set4_features_metadata,GPR,log,protocol_holdout,exploitation,10,104,14.624777227364469
TRI_Tesla,set4_features_metadata,GPR,log,protocol_holdout,exploitation,10,107,14.821371311915232
TRI_Tesla,set4_features_metadata,GPR,log,protocol_holdout,hybrid,1,8,26.983275513906506
TRI_Tesla,set4_features_metadata,GPR,log,protocol_holdout,hybrid,1,16,26.44997283811273
TRI_Tesla,set4_features_metadata,GPR,log,protocol_holdout,hybrid,1,24,19.559793825386443
TRI_Tesla,set4_features_metadata,GPR,log,protocol_holdout,hybrid,1,32,16.939994065823136
TRI_Tesla,set4_features_metadata,GPR,log,protocol_holdout,hybrid,1,40,14.46969296310304
TRI_Tesla,set4_features_metadata,GPR,log,protocol_holdout,hybrid,1,48,12.31899213544143
TRI_Tesla,set4_features_metadata,GPR,log,protocol_holdout,hybrid,1,56,12.531852980401778
TRI_Tesla,set4_features_metadata,GPR,log,protocol_holdout,hybrid,1,64,12.916583922171398
TRI_Tesla,set4_features_metadata,GPR,log,protocol_holdout,hybrid,1,72,13.80293251993792
TRI_Tesla,set4_features_metadata,GPR,log,protocol_holdout,hybrid,1,80,13.315569856232148
TRI_Tesla,set4_features_metadata,GPR,log,protocol_holdout,hybrid,1,88,13.277940443908722
TRI_Tesla,set4_features_metadata,GPR,log,protocol_holdout,hybrid,1,96,14.11271086792483
TRI_Tesla,set4_features_metadata,GPR,log,protocol_holdout,hybrid,1,104,15.037278628997583
TRI_Tesla,set4_features_metadata,GPR,log,protocol_holdout,hybrid,1,107,14.799744317918895
TRI_Tesla,set4_features_metadata,GPR,log,protocol_holdout,hybrid,2,8,22.13727364663777
TRI_Tesla,set4_features_metadata,GPR,log,protocol_holdout,hybrid,2,16,20.682286183803143
TRI_Tesla,set4_features_metadata,GPR,log,protocol_holdout,hybrid,2,24,17.53517680708903
TRI_Tesla,set4_features_metadata,GPR,log,protocol_holdout,hybrid,2,32,15.914395712050505
TRI_Tesla,set4_features_metadata,GPR,log,protocol_holdout,hybrid,2,40,20.04656377488624
TRI_Tesla,set4_features_metadata,GPR,log,protocol_holdout,hybrid,2,48,21.1283697840706
TRI_Tesla,set4_features_metadata,GPR,log,protocol_holdout,hybrid,2,56,16.809808377126195
TRI_Tesla,set4_features_metadata,GPR,log,protocol_holdout,hybrid,2,64,21.16652944168965
TRI_Tesla,set4_features_metadata,GPR,log,protocol_holdout,hybrid,2,72,20.325297580467662
TRI_Tesla,set4_features_metadata,GPR,log,protocol_holdout,hybrid,2,80,16.42492797400218
TRI_Tesla,set4_features_metadata,GPR,log,protocol_holdout,hybrid,2,88,14.772628717799089
TRI_Tesla,set4_features_metadata,GPR,log,protocol_holdout,hybrid,2,96,14.827267493982305
TRI_Tesla,set4_features_metadata,GPR,log,protocol_holdout,hybrid,2,104,16.27900838310115
TRI_Tesla,set4_features_metadata,GPR,log,protocol_holdout,hybrid,2,107,15.76434229238379
TRI_Tesla,set4_features_metadata,GPR,log,protocol_holdout,hybrid,3,8,20.965622485274704
TRI_Tesla,set4_features_metadata,GPR,log,protocol_holdout,hybrid,3,16,20.07095062283329
TRI_Tesla,set4_features_metadata,GPR,log,protocol_holdout,hybrid,3,24,17.487584286013735
TRI_Tesla,set4_features_metadata,GPR,log,protocol_holdout,hybrid,3,32,23.99420429604671
TRI_Tesla,set4_features_metadata,GPR,log,protocol_holdout,hybrid,3,40,21.37530432945665
TRI_Tesla,set4_features_metadata,GPR,log,protocol_holdout,hybrid,3,48,15.917941285184254
TRI_Tesla,set4_features_metadata,GPR,log,protocol_holdout,hybrid,3,56,21.92231349104367
TRI_Tesla,set4_features_metadata,GPR,log,protocol_holdout,hybrid,3,64,16.399991136487102
TRI_Tesla,set4_features_metadata,GPR,log,protocol_holdout,hybrid,3,72,14.776536428307969
TRI_Tesla,set4_features_metadata,GPR,log,protocol_holdout,hybrid,3,80,14.505783547812213
TRI_Tesla,set4_features_metadata,GPR,log,protocol_holdout,hybrid,3,88,15.90480211615809
TRI_Tesla,set4_features_metadata,GPR,log,protocol_holdout,hybrid,3,96,16.196853526444364
TRI_Tesla,set4_features_metadata,GPR,log,protocol_holdout,hybrid,3,104,16.207572740663625
TRI_Tesla,set4_features_metadata,GPR,log,protocol_holdout,hybrid,3,107,16.735960204428896
TRI_Tesla,set4_features_metadata,GPR,log,protocol_holdout,hybrid,4,8,70.69175468317647
TRI_Tesla,set4_features_metadata,GPR,log,protocol_holdout,hybrid,4,16,32.54482906131438
TRI_Tesla,set4_features_metadata,GPR,log,protocol_holdout,hybrid,4,24,26.034208287265063
TRI_Tesla,set4_features_metadata,GPR,log,protocol_holdout,hybrid,4,32,28.281373829261184
TRI_Tesla,set4_features_metadata,GPR,log,protocol_holdout,hybrid,4,40,27.241702823930613
TRI_Tesla,set4_features_metadata,GPR,log,protocol_holdout,hybrid,4,48,22.754893970114075
TRI_Tesla,set4_features_metadata,GPR,log,protocol_holdout,hybrid,4,56,20.38956389769725
TRI_Tesla,set4_features_metadata,GPR,log,protocol_holdout,hybrid,4,64,22.14065576990627
TRI_Tesla,set4_features_metadata,GPR,log,protocol_holdout,hybrid,4,72,22.19332329161137
TRI_Tesla,set4_features_metadata,GPR,log,protocol_holdout,hybrid,4,80,23.44161161046128
TRI_Tesla,set4_features_metadata,GPR,log,protocol_holdout,hybrid,4,88,24.57561901346732
TRI_Tesla,set4_features_metadata,GPR,log,protocol_holdout,hybrid,4,96,29.918336072468577
TRI_Tesla,set4_features_metadata,GPR,log,protocol_holdout,hybrid,4,104,30.97882932277825
TRI_Tesla,set4_features_metadata,GPR,log,protocol_holdout,hybrid,4,107,31.630565013320577
TRI_Tesla,set4_features_metadata,GPR,log,protocol_holdout,hybrid,5,8,84.65435364152684
TRI_Tesla,set4_features_metadata,GPR,log,protocol_holdout,hybrid,5,16,19.559222626353865
TRI_Tesla,set4_features_metadata,GPR,log,protocol_holdout,hybrid,5,24,16.20002557497585
TRI_Tesla,set4_features_metadata,GPR,log,protocol_holdout,hybrid,5,32,15.341199249055148
TRI_Tesla,set4_features_metadata,GPR,log,protocol_holdout,hybrid,5,40,18.2714726665988
TRI_Tesla,set4_features_metadata,GPR,log,protocol_holdout,hybrid,5,48,19.17939127129717
TRI_Tesla,set4_features_metadata,GPR,log,protocol_holdout,hybrid,5,56,20.577859102002787
TRI_Tesla,set4_features_metadata,GPR,log,protocol_holdout,hybrid,5,64,21.508007688408703
TRI_Tesla,set4_features_metadata,GPR,log,protocol_holdout,hybrid,5,72,21.65589033673926
TRI_Tesla,set4_features_metadata,GPR,log,protocol_holdout,hybrid,5,80,22.425273323092952
TRI_Tesla,set4_features_metadata,GPR,log,protocol_holdout,hybrid,5,88,23.190245592481983
TRI_Tesla,set4_features_metadata,GPR,log,protocol_holdout,hybrid,5,96,22.667200072778776
TRI_Tesla,set4_features_metadata,GPR,log,protocol_holdout,hybrid,5,104,23.911323666885576
TRI_Tesla,set4_features_metadata,GPR,log,protocol_holdout,hybrid,5,107,22.885180554953013
TRI_Tesla,set4_features_metadata,GPR,log,protocol_holdout,hybrid,6,8,28.30486084143513
TRI_Tesla,set4_features_metadata,GPR,log,protocol_holdout,hybrid,6,16,27.525795379958808
TRI_Tesla,set4_features_metadata,GPR,log,protocol_holdout,hybrid,6,24,16.971404749204147
TRI_Tesla,set4_features_metadata,GPR,log,protocol_holdout,hybrid,6,32,17.39979307188149
TRI_Tesla,set4_features_metadata,GPR,log,protocol_holdout,hybrid,6,40,15.819244898051751
TRI_Tesla,set4_features_metadata,GPR,log,protocol_holdout,hybrid,6,48,15.991481372893784
TRI_Tesla,set4_features_metadata,GPR,log,protocol_holdout,hybrid,6,56,16.066371369061695
TRI_Tesla,set4_features_metadata,GPR,log,protocol_holdout,hybrid,6,64,16.317826254757705
TRI_Tesla,set4_features_metadata,GPR,log,protocol_holdout,hybrid,6,72,15.142613599666287
TRI_Tesla,set4_features_metadata,GPR,log,protocol_holdout,hybrid,6,80,12.914464445070978
TRI_Tesla,set4_features_metadata,GPR,log,protocol_holdout,hybrid,6,88,12.2814495903966
TRI_Tesla,set4_features_metadata,GPR,log,protocol_holdout,hybrid,6,96,13.359214389454364
TRI_Tesla,set4_features_metadata,GPR,log,protocol_holdout,hybrid,6,104,12.754105829937329
TRI_Tesla,set4_features_metadata,GPR,log,protocol_holdout,hybrid,6,107,13.04364402791444
TRI_Tesla,set4_features_metadata,GPR,log,protocol_holdout,hybrid,7,8,25.62498191113541
TRI_Tesla,set4_features_metadata,GPR,log,protocol_holdout,hybrid,7,16,23.29530555735633
TRI_Tesla,set4_features_metadata,GPR,log,protocol_holdout,hybrid,7,24,18.33663822093191
TRI_Tesla,set4_features_metadata,GPR,log,protocol_holdout,hybrid,7,32,23.510274462446368
TRI_Tesla,set4_features_metadata,GPR,log,protocol_holdout,hybrid,7,40,20.53525887184183
TRI_Tesla,set4_features_metadata,GPR,log,protocol_holdout,hybrid,7,48,19.917953577109383
TRI_Tesla,set4_features_metadata,GPR,log,protocol_holdout,hybrid,7,56,18.89140482970772
TRI_Tesla,set4_features_metadata,GPR,log,protocol_holdout,hybrid,7,64,18.054542467897143
TRI_Tesla,set4_features_metadata,GPR,log,protocol_holdout,hybrid,7,72,16.72525524360863
TRI_Tesla,set4_features_metadata,GPR,log,protocol_holdout,hybrid,7,80,16.51083354139517
TRI_Tesla,set4_features_metadata,GPR,log,protocol_holdout,hybrid,7,88,17.432315573805038
TRI_Tesla,set4_features_metadata,GPR,log,protocol_holdout,hybrid,7,96,17.502597094530547
TRI_Tesla,set4_features_metadata,GPR,log,protocol_holdout,hybrid,7,104,17.49047310521543
TRI_Tesla,set4_features_metadata,GPR,log,protocol_holdout,hybrid,7,107,17.565578969555517
TRI_Tesla,set4_features_metadata,GPR,log,protocol_holdout,hybrid,8,8,52.55225097298074
TRI_Tesla,set4_features_metadata,GPR,log,protocol_holdout,hybrid,8,16,18.71002383068744
TRI_Tesla,set4_features_metadata,GPR,log,protocol_holdout,hybrid,8,24,17.38654848304919
TRI_Tesla,set4_features_metadata,GPR,log,protocol_holdout,hybrid,8,32,20.429988897739083
TRI_Tesla,set4_features_metadata,GPR,log,protocol_holdout,hybrid,8,40,18.031331352780533
TRI_Tesla,set4_features_metadata,GPR,log,protocol_holdout,hybrid,8,48,18.27572289686337
TRI_Tesla,set4_features_metadata,GPR,log,protocol_holdout,hybrid,8,56,15.192791135461492
TRI_Tesla,set4_features_metadata,GPR,log,protocol_holdout,hybrid,8,64,16.440830142172615
TRI_Tesla,set4_features_metadata,GPR,log,protocol_holdout,hybrid,8,72,14.456577757030608
TRI_Tesla,set4_features_metadata,GPR,log,protocol_holdout,hybrid,8,80,14.59677616270526
TRI_Tesla,set4_features_metadata,GPR,log,protocol_holdout,hybrid,8,88,16.43204382419085
TRI_Tesla,set4_features_metadata,GPR,log,protocol_holdout,hybrid,8,96,16.592369127008784
TRI_Tesla,set4_features_metadata,GPR,log,protocol_holdout,hybrid,8,104,18.084866615496068
TRI_Tesla,set4_features_metadata,GPR,log,protocol_holdout,hybrid,8,107,18.120058085190774
TRI_Tesla,set4_features_metadata,GPR,log,protocol_holdout,hybrid,9,8,25.81515846460732
TRI_Tesla,set4_features_metadata,GPR,log,protocol_holdout,hybrid,9,16,27.737774316693663
TRI_Tesla,set4_features_metadata,GPR,log,protocol_holdout,hybrid,9,24,20.13210595462663
TRI_Tesla,set4_features_metadata,GPR,log,protocol_holdout,hybrid,9,32,20.7438408260116
TRI_Tesla,set4_features_metadata,GPR,log,protocol_holdout,hybrid,9,40,19.88048968432769
TRI_Tesla,set4_features_metadata,GPR,log,protocol_holdout,hybrid,9,48,19.79164194234077
TRI_Tesla,set4_features_metadata,GPR,log,protocol_holdout,hybrid,9,56,19.291764671865096
TRI_Tesla,set4_features_metadata,GPR,log,protocol_holdout,hybrid,9,64,18.40559791254229
TRI_Tesla,set4_features_metadata,GPR,log,protocol_holdout,hybrid,9,72,17.12695889491782
TRI_Tesla,set4_features_metadata,GPR,log,protocol_holdout,hybrid,9,80,16.748428261038747
TRI_Tesla,set4_features_metadata,GPR,log,protocol_holdout,hybrid,9,88,16.489989231885186
TRI_Tesla,set4_features_metadata,GPR,log,protocol_holdout,hybrid,9,96,17.318481466383627
TRI_Tesla,set4_features_metadata,GPR,log,protocol_holdout,hybrid,9,104,17.308963093485684
TRI_Tesla,set4_features_metadata,GPR,log,protocol_holdout,hybrid,9,107,17.514822661954316
TRI_Tesla,set4_features_metadata,GPR,log,protocol_holdout,hybrid,10,8,32.93098561749651
TRI_Tesla,set4_features_metadata,GPR,log,protocol_holdout,hybrid,10,16,23.47853220655675
TRI_Tesla,set4_features_metadata,GPR,log,protocol_holdout,hybrid,10,24,22.37150736225144
TRI_Tesla,set4_features_metadata,GPR,log,protocol_holdout,hybrid,10,32,22.05075776280932
TRI_Tesla,set4_features_metadata,GPR,log,protocol_holdout,hybrid,10,40,22.777734994694
TRI_Tesla,set4_features_metadata,GPR,log,protocol_holdout,hybrid,10,48,20.714112161211844
TRI_Tesla,set4_features_metadata,GPR,log,protocol_holdout,hybrid,10,56,19.18832633339565
TRI_Tesla,set4_features_metadata,GPR,log,protocol_holdout,hybrid,10,64,17.825721892069367
TRI_Tesla,set4_features_metadata,GPR,log,protocol_holdout,hybrid,10,72,16.15808323131339
TRI_Tesla,set4_features_metadata,GPR,log,protocol_holdout,hybrid,10,80,15.708889774826991
TRI_Tesla,set4_features_metadata,GPR,log,protocol_holdout,hybrid,10,88,15.97070444883721
TRI_Tesla,set4_features_metadata,GPR,log,protocol_holdout,hybrid,10,96,15.151155589933436
TRI_Tesla,set4_features_metadata,GPR,log,protocol_holdout,hybrid,10,104,14.811301513914437
TRI_Tesla,set4_features_metadata,GPR,log,protocol_holdout,hybrid,10,107,14.821371311915232
