dataset,feature_set,regressor,target_transform,pool_holdout_split_mode,method,trial,budget_total,mape
MIT,set1_dQn_m,GPR,log,protocol_holdout,random_selection,1,8,31.402789772774803
MIT,set1_dQn_m,GPR,log,protocol_holdout,random_selection,1,16,32.31964654390514
MIT,set1_dQn_m,GPR,log,protocol_holdout,random_selection,1,24,30.43223039693128
MIT,set1_dQn_m,GPR,log,protocol_holdout,random_selection,1,32,26.89065835489657
MIT,set1_dQn_m,GPR,log,protocol_holdout,random_selection,1,40,15.442497152999987
MIT,set1_dQn_m,GPR,log,protocol_holdout,random_selection,1,48,14.154456189892109
MIT,set1_dQn_m,GPR,log,protocol_holdout,random_selection,1,56,14.54765609859986
MIT,set1_dQn_m,GPR,log,protocol_holdout,random_selection,1,64,16.96574741205432
MIT,set1_dQn_m,GPR,log,protocol_holdout,random_selection,1,72,16.836463509402414
MIT,set1_dQn_m,GPR,log,protocol_holdout,random_selection,1,80,16.666637762897913
MIT,set1_dQn_m,GPR,log,protocol_holdout,random_selection,1,88,17.92446778361888
MIT,set1_dQn_m,GPR,log,protocol_holdout,random_selection,1,96,16.481783126934264
MIT,set1_dQn_m,GPR,log,protocol_holdout,random_selection,1,99,16.91026606509311
MIT,set1_dQn_m,GPR,log,protocol_holdout,random_selection,2,8,21.12335927425383
MIT,set1_dQn_m,GPR,log,protocol_holdout,random_selection,2,16,19.76118864864185
MIT,set1_dQn_m,GPR,log,protocol_holdout,random_selection,2,24,14.61076632203919
MIT,set1_dQn_m,GPR,log,protocol_holdout,random_selection,2,32,12.200842736108449
MIT,set1_dQn_m,GPR,log,protocol_holdout,random_selection,2,40,10.754392637898524
MIT,set1_dQn_m,GPR,log,protocol_holdout,random_selection,2,48,10.717828449707492
MIT,set1_dQn_m,GPR,log,protocol_holdout,random_selection,2,56,10.586355787142883
MIT,set1_dQn_m,GPR,log,protocol_holdout,random_selection,2,64,10.195684532086876
MIT,set1_dQn_m,GPR,log,protocol_holdout,random_selection,2,72,10.995700837879037
MIT,set1_dQn_m,GPR,log,protocol_holdout,random_selection,2,80,11.1051744886782
MIT,set1_dQn_m,GPR,log,protocol_holdout,random_selection,2,88,10.910347021365602
MIT,set1_dQn_m,GPR,log,protocol_holdout,random_selection,2,96,10.848697064840245
MIT,set1_dQn_m,GPR,log,protocol_holdout,random_selection,2,99,10.893303640702472
MIT,set1_dQn_m,GPR,log,protocol_holdout,random_selection,3,8,15.085346167413231
MIT,set1_dQn_m,GPR,log,protocol_holdout,random_selection,3,16,20.937333098436163
MIT,set1_dQn_m,GPR,log,protocol_holdout,random_selection,3,24,12.58737429561595
MIT,set1_dQn_m,GPR,log,protocol_holdout,random_selection,3,32,11.43671678395974
MIT,set1_dQn_m,GPR,log,protocol_holdout,random_selection,3,40,12.931608776579218
MIT,set1_dQn_m,GPR,log,protocol_holdout,random_selection,3,48,12.171269000301498
MIT,set1_dQn_m,GPR,log,protocol_holdout,random_selection,3,56,10.71778172498685
MIT,set1_dQn_m,GPR,log,protocol_holdout,random_selection,3,64,10.94091938441188
MIT,set1_dQn_m,GPR,log,protocol_holdout,random_selection,3,72,11.128571309014797
MIT,set1_dQn_m,GPR,log,protocol_holdout,random_selection,3,80,11.095310528896553
MIT,set1_dQn_m,GPR,log,protocol_holdout,random_selection,3,88,10.570131238924452
MIT,set1_dQn_m,GPR,log,protocol_holdout,random_selection,3,96,10.702657046283644
MIT,set1_dQn_m,GPR,log,protocol_holdout,random_selection,3,99,10.680857105968158
MIT,set1_dQn_m,GPR,log,protocol_holdout,random_selection,4,8,16.674299059989902
MIT,set1_dQn_m,GPR,log,protocol_holdout,random_selection,4,16,16.04723840838981
MIT,set1_dQn_m,GPR,log,protocol_holdout,random_selection,4,24,16.70444378754403
MIT,set1_dQn_m,GPR,log,protocol_holdout,random_selection,4,32,15.410363256543787
MIT,set1_dQn_m,GPR,log,protocol_holdout,random_selection,4,40,12.175009362108986
MIT,set1_dQn_m,GPR,log,protocol_holdout,random_selection,4,48,14.050848725508738
MIT,set1_dQn_m,GPR,log,protocol_holdout,random_selection,4,56,13.687682078917174
MIT,set1_dQn_m,GPR,log,protocol_holdout,random_selection,4,64,13.134507370902671
MIT,set1_dQn_m,GPR,log,protocol_holdout,random_selection,4,72,12.664876172359572
MIT,set1_dQn_m,GPR,log,protocol_holdout,random_selection,4,80,12.388323535755534
MIT,set1_dQn_m,GPR,log,protocol_holdout,random_selection,4,88,12.506665713165903
MIT,set1_dQn_m,GPR,log,protocol_holdout,random_selection,4,96,12.974056358018895
MIT,set1_dQn_m,GPR,log,protocol_holdout,random_selection,4,99,13.312950440997188
MIT,set1_dQn_m,GPR,log,protocol_holdout,random_selection,5,8,13.992295202669922
MIT,set1_dQn_m,GPR,log,protocol_holdout,random_selection,5,16,12.458217428497964
MIT,set1_dQn_m,GPR,log,protocol_holdout,random_selection,5,24,11.908620495762584
MIT,set1_dQn_m,GPR,log,protocol_holdout,random_selection,5,32,10.3715940112336
MIT,set1_dQn_m,GPR,log,protocol_holdout,random_selection,5,40,9.056242229920342
MIT,set1_dQn_m,GPR,log,protocol_holdout,random_selection,5,48,9.444725940278852
MIT,set1_dQn_m,GPR,log,protocol_holdout,random_selection,5,56,8.653681147918292
MIT,set1_dQn_m,GPR,log,protocol_holdout,random_selection,5,64,10.0903949999554
MIT,set1_dQn_m,GPR,log,protocol_holdout,random_selection,5,72,9.921254155765334
MIT,set1_dQn_m,GPR,log,protocol_holdout,random_selection,5,80,9.470994373976062
MIT,set1_dQn_m,GPR,log,protocol_holdout,random_selection,5,88,9.2267253377405
MIT,set1_dQn_m,GPR,log,protocol_holdout,random_selection,5,96,9.112866259089142
MIT,set1_dQn_m,GPR,log,protocol_holdout,random_selection,5,99,9.128916746849638
MIT,set1_dQn_m,GPR,log,protocol_holdout,random_selection,6,8,18.80270327949023
MIT,set1_dQn_m,GPR,log,protocol_holdout,random_selection,6,16,22.142655760896584
MIT,set1_dQn_m,GPR,log,protocol_holdout,random_selection,6,24,20.519557295806145
MIT,set1_dQn_m,GPR,log,protocol_holdout,random_selection,6,32,19.277522130655647
MIT,set1_dQn_m,GPR,log,protocol_holdout,random_selection,6,40,17.148491979128536
MIT,set1_dQn_m,GPR,log,protocol_holdout,random_selection,6,48,16.71797301501055
MIT,set1_dQn_m,GPR,log,protocol_holdout,random_selection,6,56,15.35007532662647
MIT,set1_dQn_m,GPR,log,protocol_holdout,random_selection,6,64,14.050794145608869
MIT,set1_dQn_m,GPR,log,protocol_holdout,random_selection,6,72,12.918800390431532
MIT,set1_dQn_m,GPR,log,protocol_holdout,random_selection,6,80,10.214300399255222
MIT,set1_dQn_m,GPR,log,protocol_holdout,random_selection,6,88,9.149930068756497
MIT,set1_dQn_m,GPR,log,protocol_holdout,random_selection,6,96,8.86825636221763
MIT,set1_dQn_m,GPR,log,protocol_holdout,random_selection,6,99,9.130620652324977
MIT,set1_dQn_m,GPR,log,protocol_holdout,random_selection,7,8,30.438918204296243
MIT,set1_dQn_m,GPR,log,protocol_holdout,random_selection,7,16,19.178024033217223
MIT,set1_dQn_m,GPR,log,protocol_holdout,random_selection,7,24,16.115126384301615
MIT,set1_dQn_m,GPR,log,protocol_holdout,random_selection,7,32,13.397211966889977
MIT,set1_dQn_m,GPR,log,protocol_holdout,random_selection,7,40,12.619197524883797
MIT,set1_dQn_m,GPR,log,protocol_holdout,random_selection,7,48,11.125163780402652
MIT,set1_dQn_m,GPR,log,protocol_holdout,random_selection,7,56,11.8380401261871
MIT,set1_dQn_m,GPR,log,protocol_holdout,random_selection,7,64,10.889440492311545
MIT,set1_dQn_m,GPR,log,protocol_holdout,random_selection,7,72,10.201991954240205
MIT,set1_dQn_m,GPR,log,protocol_holdout,random_selection,7,80,9.796619848433531
MIT,set1_dQn_m,GPR,log,protocol_holdout,random_selection,7,88,9.20529566700936
MIT,set1_dQn_m,GPR,log,protocol_holdout,random_selection,7,96,9.306191797022734
MIT,set1_dQn_m,GPR,log,protocol_holdout,random_selection,7,99,9.284350748721437
MIT,set1_dQn_m,GPR,log,protocol_holdout,random_selection,8,8,17.54660489205672
MIT,set1_dQn_m,GPR,log,protocol_holdout,random_selection,8,16,15.257452289993598
MIT,set1_dQn_m,GPR,log,protocol_holdout,random_selection,8,24,12.657465500536642
MIT,set1_dQn_m,GPR,log,protocol_holdout,random_selection,8,32,13.136899479768156
MIT,set1_dQn_m,GPR,log,protocol_holdout,random_selection,8,40,12.287936741073786
MIT,set1_dQn_m,GPR,log,protocol_holdout,random_selection,8,48,13.029250534714432
MIT,set1_dQn_m,GPR,log,protocol_holdout,random_selection,8,56,13.248733748800332
MIT,set1_dQn_m,GPR,log,protocol_holdout,random_selection,8,64,10.727684465389457
MIT,set1_dQn_m,GPR,log,protocol_holdout,random_selection,8,72,9.214885710373762
MIT,set1_dQn_m,GPR,log,protocol_holdout,random_selection,8,80,7.303784919511282
MIT,set1_dQn_m,GPR,log,protocol_holdout,random_selection,8,88,8.140978319378576
MIT,set1_dQn_m,GPR,log,protocol_holdout,random_selection,8,96,7.8824676961589235
MIT,set1_dQn_m,GPR,log,protocol_holdout,random_selection,8,99,7.651764784717317
MIT,set1_dQn_m,GPR,log,protocol_holdout,random_selection,9,8,18.466834982589933
MIT,set1_dQn_m,GPR,log,protocol_holdout,random_selection,9,16,14.043672450017668
MIT,set1_dQn_m,GPR,log,protocol_holdout,random_selection,9,24,11.603070490683914
MIT,set1_dQn_m,GPR,log,protocol_holdout,random_selection,9,32,9.886060596296227
MIT,set1_dQn_m,GPR,log,protocol_holdout,random_selection,9,40,9.255570432739471
MIT,set1_dQn_m,GPR,log,protocol_holdout,random_selection,9,48,8.54270896235296
MIT,set1_dQn_m,GPR,log,protocol_holdout,random_selection,9,56,7.192840436841315
MIT,set1_dQn_m,GPR,log,protocol_holdout,random_selection,9,64,6.989868286378689
MIT,set1_dQn_m,GPR,log,protocol_holdout,random_selection,9,72,6.322169605456261
MIT,set1_dQn_m,GPR,log,protocol_holdout,random_selection,9,80,6.836550320679698
MIT,set1_dQn_m,GPR,log,protocol_holdout,random_selection,9,88,6.530088192129159
MIT,set1_dQn_m,GPR,log,protocol_holdout,random_selection,9,96,6.007277598106415
MIT,set1_dQn_m,GPR,log,protocol_holdout,random_selection,9,99,6.147158205388116
MIT,set1_dQn_m,GPR,log,protocol_holdout,random_selection,10,8,27.90085358925501
MIT,set1_dQn_m,GPR,log,protocol_holdout,random_selection,10,16,20.569561979048505
MIT,set1_dQn_m,GPR,log,protocol_holdout,random_selection,10,24,17.36363194314972
MIT,set1_dQn_m,GPR,log,protocol_holdout,random_selection,10,32,10.176635155201954
MIT,set1_dQn_m,GPR,log,protocol_holdout,random_selection,10,40,7.958586302677967
MIT,set1_dQn_m,GPR,log,protocol_holdout,random_selection,10,48,8.024238445433864
MIT,set1_dQn_m,GPR,log,protocol_holdout,random_selection,10,56,8.138281465063962
MIT,set1_dQn_m,GPR,log,protocol_holdout,random_selection,10,64,6.781914417732886
MIT,set1_dQn_m,GPR,log,protocol_holdout,random_selection,10,72,5.78436413432473
MIT,set1_dQn_m,GPR,log,protocol_holdout,random_selection,10,80,14.708825570555542
MIT,set1_dQn_m,GPR,log,protocol_holdout,random_selection,10,88,7.442763244649933
MIT,set1_dQn_m,GPR,log,protocol_holdout,random_selection,10,96,7.474154030446363
MIT,set1_dQn_m,GPR,log,protocol_holdout,random_selection,10,99,7.200233547146338
MIT,set1_dQn_m,GPR,log,protocol_holdout,diversity_oneshot,1,8,31.21855220433517
MIT,set1_dQn_m,GPR,log,protocol_holdout,diversity_oneshot,1,16,28.43905930191346
MIT,set1_dQn_m,GPR,log,protocol_holdout,diversity_oneshot,1,24,30.29861408590976
MIT,set1_dQn_m,GPR,log,protocol_holdout,diversity_oneshot,1,32,29.25533583075613
MIT,set1_dQn_m,GPR,log,protocol_holdout,diversity_oneshot,1,40,22.660180146371992
MIT,set1_dQn_m,GPR,log,protocol_holdout,diversity_oneshot,1,48,11.369709510562563
MIT,set1_dQn_m,GPR,log,protocol_holdout,diversity_oneshot,1,56,25.18642859255283
MIT,set1_dQn_m,GPR,log,protocol_holdout,diversity_oneshot,1,64,24.89197935952682
MIT,set1_dQn_m,GPR,log,protocol_holdout,diversity_oneshot,1,72,15.266400373625036
MIT,set1_dQn_m,GPR,log,protocol_holdout,diversity_oneshot,1,80,15.37974676215938
MIT,set1_dQn_m,GPR,log,protocol_holdout,diversity_oneshot,1,88,15.997514241425334
MIT,set1_dQn_m,GPR,log,protocol_holdout,diversity_oneshot,1,96,16.44513315415593
MIT,set1_dQn_m,GPR,log,protocol_holdout,diversity_oneshot,1,99,16.91026606509311
MIT,set1_dQn_m,GPR,log,protocol_holdout,diversity_oneshot,2,8,14.972552004808538
MIT,set1_dQn_m,GPR,log,protocol_holdout,diversity_oneshot,2,16,13.105545156629235
MIT,set1_dQn_m,GPR,log,protocol_holdout,diversity_oneshot,2,24,10.427491333849776
MIT,set1_dQn_m,GPR,log,protocol_holdout,diversity_oneshot,2,32,9.918054072872286
MIT,set1_dQn_m,GPR,log,protocol_holdout,diversity_oneshot,2,40,11.24940613080793
MIT,set1_dQn_m,GPR,log,protocol_holdout,diversity_oneshot,2,48,10.311895512065322
MIT,set1_dQn_m,GPR,log,protocol_holdout,diversity_oneshot,2,56,10.596786190910796
MIT,set1_dQn_m,GPR,log,protocol_holdout,diversity_oneshot,2,64,10.59730338559764
MIT,set1_dQn_m,GPR,log,protocol_holdout,diversity_oneshot,2,72,11.301162185740772
MIT,set1_dQn_m,GPR,log,protocol_holdout,diversity_oneshot,2,80,11.767435970256985
MIT,set1_dQn_m,GPR,log,protocol_holdout,diversity_oneshot,2,88,10.99214297317136
MIT,set1_dQn_m,GPR,log,protocol_holdout,diversity_oneshot,2,96,11.036803369713647
MIT,set1_dQn_m,GPR,log,protocol_holdout,diversity_oneshot,2,99,10.893303640702472
MIT,set1_dQn_m,GPR,log,protocol_holdout,diversity_oneshot,3,8,19.386822111257683
MIT,set1_dQn_m,GPR,log,protocol_holdout,diversity_oneshot,3,16,14.634015800469829
MIT,set1_dQn_m,GPR,log,protocol_holdout,diversity_oneshot,3,24,12.016580819455209
MIT,set1_dQn_m,GPR,log,protocol_holdout,diversity_oneshot,3,32,14.652329269563175
MIT,set1_dQn_m,GPR,log,protocol_holdout,diversity_oneshot,3,40,14.297179631451398
MIT,set1_dQn_m,GPR,log,protocol_holdout,diversity_oneshot,3,48,11.676901096933644
MIT,set1_dQn_m,GPR,log,protocol_holdout,diversity_oneshot,3,56,11.129760328940204
MIT,set1_dQn_m,GPR,log,protocol_holdout,diversity_oneshot,3,64,11.242702240649525
MIT,set1_dQn_m,GPR,log,protocol_holdout,diversity_oneshot,3,72,11.207696266666616
MIT,set1_dQn_m,GPR,log,protocol_holdout,diversity_oneshot,3,80,11.200766290936564
MIT,set1_dQn_m,GPR,log,protocol_holdout,diversity_oneshot,3,88,10.822577108165284
MIT,set1_dQn_m,GPR,log,protocol_holdout,diversity_oneshot,3,96,10.72897459279034
MIT,set1_dQn_m,GPR,log,protocol_holdout,diversity_oneshot,3,99,10.680857105968158
MIT,set1_dQn_m,GPR,log,protocol_holdout,diversity_oneshot,4,8,17.01002059522828
MIT,set1_dQn_m,GPR,log,protocol_holdout,diversity_oneshot,4,16,17.943192301223547
MIT,set1_dQn_m,GPR,log,protocol_holdout,diversity_oneshot,4,24,15.310362555403511
MIT,set1_dQn_m,GPR,log,protocol_holdout,diversity_oneshot,4,32,16.32901340959826
MIT,set1_dQn_m,GPR,log,protocol_holdout,diversity_oneshot,4,40,13.778194466254943
MIT,set1_dQn_m,GPR,log,protocol_holdout,diversity_oneshot,4,48,13.918739333542865
MIT,set1_dQn_m,GPR,log,protocol_holdout,diversity_oneshot,4,56,12.99962505594903
MIT,set1_dQn_m,GPR,log,protocol_holdout,diversity_oneshot,4,64,14.107799409091385
MIT,set1_dQn_m,GPR,log,protocol_holdout,diversity_oneshot,4,72,14.067755168428706
MIT,set1_dQn_m,GPR,log,protocol_holdout,diversity_oneshot,4,80,14.467413991727426
MIT,set1_dQn_m,GPR,log,protocol_holdout,diversity_oneshot,4,88,13.895180174815714
MIT,set1_dQn_m,GPR,log,protocol_holdout,diversity_oneshot,4,96,13.61128725383475
MIT,set1_dQn_m,GPR,log,protocol_holdout,diversity_oneshot,4,99,13.312950440997188
MIT,set1_dQn_m,GPR,log,protocol_holdout,diversity_oneshot,5,8,23.61327978771312
MIT,set1_dQn_m,GPR,log,protocol_holdout,diversity_oneshot,5,16,11.943309117528848
MIT,set1_dQn_m,GPR,log,protocol_holdout,diversity_oneshot,5,24,11.401105701887111
MIT,set1_dQn_m,GPR,log,protocol_holdout,diversity_oneshot,5,32,10.874867240652415
MIT,set1_dQn_m,GPR,log,protocol_holdout,diversity_oneshot,5,40,10.416956818972457
MIT,set1_dQn_m,GPR,log,protocol_holdout,diversity_oneshot,5,48,10.206301500612708
MIT,set1_dQn_m,GPR,log,protocol_holdout,diversity_oneshot,5,56,9.531618744092018
MIT,set1_dQn_m,GPR,log,protocol_holdout,diversity_oneshot,5,64,9.94000837676928
MIT,set1_dQn_m,GPR,log,protocol_holdout,diversity_oneshot,5,72,9.554306866547462
MIT,set1_dQn_m,GPR,log,protocol_holdout,diversity_oneshot,5,80,9.62557059979058
MIT,set1_dQn_m,GPR,log,protocol_holdout,diversity_oneshot,5,88,9.43110472628654
MIT,set1_dQn_m,GPR,log,protocol_holdout,diversity_oneshot,5,96,9.210615117947942
MIT,set1_dQn_m,GPR,log,protocol_holdout,diversity_oneshot,5,99,9.128916746849638
MIT,set1_dQn_m,GPR,log,protocol_holdout,diversity_oneshot,6,8,18.45130734855329
MIT,set1_dQn_m,GPR,log,protocol_holdout,diversity_oneshot,6,16,17.5326613196303
MIT,set1_dQn_m,GPR,log,protocol_holdout,diversity_oneshot,6,24,18.8137296675246
MIT,set1_dQn_m,GPR,log,protocol_holdout,diversity_oneshot,6,32,19.83836217514704
MIT,set1_dQn_m,GPR,log,protocol_holdout,diversity_oneshot,6,40,16.89548899106988
MIT,set1_dQn_m,GPR,log,protocol_holdout,diversity_oneshot,6,48,15.58501747244853
MIT,set1_dQn_m,GPR,log,protocol_holdout,diversity_oneshot,6,56,14.994045197366276
MIT,set1_dQn_m,GPR,log,protocol_holdout,diversity_oneshot,6,64,13.489320007954111
MIT,set1_dQn_m,GPR,log,protocol_holdout,diversity_oneshot,6,72,11.960980100456547
MIT,set1_dQn_m,GPR,log,protocol_holdout,diversity_oneshot,6,80,10.745183251557792
MIT,set1_dQn_m,GPR,log,protocol_holdout,diversity_oneshot,6,88,9.74130592802419
MIT,set1_dQn_m,GPR,log,protocol_holdout,diversity_oneshot,6,96,9.43262378339866
MIT,set1_dQn_m,GPR,log,protocol_holdout,diversity_oneshot,6,99,9.130620652324977
MIT,set1_dQn_m,GPR,log,protocol_holdout,diversity_oneshot,7,8,26.23113114425593
MIT,set1_dQn_m,GPR,log,protocol_holdout,diversity_oneshot,7,16,15.486655651800168
MIT,set1_dQn_m,GPR,log,protocol_holdout,diversity_oneshot,7,24,13.26110850075968
MIT,set1_dQn_m,GPR,log,protocol_holdout,diversity_oneshot,7,32,13.856857861493223
MIT,set1_dQn_m,GPR,log,protocol_holdout,diversity_oneshot,7,40,10.635502384028886
MIT,set1_dQn_m,GPR,log,protocol_holdout,diversity_oneshot,7,48,10.829288461987492
MIT,set1_dQn_m,GPR,log,protocol_holdout,diversity_oneshot,7,56,9.940172892038918
MIT,set1_dQn_m,GPR,log,protocol_holdout,diversity_oneshot,7,64,9.346534032801578
MIT,set1_dQn_m,GPR,log,protocol_holdout,diversity_oneshot,7,72,10.092690539742245
MIT,set1_dQn_m,GPR,log,protocol_holdout,diversity_oneshot,7,80,9.724992507442204
MIT,set1_dQn_m,GPR,log,protocol_holdout,diversity_oneshot,7,88,9.585927155164365
MIT,set1_dQn_m,GPR,log,protocol_holdout,diversity_oneshot,7,96,9.770864668259026
MIT,set1_dQn_m,GPR,log,protocol_holdout,diversity_oneshot,7,99,9.284350748721437
MIT,set1_dQn_m,GPR,log,protocol_holdout,diversity_oneshot,8,8,16.314844138474395
MIT,set1_dQn_m,GPR,log,protocol_holdout,diversity_oneshot,8,16,18.24615251704997
MIT,set1_dQn_m,GPR,log,protocol_holdout,diversity_oneshot,8,24,12.73802108787177
MIT,set1_dQn_m,GPR,log,protocol_holdout,diversity_oneshot,8,32,12.791472590369317
MIT,set1_dQn_m,GPR,log,protocol_holdout,diversity_oneshot,8,40,10.041034962982842
MIT,set1_dQn_m,GPR,log,protocol_holdout,diversity_oneshot,8,48,10.156561110520062
MIT,set1_dQn_m,GPR,log,protocol_holdout,diversity_oneshot,8,56,7.543184544646142
MIT,set1_dQn_m,GPR,log,protocol_holdout,diversity_oneshot,8,64,9.3735481427218
MIT,set1_dQn_m,GPR,log,protocol_holdout,diversity_oneshot,8,72,7.705986811441599
MIT,set1_dQn_m,GPR,log,protocol_holdout,diversity_oneshot,8,80,7.428686953441681
MIT,set1_dQn_m,GPR,log,protocol_holdout,diversity_oneshot,8,88,7.8378519354711855
MIT,set1_dQn_m,GPR,log,protocol_holdout,diversity_oneshot,8,96,7.84104640698783
MIT,set1_dQn_m,GPR,log,protocol_holdout,diversity_oneshot,8,99,7.651764784717317
MIT,set1_dQn_m,GPR,log,protocol_holdout,diversity_oneshot,9,8,14.177347322206238
MIT,set1_dQn_m,GPR,log,protocol_holdout,diversity_oneshot,9,16,14.513004332282907
MIT,set1_dQn_m,GPR,log,protocol_holdout,diversity_oneshot,9,24,10.373141356392727
MIT,set1_dQn_m,GPR,log,protocol_holdout,diversity_oneshot,9,32,12.864555649219648
MIT,set1_dQn_m,GPR,log,protocol_holdout,diversity_oneshot,9,40,7.5965156886324925
MIT,set1_dQn_m,GPR,log,protocol_holdout,diversity_oneshot,9,48,6.210124834422426
MIT,set1_dQn_m,GPR,log,protocol_holdout,diversity_oneshot,9,56,6.215826150293573
MIT,set1_dQn_m,GPR,log,protocol_holdout,diversity_oneshot,9,64,6.091350622030739
MIT,set1_dQn_m,GPR,log,protocol_holdout,diversity_oneshot,9,72,5.404080833714549
MIT,set1_dQn_m,GPR,log,protocol_holdout,diversity_oneshot,9,80,6.142407708397987
MIT,set1_dQn_m,GPR,log,protocol_holdout,diversity_oneshot,9,88,6.155230936862294
MIT,set1_dQn_m,GPR,log,protocol_holdout,diversity_oneshot,9,96,6.173850508736313
MIT,set1_dQn_m,GPR,log,protocol_holdout,diversity_oneshot,9,99,6.147158205388116
MIT,set1_dQn_m,GPR,log,protocol_holdout,diversity_oneshot,10,8,17.194519666006734
MIT,set1_dQn_m,GPR,log,protocol_holdout,diversity_oneshot,10,16,9.930041356457624
MIT,set1_dQn_m,GPR,log,protocol_holdout,diversity_oneshot,10,24,7.9701882571236355
MIT,set1_dQn_m,GPR,log,protocol_holdout,diversity_oneshot,10,32,8.21166851796464
MIT,set1_dQn_m,GPR,log,protocol_holdout,diversity_oneshot,10,40,5.733292215960364
MIT,set1_dQn_m,GPR,log,protocol_holdout,diversity_oneshot,10,48,6.965658162118399
MIT,set1_dQn_m,GPR,log,protocol_holdout,diversity_oneshot,10,56,6.677680725908018
MIT,set1_dQn_m,GPR,log,protocol_holdout,diversity_oneshot,10,64,5.538758407391431
MIT,set1_dQn_m,GPR,log,protocol_holdout,diversity_oneshot,10,72,6.593473779548292
MIT,set1_dQn_m,GPR,log,protocol_holdout,diversity_oneshot,10,80,6.911430155555809
MIT,set1_dQn_m,GPR,log,protocol_holdout,diversity_oneshot,10,88,6.808879997752169
MIT,set1_dQn_m,GPR,log,protocol_holdout,diversity_oneshot,10,96,7.019879131804277
MIT,set1_dQn_m,GPR,log,protocol_holdout,diversity_oneshot,10,99,7.200233547146338
MIT,set1_dQn_m,GPR,log,protocol_holdout,diversity_iterative,1,8,31.21855220433517
MIT,set1_dQn_m,GPR,log,protocol_holdout,diversity_iterative,1,16,28.070556508791377
MIT,set1_dQn_m,GPR,log,protocol_holdout,diversity_iterative,1,24,27.764368211464017
MIT,set1_dQn_m,GPR,log,protocol_holdout,diversity_iterative,1,32,27.73763592652132
MIT,set1_dQn_m,GPR,log,protocol_holdout,diversity_iterative,1,40,23.09609087388356
MIT,set1_dQn_m,GPR,log,protocol_holdout,diversity_iterative,1,48,23.11186513195944
MIT,set1_dQn_m,GPR,log,protocol_holdout,diversity_iterative,1,56,21.908537232857103
MIT,set1_dQn_m,GPR,log,protocol_holdout,diversity_iterative,1,64,24.726843638533307
MIT,set1_dQn_m,GPR,log,protocol_holdout,diversity_iterative,1,72,25.19187979960607
MIT,set1_dQn_m,GPR,log,protocol_holdout,diversity_iterative,1,80,23.02280765750475
MIT,set1_dQn_m,GPR,log,protocol_holdout,diversity_iterative,1,88,18.88246470809399
MIT,set1_dQn_m,GPR,log,protocol_holdout,diversity_iterative,1,96,16.409337283488572
MIT,set1_dQn_m,GPR,log,protocol_holdout,diversity_iterative,1,99,16.91026606509311
MIT,set1_dQn_m,GPR,log,protocol_holdout,diversity_iterative,2,8,14.972552004808538
MIT,set1_dQn_m,GPR,log,protocol_holdout,diversity_iterative,2,16,18.66501648927028
MIT,set1_dQn_m,GPR,log,protocol_holdout,diversity_iterative,2,24,14.873132289146527
MIT,set1_dQn_m,GPR,log,protocol_holdout,diversity_iterative,2,32,15.468627260568269
MIT,set1_dQn_m,GPR,log,protocol_holdout,diversity_iterative,2,40,17.229774139979188
MIT,set1_dQn_m,GPR,log,protocol_holdout,diversity_iterative,2,48,16.609360076895406
MIT,set1_dQn_m,GPR,log,protocol_holdout,diversity_iterative,2,56,11.965059761778573
MIT,set1_dQn_m,GPR,log,protocol_holdout,diversity_iterative,2,64,11.61154746026009
MIT,set1_dQn_m,GPR,log,protocol_holdout,diversity_iterative,2,72,11.514695115367612
MIT,set1_dQn_m,GPR,log,protocol_holdout,diversity_iterative,2,80,11.931739968322711
MIT,set1_dQn_m,GPR,log,protocol_holdout,diversity_iterative,2,88,11.331047646213491
MIT,set1_dQn_m,GPR,log,protocol_holdout,diversity_iterative,2,96,11.461782782611063
MIT,set1_dQn_m,GPR,log,protocol_holdout,diversity_iterative,2,99,10.893303640702472
MIT,set1_dQn_m,GPR,log,protocol_holdout,diversity_iterative,3,8,19.386822111257683
MIT,set1_dQn_m,GPR,log,protocol_holdout,diversity_iterative,3,16,16.967412707374386
MIT,set1_dQn_m,GPR,log,protocol_holdout,diversity_iterative,3,24,16.15949098493628
MIT,set1_dQn_m,GPR,log,protocol_holdout,diversity_iterative,3,32,14.53992411835126
MIT,set1_dQn_m,GPR,log,protocol_holdout,diversity_iterative,3,40,12.470627928734343
MIT,set1_dQn_m,GPR,log,protocol_holdout,diversity_iterative,3,48,10.970777449224034
MIT,set1_dQn_m,GPR,log,protocol_holdout,diversity_iterative,3,56,10.278491561176464
MIT,set1_dQn_m,GPR,log,protocol_holdout,diversity_iterative,3,64,10.956870235543322
MIT,set1_dQn_m,GPR,log,protocol_holdout,diversity_iterative,3,72,11.220841738962358
MIT,set1_dQn_m,GPR,log,protocol_holdout,diversity_iterative,3,80,11.102976403772969
MIT,set1_dQn_m,GPR,log,protocol_holdout,diversity_iterative,3,88,10.901558846391024
MIT,set1_dQn_m,GPR,log,protocol_holdout,diversity_iterative,3,96,10.914564190479146
MIT,set1_dQn_m,GPR,log,protocol_holdout,diversity_iterative,3,99,10.680857105968158
MIT,set1_dQn_m,GPR,log,protocol_holdout,diversity_iterative,4,8,17.01002059522828
MIT,set1_dQn_m,GPR,log,protocol_holdout,diversity_iterative,4,16,20.683609396019552
MIT,set1_dQn_m,GPR,log,protocol_holdout,diversity_iterative,4,24,18.8680961198852
MIT,set1_dQn_m,GPR,log,protocol_holdout,diversity_iterative,4,32,16.73816287405608
MIT,set1_dQn_m,GPR,log,protocol_holdout,diversity_iterative,4,40,15.48683410740352
MIT,set1_dQn_m,GPR,log,protocol_holdout,diversity_iterative,4,48,14.297282570539382
MIT,set1_dQn_m,GPR,log,protocol_holdout,diversity_iterative,4,56,13.853431830009184
MIT,set1_dQn_m,GPR,log,protocol_holdout,diversity_iterative,4,64,13.938921053144218
MIT,set1_dQn_m,GPR,log,protocol_holdout,diversity_iterative,4,72,13.514062630569246
MIT,set1_dQn_m,GPR,log,protocol_holdout,diversity_iterative,4,80,13.988559576640078
MIT,set1_dQn_m,GPR,log,protocol_holdout,diversity_iterative,4,88,13.85234659110437
MIT,set1_dQn_m,GPR,log,protocol_holdout,diversity_iterative,4,96,13.780955442063478
MIT,set1_dQn_m,GPR,log,protocol_holdout,diversity_iterative,4,99,13.312950440997188
MIT,set1_dQn_m,GPR,log,protocol_holdout,diversity_iterative,5,8,23.61327978771312
MIT,set1_dQn_m,GPR,log,protocol_holdout,diversity_iterative,5,16,13.235601472289254
MIT,set1_dQn_m,GPR,log,protocol_holdout,diversity_iterative,5,24,11.103220343418103
MIT,set1_dQn_m,GPR,log,protocol_holdout,diversity_iterative,5,32,8.983963289521867
MIT,set1_dQn_m,GPR,log,protocol_holdout,diversity_iterative,5,40,8.843958445977465
MIT,set1_dQn_m,GPR,log,protocol_holdout,diversity_iterative,5,48,9.611736167548491
MIT,set1_dQn_m,GPR,log,protocol_holdout,diversity_iterative,5,56,9.44218310199682
MIT,set1_dQn_m,GPR,log,protocol_holdout,diversity_iterative,5,64,9.065323492886527
MIT,set1_dQn_m,GPR,log,protocol_holdout,diversity_iterative,5,72,8.511900763349287
MIT,set1_dQn_m,GPR,log,protocol_holdout,diversity_iterative,5,80,8.564972812969284
MIT,set1_dQn_m,GPR,log,protocol_holdout,diversity_iterative,5,88,8.286063908116091
MIT,set1_dQn_m,GPR,log,protocol_holdout,diversity_iterative,5,96,9.074220967752888
MIT,set1_dQn_m,GPR,log,protocol_holdout,diversity_iterative,5,99,9.128916746849638
MIT,set1_dQn_m,GPR,log,protocol_holdout,diversity_iterative,6,8,18.45130734855329
MIT,set1_dQn_m,GPR,log,protocol_holdout,diversity_iterative,6,16,23.860356669561845
MIT,set1_dQn_m,GPR,log,protocol_holdout,diversity_iterative,6,24,19.843899581414547
MIT,set1_dQn_m,GPR,log,protocol_holdout,diversity_iterative,6,32,17.247802745364872
MIT,set1_dQn_m,GPR,log,protocol_holdout,diversity_iterative,6,40,17.167656498687265
MIT,set1_dQn_m,GPR,log,protocol_holdout,diversity_iterative,6,48,17.81889723375303
MIT,set1_dQn_m,GPR,log,protocol_holdout,diversity_iterative,6,56,15.033526833845263
MIT,set1_dQn_m,GPR,log,protocol_holdout,diversity_iterative,6,64,13.803384517802025
MIT,set1_dQn_m,GPR,log,protocol_holdout,diversity_iterative,6,72,12.940973005392516
MIT,set1_dQn_m,GPR,log,protocol_holdout,diversity_iterative,6,80,11.532478746448696
MIT,set1_dQn_m,GPR,log,protocol_holdout,diversity_iterative,6,88,9.14027344672227
MIT,set1_dQn_m,GPR,log,protocol_holdout,diversity_iterative,6,96,9.4147837143314
MIT,set1_dQn_m,GPR,log,protocol_holdout,diversity_iterative,6,99,9.130620652324977
MIT,set1_dQn_m,GPR,log,protocol_holdout,diversity_iterative,7,8,26.23113114425593
MIT,set1_dQn_m,GPR,log,protocol_holdout,diversity_iterative,7,16,15.030700004608653
MIT,set1_dQn_m,GPR,log,protocol_holdout,diversity_iterative,7,24,12.125924837801929
MIT,set1_dQn_m,GPR,log,protocol_holdout,diversity_iterative,7,32,12.287192203065043
MIT,set1_dQn_m,GPR,log,protocol_holdout,diversity_iterative,7,40,12.639323617690293
MIT,set1_dQn_m,GPR,log,protocol_holdout,diversity_iterative,7,48,12.526049162659794
MIT,set1_dQn_m,GPR,log,protocol_holdout,diversity_iterative,7,56,13.160875906141156
MIT,set1_dQn_m,GPR,log,protocol_holdout,diversity_iterative,7,64,10.91453585515869
MIT,set1_dQn_m,GPR,log,protocol_holdout,diversity_iterative,7,72,9.928663240707683
MIT,set1_dQn_m,GPR,log,protocol_holdout,diversity_iterative,7,80,9.575381596344796
MIT,set1_dQn_m,GPR,log,protocol_holdout,diversity_iterative,7,88,9.491778518921883
MIT,set1_dQn_m,GPR,log,protocol_holdout,diversity_iterative,7,96,9.16623051167267
MIT,set1_dQn_m,GPR,log,protocol_holdout,diversity_iterative,7,99,9.284350748721437
MIT,set1_dQn_m,GPR,log,protocol_holdout,diversity_iterative,8,8,16.314844138474395
MIT,set1_dQn_m,GPR,log,protocol_holdout,diversity_iterative,8,16,21.4135070911618
MIT,set1_dQn_m,GPR,log,protocol_holdout,diversity_iterative,8,24,17.896019653175646
MIT,set1_dQn_m,GPR,log,protocol_holdout,diversity_iterative,8,32,15.782112422528094
MIT,set1_dQn_m,GPR,log,protocol_holdout,diversity_iterative,8,40,10.874617770680644
MIT,set1_dQn_m,GPR,log,protocol_holdout,diversity_iterative,8,48,8.213030817481325
MIT,set1_dQn_m,GPR,log,protocol_holdout,diversity_iterative,8,56,8.441851446872702
MIT,set1_dQn_m,GPR,log,protocol_holdout,diversity_iterative,8,64,9.209445490345823
MIT,set1_dQn_m,GPR,log,protocol_holdout,diversity_iterative,8,72,8.876192971163581
MIT,set1_dQn_m,GPR,log,protocol_holdout,diversity_iterative,8,80,8.666042071547475
MIT,set1_dQn_m,GPR,log,protocol_holdout,diversity_iterative,8,88,8.13610191753785
MIT,set1_dQn_m,GPR,log,protocol_holdout,diversity_iterative,8,96,7.699536075218254
MIT,set1_dQn_m,GPR,log,protocol_holdout,diversity_iterative,8,99,7.651764784717317
MIT,set1_dQn_m,GPR,log,protocol_holdout,diversity_iterative,9,8,14.177347322206238
MIT,set1_dQn_m,GPR,log,protocol_holdout,diversity_iterative,9,16,12.290527532108811
MIT,set1_dQn_m,GPR,log,protocol_holdout,diversity_iterative,9,24,12.781752486478906
MIT,set1_dQn_m,GPR,log,protocol_holdout,diversity_iterative,9,32,11.228256624826484
MIT,set1_dQn_m,GPR,log,protocol_holdout,diversity_iterative,9,40,12.00697931970448
MIT,set1_dQn_m,GPR,log,protocol_holdout,diversity_iterative,9,48,9.42027109526819
MIT,set1_dQn_m,GPR,log,protocol_holdout,diversity_iterative,9,56,8.111196947087459
MIT,set1_dQn_m,GPR,log,protocol_holdout,diversity_iterative,9,64,7.358069758732155
MIT,set1_dQn_m,GPR,log,protocol_holdout,diversity_iterative,9,72,7.744097961090731
MIT,set1_dQn_m,GPR,log,protocol_holdout,diversity_iterative,9,80,6.71562402403542
MIT,set1_dQn_m,GPR,log,protocol_holdout,diversity_iterative,9,88,6.467105226159735
MIT,set1_dQn_m,GPR,log,protocol_holdout,diversity_iterative,9,96,6.273394177313715
MIT,set1_dQn_m,GPR,log,protocol_holdout,diversity_iterative,9,99,6.147158205388116
MIT,set1_dQn_m,GPR,log,protocol_holdout,diversity_iterative,10,8,17.194519666006734
MIT,set1_dQn_m,GPR,log,protocol_holdout,diversity_iterative,10,16,13.966627680235552
MIT,set1_dQn_m,GPR,log,protocol_holdout,diversity_iterative,10,24,10.057789612265973
MIT,set1_dQn_m,GPR,log,protocol_holdout,diversity_iterative,10,32,9.272993828250105
MIT,set1_dQn_m,GPR,log,protocol_holdout,diversity_iterative,10,40,8.25933907773397
MIT,set1_dQn_m,GPR,log,protocol_holdout,diversity_iterative,10,48,8.705393046626696
MIT,set1_dQn_m,GPR,log,protocol_holdout,diversity_iterative,10,56,8.059945330066967
MIT,set1_dQn_m,GPR,log,protocol_holdout,diversity_iterative,10,64,6.635586098034868
MIT,set1_dQn_m,GPR,log,protocol_holdout,diversity_iterative,10,72,7.279584425950188
MIT,set1_dQn_m,GPR,log,protocol_holdout,diversity_iterative,10,80,6.692946609865226
MIT,set1_dQn_m,GPR,log,protocol_holdout,diversity_iterative,10,88,7.344259876005179
MIT,set1_dQn_m,GPR,log,protocol_holdout,diversity_iterative,10,96,7.242956013542261
MIT,set1_dQn_m,GPR,log,protocol_holdout,diversity_iterative,10,99,7.200233547146338
MIT,set1_dQn_m,GPR,log,protocol_holdout,coverage,1,8,31.402789772774803
MIT,set1_dQn_m,GPR,log,protocol_holdout,coverage,1,16,36.86862034398794
MIT,set1_dQn_m,GPR,log,protocol_holdout,coverage,1,24,30.44233183607344
MIT,set1_dQn_m,GPR,log,protocol_holdout,coverage,1,32,24.361115513564897
MIT,set1_dQn_m,GPR,log,protocol_holdout,coverage,1,40,15.35649201647028
MIT,set1_dQn_m,GPR,log,protocol_holdout,coverage,1,48,11.765386677502915
MIT,set1_dQn_m,GPR,log,protocol_holdout,coverage,1,56,11.806260818171824
MIT,set1_dQn_m,GPR,log,protocol_holdout,coverage,1,64,12.383197709996749
MIT,set1_dQn_m,GPR,log,protocol_holdout,coverage,1,72,13.67150913328958
MIT,set1_dQn_m,GPR,log,protocol_holdout,coverage,1,80,15.577927023496413
MIT,set1_dQn_m,GPR,log,protocol_holdout,coverage,1,88,15.99579135547518
MIT,set1_dQn_m,GPR,log,protocol_holdout,coverage,1,96,16.26619453857874
MIT,set1_dQn_m,GPR,log,protocol_holdout,coverage,1,99,16.91026606509311
MIT,set1_dQn_m,GPR,log,protocol_holdout,coverage,2,8,21.12335927425383
MIT,set1_dQn_m,GPR,log,protocol_holdout,coverage,2,16,15.30519706536053
MIT,set1_dQn_m,GPR,log,protocol_holdout,coverage,2,24,14.538583295151687
MIT,set1_dQn_m,GPR,log,protocol_holdout,coverage,2,32,12.499685702231996
MIT,set1_dQn_m,GPR,log,protocol_holdout,coverage,2,40,9.435568718936976
MIT,set1_dQn_m,GPR,log,protocol_holdout,coverage,2,48,9.060292766215165
MIT,set1_dQn_m,GPR,log,protocol_holdout,coverage,2,56,9.0302802747035
MIT,set1_dQn_m,GPR,log,protocol_holdout,coverage,2,64,9.208284205495673
MIT,set1_dQn_m,GPR,log,protocol_holdout,coverage,2,72,10.351460587508472
MIT,set1_dQn_m,GPR,log,protocol_holdout,coverage,2,80,10.491542364973254
MIT,set1_dQn_m,GPR,log,protocol_holdout,coverage,2,88,10.823589048675304
MIT,set1_dQn_m,GPR,log,protocol_holdout,coverage,2,96,10.98641863691564
MIT,set1_dQn_m,GPR,log,protocol_holdout,coverage,2,99,10.893303640702472
MIT,set1_dQn_m,GPR,log,protocol_holdout,coverage,3,8,15.085346167413231
MIT,set1_dQn_m,GPR,log,protocol_holdout,coverage,3,16,15.70716146682018
MIT,set1_dQn_m,GPR,log,protocol_holdout,coverage,3,24,15.348126501696028
MIT,set1_dQn_m,GPR,log,protocol_holdout,coverage,3,32,13.200544448594712
MIT,set1_dQn_m,GPR,log,protocol_holdout,coverage,3,40,11.93667170409552
MIT,set1_dQn_m,GPR,log,protocol_holdout,coverage,3,48,11.661482189947703
MIT,set1_dQn_m,GPR,log,protocol_holdout,coverage,3,56,11.375168800979193
MIT,set1_dQn_m,GPR,log,protocol_holdout,coverage,3,64,11.296660967418171
MIT,set1_dQn_m,GPR,log,protocol_holdout,coverage,3,72,11.103875050771505
MIT,set1_dQn_m,GPR,log,protocol_holdout,coverage,3,80,11.20939056291299
MIT,set1_dQn_m,GPR,log,protocol_holdout,coverage,3,88,10.599544737596467
MIT,set1_dQn_m,GPR,log,protocol_holdout,coverage,3,96,10.634636450170587
MIT,set1_dQn_m,GPR,log,protocol_holdout,coverage,3,99,10.680857105968158
MIT,set1_dQn_m,GPR,log,protocol_holdout,coverage,4,8,16.674299059989902
MIT,set1_dQn_m,GPR,log,protocol_holdout,coverage,4,16,15.638714594687832
MIT,set1_dQn_m,GPR,log,protocol_holdout,coverage,4,24,16.217925120269562
MIT,set1_dQn_m,GPR,log,protocol_holdout,coverage,4,32,14.715697161510857
MIT,set1_dQn_m,GPR,log,protocol_holdout,coverage,4,40,12.910770402856484
MIT,set1_dQn_m,GPR,log,protocol_holdout,coverage,4,48,14.379866784065769
MIT,set1_dQn_m,GPR,log,protocol_holdout,coverage,4,56,14.402092706701108
MIT,set1_dQn_m,GPR,log,protocol_holdout,coverage,4,64,14.22050386553075
MIT,set1_dQn_m,GPR,log,protocol_holdout,coverage,4,72,13.231175720700344
MIT,set1_dQn_m,GPR,log,protocol_holdout,coverage,4,80,13.668421055927176
MIT,set1_dQn_m,GPR,log,protocol_holdout,coverage,4,88,13.494651528243825
MIT,set1_dQn_m,GPR,log,protocol_holdout,coverage,4,96,13.654257764146752
MIT,set1_dQn_m,GPR,log,protocol_holdout,coverage,4,99,13.312950440997188
MIT,set1_dQn_m,GPR,log,protocol_holdout,coverage,5,8,13.992295202669922
MIT,set1_dQn_m,GPR,log,protocol_holdout,coverage,5,16,15.610342312367626
MIT,set1_dQn_m,GPR,log,protocol_holdout,coverage,5,24,11.058334356747118
MIT,set1_dQn_m,GPR,log,protocol_holdout,coverage,5,32,13.740663612229042
MIT,set1_dQn_m,GPR,log,protocol_holdout,coverage,5,40,11.66480380659755
MIT,set1_dQn_m,GPR,log,protocol_holdout,coverage,5,48,10.510465908381144
MIT,set1_dQn_m,GPR,log,protocol_holdout,coverage,5,56,9.992644727966097
MIT,set1_dQn_m,GPR,log,protocol_holdout,coverage,5,64,9.602762427119034
MIT,set1_dQn_m,GPR,log,protocol_holdout,coverage,5,72,9.563623675086207
MIT,set1_dQn_m,GPR,log,protocol_holdout,coverage,5,80,9.04139586114825
MIT,set1_dQn_m,GPR,log,protocol_holdout,coverage,5,88,9.393817651362909
MIT,set1_dQn_m,GPR,log,protocol_holdout,coverage,5,96,9.20482116118843
MIT,set1_dQn_m,GPR,log,protocol_holdout,coverage,5,99,9.128916746849638
MIT,set1_dQn_m,GPR,log,protocol_holdout,coverage,6,8,18.80270327949023
MIT,set1_dQn_m,GPR,log,protocol_holdout,coverage,6,16,23.80147727585141
MIT,set1_dQn_m,GPR,log,protocol_holdout,coverage,6,24,19.38876508103454
MIT,set1_dQn_m,GPR,log,protocol_holdout,coverage,6,32,18.773087705230843
MIT,set1_dQn_m,GPR,log,protocol_holdout,coverage,6,40,17.728259002131058
MIT,set1_dQn_m,GPR,log,protocol_holdout,coverage,6,48,16.312494501843215
MIT,set1_dQn_m,GPR,log,protocol_holdout,coverage,6,56,14.328183928369995
MIT,set1_dQn_m,GPR,log,protocol_holdout,coverage,6,64,12.741622156730209
MIT,set1_dQn_m,GPR,log,protocol_holdout,coverage,6,72,11.104103966996862
MIT,set1_dQn_m,GPR,log,protocol_holdout,coverage,6,80,10.436856719374171
MIT,set1_dQn_m,GPR,log,protocol_holdout,coverage,6,88,9.530408835413214
MIT,set1_dQn_m,GPR,log,protocol_holdout,coverage,6,96,8.995422853605037
MIT,set1_dQn_m,GPR,log,protocol_holdout,coverage,6,99,9.130620652324977
MIT,set1_dQn_m,GPR,log,protocol_holdout,coverage,7,8,30.438918204296243
MIT,set1_dQn_m,GPR,log,protocol_holdout,coverage,7,16,18.706044763268
MIT,set1_dQn_m,GPR,log,protocol_holdout,coverage,7,24,15.38397127693426
MIT,set1_dQn_m,GPR,log,protocol_holdout,coverage,7,32,15.559326145431127
MIT,set1_dQn_m,GPR,log,protocol_holdout,coverage,7,40,15.207594791777398
MIT,set1_dQn_m,GPR,log,protocol_holdout,coverage,7,48,11.890843136365636
MIT,set1_dQn_m,GPR,log,protocol_holdout,coverage,7,56,11.801081845184171
MIT,set1_dQn_m,GPR,log,protocol_holdout,coverage,7,64,11.802219580715914
MIT,set1_dQn_m,GPR,log,protocol_holdout,coverage,7,72,11.726032408988392
MIT,set1_dQn_m,GPR,log,protocol_holdout,coverage,7,80,10.271699719988757
MIT,set1_dQn_m,GPR,log,protocol_holdout,coverage,7,88,9.478667434421164
MIT,set1_dQn_m,GPR,log,protocol_holdout,coverage,7,96,9.459222985730651
MIT,set1_dQn_m,GPR,log,protocol_holdout,coverage,7,99,9.284350748721437
MIT,set1_dQn_m,GPR,log,protocol_holdout,coverage,8,8,17.54660489205672
MIT,set1_dQn_m,GPR,log,protocol_holdout,coverage,8,16,15.626068284108564
MIT,set1_dQn_m,GPR,log,protocol_holdout,coverage,8,24,13.231087437431412
MIT,set1_dQn_m,GPR,log,protocol_holdout,coverage,8,32,12.45492754909862
MIT,set1_dQn_m,GPR,log,protocol_holdout,coverage,8,40,11.994195615317487
MIT,set1_dQn_m,GPR,log,protocol_holdout,coverage,8,48,11.494064594617512
MIT,set1_dQn_m,GPR,log,protocol_holdout,coverage,8,56,9.191129975633784
MIT,set1_dQn_m,GPR,log,protocol_holdout,coverage,8,64,9.191712516919878
MIT,set1_dQn_m,GPR,log,protocol_holdout,coverage,8,72,9.75089864210337
MIT,set1_dQn_m,GPR,log,protocol_holdout,coverage,8,80,9.433860468567527
MIT,set1_dQn_m,GPR,log,protocol_holdout,coverage,8,88,7.686420681264251
MIT,set1_dQn_m,GPR,log,protocol_holdout,coverage,8,96,7.783736266502786
MIT,set1_dQn_m,GPR,log,protocol_holdout,coverage,8,99,7.651764784717317
MIT,set1_dQn_m,GPR,log,protocol_holdout,coverage,9,8,18.466834982589933
MIT,set1_dQn_m,GPR,log,protocol_holdout,coverage,9,16,14.459859068137144
MIT,set1_dQn_m,GPR,log,protocol_holdout,coverage,9,24,13.592979437170984
MIT,set1_dQn_m,GPR,log,protocol_holdout,coverage,9,32,10.4969526951984
MIT,set1_dQn_m,GPR,log,protocol_holdout,coverage,9,40,10.20074295065714
MIT,set1_dQn_m,GPR,log,protocol_holdout,coverage,9,48,6.163021695798648
MIT,set1_dQn_m,GPR,log,protocol_holdout,coverage,9,56,6.160111250085548
MIT,set1_dQn_m,GPR,log,protocol_holdout,coverage,9,64,5.785952747298259
MIT,set1_dQn_m,GPR,log,protocol_holdout,coverage,9,72,5.413987621570902
MIT,set1_dQn_m,GPR,log,protocol_holdout,coverage,9,80,5.716862344677813
MIT,set1_dQn_m,GPR,log,protocol_holdout,coverage,9,88,5.813241616128356
MIT,set1_dQn_m,GPR,log,protocol_holdout,coverage,9,96,6.061513931786457
MIT,set1_dQn_m,GPR,log,protocol_holdout,coverage,9,99,6.147158205388116
MIT,set1_dQn_m,GPR,log,protocol_holdout,coverage,10,8,27.90085358925501
MIT,set1_dQn_m,GPR,log,protocol_holdout,coverage,10,16,11.99570337949866
MIT,set1_dQn_m,GPR,log,protocol_holdout,coverage,10,24,10.99919443736382
MIT,set1_dQn_m,GPR,log,protocol_holdout,coverage,10,32,8.67021098902372
MIT,set1_dQn_m,GPR,log,protocol_holdout,coverage,10,40,6.395380990647827
MIT,set1_dQn_m,GPR,log,protocol_holdout,coverage,10,48,6.940528566579812
MIT,set1_dQn_m,GPR,log,protocol_holdout,coverage,10,56,6.99368355855039
MIT,set1_dQn_m,GPR,log,protocol_holdout,coverage,10,64,6.6565448593249545
MIT,set1_dQn_m,GPR,log,protocol_holdout,coverage,10,72,6.394648767656492
MIT,set1_dQn_m,GPR,log,protocol_holdout,coverage,10,80,6.434551363746353
MIT,set1_dQn_m,GPR,log,protocol_holdout,coverage,10,88,6.7578101815270255
MIT,set1_dQn_m,GPR,log,protocol_holdout,coverage,10,96,7.112219600834655
MIT,set1_dQn_m,GPR,log,protocol_holdout,coverage,10,99,7.200233547146338
MIT,set1_dQn_m,GPR,log,protocol_holdout,exploration,1,8,31.402789772774803
MIT,set1_dQn_m,GPR,log,protocol_holdout,exploration,1,16,36.86862034398794
MIT,set1_dQn_m,GPR,log,protocol_holdout,exploration,1,24,30.25717004018688
MIT,set1_dQn_m,GPR,log,protocol_holdout,exploration,1,32,23.56720370013502
MIT,set1_dQn_m,GPR,log,protocol_holdout,exploration,1,40,15.63897419390497
MIT,set1_dQn_m,GPR,log,protocol_holdout,exploration,1,48,15.012869671056125
MIT,set1_dQn_m,GPR,log,protocol_holdout,exploration,1,56,12.81143236575871
MIT,set1_dQn_m,GPR,log,protocol_holdout,exploration,1,64,13.173762976424078
MIT,set1_dQn_m,GPR,log,protocol_holdout,exploration,1,72,12.62011841444184
MIT,set1_dQn_m,GPR,log,protocol_holdout,exploration,1,80,13.805771581860718
MIT,set1_dQn_m,GPR,log,protocol_holdout,exploration,1,88,15.47051792327755
MIT,set1_dQn_m,GPR,log,protocol_holdout,exploration,1,96,16.26619453857874
MIT,set1_dQn_m,GPR,log,protocol_holdout,exploration,1,99,16.91026606509311
MIT,set1_dQn_m,GPR,log,protocol_holdout,exploration,2,8,21.12335927425383
MIT,set1_dQn_m,GPR,log,protocol_holdout,exploration,2,16,15.611355948357472
MIT,set1_dQn_m,GPR,log,protocol_holdout,exploration,2,24,15.43827072512424
MIT,set1_dQn_m,GPR,log,protocol_holdout,exploration,2,32,14.422361529725134
MIT,set1_dQn_m,GPR,log,protocol_holdout,exploration,2,40,10.730803631118928
MIT,set1_dQn_m,GPR,log,protocol_holdout,exploration,2,48,10.70988259213832
MIT,set1_dQn_m,GPR,log,protocol_holdout,exploration,2,56,11.133502412747465
MIT,set1_dQn_m,GPR,log,protocol_holdout,exploration,2,64,11.123891338914378
MIT,set1_dQn_m,GPR,log,protocol_holdout,exploration,2,72,11.36240476584702
MIT,set1_dQn_m,GPR,log,protocol_holdout,exploration,2,80,10.640152314314069
MIT,set1_dQn_m,GPR,log,protocol_holdout,exploration,2,88,10.972503234614546
MIT,set1_dQn_m,GPR,log,protocol_holdout,exploration,2,96,10.904166156000326
MIT,set1_dQn_m,GPR,log,protocol_holdout,exploration,2,99,10.893303640702472
MIT,set1_dQn_m,GPR,log,protocol_holdout,exploration,3,8,15.085346167413231
MIT,set1_dQn_m,GPR,log,protocol_holdout,exploration,3,16,17.878898770647865
MIT,set1_dQn_m,GPR,log,protocol_holdout,exploration,3,24,15.653259875266285
MIT,set1_dQn_m,GPR,log,protocol_holdout,exploration,3,32,13.124524841573862
MIT,set1_dQn_m,GPR,log,protocol_holdout,exploration,3,40,11.36171484478882
MIT,set1_dQn_m,GPR,log,protocol_holdout,exploration,3,48,10.89704610297733
MIT,set1_dQn_m,GPR,log,protocol_holdout,exploration,3,56,10.63211865434207
MIT,set1_dQn_m,GPR,log,protocol_holdout,exploration,3,64,11.269469620332632
MIT,set1_dQn_m,GPR,log,protocol_holdout,exploration,3,72,11.48110885461838
MIT,set1_dQn_m,GPR,log,protocol_holdout,exploration,3,80,10.811585944983843
MIT,set1_dQn_m,GPR,log,protocol_holdout,exploration,3,88,10.95685013886169
MIT,set1_dQn_m,GPR,log,protocol_holdout,exploration,3,96,10.743440595654866
MIT,set1_dQn_m,GPR,log,protocol_holdout,exploration,3,99,10.680857105968158
MIT,set1_dQn_m,GPR,log,protocol_holdout,exploration,4,8,16.674299059989902
MIT,set1_dQn_m,GPR,log,protocol_holdout,exploration,4,16,16.025558515688342
MIT,set1_dQn_m,GPR,log,protocol_holdout,exploration,4,24,18.9504069761647
MIT,set1_dQn_m,GPR,log,protocol_holdout,exploration,4,32,15.680689410618657
MIT,set1_dQn_m,GPR,log,protocol_holdout,exploration,4,40,14.374468115898416
MIT,set1_dQn_m,GPR,log,protocol_holdout,exploration,4,48,14.46764452239985
MIT,set1_dQn_m,GPR,log,protocol_holdout,exploration,4,56,14.462232760178871
MIT,set1_dQn_m,GPR,log,protocol_holdout,exploration,4,64,14.825923290706523
MIT,set1_dQn_m,GPR,log,protocol_holdout,exploration,4,72,14.213678993577938
MIT,set1_dQn_m,GPR,log,protocol_holdout,exploration,4,80,13.952314659575036
MIT,set1_dQn_m,GPR,log,protocol_holdout,exploration,4,88,13.51999807124723
MIT,set1_dQn_m,GPR,log,protocol_holdout,exploration,4,96,13.654257764146752
MIT,set1_dQn_m,GPR,log,protocol_holdout,exploration,4,99,13.312950440997188
MIT,set1_dQn_m,GPR,log,protocol_holdout,exploration,5,8,13.992295202669922
MIT,set1_dQn_m,GPR,log,protocol_holdout,exploration,5,16,15.610342312367626
MIT,set1_dQn_m,GPR,log,protocol_holdout,exploration,5,24,14.51634208951605
MIT,set1_dQn_m,GPR,log,protocol_holdout,exploration,5,32,12.822304800494704
MIT,set1_dQn_m,GPR,log,protocol_holdout,exploration,5,40,11.299650272642094
MIT,set1_dQn_m,GPR,log,protocol_holdout,exploration,5,48,10.46685660395346
MIT,set1_dQn_m,GPR,log,protocol_holdout,exploration,5,56,10.34775869986066
MIT,set1_dQn_m,GPR,log,protocol_holdout,exploration,5,64,10.064894108356745
MIT,set1_dQn_m,GPR,log,protocol_holdout,exploration,5,72,9.955362376918416
MIT,set1_dQn_m,GPR,log,protocol_holdout,exploration,5,80,9.655628183497129
MIT,set1_dQn_m,GPR,log,protocol_holdout,exploration,5,88,9.382942279392111
MIT,set1_dQn_m,GPR,log,protocol_holdout,exploration,5,96,9.141591666644556
MIT,set1_dQn_m,GPR,log,protocol_holdout,exploration,5,99,9.128916746849638
MIT,set1_dQn_m,GPR,log,protocol_holdout,exploration,6,8,18.80270327949023
MIT,set1_dQn_m,GPR,log,protocol_holdout,exploration,6,16,21.93868402672464
MIT,set1_dQn_m,GPR,log,protocol_holdout,exploration,6,24,20.282095507061427
MIT,set1_dQn_m,GPR,log,protocol_holdout,exploration,6,32,18.73791106735575
MIT,set1_dQn_m,GPR,log,protocol_holdout,exploration,6,40,17.67432355745831
MIT,set1_dQn_m,GPR,log,protocol_holdout,exploration,6,48,16.462593426058213
MIT,set1_dQn_m,GPR,log,protocol_holdout,exploration,6,56,14.318497573570276
MIT,set1_dQn_m,GPR,log,protocol_holdout,exploration,6,64,13.237054386250154
MIT,set1_dQn_m,GPR,log,protocol_holdout,exploration,6,72,11.025414984113644
MIT,set1_dQn_m,GPR,log,protocol_holdout,exploration,6,80,9.334172372158452
MIT,set1_dQn_m,GPR,log,protocol_holdout,exploration,6,88,8.981294843571295
MIT,set1_dQn_m,GPR,log,protocol_holdout,exploration,6,96,9.20297778400024
MIT,set1_dQn_m,GPR,log,protocol_holdout,exploration,6,99,9.130620652324977
MIT,set1_dQn_m,GPR,log,protocol_holdout,exploration,7,8,30.438918204296243
MIT,set1_dQn_m,GPR,log,protocol_holdout,exploration,7,16,24.023619924861546
MIT,set1_dQn_m,GPR,log,protocol_holdout,exploration,7,24,15.294249059616927
MIT,set1_dQn_m,GPR,log,protocol_holdout,exploration,7,32,13.276752341555428
MIT,set1_dQn_m,GPR,log,protocol_holdout,exploration,7,40,13.011067237050284
MIT,set1_dQn_m,GPR,log,protocol_holdout,exploration,7,48,11.935592229085126
MIT,set1_dQn_m,GPR,log,protocol_holdout,exploration,7,56,11.881017446654742
MIT,set1_dQn_m,GPR,log,protocol_holdout,exploration,7,64,12.193885889990444
MIT,set1_dQn_m,GPR,log,protocol_holdout,exploration,7,72,10.739211722409278
MIT,set1_dQn_m,GPR,log,protocol_holdout,exploration,7,80,10.011330623287556
MIT,set1_dQn_m,GPR,log,protocol_holdout,exploration,7,88,9.589892249314794
MIT,set1_dQn_m,GPR,log,protocol_holdout,exploration,7,96,9.206829542834743
MIT,set1_dQn_m,GPR,log,protocol_holdout,exploration,7,99,9.284350748721437
MIT,set1_dQn_m,GPR,log,protocol_holdout,exploration,8,8,17.54660489205672
MIT,set1_dQn_m,GPR,log,protocol_holdout,exploration,8,16,16.181690070432527
MIT,set1_dQn_m,GPR,log,protocol_holdout,exploration,8,24,12.188396960060896
MIT,set1_dQn_m,GPR,log,protocol_holdout,exploration,8,32,11.691220085836818
MIT,set1_dQn_m,GPR,log,protocol_holdout,exploration,8,40,9.59721813855789
MIT,set1_dQn_m,GPR,log,protocol_holdout,exploration,8,48,9.69453989072285
MIT,set1_dQn_m,GPR,log,protocol_holdout,exploration,8,56,9.66996632500385
MIT,set1_dQn_m,GPR,log,protocol_holdout,exploration,8,64,7.819661759545207
MIT,set1_dQn_m,GPR,log,protocol_holdout,exploration,8,72,7.746166855338248
MIT,set1_dQn_m,GPR,log,protocol_holdout,exploration,8,80,7.463064587836266
MIT,set1_dQn_m,GPR,log,protocol_holdout,exploration,8,88,7.483184758954445
MIT,set1_dQn_m,GPR,log,protocol_holdout,exploration,8,96,7.550362188219665
MIT,set1_dQn_m,GPR,log,protocol_holdout,exploration,8,99,7.651764784717317
MIT,set1_dQn_m,GPR,log,protocol_holdout,exploration,9,8,18.466834982589933
MIT,set1_dQn_m,GPR,log,protocol_holdout,exploration,9,16,14.459859068137144
MIT,set1_dQn_m,GPR,log,protocol_holdout,exploration,9,24,11.743274892354608
MIT,set1_dQn_m,GPR,log,protocol_holdout,exploration,9,32,12.367517308447622
MIT,set1_dQn_m,GPR,log,protocol_holdout,exploration,9,40,8.979022307819177
MIT,set1_dQn_m,GPR,log,protocol_holdout,exploration,9,48,5.486319520176815
MIT,set1_dQn_m,GPR,log,protocol_holdout,exploration,9,56,5.655324715816825
MIT,set1_dQn_m,GPR,log,protocol_holdout,exploration,9,64,5.413773790049188
MIT,set1_dQn_m,GPR,log,protocol_holdout,exploration,9,72,5.26037908019492
MIT,set1_dQn_m,GPR,log,protocol_holdout,exploration,9,80,5.431075916421576
MIT,set1_dQn_m,GPR,log,protocol_holdout,exploration,9,88,6.099476600590649
MIT,set1_dQn_m,GPR,log,protocol_holdout,exploration,9,96,6.166906558744811
MIT,set1_dQn_m,GPR,log,protocol_holdout,exploration,9,99,6.147158205388116
MIT,set1_dQn_m,GPR,log,protocol_holdout,exploration,10,8,27.90085358925501
MIT,set1_dQn_m,GPR,log,protocol_holdout,exploration,10,16,13.212761234513115
MIT,set1_dQn_m,GPR,log,protocol_holdout,exploration,10,24,10.196748544127331
MIT,set1_dQn_m,GPR,log,protocol_holdout,exploration,10,32,9.274493248331034
MIT,set1_dQn_m,GPR,log,protocol_holdout,exploration,10,40,7.953888857506521
MIT,set1_dQn_m,GPR,log,protocol_holdout,exploration,10,48,6.8930450346416
MIT,set1_dQn_m,GPR,log,protocol_holdout,exploration,10,56,6.36345381772838
MIT,set1_dQn_m,GPR,log,protocol_holdout,exploration,10,64,6.514499738592004
MIT,set1_dQn_m,GPR,log,protocol_holdout,exploration,10,72,6.757595245028301
MIT,set1_dQn_m,GPR,log,protocol_holdout,exploration,10,80,6.83338720244938
MIT,set1_dQn_m,GPR,log,protocol_holdout,exploration,10,88,7.27132657004605
MIT,set1_dQn_m,GPR,log,protocol_holdout,exploration,10,96,7.272976296713519
MIT,set1_dQn_m,GPR,log,protocol_holdout,exploration,10,99,7.200233547146338
MIT,set1_dQn_m,GPR,log,protocol_holdout,exploitation,1,8,31.402789772774803
MIT,set1_dQn_m,GPR,log,protocol_holdout,exploitation,1,16,35.62914420485141
MIT,set1_dQn_m,GPR,log,protocol_holdout,exploitation,1,24,31.01963754874553
MIT,set1_dQn_m,GPR,log,protocol_holdout,exploitation,1,32,31.035989879096874
MIT,set1_dQn_m,GPR,log,protocol_holdout,exploitation,1,40,13.251726603030972
MIT,set1_dQn_m,GPR,log,protocol_holdout,exploitation,1,48,15.262026339223242
MIT,set1_dQn_m,GPR,log,protocol_holdout,exploitation,1,56,15.397931101158589
MIT,set1_dQn_m,GPR,log,protocol_holdout,exploitation,1,64,15.128674379804242
MIT,set1_dQn_m,GPR,log,protocol_holdout,exploitation,1,72,13.205223727386006
MIT,set1_dQn_m,GPR,log,protocol_holdout,exploitation,1,80,14.069727172678274
MIT,set1_dQn_m,GPR,log,protocol_holdout,exploitation,1,88,14.50570248767256
MIT,set1_dQn_m,GPR,log,protocol_holdout,exploitation,1,96,16.602343781044272
MIT,set1_dQn_m,GPR,log,protocol_holdout,exploitation,1,99,16.91026606509311
MIT,set1_dQn_m,GPR,log,protocol_holdout,exploitation,2,8,21.12335927425383
MIT,set1_dQn_m,GPR,log,protocol_holdout,exploitation,2,16,57.057742537468215
MIT,set1_dQn_m,GPR,log,protocol_holdout,exploitation,2,24,34.46324322951047
MIT,set1_dQn_m,GPR,log,protocol_holdout,exploitation,2,32,14.421984772755325
MIT,set1_dQn_m,GPR,log,protocol_holdout,exploitation,2,40,13.957454764564847
MIT,set1_dQn_m,GPR,log,protocol_holdout,exploitation,2,48,9.500308662533492
MIT,set1_dQn_m,GPR,log,protocol_holdout,exploitation,2,56,10.075519732302483
MIT,set1_dQn_m,GPR,log,protocol_holdout,exploitation,2,64,9.37499346141946
MIT,set1_dQn_m,GPR,log,protocol_holdout,exploitation,2,72,10.36495512032278
MIT,set1_dQn_m,GPR,log,protocol_holdout,exploitation,2,80,10.729488920231466
MIT,set1_dQn_m,GPR,log,protocol_holdout,exploitation,2,88,10.223159463426937
MIT,set1_dQn_m,GPR,log,protocol_holdout,exploitation,2,96,10.735577892868708
MIT,set1_dQn_m,GPR,log,protocol_holdout,exploitation,2,99,10.893303640702472
MIT,set1_dQn_m,GPR,log,protocol_holdout,exploitation,3,8,15.085346167413231
MIT,set1_dQn_m,GPR,log,protocol_holdout,exploitation,3,16,12.756968153829984
MIT,set1_dQn_m,GPR,log,protocol_holdout,exploitation,3,24,9.798401035606174
MIT,set1_dQn_m,GPR,log,protocol_holdout,exploitation,3,32,9.111365815364366
MIT,set1_dQn_m,GPR,log,protocol_holdout,exploitation,3,40,10.113088524111255
MIT,set1_dQn_m,GPR,log,protocol_holdout,exploitation,3,48,8.892277302198982
MIT,set1_dQn_m,GPR,log,protocol_holdout,exploitation,3,56,8.695084700935105
MIT,set1_dQn_m,GPR,log,protocol_holdout,exploitation,3,64,9.45196302990112
MIT,set1_dQn_m,GPR,log,protocol_holdout,exploitation,3,72,9.445949995522716
MIT,set1_dQn_m,GPR,log,protocol_holdout,exploitation,3,80,10.27428662193352
MIT,set1_dQn_m,GPR,log,protocol_holdout,exploitation,3,88,11.000220623362669
MIT,set1_dQn_m,GPR,log,protocol_holdout,exploitation,3,96,10.716954921054311
MIT,set1_dQn_m,GPR,log,protocol_holdout,exploitation,3,99,10.680857105968158
MIT,set1_dQn_m,GPR,log,protocol_holdout,exploitation,4,8,16.674299059989902
MIT,set1_dQn_m,GPR,log,protocol_holdout,exploitation,4,16,18.80642441534183
MIT,set1_dQn_m,GPR,log,protocol_holdout,exploitation,4,24,18.3182391517696
MIT,set1_dQn_m,GPR,log,protocol_holdout,exploitation,4,32,17.72552934260972
MIT,set1_dQn_m,GPR,log,protocol_holdout,exploitation,4,40,16.644497922781863
MIT,set1_dQn_m,GPR,log,protocol_holdout,exploitation,4,48,15.886811795300243
MIT,set1_dQn_m,GPR,log,protocol_holdout,exploitation,4,56,14.62492163888571
MIT,set1_dQn_m,GPR,log,protocol_holdout,exploitation,4,64,14.260725313109848
MIT,set1_dQn_m,GPR,log,protocol_holdout,exploitation,4,72,13.151781129793672
MIT,set1_dQn_m,GPR,log,protocol_holdout,exploitation,4,80,13.507745997564848
MIT,set1_dQn_m,GPR,log,protocol_holdout,exploitation,4,88,13.2817630209813
MIT,set1_dQn_m,GPR,log,protocol_holdout,exploitation,4,96,13.219761195368834
MIT,set1_dQn_m,GPR,log,protocol_holdout,exploitation,4,99,13.312950440997188
MIT,set1_dQn_m,GPR,log,protocol_holdout,exploitation,5,8,13.992295202669922
MIT,set1_dQn_m,GPR,log,protocol_holdout,exploitation,5,16,18.712858268200435
MIT,set1_dQn_m,GPR,log,protocol_holdout,exploitation,5,24,10.82334008417076
MIT,set1_dQn_m,GPR,log,protocol_holdout,exploitation,5,32,9.620779741255076
MIT,set1_dQn_m,GPR,log,protocol_holdout,exploitation,5,40,7.960603533036234
MIT,set1_dQn_m,GPR,log,protocol_holdout,exploitation,5,48,8.654476683251726
MIT,set1_dQn_m,GPR,log,protocol_holdout,exploitation,5,56,8.257439699854174
MIT,set1_dQn_m,GPR,log,protocol_holdout,exploitation,5,64,8.615902533713793
MIT,set1_dQn_m,GPR,log,protocol_holdout,exploitation,5,72,9.975851535001183
MIT,set1_dQn_m,GPR,log,protocol_holdout,exploitation,5,80,9.497570641764142
MIT,set1_dQn_m,GPR,log,protocol_holdout,exploitation,5,88,9.344509441829237
MIT,set1_dQn_m,GPR,log,protocol_holdout,exploitation,5,96,9.184095214514755
MIT,set1_dQn_m,GPR,log,protocol_holdout,exploitation,5,99,9.128916746849638
MIT,set1_dQn_m,GPR,log,protocol_holdout,exploitation,6,8,18.80270327949023
MIT,set1_dQn_m,GPR,log,protocol_holdout,exploitation,6,16,21.4098761368003
MIT,set1_dQn_m,GPR,log,protocol_holdout,exploitation,6,24,18.445733586033025
MIT,set1_dQn_m,GPR,log,protocol_holdout,exploitation,6,32,15.652617978164445
MIT,set1_dQn_m,GPR,log,protocol_holdout,exploitation,6,40,13.730162395590575
MIT,set1_dQn_m,GPR,log,protocol_holdout,exploitation,6,48,14.735030115077691
MIT,set1_dQn_m,GPR,log,protocol_holdout,exploitation,6,56,13.213635982996328
MIT,set1_dQn_m,GPR,log,protocol_holdout,exploitation,6,64,12.08125571209056
MIT,set1_dQn_m,GPR,log,protocol_holdout,exploitation,6,72,11.004091696490596
MIT,set1_dQn_m,GPR,log,protocol_holdout,exploitation,6,80,10.249526489666511
MIT,set1_dQn_m,GPR,log,protocol_holdout,exploitation,6,88,9.5194788732803
MIT,set1_dQn_m,GPR,log,protocol_holdout,exploitation,6,96,9.387351221298651
MIT,set1_dQn_m,GPR,log,protocol_holdout,exploitation,6,99,9.130620652324977
MIT,set1_dQn_m,GPR,log,protocol_holdout,exploitation,7,8,30.438918204296243
MIT,set1_dQn_m,GPR,log,protocol_holdout,exploitation,7,16,15.108560780972793
MIT,set1_dQn_m,GPR,log,protocol_holdout,exploitation,7,24,14.29179334230718
MIT,set1_dQn_m,GPR,log,protocol_holdout,exploitation,7,32,12.014993861148964
MIT,set1_dQn_m,GPR,log,protocol_holdout,exploitation,7,40,11.456001534480844
MIT,set1_dQn_m,GPR,log,protocol_holdout,exploitation,7,48,10.15041241018828
MIT,set1_dQn_m,GPR,log,protocol_holdout,exploitation,7,56,9.71413776238128
MIT,set1_dQn_m,GPR,log,protocol_holdout,exploitation,7,64,9.406154064292156
MIT,set1_dQn_m,GPR,log,protocol_holdout,exploitation,7,72,8.747657984020472
MIT,set1_dQn_m,GPR,log,protocol_holdout,exploitation,7,80,8.908298460001122
MIT,set1_dQn_m,GPR,log,protocol_holdout,exploitation,7,88,8.918789162943533
MIT,set1_dQn_m,GPR,log,protocol_holdout,exploitation,7,96,9.180462586179903
MIT,set1_dQn_m,GPR,log,protocol_holdout,exploitation,7,99,9.284350748721437
MIT,set1_dQn_m,GPR,log,protocol_holdout,exploitation,8,8,17.54660489205672
MIT,set1_dQn_m,GPR,log,protocol_holdout,exploitation,8,16,18.187698049947333
MIT,set1_dQn_m,GPR,log,protocol_holdout,exploitation,8,24,15.139350233132332
MIT,set1_dQn_m,GPR,log,protocol_holdout,exploitation,8,32,11.768989694005844
MIT,set1_dQn_m,GPR,log,protocol_holdout,exploitation,8,40,12.572518600627872
MIT,set1_dQn_m,GPR,log,protocol_holdout,exploitation,8,48,12.41868596651044
MIT,set1_dQn_m,GPR,log,protocol_holdout,exploitation,8,56,11.180667016545948
MIT,set1_dQn_m,GPR,log,protocol_holdout,exploitation,8,64,10.206720917446278
MIT,set1_dQn_m,GPR,log,protocol_holdout,exploitation,8,72,9.076500587900886
MIT,set1_dQn_m,GPR,log,protocol_holdout,exploitation,8,80,8.801919589850264
MIT,set1_dQn_m,GPR,log,protocol_holdout,exploitation,8,88,7.855175652335848
MIT,set1_dQn_m,GPR,log,protocol_holdout,exploitation,8,96,7.74346297156623
MIT,set1_dQn_m,GPR,log,protocol_holdout,exploitation,8,99,7.651764784717317
MIT,set1_dQn_m,GPR,log,protocol_holdout,exploitation,9,8,18.466834982589933
MIT,set1_dQn_m,GPR,log,protocol_holdout,exploitation,9,16,13.791892360394693
MIT,set1_dQn_m,GPR,log,protocol_holdout,exploitation,9,24,22.95911518106289
MIT,set1_dQn_m,GPR,log,protocol_holdout,exploitation,9,32,12.274704339090976
MIT,set1_dQn_m,GPR,log,protocol_holdout,exploitation,9,40,17.58990613539854
MIT,set1_dQn_m,GPR,log,protocol_holdout,exploitation,9,48,8.952806297148182
MIT,set1_dQn_m,GPR,log,protocol_holdout,exploitation,9,56,7.161413934408932
MIT,set1_dQn_m,GPR,log,protocol_holdout,exploitation,9,64,6.6255108685412205
MIT,set1_dQn_m,GPR,log,protocol_holdout,exploitation,9,72,7.116039633231399
MIT,set1_dQn_m,GPR,log,protocol_holdout,exploitation,9,80,7.496424588679885
MIT,set1_dQn_m,GPR,log,protocol_holdout,exploitation,9,88,6.683970230735289
MIT,set1_dQn_m,GPR,log,protocol_holdout,exploitation,9,96,6.26799515155729
MIT,set1_dQn_m,GPR,log,protocol_holdout,exploitation,9,99,6.147158205388116
MIT,set1_dQn_m,GPR,log,protocol_holdout,exploitation,10,8,27.90085358925501
MIT,set1_dQn_m,GPR,log,protocol_holdout,exploitation,10,16,32.81693465251242
MIT,set1_dQn_m,GPR,log,protocol_holdout,exploitation,10,24,22.276499650936664
MIT,set1_dQn_m,GPR,log,protocol_holdout,exploitation,10,32,21.609940024637726
MIT,set1_dQn_m,GPR,log,protocol_holdout,exploitation,10,40,9.011455093125027
MIT,set1_dQn_m,GPR,log,protocol_holdout,exploitation,10,48,7.694870653586133
MIT,set1_dQn_m,GPR,log,protocol_holdout,exploitation,10,56,7.23950777927258
MIT,set1_dQn_m,GPR,log,protocol_holdout,exploitation,10,64,7.564026126231048
MIT,set1_dQn_m,GPR,log,protocol_holdout,exploitation,10,72,7.409161491748802
MIT,set1_dQn_m,GPR,log,protocol_holdout,exploitation,10,80,7.056822123495866
MIT,set1_dQn_m,GPR,log,protocol_holdout,exploitation,10,88,6.857700449913734
MIT,set1_dQn_m,GPR,log,protocol_holdout,exploitation,10,96,7.0105800966857865
MIT,set1_dQn_m,GPR,log,protocol_holdout,exploitation,10,99,7.200233547146338
MIT,set1_dQn_m,GPR,log,protocol_holdout,hybrid,1,8,31.402789772774803
MIT,set1_dQn_m,GPR,log,protocol_holdout,hybrid,1,16,31.85752148719917
MIT,set1_dQn_m,GPR,log,protocol_holdout,hybrid,1,24,25.451218997278097
MIT,set1_dQn_m,GPR,log,protocol_holdout,hybrid,1,32,22.48203638438624
MIT,set1_dQn_m,GPR,log,protocol_holdout,hybrid,1,40,17.348636601333595
MIT,set1_dQn_m,GPR,log,protocol_holdout,hybrid,1,48,14.41245623311003
MIT,set1_dQn_m,GPR,log,protocol_holdout,hybrid,1,56,14.537186088326273
MIT,set1_dQn_m,GPR,log,protocol_holdout,hybrid,1,64,16.81145969066798
MIT,set1_dQn_m,GPR,log,protocol_holdout,hybrid,1,72,15.076378980287508
MIT,set1_dQn_m,GPR,log,protocol_holdout,hybrid,1,80,15.44946630937916
MIT,set1_dQn_m,GPR,log,protocol_holdout,hybrid,1,88,15.430405401407857
MIT,set1_dQn_m,GPR,log,protocol_holdout,hybrid,1,96,15.8105962240032
MIT,set1_dQn_m,GPR,log,protocol_holdout,hybrid,1,99,16.91026606509311
MIT,set1_dQn_m,GPR,log,protocol_holdout,hybrid,2,8,21.12335927425383
MIT,set1_dQn_m,GPR,log,protocol_holdout,hybrid,2,16,15.945435160231094
MIT,set1_dQn_m,GPR,log,protocol_holdout,hybrid,2,24,13.18132005691999
MIT,set1_dQn_m,GPR,log,protocol_holdout,hybrid,2,32,10.57281120528984
MIT,set1_dQn_m,GPR,log,protocol_holdout,hybrid,2,40,10.66809284600322
MIT,set1_dQn_m,GPR,log,protocol_holdout,hybrid,2,48,10.467836724937555
MIT,set1_dQn_m,GPR,log,protocol_holdout,hybrid,2,56,11.391249659417714
MIT,set1_dQn_m,GPR,log,protocol_holdout,hybrid,2,64,11.01149940620011
MIT,set1_dQn_m,GPR,log,protocol_holdout,hybrid,2,72,10.774606138505805
MIT,set1_dQn_m,GPR,log,protocol_holdout,hybrid,2,80,11.146707444386344
MIT,set1_dQn_m,GPR,log,protocol_holdout,hybrid,2,88,11.48933165619634
MIT,set1_dQn_m,GPR,log,protocol_holdout,hybrid,2,96,11.028192708222182
MIT,set1_dQn_m,GPR,log,protocol_holdout,hybrid,2,99,10.893303640702472
MIT,set1_dQn_m,GPR,log,protocol_holdout,hybrid,3,8,15.085346167413231
MIT,set1_dQn_m,GPR,log,protocol_holdout,hybrid,3,16,18.71440155893975
MIT,set1_dQn_m,GPR,log,protocol_holdout,hybrid,3,24,15.33654159924797
MIT,set1_dQn_m,GPR,log,protocol_holdout,hybrid,3,32,14.522757018035998
MIT,set1_dQn_m,GPR,log,protocol_holdout,hybrid,3,40,12.150975405959082
MIT,set1_dQn_m,GPR,log,protocol_holdout,hybrid,3,48,12.15941269954446
MIT,set1_dQn_m,GPR,log,protocol_holdout,hybrid,3,56,11.127154731839225
MIT,set1_dQn_m,GPR,log,protocol_holdout,hybrid,3,64,11.176919677927792
MIT,set1_dQn_m,GPR,log,protocol_holdout,hybrid,3,72,10.667715823950928
MIT,set1_dQn_m,GPR,log,protocol_holdout,hybrid,3,80,10.867609412595757
MIT,set1_dQn_m,GPR,log,protocol_holdout,hybrid,3,88,10.930568141729944
MIT,set1_dQn_m,GPR,log,protocol_holdout,hybrid,3,96,10.752270817827617
MIT,set1_dQn_m,GPR,log,protocol_holdout,hybrid,3,99,10.680857105968158
MIT,set1_dQn_m,GPR,log,protocol_holdout,hybrid,4,8,16.674299059989902
MIT,set1_dQn_m,GPR,log,protocol_holdout,hybrid,4,16,15.532164900526514
MIT,set1_dQn_m,GPR,log,protocol_holdout,hybrid,4,24,15.74444025711327
MIT,set1_dQn_m,GPR,log,protocol_holdout,hybrid,4,32,14.871646103728212
MIT,set1_dQn_m,GPR,log,protocol_holdout,hybrid,4,40,13.550944211830682
MIT,set1_dQn_m,GPR,log,protocol_holdout,hybrid,4,48,13.44182297576124
MIT,set1_dQn_m,GPR,log,protocol_holdout,hybrid,4,56,14.51582314669758
MIT,set1_dQn_m,GPR,log,protocol_holdout,hybrid,4,64,14.585991855514347
MIT,set1_dQn_m,GPR,log,protocol_holdout,hybrid,4,72,14.160672875971
MIT,set1_dQn_m,GPR,log,protocol_holdout,hybrid,4,80,13.287308728791524
MIT,set1_dQn_m,GPR,log,protocol_holdout,hybrid,4,88,13.78131128265028
MIT,set1_dQn_m,GPR,log,protocol_holdout,hybrid,4,96,13.504028103239172
MIT,set1_dQn_m,GPR,log,protocol_holdout,hybrid,4,99,13.312950440997188
MIT,set1_dQn_m,GPR,log,protocol_holdout,hybrid,5,8,13.992295202669922
MIT,set1_dQn_m,GPR,log,protocol_holdout,hybrid,5,16,14.948913107667977
MIT,set1_dQn_m,GPR,log,protocol_holdout,hybrid,5,24,13.272663168100053
MIT,set1_dQn_m,GPR,log,protocol_holdout,hybrid,5,32,10.978835577776051
MIT,set1_dQn_m,GPR,log,protocol_holdout,hybrid,5,40,10.976275566829308
MIT,set1_dQn_m,GPR,log,protocol_holdout,hybrid,5,48,10.343010000332727
MIT,set1_dQn_m,GPR,log,protocol_holdout,hybrid,5,56,10.04401990176089
MIT,set1_dQn_m,GPR,log,protocol_holdout,hybrid,5,64,9.549931524817364
MIT,set1_dQn_m,GPR,log,protocol_holdout,hybrid,5,72,9.676492472998536
MIT,set1_dQn_m,GPR,log,protocol_holdout,hybrid,5,80,9.390900492339712
MIT,set1_dQn_m,GPR,log,protocol_holdout,hybrid,5,88,9.46350387052523
MIT,set1_dQn_m,GPR,log,protocol_holdout,hybrid,5,96,9.224836508623108
MIT,set1_dQn_m,GPR,log,protocol_holdout,hybrid,5,99,9.128916746849638
MIT,set1_dQn_m,GPR,log,protocol_holdout,hybrid,6,8,18.80270327949023
MIT,set1_dQn_m,GPR,log,protocol_holdout,hybrid,6,16,17.887541249915106
MIT,set1_dQn_m,GPR,log,protocol_holdout,hybrid,6,24,18.563977211131085
MIT,set1_dQn_m,GPR,log,protocol_holdout,hybrid,6,32,17.544046550293977
MIT,set1_dQn_m,GPR,log,protocol_holdout,hybrid,6,40,16.88458946858992
MIT,set1_dQn_m,GPR,log,protocol_holdout,hybrid,6,48,13.849870008585553
MIT,set1_dQn_m,GPR,log,protocol_holdout,hybrid,6,56,10.1547266088844
MIT,set1_dQn_m,GPR,log,protocol_holdout,hybrid,6,64,10.297925387401934
MIT,set1_dQn_m,GPR,log,protocol_holdout,hybrid,6,72,10.042748475603595
MIT,set1_dQn_m,GPR,log,protocol_holdout,hybrid,6,80,9.399852283926323
MIT,set1_dQn_m,GPR,log,protocol_holdout,hybrid,6,88,9.108514551063
MIT,set1_dQn_m,GPR,log,protocol_holdout,hybrid,6,96,9.393197612803046
MIT,set1_dQn_m,GPR,log,protocol_holdout,hybrid,6,99,9.130620652324977
MIT,set1_dQn_m,GPR,log,protocol_holdout,hybrid,7,8,30.438918204296243
MIT,set1_dQn_m,GPR,log,protocol_holdout,hybrid,7,16,18.178696012580737
MIT,set1_dQn_m,GPR,log,protocol_holdout,hybrid,7,24,16.13394456214585
MIT,set1_dQn_m,GPR,log,protocol_holdout,hybrid,7,32,15.27608380561032
MIT,set1_dQn_m,GPR,log,protocol_holdout,hybrid,7,40,12.577950194448237
MIT,set1_dQn_m,GPR,log,protocol_holdout,hybrid,7,48,12.598671421155052
MIT,set1_dQn_m,GPR,log,protocol_holdout,hybrid,7,56,12.014422463519974
MIT,set1_dQn_m,GPR,log,protocol_holdout,hybrid,7,64,11.84897540901645
MIT,set1_dQn_m,GPR,log,protocol_holdout,hybrid,7,72,11.269697667134771
MIT,set1_dQn_m,GPR,log,protocol_holdout,hybrid,7,80,10.059562475223112
MIT,set1_dQn_m,GPR,log,protocol_holdout,hybrid,7,88,10.100610003848168
MIT,set1_dQn_m,GPR,log,protocol_holdout,hybrid,7,96,9.602653672481368
MIT,set1_dQn_m,GPR,log,protocol_holdout,hybrid,7,99,9.284350748721437
MIT,set1_dQn_m,GPR,log,protocol_holdout,hybrid,8,8,17.54660489205672
MIT,set1_dQn_m,GPR,log,protocol_holdout,hybrid,8,16,14.771935978947589
MIT,set1_dQn_m,GPR,log,protocol_holdout,hybrid,8,24,12.59609591418581
MIT,set1_dQn_m,GPR,log,protocol_holdout,hybrid,8,32,12.41339176786879
MIT,set1_dQn_m,GPR,log,protocol_holdout,hybrid,8,40,9.964899252636886
MIT,set1_dQn_m,GPR,log,protocol_holdout,hybrid,8,48,9.042576474883584
MIT,set1_dQn_m,GPR,log,protocol_holdout,hybrid,8,56,7.446191929616607
MIT,set1_dQn_m,GPR,log,protocol_holdout,hybrid,8,64,7.994711159465376
MIT,set1_dQn_m,GPR,log,protocol_holdout,hybrid,8,72,7.621270877571427
MIT,set1_dQn_m,GPR,log,protocol_holdout,hybrid,8,80,7.159264135691921
MIT,set1_dQn_m,GPR,log,protocol_holdout,hybrid,8,88,7.506353345637545
MIT,set1_dQn_m,GPR,log,protocol_holdout,hybrid,8,96,7.783736266502786
MIT,set1_dQn_m,GPR,log,protocol_holdout,hybrid,8,99,7.651764784717317
MIT,set1_dQn_m,GPR,log,protocol_holdout,hybrid,9,8,18.466834982589933
MIT,set1_dQn_m,GPR,log,protocol_holdout,hybrid,9,16,14.52540042061937
MIT,set1_dQn_m,GPR,log,protocol_holdout,hybrid,9,24,13.77565181112717
MIT,set1_dQn_m,GPR,log,protocol_holdout,hybrid,9,32,9.81908020405076
MIT,set1_dQn_m,GPR,log,protocol_holdout,hybrid,9,40,5.571714697469291
MIT,set1_dQn_m,GPR,log,protocol_holdout,hybrid,9,48,5.696791400219247
MIT,set1_dQn_m,GPR,log,protocol_holdout,hybrid,9,56,5.390511831642578
MIT,set1_dQn_m,GPR,log,protocol_holdout,hybrid,9,64,5.315295405202497
MIT,set1_dQn_m,GPR,log,protocol_holdout,hybrid,9,72,5.353205945980209
MIT,set1_dQn_m,GPR,log,protocol_holdout,hybrid,9,80,5.474304437601579
MIT,set1_dQn_m,GPR,log,protocol_holdout,hybrid,9,88,5.608545441253559
MIT,set1_dQn_m,GPR,log,protocol_holdout,hybrid,9,96,6.100977702673204
MIT,set1_dQn_m,GPR,log,protocol_holdout,hybrid,9,99,6.147158205388116
MIT,set1_dQn_m,GPR,log,protocol_holdout,hybrid,10,8,27.90085358925501
MIT,set1_dQn_m,GPR,log,protocol_holdout,hybrid,10,16,13.931446283800875
MIT,set1_dQn_m,GPR,log,protocol_holdout,hybrid,10,24,10.66829795382738
MIT,set1_dQn_m,GPR,log,protocol_holdout,hybrid,10,32,7.67328438340826
MIT,set1_dQn_m,GPR,log,protocol_holdout,hybrid,10,40,6.363841591612991
MIT,set1_dQn_m,GPR,log,protocol_holdout,hybrid,10,48,6.500583634060988
MIT,set1_dQn_m,GPR,log,protocol_holdout,hybrid,10,56,10.203207824881876
MIT,set1_dQn_m,GPR,log,protocol_holdout,hybrid,10,64,6.260434340770092
MIT,set1_dQn_m,GPR,log,protocol_holdout,hybrid,10,72,7.506891398922678
MIT,set1_dQn_m,GPR,log,protocol_holdout,hybrid,10,80,6.97223164559589
MIT,set1_dQn_m,GPR,log,protocol_holdout,hybrid,10,88,6.864737297268392
MIT,set1_dQn_m,GPR,log,protocol_holdout,hybrid,10,96,7.260333598654816
MIT,set1_dQn_m,GPR,log,protocol_holdout,hybrid,10,99,7.200233547146338
ISU_ILCC,set1_dQn_m,GPR,log,protocol_holdout,random_selection,1,16,27.0069747218438
ISU_ILCC,set1_dQn_m,GPR,log,protocol_holdout,random_selection,1,32,21.845736607708304
ISU_ILCC,set1_dQn_m,GPR,log,protocol_holdout,random_selection,1,48,21.52521052397024
ISU_ILCC,set1_dQn_m,GPR,log,protocol_holdout,random_selection,1,64,20.14172792863436
ISU_ILCC,set1_dQn_m,GPR,log,protocol_holdout,random_selection,1,80,18.92067401810371
ISU_ILCC,set1_dQn_m,GPR,log,protocol_holdout,random_selection,1,96,17.383716138989882
ISU_ILCC,set1_dQn_m,GPR,log,protocol_holdout,random_selection,1,112,17.315741238938124
ISU_ILCC,set1_dQn_m,GPR,log,protocol_holdout,random_selection,1,128,17.15182939278847
ISU_ILCC,set1_dQn_m,GPR,log,protocol_holdout,random_selection,1,144,17.30703522122303
ISU_ILCC,set1_dQn_m,GPR,log,protocol_holdout,random_selection,1,160,17.19437334176626
ISU_ILCC,set1_dQn_m,GPR,log,protocol_holdout,random_selection,1,176,17.010266384706785
ISU_ILCC,set1_dQn_m,GPR,log,protocol_holdout,random_selection,1,192,16.70990867616159
ISU_ILCC,set1_dQn_m,GPR,log,protocol_holdout,random_selection,1,193,16.725246908762443
ISU_ILCC,set1_dQn_m,GPR,log,protocol_holdout,random_selection,2,16,29.083714175953563
ISU_ILCC,set1_dQn_m,GPR,log,protocol_holdout,random_selection,2,32,20.540657106425744
ISU_ILCC,set1_dQn_m,GPR,log,protocol_holdout,random_selection,2,48,20.50438797477049
ISU_ILCC,set1_dQn_m,GPR,log,protocol_holdout,random_selection,2,64,21.36437612917166
ISU_ILCC,set1_dQn_m,GPR,log,protocol_holdout,random_selection,2,80,20.809407683137028
ISU_ILCC,set1_dQn_m,GPR,log,protocol_holdout,random_selection,2,96,20.213785115700325
ISU_ILCC,set1_dQn_m,GPR,log,protocol_holdout,random_selection,2,112,18.581604844064
ISU_ILCC,set1_dQn_m,GPR,log,protocol_holdout,random_selection,2,128,20.308879590600327
ISU_ILCC,set1_dQn_m,GPR,log,protocol_holdout,random_selection,2,144,20.060705706222368
ISU_ILCC,set1_dQn_m,GPR,log,protocol_holdout,random_selection,2,160,20.06322319791516
ISU_ILCC,set1_dQn_m,GPR,log,protocol_holdout,random_selection,2,176,20.240370542552725
ISU_ILCC,set1_dQn_m,GPR,log,protocol_holdout,random_selection,2,192,19.712744436098195
ISU_ILCC,set1_dQn_m,GPR,log,protocol_holdout,random_selection,2,193,19.359149230913296
ISU_ILCC,set1_dQn_m,GPR,log,protocol_holdout,random_selection,3,16,58.451295147652495
ISU_ILCC,set1_dQn_m,GPR,log,protocol_holdout,random_selection,3,32,26.87840336627538
ISU_ILCC,set1_dQn_m,GPR,log,protocol_holdout,random_selection,3,48,25.896064439488768
ISU_ILCC,set1_dQn_m,GPR,log,protocol_holdout,random_selection,3,64,25.671056675180186
ISU_ILCC,set1_dQn_m,GPR,log,protocol_holdout,random_selection,3,80,21.839332641558773
ISU_ILCC,set1_dQn_m,GPR,log,protocol_holdout,random_selection,3,96,21.45793995959314
ISU_ILCC,set1_dQn_m,GPR,log,protocol_holdout,random_selection,3,112,20.712931769491195
ISU_ILCC,set1_dQn_m,GPR,log,protocol_holdout,random_selection,3,128,19.101324258766063
ISU_ILCC,set1_dQn_m,GPR,log,protocol_holdout,random_selection,3,144,18.61357185959677
ISU_ILCC,set1_dQn_m,GPR,log,protocol_holdout,random_selection,3,160,18.197894086302423
ISU_ILCC,set1_dQn_m,GPR,log,protocol_holdout,random_selection,3,176,17.56550893160671
ISU_ILCC,set1_dQn_m,GPR,log,protocol_holdout,random_selection,3,192,17.22031697676526
ISU_ILCC,set1_dQn_m,GPR,log,protocol_holdout,random_selection,3,193,17.23437006460966
ISU_ILCC,set1_dQn_m,GPR,log,protocol_holdout,random_selection,4,16,27.502257270024327
ISU_ILCC,set1_dQn_m,GPR,log,protocol_holdout,random_selection,4,32,32.38543906506992
ISU_ILCC,set1_dQn_m,GPR,log,protocol_holdout,random_selection,4,48,26.85671319128457
ISU_ILCC,set1_dQn_m,GPR,log,protocol_holdout,random_selection,4,64,22.667978659757
ISU_ILCC,set1_dQn_m,GPR,log,protocol_holdout,random_selection,4,80,19.92965619185535
ISU_ILCC,set1_dQn_m,GPR,log,protocol_holdout,random_selection,4,96,18.62826414545564
ISU_ILCC,set1_dQn_m,GPR,log,protocol_holdout,random_selection,4,112,19.901431926207
ISU_ILCC,set1_dQn_m,GPR,log,protocol_holdout,random_selection,4,128,20.03232385342673
ISU_ILCC,set1_dQn_m,GPR,log,protocol_holdout,random_selection,4,144,19.69128213368838
ISU_ILCC,set1_dQn_m,GPR,log,protocol_holdout,random_selection,4,160,19.61349253151013
ISU_ILCC,set1_dQn_m,GPR,log,protocol_holdout,random_selection,4,176,19.40213581263036
ISU_ILCC,set1_dQn_m,GPR,log,protocol_holdout,random_selection,4,192,19.192731168651896
ISU_ILCC,set1_dQn_m,GPR,log,protocol_holdout,random_selection,4,193,19.07212226107384
ISU_ILCC,set1_dQn_m,GPR,log,protocol_holdout,random_selection,5,16,36.45392315553717
ISU_ILCC,set1_dQn_m,GPR,log,protocol_holdout,random_selection,5,32,40.60617864577239
ISU_ILCC,set1_dQn_m,GPR,log,protocol_holdout,random_selection,5,48,32.85901687412726
ISU_ILCC,set1_dQn_m,GPR,log,protocol_holdout,random_selection,5,64,26.888868228284192
ISU_ILCC,set1_dQn_m,GPR,log,protocol_holdout,random_selection,5,80,23.60159686143681
ISU_ILCC,set1_dQn_m,GPR,log,protocol_holdout,random_selection,5,96,25.74153250036204
ISU_ILCC,set1_dQn_m,GPR,log,protocol_holdout,random_selection,5,112,22.968937628761523
ISU_ILCC,set1_dQn_m,GPR,log,protocol_holdout,random_selection,5,128,21.74741809272876
ISU_ILCC,set1_dQn_m,GPR,log,protocol_holdout,random_selection,5,144,22.383825743616548
ISU_ILCC,set1_dQn_m,GPR,log,protocol_holdout,random_selection,5,160,22.76272138192425
ISU_ILCC,set1_dQn_m,GPR,log,protocol_holdout,random_selection,5,176,24.621343278747663
ISU_ILCC,set1_dQn_m,GPR,log,protocol_holdout,random_selection,5,192,22.970969915830665
ISU_ILCC,set1_dQn_m,GPR,log,protocol_holdout,random_selection,5,193,22.973177703995752
ISU_ILCC,set1_dQn_m,GPR,log,protocol_holdout,random_selection,6,16,34.55775690277568
ISU_ILCC,set1_dQn_m,GPR,log,protocol_holdout,random_selection,6,32,31.95158775343261
ISU_ILCC,set1_dQn_m,GPR,log,protocol_holdout,random_selection,6,48,29.596308076201883
ISU_ILCC,set1_dQn_m,GPR,log,protocol_holdout,random_selection,6,64,19.191757852622064
ISU_ILCC,set1_dQn_m,GPR,log,protocol_holdout,random_selection,6,80,22.196617083417305
ISU_ILCC,set1_dQn_m,GPR,log,protocol_holdout,random_selection,6,96,20.87201222320793
ISU_ILCC,set1_dQn_m,GPR,log,protocol_holdout,random_selection,6,112,20.216856886302576
ISU_ILCC,set1_dQn_m,GPR,log,protocol_holdout,random_selection,6,128,20.40107423599777
ISU_ILCC,set1_dQn_m,GPR,log,protocol_holdout,random_selection,6,144,21.69849692884337
ISU_ILCC,set1_dQn_m,GPR,log,protocol_holdout,random_selection,6,160,21.035201343751087
ISU_ILCC,set1_dQn_m,GPR,log,protocol_holdout,random_selection,6,176,18.69642949345417
ISU_ILCC,set1_dQn_m,GPR,log,protocol_holdout,random_selection,6,192,16.402692795449216
ISU_ILCC,set1_dQn_m,GPR,log,protocol_holdout,random_selection,6,193,16.50191080236139
ISU_ILCC,set1_dQn_m,GPR,log,protocol_holdout,random_selection,7,16,27.292621274034563
ISU_ILCC,set1_dQn_m,GPR,log,protocol_holdout,random_selection,7,32,22.67202661010839
ISU_ILCC,set1_dQn_m,GPR,log,protocol_holdout,random_selection,7,48,21.78962899627971
ISU_ILCC,set1_dQn_m,GPR,log,protocol_holdout,random_selection,7,64,22.41101841480853
ISU_ILCC,set1_dQn_m,GPR,log,protocol_holdout,random_selection,7,80,22.252724393713205
ISU_ILCC,set1_dQn_m,GPR,log,protocol_holdout,random_selection,7,96,22.67770854079661
ISU_ILCC,set1_dQn_m,GPR,log,protocol_holdout,random_selection,7,112,19.691767029456727
ISU_ILCC,set1_dQn_m,GPR,log,protocol_holdout,random_selection,7,128,23.13850525374076
ISU_ILCC,set1_dQn_m,GPR,log,protocol_holdout,random_selection,7,144,20.483100602320512
ISU_ILCC,set1_dQn_m,GPR,log,protocol_holdout,random_selection,7,160,20.326780314786657
ISU_ILCC,set1_dQn_m,GPR,log,protocol_holdout,random_selection,7,176,20.187979754467168
ISU_ILCC,set1_dQn_m,GPR,log,protocol_holdout,random_selection,7,192,21.35267972495788
ISU_ILCC,set1_dQn_m,GPR,log,protocol_holdout,random_selection,7,193,21.662392063548083
ISU_ILCC,set1_dQn_m,GPR,log,protocol_holdout,random_selection,8,16,98.11356168131924
ISU_ILCC,set1_dQn_m,GPR,log,protocol_holdout,random_selection,8,32,35.57896476011881
ISU_ILCC,set1_dQn_m,GPR,log,protocol_holdout,random_selection,8,48,32.53045834182456
ISU_ILCC,set1_dQn_m,GPR,log,protocol_holdout,random_selection,8,64,25.006898402721383
ISU_ILCC,set1_dQn_m,GPR,log,protocol_holdout,random_selection,8,80,22.93633445485924
ISU_ILCC,set1_dQn_m,GPR,log,protocol_holdout,random_selection,8,96,25.25203314235906
ISU_ILCC,set1_dQn_m,GPR,log,protocol_holdout,random_selection,8,112,43.06410973187001
ISU_ILCC,set1_dQn_m,GPR,log,protocol_holdout,random_selection,8,128,31.96491681643548
ISU_ILCC,set1_dQn_m,GPR,log,protocol_holdout,random_selection,8,144,28.37558613241012
ISU_ILCC,set1_dQn_m,GPR,log,protocol_holdout,random_selection,8,160,26.4954406023344
ISU_ILCC,set1_dQn_m,GPR,log,protocol_holdout,random_selection,8,176,26.20020597155708
ISU_ILCC,set1_dQn_m,GPR,log,protocol_holdout,random_selection,8,192,25.57443238790345
ISU_ILCC,set1_dQn_m,GPR,log,protocol_holdout,random_selection,8,193,25.57155270331121
ISU_ILCC,set1_dQn_m,GPR,log,protocol_holdout,random_selection,9,16,34.14331089218084
ISU_ILCC,set1_dQn_m,GPR,log,protocol_holdout,random_selection,9,32,27.636056313795027
ISU_ILCC,set1_dQn_m,GPR,log,protocol_holdout,random_selection,9,48,26.79809213756259
ISU_ILCC,set1_dQn_m,GPR,log,protocol_holdout,random_selection,9,64,22.85439017313569
ISU_ILCC,set1_dQn_m,GPR,log,protocol_holdout,random_selection,9,80,23.173568755924776
ISU_ILCC,set1_dQn_m,GPR,log,protocol_holdout,random_selection,9,96,23.754066648980128
ISU_ILCC,set1_dQn_m,GPR,log,protocol_holdout,random_selection,9,112,22.2780848696439
ISU_ILCC,set1_dQn_m,GPR,log,protocol_holdout,random_selection,9,128,21.830436095630336
ISU_ILCC,set1_dQn_m,GPR,log,protocol_holdout,random_selection,9,144,23.49826828707712
ISU_ILCC,set1_dQn_m,GPR,log,protocol_holdout,random_selection,9,160,22.5863884872362
ISU_ILCC,set1_dQn_m,GPR,log,protocol_holdout,random_selection,9,176,21.29419349971185
ISU_ILCC,set1_dQn_m,GPR,log,protocol_holdout,random_selection,9,192,23.25169898707681
ISU_ILCC,set1_dQn_m,GPR,log,protocol_holdout,random_selection,9,193,23.27242356966828
ISU_ILCC,set1_dQn_m,GPR,log,protocol_holdout,random_selection,10,16,42.45745161904366
ISU_ILCC,set1_dQn_m,GPR,log,protocol_holdout,random_selection,10,32,26.224262711023155
ISU_ILCC,set1_dQn_m,GPR,log,protocol_holdout,random_selection,10,48,25.33122176292601
ISU_ILCC,set1_dQn_m,GPR,log,protocol_holdout,random_selection,10,64,24.591850412784183
ISU_ILCC,set1_dQn_m,GPR,log,protocol_holdout,random_selection,10,80,21.71446751097904
ISU_ILCC,set1_dQn_m,GPR,log,protocol_holdout,random_selection,10,96,21.582664145922006
ISU_ILCC,set1_dQn_m,GPR,log,protocol_holdout,random_selection,10,112,21.084747619038417
ISU_ILCC,set1_dQn_m,GPR,log,protocol_holdout,random_selection,10,128,20.41625767772877
ISU_ILCC,set1_dQn_m,GPR,log,protocol_holdout,random_selection,10,144,19.55417358783447
ISU_ILCC,set1_dQn_m,GPR,log,protocol_holdout,random_selection,10,160,20.090428509922454
ISU_ILCC,set1_dQn_m,GPR,log,protocol_holdout,random_selection,10,176,20.61168047528376
ISU_ILCC,set1_dQn_m,GPR,log,protocol_holdout,random_selection,10,192,19.85552450206268
ISU_ILCC,set1_dQn_m,GPR,log,protocol_holdout,random_selection,10,193,20.51597439781928
ISU_ILCC,set1_dQn_m,GPR,log,protocol_holdout,diversity_oneshot,1,16,25.21448993610392
ISU_ILCC,set1_dQn_m,GPR,log,protocol_holdout,diversity_oneshot,1,32,17.80388074346469
ISU_ILCC,set1_dQn_m,GPR,log,protocol_holdout,diversity_oneshot,1,48,17.92208579018507
ISU_ILCC,set1_dQn_m,GPR,log,protocol_holdout,diversity_oneshot,1,64,18.08046338730693
ISU_ILCC,set1_dQn_m,GPR,log,protocol_holdout,diversity_oneshot,1,80,17.257062503374023
ISU_ILCC,set1_dQn_m,GPR,log,protocol_holdout,diversity_oneshot,1,96,16.801023782742103
ISU_ILCC,set1_dQn_m,GPR,log,protocol_holdout,diversity_oneshot,1,112,17.1817892812838
ISU_ILCC,set1_dQn_m,GPR,log,protocol_holdout,diversity_oneshot,1,128,16.551116941589534
ISU_ILCC,set1_dQn_m,GPR,log,protocol_holdout,diversity_oneshot,1,144,16.64238830463123
ISU_ILCC,set1_dQn_m,GPR,log,protocol_holdout,diversity_oneshot,1,160,16.86801935621636
ISU_ILCC,set1_dQn_m,GPR,log,protocol_holdout,diversity_oneshot,1,176,16.659571640144282
ISU_ILCC,set1_dQn_m,GPR,log,protocol_holdout,diversity_oneshot,1,192,16.71012901130795
ISU_ILCC,set1_dQn_m,GPR,log,protocol_holdout,diversity_oneshot,1,193,16.725246908762443
ISU_ILCC,set1_dQn_m,GPR,log,protocol_holdout,diversity_oneshot,2,16,28.93057036961472
ISU_ILCC,set1_dQn_m,GPR,log,protocol_holdout,diversity_oneshot,2,32,23.329366813272387
ISU_ILCC,set1_dQn_m,GPR,log,protocol_holdout,diversity_oneshot,2,48,21.84349804777112
ISU_ILCC,set1_dQn_m,GPR,log,protocol_holdout,diversity_oneshot,2,64,26.29079036879661
ISU_ILCC,set1_dQn_m,GPR,log,protocol_holdout,diversity_oneshot,2,80,22.604745008443302
ISU_ILCC,set1_dQn_m,GPR,log,protocol_holdout,diversity_oneshot,2,96,19.16996729418782
ISU_ILCC,set1_dQn_m,GPR,log,protocol_holdout,diversity_oneshot,2,112,19.409308125751103
ISU_ILCC,set1_dQn_m,GPR,log,protocol_holdout,diversity_oneshot,2,128,19.451224989766537
ISU_ILCC,set1_dQn_m,GPR,log,protocol_holdout,diversity_oneshot,2,144,19.47930132385597
ISU_ILCC,set1_dQn_m,GPR,log,protocol_holdout,diversity_oneshot,2,160,19.71653046567195
ISU_ILCC,set1_dQn_m,GPR,log,protocol_holdout,diversity_oneshot,2,176,19.43863807624241
ISU_ILCC,set1_dQn_m,GPR,log,protocol_holdout,diversity_oneshot,2,192,19.34874175892575
ISU_ILCC,set1_dQn_m,GPR,log,protocol_holdout,diversity_oneshot,2,193,19.359149230913296
ISU_ILCC,set1_dQn_m,GPR,log,protocol_holdout,diversity_oneshot,3,16,37.15279985333216
ISU_ILCC,set1_dQn_m,GPR,log,protocol_holdout,diversity_oneshot,3,32,38.481647137098896
ISU_ILCC,set1_dQn_m,GPR,log,protocol_holdout,diversity_oneshot,3,48,20.39138456150117
ISU_ILCC,set1_dQn_m,GPR,log,protocol_holdout,diversity_oneshot,3,64,18.28159486838792
ISU_ILCC,set1_dQn_m,GPR,log,protocol_holdout,diversity_oneshot,3,80,15.432283066652271
ISU_ILCC,set1_dQn_m,GPR,log,protocol_holdout,diversity_oneshot,3,96,17.096052291178555
ISU_ILCC,set1_dQn_m,GPR,log,protocol_holdout,diversity_oneshot,3,112,15.754163637440172
ISU_ILCC,set1_dQn_m,GPR,log,protocol_holdout,diversity_oneshot,3,128,16.98001723703916
ISU_ILCC,set1_dQn_m,GPR,log,protocol_holdout,diversity_oneshot,3,144,17.145321309259177
ISU_ILCC,set1_dQn_m,GPR,log,protocol_holdout,diversity_oneshot,3,160,16.82868855616972
ISU_ILCC,set1_dQn_m,GPR,log,protocol_holdout,diversity_oneshot,3,176,17.15579772418416
ISU_ILCC,set1_dQn_m,GPR,log,protocol_holdout,diversity_oneshot,3,192,17.22956163803502
ISU_ILCC,set1_dQn_m,GPR,log,protocol_holdout,diversity_oneshot,3,193,17.23437006460966
ISU_ILCC,set1_dQn_m,GPR,log,protocol_holdout,diversity_oneshot,4,16,23.513531351285987
ISU_ILCC,set1_dQn_m,GPR,log,protocol_holdout,diversity_oneshot,4,32,22.552657692808
ISU_ILCC,set1_dQn_m,GPR,log,protocol_holdout,diversity_oneshot,4,48,18.200330029774246
ISU_ILCC,set1_dQn_m,GPR,log,protocol_holdout,diversity_oneshot,4,64,24.05899355169625
ISU_ILCC,set1_dQn_m,GPR,log,protocol_holdout,diversity_oneshot,4,80,19.88387610651553
ISU_ILCC,set1_dQn_m,GPR,log,protocol_holdout,diversity_oneshot,4,96,19.92026591966232
ISU_ILCC,set1_dQn_m,GPR,log,protocol_holdout,diversity_oneshot,4,112,18.54275580255036
ISU_ILCC,set1_dQn_m,GPR,log,protocol_holdout,diversity_oneshot,4,128,18.713047831231112
ISU_ILCC,set1_dQn_m,GPR,log,protocol_holdout,diversity_oneshot,4,144,20.15381630349347
ISU_ILCC,set1_dQn_m,GPR,log,protocol_holdout,diversity_oneshot,4,160,17.818009269831318
ISU_ILCC,set1_dQn_m,GPR,log,protocol_holdout,diversity_oneshot,4,176,18.706280794095083
ISU_ILCC,set1_dQn_m,GPR,log,protocol_holdout,diversity_oneshot,4,192,18.788841919395
ISU_ILCC,set1_dQn_m,GPR,log,protocol_holdout,diversity_oneshot,4,193,19.07212226107384
ISU_ILCC,set1_dQn_m,GPR,log,protocol_holdout,diversity_oneshot,5,16,37.157540266070434
ISU_ILCC,set1_dQn_m,GPR,log,protocol_holdout,diversity_oneshot,5,32,22.36390731600504
ISU_ILCC,set1_dQn_m,GPR,log,protocol_holdout,diversity_oneshot,5,48,24.80808219342768
ISU_ILCC,set1_dQn_m,GPR,log,protocol_holdout,diversity_oneshot,5,64,26.18240857034772
ISU_ILCC,set1_dQn_m,GPR,log,protocol_holdout,diversity_oneshot,5,80,24.613775531702352
ISU_ILCC,set1_dQn_m,GPR,log,protocol_holdout,diversity_oneshot,5,96,23.073428217402604
ISU_ILCC,set1_dQn_m,GPR,log,protocol_holdout,diversity_oneshot,5,112,21.079534504997618
ISU_ILCC,set1_dQn_m,GPR,log,protocol_holdout,diversity_oneshot,5,128,22.451405870643004
ISU_ILCC,set1_dQn_m,GPR,log,protocol_holdout,diversity_oneshot,5,144,22.66366363755826
ISU_ILCC,set1_dQn_m,GPR,log,protocol_holdout,diversity_oneshot,5,160,23.23302556262735
ISU_ILCC,set1_dQn_m,GPR,log,protocol_holdout,diversity_oneshot,5,176,23.21141899814819
ISU_ILCC,set1_dQn_m,GPR,log,protocol_holdout,diversity_oneshot,5,192,23.00077874134208
ISU_ILCC,set1_dQn_m,GPR,log,protocol_holdout,diversity_oneshot,5,193,22.973177703995752
ISU_ILCC,set1_dQn_m,GPR,log,protocol_holdout,diversity_oneshot,6,16,30.57319808111856
ISU_ILCC,set1_dQn_m,GPR,log,protocol_holdout,diversity_oneshot,6,32,26.762115057970625
ISU_ILCC,set1_dQn_m,GPR,log,protocol_holdout,diversity_oneshot,6,48,22.54152554585658
ISU_ILCC,set1_dQn_m,GPR,log,protocol_holdout,diversity_oneshot,6,64,20.306304852429346
ISU_ILCC,set1_dQn_m,GPR,log,protocol_holdout,diversity_oneshot,6,80,18.833479616465887
ISU_ILCC,set1_dQn_m,GPR,log,protocol_holdout,diversity_oneshot,6,96,16.92753905105448
ISU_ILCC,set1_dQn_m,GPR,log,protocol_holdout,diversity_oneshot,6,112,20.10681047267992
ISU_ILCC,set1_dQn_m,GPR,log,protocol_holdout,diversity_oneshot,6,128,18.87836260998888
ISU_ILCC,set1_dQn_m,GPR,log,protocol_holdout,diversity_oneshot,6,144,17.631446508721062
ISU_ILCC,set1_dQn_m,GPR,log,protocol_holdout,diversity_oneshot,6,160,16.70640620659887
ISU_ILCC,set1_dQn_m,GPR,log,protocol_holdout,diversity_oneshot,6,176,17.163956623699907
ISU_ILCC,set1_dQn_m,GPR,log,protocol_holdout,diversity_oneshot,6,192,16.508464005776506
ISU_ILCC,set1_dQn_m,GPR,log,protocol_holdout,diversity_oneshot,6,193,16.50191080236139
ISU_ILCC,set1_dQn_m,GPR,log,protocol_holdout,diversity_oneshot,7,16,38.46205152251645
ISU_ILCC,set1_dQn_m,GPR,log,protocol_holdout,diversity_oneshot,7,32,33.7522945254318
ISU_ILCC,set1_dQn_m,GPR,log,protocol_holdout,diversity_oneshot,7,48,26.34438914837164
ISU_ILCC,set1_dQn_m,GPR,log,protocol_holdout,diversity_oneshot,7,64,21.254480578782584
ISU_ILCC,set1_dQn_m,GPR,log,protocol_holdout,diversity_oneshot,7,80,23.564879819431543
ISU_ILCC,set1_dQn_m,GPR,log,protocol_holdout,diversity_oneshot,7,96,22.09266354129642
ISU_ILCC,set1_dQn_m,GPR,log,protocol_holdout,diversity_oneshot,7,112,22.350781035267563
ISU_ILCC,set1_dQn_m,GPR,log,protocol_holdout,diversity_oneshot,7,128,24.999451482351667
ISU_ILCC,set1_dQn_m,GPR,log,protocol_holdout,diversity_oneshot,7,144,23.80897252281242
ISU_ILCC,set1_dQn_m,GPR,log,protocol_holdout,diversity_oneshot,7,160,24.38073571188305
ISU_ILCC,set1_dQn_m,GPR,log,protocol_holdout,diversity_oneshot,7,176,23.21877827198262
ISU_ILCC,set1_dQn_m,GPR,log,protocol_holdout,diversity_oneshot,7,192,21.66216398150832
ISU_ILCC,set1_dQn_m,GPR,log,protocol_holdout,diversity_oneshot,7,193,21.662392063548083
ISU_ILCC,set1_dQn_m,GPR,log,protocol_holdout,diversity_oneshot,8,16,41.08548805216192
ISU_ILCC,set1_dQn_m,GPR,log,protocol_holdout,diversity_oneshot,8,32,40.00402611750633
ISU_ILCC,set1_dQn_m,GPR,log,protocol_holdout,diversity_oneshot,8,48,33.730068758808976
ISU_ILCC,set1_dQn_m,GPR,log,protocol_holdout,diversity_oneshot,8,64,28.083076031043014
ISU_ILCC,set1_dQn_m,GPR,log,protocol_holdout,diversity_oneshot,8,80,26.13764833640956
ISU_ILCC,set1_dQn_m,GPR,log,protocol_holdout,diversity_oneshot,8,96,24.672619584966245
ISU_ILCC,set1_dQn_m,GPR,log,protocol_holdout,diversity_oneshot,8,112,27.10752538550233
ISU_ILCC,set1_dQn_m,GPR,log,protocol_holdout,diversity_oneshot,8,128,25.300729611606364
ISU_ILCC,set1_dQn_m,GPR,log,protocol_holdout,diversity_oneshot,8,144,25.714316565545143
ISU_ILCC,set1_dQn_m,GPR,log,protocol_holdout,diversity_oneshot,8,160,25.93907895932586
ISU_ILCC,set1_dQn_m,GPR,log,protocol_holdout,diversity_oneshot,8,176,25.274124374630976
ISU_ILCC,set1_dQn_m,GPR,log,protocol_holdout,diversity_oneshot,8,192,25.552846976721103
ISU_ILCC,set1_dQn_m,GPR,log,protocol_holdout,diversity_oneshot,8,193,25.57155270331121
ISU_ILCC,set1_dQn_m,GPR,log,protocol_holdout,diversity_oneshot,9,16,40.68774731975788
ISU_ILCC,set1_dQn_m,GPR,log,protocol_holdout,diversity_oneshot,9,32,32.602845837042125
ISU_ILCC,set1_dQn_m,GPR,log,protocol_holdout,diversity_oneshot,9,48,26.73425313522747
ISU_ILCC,set1_dQn_m,GPR,log,protocol_holdout,diversity_oneshot,9,64,27.430392844065228
ISU_ILCC,set1_dQn_m,GPR,log,protocol_holdout,diversity_oneshot,9,80,24.22965397079376
ISU_ILCC,set1_dQn_m,GPR,log,protocol_holdout,diversity_oneshot,9,96,24.79805978563476
ISU_ILCC,set1_dQn_m,GPR,log,protocol_holdout,diversity_oneshot,9,112,23.332794813056857
ISU_ILCC,set1_dQn_m,GPR,log,protocol_holdout,diversity_oneshot,9,128,23.33851524784274
ISU_ILCC,set1_dQn_m,GPR,log,protocol_holdout,diversity_oneshot,9,144,22.43507424564057
ISU_ILCC,set1_dQn_m,GPR,log,protocol_holdout,diversity_oneshot,9,160,22.58991317944311
ISU_ILCC,set1_dQn_m,GPR,log,protocol_holdout,diversity_oneshot,9,176,23.591898655036733
ISU_ILCC,set1_dQn_m,GPR,log,protocol_holdout,diversity_oneshot,9,192,23.33583184684709
ISU_ILCC,set1_dQn_m,GPR,log,protocol_holdout,diversity_oneshot,9,193,23.27242356966828
ISU_ILCC,set1_dQn_m,GPR,log,protocol_holdout,diversity_oneshot,10,16,46.86508705325036
ISU_ILCC,set1_dQn_m,GPR,log,protocol_holdout,diversity_oneshot,10,32,34.08549623837824
ISU_ILCC,set1_dQn_m,GPR,log,protocol_holdout,diversity_oneshot,10,48,29.40389062064359
ISU_ILCC,set1_dQn_m,GPR,log,protocol_holdout,diversity_oneshot,10,64,27.18235820640152
ISU_ILCC,set1_dQn_m,GPR,log,protocol_holdout,diversity_oneshot,10,80,21.441902441810537
ISU_ILCC,set1_dQn_m,GPR,log,protocol_holdout,diversity_oneshot,10,96,23.6359725465759
ISU_ILCC,set1_dQn_m,GPR,log,protocol_holdout,diversity_oneshot,10,112,19.661686867685315
ISU_ILCC,set1_dQn_m,GPR,log,protocol_holdout,diversity_oneshot,10,128,22.72564004731572
ISU_ILCC,set1_dQn_m,GPR,log,protocol_holdout,diversity_oneshot,10,144,21.340576984611424
ISU_ILCC,set1_dQn_m,GPR,log,protocol_holdout,diversity_oneshot,10,160,22.13599312524472
ISU_ILCC,set1_dQn_m,GPR,log,protocol_holdout,diversity_oneshot,10,176,20.503706874553504
ISU_ILCC,set1_dQn_m,GPR,log,protocol_holdout,diversity_oneshot,10,192,20.525471995466628
ISU_ILCC,set1_dQn_m,GPR,log,protocol_holdout,diversity_oneshot,10,193,20.51597439781928
ISU_ILCC,set1_dQn_m,GPR,log,protocol_holdout,diversity_iterative,1,16,25.21448993610392
ISU_ILCC,set1_dQn_m,GPR,log,protocol_holdout,diversity_iterative,1,32,17.67826371766282
ISU_ILCC,set1_dQn_m,GPR,log,protocol_holdout,diversity_iterative,1,48,17.368863241551164
ISU_ILCC,set1_dQn_m,GPR,log,protocol_holdout,diversity_iterative,1,64,18.59312146688392
ISU_ILCC,set1_dQn_m,GPR,log,protocol_holdout,diversity_iterative,1,80,17.51764219535545
ISU_ILCC,set1_dQn_m,GPR,log,protocol_holdout,diversity_iterative,1,96,17.451029252047647
ISU_ILCC,set1_dQn_m,GPR,log,protocol_holdout,diversity_iterative,1,112,17.30213215745298
ISU_ILCC,set1_dQn_m,GPR,log,protocol_holdout,diversity_iterative,1,128,17.252989161297887
ISU_ILCC,set1_dQn_m,GPR,log,protocol_holdout,diversity_iterative,1,144,16.88486423200059
ISU_ILCC,set1_dQn_m,GPR,log,protocol_holdout,diversity_iterative,1,160,16.828792194610052
ISU_ILCC,set1_dQn_m,GPR,log,protocol_holdout,diversity_iterative,1,176,16.848074275545994
ISU_ILCC,set1_dQn_m,GPR,log,protocol_holdout,diversity_iterative,1,192,16.700721981760342
ISU_ILCC,set1_dQn_m,GPR,log,protocol_holdout,diversity_iterative,1,193,16.725246908762443
ISU_ILCC,set1_dQn_m,GPR,log,protocol_holdout,diversity_iterative,2,16,28.93057036961472
ISU_ILCC,set1_dQn_m,GPR,log,protocol_holdout,diversity_iterative,2,32,21.15325328670467
ISU_ILCC,set1_dQn_m,GPR,log,protocol_holdout,diversity_iterative,2,48,22.5785414538962
ISU_ILCC,set1_dQn_m,GPR,log,protocol_holdout,diversity_iterative,2,64,20.87226231290572
ISU_ILCC,set1_dQn_m,GPR,log,protocol_holdout,diversity_iterative,2,80,20.47687244636061
ISU_ILCC,set1_dQn_m,GPR,log,protocol_holdout,diversity_iterative,2,96,23.29643351812177
ISU_ILCC,set1_dQn_m,GPR,log,protocol_holdout,diversity_iterative,2,112,22.216301291434213
ISU_ILCC,set1_dQn_m,GPR,log,protocol_holdout,diversity_iterative,2,128,21.978691161966747
ISU_ILCC,set1_dQn_m,GPR,log,protocol_holdout,diversity_iterative,2,144,20.142671813843325
ISU_ILCC,set1_dQn_m,GPR,log,protocol_holdout,diversity_iterative,2,160,20.567849908613763
ISU_ILCC,set1_dQn_m,GPR,log,protocol_holdout,diversity_iterative,2,176,20.27023982901293
ISU_ILCC,set1_dQn_m,GPR,log,protocol_holdout,diversity_iterative,2,192,19.36856987292524
ISU_ILCC,set1_dQn_m,GPR,log,protocol_holdout,diversity_iterative,2,193,19.359149230913296
ISU_ILCC,set1_dQn_m,GPR,log,protocol_holdout,diversity_iterative,3,16,37.15279985333216
ISU_ILCC,set1_dQn_m,GPR,log,protocol_holdout,diversity_iterative,3,32,22.043027460902223
ISU_ILCC,set1_dQn_m,GPR,log,protocol_holdout,diversity_iterative,3,48,23.28688169959654
ISU_ILCC,set1_dQn_m,GPR,log,protocol_holdout,diversity_iterative,3,64,23.68292935108928
ISU_ILCC,set1_dQn_m,GPR,log,protocol_holdout,diversity_iterative,3,80,17.590287197691215
ISU_ILCC,set1_dQn_m,GPR,log,protocol_holdout,diversity_iterative,3,96,20.64447308739356
ISU_ILCC,set1_dQn_m,GPR,log,protocol_holdout,diversity_iterative,3,112,18.87970371796116
ISU_ILCC,set1_dQn_m,GPR,log,protocol_holdout,diversity_iterative,3,128,18.500478431928904
ISU_ILCC,set1_dQn_m,GPR,log,protocol_holdout,diversity_iterative,3,144,17.504805537675924
ISU_ILCC,set1_dQn_m,GPR,log,protocol_holdout,diversity_iterative,3,160,17.3616520046825
ISU_ILCC,set1_dQn_m,GPR,log,protocol_holdout,diversity_iterative,3,176,17.02670205193164
ISU_ILCC,set1_dQn_m,GPR,log,protocol_holdout,diversity_iterative,3,192,17.246423306781587
ISU_ILCC,set1_dQn_m,GPR,log,protocol_holdout,diversity_iterative,3,193,17.23437006460966
ISU_ILCC,set1_dQn_m,GPR,log,protocol_holdout,diversity_iterative,4,16,23.513531351285987
ISU_ILCC,set1_dQn_m,GPR,log,protocol_holdout,diversity_iterative,4,32,18.52994379445786
ISU_ILCC,set1_dQn_m,GPR,log,protocol_holdout,diversity_iterative,4,48,23.8418009925293
ISU_ILCC,set1_dQn_m,GPR,log,protocol_holdout,diversity_iterative,4,64,27.205568987562728
ISU_ILCC,set1_dQn_m,GPR,log,protocol_holdout,diversity_iterative,4,80,21.4062645292159
ISU_ILCC,set1_dQn_m,GPR,log,protocol_holdout,diversity_iterative,4,96,20.069473748891365
ISU_ILCC,set1_dQn_m,GPR,log,protocol_holdout,diversity_iterative,4,112,19.822010631079216
ISU_ILCC,set1_dQn_m,GPR,log,protocol_holdout,diversity_iterative,4,128,19.45593860351784
ISU_ILCC,set1_dQn_m,GPR,log,protocol_holdout,diversity_iterative,4,144,21.140003905295497
ISU_ILCC,set1_dQn_m,GPR,log,protocol_holdout,diversity_iterative,4,160,20.32065648758064
ISU_ILCC,set1_dQn_m,GPR,log,protocol_holdout,diversity_iterative,4,176,19.941864462409782
ISU_ILCC,set1_dQn_m,GPR,log,protocol_holdout,diversity_iterative,4,192,19.140793364898297
ISU_ILCC,set1_dQn_m,GPR,log,protocol_holdout,diversity_iterative,4,193,19.07212226107384
ISU_ILCC,set1_dQn_m,GPR,log,protocol_holdout,diversity_iterative,5,16,37.157540266070434
ISU_ILCC,set1_dQn_m,GPR,log,protocol_holdout,diversity_iterative,5,32,29.592304250298547
ISU_ILCC,set1_dQn_m,GPR,log,protocol_holdout,diversity_iterative,5,48,24.972385479164547
ISU_ILCC,set1_dQn_m,GPR,log,protocol_holdout,diversity_iterative,5,64,24.11233367254546
ISU_ILCC,set1_dQn_m,GPR,log,protocol_holdout,diversity_iterative,5,80,22.37667616883119
ISU_ILCC,set1_dQn_m,GPR,log,protocol_holdout,diversity_iterative,5,96,24.408548236100312
ISU_ILCC,set1_dQn_m,GPR,log,protocol_holdout,diversity_iterative,5,112,24.1484415864004
ISU_ILCC,set1_dQn_m,GPR,log,protocol_holdout,diversity_iterative,5,128,24.66465688095907
ISU_ILCC,set1_dQn_m,GPR,log,protocol_holdout,diversity_iterative,5,144,24.3539145437448
ISU_ILCC,set1_dQn_m,GPR,log,protocol_holdout,diversity_iterative,5,160,23.3545902613076
ISU_ILCC,set1_dQn_m,GPR,log,protocol_holdout,diversity_iterative,5,176,23.2089942286296
ISU_ILCC,set1_dQn_m,GPR,log,protocol_holdout,diversity_iterative,5,192,22.956783274022705
ISU_ILCC,set1_dQn_m,GPR,log,protocol_holdout,diversity_iterative,5,193,22.973177703995752
ISU_ILCC,set1_dQn_m,GPR,log,protocol_holdout,diversity_iterative,6,16,30.57319808111856
ISU_ILCC,set1_dQn_m,GPR,log,protocol_holdout,diversity_iterative,6,32,23.116883592946184
ISU_ILCC,set1_dQn_m,GPR,log,protocol_holdout,diversity_iterative,6,48,18.912698214990225
ISU_ILCC,set1_dQn_m,GPR,log,protocol_holdout,diversity_iterative,6,64,18.5260006588036
ISU_ILCC,set1_dQn_m,GPR,log,protocol_holdout,diversity_iterative,6,80,16.930785030569613
ISU_ILCC,set1_dQn_m,GPR,log,protocol_holdout,diversity_iterative,6,96,16.345794501636636
ISU_ILCC,set1_dQn_m,GPR,log,protocol_holdout,diversity_iterative,6,112,16.839542313941998
ISU_ILCC,set1_dQn_m,GPR,log,protocol_holdout,diversity_iterative,6,128,17.149683356311392
ISU_ILCC,set1_dQn_m,GPR,log,protocol_holdout,diversity_iterative,6,144,19.22351947683272
ISU_ILCC,set1_dQn_m,GPR,log,protocol_holdout,diversity_iterative,6,160,18.23556327673761
ISU_ILCC,set1_dQn_m,GPR,log,protocol_holdout,diversity_iterative,6,176,17.2417261707621
ISU_ILCC,set1_dQn_m,GPR,log,protocol_holdout,diversity_iterative,6,192,16.506055976000443
ISU_ILCC,set1_dQn_m,GPR,log,protocol_holdout,diversity_iterative,6,193,16.50191080236139
ISU_ILCC,set1_dQn_m,GPR,log,protocol_holdout,diversity_iterative,7,16,38.46205152251645
ISU_ILCC,set1_dQn_m,GPR,log,protocol_holdout,diversity_iterative,7,32,38.55170306731372
ISU_ILCC,set1_dQn_m,GPR,log,protocol_holdout,diversity_iterative,7,48,31.349049835588616
ISU_ILCC,set1_dQn_m,GPR,log,protocol_holdout,diversity_iterative,7,64,30.002947094536488
ISU_ILCC,set1_dQn_m,GPR,log,protocol_holdout,diversity_iterative,7,80,29.637966214783823
ISU_ILCC,set1_dQn_m,GPR,log,protocol_holdout,diversity_iterative,7,96,28.237569570176184
ISU_ILCC,set1_dQn_m,GPR,log,protocol_holdout,diversity_iterative,7,112,27.55994576577553
ISU_ILCC,set1_dQn_m,GPR,log,protocol_holdout,diversity_iterative,7,128,24.864099655557105
ISU_ILCC,set1_dQn_m,GPR,log,protocol_holdout,diversity_iterative,7,144,23.6904655755229
ISU_ILCC,set1_dQn_m,GPR,log,protocol_holdout,diversity_iterative,7,160,23.133835449577425
ISU_ILCC,set1_dQn_m,GPR,log,protocol_holdout,diversity_iterative,7,176,22.601550017100227
ISU_ILCC,set1_dQn_m,GPR,log,protocol_holdout,diversity_iterative,7,192,21.66216398150832
ISU_ILCC,set1_dQn_m,GPR,log,protocol_holdout,diversity_iterative,7,193,21.662392063548083
ISU_ILCC,set1_dQn_m,GPR,log,protocol_holdout,diversity_iterative,8,16,41.08548805216192
ISU_ILCC,set1_dQn_m,GPR,log,protocol_holdout,diversity_iterative,8,32,47.34623039997598
ISU_ILCC,set1_dQn_m,GPR,log,protocol_holdout,diversity_iterative,8,48,50.14002470610313
ISU_ILCC,set1_dQn_m,GPR,log,protocol_holdout,diversity_iterative,8,64,35.17416420275557
ISU_ILCC,set1_dQn_m,GPR,log,protocol_holdout,diversity_iterative,8,80,30.318471619654293
ISU_ILCC,set1_dQn_m,GPR,log,protocol_holdout,diversity_iterative,8,96,29.99755025266549
ISU_ILCC,set1_dQn_m,GPR,log,protocol_holdout,diversity_iterative,8,112,26.854941551171567
ISU_ILCC,set1_dQn_m,GPR,log,protocol_holdout,diversity_iterative,8,128,26.806378205224767
ISU_ILCC,set1_dQn_m,GPR,log,protocol_holdout,diversity_iterative,8,144,27.40953740037282
ISU_ILCC,set1_dQn_m,GPR,log,protocol_holdout,diversity_iterative,8,160,25.877348421245262
ISU_ILCC,set1_dQn_m,GPR,log,protocol_holdout,diversity_iterative,8,176,25.591024263059065
ISU_ILCC,set1_dQn_m,GPR,log,protocol_holdout,diversity_iterative,8,192,25.729788312721368
ISU_ILCC,set1_dQn_m,GPR,log,protocol_holdout,diversity_iterative,8,193,25.57155270331121
ISU_ILCC,set1_dQn_m,GPR,log,protocol_holdout,diversity_iterative,9,16,40.68774731975788
ISU_ILCC,set1_dQn_m,GPR,log,protocol_holdout,diversity_iterative,9,32,29.504041441877387
ISU_ILCC,set1_dQn_m,GPR,log,protocol_holdout,diversity_iterative,9,48,26.978928252538896
ISU_ILCC,set1_dQn_m,GPR,log,protocol_holdout,diversity_iterative,9,64,26.683160919539755
ISU_ILCC,set1_dQn_m,GPR,log,protocol_holdout,diversity_iterative,9,80,26.34855915736269
ISU_ILCC,set1_dQn_m,GPR,log,protocol_holdout,diversity_iterative,9,96,26.384219412285347
ISU_ILCC,set1_dQn_m,GPR,log,protocol_holdout,diversity_iterative,9,112,26.311426664756173
ISU_ILCC,set1_dQn_m,GPR,log,protocol_holdout,diversity_iterative,9,128,25.618662036317712
ISU_ILCC,set1_dQn_m,GPR,log,protocol_holdout,diversity_iterative,9,144,24.778663907995423
ISU_ILCC,set1_dQn_m,GPR,log,protocol_holdout,diversity_iterative,9,160,24.21296941850649
ISU_ILCC,set1_dQn_m,GPR,log,protocol_holdout,diversity_iterative,9,176,23.976302541242813
ISU_ILCC,set1_dQn_m,GPR,log,protocol_holdout,diversity_iterative,9,192,23.251005115005373
ISU_ILCC,set1_dQn_m,GPR,log,protocol_holdout,diversity_iterative,9,193,23.27242356966828
ISU_ILCC,set1_dQn_m,GPR,log,protocol_holdout,diversity_iterative,10,16,46.86508705325036
ISU_ILCC,set1_dQn_m,GPR,log,protocol_holdout,diversity_iterative,10,32,38.36040002484826
ISU_ILCC,set1_dQn_m,GPR,log,protocol_holdout,diversity_iterative,10,48,34.62922248130975
ISU_ILCC,set1_dQn_m,GPR,log,protocol_holdout,diversity_iterative,10,64,32.09266537594311
ISU_ILCC,set1_dQn_m,GPR,log,protocol_holdout,diversity_iterative,10,80,27.848313633012
ISU_ILCC,set1_dQn_m,GPR,log,protocol_holdout,diversity_iterative,10,96,24.268446274681228
ISU_ILCC,set1_dQn_m,GPR,log,protocol_holdout,diversity_iterative,10,112,23.325553098772577
ISU_ILCC,set1_dQn_m,GPR,log,protocol_holdout,diversity_iterative,10,128,21.718428434132083
ISU_ILCC,set1_dQn_m,GPR,log,protocol_holdout,diversity_iterative,10,144,23.11583923907641
ISU_ILCC,set1_dQn_m,GPR,log,protocol_holdout,diversity_iterative,10,160,19.29463636708796
ISU_ILCC,set1_dQn_m,GPR,log,protocol_holdout,diversity_iterative,10,176,19.957561613699195
ISU_ILCC,set1_dQn_m,GPR,log,protocol_holdout,diversity_iterative,10,192,20.50414356610528
ISU_ILCC,set1_dQn_m,GPR,log,protocol_holdout,diversity_iterative,10,193,20.51597439781928
ISU_ILCC,set1_dQn_m,GPR,log,protocol_holdout,coverage,1,16,27.0069747218438
ISU_ILCC,set1_dQn_m,GPR,log,protocol_holdout,coverage,1,32,26.09308678665541
ISU_ILCC,set1_dQn_m,GPR,log,protocol_holdout,coverage,1,48,18.26693727935161
ISU_ILCC,set1_dQn_m,GPR,log,protocol_holdout,coverage,1,64,17.458249445808217
ISU_ILCC,set1_dQn_m,GPR,log,protocol_holdout,coverage,1,80,17.21414877685684
ISU_ILCC,set1_dQn_m,GPR,log,protocol_holdout,coverage,1,96,16.675772252550473
ISU_ILCC,set1_dQn_m,GPR,log,protocol_holdout,coverage,1,112,16.540591446099302
ISU_ILCC,set1_dQn_m,GPR,log,protocol_holdout,coverage,1,128,16.526190550524767
ISU_ILCC,set1_dQn_m,GPR,log,protocol_holdout,coverage,1,144,16.601766702851915
ISU_ILCC,set1_dQn_m,GPR,log,protocol_holdout,coverage,1,160,16.550592756351254
ISU_ILCC,set1_dQn_m,GPR,log,protocol_holdout,coverage,1,176,16.63871327377438
ISU_ILCC,set1_dQn_m,GPR,log,protocol_holdout,coverage,1,192,16.74170702724645
ISU_ILCC,set1_dQn_m,GPR,log,protocol_holdout,coverage,1,193,16.725246908762443
ISU_ILCC,set1_dQn_m,GPR,log,protocol_holdout,coverage,2,16,29.083714175953563
ISU_ILCC,set1_dQn_m,GPR,log,protocol_holdout,coverage,2,32,20.12695917844996
ISU_ILCC,set1_dQn_m,GPR,log,protocol_holdout,coverage,2,48,20.12980299139848
ISU_ILCC,set1_dQn_m,GPR,log,protocol_holdout,coverage,2,64,19.95808984820224
ISU_ILCC,set1_dQn_m,GPR,log,protocol_holdout,coverage,2,80,20.29995233445823
ISU_ILCC,set1_dQn_m,GPR,log,protocol_holdout,coverage,2,96,20.670633819896715
ISU_ILCC,set1_dQn_m,GPR,log,protocol_holdout,coverage,2,112,19.358827572482927
ISU_ILCC,set1_dQn_m,GPR,log,protocol_holdout,coverage,2,128,19.20198402061823
ISU_ILCC,set1_dQn_m,GPR,log,protocol_holdout,coverage,2,144,19.19260326454705
ISU_ILCC,set1_dQn_m,GPR,log,protocol_holdout,coverage,2,160,18.92811477487754
ISU_ILCC,set1_dQn_m,GPR,log,protocol_holdout,coverage,2,176,18.69266275822353
ISU_ILCC,set1_dQn_m,GPR,log,protocol_holdout,coverage,2,192,19.36856987292524
ISU_ILCC,set1_dQn_m,GPR,log,protocol_holdout,coverage,2,193,19.359149230913296
ISU_ILCC,set1_dQn_m,GPR,log,protocol_holdout,coverage,3,16,58.451295147652495
ISU_ILCC,set1_dQn_m,GPR,log,protocol_holdout,coverage,3,32,32.50411557674065
ISU_ILCC,set1_dQn_m,GPR,log,protocol_holdout,coverage,3,48,19.394511392855
ISU_ILCC,set1_dQn_m,GPR,log,protocol_holdout,coverage,3,64,20.02325540426145
ISU_ILCC,set1_dQn_m,GPR,log,protocol_holdout,coverage,3,80,18.363924508341544
ISU_ILCC,set1_dQn_m,GPR,log,protocol_holdout,coverage,3,96,16.703496098026104
ISU_ILCC,set1_dQn_m,GPR,log,protocol_holdout,coverage,3,112,16.839344504434127
ISU_ILCC,set1_dQn_m,GPR,log,protocol_holdout,coverage,3,128,15.621495814964003
ISU_ILCC,set1_dQn_m,GPR,log,protocol_holdout,coverage,3,144,15.79242373617956
ISU_ILCC,set1_dQn_m,GPR,log,protocol_holdout,coverage,3,160,15.986283302866584
ISU_ILCC,set1_dQn_m,GPR,log,protocol_holdout,coverage,3,176,16.314531543941754
ISU_ILCC,set1_dQn_m,GPR,log,protocol_holdout,coverage,3,192,17.22956163803502
ISU_ILCC,set1_dQn_m,GPR,log,protocol_holdout,coverage,3,193,17.23437006460966
ISU_ILCC,set1_dQn_m,GPR,log,protocol_holdout,coverage,4,16,27.502257270024327
ISU_ILCC,set1_dQn_m,GPR,log,protocol_holdout,coverage,4,32,22.712204481796537
ISU_ILCC,set1_dQn_m,GPR,log,protocol_holdout,coverage,4,48,25.363149180979025
ISU_ILCC,set1_dQn_m,GPR,log,protocol_holdout,coverage,4,64,20.42195582773253
ISU_ILCC,set1_dQn_m,GPR,log,protocol_holdout,coverage,4,80,18.09504741452672
ISU_ILCC,set1_dQn_m,GPR,log,protocol_holdout,coverage,4,96,17.478832846486913
ISU_ILCC,set1_dQn_m,GPR,log,protocol_holdout,coverage,4,112,18.38241220959469
ISU_ILCC,set1_dQn_m,GPR,log,protocol_holdout,coverage,4,128,15.60395718907004
ISU_ILCC,set1_dQn_m,GPR,log,protocol_holdout,coverage,4,144,15.965833748505572
ISU_ILCC,set1_dQn_m,GPR,log,protocol_holdout,coverage,4,160,16.892817902656603
ISU_ILCC,set1_dQn_m,GPR,log,protocol_holdout,coverage,4,176,18.139130440245417
ISU_ILCC,set1_dQn_m,GPR,log,protocol_holdout,coverage,4,192,18.788841919395
ISU_ILCC,set1_dQn_m,GPR,log,protocol_holdout,coverage,4,193,19.07212226107384
ISU_ILCC,set1_dQn_m,GPR,log,protocol_holdout,coverage,5,16,36.45392315553717
ISU_ILCC,set1_dQn_m,GPR,log,protocol_holdout,coverage,5,32,30.39671305896519
ISU_ILCC,set1_dQn_m,GPR,log,protocol_holdout,coverage,5,48,25.72377650476516
ISU_ILCC,set1_dQn_m,GPR,log,protocol_holdout,coverage,5,64,23.960035150444245
ISU_ILCC,set1_dQn_m,GPR,log,protocol_holdout,coverage,5,80,23.60909718950901
ISU_ILCC,set1_dQn_m,GPR,log,protocol_holdout,coverage,5,96,22.27238271570043
ISU_ILCC,set1_dQn_m,GPR,log,protocol_holdout,coverage,5,112,22.517507253234083
ISU_ILCC,set1_dQn_m,GPR,log,protocol_holdout,coverage,5,128,21.337791384026875
ISU_ILCC,set1_dQn_m,GPR,log,protocol_holdout,coverage,5,144,21.74072770795021
ISU_ILCC,set1_dQn_m,GPR,log,protocol_holdout,coverage,5,160,22.32238868578705
ISU_ILCC,set1_dQn_m,GPR,log,protocol_holdout,coverage,5,176,22.61801677905876
ISU_ILCC,set1_dQn_m,GPR,log,protocol_holdout,coverage,5,192,22.99450141513132
ISU_ILCC,set1_dQn_m,GPR,log,protocol_holdout,coverage,5,193,22.973177703995752
ISU_ILCC,set1_dQn_m,GPR,log,protocol_holdout,coverage,6,16,34.55775690277568
ISU_ILCC,set1_dQn_m,GPR,log,protocol_holdout,coverage,6,32,30.74445557500356
ISU_ILCC,set1_dQn_m,GPR,log,protocol_holdout,coverage,6,48,25.101152448436448
ISU_ILCC,set1_dQn_m,GPR,log,protocol_holdout,coverage,6,64,20.15868184164321
ISU_ILCC,set1_dQn_m,GPR,log,protocol_holdout,coverage,6,80,19.680791306772235
ISU_ILCC,set1_dQn_m,GPR,log,protocol_holdout,coverage,6,96,17.678967538673177
ISU_ILCC,set1_dQn_m,GPR,log,protocol_holdout,coverage,6,112,16.989771346863147
ISU_ILCC,set1_dQn_m,GPR,log,protocol_holdout,coverage,6,128,17.43375323791854
ISU_ILCC,set1_dQn_m,GPR,log,protocol_holdout,coverage,6,144,17.86921761703716
ISU_ILCC,set1_dQn_m,GPR,log,protocol_holdout,coverage,6,160,17.102789635945413
ISU_ILCC,set1_dQn_m,GPR,log,protocol_holdout,coverage,6,176,17.067362399902407
ISU_ILCC,set1_dQn_m,GPR,log,protocol_holdout,coverage,6,192,16.508464005776506
ISU_ILCC,set1_dQn_m,GPR,log,protocol_holdout,coverage,6,193,16.50191080236139
ISU_ILCC,set1_dQn_m,GPR,log,protocol_holdout,coverage,7,16,27.292621274034563
ISU_ILCC,set1_dQn_m,GPR,log,protocol_holdout,coverage,7,32,28.89417822327964
ISU_ILCC,set1_dQn_m,GPR,log,protocol_holdout,coverage,7,48,32.08015973907094
ISU_ILCC,set1_dQn_m,GPR,log,protocol_holdout,coverage,7,64,24.48675361657784
ISU_ILCC,set1_dQn_m,GPR,log,protocol_holdout,coverage,7,80,22.80632264264397
ISU_ILCC,set1_dQn_m,GPR,log,protocol_holdout,coverage,7,96,23.204047981724564
ISU_ILCC,set1_dQn_m,GPR,log,protocol_holdout,coverage,7,112,22.91301123340673
ISU_ILCC,set1_dQn_m,GPR,log,protocol_holdout,coverage,7,128,23.93492263310187
ISU_ILCC,set1_dQn_m,GPR,log,protocol_holdout,coverage,7,144,23.867790535144792
ISU_ILCC,set1_dQn_m,GPR,log,protocol_holdout,coverage,7,160,23.418309438554267
ISU_ILCC,set1_dQn_m,GPR,log,protocol_holdout,coverage,7,176,23.11928475744384
ISU_ILCC,set1_dQn_m,GPR,log,protocol_holdout,coverage,7,192,21.66216398150832
ISU_ILCC,set1_dQn_m,GPR,log,protocol_holdout,coverage,7,193,21.662392063548083
ISU_ILCC,set1_dQn_m,GPR,log,protocol_holdout,coverage,8,16,98.11356168131924
ISU_ILCC,set1_dQn_m,GPR,log,protocol_holdout,coverage,8,32,44.77075873259519
ISU_ILCC,set1_dQn_m,GPR,log,protocol_holdout,coverage,8,48,31.82970206052238
ISU_ILCC,set1_dQn_m,GPR,log,protocol_holdout,coverage,8,64,28.333653535777938
ISU_ILCC,set1_dQn_m,GPR,log,protocol_holdout,coverage,8,80,25.65861253564388
ISU_ILCC,set1_dQn_m,GPR,log,protocol_holdout,coverage,8,96,25.71540738105354
ISU_ILCC,set1_dQn_m,GPR,log,protocol_holdout,coverage,8,112,27.72707236962593
ISU_ILCC,set1_dQn_m,GPR,log,protocol_holdout,coverage,8,128,26.25411541296429
ISU_ILCC,set1_dQn_m,GPR,log,protocol_holdout,coverage,8,144,25.983622125948045
ISU_ILCC,set1_dQn_m,GPR,log,protocol_holdout,coverage,8,160,26.2485513529782
ISU_ILCC,set1_dQn_m,GPR,log,protocol_holdout,coverage,8,176,25.05776062753653
ISU_ILCC,set1_dQn_m,GPR,log,protocol_holdout,coverage,8,192,25.57810381328485
ISU_ILCC,set1_dQn_m,GPR,log,protocol_holdout,coverage,8,193,25.57155270331121
ISU_ILCC,set1_dQn_m,GPR,log,protocol_holdout,coverage,9,16,34.14331089218084
ISU_ILCC,set1_dQn_m,GPR,log,protocol_holdout,coverage,9,32,28.673888556437703
ISU_ILCC,set1_dQn_m,GPR,log,protocol_holdout,coverage,9,48,25.66387024381439
ISU_ILCC,set1_dQn_m,GPR,log,protocol_holdout,coverage,9,64,23.29448282867196
ISU_ILCC,set1_dQn_m,GPR,log,protocol_holdout,coverage,9,80,20.971293398665
ISU_ILCC,set1_dQn_m,GPR,log,protocol_holdout,coverage,9,96,22.3219002128
ISU_ILCC,set1_dQn_m,GPR,log,protocol_holdout,coverage,9,112,22.61400873525133
ISU_ILCC,set1_dQn_m,GPR,log,protocol_holdout,coverage,9,128,23.03638556331845
ISU_ILCC,set1_dQn_m,GPR,log,protocol_holdout,coverage,9,144,23.43244728261725
ISU_ILCC,set1_dQn_m,GPR,log,protocol_holdout,coverage,9,160,22.99388064757992
ISU_ILCC,set1_dQn_m,GPR,log,protocol_holdout,coverage,9,176,22.914585064506035
ISU_ILCC,set1_dQn_m,GPR,log,protocol_holdout,coverage,9,192,23.29021542572433
ISU_ILCC,set1_dQn_m,GPR,log,protocol_holdout,coverage,9,193,23.27242356966828
ISU_ILCC,set1_dQn_m,GPR,log,protocol_holdout,coverage,10,16,42.45745161904366
ISU_ILCC,set1_dQn_m,GPR,log,protocol_holdout,coverage,10,32,28.08430078981344
ISU_ILCC,set1_dQn_m,GPR,log,protocol_holdout,coverage,10,48,26.640712993871023
ISU_ILCC,set1_dQn_m,GPR,log,protocol_holdout,coverage,10,64,25.818412984985223
ISU_ILCC,set1_dQn_m,GPR,log,protocol_holdout,coverage,10,80,20.96771504808429
ISU_ILCC,set1_dQn_m,GPR,log,protocol_holdout,coverage,10,96,21.59162317481308
ISU_ILCC,set1_dQn_m,GPR,log,protocol_holdout,coverage,10,112,20.880254193462942
ISU_ILCC,set1_dQn_m,GPR,log,protocol_holdout,coverage,10,128,21.69232975222688
ISU_ILCC,set1_dQn_m,GPR,log,protocol_holdout,coverage,10,144,20.35619972550901
ISU_ILCC,set1_dQn_m,GPR,log,protocol_holdout,coverage,10,160,20.83514428018759
ISU_ILCC,set1_dQn_m,GPR,log,protocol_holdout,coverage,10,176,20.407018127878988
ISU_ILCC,set1_dQn_m,GPR,log,protocol_holdout,coverage,10,192,20.50414356610528
ISU_ILCC,set1_dQn_m,GPR,log,protocol_holdout,coverage,10,193,20.51597439781928
ISU_ILCC,set1_dQn_m,GPR,log,protocol_holdout,exploration,1,16,27.0069747218438
ISU_ILCC,set1_dQn_m,GPR,log,protocol_holdout,exploration,1,32,26.93749913146497
ISU_ILCC,set1_dQn_m,GPR,log,protocol_holdout,exploration,1,48,17.86854916155546
ISU_ILCC,set1_dQn_m,GPR,log,protocol_holdout,exploration,1,64,16.89560334067623
ISU_ILCC,set1_dQn_m,GPR,log,protocol_holdout,exploration,1,80,17.47923569849156
ISU_ILCC,set1_dQn_m,GPR,log,protocol_holdout,exploration,1,96,17.038543643781264
ISU_ILCC,set1_dQn_m,GPR,log,protocol_holdout,exploration,1,112,16.703140070859277
ISU_ILCC,set1_dQn_m,GPR,log,protocol_holdout,exploration,1,128,16.289809916216168
ISU_ILCC,set1_dQn_m,GPR,log,protocol_holdout,exploration,1,144,16.371908672120586
ISU_ILCC,set1_dQn_m,GPR,log,protocol_holdout,exploration,1,160,16.539601756891763
ISU_ILCC,set1_dQn_m,GPR,log,protocol_holdout,exploration,1,176,16.69513518247097
ISU_ILCC,set1_dQn_m,GPR,log,protocol_holdout,exploration,1,192,16.65111193179431
ISU_ILCC,set1_dQn_m,GPR,log,protocol_holdout,exploration,1,193,16.725246908762443
ISU_ILCC,set1_dQn_m,GPR,log,protocol_holdout,exploration,2,16,29.083714175953563
ISU_ILCC,set1_dQn_m,GPR,log,protocol_holdout,exploration,2,32,20.12695917844996
ISU_ILCC,set1_dQn_m,GPR,log,protocol_holdout,exploration,2,48,19.81097836132073
ISU_ILCC,set1_dQn_m,GPR,log,protocol_holdout,exploration,2,64,20.78242950404779
ISU_ILCC,set1_dQn_m,GPR,log,protocol_holdout,exploration,2,80,20.226144662354585
ISU_ILCC,set1_dQn_m,GPR,log,protocol_holdout,exploration,2,96,19.72283102517332
ISU_ILCC,set1_dQn_m,GPR,log,protocol_holdout,exploration,2,112,19.904497737253656
ISU_ILCC,set1_dQn_m,GPR,log,protocol_holdout,exploration,2,128,19.879320156584228
ISU_ILCC,set1_dQn_m,GPR,log,protocol_holdout,exploration,2,144,19.671570640697823
ISU_ILCC,set1_dQn_m,GPR,log,protocol_holdout,exploration,2,160,19.826567665137425
ISU_ILCC,set1_dQn_m,GPR,log,protocol_holdout,exploration,2,176,19.66499860113139
ISU_ILCC,set1_dQn_m,GPR,log,protocol_holdout,exploration,2,192,19.32185610599019
ISU_ILCC,set1_dQn_m,GPR,log,protocol_holdout,exploration,2,193,19.359149230913296
ISU_ILCC,set1_dQn_m,GPR,log,protocol_holdout,exploration,3,16,58.451295147652495
ISU_ILCC,set1_dQn_m,GPR,log,protocol_holdout,exploration,3,32,42.69313690906104
ISU_ILCC,set1_dQn_m,GPR,log,protocol_holdout,exploration,3,48,20.042989027145893
ISU_ILCC,set1_dQn_m,GPR,log,protocol_holdout,exploration,3,64,17.52855322615844
ISU_ILCC,set1_dQn_m,GPR,log,protocol_holdout,exploration,3,80,16.183344365501384
ISU_ILCC,set1_dQn_m,GPR,log,protocol_holdout,exploration,3,96,16.661606666864596
ISU_ILCC,set1_dQn_m,GPR,log,protocol_holdout,exploration,3,112,16.490480643326848
ISU_ILCC,set1_dQn_m,GPR,log,protocol_holdout,exploration,3,128,16.94966442823199
ISU_ILCC,set1_dQn_m,GPR,log,protocol_holdout,exploration,3,144,16.93817254378174
ISU_ILCC,set1_dQn_m,GPR,log,protocol_holdout,exploration,3,160,17.34187489143472
ISU_ILCC,set1_dQn_m,GPR,log,protocol_holdout,exploration,3,176,17.291118575863827
ISU_ILCC,set1_dQn_m,GPR,log,protocol_holdout,exploration,3,192,17.233327443044843
ISU_ILCC,set1_dQn_m,GPR,log,protocol_holdout,exploration,3,193,17.23437006460966
ISU_ILCC,set1_dQn_m,GPR,log,protocol_holdout,exploration,4,16,27.502257270024327
ISU_ILCC,set1_dQn_m,GPR,log,protocol_holdout,exploration,4,32,22.4934372150214
ISU_ILCC,set1_dQn_m,GPR,log,protocol_holdout,exploration,4,48,21.221980474605783
ISU_ILCC,set1_dQn_m,GPR,log,protocol_holdout,exploration,4,64,20.54297452337932
ISU_ILCC,set1_dQn_m,GPR,log,protocol_holdout,exploration,4,80,18.897641707479927
ISU_ILCC,set1_dQn_m,GPR,log,protocol_holdout,exploration,4,96,17.487638513078927
ISU_ILCC,set1_dQn_m,GPR,log,protocol_holdout,exploration,4,112,16.818081377744857
ISU_ILCC,set1_dQn_m,GPR,log,protocol_holdout,exploration,4,128,16.959591195866473
ISU_ILCC,set1_dQn_m,GPR,log,protocol_holdout,exploration,4,144,16.507981066575525
ISU_ILCC,set1_dQn_m,GPR,log,protocol_holdout,exploration,4,160,17.704776728015773
ISU_ILCC,set1_dQn_m,GPR,log,protocol_holdout,exploration,4,176,18.21813212376276
ISU_ILCC,set1_dQn_m,GPR,log,protocol_holdout,exploration,4,192,19.116828625015224
ISU_ILCC,set1_dQn_m,GPR,log,protocol_holdout,exploration,4,193,19.07212226107384
ISU_ILCC,set1_dQn_m,GPR,log,protocol_holdout,exploration,5,16,36.45392315553717
ISU_ILCC,set1_dQn_m,GPR,log,protocol_holdout,exploration,5,32,29.64191136551209
ISU_ILCC,set1_dQn_m,GPR,log,protocol_holdout,exploration,5,48,27.90555185797428
ISU_ILCC,set1_dQn_m,GPR,log,protocol_holdout,exploration,5,64,22.47462148618933
ISU_ILCC,set1_dQn_m,GPR,log,protocol_holdout,exploration,5,80,24.371991310954208
ISU_ILCC,set1_dQn_m,GPR,log,protocol_holdout,exploration,5,96,23.79644550807154
ISU_ILCC,set1_dQn_m,GPR,log,protocol_holdout,exploration,5,112,23.938325735640767
ISU_ILCC,set1_dQn_m,GPR,log,protocol_holdout,exploration,5,128,24.803809118179625
ISU_ILCC,set1_dQn_m,GPR,log,protocol_holdout,exploration,5,144,24.335526898744263
ISU_ILCC,set1_dQn_m,GPR,log,protocol_holdout,exploration,5,160,23.910103293200816
ISU_ILCC,set1_dQn_m,GPR,log,protocol_holdout,exploration,5,176,23.78087946991768
ISU_ILCC,set1_dQn_m,GPR,log,protocol_holdout,exploration,5,192,22.99450141513132
ISU_ILCC,set1_dQn_m,GPR,log,protocol_holdout,exploration,5,193,22.973177703995752
ISU_ILCC,set1_dQn_m,GPR,log,protocol_holdout,exploration,6,16,34.55775690277568
ISU_ILCC,set1_dQn_m,GPR,log,protocol_holdout,exploration,6,32,29.97278829655184
ISU_ILCC,set1_dQn_m,GPR,log,protocol_holdout,exploration,6,48,24.71167059500516
ISU_ILCC,set1_dQn_m,GPR,log,protocol_holdout,exploration,6,64,19.90392856597642
ISU_ILCC,set1_dQn_m,GPR,log,protocol_holdout,exploration,6,80,18.706869835244504
ISU_ILCC,set1_dQn_m,GPR,log,protocol_holdout,exploration,6,96,21.12681513852054
ISU_ILCC,set1_dQn_m,GPR,log,protocol_holdout,exploration,6,112,19.20689049839101
ISU_ILCC,set1_dQn_m,GPR,log,protocol_holdout,exploration,6,128,18.520461483142007
ISU_ILCC,set1_dQn_m,GPR,log,protocol_holdout,exploration,6,144,17.08092283689327
ISU_ILCC,set1_dQn_m,GPR,log,protocol_holdout,exploration,6,160,16.59213540480034
ISU_ILCC,set1_dQn_m,GPR,log,protocol_holdout,exploration,6,176,16.703776603586252
ISU_ILCC,set1_dQn_m,GPR,log,protocol_holdout,exploration,6,192,16.4614867286969
ISU_ILCC,set1_dQn_m,GPR,log,protocol_holdout,exploration,6,193,16.50191080236139
ISU_ILCC,set1_dQn_m,GPR,log,protocol_holdout,exploration,7,16,27.292621274034563
ISU_ILCC,set1_dQn_m,GPR,log,protocol_holdout,exploration,7,32,29.350254969633585
ISU_ILCC,set1_dQn_m,GPR,log,protocol_holdout,exploration,7,48,28.281041406796785
ISU_ILCC,set1_dQn_m,GPR,log,protocol_holdout,exploration,7,64,25.12118004108004
ISU_ILCC,set1_dQn_m,GPR,log,protocol_holdout,exploration,7,80,24.794543070497426
ISU_ILCC,set1_dQn_m,GPR,log,protocol_holdout,exploration,7,96,23.22958527481337
ISU_ILCC,set1_dQn_m,GPR,log,protocol_holdout,exploration,7,112,23.25801468611074
ISU_ILCC,set1_dQn_m,GPR,log,protocol_holdout,exploration,7,128,23.72398437143002
ISU_ILCC,set1_dQn_m,GPR,log,protocol_holdout,exploration,7,144,23.20318454574525
ISU_ILCC,set1_dQn_m,GPR,log,protocol_holdout,exploration,7,160,22.602165704416453
ISU_ILCC,set1_dQn_m,GPR,log,protocol_holdout,exploration,7,176,22.21657282551641
ISU_ILCC,set1_dQn_m,GPR,log,protocol_holdout,exploration,7,192,21.73991904994028
ISU_ILCC,set1_dQn_m,GPR,log,protocol_holdout,exploration,7,193,21.662392063548083
ISU_ILCC,set1_dQn_m,GPR,log,protocol_holdout,exploration,8,16,98.11356168131924
ISU_ILCC,set1_dQn_m,GPR,log,protocol_holdout,exploration,8,32,44.77075873259519
ISU_ILCC,set1_dQn_m,GPR,log,protocol_holdout,exploration,8,48,30.911641547027
ISU_ILCC,set1_dQn_m,GPR,log,protocol_holdout,exploration,8,64,32.680776837593164
ISU_ILCC,set1_dQn_m,GPR,log,protocol_holdout,exploration,8,80,28.574688289570982
ISU_ILCC,set1_dQn_m,GPR,log,protocol_holdout,exploration,8,96,27.94662817269839
ISU_ILCC,set1_dQn_m,GPR,log,protocol_holdout,exploration,8,112,29.18096464815754
ISU_ILCC,set1_dQn_m,GPR,log,protocol_holdout,exploration,8,128,27.748005701378503
ISU_ILCC,set1_dQn_m,GPR,log,protocol_holdout,exploration,8,144,27.38554734764153
ISU_ILCC,set1_dQn_m,GPR,log,protocol_holdout,exploration,8,160,27.4061155446858
ISU_ILCC,set1_dQn_m,GPR,log,protocol_holdout,exploration,8,176,27.36072490455576
ISU_ILCC,set1_dQn_m,GPR,log,protocol_holdout,exploration,8,192,25.607527911492618
ISU_ILCC,set1_dQn_m,GPR,log,protocol_holdout,exploration,8,193,25.57155270331121
ISU_ILCC,set1_dQn_m,GPR,log,protocol_holdout,exploration,9,16,34.14331089218084
ISU_ILCC,set1_dQn_m,GPR,log,protocol_holdout,exploration,9,32,28.24973878206185
ISU_ILCC,set1_dQn_m,GPR,log,protocol_holdout,exploration,9,48,25.06436204701508
ISU_ILCC,set1_dQn_m,GPR,log,protocol_holdout,exploration,9,64,23.33319521742048
ISU_ILCC,set1_dQn_m,GPR,log,protocol_holdout,exploration,9,80,23.261726005098872
ISU_ILCC,set1_dQn_m,GPR,log,protocol_holdout,exploration,9,96,23.886843123985248
ISU_ILCC,set1_dQn_m,GPR,log,protocol_holdout,exploration,9,112,23.56907500165873
ISU_ILCC,set1_dQn_m,GPR,log,protocol_holdout,exploration,9,128,23.684440203666554
ISU_ILCC,set1_dQn_m,GPR,log,protocol_holdout,exploration,9,144,23.43739316805419
ISU_ILCC,set1_dQn_m,GPR,log,protocol_holdout,exploration,9,160,22.78691963471896
ISU_ILCC,set1_dQn_m,GPR,log,protocol_holdout,exploration,9,176,23.853583335789484
ISU_ILCC,set1_dQn_m,GPR,log,protocol_holdout,exploration,9,192,23.17499244965796
ISU_ILCC,set1_dQn_m,GPR,log,protocol_holdout,exploration,9,193,23.27242356966828
ISU_ILCC,set1_dQn_m,GPR,log,protocol_holdout,exploration,10,16,42.45745161904366
ISU_ILCC,set1_dQn_m,GPR,log,protocol_holdout,exploration,10,32,29.120181422308107
ISU_ILCC,set1_dQn_m,GPR,log,protocol_holdout,exploration,10,48,29.141160164147983
ISU_ILCC,set1_dQn_m,GPR,log,protocol_holdout,exploration,10,64,27.800260749359097
ISU_ILCC,set1_dQn_m,GPR,log,protocol_holdout,exploration,10,80,20.303721708314605
ISU_ILCC,set1_dQn_m,GPR,log,protocol_holdout,exploration,10,96,21.914415314543657
ISU_ILCC,set1_dQn_m,GPR,log,protocol_holdout,exploration,10,112,21.129295589399312
ISU_ILCC,set1_dQn_m,GPR,log,protocol_holdout,exploration,10,128,20.634514366933253
ISU_ILCC,set1_dQn_m,GPR,log,protocol_holdout,exploration,10,144,19.898366416089083
ISU_ILCC,set1_dQn_m,GPR,log,protocol_holdout,exploration,10,160,19.433429228449373
ISU_ILCC,set1_dQn_m,GPR,log,protocol_holdout,exploration,10,176,19.45082164265132
ISU_ILCC,set1_dQn_m,GPR,log,protocol_holdout,exploration,10,192,20.20149300745184
ISU_ILCC,set1_dQn_m,GPR,log,protocol_holdout,exploration,10,193,20.51597439781928
ISU_ILCC,set1_dQn_m,GPR,log,protocol_holdout,exploitation,1,16,27.0069747218438
ISU_ILCC,set1_dQn_m,GPR,log,protocol_holdout,exploitation,1,32,19.361642132776023
ISU_ILCC,set1_dQn_m,GPR,log,protocol_holdout,exploitation,1,48,19.50616134432027
ISU_ILCC,set1_dQn_m,GPR,log,protocol_holdout,exploitation,1,64,17.865291368267762
ISU_ILCC,set1_dQn_m,GPR,log,protocol_holdout,exploitation,1,80,16.939864055055377
ISU_ILCC,set1_dQn_m,GPR,log,protocol_holdout,exploitation,1,96,16.685124491484142
ISU_ILCC,set1_dQn_m,GPR,log,protocol_holdout,exploitation,1,112,16.91878765966728
ISU_ILCC,set1_dQn_m,GPR,log,protocol_holdout,exploitation,1,128,16.68306271916778
ISU_ILCC,set1_dQn_m,GPR,log,protocol_holdout,exploitation,1,144,17.065374932804364
ISU_ILCC,set1_dQn_m,GPR,log,protocol_holdout,exploitation,1,160,16.827255380745445
ISU_ILCC,set1_dQn_m,GPR,log,protocol_holdout,exploitation,1,176,16.74176548807115
ISU_ILCC,set1_dQn_m,GPR,log,protocol_holdout,exploitation,1,192,16.71606975618291
ISU_ILCC,set1_dQn_m,GPR,log,protocol_holdout,exploitation,1,193,16.725246908762443
ISU_ILCC,set1_dQn_m,GPR,log,protocol_holdout,exploitation,2,16,29.083714175953563
ISU_ILCC,set1_dQn_m,GPR,log,protocol_holdout,exploitation,2,32,24.82744656248465
ISU_ILCC,set1_dQn_m,GPR,log,protocol_holdout,exploitation,2,48,26.343826073226985
ISU_ILCC,set1_dQn_m,GPR,log,protocol_holdout,exploitation,2,64,24.91620160718964
ISU_ILCC,set1_dQn_m,GPR,log,protocol_holdout,exploitation,2,80,23.981387037359667
ISU_ILCC,set1_dQn_m,GPR,log,protocol_holdout,exploitation,2,96,21.293040807219423
ISU_ILCC,set1_dQn_m,GPR,log,protocol_holdout,exploitation,2,112,26.04972470095152
ISU_ILCC,set1_dQn_m,GPR,log,protocol_holdout,exploitation,2,128,20.329608645173987
ISU_ILCC,set1_dQn_m,GPR,log,protocol_holdout,exploitation,2,144,20.27728993353348
ISU_ILCC,set1_dQn_m,GPR,log,protocol_holdout,exploitation,2,160,19.25934110974806
ISU_ILCC,set1_dQn_m,GPR,log,protocol_holdout,exploitation,2,176,20.67367307199471
ISU_ILCC,set1_dQn_m,GPR,log,protocol_holdout,exploitation,2,192,19.34494496751808
ISU_ILCC,set1_dQn_m,GPR,log,protocol_holdout,exploitation,2,193,19.359149230913296
ISU_ILCC,set1_dQn_m,GPR,log,protocol_holdout,exploitation,3,16,58.451295147652495
ISU_ILCC,set1_dQn_m,GPR,log,protocol_holdout,exploitation,3,32,20.44411371942642
ISU_ILCC,set1_dQn_m,GPR,log,protocol_holdout,exploitation,3,48,21.76243516951972
ISU_ILCC,set1_dQn_m,GPR,log,protocol_holdout,exploitation,3,64,20.609472392086843
ISU_ILCC,set1_dQn_m,GPR,log,protocol_holdout,exploitation,3,80,18.68023751410863
ISU_ILCC,set1_dQn_m,GPR,log,protocol_holdout,exploitation,3,96,20.36394416140658
ISU_ILCC,set1_dQn_m,GPR,log,protocol_holdout,exploitation,3,112,19.008856079008734
ISU_ILCC,set1_dQn_m,GPR,log,protocol_holdout,exploitation,3,128,18.671484904491965
ISU_ILCC,set1_dQn_m,GPR,log,protocol_holdout,exploitation,3,144,18.171614756155364
ISU_ILCC,set1_dQn_m,GPR,log,protocol_holdout,exploitation,3,160,18.05414132744968
ISU_ILCC,set1_dQn_m,GPR,log,protocol_holdout,exploitation,3,176,18.05252450673049
ISU_ILCC,set1_dQn_m,GPR,log,protocol_holdout,exploitation,3,192,17.231376850896506
ISU_ILCC,set1_dQn_m,GPR,log,protocol_holdout,exploitation,3,193,17.23437006460966
ISU_ILCC,set1_dQn_m,GPR,log,protocol_holdout,exploitation,4,16,27.502257270024327
ISU_ILCC,set1_dQn_m,GPR,log,protocol_holdout,exploitation,4,32,31.12199654323297
ISU_ILCC,set1_dQn_m,GPR,log,protocol_holdout,exploitation,4,48,24.67278600396728
ISU_ILCC,set1_dQn_m,GPR,log,protocol_holdout,exploitation,4,64,19.89608417548985
ISU_ILCC,set1_dQn_m,GPR,log,protocol_holdout,exploitation,4,80,24.25875645200418
ISU_ILCC,set1_dQn_m,GPR,log,protocol_holdout,exploitation,4,96,24.08661733268
ISU_ILCC,set1_dQn_m,GPR,log,protocol_holdout,exploitation,4,112,24.352871896732005
ISU_ILCC,set1_dQn_m,GPR,log,protocol_holdout,exploitation,4,128,24.682950864368973
ISU_ILCC,set1_dQn_m,GPR,log,protocol_holdout,exploitation,4,144,19.778517140031543
ISU_ILCC,set1_dQn_m,GPR,log,protocol_holdout,exploitation,4,160,20.30481453976237
ISU_ILCC,set1_dQn_m,GPR,log,protocol_holdout,exploitation,4,176,19.88730755212619
ISU_ILCC,set1_dQn_m,GPR,log,protocol_holdout,exploitation,4,192,19.094192522493326
ISU_ILCC,set1_dQn_m,GPR,log,protocol_holdout,exploitation,4,193,19.07212226107384
ISU_ILCC,set1_dQn_m,GPR,log,protocol_holdout,exploitation,5,16,36.45392315553717
ISU_ILCC,set1_dQn_m,GPR,log,protocol_holdout,exploitation,5,32,42.020149615336
ISU_ILCC,set1_dQn_m,GPR,log,protocol_holdout,exploitation,5,48,42.46378718450967
ISU_ILCC,set1_dQn_m,GPR,log,protocol_holdout,exploitation,5,64,32.49544485744592
ISU_ILCC,set1_dQn_m,GPR,log,protocol_holdout,exploitation,5,80,27.36998817282862
ISU_ILCC,set1_dQn_m,GPR,log,protocol_holdout,exploitation,5,96,26.87757517183599
ISU_ILCC,set1_dQn_m,GPR,log,protocol_holdout,exploitation,5,112,22.796396761099626
ISU_ILCC,set1_dQn_m,GPR,log,protocol_holdout,exploitation,5,128,23.99709764076144
ISU_ILCC,set1_dQn_m,GPR,log,protocol_holdout,exploitation,5,144,24.74126133775884
ISU_ILCC,set1_dQn_m,GPR,log,protocol_holdout,exploitation,5,160,23.987014831497262
ISU_ILCC,set1_dQn_m,GPR,log,protocol_holdout,exploitation,5,176,23.33778157798627
ISU_ILCC,set1_dQn_m,GPR,log,protocol_holdout,exploitation,5,192,23.17705871726127
ISU_ILCC,set1_dQn_m,GPR,log,protocol_holdout,exploitation,5,193,22.973177703995752
ISU_ILCC,set1_dQn_m,GPR,log,protocol_holdout,exploitation,6,16,34.55775690277568
ISU_ILCC,set1_dQn_m,GPR,log,protocol_holdout,exploitation,6,32,33.868121990404376
ISU_ILCC,set1_dQn_m,GPR,log,protocol_holdout,exploitation,6,48,35.590773360320824
ISU_ILCC,set1_dQn_m,GPR,log,protocol_holdout,exploitation,6,64,35.27169981199584
ISU_ILCC,set1_dQn_m,GPR,log,protocol_holdout,exploitation,6,80,20.26737225322655
ISU_ILCC,set1_dQn_m,GPR,log,protocol_holdout,exploitation,6,96,18.19332130563265
ISU_ILCC,set1_dQn_m,GPR,log,protocol_holdout,exploitation,6,112,17.806671703651315
ISU_ILCC,set1_dQn_m,GPR,log,protocol_holdout,exploitation,6,128,17.582934669705583
ISU_ILCC,set1_dQn_m,GPR,log,protocol_holdout,exploitation,6,144,17.75627583052146
ISU_ILCC,set1_dQn_m,GPR,log,protocol_holdout,exploitation,6,160,17.78052379202683
ISU_ILCC,set1_dQn_m,GPR,log,protocol_holdout,exploitation,6,176,16.019024011472858
ISU_ILCC,set1_dQn_m,GPR,log,protocol_holdout,exploitation,6,192,16.560107987504587
ISU_ILCC,set1_dQn_m,GPR,log,protocol_holdout,exploitation,6,193,16.50191080236139
ISU_ILCC,set1_dQn_m,GPR,log,protocol_holdout,exploitation,7,16,27.292621274034563
ISU_ILCC,set1_dQn_m,GPR,log,protocol_holdout,exploitation,7,32,30.452497886490576
ISU_ILCC,set1_dQn_m,GPR,log,protocol_holdout,exploitation,7,48,24.673280728155422
ISU_ILCC,set1_dQn_m,GPR,log,protocol_holdout,exploitation,7,64,29.28132338394781
ISU_ILCC,set1_dQn_m,GPR,log,protocol_holdout,exploitation,7,80,28.124059178875243
ISU_ILCC,set1_dQn_m,GPR,log,protocol_holdout,exploitation,7,96,28.50188779305328
ISU_ILCC,set1_dQn_m,GPR,log,protocol_holdout,exploitation,7,112,26.62507119826476
ISU_ILCC,set1_dQn_m,GPR,log,protocol_holdout,exploitation,7,128,25.10999291565153
ISU_ILCC,set1_dQn_m,GPR,log,protocol_holdout,exploitation,7,144,24.01667094197919
ISU_ILCC,set1_dQn_m,GPR,log,protocol_holdout,exploitation,7,160,23.559537377881515
ISU_ILCC,set1_dQn_m,GPR,log,protocol_holdout,exploitation,7,176,21.975194363597087
ISU_ILCC,set1_dQn_m,GPR,log,protocol_holdout,exploitation,7,192,21.675279154414444
ISU_ILCC,set1_dQn_m,GPR,log,protocol_holdout,exploitation,7,193,21.662392063548083
ISU_ILCC,set1_dQn_m,GPR,log,protocol_holdout,exploitation,8,16,98.11356168131924
ISU_ILCC,set1_dQn_m,GPR,log,protocol_holdout,exploitation,8,32,107.4583355111103
ISU_ILCC,set1_dQn_m,GPR,log,protocol_holdout,exploitation,8,48,121.10599984466424
ISU_ILCC,set1_dQn_m,GPR,log,protocol_holdout,exploitation,8,64,120.19157821481754
ISU_ILCC,set1_dQn_m,GPR,log,protocol_holdout,exploitation,8,80,25.108787927150384
ISU_ILCC,set1_dQn_m,GPR,log,protocol_holdout,exploitation,8,96,25.00203444486669
ISU_ILCC,set1_dQn_m,GPR,log,protocol_holdout,exploitation,8,112,25.67605429637668
ISU_ILCC,set1_dQn_m,GPR,log,protocol_holdout,exploitation,8,128,23.821212295815577
ISU_ILCC,set1_dQn_m,GPR,log,protocol_holdout,exploitation,8,144,23.97022653578288
ISU_ILCC,set1_dQn_m,GPR,log,protocol_holdout,exploitation,8,160,25.23629154096778
ISU_ILCC,set1_dQn_m,GPR,log,protocol_holdout,exploitation,8,176,24.966561751301423
ISU_ILCC,set1_dQn_m,GPR,log,protocol_holdout,exploitation,8,192,25.572654766445368
ISU_ILCC,set1_dQn_m,GPR,log,protocol_holdout,exploitation,8,193,25.57155270331121
ISU_ILCC,set1_dQn_m,GPR,log,protocol_holdout,exploitation,9,16,34.14331089218084
ISU_ILCC,set1_dQn_m,GPR,log,protocol_holdout,exploitation,9,32,32.74494727448026
ISU_ILCC,set1_dQn_m,GPR,log,protocol_holdout,exploitation,9,48,28.10332019450635
ISU_ILCC,set1_dQn_m,GPR,log,protocol_holdout,exploitation,9,64,46.10546303094814
ISU_ILCC,set1_dQn_m,GPR,log,protocol_holdout,exploitation,9,80,25.282955759371383
ISU_ILCC,set1_dQn_m,GPR,log,protocol_holdout,exploitation,9,96,26.57035243343293
ISU_ILCC,set1_dQn_m,GPR,log,protocol_holdout,exploitation,9,112,26.550784445665425
ISU_ILCC,set1_dQn_m,GPR,log,protocol_holdout,exploitation,9,128,25.97197362875972
ISU_ILCC,set1_dQn_m,GPR,log,protocol_holdout,exploitation,9,144,24.88343992811024
ISU_ILCC,set1_dQn_m,GPR,log,protocol_holdout,exploitation,9,160,22.532194752136338
ISU_ILCC,set1_dQn_m,GPR,log,protocol_holdout,exploitation,9,176,21.97378747520459
ISU_ILCC,set1_dQn_m,GPR,log,protocol_holdout,exploitation,9,192,23.162989472581348
ISU_ILCC,set1_dQn_m,GPR,log,protocol_holdout,exploitation,9,193,23.27242356966828
ISU_ILCC,set1_dQn_m,GPR,log,protocol_holdout,exploitation,10,16,42.45745161904366
ISU_ILCC,set1_dQn_m,GPR,log,protocol_holdout,exploitation,10,32,37.86328534292412
ISU_ILCC,set1_dQn_m,GPR,log,protocol_holdout,exploitation,10,48,36.22855888485038
ISU_ILCC,set1_dQn_m,GPR,log,protocol_holdout,exploitation,10,64,39.14102077278898
ISU_ILCC,set1_dQn_m,GPR,log,protocol_holdout,exploitation,10,80,29.11880329999933
ISU_ILCC,set1_dQn_m,GPR,log,protocol_holdout,exploitation,10,96,29.80245016335538
ISU_ILCC,set1_dQn_m,GPR,log,protocol_holdout,exploitation,10,112,27.673299699646453
ISU_ILCC,set1_dQn_m,GPR,log,protocol_holdout,exploitation,10,128,27.610222630585064
ISU_ILCC,set1_dQn_m,GPR,log,protocol_holdout,exploitation,10,144,19.969907558238788
ISU_ILCC,set1_dQn_m,GPR,log,protocol_holdout,exploitation,10,160,20.87555964080584
ISU_ILCC,set1_dQn_m,GPR,log,protocol_holdout,exploitation,10,176,20.473264219897658
ISU_ILCC,set1_dQn_m,GPR,log,protocol_holdout,exploitation,10,192,20.535247907912225
ISU_ILCC,set1_dQn_m,GPR,log,protocol_holdout,exploitation,10,193,20.51597439781928
ISU_ILCC,set1_dQn_m,GPR,log,protocol_holdout,hybrid,1,16,27.0069747218438
ISU_ILCC,set1_dQn_m,GPR,log,protocol_holdout,hybrid,1,32,27.84157884111452
ISU_ILCC,set1_dQn_m,GPR,log,protocol_holdout,hybrid,1,48,18.104703563835464
ISU_ILCC,set1_dQn_m,GPR,log,protocol_holdout,hybrid,1,64,17.922167533406533
ISU_ILCC,set1_dQn_m,GPR,log,protocol_holdout,hybrid,1,80,17.021892751764508
ISU_ILCC,set1_dQn_m,GPR,log,protocol_holdout,hybrid,1,96,17.17937530589213
ISU_ILCC,set1_dQn_m,GPR,log,protocol_holdout,hybrid,1,112,16.58415480699744
ISU_ILCC,set1_dQn_m,GPR,log,protocol_holdout,hybrid,1,128,16.485950303981948
ISU_ILCC,set1_dQn_m,GPR,log,protocol_holdout,hybrid,1,144,16.617516550330485
ISU_ILCC,set1_dQn_m,GPR,log,protocol_holdout,hybrid,1,160,16.57632547392125
ISU_ILCC,set1_dQn_m,GPR,log,protocol_holdout,hybrid,1,176,16.580980951134904
ISU_ILCC,set1_dQn_m,GPR,log,protocol_holdout,hybrid,1,192,16.65111193179431
ISU_ILCC,set1_dQn_m,GPR,log,protocol_holdout,hybrid,1,193,16.725246908762443
ISU_ILCC,set1_dQn_m,GPR,log,protocol_holdout,hybrid,2,16,29.083714175953563
ISU_ILCC,set1_dQn_m,GPR,log,protocol_holdout,hybrid,2,32,21.729577025577367
ISU_ILCC,set1_dQn_m,GPR,log,protocol_holdout,hybrid,2,48,21.865273866481896
ISU_ILCC,set1_dQn_m,GPR,log,protocol_holdout,hybrid,2,64,21.321963792417662
ISU_ILCC,set1_dQn_m,GPR,log,protocol_holdout,hybrid,2,80,20.76752819104344
ISU_ILCC,set1_dQn_m,GPR,log,protocol_holdout,hybrid,2,96,19.93896339370164
ISU_ILCC,set1_dQn_m,GPR,log,protocol_holdout,hybrid,2,112,19.21218666513108
ISU_ILCC,set1_dQn_m,GPR,log,protocol_holdout,hybrid,2,128,19.362322731067213
ISU_ILCC,set1_dQn_m,GPR,log,protocol_holdout,hybrid,2,144,19.75998426584276
ISU_ILCC,set1_dQn_m,GPR,log,protocol_holdout,hybrid,2,160,19.852545607964377
ISU_ILCC,set1_dQn_m,GPR,log,protocol_holdout,hybrid,2,176,19.72600757423032
ISU_ILCC,set1_dQn_m,GPR,log,protocol_holdout,hybrid,2,192,19.32185610599019
ISU_ILCC,set1_dQn_m,GPR,log,protocol_holdout,hybrid,2,193,19.359149230913296
ISU_ILCC,set1_dQn_m,GPR,log,protocol_holdout,hybrid,3,16,58.451295147652495
ISU_ILCC,set1_dQn_m,GPR,log,protocol_holdout,hybrid,3,32,39.647073021831815
ISU_ILCC,set1_dQn_m,GPR,log,protocol_holdout,hybrid,3,48,18.426527763022595
ISU_ILCC,set1_dQn_m,GPR,log,protocol_holdout,hybrid,3,64,16.31481840781907
ISU_ILCC,set1_dQn_m,GPR,log,protocol_holdout,hybrid,3,80,15.420195944170205
ISU_ILCC,set1_dQn_m,GPR,log,protocol_holdout,hybrid,3,96,14.837529442633778
ISU_ILCC,set1_dQn_m,GPR,log,protocol_holdout,hybrid,3,112,15.158493713608
ISU_ILCC,set1_dQn_m,GPR,log,protocol_holdout,hybrid,3,128,16.19381020845092
ISU_ILCC,set1_dQn_m,GPR,log,protocol_holdout,hybrid,3,144,16.32760462694126
ISU_ILCC,set1_dQn_m,GPR,log,protocol_holdout,hybrid,3,160,16.751198479661063
ISU_ILCC,set1_dQn_m,GPR,log,protocol_holdout,hybrid,3,176,16.954999163457455
ISU_ILCC,set1_dQn_m,GPR,log,protocol_holdout,hybrid,3,192,17.233327443044843
ISU_ILCC,set1_dQn_m,GPR,log,protocol_holdout,hybrid,3,193,17.23437006460966
ISU_ILCC,set1_dQn_m,GPR,log,protocol_holdout,hybrid,4,16,27.502257270024327
ISU_ILCC,set1_dQn_m,GPR,log,protocol_holdout,hybrid,4,32,25.294429397946
ISU_ILCC,set1_dQn_m,GPR,log,protocol_holdout,hybrid,4,48,22.05017512394555
ISU_ILCC,set1_dQn_m,GPR,log,protocol_holdout,hybrid,4,64,19.413549168774427
ISU_ILCC,set1_dQn_m,GPR,log,protocol_holdout,hybrid,4,80,18.18064091539152
ISU_ILCC,set1_dQn_m,GPR,log,protocol_holdout,hybrid,4,96,16.884012751641546
ISU_ILCC,set1_dQn_m,GPR,log,protocol_holdout,hybrid,4,112,16.95628533779512
ISU_ILCC,set1_dQn_m,GPR,log,protocol_holdout,hybrid,4,128,17.03371035808455
ISU_ILCC,set1_dQn_m,GPR,log,protocol_holdout,hybrid,4,144,16.890511328843687
ISU_ILCC,set1_dQn_m,GPR,log,protocol_holdout,hybrid,4,160,18.439288170514125
ISU_ILCC,set1_dQn_m,GPR,log,protocol_holdout,hybrid,4,176,18.328329551443733
ISU_ILCC,set1_dQn_m,GPR,log,protocol_holdout,hybrid,4,192,19.116828625015224
ISU_ILCC,set1_dQn_m,GPR,log,protocol_holdout,hybrid,4,193,19.07212226107384
ISU_ILCC,set1_dQn_m,GPR,log,protocol_holdout,hybrid,5,16,36.45392315553717
ISU_ILCC,set1_dQn_m,GPR,log,protocol_holdout,hybrid,5,32,31.079198406144588
ISU_ILCC,set1_dQn_m,GPR,log,protocol_holdout,hybrid,5,48,24.751035030653448
ISU_ILCC,set1_dQn_m,GPR,log,protocol_holdout,hybrid,5,64,23.636514522016263
ISU_ILCC,set1_dQn_m,GPR,log,protocol_holdout,hybrid,5,80,23.180539047166107
ISU_ILCC,set1_dQn_m,GPR,log,protocol_holdout,hybrid,5,96,22.858353627840486
ISU_ILCC,set1_dQn_m,GPR,log,protocol_holdout,hybrid,5,112,23.52107770060256
ISU_ILCC,set1_dQn_m,GPR,log,protocol_holdout,hybrid,5,128,22.98392988652323
ISU_ILCC,set1_dQn_m,GPR,log,protocol_holdout,hybrid,5,144,23.469301284881126
ISU_ILCC,set1_dQn_m,GPR,log,protocol_holdout,hybrid,5,160,23.312346163842733
ISU_ILCC,set1_dQn_m,GPR,log,protocol_holdout,hybrid,5,176,23.18542510550913
ISU_ILCC,set1_dQn_m,GPR,log,protocol_holdout,hybrid,5,192,22.99450141513132
ISU_ILCC,set1_dQn_m,GPR,log,protocol_holdout,hybrid,5,193,22.973177703995752
ISU_ILCC,set1_dQn_m,GPR,log,protocol_holdout,hybrid,6,16,34.55775690277568
ISU_ILCC,set1_dQn_m,GPR,log,protocol_holdout,hybrid,6,32,24.50155732287938
ISU_ILCC,set1_dQn_m,GPR,log,protocol_holdout,hybrid,6,48,19.93745480768242
ISU_ILCC,set1_dQn_m,GPR,log,protocol_holdout,hybrid,6,64,21.51911517912837
ISU_ILCC,set1_dQn_m,GPR,log,protocol_holdout,hybrid,6,80,19.242740654222946
ISU_ILCC,set1_dQn_m,GPR,log,protocol_holdout,hybrid,6,96,19.03132458797559
ISU_ILCC,set1_dQn_m,GPR,log,protocol_holdout,hybrid,6,112,19.922932219578527
ISU_ILCC,set1_dQn_m,GPR,log,protocol_holdout,hybrid,6,128,17.492007709065184
ISU_ILCC,set1_dQn_m,GPR,log,protocol_holdout,hybrid,6,144,17.341174071161568
ISU_ILCC,set1_dQn_m,GPR,log,protocol_holdout,hybrid,6,160,17.369459957330196
ISU_ILCC,set1_dQn_m,GPR,log,protocol_holdout,hybrid,6,176,16.940614076521292
ISU_ILCC,set1_dQn_m,GPR,log,protocol_holdout,hybrid,6,192,16.4614867286969
ISU_ILCC,set1_dQn_m,GPR,log,protocol_holdout,hybrid,6,193,16.50191080236139
ISU_ILCC,set1_dQn_m,GPR,log,protocol_holdout,hybrid,7,16,27.292621274034563
ISU_ILCC,set1_dQn_m,GPR,log,protocol_holdout,hybrid,7,32,38.23792774348404
ISU_ILCC,set1_dQn_m,GPR,log,protocol_holdout,hybrid,7,48,25.282915772431146
ISU_ILCC,set1_dQn_m,GPR,log,protocol_holdout,hybrid,7,64,21.38811656845413
ISU_ILCC,set1_dQn_m,GPR,log,protocol_holdout,hybrid,7,80,21.744382944128784
ISU_ILCC,set1_dQn_m,GPR,log,protocol_holdout,hybrid,7,96,23.06652550341678
ISU_ILCC,set1_dQn_m,GPR,log,protocol_holdout,hybrid,7,112,23.733621932124848
ISU_ILCC,set1_dQn_m,GPR,log,protocol_holdout,hybrid,7,128,24.07500110621875
ISU_ILCC,set1_dQn_m,GPR,log,protocol_holdout,hybrid,7,144,24.250972785336543
ISU_ILCC,set1_dQn_m,GPR,log,protocol_holdout,hybrid,7,160,23.752280384566525
ISU_ILCC,set1_dQn_m,GPR,log,protocol_holdout,hybrid,7,176,22.43292881473752
ISU_ILCC,set1_dQn_m,GPR,log,protocol_holdout,hybrid,7,192,21.73991904994028
ISU_ILCC,set1_dQn_m,GPR,log,protocol_holdout,hybrid,7,193,21.662392063548083
ISU_ILCC,set1_dQn_m,GPR,log,protocol_holdout,hybrid,8,16,98.11356168131924
ISU_ILCC,set1_dQn_m,GPR,log,protocol_holdout,hybrid,8,32,44.979106807546
ISU_ILCC,set1_dQn_m,GPR,log,protocol_holdout,hybrid,8,48,31.61589418107364
ISU_ILCC,set1_dQn_m,GPR,log,protocol_holdout,hybrid,8,64,30.318629130084656
ISU_ILCC,set1_dQn_m,GPR,log,protocol_holdout,hybrid,8,80,30.721724013936875
ISU_ILCC,set1_dQn_m,GPR,log,protocol_holdout,hybrid,8,96,28.956569794103675
ISU_ILCC,set1_dQn_m,GPR,log,protocol_holdout,hybrid,8,112,28.22545450778913
ISU_ILCC,set1_dQn_m,GPR,log,protocol_holdout,hybrid,8,128,27.50136997633368
ISU_ILCC,set1_dQn_m,GPR,log,protocol_holdout,hybrid,8,144,27.91239925360814
ISU_ILCC,set1_dQn_m,GPR,log,protocol_holdout,hybrid,8,160,26.626053114238672
ISU_ILCC,set1_dQn_m,GPR,log,protocol_holdout,hybrid,8,176,26.4670393768822
ISU_ILCC,set1_dQn_m,GPR,log,protocol_holdout,hybrid,8,192,25.552846976721103
ISU_ILCC,set1_dQn_m,GPR,log,protocol_holdout,hybrid,8,193,25.57155270331121
ISU_ILCC,set1_dQn_m,GPR,log,protocol_holdout,hybrid,9,16,34.14331089218084
ISU_ILCC,set1_dQn_m,GPR,log,protocol_holdout,hybrid,9,32,26.13588741771473
ISU_ILCC,set1_dQn_m,GPR,log,protocol_holdout,hybrid,9,48,22.94893103623844
ISU_ILCC,set1_dQn_m,GPR,log,protocol_holdout,hybrid,9,64,23.29689278960519
ISU_ILCC,set1_dQn_m,GPR,log,protocol_holdout,hybrid,9,80,23.199151122682263
ISU_ILCC,set1_dQn_m,GPR,log,protocol_holdout,hybrid,9,96,23.322500916797285
ISU_ILCC,set1_dQn_m,GPR,log,protocol_holdout,hybrid,9,112,23.86425738088763
ISU_ILCC,set1_dQn_m,GPR,log,protocol_holdout,hybrid,9,128,23.975457066389712
ISU_ILCC,set1_dQn_m,GPR,log,protocol_holdout,hybrid,9,144,22.33421842833525
ISU_ILCC,set1_dQn_m,GPR,log,protocol_holdout,hybrid,9,160,23.44665159678869
ISU_ILCC,set1_dQn_m,GPR,log,protocol_holdout,hybrid,9,176,23.53996881186511
ISU_ILCC,set1_dQn_m,GPR,log,protocol_holdout,hybrid,9,192,23.17499244965796
ISU_ILCC,set1_dQn_m,GPR,log,protocol_holdout,hybrid,9,193,23.27242356966828
ISU_ILCC,set1_dQn_m,GPR,log,protocol_holdout,hybrid,10,16,42.45745161904366
ISU_ILCC,set1_dQn_m,GPR,log,protocol_holdout,hybrid,10,32,29.32654446027998
ISU_ILCC,set1_dQn_m,GPR,log,protocol_holdout,hybrid,10,48,27.938766961041228
ISU_ILCC,set1_dQn_m,GPR,log,protocol_holdout,hybrid,10,64,26.9136493254158
ISU_ILCC,set1_dQn_m,GPR,log,protocol_holdout,hybrid,10,80,23.475195823376367
ISU_ILCC,set1_dQn_m,GPR,log,protocol_holdout,hybrid,10,96,24.068751612986706
ISU_ILCC,set1_dQn_m,GPR,log,protocol_holdout,hybrid,10,112,24.06296124573951
ISU_ILCC,set1_dQn_m,GPR,log,protocol_holdout,hybrid,10,128,21.510844101785963
ISU_ILCC,set1_dQn_m,GPR,log,protocol_holdout,hybrid,10,144,20.413104002387293
ISU_ILCC,set1_dQn_m,GPR,log,protocol_holdout,hybrid,10,160,19.593082257416583
ISU_ILCC,set1_dQn_m,GPR,log,protocol_holdout,hybrid,10,176,19.84439024862565
ISU_ILCC,set1_dQn_m,GPR,log,protocol_holdout,hybrid,10,192,20.20149300745184
ISU_ILCC,set1_dQn_m,GPR,log,protocol_holdout,hybrid,10,193,20.51597439781928
LSD_Primary,set1_dQn_m,GPR,log,protocol_holdout,random_selection,1,6,108.66814715613047
LSD_Primary,set1_dQn_m,GPR,log,protocol_holdout,random_selection,1,12,101.06786777572674
LSD_Primary,set1_dQn_m,GPR,log,protocol_holdout,random_selection,1,18,116.58046707169396
LSD_Primary,set1_dQn_m,GPR,log,protocol_holdout,random_selection,1,24,68.56440213599025
LSD_Primary,set1_dQn_m,GPR,log,protocol_holdout,random_selection,1,30,57.75350586407699
LSD_Primary,set1_dQn_m,GPR,log,protocol_holdout,random_selection,1,36,44.70736106009501
LSD_Primary,set1_dQn_m,GPR,log,protocol_holdout,random_selection,1,42,30.2222549456491
LSD_Primary,set1_dQn_m,GPR,log,protocol_holdout,random_selection,1,48,29.68298931338948
LSD_Primary,set1_dQn_m,GPR,log,protocol_holdout,random_selection,1,54,29.32368223113
LSD_Primary,set1_dQn_m,GPR,log,protocol_holdout,random_selection,1,58,25.948504670039743
LSD_Primary,set1_dQn_m,GPR,log,protocol_holdout,random_selection,2,6,31.62272587818676
LSD_Primary,set1_dQn_m,GPR,log,protocol_holdout,random_selection,2,12,32.400279495574026
LSD_Primary,set1_dQn_m,GPR,log,protocol_holdout,random_selection,2,18,29.180590994261674
LSD_Primary,set1_dQn_m,GPR,log,protocol_holdout,random_selection,2,24,22.967856502918
LSD_Primary,set1_dQn_m,GPR,log,protocol_holdout,random_selection,2,30,21.13043794760082
LSD_Primary,set1_dQn_m,GPR,log,protocol_holdout,random_selection,2,36,28.75127711833664
LSD_Primary,set1_dQn_m,GPR,log,protocol_holdout,random_selection,2,42,29.486935218118287
LSD_Primary,set1_dQn_m,GPR,log,protocol_holdout,random_selection,2,48,28.4468759460124
LSD_Primary,set1_dQn_m,GPR,log,protocol_holdout,random_selection,2,54,28.147430880176728
LSD_Primary,set1_dQn_m,GPR,log,protocol_holdout,random_selection,2,58,27.29916194458487
LSD_Primary,set1_dQn_m,GPR,log,protocol_holdout,random_selection,3,6,33.25007763332005
LSD_Primary,set1_dQn_m,GPR,log,protocol_holdout,random_selection,3,12,27.32401587644001
LSD_Primary,set1_dQn_m,GPR,log,protocol_holdout,random_selection,3,18,20.2284289693346
LSD_Primary,set1_dQn_m,GPR,log,protocol_holdout,random_selection,3,24,37.36332620212845
LSD_Primary,set1_dQn_m,GPR,log,protocol_holdout,random_selection,3,30,25.75551846584524
LSD_Primary,set1_dQn_m,GPR,log,protocol_holdout,random_selection,3,36,20.24019336165876
LSD_Primary,set1_dQn_m,GPR,log,protocol_holdout,random_selection,3,42,20.22771628419953
LSD_Primary,set1_dQn_m,GPR,log,protocol_holdout,random_selection,3,48,18.94025174366076
LSD_Primary,set1_dQn_m,GPR,log,protocol_holdout,random_selection,3,54,17.539401657691574
LSD_Primary,set1_dQn_m,GPR,log,protocol_holdout,random_selection,3,58,17.056595612013034
LSD_Primary,set1_dQn_m,GPR,log,protocol_holdout,random_selection,4,6,97.19865534607467
LSD_Primary,set1_dQn_m,GPR,log,protocol_holdout,random_selection,4,12,60.88179098092292
LSD_Primary,set1_dQn_m,GPR,log,protocol_holdout,random_selection,4,18,53.29793183808966
LSD_Primary,set1_dQn_m,GPR,log,protocol_holdout,random_selection,4,24,49.37214402540797
LSD_Primary,set1_dQn_m,GPR,log,protocol_holdout,random_selection,4,30,49.8041204292032
LSD_Primary,set1_dQn_m,GPR,log,protocol_holdout,random_selection,4,36,44.23924605952283
LSD_Primary,set1_dQn_m,GPR,log,protocol_holdout,random_selection,4,42,22.967177973428253
LSD_Primary,set1_dQn_m,GPR,log,protocol_holdout,random_selection,4,48,22.827572206862488
LSD_Primary,set1_dQn_m,GPR,log,protocol_holdout,random_selection,4,54,21.535119321150333
LSD_Primary,set1_dQn_m,GPR,log,protocol_holdout,random_selection,4,58,19.511315247657336
LSD_Primary,set1_dQn_m,GPR,log,protocol_holdout,random_selection,5,6,75.90965467438234
LSD_Primary,set1_dQn_m,GPR,log,protocol_holdout,random_selection,5,12,113.63440483250716
LSD_Primary,set1_dQn_m,GPR,log,protocol_holdout,random_selection,5,18,82.38267355091567
LSD_Primary,set1_dQn_m,GPR,log,protocol_holdout,random_selection,5,24,73.6274952159312
LSD_Primary,set1_dQn_m,GPR,log,protocol_holdout,random_selection,5,30,39.13525074037853
LSD_Primary,set1_dQn_m,GPR,log,protocol_holdout,random_selection,5,36,38.099513473477366
LSD_Primary,set1_dQn_m,GPR,log,protocol_holdout,random_selection,5,42,54.89581758499678
LSD_Primary,set1_dQn_m,GPR,log,protocol_holdout,random_selection,5,48,51.44772905884554
LSD_Primary,set1_dQn_m,GPR,log,protocol_holdout,random_selection,5,54,32.17049388362944
LSD_Primary,set1_dQn_m,GPR,log,protocol_holdout,random_selection,5,58,31.909032112045
LSD_Primary,set1_dQn_m,GPR,log,protocol_holdout,random_selection,6,6,108.73674075811186
LSD_Primary,set1_dQn_m,GPR,log,protocol_holdout,random_selection,6,12,112.83249877781118
LSD_Primary,set1_dQn_m,GPR,log,protocol_holdout,random_selection,6,18,72.59305110996995
LSD_Primary,set1_dQn_m,GPR,log,protocol_holdout,random_selection,6,24,45.89628942883063
LSD_Primary,set1_dQn_m,GPR,log,protocol_holdout,random_selection,6,30,49.77638505165159
LSD_Primary,set1_dQn_m,GPR,log,protocol_holdout,random_selection,6,36,44.55283054778833
LSD_Primary,set1_dQn_m,GPR,log,protocol_holdout,random_selection,6,42,38.39154386835922
LSD_Primary,set1_dQn_m,GPR,log,protocol_holdout,random_selection,6,48,34.70280728524965
LSD_Primary,set1_dQn_m,GPR,log,protocol_holdout,random_selection,6,54,30.392624746945256
LSD_Primary,set1_dQn_m,GPR,log,protocol_holdout,random_selection,6,58,31.28788210330856
LSD_Primary,set1_dQn_m,GPR,log,protocol_holdout,random_selection,7,6,74.44851998536988
LSD_Primary,set1_dQn_m,GPR,log,protocol_holdout,random_selection,7,12,69.33258677743854
LSD_Primary,set1_dQn_m,GPR,log,protocol_holdout,random_selection,7,18,40.5002224159247
LSD_Primary,set1_dQn_m,GPR,log,protocol_holdout,random_selection,7,24,49.57047906381677
LSD_Primary,set1_dQn_m,GPR,log,protocol_holdout,random_selection,7,30,48.17372159314694
LSD_Primary,set1_dQn_m,GPR,log,protocol_holdout,random_selection,7,36,45.89585869672108
LSD_Primary,set1_dQn_m,GPR,log,protocol_holdout,random_selection,7,42,34.99612424534585
LSD_Primary,set1_dQn_m,GPR,log,protocol_holdout,random_selection,7,48,33.5976917908636
LSD_Primary,set1_dQn_m,GPR,log,protocol_holdout,random_selection,7,54,32.505730501590044
LSD_Primary,set1_dQn_m,GPR,log,protocol_holdout,random_selection,7,58,31.01928275982024
LSD_Primary,set1_dQn_m,GPR,log,protocol_holdout,random_selection,8,6,213.34968541942644
LSD_Primary,set1_dQn_m,GPR,log,protocol_holdout,random_selection,8,12,226.8783638501215
LSD_Primary,set1_dQn_m,GPR,log,protocol_holdout,random_selection,8,18,222.59962760812496
LSD_Primary,set1_dQn_m,GPR,log,protocol_holdout,random_selection,8,24,163.18356008278508
LSD_Primary,set1_dQn_m,GPR,log,protocol_holdout,random_selection,8,30,138.26086284919444
LSD_Primary,set1_dQn_m,GPR,log,protocol_holdout,random_selection,8,36,90.1997988961632
LSD_Primary,set1_dQn_m,GPR,log,protocol_holdout,random_selection,8,42,60.5089548632903
LSD_Primary,set1_dQn_m,GPR,log,protocol_holdout,random_selection,8,48,27.72789284210868
LSD_Primary,set1_dQn_m,GPR,log,protocol_holdout,random_selection,8,54,27.06147546893319
LSD_Primary,set1_dQn_m,GPR,log,protocol_holdout,random_selection,8,58,26.791771599711065
LSD_Primary,set1_dQn_m,GPR,log,protocol_holdout,random_selection,9,6,34.905449309090066
LSD_Primary,set1_dQn_m,GPR,log,protocol_holdout,random_selection,9,12,57.719575449436576
LSD_Primary,set1_dQn_m,GPR,log,protocol_holdout,random_selection,9,18,21.878636825645497
LSD_Primary,set1_dQn_m,GPR,log,protocol_holdout,random_selection,9,24,20.520908507923576
LSD_Primary,set1_dQn_m,GPR,log,protocol_holdout,random_selection,9,30,20.92687891749874
LSD_Primary,set1_dQn_m,GPR,log,protocol_holdout,random_selection,9,36,19.962362130746367
LSD_Primary,set1_dQn_m,GPR,log,protocol_holdout,random_selection,9,42,18.366249463887225
LSD_Primary,set1_dQn_m,GPR,log,protocol_holdout,random_selection,9,48,17.635222597279657
LSD_Primary,set1_dQn_m,GPR,log,protocol_holdout,random_selection,9,54,17.364042231532668
LSD_Primary,set1_dQn_m,GPR,log,protocol_holdout,random_selection,9,58,16.6759301263713
LSD_Primary,set1_dQn_m,GPR,log,protocol_holdout,random_selection,10,6,116.71880344945528
LSD_Primary,set1_dQn_m,GPR,log,protocol_holdout,random_selection,10,12,137.11494169388075
LSD_Primary,set1_dQn_m,GPR,log,protocol_holdout,random_selection,10,18,155.8856799238063
LSD_Primary,set1_dQn_m,GPR,log,protocol_holdout,random_selection,10,24,166.0419577477398
LSD_Primary,set1_dQn_m,GPR,log,protocol_holdout,random_selection,10,30,149.6275990043045
LSD_Primary,set1_dQn_m,GPR,log,protocol_holdout,random_selection,10,36,80.67569442376502
LSD_Primary,set1_dQn_m,GPR,log,protocol_holdout,random_selection,10,42,76.47144659949102
LSD_Primary,set1_dQn_m,GPR,log,protocol_holdout,random_selection,10,48,70.56096997872756
LSD_Primary,set1_dQn_m,GPR,log,protocol_holdout,random_selection,10,54,73.92660420230676
LSD_Primary,set1_dQn_m,GPR,log,protocol_holdout,random_selection,10,58,73.58547641407495
LSD_Primary,set1_dQn_m,GPR,log,protocol_holdout,diversity_oneshot,1,6,84.78672032573371
LSD_Primary,set1_dQn_m,GPR,log,protocol_holdout,diversity_oneshot,1,12,50.08692997646389
LSD_Primary,set1_dQn_m,GPR,log,protocol_holdout,diversity_oneshot,1,18,50.32461042154735
LSD_Primary,set1_dQn_m,GPR,log,protocol_holdout,diversity_oneshot,1,24,32.21984402139046
LSD_Primary,set1_dQn_m,GPR,log,protocol_holdout,diversity_oneshot,1,30,30.640150977829595
LSD_Primary,set1_dQn_m,GPR,log,protocol_holdout,diversity_oneshot,1,36,28.90918915981321
LSD_Primary,set1_dQn_m,GPR,log,protocol_holdout,diversity_oneshot,1,42,29.271226459007423
LSD_Primary,set1_dQn_m,GPR,log,protocol_holdout,diversity_oneshot,1,48,26.841255041058727
LSD_Primary,set1_dQn_m,GPR,log,protocol_holdout,diversity_oneshot,1,54,25.60145479364485
LSD_Primary,set1_dQn_m,GPR,log,protocol_holdout,diversity_oneshot,1,58,25.948504670039743
LSD_Primary,set1_dQn_m,GPR,log,protocol_holdout,diversity_oneshot,2,6,34.82710592493984
LSD_Primary,set1_dQn_m,GPR,log,protocol_holdout,diversity_oneshot,2,12,30.89684986549297
LSD_Primary,set1_dQn_m,GPR,log,protocol_holdout,diversity_oneshot,2,18,30.40493781230224
LSD_Primary,set1_dQn_m,GPR,log,protocol_holdout,diversity_oneshot,2,24,29.48203556578631
LSD_Primary,set1_dQn_m,GPR,log,protocol_holdout,diversity_oneshot,2,30,29.177357849264663
LSD_Primary,set1_dQn_m,GPR,log,protocol_holdout,diversity_oneshot,2,36,23.194033113835207
LSD_Primary,set1_dQn_m,GPR,log,protocol_holdout,diversity_oneshot,2,42,25.71506358585017
LSD_Primary,set1_dQn_m,GPR,log,protocol_holdout,diversity_oneshot,2,48,25.778191892522035
LSD_Primary,set1_dQn_m,GPR,log,protocol_holdout,diversity_oneshot,2,54,26.768642207090554
LSD_Primary,set1_dQn_m,GPR,log,protocol_holdout,diversity_oneshot,2,58,27.29916194458487
LSD_Primary,set1_dQn_m,GPR,log,protocol_holdout,diversity_oneshot,3,6,32.11128045074607
LSD_Primary,set1_dQn_m,GPR,log,protocol_holdout,diversity_oneshot,3,12,23.73388928395317
LSD_Primary,set1_dQn_m,GPR,log,protocol_holdout,diversity_oneshot,3,18,20.509710559039863
LSD_Primary,set1_dQn_m,GPR,log,protocol_holdout,diversity_oneshot,3,24,23.43730958083331
LSD_Primary,set1_dQn_m,GPR,log,protocol_holdout,diversity_oneshot,3,30,16.12864823670444
LSD_Primary,set1_dQn_m,GPR,log,protocol_holdout,diversity_oneshot,3,36,15.846792665262452
LSD_Primary,set1_dQn_m,GPR,log,protocol_holdout,diversity_oneshot,3,42,25.57722137693223
LSD_Primary,set1_dQn_m,GPR,log,protocol_holdout,diversity_oneshot,3,48,20.876426197195315
LSD_Primary,set1_dQn_m,GPR,log,protocol_holdout,diversity_oneshot,3,54,18.7967196676248
LSD_Primary,set1_dQn_m,GPR,log,protocol_holdout,diversity_oneshot,3,58,17.056595612013034
LSD_Primary,set1_dQn_m,GPR,log,protocol_holdout,diversity_oneshot,4,6,60.42200453436155
LSD_Primary,set1_dQn_m,GPR,log,protocol_holdout,diversity_oneshot,4,12,42.28744789862734
LSD_Primary,set1_dQn_m,GPR,log,protocol_holdout,diversity_oneshot,4,18,37.45019872324157
LSD_Primary,set1_dQn_m,GPR,log,protocol_holdout,diversity_oneshot,4,24,34.21164984786615
LSD_Primary,set1_dQn_m,GPR,log,protocol_holdout,diversity_oneshot,4,30,30.47606401457153
LSD_Primary,set1_dQn_m,GPR,log,protocol_holdout,diversity_oneshot,4,36,21.191464886721928
LSD_Primary,set1_dQn_m,GPR,log,protocol_holdout,diversity_oneshot,4,42,23.120263305982785
LSD_Primary,set1_dQn_m,GPR,log,protocol_holdout,diversity_oneshot,4,48,21.750268796945875
LSD_Primary,set1_dQn_m,GPR,log,protocol_holdout,diversity_oneshot,4,54,20.36954824391722
LSD_Primary,set1_dQn_m,GPR,log,protocol_holdout,diversity_oneshot,4,58,19.511315247657336
LSD_Primary,set1_dQn_m,GPR,log,protocol_holdout,diversity_oneshot,5,6,84.82156641260379
LSD_Primary,set1_dQn_m,GPR,log,protocol_holdout,diversity_oneshot,5,12,33.13587107271847
LSD_Primary,set1_dQn_m,GPR,log,protocol_holdout,diversity_oneshot,5,18,30.7953089820604
LSD_Primary,set1_dQn_m,GPR,log,protocol_holdout,diversity_oneshot,5,24,33.10868218612735
LSD_Primary,set1_dQn_m,GPR,log,protocol_holdout,diversity_oneshot,5,30,28.57258164346327
LSD_Primary,set1_dQn_m,GPR,log,protocol_holdout,diversity_oneshot,5,36,29.93667279455489
LSD_Primary,set1_dQn_m,GPR,log,protocol_holdout,diversity_oneshot,5,42,30.247289456242022
LSD_Primary,set1_dQn_m,GPR,log,protocol_holdout,diversity_oneshot,5,48,29.7244736208156
LSD_Primary,set1_dQn_m,GPR,log,protocol_holdout,diversity_oneshot,5,54,31.62175019307021
LSD_Primary,set1_dQn_m,GPR,log,protocol_holdout,diversity_oneshot,5,58,31.909032112045
LSD_Primary,set1_dQn_m,GPR,log,protocol_holdout,diversity_oneshot,6,6,81.01611646226453
LSD_Primary,set1_dQn_m,GPR,log,protocol_holdout,diversity_oneshot,6,12,21.12403100078376
LSD_Primary,set1_dQn_m,GPR,log,protocol_holdout,diversity_oneshot,6,18,21.902397973926835
LSD_Primary,set1_dQn_m,GPR,log,protocol_holdout,diversity_oneshot,6,24,20.8756700268294
LSD_Primary,set1_dQn_m,GPR,log,protocol_holdout,diversity_oneshot,6,30,17.514806511904997
LSD_Primary,set1_dQn_m,GPR,log,protocol_holdout,diversity_oneshot,6,36,22.01198290973658
LSD_Primary,set1_dQn_m,GPR,log,protocol_holdout,diversity_oneshot,6,42,23.637937715784023
LSD_Primary,set1_dQn_m,GPR,log,protocol_holdout,diversity_oneshot,6,48,25.15115136017237
LSD_Primary,set1_dQn_m,GPR,log,protocol_holdout,diversity_oneshot,6,54,30.909941258493102
LSD_Primary,set1_dQn_m,GPR,log,protocol_holdout,diversity_oneshot,6,58,31.28788210330856
LSD_Primary,set1_dQn_m,GPR,log,protocol_holdout,diversity_oneshot,7,6,42.10375271174928
LSD_Primary,set1_dQn_m,GPR,log,protocol_holdout,diversity_oneshot,7,12,32.90035148814263
LSD_Primary,set1_dQn_m,GPR,log,protocol_holdout,diversity_oneshot,7,18,33.96974665275999
LSD_Primary,set1_dQn_m,GPR,log,protocol_holdout,diversity_oneshot,7,24,31.86315296263346
LSD_Primary,set1_dQn_m,GPR,log,protocol_holdout,diversity_oneshot,7,30,36.333545633559126
LSD_Primary,set1_dQn_m,GPR,log,protocol_holdout,diversity_oneshot,7,36,31.21947183046656
LSD_Primary,set1_dQn_m,GPR,log,protocol_holdout,diversity_oneshot,7,42,28.605251942530973
LSD_Primary,set1_dQn_m,GPR,log,protocol_holdout,diversity_oneshot,7,48,28.17705487143456
LSD_Primary,set1_dQn_m,GPR,log,protocol_holdout,diversity_oneshot,7,54,30.58982359533413
LSD_Primary,set1_dQn_m,GPR,log,protocol_holdout,diversity_oneshot,7,58,31.01928275982024
LSD_Primary,set1_dQn_m,GPR,log,protocol_holdout,diversity_oneshot,8,6,87.2149098214889
LSD_Primary,set1_dQn_m,GPR,log,protocol_holdout,diversity_oneshot,8,12,32.72810776911255
LSD_Primary,set1_dQn_m,GPR,log,protocol_holdout,diversity_oneshot,8,18,28.83461507074072
LSD_Primary,set1_dQn_m,GPR,log,protocol_holdout,diversity_oneshot,8,24,24.538568495753942
LSD_Primary,set1_dQn_m,GPR,log,protocol_holdout,diversity_oneshot,8,30,25.03136063136948
LSD_Primary,set1_dQn_m,GPR,log,protocol_holdout,diversity_oneshot,8,36,23.220297452144152
LSD_Primary,set1_dQn_m,GPR,log,protocol_holdout,diversity_oneshot,8,42,25.765323644408976
LSD_Primary,set1_dQn_m,GPR,log,protocol_holdout,diversity_oneshot,8,48,24.54268088451288
LSD_Primary,set1_dQn_m,GPR,log,protocol_holdout,diversity_oneshot,8,54,26.65871796363492
LSD_Primary,set1_dQn_m,GPR,log,protocol_holdout,diversity_oneshot,8,58,26.791771599711065
LSD_Primary,set1_dQn_m,GPR,log,protocol_holdout,diversity_oneshot,9,6,37.76567986720723
LSD_Primary,set1_dQn_m,GPR,log,protocol_holdout,diversity_oneshot,9,12,35.795883682919616
LSD_Primary,set1_dQn_m,GPR,log,protocol_holdout,diversity_oneshot,9,18,26.942375281800786
LSD_Primary,set1_dQn_m,GPR,log,protocol_holdout,diversity_oneshot,9,24,24.531109480822945
LSD_Primary,set1_dQn_m,GPR,log,protocol_holdout,diversity_oneshot,9,30,21.003457697643547
LSD_Primary,set1_dQn_m,GPR,log,protocol_holdout,diversity_oneshot,9,36,17.842728586707025
LSD_Primary,set1_dQn_m,GPR,log,protocol_holdout,diversity_oneshot,9,42,20.438238077803582
LSD_Primary,set1_dQn_m,GPR,log,protocol_holdout,diversity_oneshot,9,48,19.73838771918128
LSD_Primary,set1_dQn_m,GPR,log,protocol_holdout,diversity_oneshot,9,54,17.48707701570477
LSD_Primary,set1_dQn_m,GPR,log,protocol_holdout,diversity_oneshot,9,58,16.6759301263713
LSD_Primary,set1_dQn_m,GPR,log,protocol_holdout,diversity_oneshot,10,6,66.0953888746783
LSD_Primary,set1_dQn_m,GPR,log,protocol_holdout,diversity_oneshot,10,12,65.8465036730273
LSD_Primary,set1_dQn_m,GPR,log,protocol_holdout,diversity_oneshot,10,18,24.643973731070183
LSD_Primary,set1_dQn_m,GPR,log,protocol_holdout,diversity_oneshot,10,24,66.01365357159725
LSD_Primary,set1_dQn_m,GPR,log,protocol_holdout,diversity_oneshot,10,30,66.11726113417944
LSD_Primary,set1_dQn_m,GPR,log,protocol_holdout,diversity_oneshot,10,36,67.09561871884547
LSD_Primary,set1_dQn_m,GPR,log,protocol_holdout,diversity_oneshot,10,42,68.40180286744182
LSD_Primary,set1_dQn_m,GPR,log,protocol_holdout,diversity_oneshot,10,48,70.53441425145532
LSD_Primary,set1_dQn_m,GPR,log,protocol_holdout,diversity_oneshot,10,54,71.81533891925241
LSD_Primary,set1_dQn_m,GPR,log,protocol_holdout,diversity_oneshot,10,58,73.58547641407495
LSD_Primary,set1_dQn_m,GPR,log,protocol_holdout,diversity_iterative,1,6,84.78672032573371
LSD_Primary,set1_dQn_m,GPR,log,protocol_holdout,diversity_iterative,1,12,46.93431350666402
LSD_Primary,set1_dQn_m,GPR,log,protocol_holdout,diversity_iterative,1,18,46.4582710886536
LSD_Primary,set1_dQn_m,GPR,log,protocol_holdout,diversity_iterative,1,24,38.88966731726769
LSD_Primary,set1_dQn_m,GPR,log,protocol_holdout,diversity_iterative,1,30,40.83959521538824
LSD_Primary,set1_dQn_m,GPR,log,protocol_holdout,diversity_iterative,1,36,34.29633187790906
LSD_Primary,set1_dQn_m,GPR,log,protocol_holdout,diversity_iterative,1,42,28.01779910695772
LSD_Primary,set1_dQn_m,GPR,log,protocol_holdout,diversity_iterative,1,48,25.682770892831464
LSD_Primary,set1_dQn_m,GPR,log,protocol_holdout,diversity_iterative,1,54,25.47757350480069
LSD_Primary,set1_dQn_m,GPR,log,protocol_holdout,diversity_iterative,1,58,25.948504670039743
LSD_Primary,set1_dQn_m,GPR,log,protocol_holdout,diversity_iterative,2,6,34.82710592493984
LSD_Primary,set1_dQn_m,GPR,log,protocol_holdout,diversity_iterative,2,12,35.13655209391034
LSD_Primary,set1_dQn_m,GPR,log,protocol_holdout,diversity_iterative,2,18,33.54981151303479
LSD_Primary,set1_dQn_m,GPR,log,protocol_holdout,diversity_iterative,2,24,31.35761487494509
LSD_Primary,set1_dQn_m,GPR,log,protocol_holdout,diversity_iterative,2,30,29.384875584975173
LSD_Primary,set1_dQn_m,GPR,log,protocol_holdout,diversity_iterative,2,36,29.210158378704698
LSD_Primary,set1_dQn_m,GPR,log,protocol_holdout,diversity_iterative,2,42,25.492897844414657
LSD_Primary,set1_dQn_m,GPR,log,protocol_holdout,diversity_iterative,2,48,27.09786102528121
LSD_Primary,set1_dQn_m,GPR,log,protocol_holdout,diversity_iterative,2,54,28.344099728812584
LSD_Primary,set1_dQn_m,GPR,log,protocol_holdout,diversity_iterative,2,58,27.29916194458487
LSD_Primary,set1_dQn_m,GPR,log,protocol_holdout,diversity_iterative,3,6,32.11128045074607
LSD_Primary,set1_dQn_m,GPR,log,protocol_holdout,diversity_iterative,3,12,22.85606672602638
LSD_Primary,set1_dQn_m,GPR,log,protocol_holdout,diversity_iterative,3,18,32.22872177578522
LSD_Primary,set1_dQn_m,GPR,log,protocol_holdout,diversity_iterative,3,24,28.518243679159504
LSD_Primary,set1_dQn_m,GPR,log,protocol_holdout,diversity_iterative,3,30,28.62472950822722
LSD_Primary,set1_dQn_m,GPR,log,protocol_holdout,diversity_iterative,3,36,25.44002787632812
LSD_Primary,set1_dQn_m,GPR,log,protocol_holdout,diversity_iterative,3,42,17.00088699212823
LSD_Primary,set1_dQn_m,GPR,log,protocol_holdout,diversity_iterative,3,48,17.041566844106654
LSD_Primary,set1_dQn_m,GPR,log,protocol_holdout,diversity_iterative,3,54,17.15839201893129
LSD_Primary,set1_dQn_m,GPR,log,protocol_holdout,diversity_iterative,3,58,17.056595612013034
LSD_Primary,set1_dQn_m,GPR,log,protocol_holdout,diversity_iterative,4,6,60.42200453436155
LSD_Primary,set1_dQn_m,GPR,log,protocol_holdout,diversity_iterative,4,12,51.48254371929831
LSD_Primary,set1_dQn_m,GPR,log,protocol_holdout,diversity_iterative,4,18,42.68769404845888
LSD_Primary,set1_dQn_m,GPR,log,protocol_holdout,diversity_iterative,4,24,39.765274475169406
LSD_Primary,set1_dQn_m,GPR,log,protocol_holdout,diversity_iterative,4,30,35.57300254922792
LSD_Primary,set1_dQn_m,GPR,log,protocol_holdout,diversity_iterative,4,36,34.21444139592916
LSD_Primary,set1_dQn_m,GPR,log,protocol_holdout,diversity_iterative,4,42,22.295298044163143
LSD_Primary,set1_dQn_m,GPR,log,protocol_holdout,diversity_iterative,4,48,22.331612203706253
LSD_Primary,set1_dQn_m,GPR,log,protocol_holdout,diversity_iterative,4,54,19.95171307338618
LSD_Primary,set1_dQn_m,GPR,log,protocol_holdout,diversity_iterative,4,58,19.511315247657336
LSD_Primary,set1_dQn_m,GPR,log,protocol_holdout,diversity_iterative,5,6,84.82156641260379
LSD_Primary,set1_dQn_m,GPR,log,protocol_holdout,diversity_iterative,5,12,28.860248400640625
LSD_Primary,set1_dQn_m,GPR,log,protocol_holdout,diversity_iterative,5,18,27.808846056954568
LSD_Primary,set1_dQn_m,GPR,log,protocol_holdout,diversity_iterative,5,24,26.690584977396423
LSD_Primary,set1_dQn_m,GPR,log,protocol_holdout,diversity_iterative,5,30,29.78468687510865
LSD_Primary,set1_dQn_m,GPR,log,protocol_holdout,diversity_iterative,5,36,38.636581613812005
LSD_Primary,set1_dQn_m,GPR,log,protocol_holdout,diversity_iterative,5,42,31.36348451638828
LSD_Primary,set1_dQn_m,GPR,log,protocol_holdout,diversity_iterative,5,48,32.23530714170366
LSD_Primary,set1_dQn_m,GPR,log,protocol_holdout,diversity_iterative,5,54,32.44646036681119
LSD_Primary,set1_dQn_m,GPR,log,protocol_holdout,diversity_iterative,5,58,31.909032112045
LSD_Primary,set1_dQn_m,GPR,log,protocol_holdout,diversity_iterative,6,6,81.01611646226453
LSD_Primary,set1_dQn_m,GPR,log,protocol_holdout,diversity_iterative,6,12,21.0727200536902
LSD_Primary,set1_dQn_m,GPR,log,protocol_holdout,diversity_iterative,6,18,40.689389641866185
LSD_Primary,set1_dQn_m,GPR,log,protocol_holdout,diversity_iterative,6,24,34.43398506772465
LSD_Primary,set1_dQn_m,GPR,log,protocol_holdout,diversity_iterative,6,30,23.10460627379824
LSD_Primary,set1_dQn_m,GPR,log,protocol_holdout,diversity_iterative,6,36,21.725393077087183
LSD_Primary,set1_dQn_m,GPR,log,protocol_holdout,diversity_iterative,6,42,43.0547779078488
LSD_Primary,set1_dQn_m,GPR,log,protocol_holdout,diversity_iterative,6,48,39.119191144084
LSD_Primary,set1_dQn_m,GPR,log,protocol_holdout,diversity_iterative,6,54,30.5672619233233
LSD_Primary,set1_dQn_m,GPR,log,protocol_holdout,diversity_iterative,6,58,31.28788210330856
LSD_Primary,set1_dQn_m,GPR,log,protocol_holdout,diversity_iterative,7,6,42.10375271174928
LSD_Primary,set1_dQn_m,GPR,log,protocol_holdout,diversity_iterative,7,12,41.26945858839087
LSD_Primary,set1_dQn_m,GPR,log,protocol_holdout,diversity_iterative,7,18,38.69207067851048
LSD_Primary,set1_dQn_m,GPR,log,protocol_holdout,diversity_iterative,7,24,37.40618350287059
LSD_Primary,set1_dQn_m,GPR,log,protocol_holdout,diversity_iterative,7,30,36.58718140734148
LSD_Primary,set1_dQn_m,GPR,log,protocol_holdout,diversity_iterative,7,36,35.02081886969897
LSD_Primary,set1_dQn_m,GPR,log,protocol_holdout,diversity_iterative,7,42,39.53356407096613
LSD_Primary,set1_dQn_m,GPR,log,protocol_holdout,diversity_iterative,7,48,32.84374116147327
LSD_Primary,set1_dQn_m,GPR,log,protocol_holdout,diversity_iterative,7,54,31.505228960558856
LSD_Primary,set1_dQn_m,GPR,log,protocol_holdout,diversity_iterative,7,58,31.01928275982024
LSD_Primary,set1_dQn_m,GPR,log,protocol_holdout,diversity_iterative,8,6,87.2149098214889
LSD_Primary,set1_dQn_m,GPR,log,protocol_holdout,diversity_iterative,8,12,40.68537977254539
LSD_Primary,set1_dQn_m,GPR,log,protocol_holdout,diversity_iterative,8,18,31.573671743682585
LSD_Primary,set1_dQn_m,GPR,log,protocol_holdout,diversity_iterative,8,24,27.847236722725725
LSD_Primary,set1_dQn_m,GPR,log,protocol_holdout,diversity_iterative,8,30,30.40026053642509
LSD_Primary,set1_dQn_m,GPR,log,protocol_holdout,diversity_iterative,8,36,28.122115067393505
LSD_Primary,set1_dQn_m,GPR,log,protocol_holdout,diversity_iterative,8,42,28.9133049093745
LSD_Primary,set1_dQn_m,GPR,log,protocol_holdout,diversity_iterative,8,48,25.31027582636872
LSD_Primary,set1_dQn_m,GPR,log,protocol_holdout,diversity_iterative,8,54,25.977511442156963
LSD_Primary,set1_dQn_m,GPR,log,protocol_holdout,diversity_iterative,8,58,26.791771599711065
LSD_Primary,set1_dQn_m,GPR,log,protocol_holdout,diversity_iterative,9,6,37.76567986720723
LSD_Primary,set1_dQn_m,GPR,log,protocol_holdout,diversity_iterative,9,12,23.132764821290973
LSD_Primary,set1_dQn_m,GPR,log,protocol_holdout,diversity_iterative,9,18,30.798682451997777
LSD_Primary,set1_dQn_m,GPR,log,protocol_holdout,diversity_iterative,9,24,27.05428268007008
LSD_Primary,set1_dQn_m,GPR,log,protocol_holdout,diversity_iterative,9,30,36.11261296654617
LSD_Primary,set1_dQn_m,GPR,log,protocol_holdout,diversity_iterative,9,36,20.332997905885343
LSD_Primary,set1_dQn_m,GPR,log,protocol_holdout,diversity_iterative,9,42,16.751813183666947
LSD_Primary,set1_dQn_m,GPR,log,protocol_holdout,diversity_iterative,9,48,15.053063409594287
LSD_Primary,set1_dQn_m,GPR,log,protocol_holdout,diversity_iterative,9,54,17.377255415969124
LSD_Primary,set1_dQn_m,GPR,log,protocol_holdout,diversity_iterative,9,58,16.6759301263713
LSD_Primary,set1_dQn_m,GPR,log,protocol_holdout,diversity_iterative,10,6,66.0953888746783
LSD_Primary,set1_dQn_m,GPR,log,protocol_holdout,diversity_iterative,10,12,61.97608925840179
LSD_Primary,set1_dQn_m,GPR,log,protocol_holdout,diversity_iterative,10,18,43.19024467724128
LSD_Primary,set1_dQn_m,GPR,log,protocol_holdout,diversity_iterative,10,24,31.44991326038209
LSD_Primary,set1_dQn_m,GPR,log,protocol_holdout,diversity_iterative,10,30,68.34948596859245
LSD_Primary,set1_dQn_m,GPR,log,protocol_holdout,diversity_iterative,10,36,71.07592479377561
LSD_Primary,set1_dQn_m,GPR,log,protocol_holdout,diversity_iterative,10,42,72.16227967297868
LSD_Primary,set1_dQn_m,GPR,log,protocol_holdout,diversity_iterative,10,48,71.68298304547574
LSD_Primary,set1_dQn_m,GPR,log,protocol_holdout,diversity_iterative,10,54,72.31819524587813
LSD_Primary,set1_dQn_m,GPR,log,protocol_holdout,diversity_iterative,10,58,73.58547641407495
LSD_Primary,set1_dQn_m,GPR,log,protocol_holdout,coverage,1,6,108.66814715613047
LSD_Primary,set1_dQn_m,GPR,log,protocol_holdout,coverage,1,12,57.36494537635185
LSD_Primary,set1_dQn_m,GPR,log,protocol_holdout,coverage,1,18,53.600290334075815
LSD_Primary,set1_dQn_m,GPR,log,protocol_holdout,coverage,1,24,33.925568588176674
LSD_Primary,set1_dQn_m,GPR,log,protocol_holdout,coverage,1,30,33.09531337599816
LSD_Primary,set1_dQn_m,GPR,log,protocol_holdout,coverage,1,36,36.03243311707492
LSD_Primary,set1_dQn_m,GPR,log,protocol_holdout,coverage,1,42,38.36769429182439
LSD_Primary,set1_dQn_m,GPR,log,protocol_holdout,coverage,1,48,28.5747128991328
LSD_Primary,set1_dQn_m,GPR,log,protocol_holdout,coverage,1,54,25.11209269621
LSD_Primary,set1_dQn_m,GPR,log,protocol_holdout,coverage,1,58,25.948504670039743
LSD_Primary,set1_dQn_m,GPR,log,protocol_holdout,coverage,2,6,31.62272587818676
LSD_Primary,set1_dQn_m,GPR,log,protocol_holdout,coverage,2,12,30.981701613082684
LSD_Primary,set1_dQn_m,GPR,log,protocol_holdout,coverage,2,18,29.22473991253533
LSD_Primary,set1_dQn_m,GPR,log,protocol_holdout,coverage,2,24,31.317110667303066
LSD_Primary,set1_dQn_m,GPR,log,protocol_holdout,coverage,2,30,26.08790739726821
LSD_Primary,set1_dQn_m,GPR,log,protocol_holdout,coverage,2,36,25.91557431740641
LSD_Primary,set1_dQn_m,GPR,log,protocol_holdout,coverage,2,42,28.517289248337136
LSD_Primary,set1_dQn_m,GPR,log,protocol_holdout,coverage,2,48,29.512336804655213
LSD_Primary,set1_dQn_m,GPR,log,protocol_holdout,coverage,2,54,30.70723083380495
LSD_Primary,set1_dQn_m,GPR,log,protocol_holdout,coverage,2,58,27.29916194458487
LSD_Primary,set1_dQn_m,GPR,log,protocol_holdout,coverage,3,6,33.25007763332005
LSD_Primary,set1_dQn_m,GPR,log,protocol_holdout,coverage,3,12,34.540762082540205
LSD_Primary,set1_dQn_m,GPR,log,protocol_holdout,coverage,3,18,25.564111419827988
LSD_Primary,set1_dQn_m,GPR,log,protocol_holdout,coverage,3,24,18.15748652476245
LSD_Primary,set1_dQn_m,GPR,log,protocol_holdout,coverage,3,30,19.434257989819585
LSD_Primary,set1_dQn_m,GPR,log,protocol_holdout,coverage,3,36,15.823777148829793
LSD_Primary,set1_dQn_m,GPR,log,protocol_holdout,coverage,3,42,27.43046255682379
LSD_Primary,set1_dQn_m,GPR,log,protocol_holdout,coverage,3,48,18.353218986078986
LSD_Primary,set1_dQn_m,GPR,log,protocol_holdout,coverage,3,54,17.492506789296282
LSD_Primary,set1_dQn_m,GPR,log,protocol_holdout,coverage,3,58,17.056595612013034
LSD_Primary,set1_dQn_m,GPR,log,protocol_holdout,coverage,4,6,97.19865534607467
LSD_Primary,set1_dQn_m,GPR,log,protocol_holdout,coverage,4,12,45.194550152092056
LSD_Primary,set1_dQn_m,GPR,log,protocol_holdout,coverage,4,18,32.93637381387901
LSD_Primary,set1_dQn_m,GPR,log,protocol_holdout,coverage,4,24,32.62085408168414
LSD_Primary,set1_dQn_m,GPR,log,protocol_holdout,coverage,4,30,27.992899469225573
LSD_Primary,set1_dQn_m,GPR,log,protocol_holdout,coverage,4,36,19.98995446510309
LSD_Primary,set1_dQn_m,GPR,log,protocol_holdout,coverage,4,42,20.51988499608116
LSD_Primary,set1_dQn_m,GPR,log,protocol_holdout,coverage,4,48,20.799577400404505
LSD_Primary,set1_dQn_m,GPR,log,protocol_holdout,coverage,4,54,20.57313418254382
LSD_Primary,set1_dQn_m,GPR,log,protocol_holdout,coverage,4,58,19.511315247657336
LSD_Primary,set1_dQn_m,GPR,log,protocol_holdout,coverage,5,6,75.90965467438234
LSD_Primary,set1_dQn_m,GPR,log,protocol_holdout,coverage,5,12,27.211749626469683
LSD_Primary,set1_dQn_m,GPR,log,protocol_holdout,coverage,5,18,24.159575499385173
LSD_Primary,set1_dQn_m,GPR,log,protocol_holdout,coverage,5,24,27.795642327358856
LSD_Primary,set1_dQn_m,GPR,log,protocol_holdout,coverage,5,30,34.751390537001654
LSD_Primary,set1_dQn_m,GPR,log,protocol_holdout,coverage,5,36,31.64660146998145
LSD_Primary,set1_dQn_m,GPR,log,protocol_holdout,coverage,5,42,29.22481978602327
LSD_Primary,set1_dQn_m,GPR,log,protocol_holdout,coverage,5,48,32.03691682492584
LSD_Primary,set1_dQn_m,GPR,log,protocol_holdout,coverage,5,54,33.30263966331392
LSD_Primary,set1_dQn_m,GPR,log,protocol_holdout,coverage,5,58,31.909032112045
LSD_Primary,set1_dQn_m,GPR,log,protocol_holdout,coverage,6,6,108.73674075811186
LSD_Primary,set1_dQn_m,GPR,log,protocol_holdout,coverage,6,12,26.98707035417865
LSD_Primary,set1_dQn_m,GPR,log,protocol_holdout,coverage,6,18,18.76629463772917
LSD_Primary,set1_dQn_m,GPR,log,protocol_holdout,coverage,6,24,26.51954821013436
LSD_Primary,set1_dQn_m,GPR,log,protocol_holdout,coverage,6,30,33.47691727134902
LSD_Primary,set1_dQn_m,GPR,log,protocol_holdout,coverage,6,36,21.37092391266887
LSD_Primary,set1_dQn_m,GPR,log,protocol_holdout,coverage,6,42,25.55564898608746
LSD_Primary,set1_dQn_m,GPR,log,protocol_holdout,coverage,6,48,28.1814131273034
LSD_Primary,set1_dQn_m,GPR,log,protocol_holdout,coverage,6,54,29.43472331144392
LSD_Primary,set1_dQn_m,GPR,log,protocol_holdout,coverage,6,58,31.28788210330856
LSD_Primary,set1_dQn_m,GPR,log,protocol_holdout,coverage,7,6,74.44851998536988
LSD_Primary,set1_dQn_m,GPR,log,protocol_holdout,coverage,7,12,40.42176664159105
LSD_Primary,set1_dQn_m,GPR,log,protocol_holdout,coverage,7,18,49.03161109063054
LSD_Primary,set1_dQn_m,GPR,log,protocol_holdout,coverage,7,24,50.09466806806563
LSD_Primary,set1_dQn_m,GPR,log,protocol_holdout,coverage,7,30,41.64409532872431
LSD_Primary,set1_dQn_m,GPR,log,protocol_holdout,coverage,7,36,38.40911304789259
LSD_Primary,set1_dQn_m,GPR,log,protocol_holdout,coverage,7,42,31.3681598086522
LSD_Primary,set1_dQn_m,GPR,log,protocol_holdout,coverage,7,48,34.2529196092257
LSD_Primary,set1_dQn_m,GPR,log,protocol_holdout,coverage,7,54,32.12197507317826
LSD_Primary,set1_dQn_m,GPR,log,protocol_holdout,coverage,7,58,31.01928275982024
LSD_Primary,set1_dQn_m,GPR,log,protocol_holdout,coverage,8,6,213.34968541942644
LSD_Primary,set1_dQn_m,GPR,log,protocol_holdout,coverage,8,12,42.14854712026191
LSD_Primary,set1_dQn_m,GPR,log,protocol_holdout,coverage,8,18,23.683051147824024
LSD_Primary,set1_dQn_m,GPR,log,protocol_holdout,coverage,8,24,25.6035580504708
LSD_Primary,set1_dQn_m,GPR,log,protocol_holdout,coverage,8,30,27.815767157454204
LSD_Primary,set1_dQn_m,GPR,log,protocol_holdout,coverage,8,36,26.3993765920994
LSD_Primary,set1_dQn_m,GPR,log,protocol_holdout,coverage,8,42,25.1202560176687
LSD_Primary,set1_dQn_m,GPR,log,protocol_holdout,coverage,8,48,24.92339863113396
LSD_Primary,set1_dQn_m,GPR,log,protocol_holdout,coverage,8,54,25.921806233715834
LSD_Primary,set1_dQn_m,GPR,log,protocol_holdout,coverage,8,58,26.791771599711065
LSD_Primary,set1_dQn_m,GPR,log,protocol_holdout,coverage,9,6,34.905449309090066
LSD_Primary,set1_dQn_m,GPR,log,protocol_holdout,coverage,9,12,28.11629659633196
LSD_Primary,set1_dQn_m,GPR,log,protocol_holdout,coverage,9,18,28.222741895086124
LSD_Primary,set1_dQn_m,GPR,log,protocol_holdout,coverage,9,24,19.48483714848577
LSD_Primary,set1_dQn_m,GPR,log,protocol_holdout,coverage,9,30,18.70709376440628
LSD_Primary,set1_dQn_m,GPR,log,protocol_holdout,coverage,9,36,17.324033794137794
LSD_Primary,set1_dQn_m,GPR,log,protocol_holdout,coverage,9,42,18.338050393920057
LSD_Primary,set1_dQn_m,GPR,log,protocol_holdout,coverage,9,48,20.14169911757125
LSD_Primary,set1_dQn_m,GPR,log,protocol_holdout,coverage,9,54,17.667871608883615
LSD_Primary,set1_dQn_m,GPR,log,protocol_holdout,coverage,9,58,16.6759301263713
LSD_Primary,set1_dQn_m,GPR,log,protocol_holdout,coverage,10,6,116.71880344945528
LSD_Primary,set1_dQn_m,GPR,log,protocol_holdout,coverage,10,12,50.46220686757834
LSD_Primary,set1_dQn_m,GPR,log,protocol_holdout,coverage,10,18,62.85880275572382
LSD_Primary,set1_dQn_m,GPR,log,protocol_holdout,coverage,10,24,71.3835914936035
LSD_Primary,set1_dQn_m,GPR,log,protocol_holdout,coverage,10,30,75.62552328283549
LSD_Primary,set1_dQn_m,GPR,log,protocol_holdout,coverage,10,36,70.51217613802203
LSD_Primary,set1_dQn_m,GPR,log,protocol_holdout,coverage,10,42,69.45038156366824
LSD_Primary,set1_dQn_m,GPR,log,protocol_holdout,coverage,10,48,74.39479888347144
LSD_Primary,set1_dQn_m,GPR,log,protocol_holdout,coverage,10,54,73.57466338545383
LSD_Primary,set1_dQn_m,GPR,log,protocol_holdout,coverage,10,58,73.58547641407495
LSD_Primary,set1_dQn_m,GPR,log,protocol_holdout,exploration,1,6,108.66814715613047
LSD_Primary,set1_dQn_m,GPR,log,protocol_holdout,exploration,1,12,57.77863524385784
LSD_Primary,set1_dQn_m,GPR,log,protocol_holdout,exploration,1,18,27.60479597177136
LSD_Primary,set1_dQn_m,GPR,log,protocol_holdout,exploration,1,24,27.00858687450515
LSD_Primary,set1_dQn_m,GPR,log,protocol_holdout,exploration,1,30,27.419423984809114
LSD_Primary,set1_dQn_m,GPR,log,protocol_holdout,exploration,1,36,32.02734336039955
LSD_Primary,set1_dQn_m,GPR,log,protocol_holdout,exploration,1,42,31.4816681249004
LSD_Primary,set1_dQn_m,GPR,log,protocol_holdout,exploration,1,48,28.13697122678869
LSD_Primary,set1_dQn_m,GPR,log,protocol_holdout,exploration,1,54,25.832800301591124
LSD_Primary,set1_dQn_m,GPR,log,protocol_holdout,exploration,1,58,25.948504670039743
LSD_Primary,set1_dQn_m,GPR,log,protocol_holdout,exploration,2,6,31.62272587818676
LSD_Primary,set1_dQn_m,GPR,log,protocol_holdout,exploration,2,12,30.981701613082684
LSD_Primary,set1_dQn_m,GPR,log,protocol_holdout,exploration,2,18,36.96203214255119
LSD_Primary,set1_dQn_m,GPR,log,protocol_holdout,exploration,2,24,35.22565578738735
LSD_Primary,set1_dQn_m,GPR,log,protocol_holdout,exploration,2,30,29.3226352875276
LSD_Primary,set1_dQn_m,GPR,log,protocol_holdout,exploration,2,36,31.3671400343579
LSD_Primary,set1_dQn_m,GPR,log,protocol_holdout,exploration,2,42,34.251683694312455
LSD_Primary,set1_dQn_m,GPR,log,protocol_holdout,exploration,2,48,28.56357993911557
LSD_Primary,set1_dQn_m,GPR,log,protocol_holdout,exploration,2,54,27.933556787782223
LSD_Primary,set1_dQn_m,GPR,log,protocol_holdout,exploration,2,58,27.29916194458487
LSD_Primary,set1_dQn_m,GPR,log,protocol_holdout,exploration,3,6,33.25007763332005
LSD_Primary,set1_dQn_m,GPR,log,protocol_holdout,exploration,3,12,34.540762082540205
LSD_Primary,set1_dQn_m,GPR,log,protocol_holdout,exploration,3,18,25.564111419827988
LSD_Primary,set1_dQn_m,GPR,log,protocol_holdout,exploration,3,24,19.56033869873551
LSD_Primary,set1_dQn_m,GPR,log,protocol_holdout,exploration,3,30,19.27750815516257
LSD_Primary,set1_dQn_m,GPR,log,protocol_holdout,exploration,3,36,19.27328380796767
LSD_Primary,set1_dQn_m,GPR,log,protocol_holdout,exploration,3,42,20.68799669511579
LSD_Primary,set1_dQn_m,GPR,log,protocol_holdout,exploration,3,48,19.662736512767136
LSD_Primary,set1_dQn_m,GPR,log,protocol_holdout,exploration,3,54,17.583455443861286
LSD_Primary,set1_dQn_m,GPR,log,protocol_holdout,exploration,3,58,17.056595612013034
LSD_Primary,set1_dQn_m,GPR,log,protocol_holdout,exploration,4,6,97.19865534607467
LSD_Primary,set1_dQn_m,GPR,log,protocol_holdout,exploration,4,12,88.15802055921574
LSD_Primary,set1_dQn_m,GPR,log,protocol_holdout,exploration,4,18,30.74051095005354
LSD_Primary,set1_dQn_m,GPR,log,protocol_holdout,exploration,4,24,30.97377039524426
LSD_Primary,set1_dQn_m,GPR,log,protocol_holdout,exploration,4,30,32.33085001118941
LSD_Primary,set1_dQn_m,GPR,log,protocol_holdout,exploration,4,36,29.201441977412284
LSD_Primary,set1_dQn_m,GPR,log,protocol_holdout,exploration,4,42,20.7493296118217
LSD_Primary,set1_dQn_m,GPR,log,protocol_holdout,exploration,4,48,20.62246922003555
LSD_Primary,set1_dQn_m,GPR,log,protocol_holdout,exploration,4,54,19.07875023105582
LSD_Primary,set1_dQn_m,GPR,log,protocol_holdout,exploration,4,58,19.511315247657336
LSD_Primary,set1_dQn_m,GPR,log,protocol_holdout,exploration,5,6,75.90965467438234
LSD_Primary,set1_dQn_m,GPR,log,protocol_holdout,exploration,5,12,25.911283785593938
LSD_Primary,set1_dQn_m,GPR,log,protocol_holdout,exploration,5,18,23.23713780242445
LSD_Primary,set1_dQn_m,GPR,log,protocol_holdout,exploration,5,24,24.8735185538853
LSD_Primary,set1_dQn_m,GPR,log,protocol_holdout,exploration,5,30,27.736505253031645
LSD_Primary,set1_dQn_m,GPR,log,protocol_holdout,exploration,5,36,29.44710152069385
LSD_Primary,set1_dQn_m,GPR,log,protocol_holdout,exploration,5,42,31.18026630498632
LSD_Primary,set1_dQn_m,GPR,log,protocol_holdout,exploration,5,48,29.481390851110373
LSD_Primary,set1_dQn_m,GPR,log,protocol_holdout,exploration,5,54,32.31623698766886
LSD_Primary,set1_dQn_m,GPR,log,protocol_holdout,exploration,5,58,31.909032112045
LSD_Primary,set1_dQn_m,GPR,log,protocol_holdout,exploration,6,6,108.73674075811186
LSD_Primary,set1_dQn_m,GPR,log,protocol_holdout,exploration,6,12,26.98707035417865
LSD_Primary,set1_dQn_m,GPR,log,protocol_holdout,exploration,6,18,15.811135843973876
LSD_Primary,set1_dQn_m,GPR,log,protocol_holdout,exploration,6,24,15.769338734971203
LSD_Primary,set1_dQn_m,GPR,log,protocol_holdout,exploration,6,30,17.93327685299209
LSD_Primary,set1_dQn_m,GPR,log,protocol_holdout,exploration,6,36,18.856705092533684
LSD_Primary,set1_dQn_m,GPR,log,protocol_holdout,exploration,6,42,22.467871986843303
LSD_Primary,set1_dQn_m,GPR,log,protocol_holdout,exploration,6,48,24.26783517430453
LSD_Primary,set1_dQn_m,GPR,log,protocol_holdout,exploration,6,54,29.01205346232432
LSD_Primary,set1_dQn_m,GPR,log,protocol_holdout,exploration,6,58,31.28788210330856
LSD_Primary,set1_dQn_m,GPR,log,protocol_holdout,exploration,7,6,74.44851998536988
LSD_Primary,set1_dQn_m,GPR,log,protocol_holdout,exploration,7,12,40.42176664159105
LSD_Primary,set1_dQn_m,GPR,log,protocol_holdout,exploration,7,18,37.70730021209111
LSD_Primary,set1_dQn_m,GPR,log,protocol_holdout,exploration,7,24,32.17633873873304
LSD_Primary,set1_dQn_m,GPR,log,protocol_holdout,exploration,7,30,37.39374882498672
LSD_Primary,set1_dQn_m,GPR,log,protocol_holdout,exploration,7,36,31.54181427546714
LSD_Primary,set1_dQn_m,GPR,log,protocol_holdout,exploration,7,42,29.440213952978173
LSD_Primary,set1_dQn_m,GPR,log,protocol_holdout,exploration,7,48,31.487844951753925
LSD_Primary,set1_dQn_m,GPR,log,protocol_holdout,exploration,7,54,30.93864434446522
LSD_Primary,set1_dQn_m,GPR,log,protocol_holdout,exploration,7,58,31.01928275982024
LSD_Primary,set1_dQn_m,GPR,log,protocol_holdout,exploration,8,6,213.34968541942644
LSD_Primary,set1_dQn_m,GPR,log,protocol_holdout,exploration,8,12,39.42011513699603
LSD_Primary,set1_dQn_m,GPR,log,protocol_holdout,exploration,8,18,26.57758014601429
LSD_Primary,set1_dQn_m,GPR,log,protocol_holdout,exploration,8,24,25.40026446526809
LSD_Primary,set1_dQn_m,GPR,log,protocol_holdout,exploration,8,30,22.920232629347137
LSD_Primary,set1_dQn_m,GPR,log,protocol_holdout,exploration,8,36,23.08053033560084
LSD_Primary,set1_dQn_m,GPR,log,protocol_holdout,exploration,8,42,25.953990914389514
LSD_Primary,set1_dQn_m,GPR,log,protocol_holdout,exploration,8,48,26.905618584951256
LSD_Primary,set1_dQn_m,GPR,log,protocol_holdout,exploration,8,54,26.03854898433008
LSD_Primary,set1_dQn_m,GPR,log,protocol_holdout,exploration,8,58,26.791771599711065
LSD_Primary,set1_dQn_m,GPR,log,protocol_holdout,exploration,9,6,34.905449309090066
LSD_Primary,set1_dQn_m,GPR,log,protocol_holdout,exploration,9,12,28.11629659633196
LSD_Primary,set1_dQn_m,GPR,log,protocol_holdout,exploration,9,18,23.65708063161213
LSD_Primary,set1_dQn_m,GPR,log,protocol_holdout,exploration,9,24,18.97467124508461
LSD_Primary,set1_dQn_m,GPR,log,protocol_holdout,exploration,9,30,16.279812932073334
LSD_Primary,set1_dQn_m,GPR,log,protocol_holdout,exploration,9,36,16.64354590704418
LSD_Primary,set1_dQn_m,GPR,log,protocol_holdout,exploration,9,42,17.64791467876524
LSD_Primary,set1_dQn_m,GPR,log,protocol_holdout,exploration,9,48,18.748265248117537
LSD_Primary,set1_dQn_m,GPR,log,protocol_holdout,exploration,9,54,16.811742338099933
LSD_Primary,set1_dQn_m,GPR,log,protocol_holdout,exploration,9,58,16.6759301263713
LSD_Primary,set1_dQn_m,GPR,log,protocol_holdout,exploration,10,6,116.71880344945528
LSD_Primary,set1_dQn_m,GPR,log,protocol_holdout,exploration,10,12,50.46220686757834
LSD_Primary,set1_dQn_m,GPR,log,protocol_holdout,exploration,10,18,55.26795725797293
LSD_Primary,set1_dQn_m,GPR,log,protocol_holdout,exploration,10,24,25.03688575050682
LSD_Primary,set1_dQn_m,GPR,log,protocol_holdout,exploration,10,30,83.66319578324295
LSD_Primary,set1_dQn_m,GPR,log,protocol_holdout,exploration,10,36,63.86481072144489
LSD_Primary,set1_dQn_m,GPR,log,protocol_holdout,exploration,10,42,69.50169986672827
LSD_Primary,set1_dQn_m,GPR,log,protocol_holdout,exploration,10,48,70.07291154989937
LSD_Primary,set1_dQn_m,GPR,log,protocol_holdout,exploration,10,54,73.19342446310671
LSD_Primary,set1_dQn_m,GPR,log,protocol_holdout,exploration,10,58,73.58547641407495
LSD_Primary,set1_dQn_m,GPR,log,protocol_holdout,exploitation,1,6,108.66814715613047
LSD_Primary,set1_dQn_m,GPR,log,protocol_holdout,exploitation,1,12,133.11264830587933
LSD_Primary,set1_dQn_m,GPR,log,protocol_holdout,exploitation,1,18,114.66270152932373
LSD_Primary,set1_dQn_m,GPR,log,protocol_holdout,exploitation,1,24,147.7321563573563
LSD_Primary,set1_dQn_m,GPR,log,protocol_holdout,exploitation,1,30,101.91367218244864
LSD_Primary,set1_dQn_m,GPR,log,protocol_holdout,exploitation,1,36,32.502939880962764
LSD_Primary,set1_dQn_m,GPR,log,protocol_holdout,exploitation,1,42,32.66684066222908
LSD_Primary,set1_dQn_m,GPR,log,protocol_holdout,exploitation,1,48,28.76852091972677
LSD_Primary,set1_dQn_m,GPR,log,protocol_holdout,exploitation,1,54,26.26872925857783
LSD_Primary,set1_dQn_m,GPR,log,protocol_holdout,exploitation,1,58,25.948504670039743
LSD_Primary,set1_dQn_m,GPR,log,protocol_holdout,exploitation,2,6,31.62272587818676
LSD_Primary,set1_dQn_m,GPR,log,protocol_holdout,exploitation,2,12,31.44671519948672
LSD_Primary,set1_dQn_m,GPR,log,protocol_holdout,exploitation,2,18,31.916688672302783
LSD_Primary,set1_dQn_m,GPR,log,protocol_holdout,exploitation,2,24,32.06083018296809
LSD_Primary,set1_dQn_m,GPR,log,protocol_holdout,exploitation,2,30,30.30896929364025
LSD_Primary,set1_dQn_m,GPR,log,protocol_holdout,exploitation,2,36,26.53278432808995
LSD_Primary,set1_dQn_m,GPR,log,protocol_holdout,exploitation,2,42,34.5487754654427
LSD_Primary,set1_dQn_m,GPR,log,protocol_holdout,exploitation,2,48,27.214915761115503
LSD_Primary,set1_dQn_m,GPR,log,protocol_holdout,exploitation,2,54,27.571521976528995
LSD_Primary,set1_dQn_m,GPR,log,protocol_holdout,exploitation,2,58,27.29916194458487
LSD_Primary,set1_dQn_m,GPR,log,protocol_holdout,exploitation,3,6,33.25007763332005
LSD_Primary,set1_dQn_m,GPR,log,protocol_holdout,exploitation,3,12,27.860975832438623
LSD_Primary,set1_dQn_m,GPR,log,protocol_holdout,exploitation,3,18,28.3461412137935
LSD_Primary,set1_dQn_m,GPR,log,protocol_holdout,exploitation,3,24,27.794072007333337
LSD_Primary,set1_dQn_m,GPR,log,protocol_holdout,exploitation,3,30,24.80717668780437
LSD_Primary,set1_dQn_m,GPR,log,protocol_holdout,exploitation,3,36,25.561818498788508
LSD_Primary,set1_dQn_m,GPR,log,protocol_holdout,exploitation,3,42,22.248565724422868
LSD_Primary,set1_dQn_m,GPR,log,protocol_holdout,exploitation,3,48,18.52078532691689
LSD_Primary,set1_dQn_m,GPR,log,protocol_holdout,exploitation,3,54,16.997168057145057
LSD_Primary,set1_dQn_m,GPR,log,protocol_holdout,exploitation,3,58,17.056595612013034
LSD_Primary,set1_dQn_m,GPR,log,protocol_holdout,exploitation,4,6,97.19865534607467
LSD_Primary,set1_dQn_m,GPR,log,protocol_holdout,exploitation,4,12,75.50111730854584
LSD_Primary,set1_dQn_m,GPR,log,protocol_holdout,exploitation,4,18,71.47386426072096
LSD_Primary,set1_dQn_m,GPR,log,protocol_holdout,exploitation,4,24,70.02458838485872
LSD_Primary,set1_dQn_m,GPR,log,protocol_holdout,exploitation,4,30,22.4303249578766
LSD_Primary,set1_dQn_m,GPR,log,protocol_holdout,exploitation,4,36,18.923749582931908
LSD_Primary,set1_dQn_m,GPR,log,protocol_holdout,exploitation,4,42,18.011869365201285
LSD_Primary,set1_dQn_m,GPR,log,protocol_holdout,exploitation,4,48,18.899564117054933
LSD_Primary,set1_dQn_m,GPR,log,protocol_holdout,exploitation,4,54,19.33622548506215
LSD_Primary,set1_dQn_m,GPR,log,protocol_holdout,exploitation,4,58,19.511315247657336
LSD_Primary,set1_dQn_m,GPR,log,protocol_holdout,exploitation,5,6,75.90965467438234
LSD_Primary,set1_dQn_m,GPR,log,protocol_holdout,exploitation,5,12,71.98923428502559
LSD_Primary,set1_dQn_m,GPR,log,protocol_holdout,exploitation,5,18,92.28431421212044
LSD_Primary,set1_dQn_m,GPR,log,protocol_holdout,exploitation,5,24,113.7489695436724
LSD_Primary,set1_dQn_m,GPR,log,protocol_holdout,exploitation,5,30,106.06501538978044
LSD_Primary,set1_dQn_m,GPR,log,protocol_holdout,exploitation,5,36,87.33780741747539
LSD_Primary,set1_dQn_m,GPR,log,protocol_holdout,exploitation,5,42,29.659502007876725
LSD_Primary,set1_dQn_m,GPR,log,protocol_holdout,exploitation,5,48,28.76969719352368
LSD_Primary,set1_dQn_m,GPR,log,protocol_holdout,exploitation,5,54,29.073756152779524
LSD_Primary,set1_dQn_m,GPR,log,protocol_holdout,exploitation,5,58,31.909032112045
LSD_Primary,set1_dQn_m,GPR,log,protocol_holdout,exploitation,6,6,108.73674075811186
LSD_Primary,set1_dQn_m,GPR,log,protocol_holdout,exploitation,6,12,99.8552440550442
LSD_Primary,set1_dQn_m,GPR,log,protocol_holdout,exploitation,6,18,106.54074811687448
LSD_Primary,set1_dQn_m,GPR,log,protocol_holdout,exploitation,6,24,101.41242242166815
LSD_Primary,set1_dQn_m,GPR,log,protocol_holdout,exploitation,6,30,93.69952259569972
LSD_Primary,set1_dQn_m,GPR,log,protocol_holdout,exploitation,6,36,98.83940625773867
LSD_Primary,set1_dQn_m,GPR,log,protocol_holdout,exploitation,6,42,94.71605603928457
LSD_Primary,set1_dQn_m,GPR,log,protocol_holdout,exploitation,6,48,62.497917812477176
LSD_Primary,set1_dQn_m,GPR,log,protocol_holdout,exploitation,6,54,52.94907371870017
LSD_Primary,set1_dQn_m,GPR,log,protocol_holdout,exploitation,6,58,31.28788210330856
LSD_Primary,set1_dQn_m,GPR,log,protocol_holdout,exploitation,7,6,74.44851998536988
LSD_Primary,set1_dQn_m,GPR,log,protocol_holdout,exploitation,7,12,82.37427688959541
LSD_Primary,set1_dQn_m,GPR,log,protocol_holdout,exploitation,7,18,76.99392460287271
LSD_Primary,set1_dQn_m,GPR,log,protocol_holdout,exploitation,7,24,64.78895750673686
LSD_Primary,set1_dQn_m,GPR,log,protocol_holdout,exploitation,7,30,27.498425615836787
LSD_Primary,set1_dQn_m,GPR,log,protocol_holdout,exploitation,7,36,37.44076594721607
LSD_Primary,set1_dQn_m,GPR,log,protocol_holdout,exploitation,7,42,37.15666280210624
LSD_Primary,set1_dQn_m,GPR,log,protocol_holdout,exploitation,7,48,35.15661254000358
LSD_Primary,set1_dQn_m,GPR,log,protocol_holdout,exploitation,7,54,32.24614987318375
LSD_Primary,set1_dQn_m,GPR,log,protocol_holdout,exploitation,7,58,31.01928275982024
LSD_Primary,set1_dQn_m,GPR,log,protocol_holdout,exploitation,8,6,213.34968541942644
LSD_Primary,set1_dQn_m,GPR,log,protocol_holdout,exploitation,8,12,249.04514095643933
LSD_Primary,set1_dQn_m,GPR,log,protocol_holdout,exploitation,8,18,241.75258624235795
LSD_Primary,set1_dQn_m,GPR,log,protocol_holdout,exploitation,8,24,251.3194551979661
LSD_Primary,set1_dQn_m,GPR,log,protocol_holdout,exploitation,8,30,220.56350263320468
LSD_Primary,set1_dQn_m,GPR,log,protocol_holdout,exploitation,8,36,94.5994865811
LSD_Primary,set1_dQn_m,GPR,log,protocol_holdout,exploitation,8,42,74.96907383536914
LSD_Primary,set1_dQn_m,GPR,log,protocol_holdout,exploitation,8,48,71.6818306687106
LSD_Primary,set1_dQn_m,GPR,log,protocol_holdout,exploitation,8,54,29.05033144425916
LSD_Primary,set1_dQn_m,GPR,log,protocol_holdout,exploitation,8,58,26.791771599711065
LSD_Primary,set1_dQn_m,GPR,log,protocol_holdout,exploitation,9,6,34.905449309090066
LSD_Primary,set1_dQn_m,GPR,log,protocol_holdout,exploitation,9,12,101.57559747325227
LSD_Primary,set1_dQn_m,GPR,log,protocol_holdout,exploitation,9,18,167.01910600617973
LSD_Primary,set1_dQn_m,GPR,log,protocol_holdout,exploitation,9,24,181.00950578800544
LSD_Primary,set1_dQn_m,GPR,log,protocol_holdout,exploitation,9,30,24.75579912960532
LSD_Primary,set1_dQn_m,GPR,log,protocol_holdout,exploitation,9,36,18.22046496954386
LSD_Primary,set1_dQn_m,GPR,log,protocol_holdout,exploitation,9,42,18.98382082055801
LSD_Primary,set1_dQn_m,GPR,log,protocol_holdout,exploitation,9,48,16.278978384825294
LSD_Primary,set1_dQn_m,GPR,log,protocol_holdout,exploitation,9,54,16.55750008049784
LSD_Primary,set1_dQn_m,GPR,log,protocol_holdout,exploitation,9,58,16.6759301263713
LSD_Primary,set1_dQn_m,GPR,log,protocol_holdout,exploitation,10,6,116.71880344945528
LSD_Primary,set1_dQn_m,GPR,log,protocol_holdout,exploitation,10,12,130.6826807693814
LSD_Primary,set1_dQn_m,GPR,log,protocol_holdout,exploitation,10,18,162.5331108137771
LSD_Primary,set1_dQn_m,GPR,log,protocol_holdout,exploitation,10,24,148.4366359748501
LSD_Primary,set1_dQn_m,GPR,log,protocol_holdout,exploitation,10,30,150.2781068605349
LSD_Primary,set1_dQn_m,GPR,log,protocol_holdout,exploitation,10,36,174.08122873195876
LSD_Primary,set1_dQn_m,GPR,log,protocol_holdout,exploitation,10,42,139.36453217461275
LSD_Primary,set1_dQn_m,GPR,log,protocol_holdout,exploitation,10,48,70.44253782154982
LSD_Primary,set1_dQn_m,GPR,log,protocol_holdout,exploitation,10,54,72.44497723516614
LSD_Primary,set1_dQn_m,GPR,log,protocol_holdout,exploitation,10,58,73.58547641407495
LSD_Primary,set1_dQn_m,GPR,log,protocol_holdout,hybrid,1,6,108.66814715613047
LSD_Primary,set1_dQn_m,GPR,log,protocol_holdout,hybrid,1,12,53.809922983091376
LSD_Primary,set1_dQn_m,GPR,log,protocol_holdout,hybrid,1,18,43.038125689494336
LSD_Primary,set1_dQn_m,GPR,log,protocol_holdout,hybrid,1,24,27.42100711048608
LSD_Primary,set1_dQn_m,GPR,log,protocol_holdout,hybrid,1,30,29.042520930371523
LSD_Primary,set1_dQn_m,GPR,log,protocol_holdout,hybrid,1,36,31.918755423368555
LSD_Primary,set1_dQn_m,GPR,log,protocol_holdout,hybrid,1,42,35.53541075384736
LSD_Primary,set1_dQn_m,GPR,log,protocol_holdout,hybrid,1,48,26.462515897723044
LSD_Primary,set1_dQn_m,GPR,log,protocol_holdout,hybrid,1,54,25.69582024491048
LSD_Primary,set1_dQn_m,GPR,log,protocol_holdout,hybrid,1,58,25.948504670039743
LSD_Primary,set1_dQn_m,GPR,log,protocol_holdout,hybrid,2,6,31.62272587818676
LSD_Primary,set1_dQn_m,GPR,log,protocol_holdout,hybrid,2,12,32.602726679024165
LSD_Primary,set1_dQn_m,GPR,log,protocol_holdout,hybrid,2,18,30.67595959142141
LSD_Primary,set1_dQn_m,GPR,log,protocol_holdout,hybrid,2,24,29.27724109746073
LSD_Primary,set1_dQn_m,GPR,log,protocol_holdout,hybrid,2,30,24.038766274248275
LSD_Primary,set1_dQn_m,GPR,log,protocol_holdout,hybrid,2,36,32.69355373686987
LSD_Primary,set1_dQn_m,GPR,log,protocol_holdout,hybrid,2,42,30.77700524737316
LSD_Primary,set1_dQn_m,GPR,log,protocol_holdout,hybrid,2,48,34.07284162206775
LSD_Primary,set1_dQn_m,GPR,log,protocol_holdout,hybrid,2,54,27.991573811477053
LSD_Primary,set1_dQn_m,GPR,log,protocol_holdout,hybrid,2,58,27.29916194458487
LSD_Primary,set1_dQn_m,GPR,log,protocol_holdout,hybrid,3,6,33.25007763332005
LSD_Primary,set1_dQn_m,GPR,log,protocol_holdout,hybrid,3,12,25.29076294715255
LSD_Primary,set1_dQn_m,GPR,log,protocol_holdout,hybrid,3,18,26.07583537686532
LSD_Primary,set1_dQn_m,GPR,log,protocol_holdout,hybrid,3,24,25.73513931407802
LSD_Primary,set1_dQn_m,GPR,log,protocol_holdout,hybrid,3,30,24.905703565466773
LSD_Primary,set1_dQn_m,GPR,log,protocol_holdout,hybrid,3,36,27.184633233521915
LSD_Primary,set1_dQn_m,GPR,log,protocol_holdout,hybrid,3,42,26.051886152413644
LSD_Primary,set1_dQn_m,GPR,log,protocol_holdout,hybrid,3,48,19.387958028287155
LSD_Primary,set1_dQn_m,GPR,log,protocol_holdout,hybrid,3,54,17.520406777233607
LSD_Primary,set1_dQn_m,GPR,log,protocol_holdout,hybrid,3,58,17.056595612013034
LSD_Primary,set1_dQn_m,GPR,log,protocol_holdout,hybrid,4,6,97.19865534607467
LSD_Primary,set1_dQn_m,GPR,log,protocol_holdout,hybrid,4,12,45.275558995463086
LSD_Primary,set1_dQn_m,GPR,log,protocol_holdout,hybrid,4,18,33.018851081902326
LSD_Primary,set1_dQn_m,GPR,log,protocol_holdout,hybrid,4,24,33.76710039337955
LSD_Primary,set1_dQn_m,GPR,log,protocol_holdout,hybrid,4,30,21.481618634316128
LSD_Primary,set1_dQn_m,GPR,log,protocol_holdout,hybrid,4,36,27.25993500487876
LSD_Primary,set1_dQn_m,GPR,log,protocol_holdout,hybrid,4,42,23.38882890672934
LSD_Primary,set1_dQn_m,GPR,log,protocol_holdout,hybrid,4,48,20.08738162609921
LSD_Primary,set1_dQn_m,GPR,log,protocol_holdout,hybrid,4,54,18.751559871879945
LSD_Primary,set1_dQn_m,GPR,log,protocol_holdout,hybrid,4,58,19.511315247657336
LSD_Primary,set1_dQn_m,GPR,log,protocol_holdout,hybrid,5,6,75.90965467438234
LSD_Primary,set1_dQn_m,GPR,log,protocol_holdout,hybrid,5,12,25.09430029469496
LSD_Primary,set1_dQn_m,GPR,log,protocol_holdout,hybrid,5,18,27.94556084176758
LSD_Primary,set1_dQn_m,GPR,log,protocol_holdout,hybrid,5,24,27.82608828165645
LSD_Primary,set1_dQn_m,GPR,log,protocol_holdout,hybrid,5,30,26.206027916711864
LSD_Primary,set1_dQn_m,GPR,log,protocol_holdout,hybrid,5,36,31.50138745068432
LSD_Primary,set1_dQn_m,GPR,log,protocol_holdout,hybrid,5,42,30.301847493276966
LSD_Primary,set1_dQn_m,GPR,log,protocol_holdout,hybrid,5,48,32.45930739691099
LSD_Primary,set1_dQn_m,GPR,log,protocol_holdout,hybrid,5,54,32.38207973437431
LSD_Primary,set1_dQn_m,GPR,log,protocol_holdout,hybrid,5,58,31.909032112045
LSD_Primary,set1_dQn_m,GPR,log,protocol_holdout,hybrid,6,6,108.73674075811186
LSD_Primary,set1_dQn_m,GPR,log,protocol_holdout,hybrid,6,12,26.15940658555808
LSD_Primary,set1_dQn_m,GPR,log,protocol_holdout,hybrid,6,18,25.888388178748368
LSD_Primary,set1_dQn_m,GPR,log,protocol_holdout,hybrid,6,24,26.2075182779994
LSD_Primary,set1_dQn_m,GPR,log,protocol_holdout,hybrid,6,30,20.59061796901801
LSD_Primary,set1_dQn_m,GPR,log,protocol_holdout,hybrid,6,36,28.741880230810484
LSD_Primary,set1_dQn_m,GPR,log,protocol_holdout,hybrid,6,42,19.57264526830357
LSD_Primary,set1_dQn_m,GPR,log,protocol_holdout,hybrid,6,48,27.6275196839418
LSD_Primary,set1_dQn_m,GPR,log,protocol_holdout,hybrid,6,54,28.61837699994252
LSD_Primary,set1_dQn_m,GPR,log,protocol_holdout,hybrid,6,58,31.28788210330856
LSD_Primary,set1_dQn_m,GPR,log,protocol_holdout,hybrid,7,6,74.44851998536988
LSD_Primary,set1_dQn_m,GPR,log,protocol_holdout,hybrid,7,12,42.575862923727954
LSD_Primary,set1_dQn_m,GPR,log,protocol_holdout,hybrid,7,18,38.885420689580414
LSD_Primary,set1_dQn_m,GPR,log,protocol_holdout,hybrid,7,24,31.15717149222591
LSD_Primary,set1_dQn_m,GPR,log,protocol_holdout,hybrid,7,30,57.33982694585176
LSD_Primary,set1_dQn_m,GPR,log,protocol_holdout,hybrid,7,36,31.991910224890656
LSD_Primary,set1_dQn_m,GPR,log,protocol_holdout,hybrid,7,42,29.785781573522467
LSD_Primary,set1_dQn_m,GPR,log,protocol_holdout,hybrid,7,48,30.87038906968142
LSD_Primary,set1_dQn_m,GPR,log,protocol_holdout,hybrid,7,54,30.53543640760086
LSD_Primary,set1_dQn_m,GPR,log,protocol_holdout,hybrid,7,58,31.01928275982024
LSD_Primary,set1_dQn_m,GPR,log,protocol_holdout,hybrid,8,6,213.34968541942644
LSD_Primary,set1_dQn_m,GPR,log,protocol_holdout,hybrid,8,12,27.6928799470435
LSD_Primary,set1_dQn_m,GPR,log,protocol_holdout,hybrid,8,18,30.56651098981036
LSD_Primary,set1_dQn_m,GPR,log,protocol_holdout,hybrid,8,24,23.135298946207016
LSD_Primary,set1_dQn_m,GPR,log,protocol_holdout,hybrid,8,30,29.0324344146174
LSD_Primary,set1_dQn_m,GPR,log,protocol_holdout,hybrid,8,36,26.63339547228181
LSD_Primary,set1_dQn_m,GPR,log,protocol_holdout,hybrid,8,42,24.455340188571352
LSD_Primary,set1_dQn_m,GPR,log,protocol_holdout,hybrid,8,48,25.291939664175423
LSD_Primary,set1_dQn_m,GPR,log,protocol_holdout,hybrid,8,54,26.03280770191056
LSD_Primary,set1_dQn_m,GPR,log,protocol_holdout,hybrid,8,58,26.791771599711065
LSD_Primary,set1_dQn_m,GPR,log,protocol_holdout,hybrid,9,6,34.905449309090066
LSD_Primary,set1_dQn_m,GPR,log,protocol_holdout,hybrid,9,12,27.30681191185867
LSD_Primary,set1_dQn_m,GPR,log,protocol_holdout,hybrid,9,18,22.015776529730203
LSD_Primary,set1_dQn_m,GPR,log,protocol_holdout,hybrid,9,24,24.644001371832324
LSD_Primary,set1_dQn_m,GPR,log,protocol_holdout,hybrid,9,30,26.47594666113692
LSD_Primary,set1_dQn_m,GPR,log,protocol_holdout,hybrid,9,36,23.347278868430696
LSD_Primary,set1_dQn_m,GPR,log,protocol_holdout,hybrid,9,42,19.539695558186924
LSD_Primary,set1_dQn_m,GPR,log,protocol_holdout,hybrid,9,48,17.73457375885957
LSD_Primary,set1_dQn_m,GPR,log,protocol_holdout,hybrid,9,54,17.95488702347256
LSD_Primary,set1_dQn_m,GPR,log,protocol_holdout,hybrid,9,58,16.6759301263713
LSD_Primary,set1_dQn_m,GPR,log,protocol_holdout,hybrid,10,6,116.71880344945528
LSD_Primary,set1_dQn_m,GPR,log,protocol_holdout,hybrid,10,12,58.26420779898916
LSD_Primary,set1_dQn_m,GPR,log,protocol_holdout,hybrid,10,18,25.94712238950563
LSD_Primary,set1_dQn_m,GPR,log,protocol_holdout,hybrid,10,24,59.8110139109868
LSD_Primary,set1_dQn_m,GPR,log,protocol_holdout,hybrid,10,30,63.08354597737452
LSD_Primary,set1_dQn_m,GPR,log,protocol_holdout,hybrid,10,36,68.1168596105214
LSD_Primary,set1_dQn_m,GPR,log,protocol_holdout,hybrid,10,42,69.86470014083403
LSD_Primary,set1_dQn_m,GPR,log,protocol_holdout,hybrid,10,48,71.8344530130292
LSD_Primary,set1_dQn_m,GPR,log,protocol_holdout,hybrid,10,54,73.02703618148473
LSD_Primary,set1_dQn_m,GPR,log,protocol_holdout,hybrid,10,58,73.58547641407495
LSD_Second,set1_dQn_m,GPR,log,protocol_holdout,random_selection,1,6,36.01903407553119
LSD_Second,set1_dQn_m,GPR,log,protocol_holdout,random_selection,1,12,20.326816883950222
LSD_Second,set1_dQn_m,GPR,log,protocol_holdout,random_selection,1,18,14.880615411899669
LSD_Second,set1_dQn_m,GPR,log,protocol_holdout,random_selection,1,24,14.574651538791544
LSD_Second,set1_dQn_m,GPR,log,protocol_holdout,random_selection,1,30,16.688240951435223
LSD_Second,set1_dQn_m,GPR,log,protocol_holdout,random_selection,1,36,17.18585222888331
LSD_Second,set1_dQn_m,GPR,log,protocol_holdout,random_selection,1,42,14.992568681098994
LSD_Second,set1_dQn_m,GPR,log,protocol_holdout,random_selection,1,48,15.76657298403386
LSD_Second,set1_dQn_m,GPR,log,protocol_holdout,random_selection,1,54,16.05156395993878
LSD_Second,set1_dQn_m,GPR,log,protocol_holdout,random_selection,1,58,16.174022119379426
LSD_Second,set1_dQn_m,GPR,log,protocol_holdout,random_selection,2,6,25.24179766796185
LSD_Second,set1_dQn_m,GPR,log,protocol_holdout,random_selection,2,12,17.584575078016577
LSD_Second,set1_dQn_m,GPR,log,protocol_holdout,random_selection,2,18,4.198927006129828
LSD_Second,set1_dQn_m,GPR,log,protocol_holdout,random_selection,2,24,8.85686324680587
LSD_Second,set1_dQn_m,GPR,log,protocol_holdout,random_selection,2,30,13.839513584123356
LSD_Second,set1_dQn_m,GPR,log,protocol_holdout,random_selection,2,36,11.473736725321446
LSD_Second,set1_dQn_m,GPR,log,protocol_holdout,random_selection,2,42,7.910889168270679
LSD_Second,set1_dQn_m,GPR,log,protocol_holdout,random_selection,2,48,8.920589119251678
LSD_Second,set1_dQn_m,GPR,log,protocol_holdout,random_selection,2,54,11.389113405342377
LSD_Second,set1_dQn_m,GPR,log,protocol_holdout,random_selection,2,58,10.238237642836854
LSD_Second,set1_dQn_m,GPR,log,protocol_holdout,random_selection,3,6,36.35178160893104
LSD_Second,set1_dQn_m,GPR,log,protocol_holdout,random_selection,3,12,40.19535560059696
LSD_Second,set1_dQn_m,GPR,log,protocol_holdout,random_selection,3,18,34.00065086575712
LSD_Second,set1_dQn_m,GPR,log,protocol_holdout,random_selection,3,24,15.925167673861996
LSD_Second,set1_dQn_m,GPR,log,protocol_holdout,random_selection,3,30,19.750899854299217
LSD_Second,set1_dQn_m,GPR,log,protocol_holdout,random_selection,3,36,12.949702696428153
LSD_Second,set1_dQn_m,GPR,log,protocol_holdout,random_selection,3,42,13.567316939835331
LSD_Second,set1_dQn_m,GPR,log,protocol_holdout,random_selection,3,48,13.521696435576686
LSD_Second,set1_dQn_m,GPR,log,protocol_holdout,random_selection,3,54,10.294580788934669
LSD_Second,set1_dQn_m,GPR,log,protocol_holdout,random_selection,3,58,11.285176359058664
LSD_Second,set1_dQn_m,GPR,log,protocol_holdout,random_selection,4,6,28.047782241794177
LSD_Second,set1_dQn_m,GPR,log,protocol_holdout,random_selection,4,12,26.382090140358937
LSD_Second,set1_dQn_m,GPR,log,protocol_holdout,random_selection,4,18,28.69490211862481
LSD_Second,set1_dQn_m,GPR,log,protocol_holdout,random_selection,4,24,27.828059513233683
LSD_Second,set1_dQn_m,GPR,log,protocol_holdout,random_selection,4,30,23.78832939064211
LSD_Second,set1_dQn_m,GPR,log,protocol_holdout,random_selection,4,36,19.13329642278593
LSD_Second,set1_dQn_m,GPR,log,protocol_holdout,random_selection,4,42,18.171899522079727
LSD_Second,set1_dQn_m,GPR,log,protocol_holdout,random_selection,4,48,17.731157218806867
LSD_Second,set1_dQn_m,GPR,log,protocol_holdout,random_selection,4,54,16.99102187878602
LSD_Second,set1_dQn_m,GPR,log,protocol_holdout,random_selection,4,58,17.836658313944298
LSD_Second,set1_dQn_m,GPR,log,protocol_holdout,random_selection,5,6,32.35519537961923
LSD_Second,set1_dQn_m,GPR,log,protocol_holdout,random_selection,5,12,27.85431402729946
LSD_Second,set1_dQn_m,GPR,log,protocol_holdout,random_selection,5,18,21.559268155345364
LSD_Second,set1_dQn_m,GPR,log,protocol_holdout,random_selection,5,24,20.767815537960693
LSD_Second,set1_dQn_m,GPR,log,protocol_holdout,random_selection,5,30,20.13364103043208
LSD_Second,set1_dQn_m,GPR,log,protocol_holdout,random_selection,5,36,21.365668088860254
LSD_Second,set1_dQn_m,GPR,log,protocol_holdout,random_selection,5,42,21.486540503235133
LSD_Second,set1_dQn_m,GPR,log,protocol_holdout,random_selection,5,48,22.05076119533677
LSD_Second,set1_dQn_m,GPR,log,protocol_holdout,random_selection,5,54,21.41388944513403
LSD_Second,set1_dQn_m,GPR,log,protocol_holdout,random_selection,5,58,21.10262005355873
LSD_Second,set1_dQn_m,GPR,log,protocol_holdout,random_selection,6,6,32.66841813235484
LSD_Second,set1_dQn_m,GPR,log,protocol_holdout,random_selection,6,12,24.327360115326304
LSD_Second,set1_dQn_m,GPR,log,protocol_holdout,random_selection,6,18,19.58090155565947
LSD_Second,set1_dQn_m,GPR,log,protocol_holdout,random_selection,6,24,22.6884177862685
LSD_Second,set1_dQn_m,GPR,log,protocol_holdout,random_selection,6,30,21.71209681748372
LSD_Second,set1_dQn_m,GPR,log,protocol_holdout,random_selection,6,36,13.554179129404162
LSD_Second,set1_dQn_m,GPR,log,protocol_holdout,random_selection,6,42,12.478936388335576
LSD_Second,set1_dQn_m,GPR,log,protocol_holdout,random_selection,6,48,13.462221664924426
LSD_Second,set1_dQn_m,GPR,log,protocol_holdout,random_selection,6,54,13.436487680762584
LSD_Second,set1_dQn_m,GPR,log,protocol_holdout,random_selection,6,58,13.723353005138538
LSD_Second,set1_dQn_m,GPR,log,protocol_holdout,random_selection,7,6,50.536567581054605
LSD_Second,set1_dQn_m,GPR,log,protocol_holdout,random_selection,7,12,18.3253822431452
LSD_Second,set1_dQn_m,GPR,log,protocol_holdout,random_selection,7,18,18.03546258040061
LSD_Second,set1_dQn_m,GPR,log,protocol_holdout,random_selection,7,24,24.96920903796378
LSD_Second,set1_dQn_m,GPR,log,protocol_holdout,random_selection,7,30,19.59029031036904
LSD_Second,set1_dQn_m,GPR,log,protocol_holdout,random_selection,7,36,21.349143260915245
LSD_Second,set1_dQn_m,GPR,log,protocol_holdout,random_selection,7,42,22.50236499646295
LSD_Second,set1_dQn_m,GPR,log,protocol_holdout,random_selection,7,48,22.526231356592223
LSD_Second,set1_dQn_m,GPR,log,protocol_holdout,random_selection,7,54,22.15902350044762
LSD_Second,set1_dQn_m,GPR,log,protocol_holdout,random_selection,7,58,24.593377959425272
LSD_Second,set1_dQn_m,GPR,log,protocol_holdout,random_selection,8,6,28.94509414732768
LSD_Second,set1_dQn_m,GPR,log,protocol_holdout,random_selection,8,12,29.78131577438583
LSD_Second,set1_dQn_m,GPR,log,protocol_holdout,random_selection,8,18,30.899438857081982
LSD_Second,set1_dQn_m,GPR,log,protocol_holdout,random_selection,8,24,29.18027269226529
LSD_Second,set1_dQn_m,GPR,log,protocol_holdout,random_selection,8,30,21.01330778459492
LSD_Second,set1_dQn_m,GPR,log,protocol_holdout,random_selection,8,36,20.70281442451153
LSD_Second,set1_dQn_m,GPR,log,protocol_holdout,random_selection,8,42,15.950910086698686
LSD_Second,set1_dQn_m,GPR,log,protocol_holdout,random_selection,8,48,16.402379637789625
LSD_Second,set1_dQn_m,GPR,log,protocol_holdout,random_selection,8,54,17.64497151226646
LSD_Second,set1_dQn_m,GPR,log,protocol_holdout,random_selection,8,58,18.08143890357264
LSD_Second,set1_dQn_m,GPR,log,protocol_holdout,random_selection,9,6,27.247474475053927
LSD_Second,set1_dQn_m,GPR,log,protocol_holdout,random_selection,9,12,32.17146258282805
LSD_Second,set1_dQn_m,GPR,log,protocol_holdout,random_selection,9,18,17.353908970720095
LSD_Second,set1_dQn_m,GPR,log,protocol_holdout,random_selection,9,24,15.000191780785736
LSD_Second,set1_dQn_m,GPR,log,protocol_holdout,random_selection,9,30,15.130798295923436
LSD_Second,set1_dQn_m,GPR,log,protocol_holdout,random_selection,9,36,15.29495614424891
LSD_Second,set1_dQn_m,GPR,log,protocol_holdout,random_selection,9,42,17.728909722133444
LSD_Second,set1_dQn_m,GPR,log,protocol_holdout,random_selection,9,48,13.802808608794606
LSD_Second,set1_dQn_m,GPR,log,protocol_holdout,random_selection,9,54,12.655774377359169
LSD_Second,set1_dQn_m,GPR,log,protocol_holdout,random_selection,9,58,12.333332463536545
LSD_Second,set1_dQn_m,GPR,log,protocol_holdout,random_selection,10,6,24.6889081206684
LSD_Second,set1_dQn_m,GPR,log,protocol_holdout,random_selection,10,12,24.999007032790207
LSD_Second,set1_dQn_m,GPR,log,protocol_holdout,random_selection,10,18,25.98727182856563
LSD_Second,set1_dQn_m,GPR,log,protocol_holdout,random_selection,10,24,23.52694936560221
LSD_Second,set1_dQn_m,GPR,log,protocol_holdout,random_selection,10,30,23.397633477612963
LSD_Second,set1_dQn_m,GPR,log,protocol_holdout,random_selection,10,36,23.749796703959213
LSD_Second,set1_dQn_m,GPR,log,protocol_holdout,random_selection,10,42,23.747322810201023
LSD_Second,set1_dQn_m,GPR,log,protocol_holdout,random_selection,10,48,24.20307513513105
LSD_Second,set1_dQn_m,GPR,log,protocol_holdout,random_selection,10,54,23.84369884530853
LSD_Second,set1_dQn_m,GPR,log,protocol_holdout,random_selection,10,58,24.056552033551547
LSD_Second,set1_dQn_m,GPR,log,protocol_holdout,diversity_oneshot,1,6,19.868225162652173
LSD_Second,set1_dQn_m,GPR,log,protocol_holdout,diversity_oneshot,1,12,17.699212039398923
LSD_Second,set1_dQn_m,GPR,log,protocol_holdout,diversity_oneshot,1,18,13.930634727364458
LSD_Second,set1_dQn_m,GPR,log,protocol_holdout,diversity_oneshot,1,24,11.364646499718848
LSD_Second,set1_dQn_m,GPR,log,protocol_holdout,diversity_oneshot,1,30,13.82728202456938
LSD_Second,set1_dQn_m,GPR,log,protocol_holdout,diversity_oneshot,1,36,12.569153743988084
LSD_Second,set1_dQn_m,GPR,log,protocol_holdout,diversity_oneshot,1,42,12.600430873228447
LSD_Second,set1_dQn_m,GPR,log,protocol_holdout,diversity_oneshot,1,48,14.926879409984137
LSD_Second,set1_dQn_m,GPR,log,protocol_holdout,diversity_oneshot,1,54,15.926351536649689
LSD_Second,set1_dQn_m,GPR,log,protocol_holdout,diversity_oneshot,1,58,16.174022119379426
LSD_Second,set1_dQn_m,GPR,log,protocol_holdout,diversity_oneshot,2,6,52.61824032491451
LSD_Second,set1_dQn_m,GPR,log,protocol_holdout,diversity_oneshot,2,12,20.609774218637423
LSD_Second,set1_dQn_m,GPR,log,protocol_holdout,diversity_oneshot,2,18,15.343359439222496
LSD_Second,set1_dQn_m,GPR,log,protocol_holdout,diversity_oneshot,2,24,10.208957675391748
LSD_Second,set1_dQn_m,GPR,log,protocol_holdout,diversity_oneshot,2,30,13.572915405039767
LSD_Second,set1_dQn_m,GPR,log,protocol_holdout,diversity_oneshot,2,36,11.581018355651256
LSD_Second,set1_dQn_m,GPR,log,protocol_holdout,diversity_oneshot,2,42,11.040457901337549
LSD_Second,set1_dQn_m,GPR,log,protocol_holdout,diversity_oneshot,2,48,8.202195264878736
LSD_Second,set1_dQn_m,GPR,log,protocol_holdout,diversity_oneshot,2,54,9.448928545788275
LSD_Second,set1_dQn_m,GPR,log,protocol_holdout,diversity_oneshot,2,58,10.238237642836854
LSD_Second,set1_dQn_m,GPR,log,protocol_holdout,diversity_oneshot,3,6,27.33042080200802
LSD_Second,set1_dQn_m,GPR,log,protocol_holdout,diversity_oneshot,3,12,15.70240198814454
LSD_Second,set1_dQn_m,GPR,log,protocol_holdout,diversity_oneshot,3,18,13.487043980288854
LSD_Second,set1_dQn_m,GPR,log,protocol_holdout,diversity_oneshot,3,24,12.28212928361656
LSD_Second,set1_dQn_m,GPR,log,protocol_holdout,diversity_oneshot,3,30,16.85671958323959
LSD_Second,set1_dQn_m,GPR,log,protocol_holdout,diversity_oneshot,3,36,14.990360543498792
LSD_Second,set1_dQn_m,GPR,log,protocol_holdout,diversity_oneshot,3,42,13.511217612482726
LSD_Second,set1_dQn_m,GPR,log,protocol_holdout,diversity_oneshot,3,48,11.503491415824111
LSD_Second,set1_dQn_m,GPR,log,protocol_holdout,diversity_oneshot,3,54,12.536833563034888
LSD_Second,set1_dQn_m,GPR,log,protocol_holdout,diversity_oneshot,3,58,11.285176359058664
LSD_Second,set1_dQn_m,GPR,log,protocol_holdout,diversity_oneshot,4,6,25.714757025236462
LSD_Second,set1_dQn_m,GPR,log,protocol_holdout,diversity_oneshot,4,12,25.881961059148832
LSD_Second,set1_dQn_m,GPR,log,protocol_holdout,diversity_oneshot,4,18,15.006091608355945
LSD_Second,set1_dQn_m,GPR,log,protocol_holdout,diversity_oneshot,4,24,12.886537871709972
LSD_Second,set1_dQn_m,GPR,log,protocol_holdout,diversity_oneshot,4,30,18.458894209044804
LSD_Second,set1_dQn_m,GPR,log,protocol_holdout,diversity_oneshot,4,36,20.633998403029423
LSD_Second,set1_dQn_m,GPR,log,protocol_holdout,diversity_oneshot,4,42,20.27665539512434
LSD_Second,set1_dQn_m,GPR,log,protocol_holdout,diversity_oneshot,4,48,19.4021696129675
LSD_Second,set1_dQn_m,GPR,log,protocol_holdout,diversity_oneshot,4,54,18.89915309734345
LSD_Second,set1_dQn_m,GPR,log,protocol_holdout,diversity_oneshot,4,58,17.836658313944298
LSD_Second,set1_dQn_m,GPR,log,protocol_holdout,diversity_oneshot,5,6,31.35164680498093
LSD_Second,set1_dQn_m,GPR,log,protocol_holdout,diversity_oneshot,5,12,33.10659543328273
LSD_Second,set1_dQn_m,GPR,log,protocol_holdout,diversity_oneshot,5,18,15.566302547305416
LSD_Second,set1_dQn_m,GPR,log,protocol_holdout,diversity_oneshot,5,24,16.814646305349374
LSD_Second,set1_dQn_m,GPR,log,protocol_holdout,diversity_oneshot,5,30,18.85105330167147
LSD_Second,set1_dQn_m,GPR,log,protocol_holdout,diversity_oneshot,5,36,16.894310507654836
LSD_Second,set1_dQn_m,GPR,log,protocol_holdout,diversity_oneshot,5,42,23.469572101553013
LSD_Second,set1_dQn_m,GPR,log,protocol_holdout,diversity_oneshot,5,48,20.0861779373314
LSD_Second,set1_dQn_m,GPR,log,protocol_holdout,diversity_oneshot,5,54,21.02225887972467
LSD_Second,set1_dQn_m,GPR,log,protocol_holdout,diversity_oneshot,5,58,21.10262005355873
LSD_Second,set1_dQn_m,GPR,log,protocol_holdout,diversity_oneshot,6,6,48.33637362055179
LSD_Second,set1_dQn_m,GPR,log,protocol_holdout,diversity_oneshot,6,12,27.7180913781426
LSD_Second,set1_dQn_m,GPR,log,protocol_holdout,diversity_oneshot,6,18,25.84732849266716
LSD_Second,set1_dQn_m,GPR,log,protocol_holdout,diversity_oneshot,6,24,27.408861696750268
LSD_Second,set1_dQn_m,GPR,log,protocol_holdout,diversity_oneshot,6,30,10.979593116325251
LSD_Second,set1_dQn_m,GPR,log,protocol_holdout,diversity_oneshot,6,36,14.00103484524617
LSD_Second,set1_dQn_m,GPR,log,protocol_holdout,diversity_oneshot,6,42,15.256826955140449
LSD_Second,set1_dQn_m,GPR,log,protocol_holdout,diversity_oneshot,6,48,14.845660027199104
LSD_Second,set1_dQn_m,GPR,log,protocol_holdout,diversity_oneshot,6,54,13.455458143129547
LSD_Second,set1_dQn_m,GPR,log,protocol_holdout,diversity_oneshot,6,58,13.723353005138538
LSD_Second,set1_dQn_m,GPR,log,protocol_holdout,diversity_oneshot,7,6,33.919903415456155
LSD_Second,set1_dQn_m,GPR,log,protocol_holdout,diversity_oneshot,7,12,28.67450648052932
LSD_Second,set1_dQn_m,GPR,log,protocol_holdout,diversity_oneshot,7,18,14.98805373161368
LSD_Second,set1_dQn_m,GPR,log,protocol_holdout,diversity_oneshot,7,24,18.703934405554044
LSD_Second,set1_dQn_m,GPR,log,protocol_holdout,diversity_oneshot,7,30,18.189346255156103
LSD_Second,set1_dQn_m,GPR,log,protocol_holdout,diversity_oneshot,7,36,15.30999994356108
LSD_Second,set1_dQn_m,GPR,log,protocol_holdout,diversity_oneshot,7,42,17.045235197491408
LSD_Second,set1_dQn_m,GPR,log,protocol_holdout,diversity_oneshot,7,48,21.55491286674031
LSD_Second,set1_dQn_m,GPR,log,protocol_holdout,diversity_oneshot,7,54,23.899797254368888
LSD_Second,set1_dQn_m,GPR,log,protocol_holdout,diversity_oneshot,7,58,24.593377959425272
LSD_Second,set1_dQn_m,GPR,log,protocol_holdout,diversity_oneshot,8,6,32.801943947616195
LSD_Second,set1_dQn_m,GPR,log,protocol_holdout,diversity_oneshot,8,12,18.3018492837345
LSD_Second,set1_dQn_m,GPR,log,protocol_holdout,diversity_oneshot,8,18,25.026919936895727
LSD_Second,set1_dQn_m,GPR,log,protocol_holdout,diversity_oneshot,8,24,28.81546738618455
LSD_Second,set1_dQn_m,GPR,log,protocol_holdout,diversity_oneshot,8,30,25.271672244989507
LSD_Second,set1_dQn_m,GPR,log,protocol_holdout,diversity_oneshot,8,36,23.180812994272216
LSD_Second,set1_dQn_m,GPR,log,protocol_holdout,diversity_oneshot,8,42,21.03206408693475
LSD_Second,set1_dQn_m,GPR,log,protocol_holdout,diversity_oneshot,8,48,18.33537287464309
LSD_Second,set1_dQn_m,GPR,log,protocol_holdout,diversity_oneshot,8,54,18.42029343730859
LSD_Second,set1_dQn_m,GPR,log,protocol_holdout,diversity_oneshot,8,58,18.08143890357264
LSD_Second,set1_dQn_m,GPR,log,protocol_holdout,diversity_oneshot,9,6,26.994141686130103
LSD_Second,set1_dQn_m,GPR,log,protocol_holdout,diversity_oneshot,9,12,23.375018897767628
LSD_Second,set1_dQn_m,GPR,log,protocol_holdout,diversity_oneshot,9,18,21.6686042841458
LSD_Second,set1_dQn_m,GPR,log,protocol_holdout,diversity_oneshot,9,24,17.91686316569224
LSD_Second,set1_dQn_m,GPR,log,protocol_holdout,diversity_oneshot,9,30,18.194005648625275
LSD_Second,set1_dQn_m,GPR,log,protocol_holdout,diversity_oneshot,9,36,17.260319714156612
LSD_Second,set1_dQn_m,GPR,log,protocol_holdout,diversity_oneshot,9,42,17.69892245664624
LSD_Second,set1_dQn_m,GPR,log,protocol_holdout,diversity_oneshot,9,48,11.35200592690194
LSD_Second,set1_dQn_m,GPR,log,protocol_holdout,diversity_oneshot,9,54,12.489751728016932
LSD_Second,set1_dQn_m,GPR,log,protocol_holdout,diversity_oneshot,9,58,12.333332463536545
LSD_Second,set1_dQn_m,GPR,log,protocol_holdout,diversity_oneshot,10,6,32.54067457136107
LSD_Second,set1_dQn_m,GPR,log,protocol_holdout,diversity_oneshot,10,12,26.79698854242268
LSD_Second,set1_dQn_m,GPR,log,protocol_holdout,diversity_oneshot,10,18,23.15485854515844
LSD_Second,set1_dQn_m,GPR,log,protocol_holdout,diversity_oneshot,10,24,20.80700622263676
LSD_Second,set1_dQn_m,GPR,log,protocol_holdout,diversity_oneshot,10,30,19.93481283858329
LSD_Second,set1_dQn_m,GPR,log,protocol_holdout,diversity_oneshot,10,36,21.741970307508645
LSD_Second,set1_dQn_m,GPR,log,protocol_holdout,diversity_oneshot,10,42,22.432435689827788
LSD_Second,set1_dQn_m,GPR,log,protocol_holdout,diversity_oneshot,10,48,23.86709425492851
LSD_Second,set1_dQn_m,GPR,log,protocol_holdout,diversity_oneshot,10,54,23.6243978755631
LSD_Second,set1_dQn_m,GPR,log,protocol_holdout,diversity_oneshot,10,58,24.056552033551547
LSD_Second,set1_dQn_m,GPR,log,protocol_holdout,diversity_iterative,1,6,19.868225162652173
LSD_Second,set1_dQn_m,GPR,log,protocol_holdout,diversity_iterative,1,12,22.12544402280309
LSD_Second,set1_dQn_m,GPR,log,protocol_holdout,diversity_iterative,1,18,18.89118836794781
LSD_Second,set1_dQn_m,GPR,log,protocol_holdout,diversity_iterative,1,24,17.735300017322903
LSD_Second,set1_dQn_m,GPR,log,protocol_holdout,diversity_iterative,1,30,19.96647223334371
LSD_Second,set1_dQn_m,GPR,log,protocol_holdout,diversity_iterative,1,36,20.20178518680913
LSD_Second,set1_dQn_m,GPR,log,protocol_holdout,diversity_iterative,1,42,16.45305365467999
LSD_Second,set1_dQn_m,GPR,log,protocol_holdout,diversity_iterative,1,48,17.053113740341804
LSD_Second,set1_dQn_m,GPR,log,protocol_holdout,diversity_iterative,1,54,15.75746422025188
LSD_Second,set1_dQn_m,GPR,log,protocol_holdout,diversity_iterative,1,58,16.174022119379426
LSD_Second,set1_dQn_m,GPR,log,protocol_holdout,diversity_iterative,2,6,52.61824032491451
LSD_Second,set1_dQn_m,GPR,log,protocol_holdout,diversity_iterative,2,12,29.71386922292422
LSD_Second,set1_dQn_m,GPR,log,protocol_holdout,diversity_iterative,2,18,43.35997654547505
LSD_Second,set1_dQn_m,GPR,log,protocol_holdout,diversity_iterative,2,24,46.74466238049677
LSD_Second,set1_dQn_m,GPR,log,protocol_holdout,diversity_iterative,2,30,36.77954242675989
LSD_Second,set1_dQn_m,GPR,log,protocol_holdout,diversity_iterative,2,36,8.3874280058836
LSD_Second,set1_dQn_m,GPR,log,protocol_holdout,diversity_iterative,2,42,9.744551600888444
LSD_Second,set1_dQn_m,GPR,log,protocol_holdout,diversity_iterative,2,48,10.24509424587503
LSD_Second,set1_dQn_m,GPR,log,protocol_holdout,diversity_iterative,2,54,9.887345139908255
LSD_Second,set1_dQn_m,GPR,log,protocol_holdout,diversity_iterative,2,58,10.238237642836854
LSD_Second,set1_dQn_m,GPR,log,protocol_holdout,diversity_iterative,3,6,27.33042080200802
LSD_Second,set1_dQn_m,GPR,log,protocol_holdout,diversity_iterative,3,12,27.564560374355075
LSD_Second,set1_dQn_m,GPR,log,protocol_holdout,diversity_iterative,3,18,25.427249882770088
LSD_Second,set1_dQn_m,GPR,log,protocol_holdout,diversity_iterative,3,24,21.980935334197007
LSD_Second,set1_dQn_m,GPR,log,protocol_holdout,diversity_iterative,3,30,14.493346136552582
LSD_Second,set1_dQn_m,GPR,log,protocol_holdout,diversity_iterative,3,36,16.38642762875674
LSD_Second,set1_dQn_m,GPR,log,protocol_holdout,diversity_iterative,3,42,15.107305030144929
LSD_Second,set1_dQn_m,GPR,log,protocol_holdout,diversity_iterative,3,48,12.646340027820424
LSD_Second,set1_dQn_m,GPR,log,protocol_holdout,diversity_iterative,3,54,11.112838436066236
LSD_Second,set1_dQn_m,GPR,log,protocol_holdout,diversity_iterative,3,58,11.285176359058664
LSD_Second,set1_dQn_m,GPR,log,protocol_holdout,diversity_iterative,4,6,25.714757025236462
LSD_Second,set1_dQn_m,GPR,log,protocol_holdout,diversity_iterative,4,12,22.205035043066896
LSD_Second,set1_dQn_m,GPR,log,protocol_holdout,diversity_iterative,4,18,13.272184354462013
LSD_Second,set1_dQn_m,GPR,log,protocol_holdout,diversity_iterative,4,24,14.52041808039462
LSD_Second,set1_dQn_m,GPR,log,protocol_holdout,diversity_iterative,4,30,13.193454549016076
LSD_Second,set1_dQn_m,GPR,log,protocol_holdout,diversity_iterative,4,36,13.46159356496141
LSD_Second,set1_dQn_m,GPR,log,protocol_holdout,diversity_iterative,4,42,18.64417809734198
LSD_Second,set1_dQn_m,GPR,log,protocol_holdout,diversity_iterative,4,48,17.51318096055793
LSD_Second,set1_dQn_m,GPR,log,protocol_holdout,diversity_iterative,4,54,18.253083571740177
LSD_Second,set1_dQn_m,GPR,log,protocol_holdout,diversity_iterative,4,58,17.836658313944298
LSD_Second,set1_dQn_m,GPR,log,protocol_holdout,diversity_iterative,5,6,31.35164680498093
LSD_Second,set1_dQn_m,GPR,log,protocol_holdout,diversity_iterative,5,12,27.779300970446464
LSD_Second,set1_dQn_m,GPR,log,protocol_holdout,diversity_iterative,5,18,26.330879640888146
LSD_Second,set1_dQn_m,GPR,log,protocol_holdout,diversity_iterative,5,24,24.066317940111865
LSD_Second,set1_dQn_m,GPR,log,protocol_holdout,diversity_iterative,5,30,24.58418932872995
LSD_Second,set1_dQn_m,GPR,log,protocol_holdout,diversity_iterative,5,36,18.83109531693468
LSD_Second,set1_dQn_m,GPR,log,protocol_holdout,diversity_iterative,5,42,21.26044613816257
LSD_Second,set1_dQn_m,GPR,log,protocol_holdout,diversity_iterative,5,48,21.241318501764788
LSD_Second,set1_dQn_m,GPR,log,protocol_holdout,diversity_iterative,5,54,22.86551271724156
LSD_Second,set1_dQn_m,GPR,log,protocol_holdout,diversity_iterative,5,58,21.10262005355873
LSD_Second,set1_dQn_m,GPR,log,protocol_holdout,diversity_iterative,6,6,48.33637362055179
LSD_Second,set1_dQn_m,GPR,log,protocol_holdout,diversity_iterative,6,12,30.644192506940733
LSD_Second,set1_dQn_m,GPR,log,protocol_holdout,diversity_iterative,6,18,44.32799682221144
LSD_Second,set1_dQn_m,GPR,log,protocol_holdout,diversity_iterative,6,24,13.002826936891887
LSD_Second,set1_dQn_m,GPR,log,protocol_holdout,diversity_iterative,6,30,36.87735489250692
LSD_Second,set1_dQn_m,GPR,log,protocol_holdout,diversity_iterative,6,36,13.303316534774313
LSD_Second,set1_dQn_m,GPR,log,protocol_holdout,diversity_iterative,6,42,12.93133745178922
LSD_Second,set1_dQn_m,GPR,log,protocol_holdout,diversity_iterative,6,48,14.170694436902478
LSD_Second,set1_dQn_m,GPR,log,protocol_holdout,diversity_iterative,6,54,13.497887653811766
LSD_Second,set1_dQn_m,GPR,log,protocol_holdout,diversity_iterative,6,58,13.723353005138538
LSD_Second,set1_dQn_m,GPR,log,protocol_holdout,diversity_iterative,7,6,33.919903415456155
LSD_Second,set1_dQn_m,GPR,log,protocol_holdout,diversity_iterative,7,12,30.30010961628172
LSD_Second,set1_dQn_m,GPR,log,protocol_holdout,diversity_iterative,7,18,11.664593764004632
LSD_Second,set1_dQn_m,GPR,log,protocol_holdout,diversity_iterative,7,24,15.088928013016975
LSD_Second,set1_dQn_m,GPR,log,protocol_holdout,diversity_iterative,7,30,24.34875338535088
LSD_Second,set1_dQn_m,GPR,log,protocol_holdout,diversity_iterative,7,36,20.59813625336358
LSD_Second,set1_dQn_m,GPR,log,protocol_holdout,diversity_iterative,7,42,26.576498524742533
LSD_Second,set1_dQn_m,GPR,log,protocol_holdout,diversity_iterative,7,48,24.723268207151943
LSD_Second,set1_dQn_m,GPR,log,protocol_holdout,diversity_iterative,7,54,24.23573512615551
LSD_Second,set1_dQn_m,GPR,log,protocol_holdout,diversity_iterative,7,58,24.593377959425272
LSD_Second,set1_dQn_m,GPR,log,protocol_holdout,diversity_iterative,8,6,32.801943947616195
LSD_Second,set1_dQn_m,GPR,log,protocol_holdout,diversity_iterative,8,12,31.78655350018919
LSD_Second,set1_dQn_m,GPR,log,protocol_holdout,diversity_iterative,8,18,30.27588761949928
LSD_Second,set1_dQn_m,GPR,log,protocol_holdout,diversity_iterative,8,24,31.24531271516796
LSD_Second,set1_dQn_m,GPR,log,protocol_holdout,diversity_iterative,8,30,22.288744840644146
LSD_Second,set1_dQn_m,GPR,log,protocol_holdout,diversity_iterative,8,36,23.01762561961993
LSD_Second,set1_dQn_m,GPR,log,protocol_holdout,diversity_iterative,8,42,24.056518080221245
LSD_Second,set1_dQn_m,GPR,log,protocol_holdout,diversity_iterative,8,48,17.869751737227382
LSD_Second,set1_dQn_m,GPR,log,protocol_holdout,diversity_iterative,8,54,18.09278106746893
LSD_Second,set1_dQn_m,GPR,log,protocol_holdout,diversity_iterative,8,58,18.08143890357264
LSD_Second,set1_dQn_m,GPR,log,protocol_holdout,diversity_iterative,9,6,26.994141686130103
LSD_Second,set1_dQn_m,GPR,log,protocol_holdout,diversity_iterative,9,12,26.948597660025264
LSD_Second,set1_dQn_m,GPR,log,protocol_holdout,diversity_iterative,9,18,29.340722050050243
LSD_Second,set1_dQn_m,GPR,log,protocol_holdout,diversity_iterative,9,24,27.39265296067132
LSD_Second,set1_dQn_m,GPR,log,protocol_holdout,diversity_iterative,9,30,20.499827368683103
LSD_Second,set1_dQn_m,GPR,log,protocol_holdout,diversity_iterative,9,36,18.32972677066685
LSD_Second,set1_dQn_m,GPR,log,protocol_holdout,diversity_iterative,9,42,15.999637978438589
LSD_Second,set1_dQn_m,GPR,log,protocol_holdout,diversity_iterative,9,48,13.05045874932082
LSD_Second,set1_dQn_m,GPR,log,protocol_holdout,diversity_iterative,9,54,12.289261378403951
LSD_Second,set1_dQn_m,GPR,log,protocol_holdout,diversity_iterative,9,58,12.333332463536545
LSD_Second,set1_dQn_m,GPR,log,protocol_holdout,diversity_iterative,10,6,32.54067457136107
LSD_Second,set1_dQn_m,GPR,log,protocol_holdout,diversity_iterative,10,12,33.889764132682245
LSD_Second,set1_dQn_m,GPR,log,protocol_holdout,diversity_iterative,10,18,29.5967624942034
LSD_Second,set1_dQn_m,GPR,log,protocol_holdout,diversity_iterative,10,24,31.437202009575643
LSD_Second,set1_dQn_m,GPR,log,protocol_holdout,diversity_iterative,10,30,31.94424737672796
LSD_Second,set1_dQn_m,GPR,log,protocol_holdout,diversity_iterative,10,36,28.980466519813763
LSD_Second,set1_dQn_m,GPR,log,protocol_holdout,diversity_iterative,10,42,26.39350007296249
LSD_Second,set1_dQn_m,GPR,log,protocol_holdout,diversity_iterative,10,48,24.55515550629185
LSD_Second,set1_dQn_m,GPR,log,protocol_holdout,diversity_iterative,10,54,24.03880190646522
LSD_Second,set1_dQn_m,GPR,log,protocol_holdout,diversity_iterative,10,58,24.056552033551547
LSD_Second,set1_dQn_m,GPR,log,protocol_holdout,coverage,1,6,36.01903407553119
LSD_Second,set1_dQn_m,GPR,log,protocol_holdout,coverage,1,12,29.83000546683176
LSD_Second,set1_dQn_m,GPR,log,protocol_holdout,coverage,1,18,21.42423163688312
LSD_Second,set1_dQn_m,GPR,log,protocol_holdout,coverage,1,24,20.307492147647697
LSD_Second,set1_dQn_m,GPR,log,protocol_holdout,coverage,1,30,17.629412000314897
LSD_Second,set1_dQn_m,GPR,log,protocol_holdout,coverage,1,36,17.41107727233133
LSD_Second,set1_dQn_m,GPR,log,protocol_holdout,coverage,1,42,15.65163109283498
LSD_Second,set1_dQn_m,GPR,log,protocol_holdout,coverage,1,48,15.26731700151452
LSD_Second,set1_dQn_m,GPR,log,protocol_holdout,coverage,1,54,15.893168421929468
LSD_Second,set1_dQn_m,GPR,log,protocol_holdout,coverage,1,58,16.174022119379426
LSD_Second,set1_dQn_m,GPR,log,protocol_holdout,coverage,2,6,25.24179766796185
LSD_Second,set1_dQn_m,GPR,log,protocol_holdout,coverage,2,12,11.451734137565772
LSD_Second,set1_dQn_m,GPR,log,protocol_holdout,coverage,2,18,8.621235478581966
LSD_Second,set1_dQn_m,GPR,log,protocol_holdout,coverage,2,24,10.734522123777952
LSD_Second,set1_dQn_m,GPR,log,protocol_holdout,coverage,2,30,12.163162368155728
LSD_Second,set1_dQn_m,GPR,log,protocol_holdout,coverage,2,36,12.0719030386654
LSD_Second,set1_dQn_m,GPR,log,protocol_holdout,coverage,2,42,9.004281924269302
LSD_Second,set1_dQn_m,GPR,log,protocol_holdout,coverage,2,48,9.169797146111938
LSD_Second,set1_dQn_m,GPR,log,protocol_holdout,coverage,2,54,9.897121416135612
LSD_Second,set1_dQn_m,GPR,log,protocol_holdout,coverage,2,58,10.238237642836854
LSD_Second,set1_dQn_m,GPR,log,protocol_holdout,coverage,3,6,36.35178160893104
LSD_Second,set1_dQn_m,GPR,log,protocol_holdout,coverage,3,12,15.103244258615408
LSD_Second,set1_dQn_m,GPR,log,protocol_holdout,coverage,3,18,13.84625624777039
LSD_Second,set1_dQn_m,GPR,log,protocol_holdout,coverage,3,24,15.87412759101032
LSD_Second,set1_dQn_m,GPR,log,protocol_holdout,coverage,3,30,13.062213645852754
LSD_Second,set1_dQn_m,GPR,log,protocol_holdout,coverage,3,36,12.59936703999812
LSD_Second,set1_dQn_m,GPR,log,protocol_holdout,coverage,3,42,13.21090217997481
LSD_Second,set1_dQn_m,GPR,log,protocol_holdout,coverage,3,48,12.28598330227253
LSD_Second,set1_dQn_m,GPR,log,protocol_holdout,coverage,3,54,11.323812906302749
LSD_Second,set1_dQn_m,GPR,log,protocol_holdout,coverage,3,58,11.285176359058664
LSD_Second,set1_dQn_m,GPR,log,protocol_holdout,coverage,4,6,28.047782241794177
LSD_Second,set1_dQn_m,GPR,log,protocol_holdout,coverage,4,12,34.59232585951563
LSD_Second,set1_dQn_m,GPR,log,protocol_holdout,coverage,4,18,27.873086930277346
LSD_Second,set1_dQn_m,GPR,log,protocol_holdout,coverage,4,24,21.903156183160128
LSD_Second,set1_dQn_m,GPR,log,protocol_holdout,coverage,4,30,19.24139986810662
LSD_Second,set1_dQn_m,GPR,log,protocol_holdout,coverage,4,36,20.310619439795595
LSD_Second,set1_dQn_m,GPR,log,protocol_holdout,coverage,4,42,19.65408508934322
LSD_Second,set1_dQn_m,GPR,log,protocol_holdout,coverage,4,48,18.48003593275776
LSD_Second,set1_dQn_m,GPR,log,protocol_holdout,coverage,4,54,18.692588403225823
LSD_Second,set1_dQn_m,GPR,log,protocol_holdout,coverage,4,58,17.836658313944298
LSD_Second,set1_dQn_m,GPR,log,protocol_holdout,coverage,5,6,32.35519537961923
LSD_Second,set1_dQn_m,GPR,log,protocol_holdout,coverage,5,12,30.80387800097505
LSD_Second,set1_dQn_m,GPR,log,protocol_holdout,coverage,5,18,16.04990970459911
LSD_Second,set1_dQn_m,GPR,log,protocol_holdout,coverage,5,24,18.36747250181084
LSD_Second,set1_dQn_m,GPR,log,protocol_holdout,coverage,5,30,18.21789561885113
LSD_Second,set1_dQn_m,GPR,log,protocol_holdout,coverage,5,36,20.21650603895885
LSD_Second,set1_dQn_m,GPR,log,protocol_holdout,coverage,5,42,20.98687567459616
LSD_Second,set1_dQn_m,GPR,log,protocol_holdout,coverage,5,48,22.12096480276364
LSD_Second,set1_dQn_m,GPR,log,protocol_holdout,coverage,5,54,20.96023921132871
LSD_Second,set1_dQn_m,GPR,log,protocol_holdout,coverage,5,58,21.10262005355873
LSD_Second,set1_dQn_m,GPR,log,protocol_holdout,coverage,6,6,32.66841813235484
LSD_Second,set1_dQn_m,GPR,log,protocol_holdout,coverage,6,12,24.11272185617831
LSD_Second,set1_dQn_m,GPR,log,protocol_holdout,coverage,6,18,14.586488813015938
LSD_Second,set1_dQn_m,GPR,log,protocol_holdout,coverage,6,24,12.638135044864631
LSD_Second,set1_dQn_m,GPR,log,protocol_holdout,coverage,6,30,15.574631237688015
LSD_Second,set1_dQn_m,GPR,log,protocol_holdout,coverage,6,36,15.836321006638562
LSD_Second,set1_dQn_m,GPR,log,protocol_holdout,coverage,6,42,13.525223035821227
LSD_Second,set1_dQn_m,GPR,log,protocol_holdout,coverage,6,48,15.357996660962584
LSD_Second,set1_dQn_m,GPR,log,protocol_holdout,coverage,6,54,14.729270831825472
LSD_Second,set1_dQn_m,GPR,log,protocol_holdout,coverage,6,58,13.723353005138538
LSD_Second,set1_dQn_m,GPR,log,protocol_holdout,coverage,7,6,50.536567581054605
LSD_Second,set1_dQn_m,GPR,log,protocol_holdout,coverage,7,12,22.706556194167025
LSD_Second,set1_dQn_m,GPR,log,protocol_holdout,coverage,7,18,22.352556485948043
LSD_Second,set1_dQn_m,GPR,log,protocol_holdout,coverage,7,24,19.8240598444096
LSD_Second,set1_dQn_m,GPR,log,protocol_holdout,coverage,7,30,17.774181352270734
LSD_Second,set1_dQn_m,GPR,log,protocol_holdout,coverage,7,36,19.44800135891229
LSD_Second,set1_dQn_m,GPR,log,protocol_holdout,coverage,7,42,20.65942952459301
LSD_Second,set1_dQn_m,GPR,log,protocol_holdout,coverage,7,48,23.902886431455844
LSD_Second,set1_dQn_m,GPR,log,protocol_holdout,coverage,7,54,24.212669249535463
LSD_Second,set1_dQn_m,GPR,log,protocol_holdout,coverage,7,58,24.593377959425272
LSD_Second,set1_dQn_m,GPR,log,protocol_holdout,coverage,8,6,28.94509414732768
LSD_Second,set1_dQn_m,GPR,log,protocol_holdout,coverage,8,12,30.325092025105487
LSD_Second,set1_dQn_m,GPR,log,protocol_holdout,coverage,8,18,20.151055110397404
LSD_Second,set1_dQn_m,GPR,log,protocol_holdout,coverage,8,24,13.2657133426631
LSD_Second,set1_dQn_m,GPR,log,protocol_holdout,coverage,8,30,15.866564876079824
LSD_Second,set1_dQn_m,GPR,log,protocol_holdout,coverage,8,36,15.077721827597529
LSD_Second,set1_dQn_m,GPR,log,protocol_holdout,coverage,8,42,16.71210534452145
LSD_Second,set1_dQn_m,GPR,log,protocol_holdout,coverage,8,48,19.19402013298975
LSD_Second,set1_dQn_m,GPR,log,protocol_holdout,coverage,8,54,18.699334023007022
LSD_Second,set1_dQn_m,GPR,log,protocol_holdout,coverage,8,58,18.08143890357264
LSD_Second,set1_dQn_m,GPR,log,protocol_holdout,coverage,9,6,27.247474475053927
LSD_Second,set1_dQn_m,GPR,log,protocol_holdout,coverage,9,12,24.20762362505476
LSD_Second,set1_dQn_m,GPR,log,protocol_holdout,coverage,9,18,13.10223717088031
LSD_Second,set1_dQn_m,GPR,log,protocol_holdout,coverage,9,24,10.957804811285737
LSD_Second,set1_dQn_m,GPR,log,protocol_holdout,coverage,9,30,11.401429327450789
LSD_Second,set1_dQn_m,GPR,log,protocol_holdout,coverage,9,36,11.180252888758655
LSD_Second,set1_dQn_m,GPR,log,protocol_holdout,coverage,9,42,12.28109580152398
LSD_Second,set1_dQn_m,GPR,log,protocol_holdout,coverage,9,48,11.775922833680408
LSD_Second,set1_dQn_m,GPR,log,protocol_holdout,coverage,9,54,12.570632792428182
LSD_Second,set1_dQn_m,GPR,log,protocol_holdout,coverage,9,58,12.333332463536545
LSD_Second,set1_dQn_m,GPR,log,protocol_holdout,coverage,10,6,24.6889081206684
LSD_Second,set1_dQn_m,GPR,log,protocol_holdout,coverage,10,12,29.878062745559465
LSD_Second,set1_dQn_m,GPR,log,protocol_holdout,coverage,10,18,31.15307684107824
LSD_Second,set1_dQn_m,GPR,log,protocol_holdout,coverage,10,24,26.233215355373456
LSD_Second,set1_dQn_m,GPR,log,protocol_holdout,coverage,10,30,25.287383492345388
LSD_Second,set1_dQn_m,GPR,log,protocol_holdout,coverage,10,36,26.79878850308113
LSD_Second,set1_dQn_m,GPR,log,protocol_holdout,coverage,10,42,26.19103639841304
LSD_Second,set1_dQn_m,GPR,log,protocol_holdout,coverage,10,48,25.509094573413822
LSD_Second,set1_dQn_m,GPR,log,protocol_holdout,coverage,10,54,24.297076846665004
LSD_Second,set1_dQn_m,GPR,log,protocol_holdout,coverage,10,58,24.056552033551547
LSD_Second,set1_dQn_m,GPR,log,protocol_holdout,exploration,1,6,36.01903407553119
LSD_Second,set1_dQn_m,GPR,log,protocol_holdout,exploration,1,12,29.83000546683176
LSD_Second,set1_dQn_m,GPR,log,protocol_holdout,exploration,1,18,24.69622226799084
LSD_Second,set1_dQn_m,GPR,log,protocol_holdout,exploration,1,24,19.01341319662352
LSD_Second,set1_dQn_m,GPR,log,protocol_holdout,exploration,1,30,13.989206222658751
LSD_Second,set1_dQn_m,GPR,log,protocol_holdout,exploration,1,36,19.150882325513432
LSD_Second,set1_dQn_m,GPR,log,protocol_holdout,exploration,1,42,17.95023674789889
LSD_Second,set1_dQn_m,GPR,log,protocol_holdout,exploration,1,48,17.189830005597283
LSD_Second,set1_dQn_m,GPR,log,protocol_holdout,exploration,1,54,16.333731147071312
LSD_Second,set1_dQn_m,GPR,log,protocol_holdout,exploration,1,58,16.174022119379426
LSD_Second,set1_dQn_m,GPR,log,protocol_holdout,exploration,2,6,25.24179766796185
LSD_Second,set1_dQn_m,GPR,log,protocol_holdout,exploration,2,12,10.864617566355816
LSD_Second,set1_dQn_m,GPR,log,protocol_holdout,exploration,2,18,14.580161135250297
LSD_Second,set1_dQn_m,GPR,log,protocol_holdout,exploration,2,24,10.970386273185436
LSD_Second,set1_dQn_m,GPR,log,protocol_holdout,exploration,2,30,10.43259136164839
LSD_Second,set1_dQn_m,GPR,log,protocol_holdout,exploration,2,36,8.412389735789697
LSD_Second,set1_dQn_m,GPR,log,protocol_holdout,exploration,2,42,7.749097790184672
LSD_Second,set1_dQn_m,GPR,log,protocol_holdout,exploration,2,48,8.419249429845609
LSD_Second,set1_dQn_m,GPR,log,protocol_holdout,exploration,2,54,8.669878936708203
LSD_Second,set1_dQn_m,GPR,log,protocol_holdout,exploration,2,58,10.238237642836854
LSD_Second,set1_dQn_m,GPR,log,protocol_holdout,exploration,3,6,36.35178160893104
LSD_Second,set1_dQn_m,GPR,log,protocol_holdout,exploration,3,12,18.22578106825722
LSD_Second,set1_dQn_m,GPR,log,protocol_holdout,exploration,3,18,15.838769413055328
LSD_Second,set1_dQn_m,GPR,log,protocol_holdout,exploration,3,24,15.470216133587778
LSD_Second,set1_dQn_m,GPR,log,protocol_holdout,exploration,3,30,11.802816601016923
LSD_Second,set1_dQn_m,GPR,log,protocol_holdout,exploration,3,36,9.770686817529215
LSD_Second,set1_dQn_m,GPR,log,protocol_holdout,exploration,3,42,9.401996540115055
LSD_Second,set1_dQn_m,GPR,log,protocol_holdout,exploration,3,48,10.16310386040966
LSD_Second,set1_dQn_m,GPR,log,protocol_holdout,exploration,3,54,10.289132908695718
LSD_Second,set1_dQn_m,GPR,log,protocol_holdout,exploration,3,58,11.285176359058664
LSD_Second,set1_dQn_m,GPR,log,protocol_holdout,exploration,4,6,28.047782241794177
LSD_Second,set1_dQn_m,GPR,log,protocol_holdout,exploration,4,12,34.59232585951563
LSD_Second,set1_dQn_m,GPR,log,protocol_holdout,exploration,4,18,30.978142909239804
LSD_Second,set1_dQn_m,GPR,log,protocol_holdout,exploration,4,24,20.964644487723906
LSD_Second,set1_dQn_m,GPR,log,protocol_holdout,exploration,4,30,18.34532414785221
LSD_Second,set1_dQn_m,GPR,log,protocol_holdout,exploration,4,36,20.73128525590886
LSD_Second,set1_dQn_m,GPR,log,protocol_holdout,exploration,4,42,20.31718601627716
LSD_Second,set1_dQn_m,GPR,log,protocol_holdout,exploration,4,48,18.815897771553114
LSD_Second,set1_dQn_m,GPR,log,protocol_holdout,exploration,4,54,17.597901663595948
LSD_Second,set1_dQn_m,GPR,log,protocol_holdout,exploration,4,58,17.836658313944298
LSD_Second,set1_dQn_m,GPR,log,protocol_holdout,exploration,5,6,32.35519537961923
LSD_Second,set1_dQn_m,GPR,log,protocol_holdout,exploration,5,12,30.80387800097505
LSD_Second,set1_dQn_m,GPR,log,protocol_holdout,exploration,5,18,30.629477533327176
LSD_Second,set1_dQn_m,GPR,log,protocol_holdout,exploration,5,24,22.08745547502304
LSD_Second,set1_dQn_m,GPR,log,protocol_holdout,exploration,5,30,17.808044759977864
LSD_Second,set1_dQn_m,GPR,log,protocol_holdout,exploration,5,36,22.01595164073489
LSD_Second,set1_dQn_m,GPR,log,protocol_holdout,exploration,5,42,21.446053794142607
LSD_Second,set1_dQn_m,GPR,log,protocol_holdout,exploration,5,48,23.59193696354049
LSD_Second,set1_dQn_m,GPR,log,protocol_holdout,exploration,5,54,23.27638283808976
LSD_Second,set1_dQn_m,GPR,log,protocol_holdout,exploration,5,58,21.10262005355873
LSD_Second,set1_dQn_m,GPR,log,protocol_holdout,exploration,6,6,32.66841813235484
LSD_Second,set1_dQn_m,GPR,log,protocol_holdout,exploration,6,12,22.14261305276865
LSD_Second,set1_dQn_m,GPR,log,protocol_holdout,exploration,6,18,17.322954802259574
LSD_Second,set1_dQn_m,GPR,log,protocol_holdout,exploration,6,24,13.754868248247329
LSD_Second,set1_dQn_m,GPR,log,protocol_holdout,exploration,6,30,18.02573084449188
LSD_Second,set1_dQn_m,GPR,log,protocol_holdout,exploration,6,36,21.51575100016162
LSD_Second,set1_dQn_m,GPR,log,protocol_holdout,exploration,6,42,17.535793872834592
LSD_Second,set1_dQn_m,GPR,log,protocol_holdout,exploration,6,48,16.109047401497286
LSD_Second,set1_dQn_m,GPR,log,protocol_holdout,exploration,6,54,14.893714726939338
LSD_Second,set1_dQn_m,GPR,log,protocol_holdout,exploration,6,58,13.723353005138538
LSD_Second,set1_dQn_m,GPR,log,protocol_holdout,exploration,7,6,50.536567581054605
LSD_Second,set1_dQn_m,GPR,log,protocol_holdout,exploration,7,12,22.706556194167025
LSD_Second,set1_dQn_m,GPR,log,protocol_holdout,exploration,7,18,22.18823762532944
LSD_Second,set1_dQn_m,GPR,log,protocol_holdout,exploration,7,24,24.99863054465188
LSD_Second,set1_dQn_m,GPR,log,protocol_holdout,exploration,7,30,25.20222386828704
LSD_Second,set1_dQn_m,GPR,log,protocol_holdout,exploration,7,36,27.50274889072994
LSD_Second,set1_dQn_m,GPR,log,protocol_holdout,exploration,7,42,27.52673713060638
LSD_Second,set1_dQn_m,GPR,log,protocol_holdout,exploration,7,48,26.9350238301042
LSD_Second,set1_dQn_m,GPR,log,protocol_holdout,exploration,7,54,25.933020517163182
LSD_Second,set1_dQn_m,GPR,log,protocol_holdout,exploration,7,58,24.593377959425272
LSD_Second,set1_dQn_m,GPR,log,protocol_holdout,exploration,8,6,28.94509414732768
LSD_Second,set1_dQn_m,GPR,log,protocol_holdout,exploration,8,12,13.84522834233896
LSD_Second,set1_dQn_m,GPR,log,protocol_holdout,exploration,8,18,21.337696657596496
LSD_Second,set1_dQn_m,GPR,log,protocol_holdout,exploration,8,24,18.84164173006155
LSD_Second,set1_dQn_m,GPR,log,protocol_holdout,exploration,8,30,16.028154367707163
LSD_Second,set1_dQn_m,GPR,log,protocol_holdout,exploration,8,36,16.961305092089134
LSD_Second,set1_dQn_m,GPR,log,protocol_holdout,exploration,8,42,16.874401516332473
LSD_Second,set1_dQn_m,GPR,log,protocol_holdout,exploration,8,48,16.715723712801875
LSD_Second,set1_dQn_m,GPR,log,protocol_holdout,exploration,8,54,18.60589744444493
LSD_Second,set1_dQn_m,GPR,log,protocol_holdout,exploration,8,58,18.08143890357264
LSD_Second,set1_dQn_m,GPR,log,protocol_holdout,exploration,9,6,27.247474475053927
LSD_Second,set1_dQn_m,GPR,log,protocol_holdout,exploration,9,12,28.13269447747741
LSD_Second,set1_dQn_m,GPR,log,protocol_holdout,exploration,9,18,18.04378276416085
LSD_Second,set1_dQn_m,GPR,log,protocol_holdout,exploration,9,24,16.784123211875368
LSD_Second,set1_dQn_m,GPR,log,protocol_holdout,exploration,9,30,18.34606039224973
LSD_Second,set1_dQn_m,GPR,log,protocol_holdout,exploration,9,36,11.103343843355413
LSD_Second,set1_dQn_m,GPR,log,protocol_holdout,exploration,9,42,10.194503194203518
LSD_Second,set1_dQn_m,GPR,log,protocol_holdout,exploration,9,48,10.54286918716037
LSD_Second,set1_dQn_m,GPR,log,protocol_holdout,exploration,9,54,11.4551474504469
LSD_Second,set1_dQn_m,GPR,log,protocol_holdout,exploration,9,58,12.333332463536545
LSD_Second,set1_dQn_m,GPR,log,protocol_holdout,exploration,10,6,24.6889081206684
LSD_Second,set1_dQn_m,GPR,log,protocol_holdout,exploration,10,12,24.735639594029166
LSD_Second,set1_dQn_m,GPR,log,protocol_holdout,exploration,10,18,28.03804774608417
LSD_Second,set1_dQn_m,GPR,log,protocol_holdout,exploration,10,24,26.38194024532619
LSD_Second,set1_dQn_m,GPR,log,protocol_holdout,exploration,10,30,25.560732807640846
LSD_Second,set1_dQn_m,GPR,log,protocol_holdout,exploration,10,36,25.857118050597588
LSD_Second,set1_dQn_m,GPR,log,protocol_holdout,exploration,10,42,25.5272724172806
LSD_Second,set1_dQn_m,GPR,log,protocol_holdout,exploration,10,48,25.973790755469267
LSD_Second,set1_dQn_m,GPR,log,protocol_holdout,exploration,10,54,25.321125610034617
LSD_Second,set1_dQn_m,GPR,log,protocol_holdout,exploration,10,58,24.056552033551547
LSD_Second,set1_dQn_m,GPR,log,protocol_holdout,exploitation,1,6,36.01903407553119
LSD_Second,set1_dQn_m,GPR,log,protocol_holdout,exploitation,1,12,21.58458164716881
LSD_Second,set1_dQn_m,GPR,log,protocol_holdout,exploitation,1,18,20.87574403093096
LSD_Second,set1_dQn_m,GPR,log,protocol_holdout,exploitation,1,24,21.78949951140733
LSD_Second,set1_dQn_m,GPR,log,protocol_holdout,exploitation,1,30,22.10090138237027
LSD_Second,set1_dQn_m,GPR,log,protocol_holdout,exploitation,1,36,14.165787030427992
LSD_Second,set1_dQn_m,GPR,log,protocol_holdout,exploitation,1,42,16.264235131052
LSD_Second,set1_dQn_m,GPR,log,protocol_holdout,exploitation,1,48,15.441310861624851
LSD_Second,set1_dQn_m,GPR,log,protocol_holdout,exploitation,1,54,16.7994741216448
LSD_Second,set1_dQn_m,GPR,log,protocol_holdout,exploitation,1,58,16.174022119379426
LSD_Second,set1_dQn_m,GPR,log,protocol_holdout,exploitation,2,6,25.24179766796185
LSD_Second,set1_dQn_m,GPR,log,protocol_holdout,exploitation,2,12,29.117329103974253
LSD_Second,set1_dQn_m,GPR,log,protocol_holdout,exploitation,2,18,29.563968035120432
LSD_Second,set1_dQn_m,GPR,log,protocol_holdout,exploitation,2,24,49.39398947142371
LSD_Second,set1_dQn_m,GPR,log,protocol_holdout,exploitation,2,30,15.133871943828323
LSD_Second,set1_dQn_m,GPR,log,protocol_holdout,exploitation,2,36,13.400395763272623
LSD_Second,set1_dQn_m,GPR,log,protocol_holdout,exploitation,2,42,11.469273092290727
LSD_Second,set1_dQn_m,GPR,log,protocol_holdout,exploitation,2,48,9.784671089705263
LSD_Second,set1_dQn_m,GPR,log,protocol_holdout,exploitation,2,54,11.117935666238
LSD_Second,set1_dQn_m,GPR,log,protocol_holdout,exploitation,2,58,10.238237642836854
LSD_Second,set1_dQn_m,GPR,log,protocol_holdout,exploitation,3,6,36.35178160893104
LSD_Second,set1_dQn_m,GPR,log,protocol_holdout,exploitation,3,12,11.191300865374622
LSD_Second,set1_dQn_m,GPR,log,protocol_holdout,exploitation,3,18,34.78162141561406
LSD_Second,set1_dQn_m,GPR,log,protocol_holdout,exploitation,3,24,11.811417747938656
LSD_Second,set1_dQn_m,GPR,log,protocol_holdout,exploitation,3,30,15.384253836080768
LSD_Second,set1_dQn_m,GPR,log,protocol_holdout,exploitation,3,36,14.18896167015999
LSD_Second,set1_dQn_m,GPR,log,protocol_holdout,exploitation,3,42,14.701616302319495
LSD_Second,set1_dQn_m,GPR,log,protocol_holdout,exploitation,3,48,11.899357016142943
LSD_Second,set1_dQn_m,GPR,log,protocol_holdout,exploitation,3,54,10.888587708923366
LSD_Second,set1_dQn_m,GPR,log,protocol_holdout,exploitation,3,58,11.285176359058664
LSD_Second,set1_dQn_m,GPR,log,protocol_holdout,exploitation,4,6,28.047782241794177
LSD_Second,set1_dQn_m,GPR,log,protocol_holdout,exploitation,4,12,25.771234645681595
LSD_Second,set1_dQn_m,GPR,log,protocol_holdout,exploitation,4,18,27.93118074624258
LSD_Second,set1_dQn_m,GPR,log,protocol_holdout,exploitation,4,24,23.85237126749792
LSD_Second,set1_dQn_m,GPR,log,protocol_holdout,exploitation,4,30,22.96425811783152
LSD_Second,set1_dQn_m,GPR,log,protocol_holdout,exploitation,4,36,21.88713912240641
LSD_Second,set1_dQn_m,GPR,log,protocol_holdout,exploitation,4,42,19.132230876746387
LSD_Second,set1_dQn_m,GPR,log,protocol_holdout,exploitation,4,48,19.60994494831519
LSD_Second,set1_dQn_m,GPR,log,protocol_holdout,exploitation,4,54,18.318542714783348
LSD_Second,set1_dQn_m,GPR,log,protocol_holdout,exploitation,4,58,17.836658313944298
LSD_Second,set1_dQn_m,GPR,log,protocol_holdout,exploitation,5,6,32.35519537961923
LSD_Second,set1_dQn_m,GPR,log,protocol_holdout,exploitation,5,12,28.52402516200698
LSD_Second,set1_dQn_m,GPR,log,protocol_holdout,exploitation,5,18,20.558257785917576
LSD_Second,set1_dQn_m,GPR,log,protocol_holdout,exploitation,5,24,20.115294506409327
LSD_Second,set1_dQn_m,GPR,log,protocol_holdout,exploitation,5,30,23.09557892175955
LSD_Second,set1_dQn_m,GPR,log,protocol_holdout,exploitation,5,36,19.392637422368924
LSD_Second,set1_dQn_m,GPR,log,protocol_holdout,exploitation,5,42,11.498037840943796
LSD_Second,set1_dQn_m,GPR,log,protocol_holdout,exploitation,5,48,13.823537052040264
LSD_Second,set1_dQn_m,GPR,log,protocol_holdout,exploitation,5,54,18.76582863084828
LSD_Second,set1_dQn_m,GPR,log,protocol_holdout,exploitation,5,58,21.10262005355873
LSD_Second,set1_dQn_m,GPR,log,protocol_holdout,exploitation,6,6,32.66841813235484
LSD_Second,set1_dQn_m,GPR,log,protocol_holdout,exploitation,6,12,23.86630885897764
LSD_Second,set1_dQn_m,GPR,log,protocol_holdout,exploitation,6,18,18.31570480276592
LSD_Second,set1_dQn_m,GPR,log,protocol_holdout,exploitation,6,24,25.914805692938703
LSD_Second,set1_dQn_m,GPR,log,protocol_holdout,exploitation,6,30,28.716567472960968
LSD_Second,set1_dQn_m,GPR,log,protocol_holdout,exploitation,6,36,24.723811831089737
LSD_Second,set1_dQn_m,GPR,log,protocol_holdout,exploitation,6,42,22.94953977110559
LSD_Second,set1_dQn_m,GPR,log,protocol_holdout,exploitation,6,48,14.94976664028925
LSD_Second,set1_dQn_m,GPR,log,protocol_holdout,exploitation,6,54,14.935520195123209
LSD_Second,set1_dQn_m,GPR,log,protocol_holdout,exploitation,6,58,13.723353005138538
LSD_Second,set1_dQn_m,GPR,log,protocol_holdout,exploitation,7,6,50.536567581054605
LSD_Second,set1_dQn_m,GPR,log,protocol_holdout,exploitation,7,12,25.189644116271648
LSD_Second,set1_dQn_m,GPR,log,protocol_holdout,exploitation,7,18,21.221219538115204
LSD_Second,set1_dQn_m,GPR,log,protocol_holdout,exploitation,7,24,21.51052639702719
LSD_Second,set1_dQn_m,GPR,log,protocol_holdout,exploitation,7,30,16.907032442944377
LSD_Second,set1_dQn_m,GPR,log,protocol_holdout,exploitation,7,36,20.260824731470965
LSD_Second,set1_dQn_m,GPR,log,protocol_holdout,exploitation,7,42,22.80525941238801
LSD_Second,set1_dQn_m,GPR,log,protocol_holdout,exploitation,7,48,24.35089563776032
LSD_Second,set1_dQn_m,GPR,log,protocol_holdout,exploitation,7,54,25.7086635660948
LSD_Second,set1_dQn_m,GPR,log,protocol_holdout,exploitation,7,58,24.593377959425272
LSD_Second,set1_dQn_m,GPR,log,protocol_holdout,exploitation,8,6,28.94509414732768
LSD_Second,set1_dQn_m,GPR,log,protocol_holdout,exploitation,8,12,36.471214451403874
LSD_Second,set1_dQn_m,GPR,log,protocol_holdout,exploitation,8,18,32.92920499875313
LSD_Second,set1_dQn_m,GPR,log,protocol_holdout,exploitation,8,24,32.92023200006046
LSD_Second,set1_dQn_m,GPR,log,protocol_holdout,exploitation,8,30,31.99993070907426
LSD_Second,set1_dQn_m,GPR,log,protocol_holdout,exploitation,8,36,21.67096607363916
LSD_Second,set1_dQn_m,GPR,log,protocol_holdout,exploitation,8,42,18.96791009773522
LSD_Second,set1_dQn_m,GPR,log,protocol_holdout,exploitation,8,48,19.663882716214925
LSD_Second,set1_dQn_m,GPR,log,protocol_holdout,exploitation,8,54,16.99924702658469
LSD_Second,set1_dQn_m,GPR,log,protocol_holdout,exploitation,8,58,18.08143890357264
LSD_Second,set1_dQn_m,GPR,log,protocol_holdout,exploitation,9,6,27.247474475053927
LSD_Second,set1_dQn_m,GPR,log,protocol_holdout,exploitation,9,12,28.943486972423244
LSD_Second,set1_dQn_m,GPR,log,protocol_holdout,exploitation,9,18,27.336686424043386
LSD_Second,set1_dQn_m,GPR,log,protocol_holdout,exploitation,9,24,33.319284589257
LSD_Second,set1_dQn_m,GPR,log,protocol_holdout,exploitation,9,30,26.72232087595071
LSD_Second,set1_dQn_m,GPR,log,protocol_holdout,exploitation,9,36,11.76712990728246
LSD_Second,set1_dQn_m,GPR,log,protocol_holdout,exploitation,9,42,12.491871392110903
LSD_Second,set1_dQn_m,GPR,log,protocol_holdout,exploitation,9,48,13.715454205643333
LSD_Second,set1_dQn_m,GPR,log,protocol_holdout,exploitation,9,54,13.047609004442265
LSD_Second,set1_dQn_m,GPR,log,protocol_holdout,exploitation,9,58,12.333332463536545
LSD_Second,set1_dQn_m,GPR,log,protocol_holdout,exploitation,10,6,24.6889081206684
LSD_Second,set1_dQn_m,GPR,log,protocol_holdout,exploitation,10,12,24.735639594029166
LSD_Second,set1_dQn_m,GPR,log,protocol_holdout,exploitation,10,18,24.51898385799447
LSD_Second,set1_dQn_m,GPR,log,protocol_holdout,exploitation,10,24,23.110057904257783
LSD_Second,set1_dQn_m,GPR,log,protocol_holdout,exploitation,10,30,25.22831658578711
LSD_Second,set1_dQn_m,GPR,log,protocol_holdout,exploitation,10,36,21.751499796079244
LSD_Second,set1_dQn_m,GPR,log,protocol_holdout,exploitation,10,42,24.586366876623668
LSD_Second,set1_dQn_m,GPR,log,protocol_holdout,exploitation,10,48,24.15733007397948
LSD_Second,set1_dQn_m,GPR,log,protocol_holdout,exploitation,10,54,24.14865277525994
LSD_Second,set1_dQn_m,GPR,log,protocol_holdout,exploitation,10,58,24.056552033551547
LSD_Second,set1_dQn_m,GPR,log,protocol_holdout,hybrid,1,6,36.01903407553119
LSD_Second,set1_dQn_m,GPR,log,protocol_holdout,hybrid,1,12,15.692318416215503
LSD_Second,set1_dQn_m,GPR,log,protocol_holdout,hybrid,1,18,13.025047073444645
LSD_Second,set1_dQn_m,GPR,log,protocol_holdout,hybrid,1,24,21.55630854630466
LSD_Second,set1_dQn_m,GPR,log,protocol_holdout,hybrid,1,30,16.505181826601646
LSD_Second,set1_dQn_m,GPR,log,protocol_holdout,hybrid,1,36,16.36966316773191
LSD_Second,set1_dQn_m,GPR,log,protocol_holdout,hybrid,1,42,16.08188366037814
LSD_Second,set1_dQn_m,GPR,log,protocol_holdout,hybrid,1,48,16.389039026258658
LSD_Second,set1_dQn_m,GPR,log,protocol_holdout,hybrid,1,54,16.18050645322527
LSD_Second,set1_dQn_m,GPR,log,protocol_holdout,hybrid,1,58,16.174022119379426
LSD_Second,set1_dQn_m,GPR,log,protocol_holdout,hybrid,2,6,25.24179766796185
LSD_Second,set1_dQn_m,GPR,log,protocol_holdout,hybrid,2,12,13.531926948415354
LSD_Second,set1_dQn_m,GPR,log,protocol_holdout,hybrid,2,18,12.69819833346708
LSD_Second,set1_dQn_m,GPR,log,protocol_holdout,hybrid,2,24,12.536577043968524
LSD_Second,set1_dQn_m,GPR,log,protocol_holdout,hybrid,2,30,9.765184341043884
LSD_Second,set1_dQn_m,GPR,log,protocol_holdout,hybrid,2,36,8.023641757492594
LSD_Second,set1_dQn_m,GPR,log,protocol_holdout,hybrid,2,42,9.443647375373754
LSD_Second,set1_dQn_m,GPR,log,protocol_holdout,hybrid,2,48,8.148137408236808
LSD_Second,set1_dQn_m,GPR,log,protocol_holdout,hybrid,2,54,10.020068052700326
LSD_Second,set1_dQn_m,GPR,log,protocol_holdout,hybrid,2,58,10.238237642836854
LSD_Second,set1_dQn_m,GPR,log,protocol_holdout,hybrid,3,6,36.35178160893104
LSD_Second,set1_dQn_m,GPR,log,protocol_holdout,hybrid,3,12,15.731917390516992
LSD_Second,set1_dQn_m,GPR,log,protocol_holdout,hybrid,3,18,19.033098708590103
LSD_Second,set1_dQn_m,GPR,log,protocol_holdout,hybrid,3,24,13.074045990163905
LSD_Second,set1_dQn_m,GPR,log,protocol_holdout,hybrid,3,30,13.96396584094166
LSD_Second,set1_dQn_m,GPR,log,protocol_holdout,hybrid,3,36,11.469443625285637
LSD_Second,set1_dQn_m,GPR,log,protocol_holdout,hybrid,3,42,10.330142170514446
LSD_Second,set1_dQn_m,GPR,log,protocol_holdout,hybrid,3,48,10.341490310949768
LSD_Second,set1_dQn_m,GPR,log,protocol_holdout,hybrid,3,54,10.278298432247189
LSD_Second,set1_dQn_m,GPR,log,protocol_holdout,hybrid,3,58,11.285176359058664
LSD_Second,set1_dQn_m,GPR,log,protocol_holdout,hybrid,4,6,28.047782241794177
LSD_Second,set1_dQn_m,GPR,log,protocol_holdout,hybrid,4,12,21.924402267732663
LSD_Second,set1_dQn_m,GPR,log,protocol_holdout,hybrid,4,18,17.919889293566634
LSD_Second,set1_dQn_m,GPR,log,protocol_holdout,hybrid,4,24,17.069687059621554
LSD_Second,set1_dQn_m,GPR,log,protocol_holdout,hybrid,4,30,19.909928354201394
LSD_Second,set1_dQn_m,GPR,log,protocol_holdout,hybrid,4,36,20.19234674854674
LSD_Second,set1_dQn_m,GPR,log,protocol_holdout,hybrid,4,42,20.14528002623018
LSD_Second,set1_dQn_m,GPR,log,protocol_holdout,hybrid,4,48,18.30789229645432
LSD_Second,set1_dQn_m,GPR,log,protocol_holdout,hybrid,4,54,17.501553911031046
LSD_Second,set1_dQn_m,GPR,log,protocol_holdout,hybrid,4,58,17.836658313944298
LSD_Second,set1_dQn_m,GPR,log,protocol_holdout,hybrid,5,6,32.35519537961923
LSD_Second,set1_dQn_m,GPR,log,protocol_holdout,hybrid,5,12,28.042864815282687
LSD_Second,set1_dQn_m,GPR,log,protocol_holdout,hybrid,5,18,18.34516796732046
LSD_Second,set1_dQn_m,GPR,log,protocol_holdout,hybrid,5,24,21.724312215101584
LSD_Second,set1_dQn_m,GPR,log,protocol_holdout,hybrid,5,30,22.195364750274656
LSD_Second,set1_dQn_m,GPR,log,protocol_holdout,hybrid,5,36,22.976358193031903
LSD_Second,set1_dQn_m,GPR,log,protocol_holdout,hybrid,5,42,23.64431791219136
LSD_Second,set1_dQn_m,GPR,log,protocol_holdout,hybrid,5,48,22.97660530935288
LSD_Second,set1_dQn_m,GPR,log,protocol_holdout,hybrid,5,54,21.42653743494987
LSD_Second,set1_dQn_m,GPR,log,protocol_holdout,hybrid,5,58,21.10262005355873
LSD_Second,set1_dQn_m,GPR,log,protocol_holdout,hybrid,6,6,32.66841813235484
LSD_Second,set1_dQn_m,GPR,log,protocol_holdout,hybrid,6,12,30.51615143288796
LSD_Second,set1_dQn_m,GPR,log,protocol_holdout,hybrid,6,18,15.060229315165
LSD_Second,set1_dQn_m,GPR,log,protocol_holdout,hybrid,6,24,18.67009193722886
LSD_Second,set1_dQn_m,GPR,log,protocol_holdout,hybrid,6,30,16.52437987344036
LSD_Second,set1_dQn_m,GPR,log,protocol_holdout,hybrid,6,36,19.09576742407486
LSD_Second,set1_dQn_m,GPR,log,protocol_holdout,hybrid,6,42,16.239468024877617
LSD_Second,set1_dQn_m,GPR,log,protocol_holdout,hybrid,6,48,16.008563501955123
LSD_Second,set1_dQn_m,GPR,log,protocol_holdout,hybrid,6,54,14.632265818090714
LSD_Second,set1_dQn_m,GPR,log,protocol_holdout,hybrid,6,58,13.723353005138538
LSD_Second,set1_dQn_m,GPR,log,protocol_holdout,hybrid,7,6,50.536567581054605
LSD_Second,set1_dQn_m,GPR,log,protocol_holdout,hybrid,7,12,23.148799370992293
LSD_Second,set1_dQn_m,GPR,log,protocol_holdout,hybrid,7,18,18.755818162165
LSD_Second,set1_dQn_m,GPR,log,protocol_holdout,hybrid,7,24,24.24080126922969
LSD_Second,set1_dQn_m,GPR,log,protocol_holdout,hybrid,7,30,22.0910356193373
LSD_Second,set1_dQn_m,GPR,log,protocol_holdout,hybrid,7,36,21.868177673323
LSD_Second,set1_dQn_m,GPR,log,protocol_holdout,hybrid,7,42,24.32668141591849
LSD_Second,set1_dQn_m,GPR,log,protocol_holdout,hybrid,7,48,26.145682605478616
LSD_Second,set1_dQn_m,GPR,log,protocol_holdout,hybrid,7,54,25.167203769009333
LSD_Second,set1_dQn_m,GPR,log,protocol_holdout,hybrid,7,58,24.593377959425272
LSD_Second,set1_dQn_m,GPR,log,protocol_holdout,hybrid,8,6,28.94509414732768
LSD_Second,set1_dQn_m,GPR,log,protocol_holdout,hybrid,8,12,16.779946903136704
LSD_Second,set1_dQn_m,GPR,log,protocol_holdout,hybrid,8,18,14.471643662490528
LSD_Second,set1_dQn_m,GPR,log,protocol_holdout,hybrid,8,24,19.202716638446244
LSD_Second,set1_dQn_m,GPR,log,protocol_holdout,hybrid,8,30,17.129276995363995
LSD_Second,set1_dQn_m,GPR,log,protocol_holdout,hybrid,8,36,16.662567118057485
LSD_Second,set1_dQn_m,GPR,log,protocol_holdout,hybrid,8,42,17.1297462220773
LSD_Second,set1_dQn_m,GPR,log,protocol_holdout,hybrid,8,48,19.392646358222827
LSD_Second,set1_dQn_m,GPR,log,protocol_holdout,hybrid,8,54,17.647261048387147
LSD_Second,set1_dQn_m,GPR,log,protocol_holdout,hybrid,8,58,18.08143890357264
LSD_Second,set1_dQn_m,GPR,log,protocol_holdout,hybrid,9,6,27.247474475053927
LSD_Second,set1_dQn_m,GPR,log,protocol_holdout,hybrid,9,12,13.189125887341463
LSD_Second,set1_dQn_m,GPR,log,protocol_holdout,hybrid,9,18,13.805778074912112
LSD_Second,set1_dQn_m,GPR,log,protocol_holdout,hybrid,9,24,14.037273028920294
LSD_Second,set1_dQn_m,GPR,log,protocol_holdout,hybrid,9,30,12.98226123585067
LSD_Second,set1_dQn_m,GPR,log,protocol_holdout,hybrid,9,36,12.368806441198608
LSD_Second,set1_dQn_m,GPR,log,protocol_holdout,hybrid,9,42,10.711718326630454
LSD_Second,set1_dQn_m,GPR,log,protocol_holdout,hybrid,9,48,11.036914108237928
LSD_Second,set1_dQn_m,GPR,log,protocol_holdout,hybrid,9,54,12.238816351399578
LSD_Second,set1_dQn_m,GPR,log,protocol_holdout,hybrid,9,58,12.333332463536545
LSD_Second,set1_dQn_m,GPR,log,protocol_holdout,hybrid,10,6,24.6889081206684
LSD_Second,set1_dQn_m,GPR,log,protocol_holdout,hybrid,10,12,27.917940943919028
LSD_Second,set1_dQn_m,GPR,log,protocol_holdout,hybrid,10,18,28.61218755725734
LSD_Second,set1_dQn_m,GPR,log,protocol_holdout,hybrid,10,24,26.998566861937963
LSD_Second,set1_dQn_m,GPR,log,protocol_holdout,hybrid,10,30,26.3932239928552
LSD_Second,set1_dQn_m,GPR,log,protocol_holdout,hybrid,10,36,25.71606627662144
LSD_Second,set1_dQn_m,GPR,log,protocol_holdout,hybrid,10,42,25.814391285973965
LSD_Second,set1_dQn_m,GPR,log,protocol_holdout,hybrid,10,48,25.87247632512468
LSD_Second,set1_dQn_m,GPR,log,protocol_holdout,hybrid,10,54,24.87870623257742
LSD_Second,set1_dQn_m,GPR,log,protocol_holdout,hybrid,10,58,24.056552033551547
HUST,set1_dQn_m,GPR,log,protocol_holdout,random_selection,1,6,11.422408508751756
HUST,set1_dQn_m,GPR,log,protocol_holdout,random_selection,1,12,11.139252155145478
HUST,set1_dQn_m,GPR,log,protocol_holdout,random_selection,1,18,11.27802517315001
HUST,set1_dQn_m,GPR,log,protocol_holdout,random_selection,1,24,11.470099701413144
HUST,set1_dQn_m,GPR,log,protocol_holdout,random_selection,1,30,10.6648443223051
HUST,set1_dQn_m,GPR,log,protocol_holdout,random_selection,1,36,11.729268039668774
HUST,set1_dQn_m,GPR,log,protocol_holdout,random_selection,1,42,9.570735413970274
HUST,set1_dQn_m,GPR,log,protocol_holdout,random_selection,1,48,9.508868785498152
HUST,set1_dQn_m,GPR,log,protocol_holdout,random_selection,1,54,6.876340870339472
HUST,set1_dQn_m,GPR,log,protocol_holdout,random_selection,1,60,7.076368195540826
HUST,set1_dQn_m,GPR,log,protocol_holdout,random_selection,1,62,7.299875497401144
HUST,set1_dQn_m,GPR,log,protocol_holdout,random_selection,2,6,20.884566612876704
HUST,set1_dQn_m,GPR,log,protocol_holdout,random_selection,2,12,17.363140338777352
HUST,set1_dQn_m,GPR,log,protocol_holdout,random_selection,2,18,18.055523696235472
HUST,set1_dQn_m,GPR,log,protocol_holdout,random_selection,2,24,17.35648804799609
HUST,set1_dQn_m,GPR,log,protocol_holdout,random_selection,2,30,17.12200222982439
HUST,set1_dQn_m,GPR,log,protocol_holdout,random_selection,2,36,15.976746910541811
HUST,set1_dQn_m,GPR,log,protocol_holdout,random_selection,2,42,14.469586095210868
HUST,set1_dQn_m,GPR,log,protocol_holdout,random_selection,2,48,11.651520849591764
HUST,set1_dQn_m,GPR,log,protocol_holdout,random_selection,2,54,11.030190850852538
HUST,set1_dQn_m,GPR,log,protocol_holdout,random_selection,2,60,10.099485716248529
HUST,set1_dQn_m,GPR,log,protocol_holdout,random_selection,2,62,10.05408513701829
HUST,set1_dQn_m,GPR,log,protocol_holdout,random_selection,3,6,17.004245848807432
HUST,set1_dQn_m,GPR,log,protocol_holdout,random_selection,3,12,17.848312295139486
HUST,set1_dQn_m,GPR,log,protocol_holdout,random_selection,3,18,17.969210762368437
HUST,set1_dQn_m,GPR,log,protocol_holdout,random_selection,3,24,18.84969198214059
HUST,set1_dQn_m,GPR,log,protocol_holdout,random_selection,3,30,17.857627904755354
HUST,set1_dQn_m,GPR,log,protocol_holdout,random_selection,3,36,18.10440330390508
HUST,set1_dQn_m,GPR,log,protocol_holdout,random_selection,3,42,13.674060290504084
HUST,set1_dQn_m,GPR,log,protocol_holdout,random_selection,3,48,14.532476283312686
HUST,set1_dQn_m,GPR,log,protocol_holdout,random_selection,3,54,14.36180598680943
HUST,set1_dQn_m,GPR,log,protocol_holdout,random_selection,3,60,14.087850790997813
HUST,set1_dQn_m,GPR,log,protocol_holdout,random_selection,3,62,14.728192455967992
HUST,set1_dQn_m,GPR,log,protocol_holdout,random_selection,4,6,13.44152787044792
HUST,set1_dQn_m,GPR,log,protocol_holdout,random_selection,4,12,14.895756486509253
HUST,set1_dQn_m,GPR,log,protocol_holdout,random_selection,4,18,13.041651377918877
HUST,set1_dQn_m,GPR,log,protocol_holdout,random_selection,4,24,10.970014467263738
HUST,set1_dQn_m,GPR,log,protocol_holdout,random_selection,4,30,11.124768017586897
HUST,set1_dQn_m,GPR,log,protocol_holdout,random_selection,4,36,11.86397978917553
HUST,set1_dQn_m,GPR,log,protocol_holdout,random_selection,4,42,10.677985668129145
HUST,set1_dQn_m,GPR,log,protocol_holdout,random_selection,4,48,10.421026674719013
HUST,set1_dQn_m,GPR,log,protocol_holdout,random_selection,4,54,9.908388434722792
HUST,set1_dQn_m,GPR,log,protocol_holdout,random_selection,4,60,9.23267217192451
HUST,set1_dQn_m,GPR,log,protocol_holdout,random_selection,4,62,9.450414998469014
HUST,set1_dQn_m,GPR,log,protocol_holdout,random_selection,5,6,15.79756763555689
HUST,set1_dQn_m,GPR,log,protocol_holdout,random_selection,5,12,13.749441418903682
HUST,set1_dQn_m,GPR,log,protocol_holdout,random_selection,5,18,17.131150258985187
HUST,set1_dQn_m,GPR,log,protocol_holdout,random_selection,5,24,15.457804617969533
HUST,set1_dQn_m,GPR,log,protocol_holdout,random_selection,5,30,15.738415542203535
HUST,set1_dQn_m,GPR,log,protocol_holdout,random_selection,5,36,14.85469965955317
HUST,set1_dQn_m,GPR,log,protocol_holdout,random_selection,5,42,13.755287395792443
HUST,set1_dQn_m,GPR,log,protocol_holdout,random_selection,5,48,13.055902348543992
HUST,set1_dQn_m,GPR,log,protocol_holdout,random_selection,5,54,11.94734144733602
HUST,set1_dQn_m,GPR,log,protocol_holdout,random_selection,5,60,10.244553863814131
HUST,set1_dQn_m,GPR,log,protocol_holdout,random_selection,5,62,10.212151179989444
HUST,set1_dQn_m,GPR,log,protocol_holdout,random_selection,6,6,19.491762994587887
HUST,set1_dQn_m,GPR,log,protocol_holdout,random_selection,6,12,18.6448895852603
HUST,set1_dQn_m,GPR,log,protocol_holdout,random_selection,6,18,13.367380754758608
HUST,set1_dQn_m,GPR,log,protocol_holdout,random_selection,6,24,11.572127113228731
HUST,set1_dQn_m,GPR,log,protocol_holdout,random_selection,6,30,11.91211057148116
HUST,set1_dQn_m,GPR,log,protocol_holdout,random_selection,6,36,12.231874394833657
HUST,set1_dQn_m,GPR,log,protocol_holdout,random_selection,6,42,12.205642898169982
HUST,set1_dQn_m,GPR,log,protocol_holdout,random_selection,6,48,12.448620164080127
HUST,set1_dQn_m,GPR,log,protocol_holdout,random_selection,6,54,11.735447462554378
HUST,set1_dQn_m,GPR,log,protocol_holdout,random_selection,6,60,11.102410539180315
HUST,set1_dQn_m,GPR,log,protocol_holdout,random_selection,6,62,12.485614290923614
HUST,set1_dQn_m,GPR,log,protocol_holdout,random_selection,7,6,36.81122883687669
HUST,set1_dQn_m,GPR,log,protocol_holdout,random_selection,7,12,27.59934555301727
HUST,set1_dQn_m,GPR,log,protocol_holdout,random_selection,7,18,20.61804226401057
HUST,set1_dQn_m,GPR,log,protocol_holdout,random_selection,7,24,18.73194482161544
HUST,set1_dQn_m,GPR,log,protocol_holdout,random_selection,7,30,21.020920539046863
HUST,set1_dQn_m,GPR,log,protocol_holdout,random_selection,7,36,22.25745655231095
HUST,set1_dQn_m,GPR,log,protocol_holdout,random_selection,7,42,19.523142643964764
HUST,set1_dQn_m,GPR,log,protocol_holdout,random_selection,7,48,18.264866668934467
HUST,set1_dQn_m,GPR,log,protocol_holdout,random_selection,7,54,20.15475716183083
HUST,set1_dQn_m,GPR,log,protocol_holdout,random_selection,7,60,18.725616765405366
HUST,set1_dQn_m,GPR,log,protocol_holdout,random_selection,7,62,18.848550376997498
HUST,set1_dQn_m,GPR,log,protocol_holdout,random_selection,8,6,25.84846626633696
HUST,set1_dQn_m,GPR,log,protocol_holdout,random_selection,8,12,16.113861722365005
HUST,set1_dQn_m,GPR,log,protocol_holdout,random_selection,8,18,18.48266786542411
HUST,set1_dQn_m,GPR,log,protocol_holdout,random_selection,8,24,18.86068918742265
HUST,set1_dQn_m,GPR,log,protocol_holdout,random_selection,8,30,18.50590223754574
HUST,set1_dQn_m,GPR,log,protocol_holdout,random_selection,8,36,17.303610248626157
HUST,set1_dQn_m,GPR,log,protocol_holdout,random_selection,8,42,16.9771284755416
HUST,set1_dQn_m,GPR,log,protocol_holdout,random_selection,8,48,15.406788197418289
HUST,set1_dQn_m,GPR,log,protocol_holdout,random_selection,8,54,14.782679681018935
HUST,set1_dQn_m,GPR,log,protocol_holdout,random_selection,8,60,15.52223336216162
HUST,set1_dQn_m,GPR,log,protocol_holdout,random_selection,8,62,14.70525472016356
HUST,set1_dQn_m,GPR,log,protocol_holdout,random_selection,9,6,16.607646947562245
HUST,set1_dQn_m,GPR,log,protocol_holdout,random_selection,9,12,16.17284926140544
HUST,set1_dQn_m,GPR,log,protocol_holdout,random_selection,9,18,11.944535333330595
HUST,set1_dQn_m,GPR,log,protocol_holdout,random_selection,9,24,11.109474049855358
HUST,set1_dQn_m,GPR,log,protocol_holdout,random_selection,9,30,10.407986249174993
HUST,set1_dQn_m,GPR,log,protocol_holdout,random_selection,9,36,10.21104469422792
HUST,set1_dQn_m,GPR,log,protocol_holdout,random_selection,9,42,8.947429949151632
HUST,set1_dQn_m,GPR,log,protocol_holdout,random_selection,9,48,8.566249995927992
HUST,set1_dQn_m,GPR,log,protocol_holdout,random_selection,9,54,9.039174584788016
HUST,set1_dQn_m,GPR,log,protocol_holdout,random_selection,9,60,8.195142218390735
HUST,set1_dQn_m,GPR,log,protocol_holdout,random_selection,9,62,7.885685889381409
HUST,set1_dQn_m,GPR,log,protocol_holdout,random_selection,10,6,24.28771674403846
HUST,set1_dQn_m,GPR,log,protocol_holdout,random_selection,10,12,20.728676500045985
HUST,set1_dQn_m,GPR,log,protocol_holdout,random_selection,10,18,23.90459262201025
HUST,set1_dQn_m,GPR,log,protocol_holdout,random_selection,10,24,21.595543677042
HUST,set1_dQn_m,GPR,log,protocol_holdout,random_selection,10,30,21.84555739101237
HUST,set1_dQn_m,GPR,log,protocol_holdout,random_selection,10,36,17.939184477721845
HUST,set1_dQn_m,GPR,log,protocol_holdout,random_selection,10,42,16.85290520977341
HUST,set1_dQn_m,GPR,log,protocol_holdout,random_selection,10,48,17.275388407738568
HUST,set1_dQn_m,GPR,log,protocol_holdout,random_selection,10,54,16.265023514141696
HUST,set1_dQn_m,GPR,log,protocol_holdout,random_selection,10,60,15.757615779369113
HUST,set1_dQn_m,GPR,log,protocol_holdout,random_selection,10,62,15.841845568613088
HUST,set1_dQn_m,GPR,log,protocol_holdout,diversity_oneshot,1,6,14.343123099012118
HUST,set1_dQn_m,GPR,log,protocol_holdout,diversity_oneshot,1,12,13.803918012147705
HUST,set1_dQn_m,GPR,log,protocol_holdout,diversity_oneshot,1,18,9.581928659598418
HUST,set1_dQn_m,GPR,log,protocol_holdout,diversity_oneshot,1,24,9.08773291612023
HUST,set1_dQn_m,GPR,log,protocol_holdout,diversity_oneshot,1,30,8.973328621304091
HUST,set1_dQn_m,GPR,log,protocol_holdout,diversity_oneshot,1,36,7.989801684332232
HUST,set1_dQn_m,GPR,log,protocol_holdout,diversity_oneshot,1,42,8.520400238768913
HUST,set1_dQn_m,GPR,log,protocol_holdout,diversity_oneshot,1,48,8.105077817547917
HUST,set1_dQn_m,GPR,log,protocol_holdout,diversity_oneshot,1,54,7.794506179619141
HUST,set1_dQn_m,GPR,log,protocol_holdout,diversity_oneshot,1,60,7.402785836068179
HUST,set1_dQn_m,GPR,log,protocol_holdout,diversity_oneshot,1,62,7.299875497401144
HUST,set1_dQn_m,GPR,log,protocol_holdout,diversity_oneshot,2,6,22.24252483313253
HUST,set1_dQn_m,GPR,log,protocol_holdout,diversity_oneshot,2,12,16.90838004356432
HUST,set1_dQn_m,GPR,log,protocol_holdout,diversity_oneshot,2,18,12.461704431895368
HUST,set1_dQn_m,GPR,log,protocol_holdout,diversity_oneshot,2,24,12.367619419064829
HUST,set1_dQn_m,GPR,log,protocol_holdout,diversity_oneshot,2,30,9.688443523296987
HUST,set1_dQn_m,GPR,log,protocol_holdout,diversity_oneshot,2,36,10.760117850506544
HUST,set1_dQn_m,GPR,log,protocol_holdout,diversity_oneshot,2,42,15.323434854831202
HUST,set1_dQn_m,GPR,log,protocol_holdout,diversity_oneshot,2,48,12.08411766913
HUST,set1_dQn_m,GPR,log,protocol_holdout,diversity_oneshot,2,54,11.48457179508883
HUST,set1_dQn_m,GPR,log,protocol_holdout,diversity_oneshot,2,60,10.472978926935742
HUST,set1_dQn_m,GPR,log,protocol_holdout,diversity_oneshot,2,62,10.05408513701829
HUST,set1_dQn_m,GPR,log,protocol_holdout,diversity_oneshot,3,6,20.37893372190032
HUST,set1_dQn_m,GPR,log,protocol_holdout,diversity_oneshot,3,12,16.35911287546546
HUST,set1_dQn_m,GPR,log,protocol_holdout,diversity_oneshot,3,18,13.645002002217344
HUST,set1_dQn_m,GPR,log,protocol_holdout,diversity_oneshot,3,24,14.213991952012467
HUST,set1_dQn_m,GPR,log,protocol_holdout,diversity_oneshot,3,30,13.850036358778588
HUST,set1_dQn_m,GPR,log,protocol_holdout,diversity_oneshot,3,36,14.87309394110248
HUST,set1_dQn_m,GPR,log,protocol_holdout,diversity_oneshot,3,42,15.467315521065697
HUST,set1_dQn_m,GPR,log,protocol_holdout,diversity_oneshot,3,48,15.489482262692675
HUST,set1_dQn_m,GPR,log,protocol_holdout,diversity_oneshot,3,54,14.937198213718858
HUST,set1_dQn_m,GPR,log,protocol_holdout,diversity_oneshot,3,60,14.822170304416602
HUST,set1_dQn_m,GPR,log,protocol_holdout,diversity_oneshot,3,62,14.728192455967992
HUST,set1_dQn_m,GPR,log,protocol_holdout,diversity_oneshot,4,6,14.399085913209197
HUST,set1_dQn_m,GPR,log,protocol_holdout,diversity_oneshot,4,12,13.069968192429595
HUST,set1_dQn_m,GPR,log,protocol_holdout,diversity_oneshot,4,18,13.084144613354171
HUST,set1_dQn_m,GPR,log,protocol_holdout,diversity_oneshot,4,24,9.870271585002282
HUST,set1_dQn_m,GPR,log,protocol_holdout,diversity_oneshot,4,30,9.908077581416691
HUST,set1_dQn_m,GPR,log,protocol_holdout,diversity_oneshot,4,36,10.465037398562602
HUST,set1_dQn_m,GPR,log,protocol_holdout,diversity_oneshot,4,42,10.237956191883388
HUST,set1_dQn_m,GPR,log,protocol_holdout,diversity_oneshot,4,48,10.22324331139274
HUST,set1_dQn_m,GPR,log,protocol_holdout,diversity_oneshot,4,54,9.91637302119259
HUST,set1_dQn_m,GPR,log,protocol_holdout,diversity_oneshot,4,60,9.39082351151832
HUST,set1_dQn_m,GPR,log,protocol_holdout,diversity_oneshot,4,62,9.450414998469014
HUST,set1_dQn_m,GPR,log,protocol_holdout,diversity_oneshot,5,6,22.89131825058272
HUST,set1_dQn_m,GPR,log,protocol_holdout,diversity_oneshot,5,12,17.380956823254483
HUST,set1_dQn_m,GPR,log,protocol_holdout,diversity_oneshot,5,18,12.33537508690906
HUST,set1_dQn_m,GPR,log,protocol_holdout,diversity_oneshot,5,24,19.96756916423164
HUST,set1_dQn_m,GPR,log,protocol_holdout,diversity_oneshot,5,30,12.044434730047282
HUST,set1_dQn_m,GPR,log,protocol_holdout,diversity_oneshot,5,36,13.829440993309742
HUST,set1_dQn_m,GPR,log,protocol_holdout,diversity_oneshot,5,42,10.109643543562573
HUST,set1_dQn_m,GPR,log,protocol_holdout,diversity_oneshot,5,48,11.020495319691063
HUST,set1_dQn_m,GPR,log,protocol_holdout,diversity_oneshot,5,54,10.444365390494116
HUST,set1_dQn_m,GPR,log,protocol_holdout,diversity_oneshot,5,60,10.13277969255127
HUST,set1_dQn_m,GPR,log,protocol_holdout,diversity_oneshot,5,62,10.212151179989444
HUST,set1_dQn_m,GPR,log,protocol_holdout,diversity_oneshot,6,6,26.63435843910464
HUST,set1_dQn_m,GPR,log,protocol_holdout,diversity_oneshot,6,12,13.116936617871502
HUST,set1_dQn_m,GPR,log,protocol_holdout,diversity_oneshot,6,18,19.014929537113463
HUST,set1_dQn_m,GPR,log,protocol_holdout,diversity_oneshot,6,24,18.838379588895044
HUST,set1_dQn_m,GPR,log,protocol_holdout,diversity_oneshot,6,30,10.769256054335798
HUST,set1_dQn_m,GPR,log,protocol_holdout,diversity_oneshot,6,36,11.231957417386674
HUST,set1_dQn_m,GPR,log,protocol_holdout,diversity_oneshot,6,42,14.184812285774331
HUST,set1_dQn_m,GPR,log,protocol_holdout,diversity_oneshot,6,48,13.182468118240523
HUST,set1_dQn_m,GPR,log,protocol_holdout,diversity_oneshot,6,54,12.366112522291168
HUST,set1_dQn_m,GPR,log,protocol_holdout,diversity_oneshot,6,60,12.611779696164868
HUST,set1_dQn_m,GPR,log,protocol_holdout,diversity_oneshot,6,62,12.485614290923614
HUST,set1_dQn_m,GPR,log,protocol_holdout,diversity_oneshot,7,6,30.61145656211876
HUST,set1_dQn_m,GPR,log,protocol_holdout,diversity_oneshot,7,12,22.865015384785213
HUST,set1_dQn_m,GPR,log,protocol_holdout,diversity_oneshot,7,18,24.184009687338
HUST,set1_dQn_m,GPR,log,protocol_holdout,diversity_oneshot,7,24,20.909293462724264
HUST,set1_dQn_m,GPR,log,protocol_holdout,diversity_oneshot,7,30,23.02779628611029
HUST,set1_dQn_m,GPR,log,protocol_holdout,diversity_oneshot,7,36,27.39694004919293
HUST,set1_dQn_m,GPR,log,protocol_holdout,diversity_oneshot,7,42,22.92902369867963
HUST,set1_dQn_m,GPR,log,protocol_holdout,diversity_oneshot,7,48,21.63385329931088
HUST,set1_dQn_m,GPR,log,protocol_holdout,diversity_oneshot,7,54,20.95263599556965
HUST,set1_dQn_m,GPR,log,protocol_holdout,diversity_oneshot,7,60,19.511194644310592
HUST,set1_dQn_m,GPR,log,protocol_holdout,diversity_oneshot,7,62,18.848550376997498
HUST,set1_dQn_m,GPR,log,protocol_holdout,diversity_oneshot,8,6,17.271008605536554
HUST,set1_dQn_m,GPR,log,protocol_holdout,diversity_oneshot,8,12,16.080463712761468
HUST,set1_dQn_m,GPR,log,protocol_holdout,diversity_oneshot,8,18,15.392020614931123
HUST,set1_dQn_m,GPR,log,protocol_holdout,diversity_oneshot,8,24,15.951181640311113
HUST,set1_dQn_m,GPR,log,protocol_holdout,diversity_oneshot,8,30,14.567925711562427
HUST,set1_dQn_m,GPR,log,protocol_holdout,diversity_oneshot,8,36,13.98205102472479
HUST,set1_dQn_m,GPR,log,protocol_holdout,diversity_oneshot,8,42,14.215328752205137
HUST,set1_dQn_m,GPR,log,protocol_holdout,diversity_oneshot,8,48,15.382835015941726
HUST,set1_dQn_m,GPR,log,protocol_holdout,diversity_oneshot,8,54,15.430567056283715
HUST,set1_dQn_m,GPR,log,protocol_holdout,diversity_oneshot,8,60,14.940077196592444
HUST,set1_dQn_m,GPR,log,protocol_holdout,diversity_oneshot,8,62,14.70525472016356
HUST,set1_dQn_m,GPR,log,protocol_holdout,diversity_oneshot,9,6,19.866736295304047
HUST,set1_dQn_m,GPR,log,protocol_holdout,diversity_oneshot,9,12,11.17677472951743
HUST,set1_dQn_m,GPR,log,protocol_holdout,diversity_oneshot,9,18,9.670624810860383
HUST,set1_dQn_m,GPR,log,protocol_holdout,diversity_oneshot,9,24,8.530170665528287
HUST,set1_dQn_m,GPR,log,protocol_holdout,diversity_oneshot,9,30,9.52490695191843
HUST,set1_dQn_m,GPR,log,protocol_holdout,diversity_oneshot,9,36,7.706414183739686
HUST,set1_dQn_m,GPR,log,protocol_holdout,diversity_oneshot,9,42,7.787789856920131
HUST,set1_dQn_m,GPR,log,protocol_holdout,diversity_oneshot,9,48,7.631743355075482
HUST,set1_dQn_m,GPR,log,protocol_holdout,diversity_oneshot,9,54,7.652301058761317
HUST,set1_dQn_m,GPR,log,protocol_holdout,diversity_oneshot,9,60,7.510470541606742
HUST,set1_dQn_m,GPR,log,protocol_holdout,diversity_oneshot,9,62,7.885685889381409
HUST,set1_dQn_m,GPR,log,protocol_holdout,diversity_oneshot,10,6,31.089097585468828
HUST,set1_dQn_m,GPR,log,protocol_holdout,diversity_oneshot,10,12,20.28479884406297
HUST,set1_dQn_m,GPR,log,protocol_holdout,diversity_oneshot,10,18,16.615278188432203
HUST,set1_dQn_m,GPR,log,protocol_holdout,diversity_oneshot,10,24,14.050892821279618
HUST,set1_dQn_m,GPR,log,protocol_holdout,diversity_oneshot,10,30,15.89311236796363
HUST,set1_dQn_m,GPR,log,protocol_holdout,diversity_oneshot,10,36,20.077791434688088
HUST,set1_dQn_m,GPR,log,protocol_holdout,diversity_oneshot,10,42,17.328712273456606
HUST,set1_dQn_m,GPR,log,protocol_holdout,diversity_oneshot,10,48,15.854351613628856
HUST,set1_dQn_m,GPR,log,protocol_holdout,diversity_oneshot,10,54,15.531110494546208
HUST,set1_dQn_m,GPR,log,protocol_holdout,diversity_oneshot,10,60,16.33526549340541
HUST,set1_dQn_m,GPR,log,protocol_holdout,diversity_oneshot,10,62,15.841845568613088
HUST,set1_dQn_m,GPR,log,protocol_holdout,diversity_iterative,1,6,14.343123099012118
HUST,set1_dQn_m,GPR,log,protocol_holdout,diversity_iterative,1,12,10.358073433760332
HUST,set1_dQn_m,GPR,log,protocol_holdout,diversity_iterative,1,18,12.125118330282293
HUST,set1_dQn_m,GPR,log,protocol_holdout,diversity_iterative,1,24,11.225595922667436
HUST,set1_dQn_m,GPR,log,protocol_holdout,diversity_iterative,1,30,12.907778845807483
HUST,set1_dQn_m,GPR,log,protocol_holdout,diversity_iterative,1,36,9.877601018109404
HUST,set1_dQn_m,GPR,log,protocol_holdout,diversity_iterative,1,42,9.731928660922216
HUST,set1_dQn_m,GPR,log,protocol_holdout,diversity_iterative,1,48,8.43409561390905
HUST,set1_dQn_m,GPR,log,protocol_holdout,diversity_iterative,1,54,7.3877817658867
HUST,set1_dQn_m,GPR,log,protocol_holdout,diversity_iterative,1,60,7.338100893150984
HUST,set1_dQn_m,GPR,log,protocol_holdout,diversity_iterative,1,62,7.299875497401144
HUST,set1_dQn_m,GPR,log,protocol_holdout,diversity_iterative,2,6,22.24252483313253
HUST,set1_dQn_m,GPR,log,protocol_holdout,diversity_iterative,2,12,18.08549060711209
HUST,set1_dQn_m,GPR,log,protocol_holdout,diversity_iterative,2,18,15.15897012382019
HUST,set1_dQn_m,GPR,log,protocol_holdout,diversity_iterative,2,24,17.15548394630379
HUST,set1_dQn_m,GPR,log,protocol_holdout,diversity_iterative,2,30,10.273968587124434
HUST,set1_dQn_m,GPR,log,protocol_holdout,diversity_iterative,2,36,9.980772043243784
HUST,set1_dQn_m,GPR,log,protocol_holdout,diversity_iterative,2,42,9.371242946935425
HUST,set1_dQn_m,GPR,log,protocol_holdout,diversity_iterative,2,48,8.844933642436189
HUST,set1_dQn_m,GPR,log,protocol_holdout,diversity_iterative,2,54,12.083356387775703
HUST,set1_dQn_m,GPR,log,protocol_holdout,diversity_iterative,2,60,10.51284507594094
HUST,set1_dQn_m,GPR,log,protocol_holdout,diversity_iterative,2,62,10.05408513701829
HUST,set1_dQn_m,GPR,log,protocol_holdout,diversity_iterative,3,6,20.37893372190032
HUST,set1_dQn_m,GPR,log,protocol_holdout,diversity_iterative,3,12,14.848971210332484
HUST,set1_dQn_m,GPR,log,protocol_holdout,diversity_iterative,3,18,16.281208835236477
HUST,set1_dQn_m,GPR,log,protocol_holdout,diversity_iterative,3,24,16.079014484788626
HUST,set1_dQn_m,GPR,log,protocol_holdout,diversity_iterative,3,30,17.980031089870938
HUST,set1_dQn_m,GPR,log,protocol_holdout,diversity_iterative,3,36,17.15294697325466
HUST,set1_dQn_m,GPR,log,protocol_holdout,diversity_iterative,3,42,17.421355093251783
HUST,set1_dQn_m,GPR,log,protocol_holdout,diversity_iterative,3,48,14.477252684820364
HUST,set1_dQn_m,GPR,log,protocol_holdout,diversity_iterative,3,54,14.522728734623186
HUST,set1_dQn_m,GPR,log,protocol_holdout,diversity_iterative,3,60,13.932854677560504
HUST,set1_dQn_m,GPR,log,protocol_holdout,diversity_iterative,3,62,14.728192455967992
HUST,set1_dQn_m,GPR,log,protocol_holdout,diversity_iterative,4,6,14.399085913209197
HUST,set1_dQn_m,GPR,log,protocol_holdout,diversity_iterative,4,12,12.0104972630321
HUST,set1_dQn_m,GPR,log,protocol_holdout,diversity_iterative,4,18,12.451270756361138
HUST,set1_dQn_m,GPR,log,protocol_holdout,diversity_iterative,4,24,11.657782728740129
HUST,set1_dQn_m,GPR,log,protocol_holdout,diversity_iterative,4,30,11.284375971797871
HUST,set1_dQn_m,GPR,log,protocol_holdout,diversity_iterative,4,36,10.42979810475376
HUST,set1_dQn_m,GPR,log,protocol_holdout,diversity_iterative,4,42,10.350620399347395
HUST,set1_dQn_m,GPR,log,protocol_holdout,diversity_iterative,4,48,10.188360478105102
HUST,set1_dQn_m,GPR,log,protocol_holdout,diversity_iterative,4,54,9.52577614681864
HUST,set1_dQn_m,GPR,log,protocol_holdout,diversity_iterative,4,60,9.443835546416302
HUST,set1_dQn_m,GPR,log,protocol_holdout,diversity_iterative,4,62,9.450414998469014
HUST,set1_dQn_m,GPR,log,protocol_holdout,diversity_iterative,5,6,22.89131825058272
HUST,set1_dQn_m,GPR,log,protocol_holdout,diversity_iterative,5,12,21.03501997843858
HUST,set1_dQn_m,GPR,log,protocol_holdout,diversity_iterative,5,18,16.62191451842043
HUST,set1_dQn_m,GPR,log,protocol_holdout,diversity_iterative,5,24,15.699232888880566
HUST,set1_dQn_m,GPR,log,protocol_holdout,diversity_iterative,5,30,11.250064952561477
HUST,set1_dQn_m,GPR,log,protocol_holdout,diversity_iterative,5,36,11.798350580403635
HUST,set1_dQn_m,GPR,log,protocol_holdout,diversity_iterative,5,42,10.757952443803976
HUST,set1_dQn_m,GPR,log,protocol_holdout,diversity_iterative,5,48,10.464932999019856
HUST,set1_dQn_m,GPR,log,protocol_holdout,diversity_iterative,5,54,10.396941026284065
HUST,set1_dQn_m,GPR,log,protocol_holdout,diversity_iterative,5,60,10.055419311282645
HUST,set1_dQn_m,GPR,log,protocol_holdout,diversity_iterative,5,62,10.212151179989444
HUST,set1_dQn_m,GPR,log,protocol_holdout,diversity_iterative,6,6,26.63435843910464
HUST,set1_dQn_m,GPR,log,protocol_holdout,diversity_iterative,6,12,19.53949755305256
HUST,set1_dQn_m,GPR,log,protocol_holdout,diversity_iterative,6,18,18.89988438707797
HUST,set1_dQn_m,GPR,log,protocol_holdout,diversity_iterative,6,24,16.73542027289658
HUST,set1_dQn_m,GPR,log,protocol_holdout,diversity_iterative,6,30,15.6206168519631
HUST,set1_dQn_m,GPR,log,protocol_holdout,diversity_iterative,6,36,15.499107327145378
HUST,set1_dQn_m,GPR,log,protocol_holdout,diversity_iterative,6,42,13.905588631876828
HUST,set1_dQn_m,GPR,log,protocol_holdout,diversity_iterative,6,48,13.019445986919424
HUST,set1_dQn_m,GPR,log,protocol_holdout,diversity_iterative,6,54,12.86232071313069
HUST,set1_dQn_m,GPR,log,protocol_holdout,diversity_iterative,6,60,12.861547140741244
HUST,set1_dQn_m,GPR,log,protocol_holdout,diversity_iterative,6,62,12.485614290923614
HUST,set1_dQn_m,GPR,log,protocol_holdout,diversity_iterative,7,6,30.61145656211876
HUST,set1_dQn_m,GPR,log,protocol_holdout,diversity_iterative,7,12,34.77550232338913
HUST,set1_dQn_m,GPR,log,protocol_holdout,diversity_iterative,7,18,32.406363874060325
HUST,set1_dQn_m,GPR,log,protocol_holdout,diversity_iterative,7,24,29.261951751148978
HUST,set1_dQn_m,GPR,log,protocol_holdout,diversity_iterative,7,30,25.352816341415195
HUST,set1_dQn_m,GPR,log,protocol_holdout,diversity_iterative,7,36,22.177506314315576
HUST,set1_dQn_m,GPR,log,protocol_holdout,diversity_iterative,7,42,22.8880731273982
HUST,set1_dQn_m,GPR,log,protocol_holdout,diversity_iterative,7,48,20.02400707549076
HUST,set1_dQn_m,GPR,log,protocol_holdout,diversity_iterative,7,54,18.735915392031
HUST,set1_dQn_m,GPR,log,protocol_holdout,diversity_iterative,7,60,18.179917233382128
HUST,set1_dQn_m,GPR,log,protocol_holdout,diversity_iterative,7,62,18.848550376997498
HUST,set1_dQn_m,GPR,log,protocol_holdout,diversity_iterative,8,6,17.271008605536554
HUST,set1_dQn_m,GPR,log,protocol_holdout,diversity_iterative,8,12,15.484178546095489
HUST,set1_dQn_m,GPR,log,protocol_holdout,diversity_iterative,8,18,16.022881025826987
HUST,set1_dQn_m,GPR,log,protocol_holdout,diversity_iterative,8,24,15.66358997692721
HUST,set1_dQn_m,GPR,log,protocol_holdout,diversity_iterative,8,30,16.152258029066623
HUST,set1_dQn_m,GPR,log,protocol_holdout,diversity_iterative,8,36,17.01927571014796
HUST,set1_dQn_m,GPR,log,protocol_holdout,diversity_iterative,8,42,16.52915292659573
HUST,set1_dQn_m,GPR,log,protocol_holdout,diversity_iterative,8,48,15.394383865181188
HUST,set1_dQn_m,GPR,log,protocol_holdout,diversity_iterative,8,54,15.62728304194723
HUST,set1_dQn_m,GPR,log,protocol_holdout,diversity_iterative,8,60,14.761976526342885
HUST,set1_dQn_m,GPR,log,protocol_holdout,diversity_iterative,8,62,14.70525472016356
HUST,set1_dQn_m,GPR,log,protocol_holdout,diversity_iterative,9,6,19.866736295304047
HUST,set1_dQn_m,GPR,log,protocol_holdout,diversity_iterative,9,12,25.03301516961515
HUST,set1_dQn_m,GPR,log,protocol_holdout,diversity_iterative,9,18,18.99535632284457
HUST,set1_dQn_m,GPR,log,protocol_holdout,diversity_iterative,9,24,17.53880726456246
HUST,set1_dQn_m,GPR,log,protocol_holdout,diversity_iterative,9,30,14.256967063080433
HUST,set1_dQn_m,GPR,log,protocol_holdout,diversity_iterative,9,36,12.606307881568355
HUST,set1_dQn_m,GPR,log,protocol_holdout,diversity_iterative,9,42,11.953490505624508
HUST,set1_dQn_m,GPR,log,protocol_holdout,diversity_iterative,9,48,10.251171424341948
HUST,set1_dQn_m,GPR,log,protocol_holdout,diversity_iterative,9,54,8.472172775056883
HUST,set1_dQn_m,GPR,log,protocol_holdout,diversity_iterative,9,60,7.406598394293949
HUST,set1_dQn_m,GPR,log,protocol_holdout,diversity_iterative,9,62,7.885685889381409
HUST,set1_dQn_m,GPR,log,protocol_holdout,diversity_iterative,10,6,31.089097585468828
HUST,set1_dQn_m,GPR,log,protocol_holdout,diversity_iterative,10,12,38.93706034411544
HUST,set1_dQn_m,GPR,log,protocol_holdout,diversity_iterative,10,18,28.840686136021915
HUST,set1_dQn_m,GPR,log,protocol_holdout,diversity_iterative,10,24,25.961737765330103
HUST,set1_dQn_m,GPR,log,protocol_holdout,diversity_iterative,10,30,22.513334806286803
HUST,set1_dQn_m,GPR,log,protocol_holdout,diversity_iterative,10,36,21.80454712581757
HUST,set1_dQn_m,GPR,log,protocol_holdout,diversity_iterative,10,42,18.69302697338041
HUST,set1_dQn_m,GPR,log,protocol_holdout,diversity_iterative,10,48,18.44591812301097
HUST,set1_dQn_m,GPR,log,protocol_holdout,diversity_iterative,10,54,18.009655001778675
HUST,set1_dQn_m,GPR,log,protocol_holdout,diversity_iterative,10,60,16.1311323158082
HUST,set1_dQn_m,GPR,log,protocol_holdout,diversity_iterative,10,62,15.841845568613088
HUST,set1_dQn_m,GPR,log,protocol_holdout,coverage,1,6,11.422408508751756
HUST,set1_dQn_m,GPR,log,protocol_holdout,coverage,1,12,11.632783563831833
HUST,set1_dQn_m,GPR,log,protocol_holdout,coverage,1,18,12.79875120104258
HUST,set1_dQn_m,GPR,log,protocol_holdout,coverage,1,24,12.024370090637504
HUST,set1_dQn_m,GPR,log,protocol_holdout,coverage,1,30,7.709578808682552
HUST,set1_dQn_m,GPR,log,protocol_holdout,coverage,1,36,7.186628188212486
HUST,set1_dQn_m,GPR,log,protocol_holdout,coverage,1,42,7.43060044134099
HUST,set1_dQn_m,GPR,log,protocol_holdout,coverage,1,48,7.364029752018281
HUST,set1_dQn_m,GPR,log,protocol_holdout,coverage,1,54,6.847505525129143
HUST,set1_dQn_m,GPR,log,protocol_holdout,coverage,1,60,7.1941502763238425
HUST,set1_dQn_m,GPR,log,protocol_holdout,coverage,1,62,7.299875497401144
HUST,set1_dQn_m,GPR,log,protocol_holdout,coverage,2,6,20.884566612876704
HUST,set1_dQn_m,GPR,log,protocol_holdout,coverage,2,12,15.659647123295104
HUST,set1_dQn_m,GPR,log,protocol_holdout,coverage,2,18,14.18493058519809
HUST,set1_dQn_m,GPR,log,protocol_holdout,coverage,2,24,10.963677098602638
HUST,set1_dQn_m,GPR,log,protocol_holdout,coverage,2,30,12.12775475329115
HUST,set1_dQn_m,GPR,log,protocol_holdout,coverage,2,36,10.86287472398897
HUST,set1_dQn_m,GPR,log,protocol_holdout,coverage,2,42,10.120659142571425
HUST,set1_dQn_m,GPR,log,protocol_holdout,coverage,2,48,11.937595772601542
HUST,set1_dQn_m,GPR,log,protocol_holdout,coverage,2,54,11.17449386705489
HUST,set1_dQn_m,GPR,log,protocol_holdout,coverage,2,60,10.371182339932377
HUST,set1_dQn_m,GPR,log,protocol_holdout,coverage,2,62,10.05408513701829
HUST,set1_dQn_m,GPR,log,protocol_holdout,coverage,3,6,17.004245848807432
HUST,set1_dQn_m,GPR,log,protocol_holdout,coverage,3,12,16.2263639395059
HUST,set1_dQn_m,GPR,log,protocol_holdout,coverage,3,18,11.254488904272222
HUST,set1_dQn_m,GPR,log,protocol_holdout,coverage,3,24,15.354727177794617
HUST,set1_dQn_m,GPR,log,protocol_holdout,coverage,3,30,15.791518548837164
HUST,set1_dQn_m,GPR,log,protocol_holdout,coverage,3,36,15.487194320282091
HUST,set1_dQn_m,GPR,log,protocol_holdout,coverage,3,42,15.458835279164829
HUST,set1_dQn_m,GPR,log,protocol_holdout,coverage,3,48,15.408997051267196
HUST,set1_dQn_m,GPR,log,protocol_holdout,coverage,3,54,15.053196907151651
HUST,set1_dQn_m,GPR,log,protocol_holdout,coverage,3,60,14.736808202932188
HUST,set1_dQn_m,GPR,log,protocol_holdout,coverage,3,62,14.728192455967992
HUST,set1_dQn_m,GPR,log,protocol_holdout,coverage,4,6,13.44152787044792
HUST,set1_dQn_m,GPR,log,protocol_holdout,coverage,4,12,13.879709681469318
HUST,set1_dQn_m,GPR,log,protocol_holdout,coverage,4,18,10.77270530389746
HUST,set1_dQn_m,GPR,log,protocol_holdout,coverage,4,24,10.160770838870096
HUST,set1_dQn_m,GPR,log,protocol_holdout,coverage,4,30,9.466779802988675
HUST,set1_dQn_m,GPR,log,protocol_holdout,coverage,4,36,8.937475383548916
HUST,set1_dQn_m,GPR,log,protocol_holdout,coverage,4,42,9.476781650967972
HUST,set1_dQn_m,GPR,log,protocol_holdout,coverage,4,48,9.429585789231652
HUST,set1_dQn_m,GPR,log,protocol_holdout,coverage,4,54,9.22536800356505
HUST,set1_dQn_m,GPR,log,protocol_holdout,coverage,4,60,9.46558289878773
HUST,set1_dQn_m,GPR,log,protocol_holdout,coverage,4,62,9.450414998469014
HUST,set1_dQn_m,GPR,log,protocol_holdout,coverage,5,6,15.79756763555689
HUST,set1_dQn_m,GPR,log,protocol_holdout,coverage,5,12,19.28679968463078
HUST,set1_dQn_m,GPR,log,protocol_holdout,coverage,5,18,12.06803421046345
HUST,set1_dQn_m,GPR,log,protocol_holdout,coverage,5,24,15.015388664257168
HUST,set1_dQn_m,GPR,log,protocol_holdout,coverage,5,30,12.343188160692613
HUST,set1_dQn_m,GPR,log,protocol_holdout,coverage,5,36,12.465267707242337
HUST,set1_dQn_m,GPR,log,protocol_holdout,coverage,5,42,13.061188918720449
HUST,set1_dQn_m,GPR,log,protocol_holdout,coverage,5,48,10.636185513886078
HUST,set1_dQn_m,GPR,log,protocol_holdout,coverage,5,54,10.43550086596173
HUST,set1_dQn_m,GPR,log,protocol_holdout,coverage,5,60,10.206071761797103
HUST,set1_dQn_m,GPR,log,protocol_holdout,coverage,5,62,10.212151179989444
HUST,set1_dQn_m,GPR,log,protocol_holdout,coverage,6,6,19.491762994587887
HUST,set1_dQn_m,GPR,log,protocol_holdout,coverage,6,12,14.627394314288184
HUST,set1_dQn_m,GPR,log,protocol_holdout,coverage,6,18,20.06900791069115
HUST,set1_dQn_m,GPR,log,protocol_holdout,coverage,6,24,18.73467139399412
HUST,set1_dQn_m,GPR,log,protocol_holdout,coverage,6,30,16.78936442043087
HUST,set1_dQn_m,GPR,log,protocol_holdout,coverage,6,36,15.24620615652466
HUST,set1_dQn_m,GPR,log,protocol_holdout,coverage,6,42,17.613762842472592
HUST,set1_dQn_m,GPR,log,protocol_holdout,coverage,6,48,14.476663004261797
HUST,set1_dQn_m,GPR,log,protocol_holdout,coverage,6,54,13.01805446437248
HUST,set1_dQn_m,GPR,log,protocol_holdout,coverage,6,60,12.425090433575544
HUST,set1_dQn_m,GPR,log,protocol_holdout,coverage,6,62,12.485614290923614
HUST,set1_dQn_m,GPR,log,protocol_holdout,coverage,7,6,36.81122883687669
HUST,set1_dQn_m,GPR,log,protocol_holdout,coverage,7,12,29.076952958210867
HUST,set1_dQn_m,GPR,log,protocol_holdout,coverage,7,18,16.096753226344607
HUST,set1_dQn_m,GPR,log,protocol_holdout,coverage,7,24,22.15505129018496
HUST,set1_dQn_m,GPR,log,protocol_holdout,coverage,7,30,22.726177503709525
HUST,set1_dQn_m,GPR,log,protocol_holdout,coverage,7,36,20.02137295579359
HUST,set1_dQn_m,GPR,log,protocol_holdout,coverage,7,42,20.384838125416007
HUST,set1_dQn_m,GPR,log,protocol_holdout,coverage,7,48,18.53335966701304
HUST,set1_dQn_m,GPR,log,protocol_holdout,coverage,7,54,19.47644557557318
HUST,set1_dQn_m,GPR,log,protocol_holdout,coverage,7,60,19.29160737594276
HUST,set1_dQn_m,GPR,log,protocol_holdout,coverage,7,62,18.848550376997498
HUST,set1_dQn_m,GPR,log,protocol_holdout,coverage,8,6,25.84846626633696
HUST,set1_dQn_m,GPR,log,protocol_holdout,coverage,8,12,21.850058173053057
HUST,set1_dQn_m,GPR,log,protocol_holdout,coverage,8,18,14.090422752204129
HUST,set1_dQn_m,GPR,log,protocol_holdout,coverage,8,24,14.838309400383128
HUST,set1_dQn_m,GPR,log,protocol_holdout,coverage,8,30,19.6930817155466
HUST,set1_dQn_m,GPR,log,protocol_holdout,coverage,8,36,17.275730320549673
HUST,set1_dQn_m,GPR,log,protocol_holdout,coverage,8,42,16.94738793225582
HUST,set1_dQn_m,GPR,log,protocol_holdout,coverage,8,48,16.077369778057655
HUST,set1_dQn_m,GPR,log,protocol_holdout,coverage,8,54,15.218636446503636
HUST,set1_dQn_m,GPR,log,protocol_holdout,coverage,8,60,15.09940137847598
HUST,set1_dQn_m,GPR,log,protocol_holdout,coverage,8,62,14.70525472016356
HUST,set1_dQn_m,GPR,log,protocol_holdout,coverage,9,6,16.607646947562245
HUST,set1_dQn_m,GPR,log,protocol_holdout,coverage,9,12,16.347813571115946
HUST,set1_dQn_m,GPR,log,protocol_holdout,coverage,9,18,16.49234810876972
HUST,set1_dQn_m,GPR,log,protocol_holdout,coverage,9,24,9.827861351619651
HUST,set1_dQn_m,GPR,log,protocol_holdout,coverage,9,30,8.593015019254779
HUST,set1_dQn_m,GPR,log,protocol_holdout,coverage,9,36,7.654871274875295
HUST,set1_dQn_m,GPR,log,protocol_holdout,coverage,9,42,8.670076048148081
HUST,set1_dQn_m,GPR,log,protocol_holdout,coverage,9,48,8.51717364633152
HUST,set1_dQn_m,GPR,log,protocol_holdout,coverage,9,54,8.52265144999195
HUST,set1_dQn_m,GPR,log,protocol_holdout,coverage,9,60,7.639686188055014
HUST,set1_dQn_m,GPR,log,protocol_holdout,coverage,9,62,7.885685889381409
HUST,set1_dQn_m,GPR,log,protocol_holdout,coverage,10,6,24.28771674403846
HUST,set1_dQn_m,GPR,log,protocol_holdout,coverage,10,12,20.925625613696543
HUST,set1_dQn_m,GPR,log,protocol_holdout,coverage,10,18,26.51888104914096
HUST,set1_dQn_m,GPR,log,protocol_holdout,coverage,10,24,26.90169820176485
HUST,set1_dQn_m,GPR,log,protocol_holdout,coverage,10,30,23.36608452628708
HUST,set1_dQn_m,GPR,log,protocol_holdout,coverage,10,36,23.7743994904187
HUST,set1_dQn_m,GPR,log,protocol_holdout,coverage,10,42,19.053947446567093
HUST,set1_dQn_m,GPR,log,protocol_holdout,coverage,10,48,17.006206915459686
HUST,set1_dQn_m,GPR,log,protocol_holdout,coverage,10,54,16.5814076548605
HUST,set1_dQn_m,GPR,log,protocol_holdout,coverage,10,60,15.981399783570202
HUST,set1_dQn_m,GPR,log,protocol_holdout,coverage,10,62,15.841845568613088
HUST,set1_dQn_m,GPR,log,protocol_holdout,exploration,1,6,11.422408508751756
HUST,set1_dQn_m,GPR,log,protocol_holdout,exploration,1,12,11.632783563831833
HUST,set1_dQn_m,GPR,log,protocol_holdout,exploration,1,18,12.79875120104258
HUST,set1_dQn_m,GPR,log,protocol_holdout,exploration,1,24,12.024370090637504
HUST,set1_dQn_m,GPR,log,protocol_holdout,exploration,1,30,7.8476863413365905
HUST,set1_dQn_m,GPR,log,protocol_holdout,exploration,1,36,7.924170401674442
HUST,set1_dQn_m,GPR,log,protocol_holdout,exploration,1,42,7.1536134408276855
HUST,set1_dQn_m,GPR,log,protocol_holdout,exploration,1,48,7.085581523211686
HUST,set1_dQn_m,GPR,log,protocol_holdout,exploration,1,54,6.566680774514985
HUST,set1_dQn_m,GPR,log,protocol_holdout,exploration,1,60,7.531873080562251
HUST,set1_dQn_m,GPR,log,protocol_holdout,exploration,1,62,7.299875497401144
HUST,set1_dQn_m,GPR,log,protocol_holdout,exploration,2,6,20.884566612876704
HUST,set1_dQn_m,GPR,log,protocol_holdout,exploration,2,12,15.569355119458567
HUST,set1_dQn_m,GPR,log,protocol_holdout,exploration,2,18,13.215412550911616
HUST,set1_dQn_m,GPR,log,protocol_holdout,exploration,2,24,9.31585469837534
HUST,set1_dQn_m,GPR,log,protocol_holdout,exploration,2,30,9.004829871582642
HUST,set1_dQn_m,GPR,log,protocol_holdout,exploration,2,36,10.177537115690685
HUST,set1_dQn_m,GPR,log,protocol_holdout,exploration,2,42,10.159302717634397
HUST,set1_dQn_m,GPR,log,protocol_holdout,exploration,2,48,15.239720166427343
HUST,set1_dQn_m,GPR,log,protocol_holdout,exploration,2,54,10.36069582144861
HUST,set1_dQn_m,GPR,log,protocol_holdout,exploration,2,60,10.221370189205022
HUST,set1_dQn_m,GPR,log,protocol_holdout,exploration,2,62,10.05408513701829
HUST,set1_dQn_m,GPR,log,protocol_holdout,exploration,3,6,17.004245848807432
HUST,set1_dQn_m,GPR,log,protocol_holdout,exploration,3,12,16.2263639395059
HUST,set1_dQn_m,GPR,log,protocol_holdout,exploration,3,18,15.161595029194302
HUST,set1_dQn_m,GPR,log,protocol_holdout,exploration,3,24,15.058907644557156
HUST,set1_dQn_m,GPR,log,protocol_holdout,exploration,3,30,16.921478816994732
HUST,set1_dQn_m,GPR,log,protocol_holdout,exploration,3,36,17.78320964777372
HUST,set1_dQn_m,GPR,log,protocol_holdout,exploration,3,42,16.342620295684288
HUST,set1_dQn_m,GPR,log,protocol_holdout,exploration,3,48,15.040665445797238
HUST,set1_dQn_m,GPR,log,protocol_holdout,exploration,3,54,15.000476804238808
HUST,set1_dQn_m,GPR,log,protocol_holdout,exploration,3,60,14.763849490272808
HUST,set1_dQn_m,GPR,log,protocol_holdout,exploration,3,62,14.728192455967992
HUST,set1_dQn_m,GPR,log,protocol_holdout,exploration,4,6,13.44152787044792
HUST,set1_dQn_m,GPR,log,protocol_holdout,exploration,4,12,13.879709681469318
HUST,set1_dQn_m,GPR,log,protocol_holdout,exploration,4,18,11.234656811633796
HUST,set1_dQn_m,GPR,log,protocol_holdout,exploration,4,24,9.450755695248434
HUST,set1_dQn_m,GPR,log,protocol_holdout,exploration,4,30,9.335396974647816
HUST,set1_dQn_m,GPR,log,protocol_holdout,exploration,4,36,9.365454675472384
HUST,set1_dQn_m,GPR,log,protocol_holdout,exploration,4,42,9.655473094374727
HUST,set1_dQn_m,GPR,log,protocol_holdout,exploration,4,48,9.222877665723596
HUST,set1_dQn_m,GPR,log,protocol_holdout,exploration,4,54,9.235664956211588
HUST,set1_dQn_m,GPR,log,protocol_holdout,exploration,4,60,9.2747835685479
HUST,set1_dQn_m,GPR,log,protocol_holdout,exploration,4,62,9.450414998469014
HUST,set1_dQn_m,GPR,log,protocol_holdout,exploration,5,6,15.79756763555689
HUST,set1_dQn_m,GPR,log,protocol_holdout,exploration,5,12,20.319747811155946
HUST,set1_dQn_m,GPR,log,protocol_holdout,exploration,5,18,19.897550083312897
HUST,set1_dQn_m,GPR,log,protocol_holdout,exploration,5,24,10.270344848014542
HUST,set1_dQn_m,GPR,log,protocol_holdout,exploration,5,30,10.748125568299974
HUST,set1_dQn_m,GPR,log,protocol_holdout,exploration,5,36,10.268737811675049
HUST,set1_dQn_m,GPR,log,protocol_holdout,exploration,5,42,10.52595490400618
HUST,set1_dQn_m,GPR,log,protocol_holdout,exploration,5,48,12.920586247756232
HUST,set1_dQn_m,GPR,log,protocol_holdout,exploration,5,54,10.96448209920818
HUST,set1_dQn_m,GPR,log,protocol_holdout,exploration,5,60,10.40423303023228
HUST,set1_dQn_m,GPR,log,protocol_holdout,exploration,5,62,10.212151179989444
HUST,set1_dQn_m,GPR,log,protocol_holdout,exploration,6,6,19.491762994587887
HUST,set1_dQn_m,GPR,log,protocol_holdout,exploration,6,12,18.70411501123727
HUST,set1_dQn_m,GPR,log,protocol_holdout,exploration,6,18,15.28444310129797
HUST,set1_dQn_m,GPR,log,protocol_holdout,exploration,6,24,15.081674446006382
HUST,set1_dQn_m,GPR,log,protocol_holdout,exploration,6,30,14.420128810809109
HUST,set1_dQn_m,GPR,log,protocol_holdout,exploration,6,36,13.617529367163344
HUST,set1_dQn_m,GPR,log,protocol_holdout,exploration,6,42,14.512824355050816
HUST,set1_dQn_m,GPR,log,protocol_holdout,exploration,6,48,14.47030397984116
HUST,set1_dQn_m,GPR,log,protocol_holdout,exploration,6,54,13.192678356992277
HUST,set1_dQn_m,GPR,log,protocol_holdout,exploration,6,60,12.41926335588752
HUST,set1_dQn_m,GPR,log,protocol_holdout,exploration,6,62,12.485614290923614
HUST,set1_dQn_m,GPR,log,protocol_holdout,exploration,7,6,36.81122883687669
HUST,set1_dQn_m,GPR,log,protocol_holdout,exploration,7,12,27.302510456059448
HUST,set1_dQn_m,GPR,log,protocol_holdout,exploration,7,18,24.76428978262716
HUST,set1_dQn_m,GPR,log,protocol_holdout,exploration,7,24,24.54150836220532
HUST,set1_dQn_m,GPR,log,protocol_holdout,exploration,7,30,24.768229960390045
HUST,set1_dQn_m,GPR,log,protocol_holdout,exploration,7,36,25.5272597156518
HUST,set1_dQn_m,GPR,log,protocol_holdout,exploration,7,42,25.60283445530324
HUST,set1_dQn_m,GPR,log,protocol_holdout,exploration,7,48,22.01209461138062
HUST,set1_dQn_m,GPR,log,protocol_holdout,exploration,7,54,20.737869298307963
HUST,set1_dQn_m,GPR,log,protocol_holdout,exploration,7,60,18.760201736180992
HUST,set1_dQn_m,GPR,log,protocol_holdout,exploration,7,62,18.848550376997498
HUST,set1_dQn_m,GPR,log,protocol_holdout,exploration,8,6,25.84846626633696
HUST,set1_dQn_m,GPR,log,protocol_holdout,exploration,8,12,19.04440994996004
HUST,set1_dQn_m,GPR,log,protocol_holdout,exploration,8,18,17.06933009155655
HUST,set1_dQn_m,GPR,log,protocol_holdout,exploration,8,24,14.75361671373106
HUST,set1_dQn_m,GPR,log,protocol_holdout,exploration,8,30,14.103899520073554
HUST,set1_dQn_m,GPR,log,protocol_holdout,exploration,8,36,13.187159615697835
HUST,set1_dQn_m,GPR,log,protocol_holdout,exploration,8,42,13.4465537003197
HUST,set1_dQn_m,GPR,log,protocol_holdout,exploration,8,48,13.496209890572729
HUST,set1_dQn_m,GPR,log,protocol_holdout,exploration,8,54,14.886388125388876
HUST,set1_dQn_m,GPR,log,protocol_holdout,exploration,8,60,14.791036483822763
HUST,set1_dQn_m,GPR,log,protocol_holdout,exploration,8,62,14.70525472016356
HUST,set1_dQn_m,GPR,log,protocol_holdout,exploration,9,6,16.607646947562245
HUST,set1_dQn_m,GPR,log,protocol_holdout,exploration,9,12,16.266736568626367
HUST,set1_dQn_m,GPR,log,protocol_holdout,exploration,9,18,12.359086797665766
HUST,set1_dQn_m,GPR,log,protocol_holdout,exploration,9,24,11.31774316600324
HUST,set1_dQn_m,GPR,log,protocol_holdout,exploration,9,30,10.366604563614858
HUST,set1_dQn_m,GPR,log,protocol_holdout,exploration,9,36,9.580806017700136
HUST,set1_dQn_m,GPR,log,protocol_holdout,exploration,9,42,8.105694785815874
HUST,set1_dQn_m,GPR,log,protocol_holdout,exploration,9,48,8.212634944395926
HUST,set1_dQn_m,GPR,log,protocol_holdout,exploration,9,54,8.063014909008398
HUST,set1_dQn_m,GPR,log,protocol_holdout,exploration,9,60,7.8154454979810035
HUST,set1_dQn_m,GPR,log,protocol_holdout,exploration,9,62,7.885685889381409
HUST,set1_dQn_m,GPR,log,protocol_holdout,exploration,10,6,24.28771674403846
HUST,set1_dQn_m,GPR,log,protocol_holdout,exploration,10,12,26.44132911017332
HUST,set1_dQn_m,GPR,log,protocol_holdout,exploration,10,18,26.646521653193727
HUST,set1_dQn_m,GPR,log,protocol_holdout,exploration,10,24,16.720020090272364
HUST,set1_dQn_m,GPR,log,protocol_holdout,exploration,10,30,16.537537040535952
HUST,set1_dQn_m,GPR,log,protocol_holdout,exploration,10,36,16.56985193244556
HUST,set1_dQn_m,GPR,log,protocol_holdout,exploration,10,42,23.588757891130435
HUST,set1_dQn_m,GPR,log,protocol_holdout,exploration,10,48,17.118709962582027
HUST,set1_dQn_m,GPR,log,protocol_holdout,exploration,10,54,16.113166627894675
HUST,set1_dQn_m,GPR,log,protocol_holdout,exploration,10,60,15.898100530012597
HUST,set1_dQn_m,GPR,log,protocol_holdout,exploration,10,62,15.841845568613088
HUST,set1_dQn_m,GPR,log,protocol_holdout,exploitation,1,6,11.422408508751756
HUST,set1_dQn_m,GPR,log,protocol_holdout,exploitation,1,12,12.89106084132102
HUST,set1_dQn_m,GPR,log,protocol_holdout,exploitation,1,18,9.850100949928938
HUST,set1_dQn_m,GPR,log,protocol_holdout,exploitation,1,24,9.421704184499534
HUST,set1_dQn_m,GPR,log,protocol_holdout,exploitation,1,30,9.684784987157215
HUST,set1_dQn_m,GPR,log,protocol_holdout,exploitation,1,36,9.89932540251785
HUST,set1_dQn_m,GPR,log,protocol_holdout,exploitation,1,42,9.050285906251505
HUST,set1_dQn_m,GPR,log,protocol_holdout,exploitation,1,48,7.643723028653701
HUST,set1_dQn_m,GPR,log,protocol_holdout,exploitation,1,54,7.511014565809275
HUST,set1_dQn_m,GPR,log,protocol_holdout,exploitation,1,60,7.4726484841866
HUST,set1_dQn_m,GPR,log,protocol_holdout,exploitation,1,62,7.299875497401144
HUST,set1_dQn_m,GPR,log,protocol_holdout,exploitation,2,6,20.884566612876704
HUST,set1_dQn_m,GPR,log,protocol_holdout,exploitation,2,12,18.580334690780305
HUST,set1_dQn_m,GPR,log,protocol_holdout,exploitation,2,18,19.68526196698921
HUST,set1_dQn_m,GPR,log,protocol_holdout,exploitation,2,24,19.726984646989603
HUST,set1_dQn_m,GPR,log,protocol_holdout,exploitation,2,30,19.454792731127288
HUST,set1_dQn_m,GPR,log,protocol_holdout,exploitation,2,36,14.786442479940623
HUST,set1_dQn_m,GPR,log,protocol_holdout,exploitation,2,42,13.534053419825815
HUST,set1_dQn_m,GPR,log,protocol_holdout,exploitation,2,48,12.015745436545435
HUST,set1_dQn_m,GPR,log,protocol_holdout,exploitation,2,54,12.438896022087432
HUST,set1_dQn_m,GPR,log,protocol_holdout,exploitation,2,60,10.244967532691106
HUST,set1_dQn_m,GPR,log,protocol_holdout,exploitation,2,62,10.05408513701829
HUST,set1_dQn_m,GPR,log,protocol_holdout,exploitation,3,6,17.004245848807432
HUST,set1_dQn_m,GPR,log,protocol_holdout,exploitation,3,12,19.391086848869723
HUST,set1_dQn_m,GPR,log,protocol_holdout,exploitation,3,18,16.602665874943426
HUST,set1_dQn_m,GPR,log,protocol_holdout,exploitation,3,24,15.933361070464011
HUST,set1_dQn_m,GPR,log,protocol_holdout,exploitation,3,30,17.05049290656109
HUST,set1_dQn_m,GPR,log,protocol_holdout,exploitation,3,36,17.14209064813449
HUST,set1_dQn_m,GPR,log,protocol_holdout,exploitation,3,42,17.271368865647
HUST,set1_dQn_m,GPR,log,protocol_holdout,exploitation,3,48,17.413833168405347
HUST,set1_dQn_m,GPR,log,protocol_holdout,exploitation,3,54,14.203007211004604
HUST,set1_dQn_m,GPR,log,protocol_holdout,exploitation,3,60,14.846302172581696
HUST,set1_dQn_m,GPR,log,protocol_holdout,exploitation,3,62,14.728192455967992
HUST,set1_dQn_m,GPR,log,protocol_holdout,exploitation,4,6,13.44152787044792
HUST,set1_dQn_m,GPR,log,protocol_holdout,exploitation,4,12,12.307459079543266
HUST,set1_dQn_m,GPR,log,protocol_holdout,exploitation,4,18,12.44077467122337
HUST,set1_dQn_m,GPR,log,protocol_holdout,exploitation,4,24,13.08239523297404
HUST,set1_dQn_m,GPR,log,protocol_holdout,exploitation,4,30,12.802520916441544
HUST,set1_dQn_m,GPR,log,protocol_holdout,exploitation,4,36,11.200505186748323
HUST,set1_dQn_m,GPR,log,protocol_holdout,exploitation,4,42,12.02815282327742
HUST,set1_dQn_m,GPR,log,protocol_holdout,exploitation,4,48,10.35397517131132
HUST,set1_dQn_m,GPR,log,protocol_holdout,exploitation,4,54,9.793890447787504
HUST,set1_dQn_m,GPR,log,protocol_holdout,exploitation,4,60,9.898458956933434
HUST,set1_dQn_m,GPR,log,protocol_holdout,exploitation,4,62,9.450414998469014
HUST,set1_dQn_m,GPR,log,protocol_holdout,exploitation,5,6,15.79756763555689
HUST,set1_dQn_m,GPR,log,protocol_holdout,exploitation,5,12,16.88077836301486
HUST,set1_dQn_m,GPR,log,protocol_holdout,exploitation,5,18,12.574454317838974
HUST,set1_dQn_m,GPR,log,protocol_holdout,exploitation,5,24,20.72913968640148
HUST,set1_dQn_m,GPR,log,protocol_holdout,exploitation,5,30,15.82862417593511
HUST,set1_dQn_m,GPR,log,protocol_holdout,exploitation,5,36,14.109523822973804
HUST,set1_dQn_m,GPR,log,protocol_holdout,exploitation,5,42,12.103897206019994
HUST,set1_dQn_m,GPR,log,protocol_holdout,exploitation,5,48,11.455377691406216
HUST,set1_dQn_m,GPR,log,protocol_holdout,exploitation,5,54,11.073190505750285
HUST,set1_dQn_m,GPR,log,protocol_holdout,exploitation,5,60,10.168672143260702
HUST,set1_dQn_m,GPR,log,protocol_holdout,exploitation,5,62,10.212151179989444
HUST,set1_dQn_m,GPR,log,protocol_holdout,exploitation,6,6,19.491762994587887
HUST,set1_dQn_m,GPR,log,protocol_holdout,exploitation,6,12,11.620113102899486
HUST,set1_dQn_m,GPR,log,protocol_holdout,exploitation,6,18,12.963419567582616
HUST,set1_dQn_m,GPR,log,protocol_holdout,exploitation,6,24,13.66676505247004
HUST,set1_dQn_m,GPR,log,protocol_holdout,exploitation,6,30,14.82243325855829
HUST,set1_dQn_m,GPR,log,protocol_holdout,exploitation,6,36,14.338818604464636
HUST,set1_dQn_m,GPR,log,protocol_holdout,exploitation,6,42,13.54837856467596
HUST,set1_dQn_m,GPR,log,protocol_holdout,exploitation,6,48,12.342146015813745
HUST,set1_dQn_m,GPR,log,protocol_holdout,exploitation,6,54,13.058742027510243
HUST,set1_dQn_m,GPR,log,protocol_holdout,exploitation,6,60,12.290260747375813
HUST,set1_dQn_m,GPR,log,protocol_holdout,exploitation,6,62,12.485614290923614
HUST,set1_dQn_m,GPR,log,protocol_holdout,exploitation,7,6,36.81122883687669
HUST,set1_dQn_m,GPR,log,protocol_holdout,exploitation,7,12,37.07062197012597
HUST,set1_dQn_m,GPR,log,protocol_holdout,exploitation,7,18,26.834747314316694
HUST,set1_dQn_m,GPR,log,protocol_holdout,exploitation,7,24,21.72464828261087
HUST,set1_dQn_m,GPR,log,protocol_holdout,exploitation,7,30,19.4952934346392
HUST,set1_dQn_m,GPR,log,protocol_holdout,exploitation,7,36,18.02066655839367
HUST,set1_dQn_m,GPR,log,protocol_holdout,exploitation,7,42,17.760961231978666
HUST,set1_dQn_m,GPR,log,protocol_holdout,exploitation,7,48,17.77827402300005
HUST,set1_dQn_m,GPR,log,protocol_holdout,exploitation,7,54,19.809780199156187
HUST,set1_dQn_m,GPR,log,protocol_holdout,exploitation,7,60,18.43343731424341
HUST,set1_dQn_m,GPR,log,protocol_holdout,exploitation,7,62,18.848550376997498
HUST,set1_dQn_m,GPR,log,protocol_holdout,exploitation,8,6,25.84846626633696
HUST,set1_dQn_m,GPR,log,protocol_holdout,exploitation,8,12,16.442042110999722
HUST,set1_dQn_m,GPR,log,protocol_holdout,exploitation,8,18,18.184517640265327
HUST,set1_dQn_m,GPR,log,protocol_holdout,exploitation,8,24,16.28153073972631
HUST,set1_dQn_m,GPR,log,protocol_holdout,exploitation,8,30,16.169419619678617
HUST,set1_dQn_m,GPR,log,protocol_holdout,exploitation,8,36,15.7938719681388
HUST,set1_dQn_m,GPR,log,protocol_holdout,exploitation,8,42,15.96374123938688
HUST,set1_dQn_m,GPR,log,protocol_holdout,exploitation,8,48,15.224739293247511
HUST,set1_dQn_m,GPR,log,protocol_holdout,exploitation,8,54,14.359563709566611
HUST,set1_dQn_m,GPR,log,protocol_holdout,exploitation,8,60,14.878824677358123
HUST,set1_dQn_m,GPR,log,protocol_holdout,exploitation,8,62,14.70525472016356
HUST,set1_dQn_m,GPR,log,protocol_holdout,exploitation,9,6,16.607646947562245
HUST,set1_dQn_m,GPR,log,protocol_holdout,exploitation,9,12,16.266736568626367
HUST,set1_dQn_m,GPR,log,protocol_holdout,exploitation,9,18,12.359086797665766
HUST,set1_dQn_m,GPR,log,protocol_holdout,exploitation,9,24,11.880388989204285
HUST,set1_dQn_m,GPR,log,protocol_holdout,exploitation,9,30,10.51675803942848
HUST,set1_dQn_m,GPR,log,protocol_holdout,exploitation,9,36,11.125884755131883
HUST,set1_dQn_m,GPR,log,protocol_holdout,exploitation,9,42,9.994136378577489
HUST,set1_dQn_m,GPR,log,protocol_holdout,exploitation,9,48,7.7611022898087105
HUST,set1_dQn_m,GPR,log,protocol_holdout,exploitation,9,54,7.742448318228632
HUST,set1_dQn_m,GPR,log,protocol_holdout,exploitation,9,60,7.925946824555294
HUST,set1_dQn_m,GPR,log,protocol_holdout,exploitation,9,62,7.885685889381409
HUST,set1_dQn_m,GPR,log,protocol_holdout,exploitation,10,6,24.28771674403846
HUST,set1_dQn_m,GPR,log,protocol_holdout,exploitation,10,12,18.6148725760718
HUST,set1_dQn_m,GPR,log,protocol_holdout,exploitation,10,18,19.486435206394106
HUST,set1_dQn_m,GPR,log,protocol_holdout,exploitation,10,24,16.775099424472366
HUST,set1_dQn_m,GPR,log,protocol_holdout,exploitation,10,30,16.71048684769866
HUST,set1_dQn_m,GPR,log,protocol_holdout,exploitation,10,36,17.250980009171318
HUST,set1_dQn_m,GPR,log,protocol_holdout,exploitation,10,42,18.238569865579343
HUST,set1_dQn_m,GPR,log,protocol_holdout,exploitation,10,48,16.294957124833797
HUST,set1_dQn_m,GPR,log,protocol_holdout,exploitation,10,54,15.987401093990968
HUST,set1_dQn_m,GPR,log,protocol_holdout,exploitation,10,60,15.844475646093198
HUST,set1_dQn_m,GPR,log,protocol_holdout,exploitation,10,62,15.841845568613088
HUST,set1_dQn_m,GPR,log,protocol_holdout,hybrid,1,6,11.422408508751756
HUST,set1_dQn_m,GPR,log,protocol_holdout,hybrid,1,12,11.765724650866447
HUST,set1_dQn_m,GPR,log,protocol_holdout,hybrid,1,18,10.516703847495211
HUST,set1_dQn_m,GPR,log,protocol_holdout,hybrid,1,24,11.538705315589317
HUST,set1_dQn_m,GPR,log,protocol_holdout,hybrid,1,30,9.11349466068638
HUST,set1_dQn_m,GPR,log,protocol_holdout,hybrid,1,36,8.141207053196178
HUST,set1_dQn_m,GPR,log,protocol_holdout,hybrid,1,42,6.980531906061492
HUST,set1_dQn_m,GPR,log,protocol_holdout,hybrid,1,48,7.126651640201877
HUST,set1_dQn_m,GPR,log,protocol_holdout,hybrid,1,54,7.5810404425332285
HUST,set1_dQn_m,GPR,log,protocol_holdout,hybrid,1,60,7.400026674298855
HUST,set1_dQn_m,GPR,log,protocol_holdout,hybrid,1,62,7.299875497401144
HUST,set1_dQn_m,GPR,log,protocol_holdout,hybrid,2,6,20.884566612876704
HUST,set1_dQn_m,GPR,log,protocol_holdout,hybrid,2,12,14.33938836383604
HUST,set1_dQn_m,GPR,log,protocol_holdout,hybrid,2,18,10.289880473510827
HUST,set1_dQn_m,GPR,log,protocol_holdout,hybrid,2,24,10.045025931137246
HUST,set1_dQn_m,GPR,log,protocol_holdout,hybrid,2,30,9.594196589007767
HUST,set1_dQn_m,GPR,log,protocol_holdout,hybrid,2,36,12.960050575614574
HUST,set1_dQn_m,GPR,log,protocol_holdout,hybrid,2,42,9.40746389219242
HUST,set1_dQn_m,GPR,log,protocol_holdout,hybrid,2,48,13.453101348218912
HUST,set1_dQn_m,GPR,log,protocol_holdout,hybrid,2,54,10.910049700067791
HUST,set1_dQn_m,GPR,log,protocol_holdout,hybrid,2,60,10.221370189205022
HUST,set1_dQn_m,GPR,log,protocol_holdout,hybrid,2,62,10.05408513701829
HUST,set1_dQn_m,GPR,log,protocol_holdout,hybrid,3,6,17.004245848807432
HUST,set1_dQn_m,GPR,log,protocol_holdout,hybrid,3,12,14.500247141027826
HUST,set1_dQn_m,GPR,log,protocol_holdout,hybrid,3,18,15.151775141699478
HUST,set1_dQn_m,GPR,log,protocol_holdout,hybrid,3,24,15.588135222447768
HUST,set1_dQn_m,GPR,log,protocol_holdout,hybrid,3,30,16.10192967503899
HUST,set1_dQn_m,GPR,log,protocol_holdout,hybrid,3,36,17.33936648116454
HUST,set1_dQn_m,GPR,log,protocol_holdout,hybrid,3,42,15.539250324804271
HUST,set1_dQn_m,GPR,log,protocol_holdout,hybrid,3,48,15.365147091598686
HUST,set1_dQn_m,GPR,log,protocol_holdout,hybrid,3,54,14.963165674059256
HUST,set1_dQn_m,GPR,log,protocol_holdout,hybrid,3,60,14.909397916644664
HUST,set1_dQn_m,GPR,log,protocol_holdout,hybrid,3,62,14.728192455967992
HUST,set1_dQn_m,GPR,log,protocol_holdout,hybrid,4,6,13.44152787044792
HUST,set1_dQn_m,GPR,log,protocol_holdout,hybrid,4,12,13.518495890188028
HUST,set1_dQn_m,GPR,log,protocol_holdout,hybrid,4,18,11.146974591290908
HUST,set1_dQn_m,GPR,log,protocol_holdout,hybrid,4,24,11.580024742225303
HUST,set1_dQn_m,GPR,log,protocol_holdout,hybrid,4,30,9.234427344527417
HUST,set1_dQn_m,GPR,log,protocol_holdout,hybrid,4,36,9.9357602778782
HUST,set1_dQn_m,GPR,log,protocol_holdout,hybrid,4,42,8.91929846158656
HUST,set1_dQn_m,GPR,log,protocol_holdout,hybrid,4,48,9.086562470440503
HUST,set1_dQn_m,GPR,log,protocol_holdout,hybrid,4,54,9.111080531236354
HUST,set1_dQn_m,GPR,log,protocol_holdout,hybrid,4,60,9.2747835685479
HUST,set1_dQn_m,GPR,log,protocol_holdout,hybrid,4,62,9.450414998469014
HUST,set1_dQn_m,GPR,log,protocol_holdout,hybrid,5,6,15.79756763555689
HUST,set1_dQn_m,GPR,log,protocol_holdout,hybrid,5,12,17.35044048596115
HUST,set1_dQn_m,GPR,log,protocol_holdout,hybrid,5,18,11.273717622224153
HUST,set1_dQn_m,GPR,log,protocol_holdout,hybrid,5,24,9.555268684647071
HUST,set1_dQn_m,GPR,log,protocol_holdout,hybrid,5,30,9.9773824629925
HUST,set1_dQn_m,GPR,log,protocol_holdout,hybrid,5,36,11.7863704086609
HUST,set1_dQn_m,GPR,log,protocol_holdout,hybrid,5,42,12.26890851352115
HUST,set1_dQn_m,GPR,log,protocol_holdout,hybrid,5,48,12.48434764930308
HUST,set1_dQn_m,GPR,log,protocol_holdout,hybrid,5,54,10.488271899540084
HUST,set1_dQn_m,GPR,log,protocol_holdout,hybrid,5,60,10.191959940131008
HUST,set1_dQn_m,GPR,log,protocol_holdout,hybrid,5,62,10.212151179989444
HUST,set1_dQn_m,GPR,log,protocol_holdout,hybrid,6,6,19.491762994587887
HUST,set1_dQn_m,GPR,log,protocol_holdout,hybrid,6,12,19.606978735237465
HUST,set1_dQn_m,GPR,log,protocol_holdout,hybrid,6,18,19.9800620197874
HUST,set1_dQn_m,GPR,log,protocol_holdout,hybrid,6,24,19.2729376697348
HUST,set1_dQn_m,GPR,log,protocol_holdout,hybrid,6,30,17.733294864634313
HUST,set1_dQn_m,GPR,log,protocol_holdout,hybrid,6,36,15.38200170525629
HUST,set1_dQn_m,GPR,log,protocol_holdout,hybrid,6,42,12.998583309818502
HUST,set1_dQn_m,GPR,log,protocol_holdout,hybrid,6,48,12.373329788449109
HUST,set1_dQn_m,GPR,log,protocol_holdout,hybrid,6,54,12.083730913437032
HUST,set1_dQn_m,GPR,log,protocol_holdout,hybrid,6,60,12.41926335588752
HUST,set1_dQn_m,GPR,log,protocol_holdout,hybrid,6,62,12.485614290923614
HUST,set1_dQn_m,GPR,log,protocol_holdout,hybrid,7,6,36.81122883687669
HUST,set1_dQn_m,GPR,log,protocol_holdout,hybrid,7,12,28.501823327675297
HUST,set1_dQn_m,GPR,log,protocol_holdout,hybrid,7,18,25.84183615701375
HUST,set1_dQn_m,GPR,log,protocol_holdout,hybrid,7,24,23.36343973034884
HUST,set1_dQn_m,GPR,log,protocol_holdout,hybrid,7,30,26.53835978605959
HUST,set1_dQn_m,GPR,log,protocol_holdout,hybrid,7,36,25.901935082298
HUST,set1_dQn_m,GPR,log,protocol_holdout,hybrid,7,42,25.56929369694576
HUST,set1_dQn_m,GPR,log,protocol_holdout,hybrid,7,48,19.920670520596563
HUST,set1_dQn_m,GPR,log,protocol_holdout,hybrid,7,54,19.23596150271708
HUST,set1_dQn_m,GPR,log,protocol_holdout,hybrid,7,60,18.81569150466612
HUST,set1_dQn_m,GPR,log,protocol_holdout,hybrid,7,62,18.848550376997498
HUST,set1_dQn_m,GPR,log,protocol_holdout,hybrid,8,6,25.84846626633696
HUST,set1_dQn_m,GPR,log,protocol_holdout,hybrid,8,12,19.052777839076835
HUST,set1_dQn_m,GPR,log,protocol_holdout,hybrid,8,18,15.305848455840056
HUST,set1_dQn_m,GPR,log,protocol_holdout,hybrid,8,24,15.783388294704656
HUST,set1_dQn_m,GPR,log,protocol_holdout,hybrid,8,30,14.370976225392592
HUST,set1_dQn_m,GPR,log,protocol_holdout,hybrid,8,36,12.93437400494127
HUST,set1_dQn_m,GPR,log,protocol_holdout,hybrid,8,42,14.98464689863012
HUST,set1_dQn_m,GPR,log,protocol_holdout,hybrid,8,48,15.343178226134375
HUST,set1_dQn_m,GPR,log,protocol_holdout,hybrid,8,54,15.470791635015352
HUST,set1_dQn_m,GPR,log,protocol_holdout,hybrid,8,60,14.940077196592444
HUST,set1_dQn_m,GPR,log,protocol_holdout,hybrid,8,62,14.70525472016356
HUST,set1_dQn_m,GPR,log,protocol_holdout,hybrid,9,6,16.607646947562245
HUST,set1_dQn_m,GPR,log,protocol_holdout,hybrid,9,12,16.225050624667563
HUST,set1_dQn_m,GPR,log,protocol_holdout,hybrid,9,18,11.10313754392726
HUST,set1_dQn_m,GPR,log,protocol_holdout,hybrid,9,24,10.13903749028124
HUST,set1_dQn_m,GPR,log,protocol_holdout,hybrid,9,30,8.309586773485789
HUST,set1_dQn_m,GPR,log,protocol_holdout,hybrid,9,36,9.564154675974097
HUST,set1_dQn_m,GPR,log,protocol_holdout,hybrid,9,42,9.335322015794429
HUST,set1_dQn_m,GPR,log,protocol_holdout,hybrid,9,48,8.18948421439405
HUST,set1_dQn_m,GPR,log,protocol_holdout,hybrid,9,54,7.914648697292176
HUST,set1_dQn_m,GPR,log,protocol_holdout,hybrid,9,60,7.362480817256389
HUST,set1_dQn_m,GPR,log,protocol_holdout,hybrid,9,62,7.885685889381409
HUST,set1_dQn_m,GPR,log,protocol_holdout,hybrid,10,6,24.28771674403846
HUST,set1_dQn_m,GPR,log,protocol_holdout,hybrid,10,12,24.493542900728595
HUST,set1_dQn_m,GPR,log,protocol_holdout,hybrid,10,18,27.35445073164669
HUST,set1_dQn_m,GPR,log,protocol_holdout,hybrid,10,24,26.83630356680956
HUST,set1_dQn_m,GPR,log,protocol_holdout,hybrid,10,30,27.412036992484907
HUST,set1_dQn_m,GPR,log,protocol_holdout,hybrid,10,36,24.499934887923665
HUST,set1_dQn_m,GPR,log,protocol_holdout,hybrid,10,42,19.404381347444176
HUST,set1_dQn_m,GPR,log,protocol_holdout,hybrid,10,48,17.976966237154404
HUST,set1_dQn_m,GPR,log,protocol_holdout,hybrid,10,54,16.853892112231765
HUST,set1_dQn_m,GPR,log,protocol_holdout,hybrid,10,60,15.898100530012597
HUST,set1_dQn_m,GPR,log,protocol_holdout,hybrid,10,62,15.841845568613088
KIT,set1_dQn_m,GPR,log,protocol_holdout,random_selection,1,6,36.59722804030108
KIT,set1_dQn_m,GPR,log,protocol_holdout,random_selection,1,12,34.84749092904728
KIT,set1_dQn_m,GPR,log,protocol_holdout,random_selection,1,18,27.081359338810763
KIT,set1_dQn_m,GPR,log,protocol_holdout,random_selection,1,24,30.166227835611497
KIT,set1_dQn_m,GPR,log,protocol_holdout,random_selection,1,30,35.1889173849084
KIT,set1_dQn_m,GPR,log,protocol_holdout,random_selection,1,36,33.59599746822092
KIT,set1_dQn_m,GPR,log,protocol_holdout,random_selection,1,42,34.40040588558965
KIT,set1_dQn_m,GPR,log,protocol_holdout,random_selection,1,48,33.89860344167246
KIT,set1_dQn_m,GPR,log,protocol_holdout,random_selection,1,54,32.1576895442683
KIT,set1_dQn_m,GPR,log,protocol_holdout,random_selection,1,60,29.6750667072941
KIT,set1_dQn_m,GPR,log,protocol_holdout,random_selection,1,66,29.88712567087649
KIT,set1_dQn_m,GPR,log,protocol_holdout,random_selection,2,6,39.68725132981077
KIT,set1_dQn_m,GPR,log,protocol_holdout,random_selection,2,12,30.05652808066021
KIT,set1_dQn_m,GPR,log,protocol_holdout,random_selection,2,18,22.13027116131288
KIT,set1_dQn_m,GPR,log,protocol_holdout,random_selection,2,24,20.856548816391392
KIT,set1_dQn_m,GPR,log,protocol_holdout,random_selection,2,30,25.74743375060477
KIT,set1_dQn_m,GPR,log,protocol_holdout,random_selection,2,36,28.357996526040186
KIT,set1_dQn_m,GPR,log,protocol_holdout,random_selection,2,42,22.83432781405863
KIT,set1_dQn_m,GPR,log,protocol_holdout,random_selection,2,48,23.20924656502925
KIT,set1_dQn_m,GPR,log,protocol_holdout,random_selection,2,54,28.256931937075112
KIT,set1_dQn_m,GPR,log,protocol_holdout,random_selection,2,60,28.41621876551292
KIT,set1_dQn_m,GPR,log,protocol_holdout,random_selection,2,66,31.34136393044405
KIT,set1_dQn_m,GPR,log,protocol_holdout,random_selection,3,6,35.331725903154144
KIT,set1_dQn_m,GPR,log,protocol_holdout,random_selection,3,12,41.81809914469214
KIT,set1_dQn_m,GPR,log,protocol_holdout,random_selection,3,18,28.24370685970916
KIT,set1_dQn_m,GPR,log,protocol_holdout,random_selection,3,24,35.95689586572541
KIT,set1_dQn_m,GPR,log,protocol_holdout,random_selection,3,30,35.88257221179187
KIT,set1_dQn_m,GPR,log,protocol_holdout,random_selection,3,36,29.95844544901576
KIT,set1_dQn_m,GPR,log,protocol_holdout,random_selection,3,42,22.17241522240069
KIT,set1_dQn_m,GPR,log,protocol_holdout,random_selection,3,48,17.680807935532865
KIT,set1_dQn_m,GPR,log,protocol_holdout,random_selection,3,54,21.062518080353364
KIT,set1_dQn_m,GPR,log,protocol_holdout,random_selection,3,60,13.402746406932092
KIT,set1_dQn_m,GPR,log,protocol_holdout,random_selection,3,66,18.36418812246294
KIT,set1_dQn_m,GPR,log,protocol_holdout,random_selection,4,6,33.02965353720798
KIT,set1_dQn_m,GPR,log,protocol_holdout,random_selection,4,12,29.05455655110403
KIT,set1_dQn_m,GPR,log,protocol_holdout,random_selection,4,18,30.84464711410136
KIT,set1_dQn_m,GPR,log,protocol_holdout,random_selection,4,24,18.147681437101586
KIT,set1_dQn_m,GPR,log,protocol_holdout,random_selection,4,30,20.079448335640105
KIT,set1_dQn_m,GPR,log,protocol_holdout,random_selection,4,36,35.96349000701704
KIT,set1_dQn_m,GPR,log,protocol_holdout,random_selection,4,42,18.91116530922297
KIT,set1_dQn_m,GPR,log,protocol_holdout,random_selection,4,48,13.728126255913676
KIT,set1_dQn_m,GPR,log,protocol_holdout,random_selection,4,54,15.642571936631672
KIT,set1_dQn_m,GPR,log,protocol_holdout,random_selection,4,60,15.223194731928425
KIT,set1_dQn_m,GPR,log,protocol_holdout,random_selection,4,66,14.942874755816224
KIT,set1_dQn_m,GPR,log,protocol_holdout,random_selection,5,6,34.589564030380174
KIT,set1_dQn_m,GPR,log,protocol_holdout,random_selection,5,12,34.35545870468009
KIT,set1_dQn_m,GPR,log,protocol_holdout,random_selection,5,18,36.483259921164745
KIT,set1_dQn_m,GPR,log,protocol_holdout,random_selection,5,24,34.7106957606181
KIT,set1_dQn_m,GPR,log,protocol_holdout,random_selection,5,30,32.97808847860939
KIT,set1_dQn_m,GPR,log,protocol_holdout,random_selection,5,36,34.115431549332
KIT,set1_dQn_m,GPR,log,protocol_holdout,random_selection,5,42,36.88505296036973
KIT,set1_dQn_m,GPR,log,protocol_holdout,random_selection,5,48,38.312135197434806
KIT,set1_dQn_m,GPR,log,protocol_holdout,random_selection,5,54,30.02079743435204
KIT,set1_dQn_m,GPR,log,protocol_holdout,random_selection,5,60,28.95006015129105
KIT,set1_dQn_m,GPR,log,protocol_holdout,random_selection,5,66,36.38336354269354
KIT,set1_dQn_m,GPR,log,protocol_holdout,random_selection,6,6,36.471375771306896
KIT,set1_dQn_m,GPR,log,protocol_holdout,random_selection,6,12,27.377916121631824
KIT,set1_dQn_m,GPR,log,protocol_holdout,random_selection,6,18,25.12586174122124
KIT,set1_dQn_m,GPR,log,protocol_holdout,random_selection,6,24,31.943410721012626
KIT,set1_dQn_m,GPR,log,protocol_holdout,random_selection,6,30,22.003797482660666
KIT,set1_dQn_m,GPR,log,protocol_holdout,random_selection,6,36,23.036799690303965
KIT,set1_dQn_m,GPR,log,protocol_holdout,random_selection,6,42,34.59333087302115
KIT,set1_dQn_m,GPR,log,protocol_holdout,random_selection,6,48,26.1745406801056
KIT,set1_dQn_m,GPR,log,protocol_holdout,random_selection,6,54,23.046662241983217
KIT,set1_dQn_m,GPR,log,protocol_holdout,random_selection,6,60,37.54155285648537
KIT,set1_dQn_m,GPR,log,protocol_holdout,random_selection,6,66,40.62525732433545
KIT,set1_dQn_m,GPR,log,protocol_holdout,random_selection,7,6,35.38385522431546
KIT,set1_dQn_m,GPR,log,protocol_holdout,random_selection,7,12,35.583085783000804
KIT,set1_dQn_m,GPR,log,protocol_holdout,random_selection,7,18,36.73743624038045
KIT,set1_dQn_m,GPR,log,protocol_holdout,random_selection,7,24,34.82256592736312
KIT,set1_dQn_m,GPR,log,protocol_holdout,random_selection,7,30,33.42484580922438
KIT,set1_dQn_m,GPR,log,protocol_holdout,random_selection,7,36,27.99560611661402
KIT,set1_dQn_m,GPR,log,protocol_holdout,random_selection,7,42,33.36468060331343
KIT,set1_dQn_m,GPR,log,protocol_holdout,random_selection,7,48,36.79718144094731
KIT,set1_dQn_m,GPR,log,protocol_holdout,random_selection,7,54,35.94620508300942
KIT,set1_dQn_m,GPR,log,protocol_holdout,random_selection,7,60,32.277714401286545
KIT,set1_dQn_m,GPR,log,protocol_holdout,random_selection,7,66,30.114246488592773
KIT,set1_dQn_m,GPR,log,protocol_holdout,random_selection,8,6,35.8429633232312
KIT,set1_dQn_m,GPR,log,protocol_holdout,random_selection,8,12,28.62636036807429
KIT,set1_dQn_m,GPR,log,protocol_holdout,random_selection,8,18,27.1303629030786
KIT,set1_dQn_m,GPR,log,protocol_holdout,random_selection,8,24,25.79968863776742
KIT,set1_dQn_m,GPR,log,protocol_holdout,random_selection,8,30,33.93019267026578
KIT,set1_dQn_m,GPR,log,protocol_holdout,random_selection,8,36,36.78232860605225
KIT,set1_dQn_m,GPR,log,protocol_holdout,random_selection,8,42,42.30693755285792
KIT,set1_dQn_m,GPR,log,protocol_holdout,random_selection,8,48,36.99521181289797
KIT,set1_dQn_m,GPR,log,protocol_holdout,random_selection,8,54,33.47403188408571
KIT,set1_dQn_m,GPR,log,protocol_holdout,random_selection,8,60,45.86710168770799
KIT,set1_dQn_m,GPR,log,protocol_holdout,random_selection,8,66,45.7203192863793
KIT,set1_dQn_m,GPR,log,protocol_holdout,random_selection,9,6,26.31842616488992
KIT,set1_dQn_m,GPR,log,protocol_holdout,random_selection,9,12,67.20897768323589
KIT,set1_dQn_m,GPR,log,protocol_holdout,random_selection,9,18,90.99953816517892
KIT,set1_dQn_m,GPR,log,protocol_holdout,random_selection,9,24,47.901083876386174
KIT,set1_dQn_m,GPR,log,protocol_holdout,random_selection,9,30,26.0755689145943
KIT,set1_dQn_m,GPR,log,protocol_holdout,random_selection,9,36,14.689798212050242
KIT,set1_dQn_m,GPR,log,protocol_holdout,random_selection,9,42,21.373068570551936
KIT,set1_dQn_m,GPR,log,protocol_holdout,random_selection,9,48,21.275926691862352
KIT,set1_dQn_m,GPR,log,protocol_holdout,random_selection,9,54,21.31716179763697
KIT,set1_dQn_m,GPR,log,protocol_holdout,random_selection,9,60,19.317788329152783
KIT,set1_dQn_m,GPR,log,protocol_holdout,random_selection,9,66,18.05111898981772
KIT,set1_dQn_m,GPR,log,protocol_holdout,random_selection,10,6,32.704634669197034
KIT,set1_dQn_m,GPR,log,protocol_holdout,random_selection,10,12,17.25452009972735
KIT,set1_dQn_m,GPR,log,protocol_holdout,random_selection,10,18,17.81778673062777
KIT,set1_dQn_m,GPR,log,protocol_holdout,random_selection,10,24,17.46817132559882
KIT,set1_dQn_m,GPR,log,protocol_holdout,random_selection,10,30,15.78259910562078
KIT,set1_dQn_m,GPR,log,protocol_holdout,random_selection,10,36,13.118013884437504
KIT,set1_dQn_m,GPR,log,protocol_holdout,random_selection,10,42,14.316352624954131
KIT,set1_dQn_m,GPR,log,protocol_holdout,random_selection,10,48,12.5077574501207
KIT,set1_dQn_m,GPR,log,protocol_holdout,random_selection,10,54,13.58984869415282
KIT,set1_dQn_m,GPR,log,protocol_holdout,random_selection,10,60,11.485042699465446
KIT,set1_dQn_m,GPR,log,protocol_holdout,random_selection,10,66,10.453120066428076
KIT,set1_dQn_m,GPR,log,protocol_holdout,diversity_oneshot,1,6,42.87369939291102
KIT,set1_dQn_m,GPR,log,protocol_holdout,diversity_oneshot,1,12,34.14308095962635
KIT,set1_dQn_m,GPR,log,protocol_holdout,diversity_oneshot,1,18,36.19975521623501
KIT,set1_dQn_m,GPR,log,protocol_holdout,diversity_oneshot,1,24,33.61635450902335
KIT,set1_dQn_m,GPR,log,protocol_holdout,diversity_oneshot,1,30,31.22289197170285
KIT,set1_dQn_m,GPR,log,protocol_holdout,diversity_oneshot,1,36,38.52393657802636
KIT,set1_dQn_m,GPR,log,protocol_holdout,diversity_oneshot,1,42,35.7331092227061
KIT,set1_dQn_m,GPR,log,protocol_holdout,diversity_oneshot,1,48,32.281674107908195
KIT,set1_dQn_m,GPR,log,protocol_holdout,diversity_oneshot,1,54,30.46485494780923
KIT,set1_dQn_m,GPR,log,protocol_holdout,diversity_oneshot,1,60,30.10992664995202
KIT,set1_dQn_m,GPR,log,protocol_holdout,diversity_oneshot,1,66,29.88712567087649
KIT,set1_dQn_m,GPR,log,protocol_holdout,diversity_oneshot,2,6,35.09734282665762
KIT,set1_dQn_m,GPR,log,protocol_holdout,diversity_oneshot,2,12,30.625248573856613
KIT,set1_dQn_m,GPR,log,protocol_holdout,diversity_oneshot,2,18,28.96664628446407
KIT,set1_dQn_m,GPR,log,protocol_holdout,diversity_oneshot,2,24,30.50985501471213
KIT,set1_dQn_m,GPR,log,protocol_holdout,diversity_oneshot,2,30,32.23197818533895
KIT,set1_dQn_m,GPR,log,protocol_holdout,diversity_oneshot,2,36,33.734805342761135
KIT,set1_dQn_m,GPR,log,protocol_holdout,diversity_oneshot,2,42,32.317910666725744
KIT,set1_dQn_m,GPR,log,protocol_holdout,diversity_oneshot,2,48,26.565556277767367
KIT,set1_dQn_m,GPR,log,protocol_holdout,diversity_oneshot,2,54,24.40661561522494
KIT,set1_dQn_m,GPR,log,protocol_holdout,diversity_oneshot,2,60,33.34561876217976
KIT,set1_dQn_m,GPR,log,protocol_holdout,diversity_oneshot,2,66,31.34136393044405
KIT,set1_dQn_m,GPR,log,protocol_holdout,diversity_oneshot,3,6,88.65688473038072
KIT,set1_dQn_m,GPR,log,protocol_holdout,diversity_oneshot,3,12,41.05095460944101
KIT,set1_dQn_m,GPR,log,protocol_holdout,diversity_oneshot,3,18,29.030923886674675
KIT,set1_dQn_m,GPR,log,protocol_holdout,diversity_oneshot,3,24,29.278346401443784
KIT,set1_dQn_m,GPR,log,protocol_holdout,diversity_oneshot,3,30,38.56606525533681
KIT,set1_dQn_m,GPR,log,protocol_holdout,diversity_oneshot,3,36,38.04666601317882
KIT,set1_dQn_m,GPR,log,protocol_holdout,diversity_oneshot,3,42,14.438185218422769
KIT,set1_dQn_m,GPR,log,protocol_holdout,diversity_oneshot,3,48,11.097297207709508
KIT,set1_dQn_m,GPR,log,protocol_holdout,diversity_oneshot,3,54,12.334205766852222
KIT,set1_dQn_m,GPR,log,protocol_holdout,diversity_oneshot,3,60,12.72255132734224
KIT,set1_dQn_m,GPR,log,protocol_holdout,diversity_oneshot,3,66,18.36418812246294
KIT,set1_dQn_m,GPR,log,protocol_holdout,diversity_oneshot,4,6,88.73386971662416
KIT,set1_dQn_m,GPR,log,protocol_holdout,diversity_oneshot,4,12,25.9607012780906
KIT,set1_dQn_m,GPR,log,protocol_holdout,diversity_oneshot,4,18,30.78101827528901
KIT,set1_dQn_m,GPR,log,protocol_holdout,diversity_oneshot,4,24,33.81232494131071
KIT,set1_dQn_m,GPR,log,protocol_holdout,diversity_oneshot,4,30,44.74031010736864
KIT,set1_dQn_m,GPR,log,protocol_holdout,diversity_oneshot,4,36,36.69095485382228
KIT,set1_dQn_m,GPR,log,protocol_holdout,diversity_oneshot,4,42,13.606094423933335
KIT,set1_dQn_m,GPR,log,protocol_holdout,diversity_oneshot,4,48,12.107860215150566
KIT,set1_dQn_m,GPR,log,protocol_holdout,diversity_oneshot,4,54,11.356212120108054
KIT,set1_dQn_m,GPR,log,protocol_holdout,diversity_oneshot,4,60,11.142924496610243
KIT,set1_dQn_m,GPR,log,protocol_holdout,diversity_oneshot,4,66,14.942874755816224
KIT,set1_dQn_m,GPR,log,protocol_holdout,diversity_oneshot,5,6,33.94061392653298
KIT,set1_dQn_m,GPR,log,protocol_holdout,diversity_oneshot,5,12,25.58242918772452
KIT,set1_dQn_m,GPR,log,protocol_holdout,diversity_oneshot,5,18,26.79223530057232
KIT,set1_dQn_m,GPR,log,protocol_holdout,diversity_oneshot,5,24,20.94084184093935
KIT,set1_dQn_m,GPR,log,protocol_holdout,diversity_oneshot,5,30,21.75959969888109
KIT,set1_dQn_m,GPR,log,protocol_holdout,diversity_oneshot,5,36,40.711320607197486
KIT,set1_dQn_m,GPR,log,protocol_holdout,diversity_oneshot,5,42,55.58596212977841
KIT,set1_dQn_m,GPR,log,protocol_holdout,diversity_oneshot,5,48,45.28161361478815
KIT,set1_dQn_m,GPR,log,protocol_holdout,diversity_oneshot,5,54,43.94110241460398
KIT,set1_dQn_m,GPR,log,protocol_holdout,diversity_oneshot,5,60,43.18888955956925
KIT,set1_dQn_m,GPR,log,protocol_holdout,diversity_oneshot,5,66,36.38336354269354
KIT,set1_dQn_m,GPR,log,protocol_holdout,diversity_oneshot,6,6,25.84182622606329
KIT,set1_dQn_m,GPR,log,protocol_holdout,diversity_oneshot,6,12,32.58600995411739
KIT,set1_dQn_m,GPR,log,protocol_holdout,diversity_oneshot,6,18,29.101965494190257
KIT,set1_dQn_m,GPR,log,protocol_holdout,diversity_oneshot,6,24,19.680233959094444
KIT,set1_dQn_m,GPR,log,protocol_holdout,diversity_oneshot,6,30,30.224562774797104
KIT,set1_dQn_m,GPR,log,protocol_holdout,diversity_oneshot,6,36,19.17634283797831
KIT,set1_dQn_m,GPR,log,protocol_holdout,diversity_oneshot,6,42,32.469561651878834
KIT,set1_dQn_m,GPR,log,protocol_holdout,diversity_oneshot,6,48,41.32911897622413
KIT,set1_dQn_m,GPR,log,protocol_holdout,diversity_oneshot,6,54,44.44640567679913
KIT,set1_dQn_m,GPR,log,protocol_holdout,diversity_oneshot,6,60,46.1652947782281
KIT,set1_dQn_m,GPR,log,protocol_holdout,diversity_oneshot,6,66,40.62525732433545
KIT,set1_dQn_m,GPR,log,protocol_holdout,diversity_oneshot,7,6,34.55256264972203
KIT,set1_dQn_m,GPR,log,protocol_holdout,diversity_oneshot,7,12,33.341310015720154
KIT,set1_dQn_m,GPR,log,protocol_holdout,diversity_oneshot,7,18,30.03140525422238
KIT,set1_dQn_m,GPR,log,protocol_holdout,diversity_oneshot,7,24,32.452930215838656
KIT,set1_dQn_m,GPR,log,protocol_holdout,diversity_oneshot,7,30,33.736930986267915
KIT,set1_dQn_m,GPR,log,protocol_holdout,diversity_oneshot,7,36,33.9245593838804
KIT,set1_dQn_m,GPR,log,protocol_holdout,diversity_oneshot,7,42,27.87277937203825
KIT,set1_dQn_m,GPR,log,protocol_holdout,diversity_oneshot,7,48,27.70553974646121
KIT,set1_dQn_m,GPR,log,protocol_holdout,diversity_oneshot,7,54,30.7168668702006
KIT,set1_dQn_m,GPR,log,protocol_holdout,diversity_oneshot,7,60,34.37024656311694
KIT,set1_dQn_m,GPR,log,protocol_holdout,diversity_oneshot,7,66,30.114246488592773
KIT,set1_dQn_m,GPR,log,protocol_holdout,diversity_oneshot,8,6,37.50331169314239
KIT,set1_dQn_m,GPR,log,protocol_holdout,diversity_oneshot,8,12,35.48338362519156
KIT,set1_dQn_m,GPR,log,protocol_holdout,diversity_oneshot,8,18,28.91184849605212
KIT,set1_dQn_m,GPR,log,protocol_holdout,diversity_oneshot,8,24,39.200179872536005
KIT,set1_dQn_m,GPR,log,protocol_holdout,diversity_oneshot,8,30,40.89720195017913
KIT,set1_dQn_m,GPR,log,protocol_holdout,diversity_oneshot,8,36,37.60093064144897
KIT,set1_dQn_m,GPR,log,protocol_holdout,diversity_oneshot,8,42,26.52290813835474
KIT,set1_dQn_m,GPR,log,protocol_holdout,diversity_oneshot,8,48,23.7361923182502
KIT,set1_dQn_m,GPR,log,protocol_holdout,diversity_oneshot,8,54,25.35156609927009
KIT,set1_dQn_m,GPR,log,protocol_holdout,diversity_oneshot,8,60,43.94200587731195
KIT,set1_dQn_m,GPR,log,protocol_holdout,diversity_oneshot,8,66,45.7203192863793
KIT,set1_dQn_m,GPR,log,protocol_holdout,diversity_oneshot,9,6,88.85534200074012
KIT,set1_dQn_m,GPR,log,protocol_holdout,diversity_oneshot,9,12,31.98026187425786
KIT,set1_dQn_m,GPR,log,protocol_holdout,diversity_oneshot,9,18,26.326428034380484
KIT,set1_dQn_m,GPR,log,protocol_holdout,diversity_oneshot,9,24,31.81041417150548
KIT,set1_dQn_m,GPR,log,protocol_holdout,diversity_oneshot,9,30,36.32534994306813
KIT,set1_dQn_m,GPR,log,protocol_holdout,diversity_oneshot,9,36,38.95204947058642
KIT,set1_dQn_m,GPR,log,protocol_holdout,diversity_oneshot,9,42,31.878477954742003
KIT,set1_dQn_m,GPR,log,protocol_holdout,diversity_oneshot,9,48,20.98504745796047
KIT,set1_dQn_m,GPR,log,protocol_holdout,diversity_oneshot,9,54,19.360926285982565
KIT,set1_dQn_m,GPR,log,protocol_holdout,diversity_oneshot,9,60,17.76183733184762
KIT,set1_dQn_m,GPR,log,protocol_holdout,diversity_oneshot,9,66,18.05111898981772
KIT,set1_dQn_m,GPR,log,protocol_holdout,diversity_oneshot,10,6,30.753877996622226
KIT,set1_dQn_m,GPR,log,protocol_holdout,diversity_oneshot,10,12,37.85728209934839
KIT,set1_dQn_m,GPR,log,protocol_holdout,diversity_oneshot,10,18,16.801683583347675
KIT,set1_dQn_m,GPR,log,protocol_holdout,diversity_oneshot,10,24,32.463528063555366
KIT,set1_dQn_m,GPR,log,protocol_holdout,diversity_oneshot,10,30,34.77107552352207
KIT,set1_dQn_m,GPR,log,protocol_holdout,diversity_oneshot,10,36,37.80054762988577
KIT,set1_dQn_m,GPR,log,protocol_holdout,diversity_oneshot,10,42,40.93846300965356
KIT,set1_dQn_m,GPR,log,protocol_holdout,diversity_oneshot,10,48,44.26670500373064
KIT,set1_dQn_m,GPR,log,protocol_holdout,diversity_oneshot,10,54,53.41308642405189
KIT,set1_dQn_m,GPR,log,protocol_holdout,diversity_oneshot,10,60,53.00575032535182
KIT,set1_dQn_m,GPR,log,protocol_holdout,diversity_oneshot,10,66,10.453120066428076
KIT,set1_dQn_m,GPR,log,protocol_holdout,diversity_iterative,1,6,42.87369939291102
KIT,set1_dQn_m,GPR,log,protocol_holdout,diversity_iterative,1,12,43.96592485771138
KIT,set1_dQn_m,GPR,log,protocol_holdout,diversity_iterative,1,18,38.21032354721775
KIT,set1_dQn_m,GPR,log,protocol_holdout,diversity_iterative,1,24,31.62806249675723
KIT,set1_dQn_m,GPR,log,protocol_holdout,diversity_iterative,1,30,32.57578349457621
KIT,set1_dQn_m,GPR,log,protocol_holdout,diversity_iterative,1,36,31.02314525071933
KIT,set1_dQn_m,GPR,log,protocol_holdout,diversity_iterative,1,42,31.475728243047048
KIT,set1_dQn_m,GPR,log,protocol_holdout,diversity_iterative,1,48,31.47665600823797
KIT,set1_dQn_m,GPR,log,protocol_holdout,diversity_iterative,1,54,36.56678524163665
KIT,set1_dQn_m,GPR,log,protocol_holdout,diversity_iterative,1,60,30.57977529610613
KIT,set1_dQn_m,GPR,log,protocol_holdout,diversity_iterative,1,66,29.88712567087649
KIT,set1_dQn_m,GPR,log,protocol_holdout,diversity_iterative,2,6,35.09734282665762
KIT,set1_dQn_m,GPR,log,protocol_holdout,diversity_iterative,2,12,32.47625012423138
KIT,set1_dQn_m,GPR,log,protocol_holdout,diversity_iterative,2,18,41.20881496992496
KIT,set1_dQn_m,GPR,log,protocol_holdout,diversity_iterative,2,24,31.06004250617283
KIT,set1_dQn_m,GPR,log,protocol_holdout,diversity_iterative,2,30,28.499012055971097
KIT,set1_dQn_m,GPR,log,protocol_holdout,diversity_iterative,2,36,28.418531082205828
KIT,set1_dQn_m,GPR,log,protocol_holdout,diversity_iterative,2,42,29.53444837665326
KIT,set1_dQn_m,GPR,log,protocol_holdout,diversity_iterative,2,48,26.93466418031052
KIT,set1_dQn_m,GPR,log,protocol_holdout,diversity_iterative,2,54,35.48083232681063
KIT,set1_dQn_m,GPR,log,protocol_holdout,diversity_iterative,2,60,35.98384417967165
KIT,set1_dQn_m,GPR,log,protocol_holdout,diversity_iterative,2,66,31.34136393044405
KIT,set1_dQn_m,GPR,log,protocol_holdout,diversity_iterative,3,6,88.65688473038072
KIT,set1_dQn_m,GPR,log,protocol_holdout,diversity_iterative,3,12,68.84787706562034
KIT,set1_dQn_m,GPR,log,protocol_holdout,diversity_iterative,3,18,34.5819531717632
KIT,set1_dQn_m,GPR,log,protocol_holdout,diversity_iterative,3,24,37.52504235409047
KIT,set1_dQn_m,GPR,log,protocol_holdout,diversity_iterative,3,30,34.61186210356432
KIT,set1_dQn_m,GPR,log,protocol_holdout,diversity_iterative,3,36,29.58885417238875
KIT,set1_dQn_m,GPR,log,protocol_holdout,diversity_iterative,3,42,32.953510721641486
KIT,set1_dQn_m,GPR,log,protocol_holdout,diversity_iterative,3,48,30.591740720637343
KIT,set1_dQn_m,GPR,log,protocol_holdout,diversity_iterative,3,54,32.42872268542264
KIT,set1_dQn_m,GPR,log,protocol_holdout,diversity_iterative,3,60,13.17328108896466
KIT,set1_dQn_m,GPR,log,protocol_holdout,diversity_iterative,3,66,18.36418812246294
KIT,set1_dQn_m,GPR,log,protocol_holdout,diversity_iterative,4,6,88.73386971662416
KIT,set1_dQn_m,GPR,log,protocol_holdout,diversity_iterative,4,12,44.19540234631019
KIT,set1_dQn_m,GPR,log,protocol_holdout,diversity_iterative,4,18,37.86941342548943
KIT,set1_dQn_m,GPR,log,protocol_holdout,diversity_iterative,4,24,37.68597051644349
KIT,set1_dQn_m,GPR,log,protocol_holdout,diversity_iterative,4,30,43.10685965324108
KIT,set1_dQn_m,GPR,log,protocol_holdout,diversity_iterative,4,36,33.41189130652598
KIT,set1_dQn_m,GPR,log,protocol_holdout,diversity_iterative,4,42,26.120169402244297
KIT,set1_dQn_m,GPR,log,protocol_holdout,diversity_iterative,4,48,28.20870060483469
KIT,set1_dQn_m,GPR,log,protocol_holdout,diversity_iterative,4,54,26.89379086665265
KIT,set1_dQn_m,GPR,log,protocol_holdout,diversity_iterative,4,60,26.8017736743545
KIT,set1_dQn_m,GPR,log,protocol_holdout,diversity_iterative,4,66,14.942874755816224
KIT,set1_dQn_m,GPR,log,protocol_holdout,diversity_iterative,5,6,33.94061392653298
KIT,set1_dQn_m,GPR,log,protocol_holdout,diversity_iterative,5,12,13.115281277162104
KIT,set1_dQn_m,GPR,log,protocol_holdout,diversity_iterative,5,18,30.35334315543185
KIT,set1_dQn_m,GPR,log,protocol_holdout,diversity_iterative,5,24,30.80158879882397
KIT,set1_dQn_m,GPR,log,protocol_holdout,diversity_iterative,5,30,25.57202973722385
KIT,set1_dQn_m,GPR,log,protocol_holdout,diversity_iterative,5,36,26.162757482212417
KIT,set1_dQn_m,GPR,log,protocol_holdout,diversity_iterative,5,42,22.68654458608858
KIT,set1_dQn_m,GPR,log,protocol_holdout,diversity_iterative,5,48,28.1742797438886
KIT,set1_dQn_m,GPR,log,protocol_holdout,diversity_iterative,5,54,41.18236835988491
KIT,set1_dQn_m,GPR,log,protocol_holdout,diversity_iterative,5,60,37.21288249179045
KIT,set1_dQn_m,GPR,log,protocol_holdout,diversity_iterative,5,66,36.38336354269354
KIT,set1_dQn_m,GPR,log,protocol_holdout,diversity_iterative,6,6,25.84182622606329
KIT,set1_dQn_m,GPR,log,protocol_holdout,diversity_iterative,6,12,18.621220587765475
KIT,set1_dQn_m,GPR,log,protocol_holdout,diversity_iterative,6,18,23.757977042313986
KIT,set1_dQn_m,GPR,log,protocol_holdout,diversity_iterative,6,24,23.237287678429148
KIT,set1_dQn_m,GPR,log,protocol_holdout,diversity_iterative,6,30,21.208036246885527
KIT,set1_dQn_m,GPR,log,protocol_holdout,diversity_iterative,6,36,29.40819614846685
KIT,set1_dQn_m,GPR,log,protocol_holdout,diversity_iterative,6,42,34.408718223638864
KIT,set1_dQn_m,GPR,log,protocol_holdout,diversity_iterative,6,48,33.899784679185665
KIT,set1_dQn_m,GPR,log,protocol_holdout,diversity_iterative,6,54,26.75747547916762
KIT,set1_dQn_m,GPR,log,protocol_holdout,diversity_iterative,6,60,38.23188914906415
KIT,set1_dQn_m,GPR,log,protocol_holdout,diversity_iterative,6,66,40.62525732433545
KIT,set1_dQn_m,GPR,log,protocol_holdout,diversity_iterative,7,6,34.55256264972203
KIT,set1_dQn_m,GPR,log,protocol_holdout,diversity_iterative,7,12,31.863378334045027
KIT,set1_dQn_m,GPR,log,protocol_holdout,diversity_iterative,7,18,32.512421280805
KIT,set1_dQn_m,GPR,log,protocol_holdout,diversity_iterative,7,24,27.431589465932145
KIT,set1_dQn_m,GPR,log,protocol_holdout,diversity_iterative,7,30,32.67211335340702
KIT,set1_dQn_m,GPR,log,protocol_holdout,diversity_iterative,7,36,27.863309188679903
KIT,set1_dQn_m,GPR,log,protocol_holdout,diversity_iterative,7,42,27.882031420245024
KIT,set1_dQn_m,GPR,log,protocol_holdout,diversity_iterative,7,48,32.05022413790611
KIT,set1_dQn_m,GPR,log,protocol_holdout,diversity_iterative,7,54,34.714265350158264
KIT,set1_dQn_m,GPR,log,protocol_holdout,diversity_iterative,7,60,30.994086123317604
KIT,set1_dQn_m,GPR,log,protocol_holdout,diversity_iterative,7,66,30.114246488592773
KIT,set1_dQn_m,GPR,log,protocol_holdout,diversity_iterative,8,6,37.50331169314239
KIT,set1_dQn_m,GPR,log,protocol_holdout,diversity_iterative,8,12,49.80825414922883
KIT,set1_dQn_m,GPR,log,protocol_holdout,diversity_iterative,8,18,35.04695969501994
KIT,set1_dQn_m,GPR,log,protocol_holdout,diversity_iterative,8,24,36.63208323059485
KIT,set1_dQn_m,GPR,log,protocol_holdout,diversity_iterative,8,30,44.6873760171672
KIT,set1_dQn_m,GPR,log,protocol_holdout,diversity_iterative,8,36,53.77330469405668
KIT,set1_dQn_m,GPR,log,protocol_holdout,diversity_iterative,8,42,50.16724802493122
KIT,set1_dQn_m,GPR,log,protocol_holdout,diversity_iterative,8,48,55.56212133336804
KIT,set1_dQn_m,GPR,log,protocol_holdout,diversity_iterative,8,54,46.56970247056851
KIT,set1_dQn_m,GPR,log,protocol_holdout,diversity_iterative,8,60,43.712291501849535
KIT,set1_dQn_m,GPR,log,protocol_holdout,diversity_iterative,8,66,45.7203192863793
KIT,set1_dQn_m,GPR,log,protocol_holdout,diversity_iterative,9,6,88.85534200074012
KIT,set1_dQn_m,GPR,log,protocol_holdout,diversity_iterative,9,12,62.53894914841421
KIT,set1_dQn_m,GPR,log,protocol_holdout,diversity_iterative,9,18,35.95784694166632
KIT,set1_dQn_m,GPR,log,protocol_holdout,diversity_iterative,9,24,54.22574412876343
KIT,set1_dQn_m,GPR,log,protocol_holdout,diversity_iterative,9,30,50.912892465731495
KIT,set1_dQn_m,GPR,log,protocol_holdout,diversity_iterative,9,36,31.9536657219708
KIT,set1_dQn_m,GPR,log,protocol_holdout,diversity_iterative,9,42,26.81225973205616
KIT,set1_dQn_m,GPR,log,protocol_holdout,diversity_iterative,9,48,26.85788667765389
KIT,set1_dQn_m,GPR,log,protocol_holdout,diversity_iterative,9,54,17.341592899649
KIT,set1_dQn_m,GPR,log,protocol_holdout,diversity_iterative,9,60,20.305330761565987
KIT,set1_dQn_m,GPR,log,protocol_holdout,diversity_iterative,9,66,18.05111898981772
KIT,set1_dQn_m,GPR,log,protocol_holdout,diversity_iterative,10,6,30.753877996622226
KIT,set1_dQn_m,GPR,log,protocol_holdout,diversity_iterative,10,12,14.651845803142807
KIT,set1_dQn_m,GPR,log,protocol_holdout,diversity_iterative,10,18,19.63379794686073
KIT,set1_dQn_m,GPR,log,protocol_holdout,diversity_iterative,10,24,50.00026884968379
KIT,set1_dQn_m,GPR,log,protocol_holdout,diversity_iterative,10,30,93.19796776139472
KIT,set1_dQn_m,GPR,log,protocol_holdout,diversity_iterative,10,36,16.079346780510228
KIT,set1_dQn_m,GPR,log,protocol_holdout,diversity_iterative,10,42,16.20287044091678
KIT,set1_dQn_m,GPR,log,protocol_holdout,diversity_iterative,10,48,15.086166445999895
KIT,set1_dQn_m,GPR,log,protocol_holdout,diversity_iterative,10,54,17.366566166454806
KIT,set1_dQn_m,GPR,log,protocol_holdout,diversity_iterative,10,60,13.923424551340208
KIT,set1_dQn_m,GPR,log,protocol_holdout,diversity_iterative,10,66,10.453120066428076
KIT,set1_dQn_m,GPR,log,protocol_holdout,coverage,1,6,36.59722804030108
KIT,set1_dQn_m,GPR,log,protocol_holdout,coverage,1,12,35.33514542357008
KIT,set1_dQn_m,GPR,log,protocol_holdout,coverage,1,18,46.92246986875602
KIT,set1_dQn_m,GPR,log,protocol_holdout,coverage,1,24,48.27611978250722
KIT,set1_dQn_m,GPR,log,protocol_holdout,coverage,1,30,35.28765237520121
KIT,set1_dQn_m,GPR,log,protocol_holdout,coverage,1,36,35.38076720947997
KIT,set1_dQn_m,GPR,log,protocol_holdout,coverage,1,42,29.34674881589025
KIT,set1_dQn_m,GPR,log,protocol_holdout,coverage,1,48,29.30817178033686
KIT,set1_dQn_m,GPR,log,protocol_holdout,coverage,1,54,30.082789232695983
KIT,set1_dQn_m,GPR,log,protocol_holdout,coverage,1,60,30.198780982857915
KIT,set1_dQn_m,GPR,log,protocol_holdout,coverage,1,66,29.88712567087649
KIT,set1_dQn_m,GPR,log,protocol_holdout,coverage,2,6,39.68725132981077
KIT,set1_dQn_m,GPR,log,protocol_holdout,coverage,2,12,40.1277584133947
KIT,set1_dQn_m,GPR,log,protocol_holdout,coverage,2,18,36.06234043106669
KIT,set1_dQn_m,GPR,log,protocol_holdout,coverage,2,24,38.106465164940495
KIT,set1_dQn_m,GPR,log,protocol_holdout,coverage,2,30,33.977309433835224
KIT,set1_dQn_m,GPR,log,protocol_holdout,coverage,2,36,24.597568361397634
KIT,set1_dQn_m,GPR,log,protocol_holdout,coverage,2,42,30.25101437409058
KIT,set1_dQn_m,GPR,log,protocol_holdout,coverage,2,48,36.05625842690013
KIT,set1_dQn_m,GPR,log,protocol_holdout,coverage,2,54,36.61502002945976
KIT,set1_dQn_m,GPR,log,protocol_holdout,coverage,2,60,31.301767677612784
KIT,set1_dQn_m,GPR,log,protocol_holdout,coverage,2,66,31.34136393044405
KIT,set1_dQn_m,GPR,log,protocol_holdout,coverage,3,6,35.331725903154144
KIT,set1_dQn_m,GPR,log,protocol_holdout,coverage,3,12,44.15754472513522
KIT,set1_dQn_m,GPR,log,protocol_holdout,coverage,3,18,50.73310735404532
KIT,set1_dQn_m,GPR,log,protocol_holdout,coverage,3,24,49.621131694278645
KIT,set1_dQn_m,GPR,log,protocol_holdout,coverage,3,30,29.17163494194832
KIT,set1_dQn_m,GPR,log,protocol_holdout,coverage,3,36,37.076524336989216
KIT,set1_dQn_m,GPR,log,protocol_holdout,coverage,3,42,14.163955588068466
KIT,set1_dQn_m,GPR,log,protocol_holdout,coverage,3,48,16.080122176406636
KIT,set1_dQn_m,GPR,log,protocol_holdout,coverage,3,54,15.075049954316158
KIT,set1_dQn_m,GPR,log,protocol_holdout,coverage,3,60,14.125035530111
KIT,set1_dQn_m,GPR,log,protocol_holdout,coverage,3,66,18.36418812246294
KIT,set1_dQn_m,GPR,log,protocol_holdout,coverage,4,6,33.02965353720798
KIT,set1_dQn_m,GPR,log,protocol_holdout,coverage,4,12,49.22451361988707
KIT,set1_dQn_m,GPR,log,protocol_holdout,coverage,4,18,24.81483988002925
KIT,set1_dQn_m,GPR,log,protocol_holdout,coverage,4,24,50.164563425787165
KIT,set1_dQn_m,GPR,log,protocol_holdout,coverage,4,30,50.68003976383425
KIT,set1_dQn_m,GPR,log,protocol_holdout,coverage,4,36,61.42049826263144
KIT,set1_dQn_m,GPR,log,protocol_holdout,coverage,4,42,45.65889832654608
KIT,set1_dQn_m,GPR,log,protocol_holdout,coverage,4,48,55.42922335003695
KIT,set1_dQn_m,GPR,log,protocol_holdout,coverage,4,54,50.70442623254986
KIT,set1_dQn_m,GPR,log,protocol_holdout,coverage,4,60,17.930044357915513
KIT,set1_dQn_m,GPR,log,protocol_holdout,coverage,4,66,14.942874755816224
KIT,set1_dQn_m,GPR,log,protocol_holdout,coverage,5,6,34.589564030380174
KIT,set1_dQn_m,GPR,log,protocol_holdout,coverage,5,12,32.3335336368008
KIT,set1_dQn_m,GPR,log,protocol_holdout,coverage,5,18,30.265624423374334
KIT,set1_dQn_m,GPR,log,protocol_holdout,coverage,5,24,23.59001257860229
KIT,set1_dQn_m,GPR,log,protocol_holdout,coverage,5,30,28.65178962650977
KIT,set1_dQn_m,GPR,log,protocol_holdout,coverage,5,36,35.696022189578855
KIT,set1_dQn_m,GPR,log,protocol_holdout,coverage,5,42,37.77619770938808
KIT,set1_dQn_m,GPR,log,protocol_holdout,coverage,5,48,36.90309016778329
KIT,set1_dQn_m,GPR,log,protocol_holdout,coverage,5,54,35.919240080829105
KIT,set1_dQn_m,GPR,log,protocol_holdout,coverage,5,60,43.156507916901695
KIT,set1_dQn_m,GPR,log,protocol_holdout,coverage,5,66,36.38336354269354
KIT,set1_dQn_m,GPR,log,protocol_holdout,coverage,6,6,36.471375771306896
KIT,set1_dQn_m,GPR,log,protocol_holdout,coverage,6,12,32.19241960206406
KIT,set1_dQn_m,GPR,log,protocol_holdout,coverage,6,18,43.58944216182039
KIT,set1_dQn_m,GPR,log,protocol_holdout,coverage,6,24,32.08715345133723
KIT,set1_dQn_m,GPR,log,protocol_holdout,coverage,6,30,35.46582566919579
KIT,set1_dQn_m,GPR,log,protocol_holdout,coverage,6,36,24.42302122022634
KIT,set1_dQn_m,GPR,log,protocol_holdout,coverage,6,42,27.714374184041628
KIT,set1_dQn_m,GPR,log,protocol_holdout,coverage,6,48,42.69413721868835
KIT,set1_dQn_m,GPR,log,protocol_holdout,coverage,6,54,40.72561365440922
KIT,set1_dQn_m,GPR,log,protocol_holdout,coverage,6,60,37.60443152139296
KIT,set1_dQn_m,GPR,log,protocol_holdout,coverage,6,66,40.62525732433545
KIT,set1_dQn_m,GPR,log,protocol_holdout,coverage,7,6,35.38385522431546
KIT,set1_dQn_m,GPR,log,protocol_holdout,coverage,7,12,33.47175761228433
KIT,set1_dQn_m,GPR,log,protocol_holdout,coverage,7,18,37.81060376492525
KIT,set1_dQn_m,GPR,log,protocol_holdout,coverage,7,24,32.7744494780326
KIT,set1_dQn_m,GPR,log,protocol_holdout,coverage,7,30,33.73579169180274
KIT,set1_dQn_m,GPR,log,protocol_holdout,coverage,7,36,35.5644464958325
KIT,set1_dQn_m,GPR,log,protocol_holdout,coverage,7,42,28.386432303451155
KIT,set1_dQn_m,GPR,log,protocol_holdout,coverage,7,48,26.493405517083367
KIT,set1_dQn_m,GPR,log,protocol_holdout,coverage,7,54,29.250055140459835
KIT,set1_dQn_m,GPR,log,protocol_holdout,coverage,7,60,28.482550811175432
KIT,set1_dQn_m,GPR,log,protocol_holdout,coverage,7,66,30.114246488592773
KIT,set1_dQn_m,GPR,log,protocol_holdout,coverage,8,6,35.8429633232312
KIT,set1_dQn_m,GPR,log,protocol_holdout,coverage,8,12,36.85087847643491
KIT,set1_dQn_m,GPR,log,protocol_holdout,coverage,8,18,30.965966723606147
KIT,set1_dQn_m,GPR,log,protocol_holdout,coverage,8,24,31.8439632708344
KIT,set1_dQn_m,GPR,log,protocol_holdout,coverage,8,30,30.372191241920483
KIT,set1_dQn_m,GPR,log,protocol_holdout,coverage,8,36,43.992682292859485
KIT,set1_dQn_m,GPR,log,protocol_holdout,coverage,8,42,40.31155448839975
KIT,set1_dQn_m,GPR,log,protocol_holdout,coverage,8,48,40.45062534295715
KIT,set1_dQn_m,GPR,log,protocol_holdout,coverage,8,54,48.31970388899784
KIT,set1_dQn_m,GPR,log,protocol_holdout,coverage,8,60,47.310442649316286
KIT,set1_dQn_m,GPR,log,protocol_holdout,coverage,8,66,45.7203192863793
KIT,set1_dQn_m,GPR,log,protocol_holdout,coverage,9,6,26.31842616488992
KIT,set1_dQn_m,GPR,log,protocol_holdout,coverage,9,12,36.57394188220708
KIT,set1_dQn_m,GPR,log,protocol_holdout,coverage,9,18,43.91174297902192
KIT,set1_dQn_m,GPR,log,protocol_holdout,coverage,9,24,64.30814898109448
KIT,set1_dQn_m,GPR,log,protocol_holdout,coverage,9,30,50.723149981371485
KIT,set1_dQn_m,GPR,log,protocol_holdout,coverage,9,36,47.63593870273155
KIT,set1_dQn_m,GPR,log,protocol_holdout,coverage,9,42,52.19471371113348
KIT,set1_dQn_m,GPR,log,protocol_holdout,coverage,9,48,48.10638284352381
KIT,set1_dQn_m,GPR,log,protocol_holdout,coverage,9,54,26.560943696040944
KIT,set1_dQn_m,GPR,log,protocol_holdout,coverage,9,60,19.688479791104964
KIT,set1_dQn_m,GPR,log,protocol_holdout,coverage,9,66,18.05111898981772
KIT,set1_dQn_m,GPR,log,protocol_holdout,coverage,10,6,32.704634669197034
KIT,set1_dQn_m,GPR,log,protocol_holdout,coverage,10,12,23.06631490665455
KIT,set1_dQn_m,GPR,log,protocol_holdout,coverage,10,18,23.636496447675327
KIT,set1_dQn_m,GPR,log,protocol_holdout,coverage,10,24,39.13248319397532
KIT,set1_dQn_m,GPR,log,protocol_holdout,coverage,10,30,15.874610029044849
KIT,set1_dQn_m,GPR,log,protocol_holdout,coverage,10,36,21.25014872668645
KIT,set1_dQn_m,GPR,log,protocol_holdout,coverage,10,42,10.169248809300427
KIT,set1_dQn_m,GPR,log,protocol_holdout,coverage,10,48,13.758790034942118
KIT,set1_dQn_m,GPR,log,protocol_holdout,coverage,10,54,10.526846915817917
KIT,set1_dQn_m,GPR,log,protocol_holdout,coverage,10,60,11.506912516447256
KIT,set1_dQn_m,GPR,log,protocol_holdout,coverage,10,66,10.453120066428076
KIT,set1_dQn_m,GPR,log,protocol_holdout,exploration,1,6,36.59722804030108
KIT,set1_dQn_m,GPR,log,protocol_holdout,exploration,1,12,37.417639901403874
KIT,set1_dQn_m,GPR,log,protocol_holdout,exploration,1,18,37.749371950904816
KIT,set1_dQn_m,GPR,log,protocol_holdout,exploration,1,24,44.18765874158888
KIT,set1_dQn_m,GPR,log,protocol_holdout,exploration,1,30,35.9461618905468
KIT,set1_dQn_m,GPR,log,protocol_holdout,exploration,1,36,28.89031063103667
KIT,set1_dQn_m,GPR,log,protocol_holdout,exploration,1,42,30.701694539742
KIT,set1_dQn_m,GPR,log,protocol_holdout,exploration,1,48,29.98240997920512
KIT,set1_dQn_m,GPR,log,protocol_holdout,exploration,1,54,29.41258990618109
KIT,set1_dQn_m,GPR,log,protocol_holdout,exploration,1,60,29.45935891642137
KIT,set1_dQn_m,GPR,log,protocol_holdout,exploration,1,66,29.88712567087649
KIT,set1_dQn_m,GPR,log,protocol_holdout,exploration,2,6,39.68725132981077
KIT,set1_dQn_m,GPR,log,protocol_holdout,exploration,2,12,42.97721488843735
KIT,set1_dQn_m,GPR,log,protocol_holdout,exploration,2,18,41.602406421465865
KIT,set1_dQn_m,GPR,log,protocol_holdout,exploration,2,24,28.40114343383818
KIT,set1_dQn_m,GPR,log,protocol_holdout,exploration,2,30,27.76535461254946
KIT,set1_dQn_m,GPR,log,protocol_holdout,exploration,2,36,35.57554369713044
KIT,set1_dQn_m,GPR,log,protocol_holdout,exploration,2,42,27.8218914672998
KIT,set1_dQn_m,GPR,log,protocol_holdout,exploration,2,48,22.89496139358626
KIT,set1_dQn_m,GPR,log,protocol_holdout,exploration,2,54,28.48316131910181
KIT,set1_dQn_m,GPR,log,protocol_holdout,exploration,2,60,32.435914299463946
KIT,set1_dQn_m,GPR,log,protocol_holdout,exploration,2,66,31.34136393044405
KIT,set1_dQn_m,GPR,log,protocol_holdout,exploration,3,6,35.331725903154144
KIT,set1_dQn_m,GPR,log,protocol_holdout,exploration,3,12,44.15754472513522
KIT,set1_dQn_m,GPR,log,protocol_holdout,exploration,3,18,50.73310735404532
KIT,set1_dQn_m,GPR,log,protocol_holdout,exploration,3,24,46.993097847221385
KIT,set1_dQn_m,GPR,log,protocol_holdout,exploration,3,30,31.15097076001668
KIT,set1_dQn_m,GPR,log,protocol_holdout,exploration,3,36,40.94070233392271
KIT,set1_dQn_m,GPR,log,protocol_holdout,exploration,3,42,39.34055543223313
KIT,set1_dQn_m,GPR,log,protocol_holdout,exploration,3,48,35.11933055810182
KIT,set1_dQn_m,GPR,log,protocol_holdout,exploration,3,54,49.27996459264189
KIT,set1_dQn_m,GPR,log,protocol_holdout,exploration,3,60,13.36771927655443
KIT,set1_dQn_m,GPR,log,protocol_holdout,exploration,3,66,18.36418812246294
KIT,set1_dQn_m,GPR,log,protocol_holdout,exploration,4,6,33.02965353720798
KIT,set1_dQn_m,GPR,log,protocol_holdout,exploration,4,12,24.792191852496824
KIT,set1_dQn_m,GPR,log,protocol_holdout,exploration,4,18,24.211384860471064
KIT,set1_dQn_m,GPR,log,protocol_holdout,exploration,4,24,22.68244587439369
KIT,set1_dQn_m,GPR,log,protocol_holdout,exploration,4,30,20.70757873521002
KIT,set1_dQn_m,GPR,log,protocol_holdout,exploration,4,36,23.4198217663711
KIT,set1_dQn_m,GPR,log,protocol_holdout,exploration,4,42,12.24716311455449
KIT,set1_dQn_m,GPR,log,protocol_holdout,exploration,4,48,12.040163373857348
KIT,set1_dQn_m,GPR,log,protocol_holdout,exploration,4,54,18.29144763347452
KIT,set1_dQn_m,GPR,log,protocol_holdout,exploration,4,60,17.245767623700413
KIT,set1_dQn_m,GPR,log,protocol_holdout,exploration,4,66,14.942874755816224
KIT,set1_dQn_m,GPR,log,protocol_holdout,exploration,5,6,34.589564030380174
KIT,set1_dQn_m,GPR,log,protocol_holdout,exploration,5,12,32.443459405853964
KIT,set1_dQn_m,GPR,log,protocol_holdout,exploration,5,18,32.93266897601821
KIT,set1_dQn_m,GPR,log,protocol_holdout,exploration,5,24,30.914293202836785
KIT,set1_dQn_m,GPR,log,protocol_holdout,exploration,5,30,25.04390720882197
KIT,set1_dQn_m,GPR,log,protocol_holdout,exploration,5,36,44.88798559429529
KIT,set1_dQn_m,GPR,log,protocol_holdout,exploration,5,42,31.725025193908973
KIT,set1_dQn_m,GPR,log,protocol_holdout,exploration,5,48,47.191569134583375
KIT,set1_dQn_m,GPR,log,protocol_holdout,exploration,5,54,43.80257474984195
KIT,set1_dQn_m,GPR,log,protocol_holdout,exploration,5,60,43.6669830800873
KIT,set1_dQn_m,GPR,log,protocol_holdout,exploration,5,66,36.38336354269354
KIT,set1_dQn_m,GPR,log,protocol_holdout,exploration,6,6,36.471375771306896
KIT,set1_dQn_m,GPR,log,protocol_holdout,exploration,6,12,32.19241960206406
KIT,set1_dQn_m,GPR,log,protocol_holdout,exploration,6,18,31.6937392178061
KIT,set1_dQn_m,GPR,log,protocol_holdout,exploration,6,24,25.638196704695577
KIT,set1_dQn_m,GPR,log,protocol_holdout,exploration,6,30,29.02814275372855
KIT,set1_dQn_m,GPR,log,protocol_holdout,exploration,6,36,21.00670932497785
KIT,set1_dQn_m,GPR,log,protocol_holdout,exploration,6,42,23.63769172524336
KIT,set1_dQn_m,GPR,log,protocol_holdout,exploration,6,48,30.94016681476296
KIT,set1_dQn_m,GPR,log,protocol_holdout,exploration,6,54,36.25424095236284
KIT,set1_dQn_m,GPR,log,protocol_holdout,exploration,6,60,22.76509051432248
KIT,set1_dQn_m,GPR,log,protocol_holdout,exploration,6,66,40.62525732433545
KIT,set1_dQn_m,GPR,log,protocol_holdout,exploration,7,6,35.38385522431546
KIT,set1_dQn_m,GPR,log,protocol_holdout,exploration,7,12,33.47175761228433
KIT,set1_dQn_m,GPR,log,protocol_holdout,exploration,7,18,40.04013579494784
KIT,set1_dQn_m,GPR,log,protocol_holdout,exploration,7,24,33.00323760154248
KIT,set1_dQn_m,GPR,log,protocol_holdout,exploration,7,30,32.2398908679563
KIT,set1_dQn_m,GPR,log,protocol_holdout,exploration,7,36,28.77282294164806
KIT,set1_dQn_m,GPR,log,protocol_holdout,exploration,7,42,27.36746896655879
KIT,set1_dQn_m,GPR,log,protocol_holdout,exploration,7,48,28.912556856806432
KIT,set1_dQn_m,GPR,log,protocol_holdout,exploration,7,54,34.593620528641125
KIT,set1_dQn_m,GPR,log,protocol_holdout,exploration,7,60,28.79986725501352
KIT,set1_dQn_m,GPR,log,protocol_holdout,exploration,7,66,30.114246488592773
KIT,set1_dQn_m,GPR,log,protocol_holdout,exploration,8,6,35.8429633232312
KIT,set1_dQn_m,GPR,log,protocol_holdout,exploration,8,12,36.85087847643491
KIT,set1_dQn_m,GPR,log,protocol_holdout,exploration,8,18,30.965966723606147
KIT,set1_dQn_m,GPR,log,protocol_holdout,exploration,8,24,29.38412248492885
KIT,set1_dQn_m,GPR,log,protocol_holdout,exploration,8,30,23.114081922032472
KIT,set1_dQn_m,GPR,log,protocol_holdout,exploration,8,36,23.170739140654
KIT,set1_dQn_m,GPR,log,protocol_holdout,exploration,8,42,25.95471246187024
KIT,set1_dQn_m,GPR,log,protocol_holdout,exploration,8,48,40.27335528234744
KIT,set1_dQn_m,GPR,log,protocol_holdout,exploration,8,54,45.20830824476062
KIT,set1_dQn_m,GPR,log,protocol_holdout,exploration,8,60,41.60190401369974
KIT,set1_dQn_m,GPR,log,protocol_holdout,exploration,8,66,45.7203192863793
KIT,set1_dQn_m,GPR,log,protocol_holdout,exploration,9,6,26.31842616488992
KIT,set1_dQn_m,GPR,log,protocol_holdout,exploration,9,12,26.389124338424995
KIT,set1_dQn_m,GPR,log,protocol_holdout,exploration,9,18,42.962763638067976
KIT,set1_dQn_m,GPR,log,protocol_holdout,exploration,9,24,41.687630082631465
KIT,set1_dQn_m,GPR,log,protocol_holdout,exploration,9,30,44.15739273267562
KIT,set1_dQn_m,GPR,log,protocol_holdout,exploration,9,36,37.69943341808414
KIT,set1_dQn_m,GPR,log,protocol_holdout,exploration,9,42,32.79435099963788
KIT,set1_dQn_m,GPR,log,protocol_holdout,exploration,9,48,30.816207960930186
KIT,set1_dQn_m,GPR,log,protocol_holdout,exploration,9,54,25.5632871875376
KIT,set1_dQn_m,GPR,log,protocol_holdout,exploration,9,60,25.13906549440168
KIT,set1_dQn_m,GPR,log,protocol_holdout,exploration,9,66,18.05111898981772
KIT,set1_dQn_m,GPR,log,protocol_holdout,exploration,10,6,32.704634669197034
KIT,set1_dQn_m,GPR,log,protocol_holdout,exploration,10,12,23.06631490665455
KIT,set1_dQn_m,GPR,log,protocol_holdout,exploration,10,18,23.636496447675327
KIT,set1_dQn_m,GPR,log,protocol_holdout,exploration,10,24,18.337080944145352
KIT,set1_dQn_m,GPR,log,protocol_holdout,exploration,10,30,29.56438211627155
KIT,set1_dQn_m,GPR,log,protocol_holdout,exploration,10,36,21.655941933408503
KIT,set1_dQn_m,GPR,log,protocol_holdout,exploration,10,42,17.008245310895827
KIT,set1_dQn_m,GPR,log,protocol_holdout,exploration,10,48,46.255383862874986
KIT,set1_dQn_m,GPR,log,protocol_holdout,exploration,10,54,17.672417653003723
KIT,set1_dQn_m,GPR,log,protocol_holdout,exploration,10,60,10.411070412631693
KIT,set1_dQn_m,GPR,log,protocol_holdout,exploration,10,66,10.453120066428076
KIT,set1_dQn_m,GPR,log,protocol_holdout,exploitation,1,6,36.59722804030108
KIT,set1_dQn_m,GPR,log,protocol_holdout,exploitation,1,12,37.171029799337454
KIT,set1_dQn_m,GPR,log,protocol_holdout,exploitation,1,18,43.30252181660282
KIT,set1_dQn_m,GPR,log,protocol_holdout,exploitation,1,24,35.07611102598585
KIT,set1_dQn_m,GPR,log,protocol_holdout,exploitation,1,30,36.7568515818967
KIT,set1_dQn_m,GPR,log,protocol_holdout,exploitation,1,36,29.149431950092325
KIT,set1_dQn_m,GPR,log,protocol_holdout,exploitation,1,42,28.79393653835604
KIT,set1_dQn_m,GPR,log,protocol_holdout,exploitation,1,48,33.38099370516104
KIT,set1_dQn_m,GPR,log,protocol_holdout,exploitation,1,54,31.54909628933687
KIT,set1_dQn_m,GPR,log,protocol_holdout,exploitation,1,60,29.984395741051216
KIT,set1_dQn_m,GPR,log,protocol_holdout,exploitation,1,66,29.88712567087649
KIT,set1_dQn_m,GPR,log,protocol_holdout,exploitation,2,6,39.68725132981077
KIT,set1_dQn_m,GPR,log,protocol_holdout,exploitation,2,12,42.97721488843735
KIT,set1_dQn_m,GPR,log,protocol_holdout,exploitation,2,18,37.18816149923399
KIT,set1_dQn_m,GPR,log,protocol_holdout,exploitation,2,24,37.255531116404725
KIT,set1_dQn_m,GPR,log,protocol_holdout,exploitation,2,30,35.70636965899411
KIT,set1_dQn_m,GPR,log,protocol_holdout,exploitation,2,36,36.30267891773386
KIT,set1_dQn_m,GPR,log,protocol_holdout,exploitation,2,42,34.01363165821099
KIT,set1_dQn_m,GPR,log,protocol_holdout,exploitation,2,48,33.77196731536343
KIT,set1_dQn_m,GPR,log,protocol_holdout,exploitation,2,54,27.51371998139365
KIT,set1_dQn_m,GPR,log,protocol_holdout,exploitation,2,60,31.389862724913414
KIT,set1_dQn_m,GPR,log,protocol_holdout,exploitation,2,66,31.34136393044405
KIT,set1_dQn_m,GPR,log,protocol_holdout,exploitation,3,6,35.331725903154144
KIT,set1_dQn_m,GPR,log,protocol_holdout,exploitation,3,12,47.43463393478782
KIT,set1_dQn_m,GPR,log,protocol_holdout,exploitation,3,18,22.97453738387225
KIT,set1_dQn_m,GPR,log,protocol_holdout,exploitation,3,24,18.86255139946416
KIT,set1_dQn_m,GPR,log,protocol_holdout,exploitation,3,30,23.015870933447182
KIT,set1_dQn_m,GPR,log,protocol_holdout,exploitation,3,36,14.960444558495892
KIT,set1_dQn_m,GPR,log,protocol_holdout,exploitation,3,42,18.158496253357345
KIT,set1_dQn_m,GPR,log,protocol_holdout,exploitation,3,48,18.70290769292298
KIT,set1_dQn_m,GPR,log,protocol_holdout,exploitation,3,54,19.12886956482461
KIT,set1_dQn_m,GPR,log,protocol_holdout,exploitation,3,60,19.403819314271097
KIT,set1_dQn_m,GPR,log,protocol_holdout,exploitation,3,66,18.36418812246294
KIT,set1_dQn_m,GPR,log,protocol_holdout,exploitation,4,6,33.02965353720798
KIT,set1_dQn_m,GPR,log,protocol_holdout,exploitation,4,12,60.04145847370479
KIT,set1_dQn_m,GPR,log,protocol_holdout,exploitation,4,18,57.86283893915747
KIT,set1_dQn_m,GPR,log,protocol_holdout,exploitation,4,24,30.37712208872792
KIT,set1_dQn_m,GPR,log,protocol_holdout,exploitation,4,30,17.28734223272116
KIT,set1_dQn_m,GPR,log,protocol_holdout,exploitation,4,36,19.02089144930408
KIT,set1_dQn_m,GPR,log,protocol_holdout,exploitation,4,42,20.2335057739413
KIT,set1_dQn_m,GPR,log,protocol_holdout,exploitation,4,48,19.09139345747985
KIT,set1_dQn_m,GPR,log,protocol_holdout,exploitation,4,54,15.040539001686104
KIT,set1_dQn_m,GPR,log,protocol_holdout,exploitation,4,60,15.70453954853605
KIT,set1_dQn_m,GPR,log,protocol_holdout,exploitation,4,66,14.942874755816224
KIT,set1_dQn_m,GPR,log,protocol_holdout,exploitation,5,6,34.589564030380174
KIT,set1_dQn_m,GPR,log,protocol_holdout,exploitation,5,12,34.72943781095479
KIT,set1_dQn_m,GPR,log,protocol_holdout,exploitation,5,18,31.29276402580844
KIT,set1_dQn_m,GPR,log,protocol_holdout,exploitation,5,24,32.426703659726805
KIT,set1_dQn_m,GPR,log,protocol_holdout,exploitation,5,30,33.01174638233127
KIT,set1_dQn_m,GPR,log,protocol_holdout,exploitation,5,36,53.65623490376885
KIT,set1_dQn_m,GPR,log,protocol_holdout,exploitation,5,42,63.1170887912656
KIT,set1_dQn_m,GPR,log,protocol_holdout,exploitation,5,48,61.84967621309566
KIT,set1_dQn_m,GPR,log,protocol_holdout,exploitation,5,54,53.690874007466185
KIT,set1_dQn_m,GPR,log,protocol_holdout,exploitation,5,60,42.75672519251346
KIT,set1_dQn_m,GPR,log,protocol_holdout,exploitation,5,66,36.38336354269354
KIT,set1_dQn_m,GPR,log,protocol_holdout,exploitation,6,6,36.471375771306896
KIT,set1_dQn_m,GPR,log,protocol_holdout,exploitation,6,12,35.45891658602179
KIT,set1_dQn_m,GPR,log,protocol_holdout,exploitation,6,18,34.4946376997806
KIT,set1_dQn_m,GPR,log,protocol_holdout,exploitation,6,24,28.76825672613252
KIT,set1_dQn_m,GPR,log,protocol_holdout,exploitation,6,30,22.5946200455291
KIT,set1_dQn_m,GPR,log,protocol_holdout,exploitation,6,36,20.666969277870624
KIT,set1_dQn_m,GPR,log,protocol_holdout,exploitation,6,42,21.66708131642047
KIT,set1_dQn_m,GPR,log,protocol_holdout,exploitation,6,48,22.046008931010128
KIT,set1_dQn_m,GPR,log,protocol_holdout,exploitation,6,54,27.89230049217523
KIT,set1_dQn_m,GPR,log,protocol_holdout,exploitation,6,60,31.335425033482583
KIT,set1_dQn_m,GPR,log,protocol_holdout,exploitation,6,66,40.62525732433545
KIT,set1_dQn_m,GPR,log,protocol_holdout,exploitation,7,6,35.38385522431546
KIT,set1_dQn_m,GPR,log,protocol_holdout,exploitation,7,12,35.66601837526134
KIT,set1_dQn_m,GPR,log,protocol_holdout,exploitation,7,18,32.658635440608386
KIT,set1_dQn_m,GPR,log,protocol_holdout,exploitation,7,24,27.77755597410556
KIT,set1_dQn_m,GPR,log,protocol_holdout,exploitation,7,30,20.28814347041802
KIT,set1_dQn_m,GPR,log,protocol_holdout,exploitation,7,36,29.19154074901352
KIT,set1_dQn_m,GPR,log,protocol_holdout,exploitation,7,42,37.49863914301968
KIT,set1_dQn_m,GPR,log,protocol_holdout,exploitation,7,48,41.249624145242855
KIT,set1_dQn_m,GPR,log,protocol_holdout,exploitation,7,54,36.3707057845616
KIT,set1_dQn_m,GPR,log,protocol_holdout,exploitation,7,60,37.17818654033999
KIT,set1_dQn_m,GPR,log,protocol_holdout,exploitation,7,66,30.114246488592773
KIT,set1_dQn_m,GPR,log,protocol_holdout,exploitation,8,6,35.8429633232312
KIT,set1_dQn_m,GPR,log,protocol_holdout,exploitation,8,12,38.31486374156633
KIT,set1_dQn_m,GPR,log,protocol_holdout,exploitation,8,18,27.36585454413064
KIT,set1_dQn_m,GPR,log,protocol_holdout,exploitation,8,24,51.7235810595616
KIT,set1_dQn_m,GPR,log,protocol_holdout,exploitation,8,30,40.09528340476271
KIT,set1_dQn_m,GPR,log,protocol_holdout,exploitation,8,36,52.18263240261446
KIT,set1_dQn_m,GPR,log,protocol_holdout,exploitation,8,42,48.45291598523534
KIT,set1_dQn_m,GPR,log,protocol_holdout,exploitation,8,48,49.6296752338729
KIT,set1_dQn_m,GPR,log,protocol_holdout,exploitation,8,54,46.209213299058725
KIT,set1_dQn_m,GPR,log,protocol_holdout,exploitation,8,60,50.277805180756886
KIT,set1_dQn_m,GPR,log,protocol_holdout,exploitation,8,66,45.7203192863793
KIT,set1_dQn_m,GPR,log,protocol_holdout,exploitation,9,6,26.31842616488992
KIT,set1_dQn_m,GPR,log,protocol_holdout,exploitation,9,12,40.02061858151698
KIT,set1_dQn_m,GPR,log,protocol_holdout,exploitation,9,18,23.560604053732064
KIT,set1_dQn_m,GPR,log,protocol_holdout,exploitation,9,24,21.39680916153232
KIT,set1_dQn_m,GPR,log,protocol_holdout,exploitation,9,30,51.22516918067153
KIT,set1_dQn_m,GPR,log,protocol_holdout,exploitation,9,36,52.94845179181251
KIT,set1_dQn_m,GPR,log,protocol_holdout,exploitation,9,42,27.30972513103472
KIT,set1_dQn_m,GPR,log,protocol_holdout,exploitation,9,48,25.807827222640245
KIT,set1_dQn_m,GPR,log,protocol_holdout,exploitation,9,54,24.865597439318257
KIT,set1_dQn_m,GPR,log,protocol_holdout,exploitation,9,60,23.39348948548961
KIT,set1_dQn_m,GPR,log,protocol_holdout,exploitation,9,66,18.05111898981772
KIT,set1_dQn_m,GPR,log,protocol_holdout,exploitation,10,6,32.704634669197034
KIT,set1_dQn_m,GPR,log,protocol_holdout,exploitation,10,12,12.62856629910766
KIT,set1_dQn_m,GPR,log,protocol_holdout,exploitation,10,18,36.68963463523479
KIT,set1_dQn_m,GPR,log,protocol_holdout,exploitation,10,24,37.81450979892239
KIT,set1_dQn_m,GPR,log,protocol_holdout,exploitation,10,30,8.944356028675376
KIT,set1_dQn_m,GPR,log,protocol_holdout,exploitation,10,36,7.608736888780275
KIT,set1_dQn_m,GPR,log,protocol_holdout,exploitation,10,42,8.00089578860464
KIT,set1_dQn_m,GPR,log,protocol_holdout,exploitation,10,48,8.511176028211091
KIT,set1_dQn_m,GPR,log,protocol_holdout,exploitation,10,54,8.447498480341041
KIT,set1_dQn_m,GPR,log,protocol_holdout,exploitation,10,60,9.27265325820336
KIT,set1_dQn_m,GPR,log,protocol_holdout,exploitation,10,66,10.453120066428076
KIT,set1_dQn_m,GPR,log,protocol_holdout,hybrid,1,6,36.59722804030108
KIT,set1_dQn_m,GPR,log,protocol_holdout,hybrid,1,12,32.668158934752555
KIT,set1_dQn_m,GPR,log,protocol_holdout,hybrid,1,18,44.08814526121787
KIT,set1_dQn_m,GPR,log,protocol_holdout,hybrid,1,24,35.37711787165501
KIT,set1_dQn_m,GPR,log,protocol_holdout,hybrid,1,30,31.904788518768694
KIT,set1_dQn_m,GPR,log,protocol_holdout,hybrid,1,36,38.06834592756918
KIT,set1_dQn_m,GPR,log,protocol_holdout,hybrid,1,42,37.26142267857829
KIT,set1_dQn_m,GPR,log,protocol_holdout,hybrid,1,48,31.14531821935644
KIT,set1_dQn_m,GPR,log,protocol_holdout,hybrid,1,54,32.21081609911704
KIT,set1_dQn_m,GPR,log,protocol_holdout,hybrid,1,60,29.173001208569044
KIT,set1_dQn_m,GPR,log,protocol_holdout,hybrid,1,66,29.88712567087649
KIT,set1_dQn_m,GPR,log,protocol_holdout,hybrid,2,6,39.68725132981077
KIT,set1_dQn_m,GPR,log,protocol_holdout,hybrid,2,12,40.80604352421183
KIT,set1_dQn_m,GPR,log,protocol_holdout,hybrid,2,18,40.67045298346202
KIT,set1_dQn_m,GPR,log,protocol_holdout,hybrid,2,24,34.37552437952341
KIT,set1_dQn_m,GPR,log,protocol_holdout,hybrid,2,30,31.13851165998382
KIT,set1_dQn_m,GPR,log,protocol_holdout,hybrid,2,36,34.63005143512796
KIT,set1_dQn_m,GPR,log,protocol_holdout,hybrid,2,42,35.03854537434791
KIT,set1_dQn_m,GPR,log,protocol_holdout,hybrid,2,48,25.21918785395269
KIT,set1_dQn_m,GPR,log,protocol_holdout,hybrid,2,54,34.7871294339891
KIT,set1_dQn_m,GPR,log,protocol_holdout,hybrid,2,60,35.435980783251125
KIT,set1_dQn_m,GPR,log,protocol_holdout,hybrid,2,66,31.34136393044405
KIT,set1_dQn_m,GPR,log,protocol_holdout,hybrid,3,6,35.331725903154144
KIT,set1_dQn_m,GPR,log,protocol_holdout,hybrid,3,12,33.72415821552381
KIT,set1_dQn_m,GPR,log,protocol_holdout,hybrid,3,18,40.93970249812819
KIT,set1_dQn_m,GPR,log,protocol_holdout,hybrid,3,24,49.90875664006638
KIT,set1_dQn_m,GPR,log,protocol_holdout,hybrid,3,30,38.75608296652506
KIT,set1_dQn_m,GPR,log,protocol_holdout,hybrid,3,36,41.36136525247208
KIT,set1_dQn_m,GPR,log,protocol_holdout,hybrid,3,42,38.17400483816366
KIT,set1_dQn_m,GPR,log,protocol_holdout,hybrid,3,48,13.77420136727581
KIT,set1_dQn_m,GPR,log,protocol_holdout,hybrid,3,54,13.281198329269516
KIT,set1_dQn_m,GPR,log,protocol_holdout,hybrid,3,60,14.21293337390505
KIT,set1_dQn_m,GPR,log,protocol_holdout,hybrid,3,66,18.36418812246294
KIT,set1_dQn_m,GPR,log,protocol_holdout,hybrid,4,6,33.02965353720798
KIT,set1_dQn_m,GPR,log,protocol_holdout,hybrid,4,12,34.95057151596224
KIT,set1_dQn_m,GPR,log,protocol_holdout,hybrid,4,18,29.66260633823387
KIT,set1_dQn_m,GPR,log,protocol_holdout,hybrid,4,24,31.509178699984307
KIT,set1_dQn_m,GPR,log,protocol_holdout,hybrid,4,30,29.02356441467182
KIT,set1_dQn_m,GPR,log,protocol_holdout,hybrid,4,36,19.10214085856826
KIT,set1_dQn_m,GPR,log,protocol_holdout,hybrid,4,42,13.97882456280502
KIT,set1_dQn_m,GPR,log,protocol_holdout,hybrid,4,48,13.555832334641975
KIT,set1_dQn_m,GPR,log,protocol_holdout,hybrid,4,54,13.553978041289852
KIT,set1_dQn_m,GPR,log,protocol_holdout,hybrid,4,60,14.109837310406808
KIT,set1_dQn_m,GPR,log,protocol_holdout,hybrid,4,66,14.942874755816224
KIT,set1_dQn_m,GPR,log,protocol_holdout,hybrid,5,6,34.589564030380174
KIT,set1_dQn_m,GPR,log,protocol_holdout,hybrid,5,12,27.366914916353124
KIT,set1_dQn_m,GPR,log,protocol_holdout,hybrid,5,18,20.349753292521687
KIT,set1_dQn_m,GPR,log,protocol_holdout,hybrid,5,24,21.950579246057607
KIT,set1_dQn_m,GPR,log,protocol_holdout,hybrid,5,30,20.99736845032041
KIT,set1_dQn_m,GPR,log,protocol_holdout,hybrid,5,36,32.61149485770752
KIT,set1_dQn_m,GPR,log,protocol_holdout,hybrid,5,42,38.04285334942752
KIT,set1_dQn_m,GPR,log,protocol_holdout,hybrid,5,48,37.91380405346669
KIT,set1_dQn_m,GPR,log,protocol_holdout,hybrid,5,54,41.16557782915567
KIT,set1_dQn_m,GPR,log,protocol_holdout,hybrid,5,60,40.96197652600628
KIT,set1_dQn_m,GPR,log,protocol_holdout,hybrid,5,66,36.38336354269354
KIT,set1_dQn_m,GPR,log,protocol_holdout,hybrid,6,6,36.471375771306896
KIT,set1_dQn_m,GPR,log,protocol_holdout,hybrid,6,12,25.071273412981515
KIT,set1_dQn_m,GPR,log,protocol_holdout,hybrid,6,18,32.41262758990885
KIT,set1_dQn_m,GPR,log,protocol_holdout,hybrid,6,24,29.248802078957866
KIT,set1_dQn_m,GPR,log,protocol_holdout,hybrid,6,30,29.55060182452544
KIT,set1_dQn_m,GPR,log,protocol_holdout,hybrid,6,36,25.506850641706475
KIT,set1_dQn_m,GPR,log,protocol_holdout,hybrid,6,42,34.3545757633934
KIT,set1_dQn_m,GPR,log,protocol_holdout,hybrid,6,48,36.75226328376739
KIT,set1_dQn_m,GPR,log,protocol_holdout,hybrid,6,54,36.96168521765699
KIT,set1_dQn_m,GPR,log,protocol_holdout,hybrid,6,60,41.47666374640357
KIT,set1_dQn_m,GPR,log,protocol_holdout,hybrid,6,66,40.62525732433545
KIT,set1_dQn_m,GPR,log,protocol_holdout,hybrid,7,6,35.38385522431546
KIT,set1_dQn_m,GPR,log,protocol_holdout,hybrid,7,12,32.15897466580749
KIT,set1_dQn_m,GPR,log,protocol_holdout,hybrid,7,18,35.05311222338827
KIT,set1_dQn_m,GPR,log,protocol_holdout,hybrid,7,24,34.41991346987755
KIT,set1_dQn_m,GPR,log,protocol_holdout,hybrid,7,30,33.44203208903127
KIT,set1_dQn_m,GPR,log,protocol_holdout,hybrid,7,36,31.267089108260528
KIT,set1_dQn_m,GPR,log,protocol_holdout,hybrid,7,42,35.51334906223125
KIT,set1_dQn_m,GPR,log,protocol_holdout,hybrid,7,48,26.37571066880084
KIT,set1_dQn_m,GPR,log,protocol_holdout,hybrid,7,54,30.23884424039917
KIT,set1_dQn_m,GPR,log,protocol_holdout,hybrid,7,60,31.02757742510405
KIT,set1_dQn_m,GPR,log,protocol_holdout,hybrid,7,66,30.114246488592773
KIT,set1_dQn_m,GPR,log,protocol_holdout,hybrid,8,6,35.8429633232312
KIT,set1_dQn_m,GPR,log,protocol_holdout,hybrid,8,12,32.977204368215766
KIT,set1_dQn_m,GPR,log,protocol_holdout,hybrid,8,18,33.65500889394727
KIT,set1_dQn_m,GPR,log,protocol_holdout,hybrid,8,24,32.38909967412663
KIT,set1_dQn_m,GPR,log,protocol_holdout,hybrid,8,30,32.595533729946666
KIT,set1_dQn_m,GPR,log,protocol_holdout,hybrid,8,36,24.461090530572925
KIT,set1_dQn_m,GPR,log,protocol_holdout,hybrid,8,42,36.906118443126935
KIT,set1_dQn_m,GPR,log,protocol_holdout,hybrid,8,48,20.249908195062908
KIT,set1_dQn_m,GPR,log,protocol_holdout,hybrid,8,54,38.61293543062744
KIT,set1_dQn_m,GPR,log,protocol_holdout,hybrid,8,60,40.1344268323048
KIT,set1_dQn_m,GPR,log,protocol_holdout,hybrid,8,66,45.7203192863793
KIT,set1_dQn_m,GPR,log,protocol_holdout,hybrid,9,6,26.31842616488992
KIT,set1_dQn_m,GPR,log,protocol_holdout,hybrid,9,12,60.59549265474013
KIT,set1_dQn_m,GPR,log,protocol_holdout,hybrid,9,18,34.667553550152
KIT,set1_dQn_m,GPR,log,protocol_holdout,hybrid,9,24,33.15973484507077
KIT,set1_dQn_m,GPR,log,protocol_holdout,hybrid,9,30,29.355739871588703
KIT,set1_dQn_m,GPR,log,protocol_holdout,hybrid,9,36,26.750495695820103
KIT,set1_dQn_m,GPR,log,protocol_holdout,hybrid,9,42,36.12003106040304
KIT,set1_dQn_m,GPR,log,protocol_holdout,hybrid,9,48,28.890030374541563
KIT,set1_dQn_m,GPR,log,protocol_holdout,hybrid,9,54,26.07944240193023
KIT,set1_dQn_m,GPR,log,protocol_holdout,hybrid,9,60,17.554842435686357
KIT,set1_dQn_m,GPR,log,protocol_holdout,hybrid,9,66,18.05111898981772
KIT,set1_dQn_m,GPR,log,protocol_holdout,hybrid,10,6,32.704634669197034
KIT,set1_dQn_m,GPR,log,protocol_holdout,hybrid,10,12,17.49580770450242
KIT,set1_dQn_m,GPR,log,protocol_holdout,hybrid,10,18,26.497626207903657
KIT,set1_dQn_m,GPR,log,protocol_holdout,hybrid,10,24,40.86648665361108
KIT,set1_dQn_m,GPR,log,protocol_holdout,hybrid,10,30,33.12510596547726
KIT,set1_dQn_m,GPR,log,protocol_holdout,hybrid,10,36,81.33746526020596
KIT,set1_dQn_m,GPR,log,protocol_holdout,hybrid,10,42,18.888928387381693
KIT,set1_dQn_m,GPR,log,protocol_holdout,hybrid,10,48,44.56581681328513
KIT,set1_dQn_m,GPR,log,protocol_holdout,hybrid,10,54,50.747587188272405
KIT,set1_dQn_m,GPR,log,protocol_holdout,hybrid,10,60,52.62410611434724
KIT,set1_dQn_m,GPR,log,protocol_holdout,hybrid,10,66,10.453120066428076
Formation,set1_dQn_m,GPR,log,protocol_holdout,random_selection,1,12,14.319053802295048
Formation,set1_dQn_m,GPR,log,protocol_holdout,random_selection,1,24,12.369994286526342
Formation,set1_dQn_m,GPR,log,protocol_holdout,random_selection,1,36,13.265035797357513
Formation,set1_dQn_m,GPR,log,protocol_holdout,random_selection,1,48,14.25558261180785
Formation,set1_dQn_m,GPR,log,protocol_holdout,random_selection,1,60,10.45504730665384
Formation,set1_dQn_m,GPR,log,protocol_holdout,random_selection,1,72,10.885124692694928
Formation,set1_dQn_m,GPR,log,protocol_holdout,random_selection,1,84,11.119626846017052
Formation,set1_dQn_m,GPR,log,protocol_holdout,random_selection,1,96,11.744855442640343
Formation,set1_dQn_m,GPR,log,protocol_holdout,random_selection,1,108,11.395931113101856
Formation,set1_dQn_m,GPR,log,protocol_holdout,random_selection,1,120,11.956169487633773
Formation,set1_dQn_m,GPR,log,protocol_holdout,random_selection,1,132,11.73060055175098
Formation,set1_dQn_m,GPR,log,protocol_holdout,random_selection,1,144,11.309724162920814
Formation,set1_dQn_m,GPR,log,protocol_holdout,random_selection,1,146,11.321053304348238
Formation,set1_dQn_m,GPR,log,protocol_holdout,random_selection,2,12,34.36949822736782
Formation,set1_dQn_m,GPR,log,protocol_holdout,random_selection,2,24,24.56370833165976
Formation,set1_dQn_m,GPR,log,protocol_holdout,random_selection,2,36,23.288050362716938
Formation,set1_dQn_m,GPR,log,protocol_holdout,random_selection,2,48,21.540983835249
Formation,set1_dQn_m,GPR,log,protocol_holdout,random_selection,2,60,19.65254044369281
Formation,set1_dQn_m,GPR,log,protocol_holdout,random_selection,2,72,17.239564344004517
Formation,set1_dQn_m,GPR,log,protocol_holdout,random_selection,2,84,16.93291436972902
Formation,set1_dQn_m,GPR,log,protocol_holdout,random_selection,2,96,16.79413357135422
Formation,set1_dQn_m,GPR,log,protocol_holdout,random_selection,2,108,16.292104897562133
Formation,set1_dQn_m,GPR,log,protocol_holdout,random_selection,2,120,15.922565948564552
Formation,set1_dQn_m,GPR,log,protocol_holdout,random_selection,2,132,16.90581505664285
Formation,set1_dQn_m,GPR,log,protocol_holdout,random_selection,2,144,16.651890251490652
Formation,set1_dQn_m,GPR,log,protocol_holdout,random_selection,2,146,16.353292406139282
Formation,set1_dQn_m,GPR,log,protocol_holdout,random_selection,3,12,15.351134861189813
Formation,set1_dQn_m,GPR,log,protocol_holdout,random_selection,3,24,14.294516213261591
Formation,set1_dQn_m,GPR,log,protocol_holdout,random_selection,3,36,13.24895974076879
Formation,set1_dQn_m,GPR,log,protocol_holdout,random_selection,3,48,11.688388103400474
Formation,set1_dQn_m,GPR,log,protocol_holdout,random_selection,3,60,10.59396625414098
Formation,set1_dQn_m,GPR,log,protocol_holdout,random_selection,3,72,10.084793983990725
Formation,set1_dQn_m,GPR,log,protocol_holdout,random_selection,3,84,9.815067845466697
Formation,set1_dQn_m,GPR,log,protocol_holdout,random_selection,3,96,9.546772985970389
Formation,set1_dQn_m,GPR,log,protocol_holdout,random_selection,3,108,9.495433294469088
Formation,set1_dQn_m,GPR,log,protocol_holdout,random_selection,3,120,10.09463262690736
Formation,set1_dQn_m,GPR,log,protocol_holdout,random_selection,3,132,9.366892785266751
Formation,set1_dQn_m,GPR,log,protocol_holdout,random_selection,3,144,9.047239473387718
Formation,set1_dQn_m,GPR,log,protocol_holdout,random_selection,3,146,9.04284033337168
Formation,set1_dQn_m,GPR,log,protocol_holdout,random_selection,4,12,17.693049973760786
Formation,set1_dQn_m,GPR,log,protocol_holdout,random_selection,4,24,18.16626217630808
Formation,set1_dQn_m,GPR,log,protocol_holdout,random_selection,4,36,15.254565288454176
Formation,set1_dQn_m,GPR,log,protocol_holdout,random_selection,4,48,11.948732287379848
Formation,set1_dQn_m,GPR,log,protocol_holdout,random_selection,4,60,10.15336455206392
Formation,set1_dQn_m,GPR,log,protocol_holdout,random_selection,4,72,10.123763854428956
Formation,set1_dQn_m,GPR,log,protocol_holdout,random_selection,4,84,9.47872936272419
Formation,set1_dQn_m,GPR,log,protocol_holdout,random_selection,4,96,8.93211933537474
Formation,set1_dQn_m,GPR,log,protocol_holdout,random_selection,4,108,9.422300407828589
Formation,set1_dQn_m,GPR,log,protocol_holdout,random_selection,4,120,9.56045138188684
Formation,set1_dQn_m,GPR,log,protocol_holdout,random_selection,4,132,8.878288779268226
Formation,set1_dQn_m,GPR,log,protocol_holdout,random_selection,4,144,8.692183756640533
Formation,set1_dQn_m,GPR,log,protocol_holdout,random_selection,4,146,8.511825181180587
Formation,set1_dQn_m,GPR,log,protocol_holdout,random_selection,5,12,19.52264502723475
Formation,set1_dQn_m,GPR,log,protocol_holdout,random_selection,5,24,13.86914422690883
Formation,set1_dQn_m,GPR,log,protocol_holdout,random_selection,5,36,12.814644089005572
Formation,set1_dQn_m,GPR,log,protocol_holdout,random_selection,5,48,13.405872509249631
Formation,set1_dQn_m,GPR,log,protocol_holdout,random_selection,5,60,12.478544536888414
Formation,set1_dQn_m,GPR,log,protocol_holdout,random_selection,5,72,12.220574153627211
Formation,set1_dQn_m,GPR,log,protocol_holdout,random_selection,5,84,12.491612994201388
Formation,set1_dQn_m,GPR,log,protocol_holdout,random_selection,5,96,12.111844877425614
Formation,set1_dQn_m,GPR,log,protocol_holdout,random_selection,5,108,11.754112871352609
Formation,set1_dQn_m,GPR,log,protocol_holdout,random_selection,5,120,11.887450817108146
Formation,set1_dQn_m,GPR,log,protocol_holdout,random_selection,5,132,11.847487479372086
Formation,set1_dQn_m,GPR,log,protocol_holdout,random_selection,5,144,12.1493629754021
Formation,set1_dQn_m,GPR,log,protocol_holdout,random_selection,5,146,12.187412795735424
Formation,set1_dQn_m,GPR,log,protocol_holdout,random_selection,6,12,19.2163946655631
Formation,set1_dQn_m,GPR,log,protocol_holdout,random_selection,6,24,13.530903503343698
Formation,set1_dQn_m,GPR,log,protocol_holdout,random_selection,6,36,12.647125212132654
Formation,set1_dQn_m,GPR,log,protocol_holdout,random_selection,6,48,13.570627824232236
Formation,set1_dQn_m,GPR,log,protocol_holdout,random_selection,6,60,14.0328351485503
Formation,set1_dQn_m,GPR,log,protocol_holdout,random_selection,6,72,13.754991931694608
Formation,set1_dQn_m,GPR,log,protocol_holdout,random_selection,6,84,13.336404366984883
Formation,set1_dQn_m,GPR,log,protocol_holdout,random_selection,6,96,12.54103955236231
Formation,set1_dQn_m,GPR,log,protocol_holdout,random_selection,6,108,10.74085374413816
Formation,set1_dQn_m,GPR,log,protocol_holdout,random_selection,6,120,10.619932477716826
Formation,set1_dQn_m,GPR,log,protocol_holdout,random_selection,6,132,9.715017309002851
Formation,set1_dQn_m,GPR,log,protocol_holdout,random_selection,6,144,9.974028644918128
Formation,set1_dQn_m,GPR,log,protocol_holdout,random_selection,6,146,9.761083564034374
Formation,set1_dQn_m,GPR,log,protocol_holdout,random_selection,7,12,19.01781333379439
Formation,set1_dQn_m,GPR,log,protocol_holdout,random_selection,7,24,17.75815404431656
Formation,set1_dQn_m,GPR,log,protocol_holdout,random_selection,7,36,15.44754561340207
Formation,set1_dQn_m,GPR,log,protocol_holdout,random_selection,7,48,14.80155980781452
Formation,set1_dQn_m,GPR,log,protocol_holdout,random_selection,7,60,16.502115211015838
Formation,set1_dQn_m,GPR,log,protocol_holdout,random_selection,7,72,16.124319516543846
Formation,set1_dQn_m,GPR,log,protocol_holdout,random_selection,7,84,16.671366215106957
Formation,set1_dQn_m,GPR,log,protocol_holdout,random_selection,7,96,15.069061623005044
Formation,set1_dQn_m,GPR,log,protocol_holdout,random_selection,7,108,14.141756477798332
Formation,set1_dQn_m,GPR,log,protocol_holdout,random_selection,7,120,13.843818681630534
Formation,set1_dQn_m,GPR,log,protocol_holdout,random_selection,7,132,13.530356908575571
Formation,set1_dQn_m,GPR,log,protocol_holdout,random_selection,7,144,13.30775382477086
Formation,set1_dQn_m,GPR,log,protocol_holdout,random_selection,7,146,13.33341664425458
Formation,set1_dQn_m,GPR,log,protocol_holdout,random_selection,8,12,18.534980797487123
Formation,set1_dQn_m,GPR,log,protocol_holdout,random_selection,8,24,17.336188267911197
Formation,set1_dQn_m,GPR,log,protocol_holdout,random_selection,8,36,12.751262467004764
Formation,set1_dQn_m,GPR,log,protocol_holdout,random_selection,8,48,11.392271682505012
Formation,set1_dQn_m,GPR,log,protocol_holdout,random_selection,8,60,11.574809493820526
Formation,set1_dQn_m,GPR,log,protocol_holdout,random_selection,8,72,12.323544157676064
Formation,set1_dQn_m,GPR,log,protocol_holdout,random_selection,8,84,12.702131266761455
Formation,set1_dQn_m,GPR,log,protocol_holdout,random_selection,8,96,12.4448393916242
Formation,set1_dQn_m,GPR,log,protocol_holdout,random_selection,8,108,13.018291411619032
Formation,set1_dQn_m,GPR,log,protocol_holdout,random_selection,8,120,11.89763057410197
Formation,set1_dQn_m,GPR,log,protocol_holdout,random_selection,8,132,11.473509788897244
Formation,set1_dQn_m,GPR,log,protocol_holdout,random_selection,8,144,11.844274822213254
Formation,set1_dQn_m,GPR,log,protocol_holdout,random_selection,8,146,11.633905929604644
Formation,set1_dQn_m,GPR,log,protocol_holdout,random_selection,9,12,16.29288706658055
Formation,set1_dQn_m,GPR,log,protocol_holdout,random_selection,9,24,14.11779522566499
Formation,set1_dQn_m,GPR,log,protocol_holdout,random_selection,9,36,13.250171839243096
Formation,set1_dQn_m,GPR,log,protocol_holdout,random_selection,9,48,12.105496316948225
Formation,set1_dQn_m,GPR,log,protocol_holdout,random_selection,9,60,12.1616461902413
Formation,set1_dQn_m,GPR,log,protocol_holdout,random_selection,9,72,11.286146978002318
Formation,set1_dQn_m,GPR,log,protocol_holdout,random_selection,9,84,10.965051026885158
Formation,set1_dQn_m,GPR,log,protocol_holdout,random_selection,9,96,10.329254571310187
Formation,set1_dQn_m,GPR,log,protocol_holdout,random_selection,9,108,9.902895830112598
Formation,set1_dQn_m,GPR,log,protocol_holdout,random_selection,9,120,9.56325992346614
Formation,set1_dQn_m,GPR,log,protocol_holdout,random_selection,9,132,9.701105137894594
Formation,set1_dQn_m,GPR,log,protocol_holdout,random_selection,9,144,9.850517177678736
Formation,set1_dQn_m,GPR,log,protocol_holdout,random_selection,9,146,9.90137715744138
Formation,set1_dQn_m,GPR,log,protocol_holdout,random_selection,10,12,16.84004484390809
Formation,set1_dQn_m,GPR,log,protocol_holdout,random_selection,10,24,18.368514948353106
Formation,set1_dQn_m,GPR,log,protocol_holdout,random_selection,10,36,16.9348628535185
Formation,set1_dQn_m,GPR,log,protocol_holdout,random_selection,10,48,12.923931602134104
Formation,set1_dQn_m,GPR,log,protocol_holdout,random_selection,10,60,13.703375525189289
Formation,set1_dQn_m,GPR,log,protocol_holdout,random_selection,10,72,12.9393672479259
Formation,set1_dQn_m,GPR,log,protocol_holdout,random_selection,10,84,12.785397162747866
Formation,set1_dQn_m,GPR,log,protocol_holdout,random_selection,10,96,12.266463000258316
Formation,set1_dQn_m,GPR,log,protocol_holdout,random_selection,10,108,12.565248265665756
Formation,set1_dQn_m,GPR,log,protocol_holdout,random_selection,10,120,12.671061806303284
Formation,set1_dQn_m,GPR,log,protocol_holdout,random_selection,10,132,12.889287745179823
Formation,set1_dQn_m,GPR,log,protocol_holdout,random_selection,10,144,13.027819295095776
Formation,set1_dQn_m,GPR,log,protocol_holdout,random_selection,10,146,13.110621829984556
Formation,set1_dQn_m,GPR,log,protocol_holdout,diversity_oneshot,1,12,13.119413620649167
Formation,set1_dQn_m,GPR,log,protocol_holdout,diversity_oneshot,1,24,15.206310737117548
Formation,set1_dQn_m,GPR,log,protocol_holdout,diversity_oneshot,1,36,13.617657847879256
Formation,set1_dQn_m,GPR,log,protocol_holdout,diversity_oneshot,1,48,13.197940765673652
Formation,set1_dQn_m,GPR,log,protocol_holdout,diversity_oneshot,1,60,13.519016374333065
Formation,set1_dQn_m,GPR,log,protocol_holdout,diversity_oneshot,1,72,11.855056575883568
Formation,set1_dQn_m,GPR,log,protocol_holdout,diversity_oneshot,1,84,12.367653563816976
Formation,set1_dQn_m,GPR,log,protocol_holdout,diversity_oneshot,1,96,12.393395312690371
Formation,set1_dQn_m,GPR,log,protocol_holdout,diversity_oneshot,1,108,12.393327013306068
Formation,set1_dQn_m,GPR,log,protocol_holdout,diversity_oneshot,1,120,12.614767047866838
Formation,set1_dQn_m,GPR,log,protocol_holdout,diversity_oneshot,1,132,11.347414805366135
Formation,set1_dQn_m,GPR,log,protocol_holdout,diversity_oneshot,1,144,11.338230561184714
Formation,set1_dQn_m,GPR,log,protocol_holdout,diversity_oneshot,1,146,11.321053304348238
Formation,set1_dQn_m,GPR,log,protocol_holdout,diversity_oneshot,2,12,23.87881765866949
Formation,set1_dQn_m,GPR,log,protocol_holdout,diversity_oneshot,2,24,23.58549484590391
Formation,set1_dQn_m,GPR,log,protocol_holdout,diversity_oneshot,2,36,21.102504397450726
Formation,set1_dQn_m,GPR,log,protocol_holdout,diversity_oneshot,2,48,19.375988822773667
Formation,set1_dQn_m,GPR,log,protocol_holdout,diversity_oneshot,2,60,18.20552422384505
Formation,set1_dQn_m,GPR,log,protocol_holdout,diversity_oneshot,2,72,18.93372413557556
Formation,set1_dQn_m,GPR,log,protocol_holdout,diversity_oneshot,2,84,17.140678796333532
Formation,set1_dQn_m,GPR,log,protocol_holdout,diversity_oneshot,2,96,17.07897107346099
Formation,set1_dQn_m,GPR,log,protocol_holdout,diversity_oneshot,2,108,16.906424293717034
Formation,set1_dQn_m,GPR,log,protocol_holdout,diversity_oneshot,2,120,16.7121751944359
Formation,set1_dQn_m,GPR,log,protocol_holdout,diversity_oneshot,2,132,16.672929531040182
Formation,set1_dQn_m,GPR,log,protocol_holdout,diversity_oneshot,2,144,16.330996057966086
Formation,set1_dQn_m,GPR,log,protocol_holdout,diversity_oneshot,2,146,16.353292406139282
Formation,set1_dQn_m,GPR,log,protocol_holdout,diversity_oneshot,3,12,12.609807704912653
Formation,set1_dQn_m,GPR,log,protocol_holdout,diversity_oneshot,3,24,14.603250083014949
Formation,set1_dQn_m,GPR,log,protocol_holdout,diversity_oneshot,3,36,9.93480466362988
Formation,set1_dQn_m,GPR,log,protocol_holdout,diversity_oneshot,3,48,10.111339483408532
Formation,set1_dQn_m,GPR,log,protocol_holdout,diversity_oneshot,3,60,8.465636007242452
Formation,set1_dQn_m,GPR,log,protocol_holdout,diversity_oneshot,3,72,9.159212473076389
Formation,set1_dQn_m,GPR,log,protocol_holdout,diversity_oneshot,3,84,8.939042565415738
Formation,set1_dQn_m,GPR,log,protocol_holdout,diversity_oneshot,3,96,8.941025442099408
Formation,set1_dQn_m,GPR,log,protocol_holdout,diversity_oneshot,3,108,8.499107735597002
Formation,set1_dQn_m,GPR,log,protocol_holdout,diversity_oneshot,3,120,9.0059658440422
Formation,set1_dQn_m,GPR,log,protocol_holdout,diversity_oneshot,3,132,9.103023737896258
Formation,set1_dQn_m,GPR,log,protocol_holdout,diversity_oneshot,3,144,9.054798984401964
Formation,set1_dQn_m,GPR,log,protocol_holdout,diversity_oneshot,3,146,9.04284033337168
Formation,set1_dQn_m,GPR,log,protocol_holdout,diversity_oneshot,4,12,14.490625177145514
Formation,set1_dQn_m,GPR,log,protocol_holdout,diversity_oneshot,4,24,11.106723992224696
Formation,set1_dQn_m,GPR,log,protocol_holdout,diversity_oneshot,4,36,13.819036027030082
Formation,set1_dQn_m,GPR,log,protocol_holdout,diversity_oneshot,4,48,10.803049824220786
Formation,set1_dQn_m,GPR,log,protocol_holdout,diversity_oneshot,4,60,10.853005689146764
Formation,set1_dQn_m,GPR,log,protocol_holdout,diversity_oneshot,4,72,8.96959321334739
Formation,set1_dQn_m,GPR,log,protocol_holdout,diversity_oneshot,4,84,10.54842897646633
Formation,set1_dQn_m,GPR,log,protocol_holdout,diversity_oneshot,4,96,10.014171943855905
Formation,set1_dQn_m,GPR,log,protocol_holdout,diversity_oneshot,4,108,9.111778885595909
Formation,set1_dQn_m,GPR,log,protocol_holdout,diversity_oneshot,4,120,8.475842899393852
Formation,set1_dQn_m,GPR,log,protocol_holdout,diversity_oneshot,4,132,8.962644591421435
Formation,set1_dQn_m,GPR,log,protocol_holdout,diversity_oneshot,4,144,8.558618679841013
Formation,set1_dQn_m,GPR,log,protocol_holdout,diversity_oneshot,4,146,8.511825181180587
Formation,set1_dQn_m,GPR,log,protocol_holdout,diversity_oneshot,5,12,15.633896563744
Formation,set1_dQn_m,GPR,log,protocol_holdout,diversity_oneshot,5,24,12.034841875710622
Formation,set1_dQn_m,GPR,log,protocol_holdout,diversity_oneshot,5,36,11.94256379495885
Formation,set1_dQn_m,GPR,log,protocol_holdout,diversity_oneshot,5,48,14.096337760820376
Formation,set1_dQn_m,GPR,log,protocol_holdout,diversity_oneshot,5,60,12.818703451864328
Formation,set1_dQn_m,GPR,log,protocol_holdout,diversity_oneshot,5,72,12.15201463123251
Formation,set1_dQn_m,GPR,log,protocol_holdout,diversity_oneshot,5,84,12.024494559884008
Formation,set1_dQn_m,GPR,log,protocol_holdout,diversity_oneshot,5,96,13.284622191170984
Formation,set1_dQn_m,GPR,log,protocol_holdout,diversity_oneshot,5,108,12.570822884744542
Formation,set1_dQn_m,GPR,log,protocol_holdout,diversity_oneshot,5,120,12.462732490708104
Formation,set1_dQn_m,GPR,log,protocol_holdout,diversity_oneshot,5,132,12.54905842797652
Formation,set1_dQn_m,GPR,log,protocol_holdout,diversity_oneshot,5,144,12.33604710767342
Formation,set1_dQn_m,GPR,log,protocol_holdout,diversity_oneshot,5,146,12.187412795735424
Formation,set1_dQn_m,GPR,log,protocol_holdout,diversity_oneshot,6,12,17.42005612720783
Formation,set1_dQn_m,GPR,log,protocol_holdout,diversity_oneshot,6,24,14.163597682205738
Formation,set1_dQn_m,GPR,log,protocol_holdout,diversity_oneshot,6,36,12.109943353860215
Formation,set1_dQn_m,GPR,log,protocol_holdout,diversity_oneshot,6,48,9.890213476604648
Formation,set1_dQn_m,GPR,log,protocol_holdout,diversity_oneshot,6,60,9.536041452948828
Formation,set1_dQn_m,GPR,log,protocol_holdout,diversity_oneshot,6,72,11.116595440854638
Formation,set1_dQn_m,GPR,log,protocol_holdout,diversity_oneshot,6,84,11.337283046966649
Formation,set1_dQn_m,GPR,log,protocol_holdout,diversity_oneshot,6,96,11.30699121889448
Formation,set1_dQn_m,GPR,log,protocol_holdout,diversity_oneshot,6,108,11.652051848944776
Formation,set1_dQn_m,GPR,log,protocol_holdout,diversity_oneshot,6,120,11.536544346846789
Formation,set1_dQn_m,GPR,log,protocol_holdout,diversity_oneshot,6,132,10.647077335845378
Formation,set1_dQn_m,GPR,log,protocol_holdout,diversity_oneshot,6,144,9.90025296000482
Formation,set1_dQn_m,GPR,log,protocol_holdout,diversity_oneshot,6,146,9.761083564034374
Formation,set1_dQn_m,GPR,log,protocol_holdout,diversity_oneshot,7,12,13.257326811433428
Formation,set1_dQn_m,GPR,log,protocol_holdout,diversity_oneshot,7,24,17.19134226397444
Formation,set1_dQn_m,GPR,log,protocol_holdout,diversity_oneshot,7,36,14.62619481049673
Formation,set1_dQn_m,GPR,log,protocol_holdout,diversity_oneshot,7,48,14.077849744807644
Formation,set1_dQn_m,GPR,log,protocol_holdout,diversity_oneshot,7,60,18.18799115590814
Formation,set1_dQn_m,GPR,log,protocol_holdout,diversity_oneshot,7,72,14.340159972828545
Formation,set1_dQn_m,GPR,log,protocol_holdout,diversity_oneshot,7,84,14.567739618717216
Formation,set1_dQn_m,GPR,log,protocol_holdout,diversity_oneshot,7,96,14.459542656588791
Formation,set1_dQn_m,GPR,log,protocol_holdout,diversity_oneshot,7,108,14.2433504766527
Formation,set1_dQn_m,GPR,log,protocol_holdout,diversity_oneshot,7,120,14.297399847868853
Formation,set1_dQn_m,GPR,log,protocol_holdout,diversity_oneshot,7,132,13.628138311664127
Formation,set1_dQn_m,GPR,log,protocol_holdout,diversity_oneshot,7,144,13.322743069477095
Formation,set1_dQn_m,GPR,log,protocol_holdout,diversity_oneshot,7,146,13.33341664425458
Formation,set1_dQn_m,GPR,log,protocol_holdout,diversity_oneshot,8,12,14.990931064174132
Formation,set1_dQn_m,GPR,log,protocol_holdout,diversity_oneshot,8,24,15.288200127585249
Formation,set1_dQn_m,GPR,log,protocol_holdout,diversity_oneshot,8,36,13.747010060129986
Formation,set1_dQn_m,GPR,log,protocol_holdout,diversity_oneshot,8,48,13.60853126676425
Formation,set1_dQn_m,GPR,log,protocol_holdout,diversity_oneshot,8,60,11.740545294668909
Formation,set1_dQn_m,GPR,log,protocol_holdout,diversity_oneshot,8,72,13.012198668572864
Formation,set1_dQn_m,GPR,log,protocol_holdout,diversity_oneshot,8,84,11.610015040262535
Formation,set1_dQn_m,GPR,log,protocol_holdout,diversity_oneshot,8,96,10.73619610187871
Formation,set1_dQn_m,GPR,log,protocol_holdout,diversity_oneshot,8,108,11.573201375506695
Formation,set1_dQn_m,GPR,log,protocol_holdout,diversity_oneshot,8,120,11.042005903171413
Formation,set1_dQn_m,GPR,log,protocol_holdout,diversity_oneshot,8,132,10.77288042880851
Formation,set1_dQn_m,GPR,log,protocol_holdout,diversity_oneshot,8,144,11.388964727613129
Formation,set1_dQn_m,GPR,log,protocol_holdout,diversity_oneshot,8,146,11.633905929604644
Formation,set1_dQn_m,GPR,log,protocol_holdout,diversity_oneshot,9,12,17.8462575999414
Formation,set1_dQn_m,GPR,log,protocol_holdout,diversity_oneshot,9,24,12.398014287601816
Formation,set1_dQn_m,GPR,log,protocol_holdout,diversity_oneshot,9,36,11.313871960720215
Formation,set1_dQn_m,GPR,log,protocol_holdout,diversity_oneshot,9,48,11.99456090178442
Formation,set1_dQn_m,GPR,log,protocol_holdout,diversity_oneshot,9,60,11.34988305723676
Formation,set1_dQn_m,GPR,log,protocol_holdout,diversity_oneshot,9,72,11.51657398792066
Formation,set1_dQn_m,GPR,log,protocol_holdout,diversity_oneshot,9,84,11.286388808525956
Formation,set1_dQn_m,GPR,log,protocol_holdout,diversity_oneshot,9,96,10.579495857998928
Formation,set1_dQn_m,GPR,log,protocol_holdout,diversity_oneshot,9,108,10.608200024420682
Formation,set1_dQn_m,GPR,log,protocol_holdout,diversity_oneshot,9,120,10.73311326952212
Formation,set1_dQn_m,GPR,log,protocol_holdout,diversity_oneshot,9,132,10.506327321240487
Formation,set1_dQn_m,GPR,log,protocol_holdout,diversity_oneshot,9,144,10.083431965591796
Formation,set1_dQn_m,GPR,log,protocol_holdout,diversity_oneshot,9,146,9.90137715744138
Formation,set1_dQn_m,GPR,log,protocol_holdout,diversity_oneshot,10,12,15.851047537434637
Formation,set1_dQn_m,GPR,log,protocol_holdout,diversity_oneshot,10,24,12.374940230690722
Formation,set1_dQn_m,GPR,log,protocol_holdout,diversity_oneshot,10,36,11.84157415967148
Formation,set1_dQn_m,GPR,log,protocol_holdout,diversity_oneshot,10,48,14.631308881933524
Formation,set1_dQn_m,GPR,log,protocol_holdout,diversity_oneshot,10,60,14.50601319662691
Formation,set1_dQn_m,GPR,log,protocol_holdout,diversity_oneshot,10,72,13.380322920873034
Formation,set1_dQn_m,GPR,log,protocol_holdout,diversity_oneshot,10,84,13.46819510649805
Formation,set1_dQn_m,GPR,log,protocol_holdout,diversity_oneshot,10,96,12.18584631244743
Formation,set1_dQn_m,GPR,log,protocol_holdout,diversity_oneshot,10,108,13.306408772882447
Formation,set1_dQn_m,GPR,log,protocol_holdout,diversity_oneshot,10,120,14.269933286259551
Formation,set1_dQn_m,GPR,log,protocol_holdout,diversity_oneshot,10,132,13.601968546551168
Formation,set1_dQn_m,GPR,log,protocol_holdout,diversity_oneshot,10,144,13.209762724426222
Formation,set1_dQn_m,GPR,log,protocol_holdout,diversity_oneshot,10,146,13.110621829984556
Formation,set1_dQn_m,GPR,log,protocol_holdout,diversity_iterative,1,12,13.119413620649167
Formation,set1_dQn_m,GPR,log,protocol_holdout,diversity_iterative,1,24,13.13541709018741
Formation,set1_dQn_m,GPR,log,protocol_holdout,diversity_iterative,1,36,14.58442314295984
Formation,set1_dQn_m,GPR,log,protocol_holdout,diversity_iterative,1,48,12.735243824739484
Formation,set1_dQn_m,GPR,log,protocol_holdout,diversity_iterative,1,60,12.069321462148409
Formation,set1_dQn_m,GPR,log,protocol_holdout,diversity_iterative,1,72,12.132969719803
Formation,set1_dQn_m,GPR,log,protocol_holdout,diversity_iterative,1,84,11.983434078097636
Formation,set1_dQn_m,GPR,log,protocol_holdout,diversity_iterative,1,96,12.735730789738636
Formation,set1_dQn_m,GPR,log,protocol_holdout,diversity_iterative,1,108,11.907967359019064
Formation,set1_dQn_m,GPR,log,protocol_holdout,diversity_iterative,1,120,12.069274778149715
Formation,set1_dQn_m,GPR,log,protocol_holdout,diversity_iterative,1,132,11.708134732031883
Formation,set1_dQn_m,GPR,log,protocol_holdout,diversity_iterative,1,144,11.463855570316824
Formation,set1_dQn_m,GPR,log,protocol_holdout,diversity_iterative,1,146,11.321053304348238
Formation,set1_dQn_m,GPR,log,protocol_holdout,diversity_iterative,2,12,23.87881765866949
Formation,set1_dQn_m,GPR,log,protocol_holdout,diversity_iterative,2,24,24.82009261073689
Formation,set1_dQn_m,GPR,log,protocol_holdout,diversity_iterative,2,36,20.265698914716264
Formation,set1_dQn_m,GPR,log,protocol_holdout,diversity_iterative,2,48,18.95607909152297
Formation,set1_dQn_m,GPR,log,protocol_holdout,diversity_iterative,2,60,18.675537700421827
Formation,set1_dQn_m,GPR,log,protocol_holdout,diversity_iterative,2,72,18.03562173752109
Formation,set1_dQn_m,GPR,log,protocol_holdout,diversity_iterative,2,84,18.4995434317796
Formation,set1_dQn_m,GPR,log,protocol_holdout,diversity_iterative,2,96,18.015147096737408
Formation,set1_dQn_m,GPR,log,protocol_holdout,diversity_iterative,2,108,17.898391994535512
Formation,set1_dQn_m,GPR,log,protocol_holdout,diversity_iterative,2,120,17.52034524134444
Formation,set1_dQn_m,GPR,log,protocol_holdout,diversity_iterative,2,132,17.24041038586873
Formation,set1_dQn_m,GPR,log,protocol_holdout,diversity_iterative,2,144,16.438723281897605
Formation,set1_dQn_m,GPR,log,protocol_holdout,diversity_iterative,2,146,16.353292406139282
Formation,set1_dQn_m,GPR,log,protocol_holdout,diversity_iterative,3,12,12.609807704912653
Formation,set1_dQn_m,GPR,log,protocol_holdout,diversity_iterative,3,24,10.898564409394677
Formation,set1_dQn_m,GPR,log,protocol_holdout,diversity_iterative,3,36,10.334813997398482
Formation,set1_dQn_m,GPR,log,protocol_holdout,diversity_iterative,3,48,9.992274387316831
Formation,set1_dQn_m,GPR,log,protocol_holdout,diversity_iterative,3,60,10.761052338376208
Formation,set1_dQn_m,GPR,log,protocol_holdout,diversity_iterative,3,72,11.451003630337665
Formation,set1_dQn_m,GPR,log,protocol_holdout,diversity_iterative,3,84,9.760566474637471
Formation,set1_dQn_m,GPR,log,protocol_holdout,diversity_iterative,3,96,9.837929387363795
Formation,set1_dQn_m,GPR,log,protocol_holdout,diversity_iterative,3,108,8.5260624991172
Formation,set1_dQn_m,GPR,log,protocol_holdout,diversity_iterative,3,120,9.103954457870078
Formation,set1_dQn_m,GPR,log,protocol_holdout,diversity_iterative,3,132,9.14695148385474
Formation,set1_dQn_m,GPR,log,protocol_holdout,diversity_iterative,3,144,9.05068941018992
Formation,set1_dQn_m,GPR,log,protocol_holdout,diversity_iterative,3,146,9.04284033337168
Formation,set1_dQn_m,GPR,log,protocol_holdout,diversity_iterative,4,12,14.490625177145514
Formation,set1_dQn_m,GPR,log,protocol_holdout,diversity_iterative,4,24,13.083732331981016
Formation,set1_dQn_m,GPR,log,protocol_holdout,diversity_iterative,4,36,12.272256042447928
Formation,set1_dQn_m,GPR,log,protocol_holdout,diversity_iterative,4,48,8.218248340438294
Formation,set1_dQn_m,GPR,log,protocol_holdout,diversity_iterative,4,60,9.097065156230917
Formation,set1_dQn_m,GPR,log,protocol_holdout,diversity_iterative,4,72,9.233946881064194
Formation,set1_dQn_m,GPR,log,protocol_holdout,diversity_iterative,4,84,8.804615487028837
Formation,set1_dQn_m,GPR,log,protocol_holdout,diversity_iterative,4,96,8.740954891509544
Formation,set1_dQn_m,GPR,log,protocol_holdout,diversity_iterative,4,108,8.677970912417656
Formation,set1_dQn_m,GPR,log,protocol_holdout,diversity_iterative,4,120,8.355671976603366
Formation,set1_dQn_m,GPR,log,protocol_holdout,diversity_iterative,4,132,8.548293076232163
Formation,set1_dQn_m,GPR,log,protocol_holdout,diversity_iterative,4,144,8.488518146161452
Formation,set1_dQn_m,GPR,log,protocol_holdout,diversity_iterative,4,146,8.511825181180587
Formation,set1_dQn_m,GPR,log,protocol_holdout,diversity_iterative,5,12,15.633896563744
Formation,set1_dQn_m,GPR,log,protocol_holdout,diversity_iterative,5,24,12.5693406140302
Formation,set1_dQn_m,GPR,log,protocol_holdout,diversity_iterative,5,36,11.76792108621988
Formation,set1_dQn_m,GPR,log,protocol_holdout,diversity_iterative,5,48,11.988670999299572
Formation,set1_dQn_m,GPR,log,protocol_holdout,diversity_iterative,5,60,12.200471680908269
Formation,set1_dQn_m,GPR,log,protocol_holdout,diversity_iterative,5,72,10.998253415883177
Formation,set1_dQn_m,GPR,log,protocol_holdout,diversity_iterative,5,84,11.811394158502097
Formation,set1_dQn_m,GPR,log,protocol_holdout,diversity_iterative,5,96,11.862213022419844
Formation,set1_dQn_m,GPR,log,protocol_holdout,diversity_iterative,5,108,12.27658748628902
Formation,set1_dQn_m,GPR,log,protocol_holdout,diversity_iterative,5,120,12.392351985518072
Formation,set1_dQn_m,GPR,log,protocol_holdout,diversity_iterative,5,132,12.2982544727734
Formation,set1_dQn_m,GPR,log,protocol_holdout,diversity_iterative,5,144,12.27991719848614
Formation,set1_dQn_m,GPR,log,protocol_holdout,diversity_iterative,5,146,12.187412795735424
Formation,set1_dQn_m,GPR,log,protocol_holdout,diversity_iterative,6,12,17.42005612720783
Formation,set1_dQn_m,GPR,log,protocol_holdout,diversity_iterative,6,24,10.268544421189182
Formation,set1_dQn_m,GPR,log,protocol_holdout,diversity_iterative,6,36,8.755529521923682
Formation,set1_dQn_m,GPR,log,protocol_holdout,diversity_iterative,6,48,8.044465368442719
Formation,set1_dQn_m,GPR,log,protocol_holdout,diversity_iterative,6,60,7.931045881268363
Formation,set1_dQn_m,GPR,log,protocol_holdout,diversity_iterative,6,72,10.73224424552898
Formation,set1_dQn_m,GPR,log,protocol_holdout,diversity_iterative,6,84,11.235793500370333
Formation,set1_dQn_m,GPR,log,protocol_holdout,diversity_iterative,6,96,10.058838506409588
Formation,set1_dQn_m,GPR,log,protocol_holdout,diversity_iterative,6,108,10.5710323134191
Formation,set1_dQn_m,GPR,log,protocol_holdout,diversity_iterative,6,120,9.495889990121247
Formation,set1_dQn_m,GPR,log,protocol_holdout,diversity_iterative,6,132,8.807438606941956
Formation,set1_dQn_m,GPR,log,protocol_holdout,diversity_iterative,6,144,9.608609932495703
Formation,set1_dQn_m,GPR,log,protocol_holdout,diversity_iterative,6,146,9.761083564034374
Formation,set1_dQn_m,GPR,log,protocol_holdout,diversity_iterative,7,12,13.257326811433428
Formation,set1_dQn_m,GPR,log,protocol_holdout,diversity_iterative,7,24,16.116746298191863
Formation,set1_dQn_m,GPR,log,protocol_holdout,diversity_iterative,7,36,15.796748086441292
Formation,set1_dQn_m,GPR,log,protocol_holdout,diversity_iterative,7,48,15.196517065471337
Formation,set1_dQn_m,GPR,log,protocol_holdout,diversity_iterative,7,60,13.426533621385865
Formation,set1_dQn_m,GPR,log,protocol_holdout,diversity_iterative,7,72,14.502995873376742
Formation,set1_dQn_m,GPR,log,protocol_holdout,diversity_iterative,7,84,14.709829969222843
Formation,set1_dQn_m,GPR,log,protocol_holdout,diversity_iterative,7,96,15.014794034394802
Formation,set1_dQn_m,GPR,log,protocol_holdout,diversity_iterative,7,108,13.6937074332406
Formation,set1_dQn_m,GPR,log,protocol_holdout,diversity_iterative,7,120,14.195066290058758
Formation,set1_dQn_m,GPR,log,protocol_holdout,diversity_iterative,7,132,12.589310993855754
Formation,set1_dQn_m,GPR,log,protocol_holdout,diversity_iterative,7,144,13.32157805649896
Formation,set1_dQn_m,GPR,log,protocol_holdout,diversity_iterative,7,146,13.33341664425458
Formation,set1_dQn_m,GPR,log,protocol_holdout,diversity_iterative,8,12,14.990931064174132
Formation,set1_dQn_m,GPR,log,protocol_holdout,diversity_iterative,8,24,13.915936175084656
Formation,set1_dQn_m,GPR,log,protocol_holdout,diversity_iterative,8,36,13.806304306814116
Formation,set1_dQn_m,GPR,log,protocol_holdout,diversity_iterative,8,48,13.530583960765613
Formation,set1_dQn_m,GPR,log,protocol_holdout,diversity_iterative,8,60,12.464563010163165
Formation,set1_dQn_m,GPR,log,protocol_holdout,diversity_iterative,8,72,12.281317241440869
Formation,set1_dQn_m,GPR,log,protocol_holdout,diversity_iterative,8,84,12.175416524791986
Formation,set1_dQn_m,GPR,log,protocol_holdout,diversity_iterative,8,96,12.58522184427979
Formation,set1_dQn_m,GPR,log,protocol_holdout,diversity_iterative,8,108,11.598491790188952
Formation,set1_dQn_m,GPR,log,protocol_holdout,diversity_iterative,8,120,10.81462797786648
Formation,set1_dQn_m,GPR,log,protocol_holdout,diversity_iterative,8,132,10.818800713187674
Formation,set1_dQn_m,GPR,log,protocol_holdout,diversity_iterative,8,144,11.61604726440289
Formation,set1_dQn_m,GPR,log,protocol_holdout,diversity_iterative,8,146,11.633905929604644
Formation,set1_dQn_m,GPR,log,protocol_holdout,diversity_iterative,9,12,17.8462575999414
Formation,set1_dQn_m,GPR,log,protocol_holdout,diversity_iterative,9,24,15.678451235165952
Formation,set1_dQn_m,GPR,log,protocol_holdout,diversity_iterative,9,36,14.338357375207952
Formation,set1_dQn_m,GPR,log,protocol_holdout,diversity_iterative,9,48,13.147802011104108
Formation,set1_dQn_m,GPR,log,protocol_holdout,diversity_iterative,9,60,11.752341984111322
Formation,set1_dQn_m,GPR,log,protocol_holdout,diversity_iterative,9,72,11.605820787964998
Formation,set1_dQn_m,GPR,log,protocol_holdout,diversity_iterative,9,84,10.817434397444176
Formation,set1_dQn_m,GPR,log,protocol_holdout,diversity_iterative,9,96,10.5290827486706
Formation,set1_dQn_m,GPR,log,protocol_holdout,diversity_iterative,9,108,10.715587368502126
Formation,set1_dQn_m,GPR,log,protocol_holdout,diversity_iterative,9,120,9.896103263792574
Formation,set1_dQn_m,GPR,log,protocol_holdout,diversity_iterative,9,132,10.039180605147244
Formation,set1_dQn_m,GPR,log,protocol_holdout,diversity_iterative,9,144,9.86279454325536
Formation,set1_dQn_m,GPR,log,protocol_holdout,diversity_iterative,9,146,9.90137715744138
Formation,set1_dQn_m,GPR,log,protocol_holdout,diversity_iterative,10,12,15.851047537434637
Formation,set1_dQn_m,GPR,log,protocol_holdout,diversity_iterative,10,24,12.697155879174598
Formation,set1_dQn_m,GPR,log,protocol_holdout,diversity_iterative,10,36,13.166974501199096
Formation,set1_dQn_m,GPR,log,protocol_holdout,diversity_iterative,10,48,12.535054879669616
Formation,set1_dQn_m,GPR,log,protocol_holdout,diversity_iterative,10,60,11.275428441634086
Formation,set1_dQn_m,GPR,log,protocol_holdout,diversity_iterative,10,72,12.590644023210087
Formation,set1_dQn_m,GPR,log,protocol_holdout,diversity_iterative,10,84,13.014087463879036
Formation,set1_dQn_m,GPR,log,protocol_holdout,diversity_iterative,10,96,11.823790490340023
Formation,set1_dQn_m,GPR,log,protocol_holdout,diversity_iterative,10,108,12.522419811714572
Formation,set1_dQn_m,GPR,log,protocol_holdout,diversity_iterative,10,120,12.366761227699437
Formation,set1_dQn_m,GPR,log,protocol_holdout,diversity_iterative,10,132,13.580140425870818
Formation,set1_dQn_m,GPR,log,protocol_holdout,diversity_iterative,10,144,13.145054137588785
Formation,set1_dQn_m,GPR,log,protocol_holdout,diversity_iterative,10,146,13.110621829984556
Formation,set1_dQn_m,GPR,log,protocol_holdout,coverage,1,12,14.319053802295048
Formation,set1_dQn_m,GPR,log,protocol_holdout,coverage,1,24,15.061687274781685
Formation,set1_dQn_m,GPR,log,protocol_holdout,coverage,1,36,13.088042105879495
Formation,set1_dQn_m,GPR,log,protocol_holdout,coverage,1,48,12.363538264943612
Formation,set1_dQn_m,GPR,log,protocol_holdout,coverage,1,60,12.10562075831123
Formation,set1_dQn_m,GPR,log,protocol_holdout,coverage,1,72,12.503274141040766
Formation,set1_dQn_m,GPR,log,protocol_holdout,coverage,1,84,12.754446327063516
Formation,set1_dQn_m,GPR,log,protocol_holdout,coverage,1,96,13.314623857958734
Formation,set1_dQn_m,GPR,log,protocol_holdout,coverage,1,108,12.939113689495466
Formation,set1_dQn_m,GPR,log,protocol_holdout,coverage,1,120,12.75980481594858
Formation,set1_dQn_m,GPR,log,protocol_holdout,coverage,1,132,11.863968033055116
Formation,set1_dQn_m,GPR,log,protocol_holdout,coverage,1,144,11.472965076034756
Formation,set1_dQn_m,GPR,log,protocol_holdout,coverage,1,146,11.321053304348238
Formation,set1_dQn_m,GPR,log,protocol_holdout,coverage,2,12,34.36949822736782
Formation,set1_dQn_m,GPR,log,protocol_holdout,coverage,2,24,21.56212626973121
Formation,set1_dQn_m,GPR,log,protocol_holdout,coverage,2,36,19.413928688477263
Formation,set1_dQn_m,GPR,log,protocol_holdout,coverage,2,48,17.967843800361994
Formation,set1_dQn_m,GPR,log,protocol_holdout,coverage,2,60,16.443019260386375
Formation,set1_dQn_m,GPR,log,protocol_holdout,coverage,2,72,16.875235987402153
Formation,set1_dQn_m,GPR,log,protocol_holdout,coverage,2,84,16.85997024934553
Formation,set1_dQn_m,GPR,log,protocol_holdout,coverage,2,96,15.935835564931184
Formation,set1_dQn_m,GPR,log,protocol_holdout,coverage,2,108,16.37177319485228
Formation,set1_dQn_m,GPR,log,protocol_holdout,coverage,2,120,15.999826663762484
Formation,set1_dQn_m,GPR,log,protocol_holdout,coverage,2,132,16.13311241046029
Formation,set1_dQn_m,GPR,log,protocol_holdout,coverage,2,144,16.324795882104013
Formation,set1_dQn_m,GPR,log,protocol_holdout,coverage,2,146,16.353292406139282
Formation,set1_dQn_m,GPR,log,protocol_holdout,coverage,3,12,15.351134861189813
Formation,set1_dQn_m,GPR,log,protocol_holdout,coverage,3,24,10.835069368699656
Formation,set1_dQn_m,GPR,log,protocol_holdout,coverage,3,36,10.723309990124696
Formation,set1_dQn_m,GPR,log,protocol_holdout,coverage,3,48,11.73780284192488
Formation,set1_dQn_m,GPR,log,protocol_holdout,coverage,3,60,11.437655725413665
Formation,set1_dQn_m,GPR,log,protocol_holdout,coverage,3,72,9.67683054038638
Formation,set1_dQn_m,GPR,log,protocol_holdout,coverage,3,84,8.68427575093299
Formation,set1_dQn_m,GPR,log,protocol_holdout,coverage,3,96,8.25616774255516
Formation,set1_dQn_m,GPR,log,protocol_holdout,coverage,3,108,8.886592375346252
Formation,set1_dQn_m,GPR,log,protocol_holdout,coverage,3,120,8.8051082096807
Formation,set1_dQn_m,GPR,log,protocol_holdout,coverage,3,132,9.033163880824477
Formation,set1_dQn_m,GPR,log,protocol_holdout,coverage,3,144,9.011256961725524
Formation,set1_dQn_m,GPR,log,protocol_holdout,coverage,3,146,9.04284033337168
Formation,set1_dQn_m,GPR,log,protocol_holdout,coverage,4,12,17.693049973760786
Formation,set1_dQn_m,GPR,log,protocol_holdout,coverage,4,24,10.551013262600993
Formation,set1_dQn_m,GPR,log,protocol_holdout,coverage,4,36,13.73654550020071
Formation,set1_dQn_m,GPR,log,protocol_holdout,coverage,4,48,12.725905998056206
Formation,set1_dQn_m,GPR,log,protocol_holdout,coverage,4,60,12.50564761660485
Formation,set1_dQn_m,GPR,log,protocol_holdout,coverage,4,72,9.367958893286843
Formation,set1_dQn_m,GPR,log,protocol_holdout,coverage,4,84,9.156285059069678
Formation,set1_dQn_m,GPR,log,protocol_holdout,coverage,4,96,8.839092203116927
Formation,set1_dQn_m,GPR,log,protocol_holdout,coverage,4,108,8.564488875844274
Formation,set1_dQn_m,GPR,log,protocol_holdout,coverage,4,120,8.57041210088821
Formation,set1_dQn_m,GPR,log,protocol_holdout,coverage,4,132,8.815079815310032
Formation,set1_dQn_m,GPR,log,protocol_holdout,coverage,4,144,8.558618679841013
Formation,set1_dQn_m,GPR,log,protocol_holdout,coverage,4,146,8.511825181180587
Formation,set1_dQn_m,GPR,log,protocol_holdout,coverage,5,12,19.52264502723475
Formation,set1_dQn_m,GPR,log,protocol_holdout,coverage,5,24,13.9313880134905
Formation,set1_dQn_m,GPR,log,protocol_holdout,coverage,5,36,15.831264994750644
Formation,set1_dQn_m,GPR,log,protocol_holdout,coverage,5,48,13.024515174333157
Formation,set1_dQn_m,GPR,log,protocol_holdout,coverage,5,60,14.915323689681422
Formation,set1_dQn_m,GPR,log,protocol_holdout,coverage,5,72,13.267528665773488
Formation,set1_dQn_m,GPR,log,protocol_holdout,coverage,5,84,13.187885197875683
Formation,set1_dQn_m,GPR,log,protocol_holdout,coverage,5,96,13.035484895195587
Formation,set1_dQn_m,GPR,log,protocol_holdout,coverage,5,108,13.235692236521762
Formation,set1_dQn_m,GPR,log,protocol_holdout,coverage,5,120,12.755885269168896
Formation,set1_dQn_m,GPR,log,protocol_holdout,coverage,5,132,12.490774347942825
Formation,set1_dQn_m,GPR,log,protocol_holdout,coverage,5,144,12.33604710767342
Formation,set1_dQn_m,GPR,log,protocol_holdout,coverage,5,146,12.187412795735424
Formation,set1_dQn_m,GPR,log,protocol_holdout,coverage,6,12,19.2163946655631
Formation,set1_dQn_m,GPR,log,protocol_holdout,coverage,6,24,17.240719730924592
Formation,set1_dQn_m,GPR,log,protocol_holdout,coverage,6,36,12.867233351502795
Formation,set1_dQn_m,GPR,log,protocol_holdout,coverage,6,48,12.58542702391113
Formation,set1_dQn_m,GPR,log,protocol_holdout,coverage,6,60,10.998883687625725
Formation,set1_dQn_m,GPR,log,protocol_holdout,coverage,6,72,11.413386806834696
Formation,set1_dQn_m,GPR,log,protocol_holdout,coverage,6,84,10.119684475723028
Formation,set1_dQn_m,GPR,log,protocol_holdout,coverage,6,96,10.919626463680524
Formation,set1_dQn_m,GPR,log,protocol_holdout,coverage,6,108,10.661289201898011
Formation,set1_dQn_m,GPR,log,protocol_holdout,coverage,6,120,10.521562174893624
Formation,set1_dQn_m,GPR,log,protocol_holdout,coverage,6,132,10.230158425377368
Formation,set1_dQn_m,GPR,log,protocol_holdout,coverage,6,144,9.988471466465718
Formation,set1_dQn_m,GPR,log,protocol_holdout,coverage,6,146,9.761083564034374
Formation,set1_dQn_m,GPR,log,protocol_holdout,coverage,7,12,19.01781333379439
Formation,set1_dQn_m,GPR,log,protocol_holdout,coverage,7,24,18.795717539659567
Formation,set1_dQn_m,GPR,log,protocol_holdout,coverage,7,36,18.3563145583761
Formation,set1_dQn_m,GPR,log,protocol_holdout,coverage,7,48,17.816401052749516
Formation,set1_dQn_m,GPR,log,protocol_holdout,coverage,7,60,16.882938785574787
Formation,set1_dQn_m,GPR,log,protocol_holdout,coverage,7,72,15.787123733933765
Formation,set1_dQn_m,GPR,log,protocol_holdout,coverage,7,84,16.267825245312032
Formation,set1_dQn_m,GPR,log,protocol_holdout,coverage,7,96,14.25643516142434
Formation,set1_dQn_m,GPR,log,protocol_holdout,coverage,7,108,13.465313380382272
Formation,set1_dQn_m,GPR,log,protocol_holdout,coverage,7,120,13.23983103578407
Formation,set1_dQn_m,GPR,log,protocol_holdout,coverage,7,132,13.753701177816444
Formation,set1_dQn_m,GPR,log,protocol_holdout,coverage,7,144,13.33256215845164
Formation,set1_dQn_m,GPR,log,protocol_holdout,coverage,7,146,13.33341664425458
Formation,set1_dQn_m,GPR,log,protocol_holdout,coverage,8,12,18.534980797487123
Formation,set1_dQn_m,GPR,log,protocol_holdout,coverage,8,24,13.689640668309936
Formation,set1_dQn_m,GPR,log,protocol_holdout,coverage,8,36,12.513393372310372
Formation,set1_dQn_m,GPR,log,protocol_holdout,coverage,8,48,12.220741971570607
Formation,set1_dQn_m,GPR,log,protocol_holdout,coverage,8,60,10.762311585303934
Formation,set1_dQn_m,GPR,log,protocol_holdout,coverage,8,72,11.893669262048464
Formation,set1_dQn_m,GPR,log,protocol_holdout,coverage,8,84,11.480558944595504
Formation,set1_dQn_m,GPR,log,protocol_holdout,coverage,8,96,11.84404898070872
Formation,set1_dQn_m,GPR,log,protocol_holdout,coverage,8,108,11.698102198346866
Formation,set1_dQn_m,GPR,log,protocol_holdout,coverage,8,120,12.1119712349758
Formation,set1_dQn_m,GPR,log,protocol_holdout,coverage,8,132,12.412995365257034
Formation,set1_dQn_m,GPR,log,protocol_holdout,coverage,8,144,11.73208159208004
Formation,set1_dQn_m,GPR,log,protocol_holdout,coverage,8,146,11.633905929604644
Formation,set1_dQn_m,GPR,log,protocol_holdout,coverage,9,12,16.29288706658055
Formation,set1_dQn_m,GPR,log,protocol_holdout,coverage,9,24,13.848259279389165
Formation,set1_dQn_m,GPR,log,protocol_holdout,coverage,9,36,10.973198175317142
Formation,set1_dQn_m,GPR,log,protocol_holdout,coverage,9,48,11.890763439406449
Formation,set1_dQn_m,GPR,log,protocol_holdout,coverage,9,60,11.299618465156648
Formation,set1_dQn_m,GPR,log,protocol_holdout,coverage,9,72,10.263003082355867
Formation,set1_dQn_m,GPR,log,protocol_holdout,coverage,9,84,10.025054912597092
Formation,set1_dQn_m,GPR,log,protocol_holdout,coverage,9,96,10.257335720572597
Formation,set1_dQn_m,GPR,log,protocol_holdout,coverage,9,108,10.64686133958801
Formation,set1_dQn_m,GPR,log,protocol_holdout,coverage,9,120,11.27717980487806
Formation,set1_dQn_m,GPR,log,protocol_holdout,coverage,9,132,10.669638719515518
Formation,set1_dQn_m,GPR,log,protocol_holdout,coverage,9,144,10.083431965591796
Formation,set1_dQn_m,GPR,log,protocol_holdout,coverage,9,146,9.90137715744138
Formation,set1_dQn_m,GPR,log,protocol_holdout,coverage,10,12,16.84004484390809
Formation,set1_dQn_m,GPR,log,protocol_holdout,coverage,10,24,16.435271533717895
Formation,set1_dQn_m,GPR,log,protocol_holdout,coverage,10,36,14.798761567276284
Formation,set1_dQn_m,GPR,log,protocol_holdout,coverage,10,48,11.088573577564494
Formation,set1_dQn_m,GPR,log,protocol_holdout,coverage,10,60,13.05521221139552
Formation,set1_dQn_m,GPR,log,protocol_holdout,coverage,10,72,12.806108302399943
Formation,set1_dQn_m,GPR,log,protocol_holdout,coverage,10,84,12.961701314491588
Formation,set1_dQn_m,GPR,log,protocol_holdout,coverage,10,96,12.989299704219922
Formation,set1_dQn_m,GPR,log,protocol_holdout,coverage,10,108,13.403972598239196
Formation,set1_dQn_m,GPR,log,protocol_holdout,coverage,10,120,13.766555056199048
Formation,set1_dQn_m,GPR,log,protocol_holdout,coverage,10,132,13.379998120930836
Formation,set1_dQn_m,GPR,log,protocol_holdout,coverage,10,144,13.131253523916875
Formation,set1_dQn_m,GPR,log,protocol_holdout,coverage,10,146,13.110621829984556
Formation,set1_dQn_m,GPR,log,protocol_holdout,exploration,1,12,14.319053802295048
Formation,set1_dQn_m,GPR,log,protocol_holdout,exploration,1,24,14.856220130504926
Formation,set1_dQn_m,GPR,log,protocol_holdout,exploration,1,36,11.794418264312402
Formation,set1_dQn_m,GPR,log,protocol_holdout,exploration,1,48,11.96826005210926
Formation,set1_dQn_m,GPR,log,protocol_holdout,exploration,1,60,12.085627969657205
Formation,set1_dQn_m,GPR,log,protocol_holdout,exploration,1,72,13.10145724906545
Formation,set1_dQn_m,GPR,log,protocol_holdout,exploration,1,84,12.183245125573414
Formation,set1_dQn_m,GPR,log,protocol_holdout,exploration,1,96,12.130176997647256
Formation,set1_dQn_m,GPR,log,protocol_holdout,exploration,1,108,11.792728481882348
Formation,set1_dQn_m,GPR,log,protocol_holdout,exploration,1,120,11.148234958373472
Formation,set1_dQn_m,GPR,log,protocol_holdout,exploration,1,132,11.432314243884168
Formation,set1_dQn_m,GPR,log,protocol_holdout,exploration,1,144,11.200510133226944
Formation,set1_dQn_m,GPR,log,protocol_holdout,exploration,1,146,11.321053304348238
Formation,set1_dQn_m,GPR,log,protocol_holdout,exploration,2,12,34.36949822736782
Formation,set1_dQn_m,GPR,log,protocol_holdout,exploration,2,24,18.90550385768973
Formation,set1_dQn_m,GPR,log,protocol_holdout,exploration,2,36,17.73262900315165
Formation,set1_dQn_m,GPR,log,protocol_holdout,exploration,2,48,16.209866012401108
Formation,set1_dQn_m,GPR,log,protocol_holdout,exploration,2,60,18.49688597169845
Formation,set1_dQn_m,GPR,log,protocol_holdout,exploration,2,72,18.222182220394668
Formation,set1_dQn_m,GPR,log,protocol_holdout,exploration,2,84,16.368842493933855
Formation,set1_dQn_m,GPR,log,protocol_holdout,exploration,2,96,16.30592736527006
Formation,set1_dQn_m,GPR,log,protocol_holdout,exploration,2,108,16.538746752732365
Formation,set1_dQn_m,GPR,log,protocol_holdout,exploration,2,120,16.251781747109426
Formation,set1_dQn_m,GPR,log,protocol_holdout,exploration,2,132,16.304004242845203
Formation,set1_dQn_m,GPR,log,protocol_holdout,exploration,2,144,16.372964775978552
Formation,set1_dQn_m,GPR,log,protocol_holdout,exploration,2,146,16.353292406139282
Formation,set1_dQn_m,GPR,log,protocol_holdout,exploration,3,12,15.351134861189813
Formation,set1_dQn_m,GPR,log,protocol_holdout,exploration,3,24,11.590724684782357
Formation,set1_dQn_m,GPR,log,protocol_holdout,exploration,3,36,9.091210471878664
Formation,set1_dQn_m,GPR,log,protocol_holdout,exploration,3,48,11.415029824331503
Formation,set1_dQn_m,GPR,log,protocol_holdout,exploration,3,60,10.318367612216994
Formation,set1_dQn_m,GPR,log,protocol_holdout,exploration,3,72,10.516179169690236
Formation,set1_dQn_m,GPR,log,protocol_holdout,exploration,3,84,10.471712737808645
Formation,set1_dQn_m,GPR,log,protocol_holdout,exploration,3,96,9.1882201541913
Formation,set1_dQn_m,GPR,log,protocol_holdout,exploration,3,108,9.042333273827358
Formation,set1_dQn_m,GPR,log,protocol_holdout,exploration,3,120,8.842564985224694
Formation,set1_dQn_m,GPR,log,protocol_holdout,exploration,3,132,8.97978940229171
Formation,set1_dQn_m,GPR,log,protocol_holdout,exploration,3,144,9.107036016575009
Formation,set1_dQn_m,GPR,log,protocol_holdout,exploration,3,146,9.04284033337168
Formation,set1_dQn_m,GPR,log,protocol_holdout,exploration,4,12,17.693049973760786
Formation,set1_dQn_m,GPR,log,protocol_holdout,exploration,4,24,10.551013262600993
Formation,set1_dQn_m,GPR,log,protocol_holdout,exploration,4,36,14.631240750145718
Formation,set1_dQn_m,GPR,log,protocol_holdout,exploration,4,48,14.131570218407266
Formation,set1_dQn_m,GPR,log,protocol_holdout,exploration,4,60,12.233326549603424
Formation,set1_dQn_m,GPR,log,protocol_holdout,exploration,4,72,12.948218089681651
Formation,set1_dQn_m,GPR,log,protocol_holdout,exploration,4,84,11.510072188165989
Formation,set1_dQn_m,GPR,log,protocol_holdout,exploration,4,96,9.5731803721127
Formation,set1_dQn_m,GPR,log,protocol_holdout,exploration,4,108,9.563193853317904
Formation,set1_dQn_m,GPR,log,protocol_holdout,exploration,4,120,9.285901942677365
Formation,set1_dQn_m,GPR,log,protocol_holdout,exploration,4,132,8.569424073420368
Formation,set1_dQn_m,GPR,log,protocol_holdout,exploration,4,144,8.594572406656507
Formation,set1_dQn_m,GPR,log,protocol_holdout,exploration,4,146,8.511825181180587
Formation,set1_dQn_m,GPR,log,protocol_holdout,exploration,5,12,19.52264502723475
Formation,set1_dQn_m,GPR,log,protocol_holdout,exploration,5,24,11.65251558427464
Formation,set1_dQn_m,GPR,log,protocol_holdout,exploration,5,36,12.633068179136243
Formation,set1_dQn_m,GPR,log,protocol_holdout,exploration,5,48,11.605775072917275
Formation,set1_dQn_m,GPR,log,protocol_holdout,exploration,5,60,12.52100931856095
Formation,set1_dQn_m,GPR,log,protocol_holdout,exploration,5,72,13.392884892065574
Formation,set1_dQn_m,GPR,log,protocol_holdout,exploration,5,84,13.48620860608774
Formation,set1_dQn_m,GPR,log,protocol_holdout,exploration,5,96,13.189926363275958
Formation,set1_dQn_m,GPR,log,protocol_holdout,exploration,5,108,13.080035040347123
Formation,set1_dQn_m,GPR,log,protocol_holdout,exploration,5,120,12.259365017229662
Formation,set1_dQn_m,GPR,log,protocol_holdout,exploration,5,132,12.749773634903828
Formation,set1_dQn_m,GPR,log,protocol_holdout,exploration,5,144,12.162680994404152
Formation,set1_dQn_m,GPR,log,protocol_holdout,exploration,5,146,12.187412795735424
Formation,set1_dQn_m,GPR,log,protocol_holdout,exploration,6,12,19.2163946655631
Formation,set1_dQn_m,GPR,log,protocol_holdout,exploration,6,24,13.135165069849473
Formation,set1_dQn_m,GPR,log,protocol_holdout,exploration,6,36,10.2336677100281
Formation,set1_dQn_m,GPR,log,protocol_holdout,exploration,6,48,12.512036600821045
Formation,set1_dQn_m,GPR,log,protocol_holdout,exploration,6,60,12.368568686361144
Formation,set1_dQn_m,GPR,log,protocol_holdout,exploration,6,72,11.063774779105962
Formation,set1_dQn_m,GPR,log,protocol_holdout,exploration,6,84,12.243191617339678
Formation,set1_dQn_m,GPR,log,protocol_holdout,exploration,6,96,11.399560563529803
Formation,set1_dQn_m,GPR,log,protocol_holdout,exploration,6,108,10.6127684917094
Formation,set1_dQn_m,GPR,log,protocol_holdout,exploration,6,120,10.006482075016637
Formation,set1_dQn_m,GPR,log,protocol_holdout,exploration,6,132,9.874842368256417
Formation,set1_dQn_m,GPR,log,protocol_holdout,exploration,6,144,9.79850851832182
Formation,set1_dQn_m,GPR,log,protocol_holdout,exploration,6,146,9.761083564034374
Formation,set1_dQn_m,GPR,log,protocol_holdout,exploration,7,12,19.01781333379439
Formation,set1_dQn_m,GPR,log,protocol_holdout,exploration,7,24,18.795717539659567
Formation,set1_dQn_m,GPR,log,protocol_holdout,exploration,7,36,21.240763220156133
Formation,set1_dQn_m,GPR,log,protocol_holdout,exploration,7,48,17.637338693109264
Formation,set1_dQn_m,GPR,log,protocol_holdout,exploration,7,60,17.686945578035242
Formation,set1_dQn_m,GPR,log,protocol_holdout,exploration,7,72,14.887668251756892
Formation,set1_dQn_m,GPR,log,protocol_holdout,exploration,7,84,14.330970152579644
Formation,set1_dQn_m,GPR,log,protocol_holdout,exploration,7,96,13.862815080496352
Formation,set1_dQn_m,GPR,log,protocol_holdout,exploration,7,108,13.988836809793687
Formation,set1_dQn_m,GPR,log,protocol_holdout,exploration,7,120,13.797826970356809
Formation,set1_dQn_m,GPR,log,protocol_holdout,exploration,7,132,13.55051900127078
Formation,set1_dQn_m,GPR,log,protocol_holdout,exploration,7,144,13.406994970898957
Formation,set1_dQn_m,GPR,log,protocol_holdout,exploration,7,146,13.33341664425458
Formation,set1_dQn_m,GPR,log,protocol_holdout,exploration,8,12,18.534980797487123
Formation,set1_dQn_m,GPR,log,protocol_holdout,exploration,8,24,12.36466196578152
Formation,set1_dQn_m,GPR,log,protocol_holdout,exploration,8,36,10.368099797479667
Formation,set1_dQn_m,GPR,log,protocol_holdout,exploration,8,48,9.964068642640283
Formation,set1_dQn_m,GPR,log,protocol_holdout,exploration,8,60,10.172727115829616
Formation,set1_dQn_m,GPR,log,protocol_holdout,exploration,8,72,10.412082342844853
Formation,set1_dQn_m,GPR,log,protocol_holdout,exploration,8,84,11.799743325719405
Formation,set1_dQn_m,GPR,log,protocol_holdout,exploration,8,96,11.298537716863256
Formation,set1_dQn_m,GPR,log,protocol_holdout,exploration,8,108,10.589068462755716
Formation,set1_dQn_m,GPR,log,protocol_holdout,exploration,8,120,11.512602110180282
Formation,set1_dQn_m,GPR,log,protocol_holdout,exploration,8,132,11.290980336000128
Formation,set1_dQn_m,GPR,log,protocol_holdout,exploration,8,144,11.555233965663684
Formation,set1_dQn_m,GPR,log,protocol_holdout,exploration,8,146,11.633905929604644
Formation,set1_dQn_m,GPR,log,protocol_holdout,exploration,9,12,16.29288706658055
Formation,set1_dQn_m,GPR,log,protocol_holdout,exploration,9,24,12.333385119621344
Formation,set1_dQn_m,GPR,log,protocol_holdout,exploration,9,36,12.042339357601204
Formation,set1_dQn_m,GPR,log,protocol_holdout,exploration,9,48,12.488774423552288
Formation,set1_dQn_m,GPR,log,protocol_holdout,exploration,9,60,10.754342698884592
Formation,set1_dQn_m,GPR,log,protocol_holdout,exploration,9,72,11.19475063785808
Formation,set1_dQn_m,GPR,log,protocol_holdout,exploration,9,84,10.78051509596012
Formation,set1_dQn_m,GPR,log,protocol_holdout,exploration,9,96,10.689501994872352
Formation,set1_dQn_m,GPR,log,protocol_holdout,exploration,9,108,10.343967934245471
Formation,set1_dQn_m,GPR,log,protocol_holdout,exploration,9,120,10.138220687823312
Formation,set1_dQn_m,GPR,log,protocol_holdout,exploration,9,132,10.25033842664128
Formation,set1_dQn_m,GPR,log,protocol_holdout,exploration,9,144,9.907115070064211
Formation,set1_dQn_m,GPR,log,protocol_holdout,exploration,9,146,9.90137715744138
Formation,set1_dQn_m,GPR,log,protocol_holdout,exploration,10,12,16.84004484390809
Formation,set1_dQn_m,GPR,log,protocol_holdout,exploration,10,24,13.16208749783664
Formation,set1_dQn_m,GPR,log,protocol_holdout,exploration,10,36,9.541122383939811
Formation,set1_dQn_m,GPR,log,protocol_holdout,exploration,10,48,12.497444039278712
Formation,set1_dQn_m,GPR,log,protocol_holdout,exploration,10,60,11.830423851896558
Formation,set1_dQn_m,GPR,log,protocol_holdout,exploration,10,72,11.124091344845592
Formation,set1_dQn_m,GPR,log,protocol_holdout,exploration,10,84,11.469010452434269
Formation,set1_dQn_m,GPR,log,protocol_holdout,exploration,10,96,14.041232110596653
Formation,set1_dQn_m,GPR,log,protocol_holdout,exploration,10,108,13.349524062559054
Formation,set1_dQn_m,GPR,log,protocol_holdout,exploration,10,120,13.396165930898848
Formation,set1_dQn_m,GPR,log,protocol_holdout,exploration,10,132,13.399145536396531
Formation,set1_dQn_m,GPR,log,protocol_holdout,exploration,10,144,13.236436992963368
Formation,set1_dQn_m,GPR,log,protocol_holdout,exploration,10,146,13.110621829984556
Formation,set1_dQn_m,GPR,log,protocol_holdout,exploitation,1,12,14.319053802295048
Formation,set1_dQn_m,GPR,log,protocol_holdout,exploitation,1,24,13.17433181759525
Formation,set1_dQn_m,GPR,log,protocol_holdout,exploitation,1,36,13.083493112684556
Formation,set1_dQn_m,GPR,log,protocol_holdout,exploitation,1,48,13.109032446229463
Formation,set1_dQn_m,GPR,log,protocol_holdout,exploitation,1,60,12.858082835777664
Formation,set1_dQn_m,GPR,log,protocol_holdout,exploitation,1,72,12.51321506156664
Formation,set1_dQn_m,GPR,log,protocol_holdout,exploitation,1,84,12.361004728619823
Formation,set1_dQn_m,GPR,log,protocol_holdout,exploitation,1,96,12.998085347995318
Formation,set1_dQn_m,GPR,log,protocol_holdout,exploitation,1,108,12.77060249284464
Formation,set1_dQn_m,GPR,log,protocol_holdout,exploitation,1,120,13.151756713746607
Formation,set1_dQn_m,GPR,log,protocol_holdout,exploitation,1,132,11.196541141590142
Formation,set1_dQn_m,GPR,log,protocol_holdout,exploitation,1,144,11.254326683260397
Formation,set1_dQn_m,GPR,log,protocol_holdout,exploitation,1,146,11.321053304348238
Formation,set1_dQn_m,GPR,log,protocol_holdout,exploitation,2,12,34.36949822736782
Formation,set1_dQn_m,GPR,log,protocol_holdout,exploitation,2,24,21.057165673557385
Formation,set1_dQn_m,GPR,log,protocol_holdout,exploitation,2,36,21.29623918969033
Formation,set1_dQn_m,GPR,log,protocol_holdout,exploitation,2,48,21.802722592688923
Formation,set1_dQn_m,GPR,log,protocol_holdout,exploitation,2,60,21.76538121155417
Formation,set1_dQn_m,GPR,log,protocol_holdout,exploitation,2,72,20.08636356461793
Formation,set1_dQn_m,GPR,log,protocol_holdout,exploitation,2,84,17.302144414176038
Formation,set1_dQn_m,GPR,log,protocol_holdout,exploitation,2,96,17.430435794883287
Formation,set1_dQn_m,GPR,log,protocol_holdout,exploitation,2,108,16.87758224471024
Formation,set1_dQn_m,GPR,log,protocol_holdout,exploitation,2,120,16.750825779172505
Formation,set1_dQn_m,GPR,log,protocol_holdout,exploitation,2,132,16.167618431154498
Formation,set1_dQn_m,GPR,log,protocol_holdout,exploitation,2,144,16.281990778427986
Formation,set1_dQn_m,GPR,log,protocol_holdout,exploitation,2,146,16.353292406139282
Formation,set1_dQn_m,GPR,log,protocol_holdout,exploitation,3,12,15.351134861189813
Formation,set1_dQn_m,GPR,log,protocol_holdout,exploitation,3,24,11.590724684782357
Formation,set1_dQn_m,GPR,log,protocol_holdout,exploitation,3,36,12.257033159209636
Formation,set1_dQn_m,GPR,log,protocol_holdout,exploitation,3,48,13.370186888955995
Formation,set1_dQn_m,GPR,log,protocol_holdout,exploitation,3,60,11.537531917688858
Formation,set1_dQn_m,GPR,log,protocol_holdout,exploitation,3,72,12.095639200653526
Formation,set1_dQn_m,GPR,log,protocol_holdout,exploitation,3,84,12.159024481231665
Formation,set1_dQn_m,GPR,log,protocol_holdout,exploitation,3,96,10.81407800903264
Formation,set1_dQn_m,GPR,log,protocol_holdout,exploitation,3,108,10.166423345177854
Formation,set1_dQn_m,GPR,log,protocol_holdout,exploitation,3,120,9.742029915818511
Formation,set1_dQn_m,GPR,log,protocol_holdout,exploitation,3,132,10.10789142806721
Formation,set1_dQn_m,GPR,log,protocol_holdout,exploitation,3,144,9.056386582334076
Formation,set1_dQn_m,GPR,log,protocol_holdout,exploitation,3,146,9.04284033337168
Formation,set1_dQn_m,GPR,log,protocol_holdout,exploitation,4,12,17.693049973760786
Formation,set1_dQn_m,GPR,log,protocol_holdout,exploitation,4,24,21.20084660056234
Formation,set1_dQn_m,GPR,log,protocol_holdout,exploitation,4,36,13.203533738237985
Formation,set1_dQn_m,GPR,log,protocol_holdout,exploitation,4,48,13.583648024746628
Formation,set1_dQn_m,GPR,log,protocol_holdout,exploitation,4,60,8.838960088920407
Formation,set1_dQn_m,GPR,log,protocol_holdout,exploitation,4,72,8.116405983627077
Formation,set1_dQn_m,GPR,log,protocol_holdout,exploitation,4,84,9.768076321258008
Formation,set1_dQn_m,GPR,log,protocol_holdout,exploitation,4,96,9.104344006351782
Formation,set1_dQn_m,GPR,log,protocol_holdout,exploitation,4,108,9.0494150074875
Formation,set1_dQn_m,GPR,log,protocol_holdout,exploitation,4,120,9.6176439316482
Formation,set1_dQn_m,GPR,log,protocol_holdout,exploitation,4,132,8.807878082455108
Formation,set1_dQn_m,GPR,log,protocol_holdout,exploitation,4,144,8.383389671036474
Formation,set1_dQn_m,GPR,log,protocol_holdout,exploitation,4,146,8.511825181180587
Formation,set1_dQn_m,GPR,log,protocol_holdout,exploitation,5,12,19.52264502723475
Formation,set1_dQn_m,GPR,log,protocol_holdout,exploitation,5,24,13.856601120553512
Formation,set1_dQn_m,GPR,log,protocol_holdout,exploitation,5,36,13.97532632928852
Formation,set1_dQn_m,GPR,log,protocol_holdout,exploitation,5,48,13.24642878490409
Formation,set1_dQn_m,GPR,log,protocol_holdout,exploitation,5,60,13.090365177648469
Formation,set1_dQn_m,GPR,log,protocol_holdout,exploitation,5,72,14.17588417294446
Formation,set1_dQn_m,GPR,log,protocol_holdout,exploitation,5,84,13.137144915958476
Formation,set1_dQn_m,GPR,log,protocol_holdout,exploitation,5,96,13.36617180189918
Formation,set1_dQn_m,GPR,log,protocol_holdout,exploitation,5,108,12.987384703795618
Formation,set1_dQn_m,GPR,log,protocol_holdout,exploitation,5,120,12.748945662927834
Formation,set1_dQn_m,GPR,log,protocol_holdout,exploitation,5,132,12.266682557284811
Formation,set1_dQn_m,GPR,log,protocol_holdout,exploitation,5,144,12.204496082095051
Formation,set1_dQn_m,GPR,log,protocol_holdout,exploitation,5,146,12.187412795735424
Formation,set1_dQn_m,GPR,log,protocol_holdout,exploitation,6,12,19.2163946655631
Formation,set1_dQn_m,GPR,log,protocol_holdout,exploitation,6,24,16.780027348871016
Formation,set1_dQn_m,GPR,log,protocol_holdout,exploitation,6,36,20.216805657879416
Formation,set1_dQn_m,GPR,log,protocol_holdout,exploitation,6,48,16.89184900668372
Formation,set1_dQn_m,GPR,log,protocol_holdout,exploitation,6,60,15.542066616867444
Formation,set1_dQn_m,GPR,log,protocol_holdout,exploitation,6,72,14.272754777617486
Formation,set1_dQn_m,GPR,log,protocol_holdout,exploitation,6,84,8.757003668339362
Formation,set1_dQn_m,GPR,log,protocol_holdout,exploitation,6,96,9.776386819566492
Formation,set1_dQn_m,GPR,log,protocol_holdout,exploitation,6,108,10.040974377152748
Formation,set1_dQn_m,GPR,log,protocol_holdout,exploitation,6,120,9.76161308079256
Formation,set1_dQn_m,GPR,log,protocol_holdout,exploitation,6,132,9.307700646254032
Formation,set1_dQn_m,GPR,log,protocol_holdout,exploitation,6,144,9.711478019033647
Formation,set1_dQn_m,GPR,log,protocol_holdout,exploitation,6,146,9.761083564034374
Formation,set1_dQn_m,GPR,log,protocol_holdout,exploitation,7,12,19.01781333379439
Formation,set1_dQn_m,GPR,log,protocol_holdout,exploitation,7,24,19.01685730010642
Formation,set1_dQn_m,GPR,log,protocol_holdout,exploitation,7,36,19.29430938050548
Formation,set1_dQn_m,GPR,log,protocol_holdout,exploitation,7,48,16.036082914876896
Formation,set1_dQn_m,GPR,log,protocol_holdout,exploitation,7,60,14.328304742011785
Formation,set1_dQn_m,GPR,log,protocol_holdout,exploitation,7,72,13.446302602999284
Formation,set1_dQn_m,GPR,log,protocol_holdout,exploitation,7,84,13.585590975708882
Formation,set1_dQn_m,GPR,log,protocol_holdout,exploitation,7,96,12.020690169328509
Formation,set1_dQn_m,GPR,log,protocol_holdout,exploitation,7,108,12.998640149582345
Formation,set1_dQn_m,GPR,log,protocol_holdout,exploitation,7,120,13.415365465520363
Formation,set1_dQn_m,GPR,log,protocol_holdout,exploitation,7,132,13.246633246493452
Formation,set1_dQn_m,GPR,log,protocol_holdout,exploitation,7,144,13.37926736161624
Formation,set1_dQn_m,GPR,log,protocol_holdout,exploitation,7,146,13.33341664425458
Formation,set1_dQn_m,GPR,log,protocol_holdout,exploitation,8,12,18.534980797487123
Formation,set1_dQn_m,GPR,log,protocol_holdout,exploitation,8,24,14.597845946989644
Formation,set1_dQn_m,GPR,log,protocol_holdout,exploitation,8,36,15.413158617399317
Formation,set1_dQn_m,GPR,log,protocol_holdout,exploitation,8,48,13.527487055823295
Formation,set1_dQn_m,GPR,log,protocol_holdout,exploitation,8,60,10.70317918417564
Formation,set1_dQn_m,GPR,log,protocol_holdout,exploitation,8,72,10.200495298276635
Formation,set1_dQn_m,GPR,log,protocol_holdout,exploitation,8,84,10.316490220458071
Formation,set1_dQn_m,GPR,log,protocol_holdout,exploitation,8,96,10.520343549231177
Formation,set1_dQn_m,GPR,log,protocol_holdout,exploitation,8,108,10.892571744125872
Formation,set1_dQn_m,GPR,log,protocol_holdout,exploitation,8,120,10.82371913622733
Formation,set1_dQn_m,GPR,log,protocol_holdout,exploitation,8,132,11.216649227655337
Formation,set1_dQn_m,GPR,log,protocol_holdout,exploitation,8,144,11.528353488409705
Formation,set1_dQn_m,GPR,log,protocol_holdout,exploitation,8,146,11.633905929604644
Formation,set1_dQn_m,GPR,log,protocol_holdout,exploitation,9,12,16.29288706658055
Formation,set1_dQn_m,GPR,log,protocol_holdout,exploitation,9,24,12.940358578103831
Formation,set1_dQn_m,GPR,log,protocol_holdout,exploitation,9,36,12.794865922578836
Formation,set1_dQn_m,GPR,log,protocol_holdout,exploitation,9,48,12.25732131730163
Formation,set1_dQn_m,GPR,log,protocol_holdout,exploitation,9,60,12.453762062652844
Formation,set1_dQn_m,GPR,log,protocol_holdout,exploitation,9,72,13.250106646616722
Formation,set1_dQn_m,GPR,log,protocol_holdout,exploitation,9,84,12.103619632949822
Formation,set1_dQn_m,GPR,log,protocol_holdout,exploitation,9,96,11.712367969824454
Formation,set1_dQn_m,GPR,log,protocol_holdout,exploitation,9,108,10.578958306975396
Formation,set1_dQn_m,GPR,log,protocol_holdout,exploitation,9,120,10.568764782758834
Formation,set1_dQn_m,GPR,log,protocol_holdout,exploitation,9,132,9.978745619788528
Formation,set1_dQn_m,GPR,log,protocol_holdout,exploitation,9,144,9.90584003198675
Formation,set1_dQn_m,GPR,log,protocol_holdout,exploitation,9,146,9.90137715744138
Formation,set1_dQn_m,GPR,log,protocol_holdout,exploitation,10,12,16.84004484390809
Formation,set1_dQn_m,GPR,log,protocol_holdout,exploitation,10,24,13.159220410911644
Formation,set1_dQn_m,GPR,log,protocol_holdout,exploitation,10,36,14.963545719551352
Formation,set1_dQn_m,GPR,log,protocol_holdout,exploitation,10,48,12.51626851328102
Formation,set1_dQn_m,GPR,log,protocol_holdout,exploitation,10,60,13.947457585769998
Formation,set1_dQn_m,GPR,log,protocol_holdout,exploitation,10,72,11.88659956700479
Formation,set1_dQn_m,GPR,log,protocol_holdout,exploitation,10,84,12.423070304536186
Formation,set1_dQn_m,GPR,log,protocol_holdout,exploitation,10,96,12.165932882641792
Formation,set1_dQn_m,GPR,log,protocol_holdout,exploitation,10,108,11.990592658788426
Formation,set1_dQn_m,GPR,log,protocol_holdout,exploitation,10,120,11.835992045171
Formation,set1_dQn_m,GPR,log,protocol_holdout,exploitation,10,132,12.876777367917358
Formation,set1_dQn_m,GPR,log,protocol_holdout,exploitation,10,144,13.087969079607396
Formation,set1_dQn_m,GPR,log,protocol_holdout,exploitation,10,146,13.110621829984556
Formation,set1_dQn_m,GPR,log,protocol_holdout,hybrid,1,12,14.319053802295048
Formation,set1_dQn_m,GPR,log,protocol_holdout,hybrid,1,24,14.66291098759745
Formation,set1_dQn_m,GPR,log,protocol_holdout,hybrid,1,36,12.611263484993952
Formation,set1_dQn_m,GPR,log,protocol_holdout,hybrid,1,48,12.720565559815675
Formation,set1_dQn_m,GPR,log,protocol_holdout,hybrid,1,60,12.848431453916067
Formation,set1_dQn_m,GPR,log,protocol_holdout,hybrid,1,72,13.03672895560537
Formation,set1_dQn_m,GPR,log,protocol_holdout,hybrid,1,84,13.486789124957422
Formation,set1_dQn_m,GPR,log,protocol_holdout,hybrid,1,96,13.10227551637727
Formation,set1_dQn_m,GPR,log,protocol_holdout,hybrid,1,108,12.488312260282576
Formation,set1_dQn_m,GPR,log,protocol_holdout,hybrid,1,120,11.481629773665182
Formation,set1_dQn_m,GPR,log,protocol_holdout,hybrid,1,132,11.296861079659998
Formation,set1_dQn_m,GPR,log,protocol_holdout,hybrid,1,144,11.229713122468768
Formation,set1_dQn_m,GPR,log,protocol_holdout,hybrid,1,146,11.321053304348238
Formation,set1_dQn_m,GPR,log,protocol_holdout,hybrid,2,12,34.36949822736782
Formation,set1_dQn_m,GPR,log,protocol_holdout,hybrid,2,24,24.286414711130966
Formation,set1_dQn_m,GPR,log,protocol_holdout,hybrid,2,36,20.267951930724003
Formation,set1_dQn_m,GPR,log,protocol_holdout,hybrid,2,48,17.67910782786919
Formation,set1_dQn_m,GPR,log,protocol_holdout,hybrid,2,60,18.05557508923552
Formation,set1_dQn_m,GPR,log,protocol_holdout,hybrid,2,72,16.681397805811677
Formation,set1_dQn_m,GPR,log,protocol_holdout,hybrid,2,84,16.54239776237001
Formation,set1_dQn_m,GPR,log,protocol_holdout,hybrid,2,96,16.310077072677558
Formation,set1_dQn_m,GPR,log,protocol_holdout,hybrid,2,108,16.390110132183082
Formation,set1_dQn_m,GPR,log,protocol_holdout,hybrid,2,120,16.20905249216332
Formation,set1_dQn_m,GPR,log,protocol_holdout,hybrid,2,132,16.42563825779586
Formation,set1_dQn_m,GPR,log,protocol_holdout,hybrid,2,144,16.371705777559345
Formation,set1_dQn_m,GPR,log,protocol_holdout,hybrid,2,146,16.353292406139282
Formation,set1_dQn_m,GPR,log,protocol_holdout,hybrid,3,12,15.351134861189813
Formation,set1_dQn_m,GPR,log,protocol_holdout,hybrid,3,24,10.764600645138689
Formation,set1_dQn_m,GPR,log,protocol_holdout,hybrid,3,36,11.61957585838801
Formation,set1_dQn_m,GPR,log,protocol_holdout,hybrid,3,48,10.46681377515931
Formation,set1_dQn_m,GPR,log,protocol_holdout,hybrid,3,60,11.721282309162683
Formation,set1_dQn_m,GPR,log,protocol_holdout,hybrid,3,72,9.936426769895464
Formation,set1_dQn_m,GPR,log,protocol_holdout,hybrid,3,84,9.839277291489578
Formation,set1_dQn_m,GPR,log,protocol_holdout,hybrid,3,96,8.952499545974824
Formation,set1_dQn_m,GPR,log,protocol_holdout,hybrid,3,108,9.69904512170936
Formation,set1_dQn_m,GPR,log,protocol_holdout,hybrid,3,120,9.5295069150352
Formation,set1_dQn_m,GPR,log,protocol_holdout,hybrid,3,132,9.151032177115644
Formation,set1_dQn_m,GPR,log,protocol_holdout,hybrid,3,144,9.13398010116843
Formation,set1_dQn_m,GPR,log,protocol_holdout,hybrid,3,146,9.04284033337168
Formation,set1_dQn_m,GPR,log,protocol_holdout,hybrid,4,12,17.693049973760786
Formation,set1_dQn_m,GPR,log,protocol_holdout,hybrid,4,24,15.383317404128077
Formation,set1_dQn_m,GPR,log,protocol_holdout,hybrid,4,36,13.496555183499265
Formation,set1_dQn_m,GPR,log,protocol_holdout,hybrid,4,48,11.152398820942144
Formation,set1_dQn_m,GPR,log,protocol_holdout,hybrid,4,60,11.085101781777604
Formation,set1_dQn_m,GPR,log,protocol_holdout,hybrid,4,72,12.259094262299293
Formation,set1_dQn_m,GPR,log,protocol_holdout,hybrid,4,84,10.03427669588552
Formation,set1_dQn_m,GPR,log,protocol_holdout,hybrid,4,96,9.481587076963631
Formation,set1_dQn_m,GPR,log,protocol_holdout,hybrid,4,108,8.593333156762577
Formation,set1_dQn_m,GPR,log,protocol_holdout,hybrid,4,120,8.760095754328894
Formation,set1_dQn_m,GPR,log,protocol_holdout,hybrid,4,132,8.615476143063987
Formation,set1_dQn_m,GPR,log,protocol_holdout,hybrid,4,144,8.615353172336397
Formation,set1_dQn_m,GPR,log,protocol_holdout,hybrid,4,146,8.511825181180587
Formation,set1_dQn_m,GPR,log,protocol_holdout,hybrid,5,12,19.52264502723475
Formation,set1_dQn_m,GPR,log,protocol_holdout,hybrid,5,24,12.928940576681224
Formation,set1_dQn_m,GPR,log,protocol_holdout,hybrid,5,36,12.831055014238284
Formation,set1_dQn_m,GPR,log,protocol_holdout,hybrid,5,48,14.235528276545123
Formation,set1_dQn_m,GPR,log,protocol_holdout,hybrid,5,60,14.304561463597624
Formation,set1_dQn_m,GPR,log,protocol_holdout,hybrid,5,72,14.0811028143526
Formation,set1_dQn_m,GPR,log,protocol_holdout,hybrid,5,84,13.365589847792286
Formation,set1_dQn_m,GPR,log,protocol_holdout,hybrid,5,96,13.242654443575187
Formation,set1_dQn_m,GPR,log,protocol_holdout,hybrid,5,108,12.700211903548803
Formation,set1_dQn_m,GPR,log,protocol_holdout,hybrid,5,120,12.7037814414564
Formation,set1_dQn_m,GPR,log,protocol_holdout,hybrid,5,132,13.009301366498368
Formation,set1_dQn_m,GPR,log,protocol_holdout,hybrid,5,144,12.31339919085504
Formation,set1_dQn_m,GPR,log,protocol_holdout,hybrid,5,146,12.187412795735424
Formation,set1_dQn_m,GPR,log,protocol_holdout,hybrid,6,12,19.2163946655631
Formation,set1_dQn_m,GPR,log,protocol_holdout,hybrid,6,24,17.556320230032078
Formation,set1_dQn_m,GPR,log,protocol_holdout,hybrid,6,36,16.649641565288594
Formation,set1_dQn_m,GPR,log,protocol_holdout,hybrid,6,48,12.62566327212474
Formation,set1_dQn_m,GPR,log,protocol_holdout,hybrid,6,60,14.392436951554682
Formation,set1_dQn_m,GPR,log,protocol_holdout,hybrid,6,72,12.651251696232707
Formation,set1_dQn_m,GPR,log,protocol_holdout,hybrid,6,84,12.535002969518674
Formation,set1_dQn_m,GPR,log,protocol_holdout,hybrid,6,96,11.74683674134744
Formation,set1_dQn_m,GPR,log,protocol_holdout,hybrid,6,108,11.687177407481524
Formation,set1_dQn_m,GPR,log,protocol_holdout,hybrid,6,120,10.929851902875331
Formation,set1_dQn_m,GPR,log,protocol_holdout,hybrid,6,132,10.716800099555806
Formation,set1_dQn_m,GPR,log,protocol_holdout,hybrid,6,144,9.935514370732422
Formation,set1_dQn_m,GPR,log,protocol_holdout,hybrid,6,146,9.761083564034374
Formation,set1_dQn_m,GPR,log,protocol_holdout,hybrid,7,12,19.01781333379439
Formation,set1_dQn_m,GPR,log,protocol_holdout,hybrid,7,24,18.956613439847388
Formation,set1_dQn_m,GPR,log,protocol_holdout,hybrid,7,36,16.470185625258104
Formation,set1_dQn_m,GPR,log,protocol_holdout,hybrid,7,48,15.209295226940371
Formation,set1_dQn_m,GPR,log,protocol_holdout,hybrid,7,60,15.999644859152816
Formation,set1_dQn_m,GPR,log,protocol_holdout,hybrid,7,72,15.66579288473496
Formation,set1_dQn_m,GPR,log,protocol_holdout,hybrid,7,84,14.816338416166586
Formation,set1_dQn_m,GPR,log,protocol_holdout,hybrid,7,96,14.235854512311462
Formation,set1_dQn_m,GPR,log,protocol_holdout,hybrid,7,108,13.8416584099338
Formation,set1_dQn_m,GPR,log,protocol_holdout,hybrid,7,120,13.93194663945476
Formation,set1_dQn_m,GPR,log,protocol_holdout,hybrid,7,132,13.396435247255948
Formation,set1_dQn_m,GPR,log,protocol_holdout,hybrid,7,144,13.42765925265492
Formation,set1_dQn_m,GPR,log,protocol_holdout,hybrid,7,146,13.33341664425458
Formation,set1_dQn_m,GPR,log,protocol_holdout,hybrid,8,12,18.534980797487123
Formation,set1_dQn_m,GPR,log,protocol_holdout,hybrid,8,24,19.456564380748016
Formation,set1_dQn_m,GPR,log,protocol_holdout,hybrid,8,36,10.744436917166665
Formation,set1_dQn_m,GPR,log,protocol_holdout,hybrid,8,48,11.03756788601666
Formation,set1_dQn_m,GPR,log,protocol_holdout,hybrid,8,60,10.316269300969614
Formation,set1_dQn_m,GPR,log,protocol_holdout,hybrid,8,72,10.210289544233078
Formation,set1_dQn_m,GPR,log,protocol_holdout,hybrid,8,84,11.441274819813756
Formation,set1_dQn_m,GPR,log,protocol_holdout,hybrid,8,96,10.13115717031807
Formation,set1_dQn_m,GPR,log,protocol_holdout,hybrid,8,108,11.2034534262124
Formation,set1_dQn_m,GPR,log,protocol_holdout,hybrid,8,120,11.210983537565738
Formation,set1_dQn_m,GPR,log,protocol_holdout,hybrid,8,132,11.577087319135414
Formation,set1_dQn_m,GPR,log,protocol_holdout,hybrid,8,144,11.669990536387102
Formation,set1_dQn_m,GPR,log,protocol_holdout,hybrid,8,146,11.633905929604644
Formation,set1_dQn_m,GPR,log,protocol_holdout,hybrid,9,12,16.29288706658055
Formation,set1_dQn_m,GPR,log,protocol_holdout,hybrid,9,24,14.87592032989472
Formation,set1_dQn_m,GPR,log,protocol_holdout,hybrid,9,36,11.962413138940876
Formation,set1_dQn_m,GPR,log,protocol_holdout,hybrid,9,48,11.476990765027088
Formation,set1_dQn_m,GPR,log,protocol_holdout,hybrid,9,60,11.645066000885972
Formation,set1_dQn_m,GPR,log,protocol_holdout,hybrid,9,72,11.547805937316276
Formation,set1_dQn_m,GPR,log,protocol_holdout,hybrid,9,84,11.592379495292116
Formation,set1_dQn_m,GPR,log,protocol_holdout,hybrid,9,96,11.270733052427442
Formation,set1_dQn_m,GPR,log,protocol_holdout,hybrid,9,108,10.96539755081457
Formation,set1_dQn_m,GPR,log,protocol_holdout,hybrid,9,120,10.648948084031783
Formation,set1_dQn_m,GPR,log,protocol_holdout,hybrid,9,132,10.103078168137998
Formation,set1_dQn_m,GPR,log,protocol_holdout,hybrid,9,144,9.925923772917642
Formation,set1_dQn_m,GPR,log,protocol_holdout,hybrid,9,146,9.90137715744138
Formation,set1_dQn_m,GPR,log,protocol_holdout,hybrid,10,12,16.84004484390809
Formation,set1_dQn_m,GPR,log,protocol_holdout,hybrid,10,24,19.34886359974225
Formation,set1_dQn_m,GPR,log,protocol_holdout,hybrid,10,36,12.287138208884826
Formation,set1_dQn_m,GPR,log,protocol_holdout,hybrid,10,48,14.12945361243712
Formation,set1_dQn_m,GPR,log,protocol_holdout,hybrid,10,60,12.294620106074298
Formation,set1_dQn_m,GPR,log,protocol_holdout,hybrid,10,72,13.044950926430468
Formation,set1_dQn_m,GPR,log,protocol_holdout,hybrid,10,84,12.669808383444344
Formation,set1_dQn_m,GPR,log,protocol_holdout,hybrid,10,96,13.825709068007342
Formation,set1_dQn_m,GPR,log,protocol_holdout,hybrid,10,108,13.953129952777754
Formation,set1_dQn_m,GPR,log,protocol_holdout,hybrid,10,120,13.921407699943652
Formation,set1_dQn_m,GPR,log,protocol_holdout,hybrid,10,132,13.32832129094762
Formation,set1_dQn_m,GPR,log,protocol_holdout,hybrid,10,144,13.276663846280696
Formation,set1_dQn_m,GPR,log,protocol_holdout,hybrid,10,146,13.110621829984556
TRI_Tesla,set1_dQn_m,GPR,log,protocol_holdout,random_selection,1,8,28.51360351472203
TRI_Tesla,set1_dQn_m,GPR,log,protocol_holdout,random_selection,1,16,29.796709352629208
TRI_Tesla,set1_dQn_m,GPR,log,protocol_holdout,random_selection,1,24,33.267817229618174
TRI_Tesla,set1_dQn_m,GPR,log,protocol_holdout,random_selection,1,32,30.605713248768783
TRI_Tesla,set1_dQn_m,GPR,log,protocol_holdout,random_selection,1,40,20.49361104181997
TRI_Tesla,set1_dQn_m,GPR,log,protocol_holdout,random_selection,1,48,21.10874654590692
TRI_Tesla,set1_dQn_m,GPR,log,protocol_holdout,random_selection,1,56,20.43028884336649
TRI_Tesla,set1_dQn_m,GPR,log,protocol_holdout,random_selection,1,64,20.64721353383353
TRI_Tesla,set1_dQn_m,GPR,log,protocol_holdout,random_selection,1,72,20.299351671530275
TRI_Tesla,set1_dQn_m,GPR,log,protocol_holdout,random_selection,1,80,20.412676455792937
TRI_Tesla,set1_dQn_m,GPR,log,protocol_holdout,random_selection,1,88,20.81583251919822
TRI_Tesla,set1_dQn_m,GPR,log,protocol_holdout,random_selection,1,96,22.14091505858969
TRI_Tesla,set1_dQn_m,GPR,log,protocol_holdout,random_selection,1,104,22.018132283537703
TRI_Tesla,set1_dQn_m,GPR,log,protocol_holdout,random_selection,1,107,21.99568830298372
TRI_Tesla,set1_dQn_m,GPR,log,protocol_holdout,random_selection,2,8,22.620506066012062
TRI_Tesla,set1_dQn_m,GPR,log,protocol_holdout,random_selection,2,16,21.817470024849364
TRI_Tesla,set1_dQn_m,GPR,log,protocol_holdout,random_selection,2,24,19.145832560782942
TRI_Tesla,set1_dQn_m,GPR,log,protocol_holdout,random_selection,2,32,18.58455721475113
TRI_Tesla,set1_dQn_m,GPR,log,protocol_holdout,random_selection,2,40,16.35834572769733
TRI_Tesla,set1_dQn_m,GPR,log,protocol_holdout,random_selection,2,48,17.378206624094187
TRI_Tesla,set1_dQn_m,GPR,log,protocol_holdout,random_selection,2,56,17.398575930904165
TRI_Tesla,set1_dQn_m,GPR,log,protocol_holdout,random_selection,2,64,17.070530429023215
TRI_Tesla,set1_dQn_m,GPR,log,protocol_holdout,random_selection,2,72,15.34031551900658
TRI_Tesla,set1_dQn_m,GPR,log,protocol_holdout,random_selection,2,80,14.101638589701665
TRI_Tesla,set1_dQn_m,GPR,log,protocol_holdout,random_selection,2,88,9.559147100837937
TRI_Tesla,set1_dQn_m,GPR,log,protocol_holdout,random_selection,2,96,10.14514222341535
TRI_Tesla,set1_dQn_m,GPR,log,protocol_holdout,random_selection,2,104,13.702389243324324
TRI_Tesla,set1_dQn_m,GPR,log,protocol_holdout,random_selection,2,107,14.005567139981617
TRI_Tesla,set1_dQn_m,GPR,log,protocol_holdout,random_selection,3,8,29.27159779115459
TRI_Tesla,set1_dQn_m,GPR,log,protocol_holdout,random_selection,3,16,30.953776968524675
TRI_Tesla,set1_dQn_m,GPR,log,protocol_holdout,random_selection,3,24,31.621308357813664
TRI_Tesla,set1_dQn_m,GPR,log,protocol_holdout,random_selection,3,32,24.568547620919627
TRI_Tesla,set1_dQn_m,GPR,log,protocol_holdout,random_selection,3,40,24.99799851374877
TRI_Tesla,set1_dQn_m,GPR,log,protocol_holdout,random_selection,3,48,23.57816230367516
TRI_Tesla,set1_dQn_m,GPR,log,protocol_holdout,random_selection,3,56,21.26638905520529
TRI_Tesla,set1_dQn_m,GPR,log,protocol_holdout,random_selection,3,64,20.23121268267193
TRI_Tesla,set1_dQn_m,GPR,log,protocol_holdout,random_selection,3,72,20.324628881446653
TRI_Tesla,set1_dQn_m,GPR,log,protocol_holdout,random_selection,3,80,21.934684724703388
TRI_Tesla,set1_dQn_m,GPR,log,protocol_holdout,random_selection,3,88,22.24849134418056
TRI_Tesla,set1_dQn_m,GPR,log,protocol_holdout,random_selection,3,96,22.02837858761007
TRI_Tesla,set1_dQn_m,GPR,log,protocol_holdout,random_selection,3,104,22.19764082459679
TRI_Tesla,set1_dQn_m,GPR,log,protocol_holdout,random_selection,3,107,22.19213062107027
TRI_Tesla,set1_dQn_m,GPR,log,protocol_holdout,random_selection,4,8,44.341521864059565
TRI_Tesla,set1_dQn_m,GPR,log,protocol_holdout,random_selection,4,16,44.58935641464757
TRI_Tesla,set1_dQn_m,GPR,log,protocol_holdout,random_selection,4,24,33.73807204235129
TRI_Tesla,set1_dQn_m,GPR,log,protocol_holdout,random_selection,4,32,25.543423888699373
TRI_Tesla,set1_dQn_m,GPR,log,protocol_holdout,random_selection,4,40,24.1433603677831
TRI_Tesla,set1_dQn_m,GPR,log,protocol_holdout,random_selection,4,48,24.261478272866192
TRI_Tesla,set1_dQn_m,GPR,log,protocol_holdout,random_selection,4,56,26.594022145542585
TRI_Tesla,set1_dQn_m,GPR,log,protocol_holdout,random_selection,4,64,27.24984148723818
TRI_Tesla,set1_dQn_m,GPR,log,protocol_holdout,random_selection,4,72,28.49504051055695
TRI_Tesla,set1_dQn_m,GPR,log,protocol_holdout,random_selection,4,80,29.721626657591475
TRI_Tesla,set1_dQn_m,GPR,log,protocol_holdout,random_selection,4,88,31.167286333663824
TRI_Tesla,set1_dQn_m,GPR,log,protocol_holdout,random_selection,4,96,31.42658764484527
TRI_Tesla,set1_dQn_m,GPR,log,protocol_holdout,random_selection,4,104,30.452034840007563
TRI_Tesla,set1_dQn_m,GPR,log,protocol_holdout,random_selection,4,107,29.29540415425476
TRI_Tesla,set1_dQn_m,GPR,log,protocol_holdout,random_selection,5,8,34.56745630696443
TRI_Tesla,set1_dQn_m,GPR,log,protocol_holdout,random_selection,5,16,19.67830175740706
TRI_Tesla,set1_dQn_m,GPR,log,protocol_holdout,random_selection,5,24,19.726002855152668
TRI_Tesla,set1_dQn_m,GPR,log,protocol_holdout,random_selection,5,32,19.783806687422064
TRI_Tesla,set1_dQn_m,GPR,log,protocol_holdout,random_selection,5,40,20.385123163521104
TRI_Tesla,set1_dQn_m,GPR,log,protocol_holdout,random_selection,5,48,20.491821376811536
TRI_Tesla,set1_dQn_m,GPR,log,protocol_holdout,random_selection,5,56,18.887046648221883
TRI_Tesla,set1_dQn_m,GPR,log,protocol_holdout,random_selection,5,64,19.20577057829593
TRI_Tesla,set1_dQn_m,GPR,log,protocol_holdout,random_selection,5,72,18.98983567201968
TRI_Tesla,set1_dQn_m,GPR,log,protocol_holdout,random_selection,5,80,18.56493367827607
TRI_Tesla,set1_dQn_m,GPR,log,protocol_holdout,random_selection,5,88,18.94597986510965
TRI_Tesla,set1_dQn_m,GPR,log,protocol_holdout,random_selection,5,96,18.861567698218888
TRI_Tesla,set1_dQn_m,GPR,log,protocol_holdout,random_selection,5,104,19.28512057313657
TRI_Tesla,set1_dQn_m,GPR,log,protocol_holdout,random_selection,5,107,18.96917657259517
TRI_Tesla,set1_dQn_m,GPR,log,protocol_holdout,random_selection,6,8,25.202068255100286
TRI_Tesla,set1_dQn_m,GPR,log,protocol_holdout,random_selection,6,16,22.56876742117373
TRI_Tesla,set1_dQn_m,GPR,log,protocol_holdout,random_selection,6,24,21.39861465739462
TRI_Tesla,set1_dQn_m,GPR,log,protocol_holdout,random_selection,6,32,22.121020835171525
TRI_Tesla,set1_dQn_m,GPR,log,protocol_holdout,random_selection,6,40,20.080185707970845
TRI_Tesla,set1_dQn_m,GPR,log,protocol_holdout,random_selection,6,48,20.68252415782484
TRI_Tesla,set1_dQn_m,GPR,log,protocol_holdout,random_selection,6,56,19.71918799625373
TRI_Tesla,set1_dQn_m,GPR,log,protocol_holdout,random_selection,6,64,19.669340196747847
TRI_Tesla,set1_dQn_m,GPR,log,protocol_holdout,random_selection,6,72,19.73922913693882
TRI_Tesla,set1_dQn_m,GPR,log,protocol_holdout,random_selection,6,80,19.243661869010865
TRI_Tesla,set1_dQn_m,GPR,log,protocol_holdout,random_selection,6,88,19.273459682299816
TRI_Tesla,set1_dQn_m,GPR,log,protocol_holdout,random_selection,6,96,19.570833665878883
TRI_Tesla,set1_dQn_m,GPR,log,protocol_holdout,random_selection,6,104,19.23935104116547
TRI_Tesla,set1_dQn_m,GPR,log,protocol_holdout,random_selection,6,107,18.546393201381747
TRI_Tesla,set1_dQn_m,GPR,log,protocol_holdout,random_selection,7,8,31.22405867646854
TRI_Tesla,set1_dQn_m,GPR,log,protocol_holdout,random_selection,7,16,31.74970410468592
TRI_Tesla,set1_dQn_m,GPR,log,protocol_holdout,random_selection,7,24,23.932008871843056
TRI_Tesla,set1_dQn_m,GPR,log,protocol_holdout,random_selection,7,32,26.231907143608623
TRI_Tesla,set1_dQn_m,GPR,log,protocol_holdout,random_selection,7,40,25.9148976605776
TRI_Tesla,set1_dQn_m,GPR,log,protocol_holdout,random_selection,7,48,27.158565849898885
TRI_Tesla,set1_dQn_m,GPR,log,protocol_holdout,random_selection,7,56,28.95357347699558
TRI_Tesla,set1_dQn_m,GPR,log,protocol_holdout,random_selection,7,64,29.30581226052468
TRI_Tesla,set1_dQn_m,GPR,log,protocol_holdout,random_selection,7,72,28.421157064642266
TRI_Tesla,set1_dQn_m,GPR,log,protocol_holdout,random_selection,7,80,26.230854678866333
TRI_Tesla,set1_dQn_m,GPR,log,protocol_holdout,random_selection,7,88,25.16494993948878
TRI_Tesla,set1_dQn_m,GPR,log,protocol_holdout,random_selection,7,96,24.913580446136752
TRI_Tesla,set1_dQn_m,GPR,log,protocol_holdout,random_selection,7,104,24.158269750576267
TRI_Tesla,set1_dQn_m,GPR,log,protocol_holdout,random_selection,7,107,23.6021324641138
TRI_Tesla,set1_dQn_m,GPR,log,protocol_holdout,random_selection,8,8,52.78005285919677
TRI_Tesla,set1_dQn_m,GPR,log,protocol_holdout,random_selection,8,16,30.93764057573772
TRI_Tesla,set1_dQn_m,GPR,log,protocol_holdout,random_selection,8,24,32.60628406888435
TRI_Tesla,set1_dQn_m,GPR,log,protocol_holdout,random_selection,8,32,23.243618262585983
TRI_Tesla,set1_dQn_m,GPR,log,protocol_holdout,random_selection,8,40,25.33310821774443
TRI_Tesla,set1_dQn_m,GPR,log,protocol_holdout,random_selection,8,48,23.888516376004407
TRI_Tesla,set1_dQn_m,GPR,log,protocol_holdout,random_selection,8,56,23.14687611682136
TRI_Tesla,set1_dQn_m,GPR,log,protocol_holdout,random_selection,8,64,22.97125712298669
TRI_Tesla,set1_dQn_m,GPR,log,protocol_holdout,random_selection,8,72,23.397875388008817
TRI_Tesla,set1_dQn_m,GPR,log,protocol_holdout,random_selection,8,80,22.408705233005755
TRI_Tesla,set1_dQn_m,GPR,log,protocol_holdout,random_selection,8,88,22.003222994087928
TRI_Tesla,set1_dQn_m,GPR,log,protocol_holdout,random_selection,8,96,22.30113688533912
TRI_Tesla,set1_dQn_m,GPR,log,protocol_holdout,random_selection,8,104,22.932324780989333
TRI_Tesla,set1_dQn_m,GPR,log,protocol_holdout,random_selection,8,107,21.594075008673144
TRI_Tesla,set1_dQn_m,GPR,log,protocol_holdout,random_selection,9,8,44.70840801112878
TRI_Tesla,set1_dQn_m,GPR,log,protocol_holdout,random_selection,9,16,23.26129457161992
TRI_Tesla,set1_dQn_m,GPR,log,protocol_holdout,random_selection,9,24,22.239731481505167
TRI_Tesla,set1_dQn_m,GPR,log,protocol_holdout,random_selection,9,32,23.48901259615697
TRI_Tesla,set1_dQn_m,GPR,log,protocol_holdout,random_selection,9,40,24.67225360946489
TRI_Tesla,set1_dQn_m,GPR,log,protocol_holdout,random_selection,9,48,20.400538806602768
TRI_Tesla,set1_dQn_m,GPR,log,protocol_holdout,random_selection,9,56,19.304695937452344
TRI_Tesla,set1_dQn_m,GPR,log,protocol_holdout,random_selection,9,64,19.321827325659985
TRI_Tesla,set1_dQn_m,GPR,log,protocol_holdout,random_selection,9,72,20.16732291723797
TRI_Tesla,set1_dQn_m,GPR,log,protocol_holdout,random_selection,9,80,19.255060333751523
TRI_Tesla,set1_dQn_m,GPR,log,protocol_holdout,random_selection,9,88,19.12078051492234
TRI_Tesla,set1_dQn_m,GPR,log,protocol_holdout,random_selection,9,96,17.46605920691085
TRI_Tesla,set1_dQn_m,GPR,log,protocol_holdout,random_selection,9,104,17.76036748349136
TRI_Tesla,set1_dQn_m,GPR,log,protocol_holdout,random_selection,9,107,17.902586340178665
TRI_Tesla,set1_dQn_m,GPR,log,protocol_holdout,random_selection,10,8,39.53518384344008
TRI_Tesla,set1_dQn_m,GPR,log,protocol_holdout,random_selection,10,16,37.85019619403103
TRI_Tesla,set1_dQn_m,GPR,log,protocol_holdout,random_selection,10,24,24.605927100027728
TRI_Tesla,set1_dQn_m,GPR,log,protocol_holdout,random_selection,10,32,25.73301937792625
TRI_Tesla,set1_dQn_m,GPR,log,protocol_holdout,random_selection,10,40,26.52564870193476
TRI_Tesla,set1_dQn_m,GPR,log,protocol_holdout,random_selection,10,48,17.21748752765768
TRI_Tesla,set1_dQn_m,GPR,log,protocol_holdout,random_selection,10,56,19.97345849792076
TRI_Tesla,set1_dQn_m,GPR,log,protocol_holdout,random_selection,10,64,17.382817627428256
TRI_Tesla,set1_dQn_m,GPR,log,protocol_holdout,random_selection,10,72,21.061668027078376
TRI_Tesla,set1_dQn_m,GPR,log,protocol_holdout,random_selection,10,80,21.13427478040217
TRI_Tesla,set1_dQn_m,GPR,log,protocol_holdout,random_selection,10,88,21.81850235900978
TRI_Tesla,set1_dQn_m,GPR,log,protocol_holdout,random_selection,10,96,19.21084264008889
TRI_Tesla,set1_dQn_m,GPR,log,protocol_holdout,random_selection,10,104,20.16870518884081
TRI_Tesla,set1_dQn_m,GPR,log,protocol_holdout,random_selection,10,107,19.73558658188153
TRI_Tesla,set1_dQn_m,GPR,log,protocol_holdout,diversity_oneshot,1,8,34.240416188034935
TRI_Tesla,set1_dQn_m,GPR,log,protocol_holdout,diversity_oneshot,1,16,27.09511116820296
TRI_Tesla,set1_dQn_m,GPR,log,protocol_holdout,diversity_oneshot,1,24,31.258399009476896
TRI_Tesla,set1_dQn_m,GPR,log,protocol_holdout,diversity_oneshot,1,32,27.05916949661948
TRI_Tesla,set1_dQn_m,GPR,log,protocol_holdout,diversity_oneshot,1,40,27.80479356388916
TRI_Tesla,set1_dQn_m,GPR,log,protocol_holdout,diversity_oneshot,1,48,24.345850945366664
TRI_Tesla,set1_dQn_m,GPR,log,protocol_holdout,diversity_oneshot,1,56,25.95530644153772
TRI_Tesla,set1_dQn_m,GPR,log,protocol_holdout,diversity_oneshot,1,64,20.80735353390266
TRI_Tesla,set1_dQn_m,GPR,log,protocol_holdout,diversity_oneshot,1,72,21.3487286858793
TRI_Tesla,set1_dQn_m,GPR,log,protocol_holdout,diversity_oneshot,1,80,22.229121646366583
TRI_Tesla,set1_dQn_m,GPR,log,protocol_holdout,diversity_oneshot,1,88,22.22623603109785
TRI_Tesla,set1_dQn_m,GPR,log,protocol_holdout,diversity_oneshot,1,96,21.84952190596233
TRI_Tesla,set1_dQn_m,GPR,log,protocol_holdout,diversity_oneshot,1,104,22.25050830778089
TRI_Tesla,set1_dQn_m,GPR,log,protocol_holdout,diversity_oneshot,1,107,21.99568830298372
TRI_Tesla,set1_dQn_m,GPR,log,protocol_holdout,diversity_oneshot,2,8,21.13167916755142
TRI_Tesla,set1_dQn_m,GPR,log,protocol_holdout,diversity_oneshot,2,16,21.75561690839883
TRI_Tesla,set1_dQn_m,GPR,log,protocol_holdout,diversity_oneshot,2,24,16.453289840382705
TRI_Tesla,set1_dQn_m,GPR,log,protocol_holdout,diversity_oneshot,2,32,18.47131226483772
TRI_Tesla,set1_dQn_m,GPR,log,protocol_holdout,diversity_oneshot,2,40,19.938437627223124
TRI_Tesla,set1_dQn_m,GPR,log,protocol_holdout,diversity_oneshot,2,48,20.42381175408961
TRI_Tesla,set1_dQn_m,GPR,log,protocol_holdout,diversity_oneshot,2,56,19.716194016369126
TRI_Tesla,set1_dQn_m,GPR,log,protocol_holdout,diversity_oneshot,2,64,15.164682885620874
TRI_Tesla,set1_dQn_m,GPR,log,protocol_holdout,diversity_oneshot,2,72,15.430084677666883
TRI_Tesla,set1_dQn_m,GPR,log,protocol_holdout,diversity_oneshot,2,80,14.628798267632876
TRI_Tesla,set1_dQn_m,GPR,log,protocol_holdout,diversity_oneshot,2,88,14.346095166997634
TRI_Tesla,set1_dQn_m,GPR,log,protocol_holdout,diversity_oneshot,2,96,14.53040264524972
TRI_Tesla,set1_dQn_m,GPR,log,protocol_holdout,diversity_oneshot,2,104,14.27001972739545
TRI_Tesla,set1_dQn_m,GPR,log,protocol_holdout,diversity_oneshot,2,107,14.005567139981617
TRI_Tesla,set1_dQn_m,GPR,log,protocol_holdout,diversity_oneshot,3,8,37.93202043844563
TRI_Tesla,set1_dQn_m,GPR,log,protocol_holdout,diversity_oneshot,3,16,25.7389338321408
TRI_Tesla,set1_dQn_m,GPR,log,protocol_holdout,diversity_oneshot,3,24,29.25415180647953
TRI_Tesla,set1_dQn_m,GPR,log,protocol_holdout,diversity_oneshot,3,32,27.84754428934652
TRI_Tesla,set1_dQn_m,GPR,log,protocol_holdout,diversity_oneshot,3,40,24.47455452902453
TRI_Tesla,set1_dQn_m,GPR,log,protocol_holdout,diversity_oneshot,3,48,26.02016861318858
TRI_Tesla,set1_dQn_m,GPR,log,protocol_holdout,diversity_oneshot,3,56,26.19724516700502
TRI_Tesla,set1_dQn_m,GPR,log,protocol_holdout,diversity_oneshot,3,64,23.22341405046969
TRI_Tesla,set1_dQn_m,GPR,log,protocol_holdout,diversity_oneshot,3,72,22.01179216983696
TRI_Tesla,set1_dQn_m,GPR,log,protocol_holdout,diversity_oneshot,3,80,21.62977630963065
TRI_Tesla,set1_dQn_m,GPR,log,protocol_holdout,diversity_oneshot,3,88,21.35534642934295
TRI_Tesla,set1_dQn_m,GPR,log,protocol_holdout,diversity_oneshot,3,96,21.70241661995803
TRI_Tesla,set1_dQn_m,GPR,log,protocol_holdout,diversity_oneshot,3,104,21.876564704907835
TRI_Tesla,set1_dQn_m,GPR,log,protocol_holdout,diversity_oneshot,3,107,22.19213062107027
TRI_Tesla,set1_dQn_m,GPR,log,protocol_holdout,diversity_oneshot,4,8,50.46915142469891
TRI_Tesla,set1_dQn_m,GPR,log,protocol_holdout,diversity_oneshot,4,16,43.76725781016884
TRI_Tesla,set1_dQn_m,GPR,log,protocol_holdout,diversity_oneshot,4,24,39.1838275131083
TRI_Tesla,set1_dQn_m,GPR,log,protocol_holdout,diversity_oneshot,4,32,30.839621343198687
TRI_Tesla,set1_dQn_m,GPR,log,protocol_holdout,diversity_oneshot,4,40,30.9202289694418
TRI_Tesla,set1_dQn_m,GPR,log,protocol_holdout,diversity_oneshot,4,48,33.69182703609833
TRI_Tesla,set1_dQn_m,GPR,log,protocol_holdout,diversity_oneshot,4,56,33.383506528506
TRI_Tesla,set1_dQn_m,GPR,log,protocol_holdout,diversity_oneshot,4,64,32.68860074282935
TRI_Tesla,set1_dQn_m,GPR,log,protocol_holdout,diversity_oneshot,4,72,29.526295250557915
TRI_Tesla,set1_dQn_m,GPR,log,protocol_holdout,diversity_oneshot,4,80,29.190360301520062
TRI_Tesla,set1_dQn_m,GPR,log,protocol_holdout,diversity_oneshot,4,88,29.222045472153944
TRI_Tesla,set1_dQn_m,GPR,log,protocol_holdout,diversity_oneshot,4,96,29.695379795327703
TRI_Tesla,set1_dQn_m,GPR,log,protocol_holdout,diversity_oneshot,4,104,29.11938257308282
TRI_Tesla,set1_dQn_m,GPR,log,protocol_holdout,diversity_oneshot,4,107,29.29540415425476
TRI_Tesla,set1_dQn_m,GPR,log,protocol_holdout,diversity_oneshot,5,8,17.70875015616594
TRI_Tesla,set1_dQn_m,GPR,log,protocol_holdout,diversity_oneshot,5,16,27.55981112420056
TRI_Tesla,set1_dQn_m,GPR,log,protocol_holdout,diversity_oneshot,5,24,23.996680206218432
TRI_Tesla,set1_dQn_m,GPR,log,protocol_holdout,diversity_oneshot,5,32,19.1531105437794
TRI_Tesla,set1_dQn_m,GPR,log,protocol_holdout,diversity_oneshot,5,40,18.512990551760097
TRI_Tesla,set1_dQn_m,GPR,log,protocol_holdout,diversity_oneshot,5,48,19.91051633671018
TRI_Tesla,set1_dQn_m,GPR,log,protocol_holdout,diversity_oneshot,5,56,16.03987103738608
TRI_Tesla,set1_dQn_m,GPR,log,protocol_holdout,diversity_oneshot,5,64,18.52601362730605
TRI_Tesla,set1_dQn_m,GPR,log,protocol_holdout,diversity_oneshot,5,72,17.59328672100612
TRI_Tesla,set1_dQn_m,GPR,log,protocol_holdout,diversity_oneshot,5,80,18.572230897821733
TRI_Tesla,set1_dQn_m,GPR,log,protocol_holdout,diversity_oneshot,5,88,19.1432111449937
TRI_Tesla,set1_dQn_m,GPR,log,protocol_holdout,diversity_oneshot,5,96,18.999277694080074
TRI_Tesla,set1_dQn_m,GPR,log,protocol_holdout,diversity_oneshot,5,104,18.918467191100728
TRI_Tesla,set1_dQn_m,GPR,log,protocol_holdout,diversity_oneshot,5,107,18.96917657259517
TRI_Tesla,set1_dQn_m,GPR,log,protocol_holdout,diversity_oneshot,6,8,34.95738773983425
TRI_Tesla,set1_dQn_m,GPR,log,protocol_holdout,diversity_oneshot,6,16,32.478647883880605
TRI_Tesla,set1_dQn_m,GPR,log,protocol_holdout,diversity_oneshot,6,24,27.822151299752
TRI_Tesla,set1_dQn_m,GPR,log,protocol_holdout,diversity_oneshot,6,32,24.3959748100581
TRI_Tesla,set1_dQn_m,GPR,log,protocol_holdout,diversity_oneshot,6,40,21.49541347895569
TRI_Tesla,set1_dQn_m,GPR,log,protocol_holdout,diversity_oneshot,6,48,21.436748095981308
TRI_Tesla,set1_dQn_m,GPR,log,protocol_holdout,diversity_oneshot,6,56,23.2723603067394
TRI_Tesla,set1_dQn_m,GPR,log,protocol_holdout,diversity_oneshot,6,64,19.278364901990088
TRI_Tesla,set1_dQn_m,GPR,log,protocol_holdout,diversity_oneshot,6,72,19.34004925567928
TRI_Tesla,set1_dQn_m,GPR,log,protocol_holdout,diversity_oneshot,6,80,20.486883173614288
TRI_Tesla,set1_dQn_m,GPR,log,protocol_holdout,diversity_oneshot,6,88,18.35110188532614
TRI_Tesla,set1_dQn_m,GPR,log,protocol_holdout,diversity_oneshot,6,96,17.84012173600724
TRI_Tesla,set1_dQn_m,GPR,log,protocol_holdout,diversity_oneshot,6,104,18.48442148651061
TRI_Tesla,set1_dQn_m,GPR,log,protocol_holdout,diversity_oneshot,6,107,18.546393201381747
TRI_Tesla,set1_dQn_m,GPR,log,protocol_holdout,diversity_oneshot,7,8,38.1921211964559
TRI_Tesla,set1_dQn_m,GPR,log,protocol_holdout,diversity_oneshot,7,16,30.65406342931806
TRI_Tesla,set1_dQn_m,GPR,log,protocol_holdout,diversity_oneshot,7,24,34.0601106524763
TRI_Tesla,set1_dQn_m,GPR,log,protocol_holdout,diversity_oneshot,7,32,34.37431184466489
TRI_Tesla,set1_dQn_m,GPR,log,protocol_holdout,diversity_oneshot,7,40,34.471040231078874
TRI_Tesla,set1_dQn_m,GPR,log,protocol_holdout,diversity_oneshot,7,48,35.53758240786002
TRI_Tesla,set1_dQn_m,GPR,log,protocol_holdout,diversity_oneshot,7,56,33.18184703198011
TRI_Tesla,set1_dQn_m,GPR,log,protocol_holdout,diversity_oneshot,7,64,30.55231348526557
TRI_Tesla,set1_dQn_m,GPR,log,protocol_holdout,diversity_oneshot,7,72,28.977593937829315
TRI_Tesla,set1_dQn_m,GPR,log,protocol_holdout,diversity_oneshot,7,80,27.83872532446992
TRI_Tesla,set1_dQn_m,GPR,log,protocol_holdout,diversity_oneshot,7,88,26.504875503769554
TRI_Tesla,set1_dQn_m,GPR,log,protocol_holdout,diversity_oneshot,7,96,25.215889065211112
TRI_Tesla,set1_dQn_m,GPR,log,protocol_holdout,diversity_oneshot,7,104,23.725357159108075
TRI_Tesla,set1_dQn_m,GPR,log,protocol_holdout,diversity_oneshot,7,107,23.6021324641138
TRI_Tesla,set1_dQn_m,GPR,log,protocol_holdout,diversity_oneshot,8,8,59.18363879438287
TRI_Tesla,set1_dQn_m,GPR,log,protocol_holdout,diversity_oneshot,8,16,39.51572168132438
TRI_Tesla,set1_dQn_m,GPR,log,protocol_holdout,diversity_oneshot,8,24,31.001890186966808
TRI_Tesla,set1_dQn_m,GPR,log,protocol_holdout,diversity_oneshot,8,32,36.863016451336975
TRI_Tesla,set1_dQn_m,GPR,log,protocol_holdout,diversity_oneshot,8,40,37.60231368016092
TRI_Tesla,set1_dQn_m,GPR,log,protocol_holdout,diversity_oneshot,8,48,30.66554449510888
TRI_Tesla,set1_dQn_m,GPR,log,protocol_holdout,diversity_oneshot,8,56,31.830387023230315
TRI_Tesla,set1_dQn_m,GPR,log,protocol_holdout,diversity_oneshot,8,64,29.59662316257189
TRI_Tesla,set1_dQn_m,GPR,log,protocol_holdout,diversity_oneshot,8,72,25.509283254321623
TRI_Tesla,set1_dQn_m,GPR,log,protocol_holdout,diversity_oneshot,8,80,21.56333140071707
TRI_Tesla,set1_dQn_m,GPR,log,protocol_holdout,diversity_oneshot,8,88,21.108322010234453
TRI_Tesla,set1_dQn_m,GPR,log,protocol_holdout,diversity_oneshot,8,96,21.698008450626617
TRI_Tesla,set1_dQn_m,GPR,log,protocol_holdout,diversity_oneshot,8,104,21.459468937028443
TRI_Tesla,set1_dQn_m,GPR,log,protocol_holdout,diversity_oneshot,8,107,21.594075008673144
TRI_Tesla,set1_dQn_m,GPR,log,protocol_holdout,diversity_oneshot,9,8,26.12405897186911
TRI_Tesla,set1_dQn_m,GPR,log,protocol_holdout,diversity_oneshot,9,16,21.35376553439277
TRI_Tesla,set1_dQn_m,GPR,log,protocol_holdout,diversity_oneshot,9,24,22.393121863765383
TRI_Tesla,set1_dQn_m,GPR,log,protocol_holdout,diversity_oneshot,9,32,21.92584090749158
TRI_Tesla,set1_dQn_m,GPR,log,protocol_holdout,diversity_oneshot,9,40,22.49967546173669
TRI_Tesla,set1_dQn_m,GPR,log,protocol_holdout,diversity_oneshot,9,48,20.09153941748164
TRI_Tesla,set1_dQn_m,GPR,log,protocol_holdout,diversity_oneshot,9,56,18.985736168145845
TRI_Tesla,set1_dQn_m,GPR,log,protocol_holdout,diversity_oneshot,9,64,18.532410463598755
TRI_Tesla,set1_dQn_m,GPR,log,protocol_holdout,diversity_oneshot,9,72,20.170571340467767
TRI_Tesla,set1_dQn_m,GPR,log,protocol_holdout,diversity_oneshot,9,80,19.16957191353982
TRI_Tesla,set1_dQn_m,GPR,log,protocol_holdout,diversity_oneshot,9,88,17.300733184828776
TRI_Tesla,set1_dQn_m,GPR,log,protocol_holdout,diversity_oneshot,9,96,17.323751331636007
TRI_Tesla,set1_dQn_m,GPR,log,protocol_holdout,diversity_oneshot,9,104,17.62301059026277
TRI_Tesla,set1_dQn_m,GPR,log,protocol_holdout,diversity_oneshot,9,107,17.902586340178665
TRI_Tesla,set1_dQn_m,GPR,log,protocol_holdout,diversity_oneshot,10,8,14.636739675871228
TRI_Tesla,set1_dQn_m,GPR,log,protocol_holdout,diversity_oneshot,10,16,30.85656726391129
TRI_Tesla,set1_dQn_m,GPR,log,protocol_holdout,diversity_oneshot,10,24,13.878835348854842
TRI_Tesla,set1_dQn_m,GPR,log,protocol_holdout,diversity_oneshot,10,32,15.741587447932442
TRI_Tesla,set1_dQn_m,GPR,log,protocol_holdout,diversity_oneshot,10,40,15.159127568537675
TRI_Tesla,set1_dQn_m,GPR,log,protocol_holdout,diversity_oneshot,10,48,16.07637639241021
TRI_Tesla,set1_dQn_m,GPR,log,protocol_holdout,diversity_oneshot,10,56,15.795551599479662
TRI_Tesla,set1_dQn_m,GPR,log,protocol_holdout,diversity_oneshot,10,64,17.769366391750065
TRI_Tesla,set1_dQn_m,GPR,log,protocol_holdout,diversity_oneshot,10,72,18.85607557810371
TRI_Tesla,set1_dQn_m,GPR,log,protocol_holdout,diversity_oneshot,10,80,17.94023566143484
TRI_Tesla,set1_dQn_m,GPR,log,protocol_holdout,diversity_oneshot,10,88,18.61310573863285
TRI_Tesla,set1_dQn_m,GPR,log,protocol_holdout,diversity_oneshot,10,96,19.167283947060994
TRI_Tesla,set1_dQn_m,GPR,log,protocol_holdout,diversity_oneshot,10,104,19.16273986979741
TRI_Tesla,set1_dQn_m,GPR,log,protocol_holdout,diversity_oneshot,10,107,19.73558658188153
TRI_Tesla,set1_dQn_m,GPR,log,protocol_holdout,diversity_iterative,1,8,34.240416188034935
TRI_Tesla,set1_dQn_m,GPR,log,protocol_holdout,diversity_iterative,1,16,22.688146614153634
TRI_Tesla,set1_dQn_m,GPR,log,protocol_holdout,diversity_iterative,1,24,26.788883151983462
TRI_Tesla,set1_dQn_m,GPR,log,protocol_holdout,diversity_iterative,1,32,28.19993719955241
TRI_Tesla,set1_dQn_m,GPR,log,protocol_holdout,diversity_iterative,1,40,29.1092749510608
TRI_Tesla,set1_dQn_m,GPR,log,protocol_holdout,diversity_iterative,1,48,29.96934071635583
TRI_Tesla,set1_dQn_m,GPR,log,protocol_holdout,diversity_iterative,1,56,28.297146450819863
TRI_Tesla,set1_dQn_m,GPR,log,protocol_holdout,diversity_iterative,1,64,25.94861865769435
TRI_Tesla,set1_dQn_m,GPR,log,protocol_holdout,diversity_iterative,1,72,25.05538081679581
TRI_Tesla,set1_dQn_m,GPR,log,protocol_holdout,diversity_iterative,1,80,23.23150982697817
TRI_Tesla,set1_dQn_m,GPR,log,protocol_holdout,diversity_iterative,1,88,23.10273280486805
TRI_Tesla,set1_dQn_m,GPR,log,protocol_holdout,diversity_iterative,1,96,22.133754063431045
TRI_Tesla,set1_dQn_m,GPR,log,protocol_holdout,diversity_iterative,1,104,21.985512480189584
TRI_Tesla,set1_dQn_m,GPR,log,protocol_holdout,diversity_iterative,1,107,21.99568830298372
TRI_Tesla,set1_dQn_m,GPR,log,protocol_holdout,diversity_iterative,2,8,21.13167916755142
TRI_Tesla,set1_dQn_m,GPR,log,protocol_holdout,diversity_iterative,2,16,25.12723917085904
TRI_Tesla,set1_dQn_m,GPR,log,protocol_holdout,diversity_iterative,2,24,25.85588607150085
TRI_Tesla,set1_dQn_m,GPR,log,protocol_holdout,diversity_iterative,2,32,25.650969200880063
TRI_Tesla,set1_dQn_m,GPR,log,protocol_holdout,diversity_iterative,2,40,23.161204633821683
TRI_Tesla,set1_dQn_m,GPR,log,protocol_holdout,diversity_iterative,2,48,21.22814132976748
TRI_Tesla,set1_dQn_m,GPR,log,protocol_holdout,diversity_iterative,2,56,21.69474294894938
TRI_Tesla,set1_dQn_m,GPR,log,protocol_holdout,diversity_iterative,2,64,20.164603415734017
TRI_Tesla,set1_dQn_m,GPR,log,protocol_holdout,diversity_iterative,2,72,19.09461757000588
TRI_Tesla,set1_dQn_m,GPR,log,protocol_holdout,diversity_iterative,2,80,18.39522124140284
TRI_Tesla,set1_dQn_m,GPR,log,protocol_holdout,diversity_iterative,2,88,18.21353385326817
TRI_Tesla,set1_dQn_m,GPR,log,protocol_holdout,diversity_iterative,2,96,15.862952152452984
TRI_Tesla,set1_dQn_m,GPR,log,protocol_holdout,diversity_iterative,2,104,12.925064669805058
TRI_Tesla,set1_dQn_m,GPR,log,protocol_holdout,diversity_iterative,2,107,14.005567139981617
TRI_Tesla,set1_dQn_m,GPR,log,protocol_holdout,diversity_iterative,3,8,37.93202043844563
TRI_Tesla,set1_dQn_m,GPR,log,protocol_holdout,diversity_iterative,3,16,30.60842542121299
TRI_Tesla,set1_dQn_m,GPR,log,protocol_holdout,diversity_iterative,3,24,36.92747359180749
TRI_Tesla,set1_dQn_m,GPR,log,protocol_holdout,diversity_iterative,3,32,30.92999925902886
TRI_Tesla,set1_dQn_m,GPR,log,protocol_holdout,diversity_iterative,3,40,26.89750303383293
TRI_Tesla,set1_dQn_m,GPR,log,protocol_holdout,diversity_iterative,3,48,28.91283611201085
TRI_Tesla,set1_dQn_m,GPR,log,protocol_holdout,diversity_iterative,3,56,24.044140360266702
TRI_Tesla,set1_dQn_m,GPR,log,protocol_holdout,diversity_iterative,3,64,21.01361546677785
TRI_Tesla,set1_dQn_m,GPR,log,protocol_holdout,diversity_iterative,3,72,21.065603173371183
TRI_Tesla,set1_dQn_m,GPR,log,protocol_holdout,diversity_iterative,3,80,22.292258768690346
TRI_Tesla,set1_dQn_m,GPR,log,protocol_holdout,diversity_iterative,3,88,21.923698363749896
TRI_Tesla,set1_dQn_m,GPR,log,protocol_holdout,diversity_iterative,3,96,21.88334195723784
TRI_Tesla,set1_dQn_m,GPR,log,protocol_holdout,diversity_iterative,3,104,22.119324226161574
TRI_Tesla,set1_dQn_m,GPR,log,protocol_holdout,diversity_iterative,3,107,22.19213062107027
TRI_Tesla,set1_dQn_m,GPR,log,protocol_holdout,diversity_iterative,4,8,50.46915142469891
TRI_Tesla,set1_dQn_m,GPR,log,protocol_holdout,diversity_iterative,4,16,42.36047920521715
TRI_Tesla,set1_dQn_m,GPR,log,protocol_holdout,diversity_iterative,4,24,43.67040937215766
TRI_Tesla,set1_dQn_m,GPR,log,protocol_holdout,diversity_iterative,4,32,42.24220210339047
TRI_Tesla,set1_dQn_m,GPR,log,protocol_holdout,diversity_iterative,4,40,41.18385333531564
TRI_Tesla,set1_dQn_m,GPR,log,protocol_holdout,diversity_iterative,4,48,39.9935948972422
TRI_Tesla,set1_dQn_m,GPR,log,protocol_holdout,diversity_iterative,4,56,30.999879810004565
TRI_Tesla,set1_dQn_m,GPR,log,protocol_holdout,diversity_iterative,4,64,32.71941456659998
TRI_Tesla,set1_dQn_m,GPR,log,protocol_holdout,diversity_iterative,4,72,36.60908639128215
TRI_Tesla,set1_dQn_m,GPR,log,protocol_holdout,diversity_iterative,4,80,33.57175550755089
TRI_Tesla,set1_dQn_m,GPR,log,protocol_holdout,diversity_iterative,4,88,31.842372858450226
TRI_Tesla,set1_dQn_m,GPR,log,protocol_holdout,diversity_iterative,4,96,31.91881751857421
TRI_Tesla,set1_dQn_m,GPR,log,protocol_holdout,diversity_iterative,4,104,30.12445744821763
TRI_Tesla,set1_dQn_m,GPR,log,protocol_holdout,diversity_iterative,4,107,29.29540415425476
TRI_Tesla,set1_dQn_m,GPR,log,protocol_holdout,diversity_iterative,5,8,17.70875015616594
TRI_Tesla,set1_dQn_m,GPR,log,protocol_holdout,diversity_iterative,5,16,25.29776397578511
TRI_Tesla,set1_dQn_m,GPR,log,protocol_holdout,diversity_iterative,5,24,26.580409413498696
TRI_Tesla,set1_dQn_m,GPR,log,protocol_holdout,diversity_iterative,5,32,23.989402786023195
TRI_Tesla,set1_dQn_m,GPR,log,protocol_holdout,diversity_iterative,5,40,24.745190022168355
TRI_Tesla,set1_dQn_m,GPR,log,protocol_holdout,diversity_iterative,5,48,22.90130348858389
TRI_Tesla,set1_dQn_m,GPR,log,protocol_holdout,diversity_iterative,5,56,22.22949330857715
TRI_Tesla,set1_dQn_m,GPR,log,protocol_holdout,diversity_iterative,5,64,19.0613292579404
TRI_Tesla,set1_dQn_m,GPR,log,protocol_holdout,diversity_iterative,5,72,19.15757623144087
TRI_Tesla,set1_dQn_m,GPR,log,protocol_holdout,diversity_iterative,5,80,18.857828406366693
TRI_Tesla,set1_dQn_m,GPR,log,protocol_holdout,diversity_iterative,5,88,19.17955342474902
TRI_Tesla,set1_dQn_m,GPR,log,protocol_holdout,diversity_iterative,5,96,19.03963515556469
TRI_Tesla,set1_dQn_m,GPR,log,protocol_holdout,diversity_iterative,5,104,18.9948303946184
TRI_Tesla,set1_dQn_m,GPR,log,protocol_holdout,diversity_iterative,5,107,18.96917657259517
TRI_Tesla,set1_dQn_m,GPR,log,protocol_holdout,diversity_iterative,6,8,34.95738773983425
TRI_Tesla,set1_dQn_m,GPR,log,protocol_holdout,diversity_iterative,6,16,27.067191304573
TRI_Tesla,set1_dQn_m,GPR,log,protocol_holdout,diversity_iterative,6,24,32.586802124825745
TRI_Tesla,set1_dQn_m,GPR,log,protocol_holdout,diversity_iterative,6,32,32.066459706783945
TRI_Tesla,set1_dQn_m,GPR,log,protocol_holdout,diversity_iterative,6,40,27.218724618944208
TRI_Tesla,set1_dQn_m,GPR,log,protocol_holdout,diversity_iterative,6,48,25.87453405031239
TRI_Tesla,set1_dQn_m,GPR,log,protocol_holdout,diversity_iterative,6,56,25.86390345820267
TRI_Tesla,set1_dQn_m,GPR,log,protocol_holdout,diversity_iterative,6,64,24.61493972617699
TRI_Tesla,set1_dQn_m,GPR,log,protocol_holdout,diversity_iterative,6,72,23.974459499479973
TRI_Tesla,set1_dQn_m,GPR,log,protocol_holdout,diversity_iterative,6,80,21.445216232152426
TRI_Tesla,set1_dQn_m,GPR,log,protocol_holdout,diversity_iterative,6,88,21.300214017289964
TRI_Tesla,set1_dQn_m,GPR,log,protocol_holdout,diversity_iterative,6,96,20.26697706937925
TRI_Tesla,set1_dQn_m,GPR,log,protocol_holdout,diversity_iterative,6,104,19.220964860999267
TRI_Tesla,set1_dQn_m,GPR,log,protocol_holdout,diversity_iterative,6,107,18.546393201381747
TRI_Tesla,set1_dQn_m,GPR,log,protocol_holdout,diversity_iterative,7,8,38.1921211964559
TRI_Tesla,set1_dQn_m,GPR,log,protocol_holdout,diversity_iterative,7,16,39.55854858750576
TRI_Tesla,set1_dQn_m,GPR,log,protocol_holdout,diversity_iterative,7,24,35.65299556671281
TRI_Tesla,set1_dQn_m,GPR,log,protocol_holdout,diversity_iterative,7,32,34.228609404416574
TRI_Tesla,set1_dQn_m,GPR,log,protocol_holdout,diversity_iterative,7,40,31.53198510001925
TRI_Tesla,set1_dQn_m,GPR,log,protocol_holdout,diversity_iterative,7,48,24.664952740763216
TRI_Tesla,set1_dQn_m,GPR,log,protocol_holdout,diversity_iterative,7,56,22.24355709790392
TRI_Tesla,set1_dQn_m,GPR,log,protocol_holdout,diversity_iterative,7,64,22.46966587177724
TRI_Tesla,set1_dQn_m,GPR,log,protocol_holdout,diversity_iterative,7,72,22.622174353749973
TRI_Tesla,set1_dQn_m,GPR,log,protocol_holdout,diversity_iterative,7,80,21.50141388248796
TRI_Tesla,set1_dQn_m,GPR,log,protocol_holdout,diversity_iterative,7,88,23.84166045870268
TRI_Tesla,set1_dQn_m,GPR,log,protocol_holdout,diversity_iterative,7,96,25.91496436339962
TRI_Tesla,set1_dQn_m,GPR,log,protocol_holdout,diversity_iterative,7,104,24.538310894446465
TRI_Tesla,set1_dQn_m,GPR,log,protocol_holdout,diversity_iterative,7,107,23.6021324641138
TRI_Tesla,set1_dQn_m,GPR,log,protocol_holdout,diversity_iterative,8,8,59.18363879438287
TRI_Tesla,set1_dQn_m,GPR,log,protocol_holdout,diversity_iterative,8,16,37.127020606848426
TRI_Tesla,set1_dQn_m,GPR,log,protocol_holdout,diversity_iterative,8,24,27.23520300015169
TRI_Tesla,set1_dQn_m,GPR,log,protocol_holdout,diversity_iterative,8,32,32.70118729590855
TRI_Tesla,set1_dQn_m,GPR,log,protocol_holdout,diversity_iterative,8,40,35.22363047525678
TRI_Tesla,set1_dQn_m,GPR,log,protocol_holdout,diversity_iterative,8,48,36.20423571187612
TRI_Tesla,set1_dQn_m,GPR,log,protocol_holdout,diversity_iterative,8,56,32.66301281974782
TRI_Tesla,set1_dQn_m,GPR,log,protocol_holdout,diversity_iterative,8,64,31.160438999628926
TRI_Tesla,set1_dQn_m,GPR,log,protocol_holdout,diversity_iterative,8,72,28.74296722805314
TRI_Tesla,set1_dQn_m,GPR,log,protocol_holdout,diversity_iterative,8,80,27.11644759956649
TRI_Tesla,set1_dQn_m,GPR,log,protocol_holdout,diversity_iterative,8,88,24.5857171047882
TRI_Tesla,set1_dQn_m,GPR,log,protocol_holdout,diversity_iterative,8,96,21.308780373779555
TRI_Tesla,set1_dQn_m,GPR,log,protocol_holdout,diversity_iterative,8,104,22.84832922422172
TRI_Tesla,set1_dQn_m,GPR,log,protocol_holdout,diversity_iterative,8,107,21.594075008673144
TRI_Tesla,set1_dQn_m,GPR,log,protocol_holdout,diversity_iterative,9,8,26.12405897186911
TRI_Tesla,set1_dQn_m,GPR,log,protocol_holdout,diversity_iterative,9,16,25.612443637781578
TRI_Tesla,set1_dQn_m,GPR,log,protocol_holdout,diversity_iterative,9,24,23.86959690594072
TRI_Tesla,set1_dQn_m,GPR,log,protocol_holdout,diversity_iterative,9,32,21.116426062821706
TRI_Tesla,set1_dQn_m,GPR,log,protocol_holdout,diversity_iterative,9,40,24.950318089097387
TRI_Tesla,set1_dQn_m,GPR,log,protocol_holdout,diversity_iterative,9,48,24.53843613599618
TRI_Tesla,set1_dQn_m,GPR,log,protocol_holdout,diversity_iterative,9,56,22.0855993662866
TRI_Tesla,set1_dQn_m,GPR,log,protocol_holdout,diversity_iterative,9,64,21.66904764337889
TRI_Tesla,set1_dQn_m,GPR,log,protocol_holdout,diversity_iterative,9,72,21.515206049866155
TRI_Tesla,set1_dQn_m,GPR,log,protocol_holdout,diversity_iterative,9,80,19.75592989751462
TRI_Tesla,set1_dQn_m,GPR,log,protocol_holdout,diversity_iterative,9,88,19.645884402992504
TRI_Tesla,set1_dQn_m,GPR,log,protocol_holdout,diversity_iterative,9,96,17.64816374143804
TRI_Tesla,set1_dQn_m,GPR,log,protocol_holdout,diversity_iterative,9,104,17.61378112112231
TRI_Tesla,set1_dQn_m,GPR,log,protocol_holdout,diversity_iterative,9,107,17.902586340178665
TRI_Tesla,set1_dQn_m,GPR,log,protocol_holdout,diversity_iterative,10,8,14.636739675871228
TRI_Tesla,set1_dQn_m,GPR,log,protocol_holdout,diversity_iterative,10,16,22.85641474376575
TRI_Tesla,set1_dQn_m,GPR,log,protocol_holdout,diversity_iterative,10,24,16.655960543650032
TRI_Tesla,set1_dQn_m,GPR,log,protocol_holdout,diversity_iterative,10,32,15.943302229072454
TRI_Tesla,set1_dQn_m,GPR,log,protocol_holdout,diversity_iterative,10,40,17.40350905416152
TRI_Tesla,set1_dQn_m,GPR,log,protocol_holdout,diversity_iterative,10,48,18.35107884087711
TRI_Tesla,set1_dQn_m,GPR,log,protocol_holdout,diversity_iterative,10,56,18.161116697695505
TRI_Tesla,set1_dQn_m,GPR,log,protocol_holdout,diversity_iterative,10,64,18.54623896441849
TRI_Tesla,set1_dQn_m,GPR,log,protocol_holdout,diversity_iterative,10,72,19.39940627127293
TRI_Tesla,set1_dQn_m,GPR,log,protocol_holdout,diversity_iterative,10,80,19.81105961390078
TRI_Tesla,set1_dQn_m,GPR,log,protocol_holdout,diversity_iterative,10,88,20.26168094317261
TRI_Tesla,set1_dQn_m,GPR,log,protocol_holdout,diversity_iterative,10,96,21.09985336168139
TRI_Tesla,set1_dQn_m,GPR,log,protocol_holdout,diversity_iterative,10,104,19.35709456641812
TRI_Tesla,set1_dQn_m,GPR,log,protocol_holdout,diversity_iterative,10,107,19.73558658188153
TRI_Tesla,set1_dQn_m,GPR,log,protocol_holdout,coverage,1,8,28.51360351472203
TRI_Tesla,set1_dQn_m,GPR,log,protocol_holdout,coverage,1,16,28.266591523660733
TRI_Tesla,set1_dQn_m,GPR,log,protocol_holdout,coverage,1,24,29.018025150959065
TRI_Tesla,set1_dQn_m,GPR,log,protocol_holdout,coverage,1,32,25.98914000322902
TRI_Tesla,set1_dQn_m,GPR,log,protocol_holdout,coverage,1,40,20.997924397459112
TRI_Tesla,set1_dQn_m,GPR,log,protocol_holdout,coverage,1,48,22.942338299721698
TRI_Tesla,set1_dQn_m,GPR,log,protocol_holdout,coverage,1,56,23.353054769797584
TRI_Tesla,set1_dQn_m,GPR,log,protocol_holdout,coverage,1,64,23.790684580241305
TRI_Tesla,set1_dQn_m,GPR,log,protocol_holdout,coverage,1,72,23.61745552181248
TRI_Tesla,set1_dQn_m,GPR,log,protocol_holdout,coverage,1,80,21.49296474109581
TRI_Tesla,set1_dQn_m,GPR,log,protocol_holdout,coverage,1,88,21.845082082360253
TRI_Tesla,set1_dQn_m,GPR,log,protocol_holdout,coverage,1,96,22.0388945938938
TRI_Tesla,set1_dQn_m,GPR,log,protocol_holdout,coverage,1,104,22.201756661214134
TRI_Tesla,set1_dQn_m,GPR,log,protocol_holdout,coverage,1,107,21.99568830298372
TRI_Tesla,set1_dQn_m,GPR,log,protocol_holdout,coverage,2,8,22.620506066012062
TRI_Tesla,set1_dQn_m,GPR,log,protocol_holdout,coverage,2,16,24.14010991830805
TRI_Tesla,set1_dQn_m,GPR,log,protocol_holdout,coverage,2,24,23.81911485723739
TRI_Tesla,set1_dQn_m,GPR,log,protocol_holdout,coverage,2,32,18.234374465288127
TRI_Tesla,set1_dQn_m,GPR,log,protocol_holdout,coverage,2,40,17.001092951621573
TRI_Tesla,set1_dQn_m,GPR,log,protocol_holdout,coverage,2,48,19.614218785841967
TRI_Tesla,set1_dQn_m,GPR,log,protocol_holdout,coverage,2,56,15.1338094337982
TRI_Tesla,set1_dQn_m,GPR,log,protocol_holdout,coverage,2,64,14.964331850415023
TRI_Tesla,set1_dQn_m,GPR,log,protocol_holdout,coverage,2,72,14.429830874237815
TRI_Tesla,set1_dQn_m,GPR,log,protocol_holdout,coverage,2,80,14.969548719074638
TRI_Tesla,set1_dQn_m,GPR,log,protocol_holdout,coverage,2,88,14.408428678572902
TRI_Tesla,set1_dQn_m,GPR,log,protocol_holdout,coverage,2,96,14.052115069375418
TRI_Tesla,set1_dQn_m,GPR,log,protocol_holdout,coverage,2,104,14.161955876970096
TRI_Tesla,set1_dQn_m,GPR,log,protocol_holdout,coverage,2,107,14.005567139981617
TRI_Tesla,set1_dQn_m,GPR,log,protocol_holdout,coverage,3,8,29.27159779115459
TRI_Tesla,set1_dQn_m,GPR,log,protocol_holdout,coverage,3,16,30.308601686002888
TRI_Tesla,set1_dQn_m,GPR,log,protocol_holdout,coverage,3,24,30.095451424323112
TRI_Tesla,set1_dQn_m,GPR,log,protocol_holdout,coverage,3,32,28.84930953523062
TRI_Tesla,set1_dQn_m,GPR,log,protocol_holdout,coverage,3,40,25.775267343511345
TRI_Tesla,set1_dQn_m,GPR,log,protocol_holdout,coverage,3,48,24.262148013540813
TRI_Tesla,set1_dQn_m,GPR,log,protocol_holdout,coverage,3,56,26.26890511819047
TRI_Tesla,set1_dQn_m,GPR,log,protocol_holdout,coverage,3,64,25.19401002856426
TRI_Tesla,set1_dQn_m,GPR,log,protocol_holdout,coverage,3,72,22.600104390524315
TRI_Tesla,set1_dQn_m,GPR,log,protocol_holdout,coverage,3,80,22.57695949964461
TRI_Tesla,set1_dQn_m,GPR,log,protocol_holdout,coverage,3,88,21.675302542895345
TRI_Tesla,set1_dQn_m,GPR,log,protocol_holdout,coverage,3,96,21.83720933848802
TRI_Tesla,set1_dQn_m,GPR,log,protocol_holdout,coverage,3,104,22.40926423530374
TRI_Tesla,set1_dQn_m,GPR,log,protocol_holdout,coverage,3,107,22.19213062107027
TRI_Tesla,set1_dQn_m,GPR,log,protocol_holdout,coverage,4,8,44.341521864059565
TRI_Tesla,set1_dQn_m,GPR,log,protocol_holdout,coverage,4,16,35.847974014485224
TRI_Tesla,set1_dQn_m,GPR,log,protocol_holdout,coverage,4,24,32.76527154479408
TRI_Tesla,set1_dQn_m,GPR,log,protocol_holdout,coverage,4,32,37.41827838834615
TRI_Tesla,set1_dQn_m,GPR,log,protocol_holdout,coverage,4,40,38.26956392121981
TRI_Tesla,set1_dQn_m,GPR,log,protocol_holdout,coverage,4,48,40.435175727989225
TRI_Tesla,set1_dQn_m,GPR,log,protocol_holdout,coverage,4,56,37.07203265300961
TRI_Tesla,set1_dQn_m,GPR,log,protocol_holdout,coverage,4,64,37.37340487232274
TRI_Tesla,set1_dQn_m,GPR,log,protocol_holdout,coverage,4,72,32.44327239793885
TRI_Tesla,set1_dQn_m,GPR,log,protocol_holdout,coverage,4,80,29.80154312179673
TRI_Tesla,set1_dQn_m,GPR,log,protocol_holdout,coverage,4,88,29.547907455512217
TRI_Tesla,set1_dQn_m,GPR,log,protocol_holdout,coverage,4,96,29.608736325304708
TRI_Tesla,set1_dQn_m,GPR,log,protocol_holdout,coverage,4,104,29.64039174409448
TRI_Tesla,set1_dQn_m,GPR,log,protocol_holdout,coverage,4,107,29.29540415425476
TRI_Tesla,set1_dQn_m,GPR,log,protocol_holdout,coverage,5,8,34.56745630696443
TRI_Tesla,set1_dQn_m,GPR,log,protocol_holdout,coverage,5,16,20.177293604900704
TRI_Tesla,set1_dQn_m,GPR,log,protocol_holdout,coverage,5,24,19.108753602941565
TRI_Tesla,set1_dQn_m,GPR,log,protocol_holdout,coverage,5,32,14.753500402586786
TRI_Tesla,set1_dQn_m,GPR,log,protocol_holdout,coverage,5,40,16.51536213343766
TRI_Tesla,set1_dQn_m,GPR,log,protocol_holdout,coverage,5,48,20.12380890717625
TRI_Tesla,set1_dQn_m,GPR,log,protocol_holdout,coverage,5,56,19.13459933056832
TRI_Tesla,set1_dQn_m,GPR,log,protocol_holdout,coverage,5,64,19.597389792505894
TRI_Tesla,set1_dQn_m,GPR,log,protocol_holdout,coverage,5,72,19.728287955857308
TRI_Tesla,set1_dQn_m,GPR,log,protocol_holdout,coverage,5,80,18.75026235630502
TRI_Tesla,set1_dQn_m,GPR,log,protocol_holdout,coverage,5,88,18.852799388213526
TRI_Tesla,set1_dQn_m,GPR,log,protocol_holdout,coverage,5,96,18.95152907922089
TRI_Tesla,set1_dQn_m,GPR,log,protocol_holdout,coverage,5,104,18.83210421203279
TRI_Tesla,set1_dQn_m,GPR,log,protocol_holdout,coverage,5,107,18.96917657259517
TRI_Tesla,set1_dQn_m,GPR,log,protocol_holdout,coverage,6,8,25.202068255100286
TRI_Tesla,set1_dQn_m,GPR,log,protocol_holdout,coverage,6,16,23.415294233295583
TRI_Tesla,set1_dQn_m,GPR,log,protocol_holdout,coverage,6,24,29.486995271591
TRI_Tesla,set1_dQn_m,GPR,log,protocol_holdout,coverage,6,32,26.97495847871256
TRI_Tesla,set1_dQn_m,GPR,log,protocol_holdout,coverage,6,40,26.66454124821998
TRI_Tesla,set1_dQn_m,GPR,log,protocol_holdout,coverage,6,48,25.526143636551065
TRI_Tesla,set1_dQn_m,GPR,log,protocol_holdout,coverage,6,56,27.614467925489016
TRI_Tesla,set1_dQn_m,GPR,log,protocol_holdout,coverage,6,64,21.357398501719896
TRI_Tesla,set1_dQn_m,GPR,log,protocol_holdout,coverage,6,72,20.11019668918754
TRI_Tesla,set1_dQn_m,GPR,log,protocol_holdout,coverage,6,80,19.20303623004549
TRI_Tesla,set1_dQn_m,GPR,log,protocol_holdout,coverage,6,88,19.164210515773995
TRI_Tesla,set1_dQn_m,GPR,log,protocol_holdout,coverage,6,96,18.16516518359004
TRI_Tesla,set1_dQn_m,GPR,log,protocol_holdout,coverage,6,104,18.082855303764763
TRI_Tesla,set1_dQn_m,GPR,log,protocol_holdout,coverage,6,107,18.546393201381747
TRI_Tesla,set1_dQn_m,GPR,log,protocol_holdout,coverage,7,8,31.22405867646854
TRI_Tesla,set1_dQn_m,GPR,log,protocol_holdout,coverage,7,16,31.11700451937293
TRI_Tesla,set1_dQn_m,GPR,log,protocol_holdout,coverage,7,24,29.048448996378777
TRI_Tesla,set1_dQn_m,GPR,log,protocol_holdout,coverage,7,32,32.13406869946353
TRI_Tesla,set1_dQn_m,GPR,log,protocol_holdout,coverage,7,40,28.796235498363423
TRI_Tesla,set1_dQn_m,GPR,log,protocol_holdout,coverage,7,48,30.78623973561602
TRI_Tesla,set1_dQn_m,GPR,log,protocol_holdout,coverage,7,56,35.6364017898559
TRI_Tesla,set1_dQn_m,GPR,log,protocol_holdout,coverage,7,64,34.947955858869115
TRI_Tesla,set1_dQn_m,GPR,log,protocol_holdout,coverage,7,72,31.011776597667406
TRI_Tesla,set1_dQn_m,GPR,log,protocol_holdout,coverage,7,80,28.212726449639348
TRI_Tesla,set1_dQn_m,GPR,log,protocol_holdout,coverage,7,88,27.12497476090362
TRI_Tesla,set1_dQn_m,GPR,log,protocol_holdout,coverage,7,96,24.17972710990944
TRI_Tesla,set1_dQn_m,GPR,log,protocol_holdout,coverage,7,104,23.55246005998736
TRI_Tesla,set1_dQn_m,GPR,log,protocol_holdout,coverage,7,107,23.6021324641138
TRI_Tesla,set1_dQn_m,GPR,log,protocol_holdout,coverage,8,8,52.78005285919677
TRI_Tesla,set1_dQn_m,GPR,log,protocol_holdout,coverage,8,16,26.278348936701768
TRI_Tesla,set1_dQn_m,GPR,log,protocol_holdout,coverage,8,24,26.008446701552096
TRI_Tesla,set1_dQn_m,GPR,log,protocol_holdout,coverage,8,32,26.486687608909783
TRI_Tesla,set1_dQn_m,GPR,log,protocol_holdout,coverage,8,40,27.42057201495251
TRI_Tesla,set1_dQn_m,GPR,log,protocol_holdout,coverage,8,48,32.02112697395769
TRI_Tesla,set1_dQn_m,GPR,log,protocol_holdout,coverage,8,56,29.580048482612973
TRI_Tesla,set1_dQn_m,GPR,log,protocol_holdout,coverage,8,64,29.084644429175345
TRI_Tesla,set1_dQn_m,GPR,log,protocol_holdout,coverage,8,72,26.26039142422563
TRI_Tesla,set1_dQn_m,GPR,log,protocol_holdout,coverage,8,80,28.20404848587664
TRI_Tesla,set1_dQn_m,GPR,log,protocol_holdout,coverage,8,88,23.960439545453458
TRI_Tesla,set1_dQn_m,GPR,log,protocol_holdout,coverage,8,96,22.796465158595023
TRI_Tesla,set1_dQn_m,GPR,log,protocol_holdout,coverage,8,104,22.09300102616282
TRI_Tesla,set1_dQn_m,GPR,log,protocol_holdout,coverage,8,107,21.594075008673144
TRI_Tesla,set1_dQn_m,GPR,log,protocol_holdout,coverage,9,8,44.70840801112878
TRI_Tesla,set1_dQn_m,GPR,log,protocol_holdout,coverage,9,16,22.967751886363903
TRI_Tesla,set1_dQn_m,GPR,log,protocol_holdout,coverage,9,24,21.50672913400954
TRI_Tesla,set1_dQn_m,GPR,log,protocol_holdout,coverage,9,32,21.10979723768363
TRI_Tesla,set1_dQn_m,GPR,log,protocol_holdout,coverage,9,40,22.415599516029648
TRI_Tesla,set1_dQn_m,GPR,log,protocol_holdout,coverage,9,48,21.664168956458884
TRI_Tesla,set1_dQn_m,GPR,log,protocol_holdout,coverage,9,56,19.089614795948982
TRI_Tesla,set1_dQn_m,GPR,log,protocol_holdout,coverage,9,64,19.601731841353057
TRI_Tesla,set1_dQn_m,GPR,log,protocol_holdout,coverage,9,72,18.190864403055805
TRI_Tesla,set1_dQn_m,GPR,log,protocol_holdout,coverage,9,80,18.031935063051183
TRI_Tesla,set1_dQn_m,GPR,log,protocol_holdout,coverage,9,88,17.687512968555684
TRI_Tesla,set1_dQn_m,GPR,log,protocol_holdout,coverage,9,96,17.089932916062846
TRI_Tesla,set1_dQn_m,GPR,log,protocol_holdout,coverage,9,104,17.595487726471404
TRI_Tesla,set1_dQn_m,GPR,log,protocol_holdout,coverage,9,107,17.902586340178665
TRI_Tesla,set1_dQn_m,GPR,log,protocol_holdout,coverage,10,8,39.53518384344008
TRI_Tesla,set1_dQn_m,GPR,log,protocol_holdout,coverage,10,16,24.7303852512578
TRI_Tesla,set1_dQn_m,GPR,log,protocol_holdout,coverage,10,24,24.29232203726456
TRI_Tesla,set1_dQn_m,GPR,log,protocol_holdout,coverage,10,32,21.994419754135745
TRI_Tesla,set1_dQn_m,GPR,log,protocol_holdout,coverage,10,40,16.013589534488904
TRI_Tesla,set1_dQn_m,GPR,log,protocol_holdout,coverage,10,48,19.866669854662327
TRI_Tesla,set1_dQn_m,GPR,log,protocol_holdout,coverage,10,56,22.180721038278005
TRI_Tesla,set1_dQn_m,GPR,log,protocol_holdout,coverage,10,64,23.110547781226977
TRI_Tesla,set1_dQn_m,GPR,log,protocol_holdout,coverage,10,72,22.88166531433125
TRI_Tesla,set1_dQn_m,GPR,log,protocol_holdout,coverage,10,80,19.66400931044448
TRI_Tesla,set1_dQn_m,GPR,log,protocol_holdout,coverage,10,88,19.54654016993218
TRI_Tesla,set1_dQn_m,GPR,log,protocol_holdout,coverage,10,96,18.975830431544694
TRI_Tesla,set1_dQn_m,GPR,log,protocol_holdout,coverage,10,104,19.43286296523061
TRI_Tesla,set1_dQn_m,GPR,log,protocol_holdout,coverage,10,107,19.73558658188153
TRI_Tesla,set1_dQn_m,GPR,log,protocol_holdout,exploration,1,8,28.51360351472203
TRI_Tesla,set1_dQn_m,GPR,log,protocol_holdout,exploration,1,16,28.894221577371315
TRI_Tesla,set1_dQn_m,GPR,log,protocol_holdout,exploration,1,24,31.33511404820009
TRI_Tesla,set1_dQn_m,GPR,log,protocol_holdout,exploration,1,32,29.454203836009068
TRI_Tesla,set1_dQn_m,GPR,log,protocol_holdout,exploration,1,40,33.958903956872284
TRI_Tesla,set1_dQn_m,GPR,log,protocol_holdout,exploration,1,48,32.516033310095786
TRI_Tesla,set1_dQn_m,GPR,log,protocol_holdout,exploration,1,56,27.257901666808625
TRI_Tesla,set1_dQn_m,GPR,log,protocol_holdout,exploration,1,64,27.278561785768463
TRI_Tesla,set1_dQn_m,GPR,log,protocol_holdout,exploration,1,72,25.64811412406045
TRI_Tesla,set1_dQn_m,GPR,log,protocol_holdout,exploration,1,80,23.19285577342141
TRI_Tesla,set1_dQn_m,GPR,log,protocol_holdout,exploration,1,88,21.9229577238868
TRI_Tesla,set1_dQn_m,GPR,log,protocol_holdout,exploration,1,96,22.563304385409666
TRI_Tesla,set1_dQn_m,GPR,log,protocol_holdout,exploration,1,104,22.241575197027963
TRI_Tesla,set1_dQn_m,GPR,log,protocol_holdout,exploration,1,107,21.99568830298372
TRI_Tesla,set1_dQn_m,GPR,log,protocol_holdout,exploration,2,8,22.620506066012062
TRI_Tesla,set1_dQn_m,GPR,log,protocol_holdout,exploration,2,16,23.79723683833804
TRI_Tesla,set1_dQn_m,GPR,log,protocol_holdout,exploration,2,24,22.58845930398446
TRI_Tesla,set1_dQn_m,GPR,log,protocol_holdout,exploration,2,32,24.492423519064435
TRI_Tesla,set1_dQn_m,GPR,log,protocol_holdout,exploration,2,40,23.82472011726952
TRI_Tesla,set1_dQn_m,GPR,log,protocol_holdout,exploration,2,48,16.35673789733104
TRI_Tesla,set1_dQn_m,GPR,log,protocol_holdout,exploration,2,56,16.44605135372263
TRI_Tesla,set1_dQn_m,GPR,log,protocol_holdout,exploration,2,64,16.505981907229312
TRI_Tesla,set1_dQn_m,GPR,log,protocol_holdout,exploration,2,72,15.028583268959023
TRI_Tesla,set1_dQn_m,GPR,log,protocol_holdout,exploration,2,80,15.221857262008283
TRI_Tesla,set1_dQn_m,GPR,log,protocol_holdout,exploration,2,88,14.83347649421166
TRI_Tesla,set1_dQn_m,GPR,log,protocol_holdout,exploration,2,96,14.068298737170196
TRI_Tesla,set1_dQn_m,GPR,log,protocol_holdout,exploration,2,104,14.191954954225984
TRI_Tesla,set1_dQn_m,GPR,log,protocol_holdout,exploration,2,107,14.005567139981617
TRI_Tesla,set1_dQn_m,GPR,log,protocol_holdout,exploration,3,8,29.27159779115459
TRI_Tesla,set1_dQn_m,GPR,log,protocol_holdout,exploration,3,16,30.308601686002888
TRI_Tesla,set1_dQn_m,GPR,log,protocol_holdout,exploration,3,24,30.3459382849738
TRI_Tesla,set1_dQn_m,GPR,log,protocol_holdout,exploration,3,32,30.952631558669648
TRI_Tesla,set1_dQn_m,GPR,log,protocol_holdout,exploration,3,40,23.875254446073896
TRI_Tesla,set1_dQn_m,GPR,log,protocol_holdout,exploration,3,48,34.909775375772355
TRI_Tesla,set1_dQn_m,GPR,log,protocol_holdout,exploration,3,56,26.762215458429413
TRI_Tesla,set1_dQn_m,GPR,log,protocol_holdout,exploration,3,64,32.34412266520268
TRI_Tesla,set1_dQn_m,GPR,log,protocol_holdout,exploration,3,72,21.2937320160974
TRI_Tesla,set1_dQn_m,GPR,log,protocol_holdout,exploration,3,80,21.741028597027952
TRI_Tesla,set1_dQn_m,GPR,log,protocol_holdout,exploration,3,88,21.707839595766828
TRI_Tesla,set1_dQn_m,GPR,log,protocol_holdout,exploration,3,96,22.24293199597332
TRI_Tesla,set1_dQn_m,GPR,log,protocol_holdout,exploration,3,104,22.03015241132117
TRI_Tesla,set1_dQn_m,GPR,log,protocol_holdout,exploration,3,107,22.19213062107027
TRI_Tesla,set1_dQn_m,GPR,log,protocol_holdout,exploration,4,8,44.341521864059565
TRI_Tesla,set1_dQn_m,GPR,log,protocol_holdout,exploration,4,16,35.847974014485224
TRI_Tesla,set1_dQn_m,GPR,log,protocol_holdout,exploration,4,24,47.33956853110659
TRI_Tesla,set1_dQn_m,GPR,log,protocol_holdout,exploration,4,32,46.21425225508935
TRI_Tesla,set1_dQn_m,GPR,log,protocol_holdout,exploration,4,40,34.16689500528091
TRI_Tesla,set1_dQn_m,GPR,log,protocol_holdout,exploration,4,48,31.40479102898957
TRI_Tesla,set1_dQn_m,GPR,log,protocol_holdout,exploration,4,56,39.7151133469762
TRI_Tesla,set1_dQn_m,GPR,log,protocol_holdout,exploration,4,64,35.573039265298625
TRI_Tesla,set1_dQn_m,GPR,log,protocol_holdout,exploration,4,72,32.51222723620465
TRI_Tesla,set1_dQn_m,GPR,log,protocol_holdout,exploration,4,80,32.282900796802195
TRI_Tesla,set1_dQn_m,GPR,log,protocol_holdout,exploration,4,88,31.25948747629006
TRI_Tesla,set1_dQn_m,GPR,log,protocol_holdout,exploration,4,96,31.24711603230066
TRI_Tesla,set1_dQn_m,GPR,log,protocol_holdout,exploration,4,104,29.55152097748057
TRI_Tesla,set1_dQn_m,GPR,log,protocol_holdout,exploration,4,107,29.29540415425476
TRI_Tesla,set1_dQn_m,GPR,log,protocol_holdout,exploration,5,8,34.56745630696443
TRI_Tesla,set1_dQn_m,GPR,log,protocol_holdout,exploration,5,16,20.177293604900704
TRI_Tesla,set1_dQn_m,GPR,log,protocol_holdout,exploration,5,24,18.81999733795126
TRI_Tesla,set1_dQn_m,GPR,log,protocol_holdout,exploration,5,32,23.18975706238787
TRI_Tesla,set1_dQn_m,GPR,log,protocol_holdout,exploration,5,40,19.76315565763876
TRI_Tesla,set1_dQn_m,GPR,log,protocol_holdout,exploration,5,48,21.49090180682221
TRI_Tesla,set1_dQn_m,GPR,log,protocol_holdout,exploration,5,56,19.3109376754134
TRI_Tesla,set1_dQn_m,GPR,log,protocol_holdout,exploration,5,64,19.35104386871932
TRI_Tesla,set1_dQn_m,GPR,log,protocol_holdout,exploration,5,72,19.299263641927134
TRI_Tesla,set1_dQn_m,GPR,log,protocol_holdout,exploration,5,80,19.20948317346424
TRI_Tesla,set1_dQn_m,GPR,log,protocol_holdout,exploration,5,88,19.347232652417663
TRI_Tesla,set1_dQn_m,GPR,log,protocol_holdout,exploration,5,96,19.016006528474424
TRI_Tesla,set1_dQn_m,GPR,log,protocol_holdout,exploration,5,104,18.726877312476866
TRI_Tesla,set1_dQn_m,GPR,log,protocol_holdout,exploration,5,107,18.96917657259517
TRI_Tesla,set1_dQn_m,GPR,log,protocol_holdout,exploration,6,8,25.202068255100286
TRI_Tesla,set1_dQn_m,GPR,log,protocol_holdout,exploration,6,16,24.815380332049795
TRI_Tesla,set1_dQn_m,GPR,log,protocol_holdout,exploration,6,24,25.171675942228124
TRI_Tesla,set1_dQn_m,GPR,log,protocol_holdout,exploration,6,32,29.4068588037394
TRI_Tesla,set1_dQn_m,GPR,log,protocol_holdout,exploration,6,40,26.60183000364164
TRI_Tesla,set1_dQn_m,GPR,log,protocol_holdout,exploration,6,48,24.6136726790143
TRI_Tesla,set1_dQn_m,GPR,log,protocol_holdout,exploration,6,56,21.21894087187292
TRI_Tesla,set1_dQn_m,GPR,log,protocol_holdout,exploration,6,64,20.50492362086796
TRI_Tesla,set1_dQn_m,GPR,log,protocol_holdout,exploration,6,72,20.597961058801
TRI_Tesla,set1_dQn_m,GPR,log,protocol_holdout,exploration,6,80,19.105871268763924
TRI_Tesla,set1_dQn_m,GPR,log,protocol_holdout,exploration,6,88,19.012506207715333
TRI_Tesla,set1_dQn_m,GPR,log,protocol_holdout,exploration,6,96,17.56745241683694
TRI_Tesla,set1_dQn_m,GPR,log,protocol_holdout,exploration,6,104,18.702444164647503
TRI_Tesla,set1_dQn_m,GPR,log,protocol_holdout,exploration,6,107,18.546393201381747
TRI_Tesla,set1_dQn_m,GPR,log,protocol_holdout,exploration,7,8,31.22405867646854
TRI_Tesla,set1_dQn_m,GPR,log,protocol_holdout,exploration,7,16,28.532234102271115
TRI_Tesla,set1_dQn_m,GPR,log,protocol_holdout,exploration,7,24,33.29086270992189
TRI_Tesla,set1_dQn_m,GPR,log,protocol_holdout,exploration,7,32,29.2168806752453
TRI_Tesla,set1_dQn_m,GPR,log,protocol_holdout,exploration,7,40,30.029776257808354
TRI_Tesla,set1_dQn_m,GPR,log,protocol_holdout,exploration,7,48,29.85147799757232
TRI_Tesla,set1_dQn_m,GPR,log,protocol_holdout,exploration,7,56,36.50718546143837
TRI_Tesla,set1_dQn_m,GPR,log,protocol_holdout,exploration,7,64,34.524574501849536
TRI_Tesla,set1_dQn_m,GPR,log,protocol_holdout,exploration,7,72,30.12500225970922
TRI_Tesla,set1_dQn_m,GPR,log,protocol_holdout,exploration,7,80,29.74647938338337
TRI_Tesla,set1_dQn_m,GPR,log,protocol_holdout,exploration,7,88,25.502244838020893
TRI_Tesla,set1_dQn_m,GPR,log,protocol_holdout,exploration,7,96,24.29172496511888
TRI_Tesla,set1_dQn_m,GPR,log,protocol_holdout,exploration,7,104,23.91321814867757
TRI_Tesla,set1_dQn_m,GPR,log,protocol_holdout,exploration,7,107,23.6021324641138
TRI_Tesla,set1_dQn_m,GPR,log,protocol_holdout,exploration,8,8,52.78005285919677
TRI_Tesla,set1_dQn_m,GPR,log,protocol_holdout,exploration,8,16,26.278348936701768
TRI_Tesla,set1_dQn_m,GPR,log,protocol_holdout,exploration,8,24,27.36050748488974
TRI_Tesla,set1_dQn_m,GPR,log,protocol_holdout,exploration,8,32,29.52994937278955
TRI_Tesla,set1_dQn_m,GPR,log,protocol_holdout,exploration,8,40,27.81000525012131
TRI_Tesla,set1_dQn_m,GPR,log,protocol_holdout,exploration,8,48,26.79282994034767
TRI_Tesla,set1_dQn_m,GPR,log,protocol_holdout,exploration,8,56,29.97664179495552
TRI_Tesla,set1_dQn_m,GPR,log,protocol_holdout,exploration,8,64,28.576872878891983
TRI_Tesla,set1_dQn_m,GPR,log,protocol_holdout,exploration,8,72,27.97255102748807
TRI_Tesla,set1_dQn_m,GPR,log,protocol_holdout,exploration,8,80,25.31105056310088
TRI_Tesla,set1_dQn_m,GPR,log,protocol_holdout,exploration,8,88,22.48686100705329
TRI_Tesla,set1_dQn_m,GPR,log,protocol_holdout,exploration,8,96,22.43273735011521
TRI_Tesla,set1_dQn_m,GPR,log,protocol_holdout,exploration,8,104,21.342367947756
TRI_Tesla,set1_dQn_m,GPR,log,protocol_holdout,exploration,8,107,21.594075008673144
TRI_Tesla,set1_dQn_m,GPR,log,protocol_holdout,exploration,9,8,44.70840801112878
TRI_Tesla,set1_dQn_m,GPR,log,protocol_holdout,exploration,9,16,24.605378943403668
TRI_Tesla,set1_dQn_m,GPR,log,protocol_holdout,exploration,9,24,23.646087556715774
TRI_Tesla,set1_dQn_m,GPR,log,protocol_holdout,exploration,9,32,24.145002907860626
TRI_Tesla,set1_dQn_m,GPR,log,protocol_holdout,exploration,9,40,16.71201002869866
TRI_Tesla,set1_dQn_m,GPR,log,protocol_holdout,exploration,9,48,16.14658055170575
TRI_Tesla,set1_dQn_m,GPR,log,protocol_holdout,exploration,9,56,15.912864313035277
TRI_Tesla,set1_dQn_m,GPR,log,protocol_holdout,exploration,9,64,18.84163629461557
TRI_Tesla,set1_dQn_m,GPR,log,protocol_holdout,exploration,9,72,18.70815232061806
TRI_Tesla,set1_dQn_m,GPR,log,protocol_holdout,exploration,9,80,18.38363302267004
TRI_Tesla,set1_dQn_m,GPR,log,protocol_holdout,exploration,9,88,18.976162394012658
TRI_Tesla,set1_dQn_m,GPR,log,protocol_holdout,exploration,9,96,17.22613824263307
TRI_Tesla,set1_dQn_m,GPR,log,protocol_holdout,exploration,9,104,17.829856259595715
TRI_Tesla,set1_dQn_m,GPR,log,protocol_holdout,exploration,9,107,17.902586340178665
TRI_Tesla,set1_dQn_m,GPR,log,protocol_holdout,exploration,10,8,39.53518384344008
TRI_Tesla,set1_dQn_m,GPR,log,protocol_holdout,exploration,10,16,16.525298550030598
TRI_Tesla,set1_dQn_m,GPR,log,protocol_holdout,exploration,10,24,17.40822153594119
TRI_Tesla,set1_dQn_m,GPR,log,protocol_holdout,exploration,10,32,20.154593476674712
TRI_Tesla,set1_dQn_m,GPR,log,protocol_holdout,exploration,10,40,17.621138415015338
TRI_Tesla,set1_dQn_m,GPR,log,protocol_holdout,exploration,10,48,17.7287501329425
TRI_Tesla,set1_dQn_m,GPR,log,protocol_holdout,exploration,10,56,17.590699067142204
TRI_Tesla,set1_dQn_m,GPR,log,protocol_holdout,exploration,10,64,17.86311410128506
TRI_Tesla,set1_dQn_m,GPR,log,protocol_holdout,exploration,10,72,18.09115524013073
TRI_Tesla,set1_dQn_m,GPR,log,protocol_holdout,exploration,10,80,18.24698556413618
TRI_Tesla,set1_dQn_m,GPR,log,protocol_holdout,exploration,10,88,19.08140830925181
TRI_Tesla,set1_dQn_m,GPR,log,protocol_holdout,exploration,10,96,19.14434988482832
TRI_Tesla,set1_dQn_m,GPR,log,protocol_holdout,exploration,10,104,19.406442246102262
TRI_Tesla,set1_dQn_m,GPR,log,protocol_holdout,exploration,10,107,19.73558658188153
TRI_Tesla,set1_dQn_m,GPR,log,protocol_holdout,exploitation,1,8,28.51360351472203
TRI_Tesla,set1_dQn_m,GPR,log,protocol_holdout,exploitation,1,16,29.947585795297883
TRI_Tesla,set1_dQn_m,GPR,log,protocol_holdout,exploitation,1,24,26.310947604711227
TRI_Tesla,set1_dQn_m,GPR,log,protocol_holdout,exploitation,1,32,33.82230810306632
TRI_Tesla,set1_dQn_m,GPR,log,protocol_holdout,exploitation,1,40,31.427153394731643
TRI_Tesla,set1_dQn_m,GPR,log,protocol_holdout,exploitation,1,48,24.239605230920635
TRI_Tesla,set1_dQn_m,GPR,log,protocol_holdout,exploitation,1,56,23.19519485888124
TRI_Tesla,set1_dQn_m,GPR,log,protocol_holdout,exploitation,1,64,23.793812230433144
TRI_Tesla,set1_dQn_m,GPR,log,protocol_holdout,exploitation,1,72,24.144929599341307
TRI_Tesla,set1_dQn_m,GPR,log,protocol_holdout,exploitation,1,80,23.91336177011001
TRI_Tesla,set1_dQn_m,GPR,log,protocol_holdout,exploitation,1,88,22.824785207356456
TRI_Tesla,set1_dQn_m,GPR,log,protocol_holdout,exploitation,1,96,22.662534840611603
TRI_Tesla,set1_dQn_m,GPR,log,protocol_holdout,exploitation,1,104,21.96885517140419
TRI_Tesla,set1_dQn_m,GPR,log,protocol_holdout,exploitation,1,107,21.99568830298372
TRI_Tesla,set1_dQn_m,GPR,log,protocol_holdout,exploitation,2,8,22.620506066012062
TRI_Tesla,set1_dQn_m,GPR,log,protocol_holdout,exploitation,2,16,23.40187734896889
TRI_Tesla,set1_dQn_m,GPR,log,protocol_holdout,exploitation,2,24,22.04040758779485
TRI_Tesla,set1_dQn_m,GPR,log,protocol_holdout,exploitation,2,32,20.14274998708576
TRI_Tesla,set1_dQn_m,GPR,log,protocol_holdout,exploitation,2,40,22.83196254028413
TRI_Tesla,set1_dQn_m,GPR,log,protocol_holdout,exploitation,2,48,17.49310335692604
TRI_Tesla,set1_dQn_m,GPR,log,protocol_holdout,exploitation,2,56,15.001006589521918
TRI_Tesla,set1_dQn_m,GPR,log,protocol_holdout,exploitation,2,64,13.757510875914273
TRI_Tesla,set1_dQn_m,GPR,log,protocol_holdout,exploitation,2,72,14.078245156411867
TRI_Tesla,set1_dQn_m,GPR,log,protocol_holdout,exploitation,2,80,14.07281717028434
TRI_Tesla,set1_dQn_m,GPR,log,protocol_holdout,exploitation,2,88,14.068396583615522
TRI_Tesla,set1_dQn_m,GPR,log,protocol_holdout,exploitation,2,96,14.047098048940205
TRI_Tesla,set1_dQn_m,GPR,log,protocol_holdout,exploitation,2,104,10.919455225610754
TRI_Tesla,set1_dQn_m,GPR,log,protocol_holdout,exploitation,2,107,14.005567139981617
TRI_Tesla,set1_dQn_m,GPR,log,protocol_holdout,exploitation,3,8,29.27159779115459
TRI_Tesla,set1_dQn_m,GPR,log,protocol_holdout,exploitation,3,16,27.580962114204365
TRI_Tesla,set1_dQn_m,GPR,log,protocol_holdout,exploitation,3,24,29.75639616018717
TRI_Tesla,set1_dQn_m,GPR,log,protocol_holdout,exploitation,3,32,26.63136758654683
TRI_Tesla,set1_dQn_m,GPR,log,protocol_holdout,exploitation,3,40,19.63700080982004
TRI_Tesla,set1_dQn_m,GPR,log,protocol_holdout,exploitation,3,48,20.04110648421237
TRI_Tesla,set1_dQn_m,GPR,log,protocol_holdout,exploitation,3,56,19.144671687403896
TRI_Tesla,set1_dQn_m,GPR,log,protocol_holdout,exploitation,3,64,22.673355701502512
TRI_Tesla,set1_dQn_m,GPR,log,protocol_holdout,exploitation,3,72,19.62177574144172
TRI_Tesla,set1_dQn_m,GPR,log,protocol_holdout,exploitation,3,80,19.617564516638176
TRI_Tesla,set1_dQn_m,GPR,log,protocol_holdout,exploitation,3,88,19.63428843769297
TRI_Tesla,set1_dQn_m,GPR,log,protocol_holdout,exploitation,3,96,19.694265241750774
TRI_Tesla,set1_dQn_m,GPR,log,protocol_holdout,exploitation,3,104,22.13931014507489
TRI_Tesla,set1_dQn_m,GPR,log,protocol_holdout,exploitation,3,107,22.19213062107027
TRI_Tesla,set1_dQn_m,GPR,log,protocol_holdout,exploitation,4,8,44.341521864059565
TRI_Tesla,set1_dQn_m,GPR,log,protocol_holdout,exploitation,4,16,54.36507724792053
TRI_Tesla,set1_dQn_m,GPR,log,protocol_holdout,exploitation,4,24,87.15920749370373
TRI_Tesla,set1_dQn_m,GPR,log,protocol_holdout,exploitation,4,32,49.66053777484648
TRI_Tesla,set1_dQn_m,GPR,log,protocol_holdout,exploitation,4,40,48.28158571892358
TRI_Tesla,set1_dQn_m,GPR,log,protocol_holdout,exploitation,4,48,32.48566170672075
TRI_Tesla,set1_dQn_m,GPR,log,protocol_holdout,exploitation,4,56,31.88274171872513
TRI_Tesla,set1_dQn_m,GPR,log,protocol_holdout,exploitation,4,64,24.94449132302584
TRI_Tesla,set1_dQn_m,GPR,log,protocol_holdout,exploitation,4,72,28.3764961261613
TRI_Tesla,set1_dQn_m,GPR,log,protocol_holdout,exploitation,4,80,26.63038390956964
TRI_Tesla,set1_dQn_m,GPR,log,protocol_holdout,exploitation,4,88,23.058650990384788
TRI_Tesla,set1_dQn_m,GPR,log,protocol_holdout,exploitation,4,96,28.72525146684496
TRI_Tesla,set1_dQn_m,GPR,log,protocol_holdout,exploitation,4,104,28.73504831946369
TRI_Tesla,set1_dQn_m,GPR,log,protocol_holdout,exploitation,4,107,29.29540415425476
TRI_Tesla,set1_dQn_m,GPR,log,protocol_holdout,exploitation,5,8,34.56745630696443
TRI_Tesla,set1_dQn_m,GPR,log,protocol_holdout,exploitation,5,16,97.5490295313885
TRI_Tesla,set1_dQn_m,GPR,log,protocol_holdout,exploitation,5,24,88.18780637944705
TRI_Tesla,set1_dQn_m,GPR,log,protocol_holdout,exploitation,5,32,92.0348972869742
TRI_Tesla,set1_dQn_m,GPR,log,protocol_holdout,exploitation,5,40,20.73285941409226
TRI_Tesla,set1_dQn_m,GPR,log,protocol_holdout,exploitation,5,48,23.06732216696121
TRI_Tesla,set1_dQn_m,GPR,log,protocol_holdout,exploitation,5,56,22.037821646490173
TRI_Tesla,set1_dQn_m,GPR,log,protocol_holdout,exploitation,5,64,20.613059494787
TRI_Tesla,set1_dQn_m,GPR,log,protocol_holdout,exploitation,5,72,20.554086078347662
TRI_Tesla,set1_dQn_m,GPR,log,protocol_holdout,exploitation,5,80,18.249436680451986
TRI_Tesla,set1_dQn_m,GPR,log,protocol_holdout,exploitation,5,88,19.29430515648656
TRI_Tesla,set1_dQn_m,GPR,log,protocol_holdout,exploitation,5,96,15.683611667941587
TRI_Tesla,set1_dQn_m,GPR,log,protocol_holdout,exploitation,5,104,16.12986086091571
TRI_Tesla,set1_dQn_m,GPR,log,protocol_holdout,exploitation,5,107,18.96917657259517
TRI_Tesla,set1_dQn_m,GPR,log,protocol_holdout,exploitation,6,8,25.202068255100286
TRI_Tesla,set1_dQn_m,GPR,log,protocol_holdout,exploitation,6,16,43.28350176329582
TRI_Tesla,set1_dQn_m,GPR,log,protocol_holdout,exploitation,6,24,30.621654732228603
TRI_Tesla,set1_dQn_m,GPR,log,protocol_holdout,exploitation,6,32,19.46700143787336
TRI_Tesla,set1_dQn_m,GPR,log,protocol_holdout,exploitation,6,40,20.80297844341314
TRI_Tesla,set1_dQn_m,GPR,log,protocol_holdout,exploitation,6,48,22.719530233439663
TRI_Tesla,set1_dQn_m,GPR,log,protocol_holdout,exploitation,6,56,20.93566676324477
TRI_Tesla,set1_dQn_m,GPR,log,protocol_holdout,exploitation,6,64,19.25204045351004
TRI_Tesla,set1_dQn_m,GPR,log,protocol_holdout,exploitation,6,72,21.19485156641609
TRI_Tesla,set1_dQn_m,GPR,log,protocol_holdout,exploitation,6,80,19.029993080076075
TRI_Tesla,set1_dQn_m,GPR,log,protocol_holdout,exploitation,6,88,17.85455654711931
TRI_Tesla,set1_dQn_m,GPR,log,protocol_holdout,exploitation,6,96,18.10886084082445
TRI_Tesla,set1_dQn_m,GPR,log,protocol_holdout,exploitation,6,104,18.441336984799484
TRI_Tesla,set1_dQn_m,GPR,log,protocol_holdout,exploitation,6,107,18.546393201381747
TRI_Tesla,set1_dQn_m,GPR,log,protocol_holdout,exploitation,7,8,31.22405867646854
TRI_Tesla,set1_dQn_m,GPR,log,protocol_holdout,exploitation,7,16,34.50073807093183
TRI_Tesla,set1_dQn_m,GPR,log,protocol_holdout,exploitation,7,24,37.93710688307031
TRI_Tesla,set1_dQn_m,GPR,log,protocol_holdout,exploitation,7,32,32.87824637383556
TRI_Tesla,set1_dQn_m,GPR,log,protocol_holdout,exploitation,7,40,30.561728222982403
TRI_Tesla,set1_dQn_m,GPR,log,protocol_holdout,exploitation,7,48,33.66076057800932
TRI_Tesla,set1_dQn_m,GPR,log,protocol_holdout,exploitation,7,56,32.89221762465463
TRI_Tesla,set1_dQn_m,GPR,log,protocol_holdout,exploitation,7,64,26.795611299333142
TRI_Tesla,set1_dQn_m,GPR,log,protocol_holdout,exploitation,7,72,26.01004606064803
TRI_Tesla,set1_dQn_m,GPR,log,protocol_holdout,exploitation,7,80,25.14464379931932
TRI_Tesla,set1_dQn_m,GPR,log,protocol_holdout,exploitation,7,88,25.44012732508067
TRI_Tesla,set1_dQn_m,GPR,log,protocol_holdout,exploitation,7,96,23.80714167014776
TRI_Tesla,set1_dQn_m,GPR,log,protocol_holdout,exploitation,7,104,23.25614416777173
TRI_Tesla,set1_dQn_m,GPR,log,protocol_holdout,exploitation,7,107,23.6021324641138
TRI_Tesla,set1_dQn_m,GPR,log,protocol_holdout,exploitation,8,8,52.78005285919677
TRI_Tesla,set1_dQn_m,GPR,log,protocol_holdout,exploitation,8,16,74.5973950804941
TRI_Tesla,set1_dQn_m,GPR,log,protocol_holdout,exploitation,8,24,151.85315196278296
TRI_Tesla,set1_dQn_m,GPR,log,protocol_holdout,exploitation,8,32,84.13681805147937
TRI_Tesla,set1_dQn_m,GPR,log,protocol_holdout,exploitation,8,40,27.015411596703714
TRI_Tesla,set1_dQn_m,GPR,log,protocol_holdout,exploitation,8,48,27.52226909142089
TRI_Tesla,set1_dQn_m,GPR,log,protocol_holdout,exploitation,8,56,23.818012024928056
TRI_Tesla,set1_dQn_m,GPR,log,protocol_holdout,exploitation,8,64,19.99283444423553
TRI_Tesla,set1_dQn_m,GPR,log,protocol_holdout,exploitation,8,72,19.57652809781047
TRI_Tesla,set1_dQn_m,GPR,log,protocol_holdout,exploitation,8,80,21.704946428937934
TRI_Tesla,set1_dQn_m,GPR,log,protocol_holdout,exploitation,8,88,24.256815576162868
TRI_Tesla,set1_dQn_m,GPR,log,protocol_holdout,exploitation,8,96,24.799347590754955
TRI_Tesla,set1_dQn_m,GPR,log,protocol_holdout,exploitation,8,104,21.07506477251927
TRI_Tesla,set1_dQn_m,GPR,log,protocol_holdout,exploitation,8,107,21.594075008673144
TRI_Tesla,set1_dQn_m,GPR,log,protocol_holdout,exploitation,9,8,44.70840801112878
TRI_Tesla,set1_dQn_m,GPR,log,protocol_holdout,exploitation,9,16,26.75045674934365
TRI_Tesla,set1_dQn_m,GPR,log,protocol_holdout,exploitation,9,24,26.143705480991287
TRI_Tesla,set1_dQn_m,GPR,log,protocol_holdout,exploitation,9,32,26.60057257677353
TRI_Tesla,set1_dQn_m,GPR,log,protocol_holdout,exploitation,9,40,25.64999464579265
TRI_Tesla,set1_dQn_m,GPR,log,protocol_holdout,exploitation,9,48,22.50841289225813
TRI_Tesla,set1_dQn_m,GPR,log,protocol_holdout,exploitation,9,56,20.90162762012926
TRI_Tesla,set1_dQn_m,GPR,log,protocol_holdout,exploitation,9,64,19.749557579472054
TRI_Tesla,set1_dQn_m,GPR,log,protocol_holdout,exploitation,9,72,16.927080144801142
TRI_Tesla,set1_dQn_m,GPR,log,protocol_holdout,exploitation,9,80,16.94448447023826
TRI_Tesla,set1_dQn_m,GPR,log,protocol_holdout,exploitation,9,88,17.006335967590633
TRI_Tesla,set1_dQn_m,GPR,log,protocol_holdout,exploitation,9,96,17.587527775187656
TRI_Tesla,set1_dQn_m,GPR,log,protocol_holdout,exploitation,9,104,17.952472542070907
TRI_Tesla,set1_dQn_m,GPR,log,protocol_holdout,exploitation,9,107,17.902586340178665
TRI_Tesla,set1_dQn_m,GPR,log,protocol_holdout,exploitation,10,8,39.53518384344008
TRI_Tesla,set1_dQn_m,GPR,log,protocol_holdout,exploitation,10,16,24.6920845446977
TRI_Tesla,set1_dQn_m,GPR,log,protocol_holdout,exploitation,10,24,16.828464915954697
TRI_Tesla,set1_dQn_m,GPR,log,protocol_holdout,exploitation,10,32,20.541199734521204
TRI_Tesla,set1_dQn_m,GPR,log,protocol_holdout,exploitation,10,40,16.199037434358733
TRI_Tesla,set1_dQn_m,GPR,log,protocol_holdout,exploitation,10,48,16.67872864414667
TRI_Tesla,set1_dQn_m,GPR,log,protocol_holdout,exploitation,10,56,16.8661448551834
TRI_Tesla,set1_dQn_m,GPR,log,protocol_holdout,exploitation,10,64,18.94955551580349
TRI_Tesla,set1_dQn_m,GPR,log,protocol_holdout,exploitation,10,72,18.082476945813244
TRI_Tesla,set1_dQn_m,GPR,log,protocol_holdout,exploitation,10,80,16.48304190802914
TRI_Tesla,set1_dQn_m,GPR,log,protocol_holdout,exploitation,10,88,17.441587782123445
TRI_Tesla,set1_dQn_m,GPR,log,protocol_holdout,exploitation,10,96,17.65002088873275
TRI_Tesla,set1_dQn_m,GPR,log,protocol_holdout,exploitation,10,104,19.64149034208053
TRI_Tesla,set1_dQn_m,GPR,log,protocol_holdout,exploitation,10,107,19.73558658188153
TRI_Tesla,set1_dQn_m,GPR,log,protocol_holdout,hybrid,1,8,28.51360351472203
TRI_Tesla,set1_dQn_m,GPR,log,protocol_holdout,hybrid,1,16,29.307180171937425
TRI_Tesla,set1_dQn_m,GPR,log,protocol_holdout,hybrid,1,24,26.462882141924364
TRI_Tesla,set1_dQn_m,GPR,log,protocol_holdout,hybrid,1,32,28.827948199932287
TRI_Tesla,set1_dQn_m,GPR,log,protocol_holdout,hybrid,1,40,28.94074470342929
TRI_Tesla,set1_dQn_m,GPR,log,protocol_holdout,hybrid,1,48,27.244681325469667
TRI_Tesla,set1_dQn_m,GPR,log,protocol_holdout,hybrid,1,56,27.72627369398548
TRI_Tesla,set1_dQn_m,GPR,log,protocol_holdout,hybrid,1,64,26.815634197295328
TRI_Tesla,set1_dQn_m,GPR,log,protocol_holdout,hybrid,1,72,24.50241255074459
TRI_Tesla,set1_dQn_m,GPR,log,protocol_holdout,hybrid,1,80,22.612206391664504
TRI_Tesla,set1_dQn_m,GPR,log,protocol_holdout,hybrid,1,88,22.327135970850524
TRI_Tesla,set1_dQn_m,GPR,log,protocol_holdout,hybrid,1,96,22.1865569220064
TRI_Tesla,set1_dQn_m,GPR,log,protocol_holdout,hybrid,1,104,21.962331504876765
TRI_Tesla,set1_dQn_m,GPR,log,protocol_holdout,hybrid,1,107,21.99568830298372
TRI_Tesla,set1_dQn_m,GPR,log,protocol_holdout,hybrid,2,8,22.620506066012062
TRI_Tesla,set1_dQn_m,GPR,log,protocol_holdout,hybrid,2,16,23.067434697327087
TRI_Tesla,set1_dQn_m,GPR,log,protocol_holdout,hybrid,2,24,24.45147068807032
TRI_Tesla,set1_dQn_m,GPR,log,protocol_holdout,hybrid,2,32,20.02717673916852
TRI_Tesla,set1_dQn_m,GPR,log,protocol_holdout,hybrid,2,40,20.445991162641786
TRI_Tesla,set1_dQn_m,GPR,log,protocol_holdout,hybrid,2,48,16.16434413998373
TRI_Tesla,set1_dQn_m,GPR,log,protocol_holdout,hybrid,2,56,16.433875146083235
TRI_Tesla,set1_dQn_m,GPR,log,protocol_holdout,hybrid,2,64,15.975617542205592
TRI_Tesla,set1_dQn_m,GPR,log,protocol_holdout,hybrid,2,72,15.551943733981464
TRI_Tesla,set1_dQn_m,GPR,log,protocol_holdout,hybrid,2,80,14.87188775546355
TRI_Tesla,set1_dQn_m,GPR,log,protocol_holdout,hybrid,2,88,14.767819327721256
TRI_Tesla,set1_dQn_m,GPR,log,protocol_holdout,hybrid,2,96,14.637768800399186
TRI_Tesla,set1_dQn_m,GPR,log,protocol_holdout,hybrid,2,104,14.234089602294963
TRI_Tesla,set1_dQn_m,GPR,log,protocol_holdout,hybrid,2,107,14.005567139981617
TRI_Tesla,set1_dQn_m,GPR,log,protocol_holdout,hybrid,3,8,29.27159779115459
TRI_Tesla,set1_dQn_m,GPR,log,protocol_holdout,hybrid,3,16,30.39276349111537
TRI_Tesla,set1_dQn_m,GPR,log,protocol_holdout,hybrid,3,24,31.42148733227411
TRI_Tesla,set1_dQn_m,GPR,log,protocol_holdout,hybrid,3,32,32.02242775130697
TRI_Tesla,set1_dQn_m,GPR,log,protocol_holdout,hybrid,3,40,32.463335220253185
TRI_Tesla,set1_dQn_m,GPR,log,protocol_holdout,hybrid,3,48,27.788132068344908
TRI_Tesla,set1_dQn_m,GPR,log,protocol_holdout,hybrid,3,56,26.0069977536207
TRI_Tesla,set1_dQn_m,GPR,log,protocol_holdout,hybrid,3,64,23.795258682310443
TRI_Tesla,set1_dQn_m,GPR,log,protocol_holdout,hybrid,3,72,22.971225729617288
TRI_Tesla,set1_dQn_m,GPR,log,protocol_holdout,hybrid,3,80,21.27361921050936
TRI_Tesla,set1_dQn_m,GPR,log,protocol_holdout,hybrid,3,88,21.583459968442643
TRI_Tesla,set1_dQn_m,GPR,log,protocol_holdout,hybrid,3,96,22.070831380274875
TRI_Tesla,set1_dQn_m,GPR,log,protocol_holdout,hybrid,3,104,21.90052953483039
TRI_Tesla,set1_dQn_m,GPR,log,protocol_holdout,hybrid,3,107,22.19213062107027
TRI_Tesla,set1_dQn_m,GPR,log,protocol_holdout,hybrid,4,8,44.341521864059565
TRI_Tesla,set1_dQn_m,GPR,log,protocol_holdout,hybrid,4,16,33.22412551312632
TRI_Tesla,set1_dQn_m,GPR,log,protocol_holdout,hybrid,4,24,40.14047743056038
TRI_Tesla,set1_dQn_m,GPR,log,protocol_holdout,hybrid,4,32,42.23955511343319
TRI_Tesla,set1_dQn_m,GPR,log,protocol_holdout,hybrid,4,40,39.59131201998741
TRI_Tesla,set1_dQn_m,GPR,log,protocol_holdout,hybrid,4,48,39.786989211098856
TRI_Tesla,set1_dQn_m,GPR,log,protocol_holdout,hybrid,4,56,34.20134335001308
TRI_Tesla,set1_dQn_m,GPR,log,protocol_holdout,hybrid,4,64,31.12646082478472
TRI_Tesla,set1_dQn_m,GPR,log,protocol_holdout,hybrid,4,72,31.51632501910482
TRI_Tesla,set1_dQn_m,GPR,log,protocol_holdout,hybrid,4,80,29.17800264267763
TRI_Tesla,set1_dQn_m,GPR,log,protocol_holdout,hybrid,4,88,30.09525041848561
TRI_Tesla,set1_dQn_m,GPR,log,protocol_holdout,hybrid,4,96,29.711594414800324
TRI_Tesla,set1_dQn_m,GPR,log,protocol_holdout,hybrid,4,104,29.038099984526
TRI_Tesla,set1_dQn_m,GPR,log,protocol_holdout,hybrid,4,107,29.29540415425476
TRI_Tesla,set1_dQn_m,GPR,log,protocol_holdout,hybrid,5,8,34.56745630696443
TRI_Tesla,set1_dQn_m,GPR,log,protocol_holdout,hybrid,5,16,15.48775974855094
TRI_Tesla,set1_dQn_m,GPR,log,protocol_holdout,hybrid,5,24,13.75570565542445
TRI_Tesla,set1_dQn_m,GPR,log,protocol_holdout,hybrid,5,32,17.93689090736383
TRI_Tesla,set1_dQn_m,GPR,log,protocol_holdout,hybrid,5,40,18.691673907396865
TRI_Tesla,set1_dQn_m,GPR,log,protocol_holdout,hybrid,5,48,19.584731994354897
TRI_Tesla,set1_dQn_m,GPR,log,protocol_holdout,hybrid,5,56,19.29596079257944
TRI_Tesla,set1_dQn_m,GPR,log,protocol_holdout,hybrid,5,64,18.84659194107875
TRI_Tesla,set1_dQn_m,GPR,log,protocol_holdout,hybrid,5,72,18.79420311778405
TRI_Tesla,set1_dQn_m,GPR,log,protocol_holdout,hybrid,5,80,19.527392026865687
TRI_Tesla,set1_dQn_m,GPR,log,protocol_holdout,hybrid,5,88,19.201957041592145
TRI_Tesla,set1_dQn_m,GPR,log,protocol_holdout,hybrid,5,96,18.9450582468042
TRI_Tesla,set1_dQn_m,GPR,log,protocol_holdout,hybrid,5,104,18.92554622373147
TRI_Tesla,set1_dQn_m,GPR,log,protocol_holdout,hybrid,5,107,18.96917657259517
TRI_Tesla,set1_dQn_m,GPR,log,protocol_holdout,hybrid,6,8,25.202068255100286
TRI_Tesla,set1_dQn_m,GPR,log,protocol_holdout,hybrid,6,16,23.930800128976685
TRI_Tesla,set1_dQn_m,GPR,log,protocol_holdout,hybrid,6,24,29.403934758800528
TRI_Tesla,set1_dQn_m,GPR,log,protocol_holdout,hybrid,6,32,30.319124841113894
TRI_Tesla,set1_dQn_m,GPR,log,protocol_holdout,hybrid,6,40,25.441685561013934
TRI_Tesla,set1_dQn_m,GPR,log,protocol_holdout,hybrid,6,48,24.74210747912223
TRI_Tesla,set1_dQn_m,GPR,log,protocol_holdout,hybrid,6,56,24.36242812689804
TRI_Tesla,set1_dQn_m,GPR,log,protocol_holdout,hybrid,6,64,20.675890914735817
TRI_Tesla,set1_dQn_m,GPR,log,protocol_holdout,hybrid,6,72,20.06960805032446
TRI_Tesla,set1_dQn_m,GPR,log,protocol_holdout,hybrid,6,80,21.26056692623875
TRI_Tesla,set1_dQn_m,GPR,log,protocol_holdout,hybrid,6,88,19.295264237804663
TRI_Tesla,set1_dQn_m,GPR,log,protocol_holdout,hybrid,6,96,19.26118218522262
TRI_Tesla,set1_dQn_m,GPR,log,protocol_holdout,hybrid,6,104,18.111758068229864
TRI_Tesla,set1_dQn_m,GPR,log,protocol_holdout,hybrid,6,107,18.546393201381747
TRI_Tesla,set1_dQn_m,GPR,log,protocol_holdout,hybrid,7,8,31.22405867646854
TRI_Tesla,set1_dQn_m,GPR,log,protocol_holdout,hybrid,7,16,30.010234436690418
TRI_Tesla,set1_dQn_m,GPR,log,protocol_holdout,hybrid,7,24,31.107386852022145
TRI_Tesla,set1_dQn_m,GPR,log,protocol_holdout,hybrid,7,32,32.64657073376334
TRI_Tesla,set1_dQn_m,GPR,log,protocol_holdout,hybrid,7,40,35.29927775830966
TRI_Tesla,set1_dQn_m,GPR,log,protocol_holdout,hybrid,7,48,37.36333016231285
TRI_Tesla,set1_dQn_m,GPR,log,protocol_holdout,hybrid,7,56,36.662145216872325
TRI_Tesla,set1_dQn_m,GPR,log,protocol_holdout,hybrid,7,64,36.04882573608454
TRI_Tesla,set1_dQn_m,GPR,log,protocol_holdout,hybrid,7,72,31.428919751724543
TRI_Tesla,set1_dQn_m,GPR,log,protocol_holdout,hybrid,7,80,25.501266528085843
TRI_Tesla,set1_dQn_m,GPR,log,protocol_holdout,hybrid,7,88,26.27236656568829
TRI_Tesla,set1_dQn_m,GPR,log,protocol_holdout,hybrid,7,96,24.59346175308496
TRI_Tesla,set1_dQn_m,GPR,log,protocol_holdout,hybrid,7,104,23.40530871651792
TRI_Tesla,set1_dQn_m,GPR,log,protocol_holdout,hybrid,7,107,23.6021324641138
TRI_Tesla,set1_dQn_m,GPR,log,protocol_holdout,hybrid,8,8,52.78005285919677
TRI_Tesla,set1_dQn_m,GPR,log,protocol_holdout,hybrid,8,16,26.78066629793909
TRI_Tesla,set1_dQn_m,GPR,log,protocol_holdout,hybrid,8,24,32.03459288700971
TRI_Tesla,set1_dQn_m,GPR,log,protocol_holdout,hybrid,8,32,27.66018688862896
TRI_Tesla,set1_dQn_m,GPR,log,protocol_holdout,hybrid,8,40,27.29767459753592
TRI_Tesla,set1_dQn_m,GPR,log,protocol_holdout,hybrid,8,48,29.702247697239443
TRI_Tesla,set1_dQn_m,GPR,log,protocol_holdout,hybrid,8,56,24.16708996652564
TRI_Tesla,set1_dQn_m,GPR,log,protocol_holdout,hybrid,8,64,26.8481058267426
TRI_Tesla,set1_dQn_m,GPR,log,protocol_holdout,hybrid,8,72,23.136043094808365
TRI_Tesla,set1_dQn_m,GPR,log,protocol_holdout,hybrid,8,80,21.297664238888583
TRI_Tesla,set1_dQn_m,GPR,log,protocol_holdout,hybrid,8,88,21.399310938337504
TRI_Tesla,set1_dQn_m,GPR,log,protocol_holdout,hybrid,8,96,21.337515570714185
TRI_Tesla,set1_dQn_m,GPR,log,protocol_holdout,hybrid,8,104,21.06359144823038
TRI_Tesla,set1_dQn_m,GPR,log,protocol_holdout,hybrid,8,107,21.594075008673144
TRI_Tesla,set1_dQn_m,GPR,log,protocol_holdout,hybrid,9,8,44.70840801112878
TRI_Tesla,set1_dQn_m,GPR,log,protocol_holdout,hybrid,9,16,24.32628176295065
TRI_Tesla,set1_dQn_m,GPR,log,protocol_holdout,hybrid,9,24,23.87104587767396
TRI_Tesla,set1_dQn_m,GPR,log,protocol_holdout,hybrid,9,32,18.87086894462689
TRI_Tesla,set1_dQn_m,GPR,log,protocol_holdout,hybrid,9,40,21.76610751088917
TRI_Tesla,set1_dQn_m,GPR,log,protocol_holdout,hybrid,9,48,17.805081722009053
TRI_Tesla,set1_dQn_m,GPR,log,protocol_holdout,hybrid,9,56,18.76365519302043
TRI_Tesla,set1_dQn_m,GPR,log,protocol_holdout,hybrid,9,64,18.17293599665714
TRI_Tesla,set1_dQn_m,GPR,log,protocol_holdout,hybrid,9,72,18.51957821470835
TRI_Tesla,set1_dQn_m,GPR,log,protocol_holdout,hybrid,9,80,18.651178738011577
TRI_Tesla,set1_dQn_m,GPR,log,protocol_holdout,hybrid,9,88,17.474833003416123
TRI_Tesla,set1_dQn_m,GPR,log,protocol_holdout,hybrid,9,96,17.476071752479807
TRI_Tesla,set1_dQn_m,GPR,log,protocol_holdout,hybrid,9,104,17.804679942633115
TRI_Tesla,set1_dQn_m,GPR,log,protocol_holdout,hybrid,9,107,17.902586340178665
TRI_Tesla,set1_dQn_m,GPR,log,protocol_holdout,hybrid,10,8,39.53518384344008
TRI_Tesla,set1_dQn_m,GPR,log,protocol_holdout,hybrid,10,16,21.146992411361165
TRI_Tesla,set1_dQn_m,GPR,log,protocol_holdout,hybrid,10,24,18.783645546219784
TRI_Tesla,set1_dQn_m,GPR,log,protocol_holdout,hybrid,10,32,18.98254994235489
TRI_Tesla,set1_dQn_m,GPR,log,protocol_holdout,hybrid,10,40,19.19922170652798
TRI_Tesla,set1_dQn_m,GPR,log,protocol_holdout,hybrid,10,48,19.073336708820555
TRI_Tesla,set1_dQn_m,GPR,log,protocol_holdout,hybrid,10,56,17.9685026176568
TRI_Tesla,set1_dQn_m,GPR,log,protocol_holdout,hybrid,10,64,18.58032475066977
TRI_Tesla,set1_dQn_m,GPR,log,protocol_holdout,hybrid,10,72,18.07059028731219
TRI_Tesla,set1_dQn_m,GPR,log,protocol_holdout,hybrid,10,80,18.4361374457055
TRI_Tesla,set1_dQn_m,GPR,log,protocol_holdout,hybrid,10,88,18.858859094261103
TRI_Tesla,set1_dQn_m,GPR,log,protocol_holdout,hybrid,10,96,18.953602269450105
TRI_Tesla,set1_dQn_m,GPR,log,protocol_holdout,hybrid,10,104,19.18161357896072
TRI_Tesla,set1_dQn_m,GPR,log,protocol_holdout,hybrid,10,107,19.73558658188153
