dataset,feature_set,model,trial,full_pool_mape,model_family
Formation,set1_dQn_m,AE_ENet,1,11.717356640597606,Primary ML
Formation,set1_dQn_m,AE_ENet,2,13.714662681273182,Primary ML
Formation,set1_dQn_m,AE_ENet,3,8.776134209183688,Primary ML
Formation,set1_dQn_m,AE_ENet,4,8.81066614350785,Primary ML
Formation,set1_dQn_m,AE_ENet,5,11.433412231381425,Primary ML
Formation,set1_dQn_m,AE_ENet,6,8.635645998368906,Primary ML
Formation,set1_dQn_m,AE_ENet,7,12.546131582446426,Primary ML
Formation,set1_dQn_m,AE_ENet,8,12.163785357177138,Primary ML
Formation,set1_dQn_m,AE_ENet,9,10.205310907485812,Primary ML
Formation,set1_dQn_m,AE_ENet,10,12.367292096496657,Primary ML
Formation,set1_dQn_m,GPR,1,11.321053304348238,Primary ML
Formation,set1_dQn_m,GPR,2,16.353292406139282,Primary ML
Formation,set1_dQn_m,GPR,3,9.04284033337168,Primary ML
Formation,set1_dQn_m,GPR,4,8.511825181180587,Primary ML
Formation,set1_dQn_m,GPR,5,12.187412795735424,Primary ML
Formation,set1_dQn_m,GPR,6,9.761083564034374,Primary ML
Formation,set1_dQn_m,GPR,7,13.33341664425458,Primary ML
Formation,set1_dQn_m,GPR,8,11.633905929604643,Primary ML
Formation,set1_dQn_m,GPR,9,9.90137715744138,Primary ML
Formation,set1_dQn_m,GPR,10,13.110621829984556,Primary ML
Formation,set1_dQn_m,RF,1,10.124466910966762,Primary ML
Formation,set1_dQn_m,RF,2,17.940459356505684,Primary ML
Formation,set1_dQn_m,RF,3,10.983578952724162,Primary ML
Formation,set1_dQn_m,RF,4,13.717426559650344,Primary ML
Formation,set1_dQn_m,RF,5,14.254623278131104,Primary ML
Formation,set1_dQn_m,RF,6,11.72098728343768,Primary ML
Formation,set1_dQn_m,RF,7,14.23465989528312,Primary ML
Formation,set1_dQn_m,RF,8,12.685895039854245,Primary ML
Formation,set1_dQn_m,RF,9,9.079257630669147,Primary ML
Formation,set1_dQn_m,RF,10,12.367481002757009,Primary ML
Formation,set2_early_soh,AE_ENet,1,15.147120031197897,Primary ML
Formation,set2_early_soh,AE_ENet,2,22.592893401773093,Primary ML
Formation,set2_early_soh,AE_ENet,3,14.063112522330508,Primary ML
Formation,set2_early_soh,AE_ENet,4,17.99893311613367,Primary ML
Formation,set2_early_soh,AE_ENet,5,16.488589538687435,Primary ML
Formation,set2_early_soh,AE_ENet,6,17.389364960955657,Primary ML
Formation,set2_early_soh,AE_ENet,7,19.95866905442381,Primary ML
Formation,set2_early_soh,AE_ENet,8,18.71704900754318,Primary ML
Formation,set2_early_soh,AE_ENet,9,19.41802797719044,Primary ML
Formation,set2_early_soh,AE_ENet,10,19.15220489294462,Primary ML
Formation,set2_early_soh,GPR,1,14.99133460610893,Primary ML
Formation,set2_early_soh,GPR,2,24.452559580333126,Primary ML
Formation,set2_early_soh,GPR,3,12.58837573167643,Primary ML
Formation,set2_early_soh,GPR,4,20.648821402078774,Primary ML
Formation,set2_early_soh,GPR,5,13.005408445470051,Primary ML
Formation,set2_early_soh,GPR,6,18.486021313880467,Primary ML
Formation,set2_early_soh,GPR,7,20.650118704112156,Primary ML
Formation,set2_early_soh,GPR,8,16.976075129730937,Primary ML
Formation,set2_early_soh,GPR,9,19.3840790668398,Primary ML
Formation,set2_early_soh,GPR,10,16.608501214533362,Primary ML
Formation,set2_early_soh,RF,1,16.34799648422073,Primary ML
Formation,set2_early_soh,RF,2,24.837240874621493,Primary ML
Formation,set2_early_soh,RF,3,15.064166833676406,Primary ML
Formation,set2_early_soh,RF,4,18.617616661557854,Primary ML
Formation,set2_early_soh,RF,5,18.15584661028604,Primary ML
Formation,set2_early_soh,RF,6,16.465030493283862,Primary ML
Formation,set2_early_soh,RF,7,17.80940666541351,Primary ML
Formation,set2_early_soh,RF,8,18.637828292637327,Primary ML
Formation,set2_early_soh,RF,9,20.778880847465015,Primary ML
Formation,set2_early_soh,RF,10,21.48576548365998,Primary ML
Formation,set3_features,AE_ENet,1,9.059206667113791,Primary ML
Formation,set3_features,AE_ENet,2,10.281231513478968,Primary ML
Formation,set3_features,AE_ENet,3,9.934208229798882,Primary ML
Formation,set3_features,AE_ENet,4,11.013152571198868,Primary ML
Formation,set3_features,AE_ENet,5,11.019788304771652,Primary ML
Formation,set3_features,AE_ENet,6,8.99883382809509,Primary ML
Formation,set3_features,AE_ENet,7,11.587821723483469,Primary ML
Formation,set3_features,AE_ENet,8,9.779186293846598,Primary ML
Formation,set3_features,AE_ENet,9,8.133826057948276,Primary ML
Formation,set3_features,AE_ENet,10,11.329555923805918,Primary ML
Formation,set3_features,GPR,1,9.85107119088662,Primary ML
Formation,set3_features,GPR,2,11.865188374560502,Primary ML
Formation,set3_features,GPR,3,10.06944588739898,Primary ML
Formation,set3_features,GPR,4,10.904860224585974,Primary ML
Formation,set3_features,GPR,5,12.686914892258883,Primary ML
Formation,set3_features,GPR,6,9.06157550766424,Primary ML
Formation,set3_features,GPR,7,10.694935411792288,Primary ML
Formation,set3_features,GPR,8,10.317038647335083,Primary ML
Formation,set3_features,GPR,9,8.329042643504366,Primary ML
Formation,set3_features,GPR,10,10.832089809682987,Primary ML
Formation,set3_features,RF,1,12.792916819299432,Primary ML
Formation,set3_features,RF,2,11.748035182228085,Primary ML
Formation,set3_features,RF,3,8.988035300139972,Primary ML
Formation,set3_features,RF,4,12.027354405473172,Primary ML
Formation,set3_features,RF,5,12.878052923985464,Primary ML
Formation,set3_features,RF,6,10.400323811323313,Primary ML
Formation,set3_features,RF,7,12.585226714934388,Primary ML
Formation,set3_features,RF,8,11.636450716901342,Primary ML
Formation,set3_features,RF,9,7.236840905982667,Primary ML
Formation,set3_features,RF,10,9.79893414841906,Primary ML
Formation,set4_features_metadata,AE_ENet,1,9.354303333854885,Primary ML
Formation,set4_features_metadata,AE_ENet,2,10.185733951595267,Primary ML
Formation,set4_features_metadata,AE_ENet,3,10.497587192339394,Primary ML
Formation,set4_features_metadata,AE_ENet,4,10.868438582745984,Primary ML
Formation,set4_features_metadata,AE_ENet,5,11.188732607556242,Primary ML
Formation,set4_features_metadata,AE_ENet,6,9.902370305916824,Primary ML
Formation,set4_features_metadata,AE_ENet,7,11.759372311994152,Primary ML
Formation,set4_features_metadata,AE_ENet,8,9.317592167260548,Primary ML
Formation,set4_features_metadata,AE_ENet,9,7.4649717642798,Primary ML
Formation,set4_features_metadata,AE_ENet,10,11.470816268150832,Primary ML
Formation,set4_features_metadata,GPR,1,10.015849858069902,Primary ML
Formation,set4_features_metadata,GPR,2,13.012400824037234,Primary ML
Formation,set4_features_metadata,GPR,3,10.699535297226165,Primary ML
Formation,set4_features_metadata,GPR,4,11.158605864082784,Primary ML
Formation,set4_features_metadata,GPR,5,13.282901508287337,Primary ML
Formation,set4_features_metadata,GPR,6,8.835673681845968,Primary ML
Formation,set4_features_metadata,GPR,7,11.228712853906538,Primary ML
Formation,set4_features_metadata,GPR,8,10.053579771877962,Primary ML
Formation,set4_features_metadata,GPR,9,7.94723030096357,Primary ML
Formation,set4_features_metadata,GPR,10,10.495984187896946,Primary ML
Formation,set4_features_metadata,RF,1,12.47868353634053,Primary ML
Formation,set4_features_metadata,RF,2,11.88780533724174,Primary ML
Formation,set4_features_metadata,RF,3,8.958937719896902,Primary ML
Formation,set4_features_metadata,RF,4,12.46136168982406,Primary ML
Formation,set4_features_metadata,RF,5,13.295685966692702,Primary ML
Formation,set4_features_metadata,RF,6,10.36701347448252,Primary ML
Formation,set4_features_metadata,RF,7,12.40520701112113,Primary ML
Formation,set4_features_metadata,RF,8,12.092715668366035,Primary ML
Formation,set4_features_metadata,RF,9,7.112158453543681,Primary ML
Formation,set4_features_metadata,RF,10,9.79886386209879,Primary ML
Formation,set5_features_metadata_corr95,AE_ENet,1,9.553148389021755,Primary ML
Formation,set5_features_metadata_corr95,AE_ENet,2,10.236117971244438,Primary ML
Formation,set5_features_metadata_corr95,AE_ENet,3,10.511651239875572,Primary ML
Formation,set5_features_metadata_corr95,AE_ENet,4,10.97805141378175,Primary ML
Formation,set5_features_metadata_corr95,AE_ENet,5,11.094799980047828,Primary ML
Formation,set5_features_metadata_corr95,AE_ENet,6,9.900716224131328,Primary ML
Formation,set5_features_metadata_corr95,AE_ENet,7,11.546206041647324,Primary ML
Formation,set5_features_metadata_corr95,AE_ENet,8,9.377505301347243,Primary ML
Formation,set5_features_metadata_corr95,AE_ENet,9,7.62186228787524,Primary ML
Formation,set5_features_metadata_corr95,AE_ENet,10,11.433975512024466,Primary ML
Formation,set5_features_metadata_corr95,GPR,1,10.078142057827543,Primary ML
Formation,set5_features_metadata_corr95,GPR,2,13.31182210481521,Primary ML
Formation,set5_features_metadata_corr95,GPR,3,10.640612158462607,Primary ML
Formation,set5_features_metadata_corr95,GPR,4,11.176121582786418,Primary ML
Formation,set5_features_metadata_corr95,GPR,5,13.280206266735776,Primary ML
Formation,set5_features_metadata_corr95,GPR,6,8.747050863719027,Primary ML
Formation,set5_features_metadata_corr95,GPR,7,11.158024926257283,Primary ML
Formation,set5_features_metadata_corr95,GPR,8,9.928124567767588,Primary ML
Formation,set5_features_metadata_corr95,GPR,9,7.986010972005222,Primary ML
Formation,set5_features_metadata_corr95,GPR,10,10.189989213559574,Primary ML
Formation,set5_features_metadata_corr95,RF,1,12.113490995206272,Primary ML
Formation,set5_features_metadata_corr95,RF,2,12.01742942862632,Primary ML
Formation,set5_features_metadata_corr95,RF,3,8.965719127888262,Primary ML
Formation,set5_features_metadata_corr95,RF,4,10.91059900403187,Primary ML
Formation,set5_features_metadata_corr95,RF,5,13.135536130814936,Primary ML
Formation,set5_features_metadata_corr95,RF,6,10.828037691823196,Primary ML
Formation,set5_features_metadata_corr95,RF,7,12.8583971750156,Primary ML
Formation,set5_features_metadata_corr95,RF,8,12.817422815225925,Primary ML
Formation,set5_features_metadata_corr95,RF,9,7.056671907335816,Primary ML
Formation,set5_features_metadata_corr95,RF,10,9.838940213476027,Primary ML
HUST,set1_dQn_m,AE_ENet,1,10.389656920546495,Primary ML
HUST,set1_dQn_m,AE_ENet,2,11.509036943048672,Primary ML
HUST,set1_dQn_m,AE_ENet,3,11.998311873395878,Primary ML
HUST,set1_dQn_m,AE_ENet,4,12.21603443462096,Primary ML
HUST,set1_dQn_m,AE_ENet,5,11.391621075908548,Primary ML
HUST,set1_dQn_m,AE_ENet,6,11.260840746599508,Primary ML
HUST,set1_dQn_m,AE_ENet,7,17.39745201531184,Primary ML
HUST,set1_dQn_m,AE_ENet,8,18.304499000341764,Primary ML
HUST,set1_dQn_m,AE_ENet,9,12.262548974379651,Primary ML
HUST,set1_dQn_m,AE_ENet,10,18.211440684945774,Primary ML
HUST,set1_dQn_m,GPR,1,7.299875497401144,Primary ML
HUST,set1_dQn_m,GPR,2,10.05408513701829,Primary ML
HUST,set1_dQn_m,GPR,3,14.728192455967994,Primary ML
HUST,set1_dQn_m,GPR,4,9.450414998469014,Primary ML
HUST,set1_dQn_m,GPR,5,10.212151179989444,Primary ML
HUST,set1_dQn_m,GPR,6,12.485614290923612,Primary ML
HUST,set1_dQn_m,GPR,7,18.848550376997498,Primary ML
HUST,set1_dQn_m,GPR,8,14.70525472016356,Primary ML
HUST,set1_dQn_m,GPR,9,7.885685889381409,Primary ML
HUST,set1_dQn_m,GPR,10,15.84184556861309,Primary ML
HUST,set1_dQn_m,RF,1,9.309882261719109,Primary ML
HUST,set1_dQn_m,RF,2,11.26890195587718,Primary ML
HUST,set1_dQn_m,RF,3,14.202240422299834,Primary ML
HUST,set1_dQn_m,RF,4,9.918107783204826,Primary ML
HUST,set1_dQn_m,RF,5,10.583837898992943,Primary ML
HUST,set1_dQn_m,RF,6,9.640901085884222,Primary ML
HUST,set1_dQn_m,RF,7,16.487677144419823,Primary ML
HUST,set1_dQn_m,RF,8,13.437130823610149,Primary ML
HUST,set1_dQn_m,RF,9,8.387455117719107,Primary ML
HUST,set1_dQn_m,RF,10,17.108851051230758,Primary ML
HUST,set2_early_soh,AE_ENet,1,13.049367581813089,Primary ML
HUST,set2_early_soh,AE_ENet,2,22.362881793198152,Primary ML
HUST,set2_early_soh,AE_ENet,3,19.473682990457057,Primary ML
HUST,set2_early_soh,AE_ENet,4,12.881863277119995,Primary ML
HUST,set2_early_soh,AE_ENet,5,21.063324545795243,Primary ML
HUST,set2_early_soh,AE_ENet,6,21.293860100648327,Primary ML
HUST,set2_early_soh,AE_ENet,7,27.963550983433077,Primary ML
HUST,set2_early_soh,AE_ENet,8,22.44392806784572,Primary ML
HUST,set2_early_soh,AE_ENet,9,16.49090261888019,Primary ML
HUST,set2_early_soh,AE_ENet,10,26.69715927555121,Primary ML
HUST,set2_early_soh,GPR,1,10.560567000589144,Primary ML
HUST,set2_early_soh,GPR,2,19.084429448896053,Primary ML
HUST,set2_early_soh,GPR,3,14.678166918103503,Primary ML
HUST,set2_early_soh,GPR,4,11.52871329741427,Primary ML
HUST,set2_early_soh,GPR,5,17.48218029671776,Primary ML
HUST,set2_early_soh,GPR,6,14.259164285124792,Primary ML
HUST,set2_early_soh,GPR,7,19.78885830655842,Primary ML
HUST,set2_early_soh,GPR,8,18.383087138505548,Primary ML
HUST,set2_early_soh,GPR,9,12.81853956398176,Primary ML
HUST,set2_early_soh,GPR,10,22.020392458636245,Primary ML
HUST,set2_early_soh,RF,1,11.839367903560904,Primary ML
HUST,set2_early_soh,RF,2,21.345444290348563,Primary ML
HUST,set2_early_soh,RF,3,20.647676679885613,Primary ML
HUST,set2_early_soh,RF,4,11.252512720391309,Primary ML
HUST,set2_early_soh,RF,5,16.422997172602084,Primary ML
HUST,set2_early_soh,RF,6,20.80344906461455,Primary ML
HUST,set2_early_soh,RF,7,26.936805431934253,Primary ML
HUST,set2_early_soh,RF,8,22.5854732915426,Primary ML
HUST,set2_early_soh,RF,9,14.3846831953208,Primary ML
HUST,set2_early_soh,RF,10,22.580278195680773,Primary ML
HUST,set3_features,AE_ENet,1,9.384929464126156,Primary ML
HUST,set3_features,AE_ENet,2,11.265002724748877,Primary ML
HUST,set3_features,AE_ENet,3,7.276720938935524,Primary ML
HUST,set3_features,AE_ENet,4,7.908617587266886,Primary ML
HUST,set3_features,AE_ENet,5,12.329979100530537,Primary ML
HUST,set3_features,AE_ENet,6,8.33000560919056,Primary ML
HUST,set3_features,AE_ENet,7,11.323924394739835,Primary ML
HUST,set3_features,AE_ENet,8,11.664268183458256,Primary ML
HUST,set3_features,AE_ENet,9,8.525878055025641,Primary ML
HUST,set3_features,AE_ENet,10,13.749109848417756,Primary ML
HUST,set3_features,GPR,1,9.081941958626174,Primary ML
HUST,set3_features,GPR,2,11.245877498962985,Primary ML
HUST,set3_features,GPR,3,10.607551996751296,Primary ML
HUST,set3_features,GPR,4,9.022792880965412,Primary ML
HUST,set3_features,GPR,5,12.933121128200838,Primary ML
HUST,set3_features,GPR,6,10.4395571747129,Primary ML
HUST,set3_features,GPR,7,15.484473167172975,Primary ML
HUST,set3_features,GPR,8,18.051828548597967,Primary ML
HUST,set3_features,GPR,9,9.769415576531271,Primary ML
HUST,set3_features,GPR,10,14.97282669802838,Primary ML
HUST,set3_features,RF,1,9.490096464359112,Primary ML
HUST,set3_features,RF,2,11.357394440161077,Primary ML
HUST,set3_features,RF,3,15.16203964251504,Primary ML
HUST,set3_features,RF,4,10.789326281066687,Primary ML
HUST,set3_features,RF,5,10.797746783332181,Primary ML
HUST,set3_features,RF,6,13.5491987693303,Primary ML
HUST,set3_features,RF,7,18.1123987162921,Primary ML
HUST,set3_features,RF,8,14.800260056443587,Primary ML
HUST,set3_features,RF,9,10.303731552077059,Primary ML
HUST,set3_features,RF,10,17.61092027752302,Primary ML
HUST,set4_features_metadata,AE_ENet,1,8.574400910082863,Primary ML
HUST,set4_features_metadata,AE_ENet,2,9.697735374390223,Primary ML
HUST,set4_features_metadata,AE_ENet,3,5.570164322323561,Primary ML
HUST,set4_features_metadata,AE_ENet,4,7.427744631653913,Primary ML
HUST,set4_features_metadata,AE_ENet,5,11.079153176161755,Primary ML
HUST,set4_features_metadata,AE_ENet,6,6.818490169622485,Primary ML
HUST,set4_features_metadata,AE_ENet,7,10.094721191462884,Primary ML
HUST,set4_features_metadata,AE_ENet,8,7.619885668166742,Primary ML
HUST,set4_features_metadata,AE_ENet,9,7.575886450351087,Primary ML
HUST,set4_features_metadata,AE_ENet,10,10.523439998081985,Primary ML
HUST,set4_features_metadata,GPR,1,8.395108768670644,Primary ML
HUST,set4_features_metadata,GPR,2,12.071570639654945,Primary ML
HUST,set4_features_metadata,GPR,3,9.5790915098645,Primary ML
HUST,set4_features_metadata,GPR,4,9.070364953528658,Primary ML
HUST,set4_features_metadata,GPR,5,12.512324535304344,Primary ML
HUST,set4_features_metadata,GPR,6,8.852665543973243,Primary ML
HUST,set4_features_metadata,GPR,7,12.019409260267732,Primary ML
HUST,set4_features_metadata,GPR,8,14.185293885163968,Primary ML
HUST,set4_features_metadata,GPR,9,9.092442675260774,Primary ML
HUST,set4_features_metadata,GPR,10,11.391777352863173,Primary ML
HUST,set4_features_metadata,RF,1,9.160071389015313,Primary ML
HUST,set4_features_metadata,RF,2,11.377567013373618,Primary ML
HUST,set4_features_metadata,RF,3,14.665478609894809,Primary ML
HUST,set4_features_metadata,RF,4,10.642411047118612,Primary ML
HUST,set4_features_metadata,RF,5,11.467096678916262,Primary ML
HUST,set4_features_metadata,RF,6,14.096260452954256,Primary ML
HUST,set4_features_metadata,RF,7,17.59946793535061,Primary ML
HUST,set4_features_metadata,RF,8,13.53589548862028,Primary ML
HUST,set4_features_metadata,RF,9,9.764154542340444,Primary ML
HUST,set4_features_metadata,RF,10,16.10967915418271,Primary ML
HUST,set5_features_metadata_corr95,AE_ENet,1,8.571620686717878,Primary ML
HUST,set5_features_metadata_corr95,AE_ENet,2,9.770401373201631,Primary ML
HUST,set5_features_metadata_corr95,AE_ENet,3,5.7058260132326,Primary ML
HUST,set5_features_metadata_corr95,AE_ENet,4,8.815924658420661,Primary ML
HUST,set5_features_metadata_corr95,AE_ENet,5,10.70239372870619,Primary ML
HUST,set5_features_metadata_corr95,AE_ENet,6,6.836917930792039,Primary ML
HUST,set5_features_metadata_corr95,AE_ENet,7,9.753549112137394,Primary ML
HUST,set5_features_metadata_corr95,AE_ENet,8,7.329168198761628,Primary ML
HUST,set5_features_metadata_corr95,AE_ENet,9,8.5211188195298,Primary ML
HUST,set5_features_metadata_corr95,AE_ENet,10,10.35995967549589,Primary ML
HUST,set5_features_metadata_corr95,GPR,1,8.410525008972808,Primary ML
HUST,set5_features_metadata_corr95,GPR,2,12.0750557404429,Primary ML
HUST,set5_features_metadata_corr95,GPR,3,9.507169299871794,Primary ML
HUST,set5_features_metadata_corr95,GPR,4,10.176974861530828,Primary ML
HUST,set5_features_metadata_corr95,GPR,5,11.577524693483108,Primary ML
HUST,set5_features_metadata_corr95,GPR,6,8.697777974236216,Primary ML
HUST,set5_features_metadata_corr95,GPR,7,12.133386034130185,Primary ML
HUST,set5_features_metadata_corr95,GPR,8,14.403286510232974,Primary ML
HUST,set5_features_metadata_corr95,GPR,9,10.018797175110745,Primary ML
HUST,set5_features_metadata_corr95,GPR,10,11.37791335154156,Primary ML
HUST,set5_features_metadata_corr95,RF,1,10.631715613934555,Primary ML
HUST,set5_features_metadata_corr95,RF,2,11.110799892640836,Primary ML
HUST,set5_features_metadata_corr95,RF,3,15.982689257385374,Primary ML
HUST,set5_features_metadata_corr95,RF,4,10.085048089144772,Primary ML
HUST,set5_features_metadata_corr95,RF,5,11.950519695520212,Primary ML
HUST,set5_features_metadata_corr95,RF,6,16.725769996348873,Primary ML
HUST,set5_features_metadata_corr95,RF,7,16.99129432719693,Primary ML
HUST,set5_features_metadata_corr95,RF,8,16.029649470637793,Primary ML
HUST,set5_features_metadata_corr95,RF,9,11.386878133636856,Primary ML
HUST,set5_features_metadata_corr95,RF,10,15.5017479471624,Primary ML
ISU_ILCC,set1_dQn_m,AE_ENet,1,17.719844816649864,Primary ML
ISU_ILCC,set1_dQn_m,AE_ENet,2,21.88497612268411,Primary ML
ISU_ILCC,set1_dQn_m,AE_ENet,3,16.51199872643311,Primary ML
ISU_ILCC,set1_dQn_m,AE_ENet,4,19.84408626316063,Primary ML
ISU_ILCC,set1_dQn_m,AE_ENet,5,26.82905490153866,Primary ML
ISU_ILCC,set1_dQn_m,AE_ENet,6,21.77094486361255,Primary ML
ISU_ILCC,set1_dQn_m,AE_ENet,7,20.67225756030812,Primary ML
ISU_ILCC,set1_dQn_m,AE_ENet,8,27.280460920613542,Primary ML
ISU_ILCC,set1_dQn_m,AE_ENet,9,22.4299363793123,Primary ML
ISU_ILCC,set1_dQn_m,AE_ENet,10,20.105623621379888,Primary ML
ISU_ILCC,set1_dQn_m,GPR,1,16.725246908762443,Primary ML
ISU_ILCC,set1_dQn_m,GPR,2,19.359149230913296,Primary ML
ISU_ILCC,set1_dQn_m,GPR,3,17.23437006460966,Primary ML
ISU_ILCC,set1_dQn_m,GPR,4,19.07212226107384,Primary ML
ISU_ILCC,set1_dQn_m,GPR,5,22.973177703995752,Primary ML
ISU_ILCC,set1_dQn_m,GPR,6,16.50191080236139,Primary ML
ISU_ILCC,set1_dQn_m,GPR,7,21.662392063548083,Primary ML
ISU_ILCC,set1_dQn_m,GPR,8,25.57155270331121,Primary ML
ISU_ILCC,set1_dQn_m,GPR,9,23.27242356966828,Primary ML
ISU_ILCC,set1_dQn_m,GPR,10,20.51597439781928,Primary ML
ISU_ILCC,set1_dQn_m,RF,1,19.774776507914137,Primary ML
ISU_ILCC,set1_dQn_m,RF,2,22.391503672800983,Primary ML
ISU_ILCC,set1_dQn_m,RF,3,22.59843343379909,Primary ML
ISU_ILCC,set1_dQn_m,RF,4,23.86104340217921,Primary ML
ISU_ILCC,set1_dQn_m,RF,5,30.295673726786315,Primary ML
ISU_ILCC,set1_dQn_m,RF,6,23.9554723634461,Primary ML
ISU_ILCC,set1_dQn_m,RF,7,29.05807628365711,Primary ML
ISU_ILCC,set1_dQn_m,RF,8,43.5457232971026,Primary ML
ISU_ILCC,set1_dQn_m,RF,9,28.203482699131,Primary ML
ISU_ILCC,set1_dQn_m,RF,10,25.0107779388444,Primary ML
ISU_ILCC,set2_early_soh,AE_ENet,1,30.819852245802,Primary ML
ISU_ILCC,set2_early_soh,AE_ENet,2,27.008879744851477,Primary ML
ISU_ILCC,set2_early_soh,AE_ENet,3,36.72956750481564,Primary ML
ISU_ILCC,set2_early_soh,AE_ENet,4,22.79554510936676,Primary ML
ISU_ILCC,set2_early_soh,AE_ENet,5,32.668975388527805,Primary ML
ISU_ILCC,set2_early_soh,AE_ENet,6,32.736255404950406,Primary ML
ISU_ILCC,set2_early_soh,AE_ENet,7,37.67888134717959,Primary ML
ISU_ILCC,set2_early_soh,AE_ENet,8,33.75389201700212,Primary ML
ISU_ILCC,set2_early_soh,AE_ENet,9,34.57614536632044,Primary ML
ISU_ILCC,set2_early_soh,AE_ENet,10,31.447931953337736,Primary ML
ISU_ILCC,set2_early_soh,GPR,1,30.005704391900093,Primary ML
ISU_ILCC,set2_early_soh,GPR,2,25.280473085281947,Primary ML
ISU_ILCC,set2_early_soh,GPR,3,36.81422921927385,Primary ML
ISU_ILCC,set2_early_soh,GPR,4,21.88094313811496,Primary ML
ISU_ILCC,set2_early_soh,GPR,5,34.846500827823405,Primary ML
ISU_ILCC,set2_early_soh,GPR,6,33.098674435492434,Primary ML
ISU_ILCC,set2_early_soh,GPR,7,36.84886955874476,Primary ML
ISU_ILCC,set2_early_soh,GPR,8,41.45117194247308,Primary ML
ISU_ILCC,set2_early_soh,GPR,9,35.257131247957055,Primary ML
ISU_ILCC,set2_early_soh,GPR,10,32.15602305797355,Primary ML
ISU_ILCC,set2_early_soh,RF,1,34.79516052900219,Primary ML
ISU_ILCC,set2_early_soh,RF,2,31.67471836057805,Primary ML
ISU_ILCC,set2_early_soh,RF,3,39.45476740977477,Primary ML
ISU_ILCC,set2_early_soh,RF,4,22.6587922991534,Primary ML
ISU_ILCC,set2_early_soh,RF,5,39.84028408144045,Primary ML
ISU_ILCC,set2_early_soh,RF,6,38.48634947979655,Primary ML
ISU_ILCC,set2_early_soh,RF,7,37.724924586345274,Primary ML
ISU_ILCC,set2_early_soh,RF,8,47.91301175820985,Primary ML
ISU_ILCC,set2_early_soh,RF,9,41.75542246132296,Primary ML
ISU_ILCC,set2_early_soh,RF,10,35.30689552887017,Primary ML
ISU_ILCC,set3_features,AE_ENet,1,18.627733907336143,Primary ML
ISU_ILCC,set3_features,AE_ENet,2,20.856812646174184,Primary ML
ISU_ILCC,set3_features,AE_ENet,3,17.819878037453694,Primary ML
ISU_ILCC,set3_features,AE_ENet,4,18.039219440028265,Primary ML
ISU_ILCC,set3_features,AE_ENet,5,26.865809473390183,Primary ML
ISU_ILCC,set3_features,AE_ENet,6,20.529358624746777,Primary ML
ISU_ILCC,set3_features,AE_ENet,7,24.70661045692433,Primary ML
ISU_ILCC,set3_features,AE_ENet,8,29.903669476129576,Primary ML
ISU_ILCC,set3_features,AE_ENet,9,23.138847375916907,Primary ML
ISU_ILCC,set3_features,AE_ENet,10,22.960443834434138,Primary ML
ISU_ILCC,set3_features,GPR,1,16.978511515353535,Primary ML
ISU_ILCC,set3_features,GPR,2,22.374781377492635,Primary ML
ISU_ILCC,set3_features,GPR,3,17.062599802037802,Primary ML
ISU_ILCC,set3_features,GPR,4,20.432099052675515,Primary ML
ISU_ILCC,set3_features,GPR,5,22.14808934699281,Primary ML
ISU_ILCC,set3_features,GPR,6,24.14251838966436,Primary ML
ISU_ILCC,set3_features,GPR,7,22.22167176228711,Primary ML
ISU_ILCC,set3_features,GPR,8,32.559632356379566,Primary ML
ISU_ILCC,set3_features,GPR,9,22.705673299046214,Primary ML
ISU_ILCC,set3_features,GPR,10,22.9382767253602,Primary ML
ISU_ILCC,set3_features,RF,1,19.07641572000048,Primary ML
ISU_ILCC,set3_features,RF,2,22.87352325648987,Primary ML
ISU_ILCC,set3_features,RF,3,22.58011798765951,Primary ML
ISU_ILCC,set3_features,RF,4,18.145626866550597,Primary ML
ISU_ILCC,set3_features,RF,5,27.60510320751601,Primary ML
ISU_ILCC,set3_features,RF,6,29.27035430245516,Primary ML
ISU_ILCC,set3_features,RF,7,27.24005055125241,Primary ML
ISU_ILCC,set3_features,RF,8,36.23973286707027,Primary ML
ISU_ILCC,set3_features,RF,9,34.81316436624316,Primary ML
ISU_ILCC,set3_features,RF,10,30.860669481938828,Primary ML
ISU_ILCC,set4_features_metadata,AE_ENet,1,16.774727644781613,Primary ML
ISU_ILCC,set4_features_metadata,AE_ENet,2,15.574294294892765,Primary ML
ISU_ILCC,set4_features_metadata,AE_ENet,3,15.681545714087452,Primary ML
ISU_ILCC,set4_features_metadata,AE_ENet,4,10.66148695039893,Primary ML
ISU_ILCC,set4_features_metadata,AE_ENet,5,19.850339591049625,Primary ML
ISU_ILCC,set4_features_metadata,AE_ENet,6,18.87197871490297,Primary ML
ISU_ILCC,set4_features_metadata,AE_ENet,7,19.05516221187016,Primary ML
ISU_ILCC,set4_features_metadata,AE_ENet,8,22.819729716147357,Primary ML
ISU_ILCC,set4_features_metadata,AE_ENet,9,19.0266573496626,Primary ML
ISU_ILCC,set4_features_metadata,AE_ENet,10,20.004027698928798,Primary ML
ISU_ILCC,set4_features_metadata,GPR,1,14.801307217217827,Primary ML
ISU_ILCC,set4_features_metadata,GPR,2,19.25342427351053,Primary ML
ISU_ILCC,set4_features_metadata,GPR,3,13.983624538627298,Primary ML
ISU_ILCC,set4_features_metadata,GPR,4,16.302811935775598,Primary ML
ISU_ILCC,set4_features_metadata,GPR,5,18.367370727578592,Primary ML
ISU_ILCC,set4_features_metadata,GPR,6,21.403146771102797,Primary ML
ISU_ILCC,set4_features_metadata,GPR,7,20.18669391097907,Primary ML
ISU_ILCC,set4_features_metadata,GPR,8,26.40776075553068,Primary ML
ISU_ILCC,set4_features_metadata,GPR,9,22.937231270646937,Primary ML
ISU_ILCC,set4_features_metadata,GPR,10,22.25563915967739,Primary ML
ISU_ILCC,set4_features_metadata,RF,1,19.45992740526953,Primary ML
ISU_ILCC,set4_features_metadata,RF,2,18.24053379359666,Primary ML
ISU_ILCC,set4_features_metadata,RF,3,23.081038696224265,Primary ML
ISU_ILCC,set4_features_metadata,RF,4,15.108453588950995,Primary ML
ISU_ILCC,set4_features_metadata,RF,5,23.623840395742825,Primary ML
ISU_ILCC,set4_features_metadata,RF,6,26.24241562023363,Primary ML
ISU_ILCC,set4_features_metadata,RF,7,26.916517274084534,Primary ML
ISU_ILCC,set4_features_metadata,RF,8,26.98806264567664,Primary ML
ISU_ILCC,set4_features_metadata,RF,9,25.884420123063336,Primary ML
ISU_ILCC,set4_features_metadata,RF,10,22.742354694634816,Primary ML
ISU_ILCC,set5_features_metadata_corr95,AE_ENet,1,16.774727644781613,Primary ML
ISU_ILCC,set5_features_metadata_corr95,AE_ENet,2,15.574294294892765,Primary ML
ISU_ILCC,set5_features_metadata_corr95,AE_ENet,3,15.681545714087452,Primary ML
ISU_ILCC,set5_features_metadata_corr95,AE_ENet,4,10.66148695039893,Primary ML
ISU_ILCC,set5_features_metadata_corr95,AE_ENet,5,19.850339591049625,Primary ML
ISU_ILCC,set5_features_metadata_corr95,AE_ENet,6,18.87197871490297,Primary ML
ISU_ILCC,set5_features_metadata_corr95,AE_ENet,7,19.05516221187016,Primary ML
ISU_ILCC,set5_features_metadata_corr95,AE_ENet,8,22.819729716147357,Primary ML
ISU_ILCC,set5_features_metadata_corr95,AE_ENet,9,19.0266573496626,Primary ML
ISU_ILCC,set5_features_metadata_corr95,AE_ENet,10,20.004027698928798,Primary ML
ISU_ILCC,set5_features_metadata_corr95,GPR,1,14.801307217217827,Primary ML
ISU_ILCC,set5_features_metadata_corr95,GPR,2,19.25342427351053,Primary ML
ISU_ILCC,set5_features_metadata_corr95,GPR,3,13.983624538627298,Primary ML
ISU_ILCC,set5_features_metadata_corr95,GPR,4,16.302811935775598,Primary ML
ISU_ILCC,set5_features_metadata_corr95,GPR,5,18.367370727578592,Primary ML
ISU_ILCC,set5_features_metadata_corr95,GPR,6,21.403146771102797,Primary ML
ISU_ILCC,set5_features_metadata_corr95,GPR,7,20.18669391097907,Primary ML
ISU_ILCC,set5_features_metadata_corr95,GPR,8,26.40776075553068,Primary ML
ISU_ILCC,set5_features_metadata_corr95,GPR,9,22.937231270646937,Primary ML
ISU_ILCC,set5_features_metadata_corr95,GPR,10,22.25563915967739,Primary ML
ISU_ILCC,set5_features_metadata_corr95,RF,1,19.45992740526953,Primary ML
ISU_ILCC,set5_features_metadata_corr95,RF,2,18.24053379359666,Primary ML
ISU_ILCC,set5_features_metadata_corr95,RF,3,23.081038696224265,Primary ML
ISU_ILCC,set5_features_metadata_corr95,RF,4,15.108453588950995,Primary ML
ISU_ILCC,set5_features_metadata_corr95,RF,5,23.623840395742825,Primary ML
ISU_ILCC,set5_features_metadata_corr95,RF,6,26.24241562023363,Primary ML
ISU_ILCC,set5_features_metadata_corr95,RF,7,26.916517274084534,Primary ML
ISU_ILCC,set5_features_metadata_corr95,RF,8,26.98806264567664,Primary ML
ISU_ILCC,set5_features_metadata_corr95,RF,9,25.884420123063336,Primary ML
ISU_ILCC,set5_features_metadata_corr95,RF,10,22.742354694634816,Primary ML
KIT,set1_dQn_m,AE_ENet,1,23.735391326069525,Primary ML
KIT,set1_dQn_m,AE_ENet,2,16.645170991753215,Primary ML
KIT,set1_dQn_m,AE_ENet,3,15.999912529276571,Primary ML
KIT,set1_dQn_m,AE_ENet,4,15.56767800165585,Primary ML
KIT,set1_dQn_m,AE_ENet,5,29.341595764767646,Primary ML
KIT,set1_dQn_m,AE_ENet,6,26.70130715311388,Primary ML
KIT,set1_dQn_m,AE_ENet,7,15.837825132829646,Primary ML
KIT,set1_dQn_m,AE_ENet,8,38.931280244844025,Primary ML
KIT,set1_dQn_m,AE_ENet,9,16.941583216806755,Primary ML
KIT,set1_dQn_m,AE_ENet,10,17.066117056032475,Primary ML
KIT,set1_dQn_m,GPR,1,29.88712567087649,Primary ML
KIT,set1_dQn_m,GPR,2,31.34136393044405,Primary ML
KIT,set1_dQn_m,GPR,3,18.36418812246294,Primary ML
KIT,set1_dQn_m,GPR,4,14.942874755816224,Primary ML
KIT,set1_dQn_m,GPR,5,36.38336354269354,Primary ML
KIT,set1_dQn_m,GPR,6,40.62525732433545,Primary ML
KIT,set1_dQn_m,GPR,7,30.114246488592773,Primary ML
KIT,set1_dQn_m,GPR,8,45.7203192863793,Primary ML
KIT,set1_dQn_m,GPR,9,18.05111898981772,Primary ML
KIT,set1_dQn_m,GPR,10,10.453120066428076,Primary ML
KIT,set1_dQn_m,RF,1,30.64667631792801,Primary ML
KIT,set1_dQn_m,RF,2,19.789661082937425,Primary ML
KIT,set1_dQn_m,RF,3,15.942496001023391,Primary ML
KIT,set1_dQn_m,RF,4,26.550737775293737,Primary ML
KIT,set1_dQn_m,RF,5,34.988182013499326,Primary ML
KIT,set1_dQn_m,RF,6,28.07990038791476,Primary ML
KIT,set1_dQn_m,RF,7,19.780147634610994,Primary ML
KIT,set1_dQn_m,RF,8,21.8726823680902,Primary ML
KIT,set1_dQn_m,RF,9,15.54880100620329,Primary ML
KIT,set1_dQn_m,RF,10,13.674486153922638,Primary ML
KIT,set2_early_soh,AE_ENet,1,26.14635978978644,Primary ML
KIT,set2_early_soh,AE_ENet,2,28.720118432387903,Primary ML
KIT,set2_early_soh,AE_ENet,3,28.654735646352357,Primary ML
KIT,set2_early_soh,AE_ENet,4,30.357391653896844,Primary ML
KIT,set2_early_soh,AE_ENet,5,21.712530880701006,Primary ML
KIT,set2_early_soh,AE_ENet,6,32.860684242504995,Primary ML
KIT,set2_early_soh,AE_ENet,7,28.885600828870583,Primary ML
KIT,set2_early_soh,AE_ENet,8,25.799783619893486,Primary ML
KIT,set2_early_soh,AE_ENet,9,29.45771677021292,Primary ML
KIT,set2_early_soh,AE_ENet,10,41.30749194199593,Primary ML
KIT,set2_early_soh,GPR,1,29.117254462584235,Primary ML
KIT,set2_early_soh,GPR,2,28.868396741739925,Primary ML
KIT,set2_early_soh,GPR,3,27.324838943932985,Primary ML
KIT,set2_early_soh,GPR,4,33.30840408619218,Primary ML
KIT,set2_early_soh,GPR,5,35.3031574029192,Primary ML
KIT,set2_early_soh,GPR,6,35.01490510020754,Primary ML
KIT,set2_early_soh,GPR,7,28.307321092296373,Primary ML
KIT,set2_early_soh,GPR,8,28.96783873604419,Primary ML
KIT,set2_early_soh,GPR,9,29.5685585424211,Primary ML
KIT,set2_early_soh,GPR,10,64.54250431039979,Primary ML
KIT,set2_early_soh,RF,1,31.61077044488906,Primary ML
KIT,set2_early_soh,RF,2,39.31903288834557,Primary ML
KIT,set2_early_soh,RF,3,40.54721464642988,Primary ML
KIT,set2_early_soh,RF,4,48.12081163686452,Primary ML
KIT,set2_early_soh,RF,5,36.03004467402022,Primary ML
KIT,set2_early_soh,RF,6,28.78365548958926,Primary ML
KIT,set2_early_soh,RF,7,41.17146498615124,Primary ML
KIT,set2_early_soh,RF,8,37.93191632692942,Primary ML
KIT,set2_early_soh,RF,9,48.03307705797317,Primary ML
KIT,set2_early_soh,RF,10,31.84894923174293,Primary ML
KIT,set3_features,AE_ENet,1,20.370231865423904,Primary ML
KIT,set3_features,AE_ENet,2,16.71425479522352,Primary ML
KIT,set3_features,AE_ENet,3,15.101729631030766,Primary ML
KIT,set3_features,AE_ENet,4,15.780514155102049,Primary ML
KIT,set3_features,AE_ENet,5,18.44617592128344,Primary ML
KIT,set3_features,AE_ENet,6,20.534216204419835,Primary ML
KIT,set3_features,AE_ENet,7,16.670427296953687,Primary ML
KIT,set3_features,AE_ENet,8,22.86890839678834,Primary ML
KIT,set3_features,AE_ENet,9,15.139786442377403,Primary ML
KIT,set3_features,AE_ENet,10,30.17970019584689,Primary ML
KIT,set3_features,GPR,1,19.72090548551586,Primary ML
KIT,set3_features,GPR,2,22.101790180458504,Primary ML
KIT,set3_features,GPR,3,9.629018668957295,Primary ML
KIT,set3_features,GPR,4,14.572469161595569,Primary ML
KIT,set3_features,GPR,5,22.48701247199401,Primary ML
KIT,set3_features,GPR,6,21.83127713723241,Primary ML
KIT,set3_features,GPR,7,21.419130961705623,Primary ML
KIT,set3_features,GPR,8,21.885702093757896,Primary ML
KIT,set3_features,GPR,9,14.803354430165456,Primary ML
KIT,set3_features,GPR,10,12.001352650748036,Primary ML
KIT,set3_features,RF,1,25.842261801417237,Primary ML
KIT,set3_features,RF,2,17.46395435520684,Primary ML
KIT,set3_features,RF,3,13.238753890520965,Primary ML
KIT,set3_features,RF,4,16.653659118734783,Primary ML
KIT,set3_features,RF,5,27.938992465022984,Primary ML
KIT,set3_features,RF,6,27.528081614486062,Primary ML
KIT,set3_features,RF,7,20.81922069824696,Primary ML
KIT,set3_features,RF,8,26.798890391316757,Primary ML
KIT,set3_features,RF,9,15.480301838300518,Primary ML
KIT,set3_features,RF,10,25.907068775860314,Primary ML
KIT,set4_features_metadata,AE_ENet,1,19.11677212752219,Primary ML
KIT,set4_features_metadata,AE_ENet,2,25.119161958740296,Primary ML
KIT,set4_features_metadata,AE_ENet,3,11.007884021834522,Primary ML
KIT,set4_features_metadata,AE_ENet,4,11.846625170217868,Primary ML
KIT,set4_features_metadata,AE_ENet,5,31.195940643680483,Primary ML
KIT,set4_features_metadata,AE_ENet,6,34.587468304750665,Primary ML
KIT,set4_features_metadata,AE_ENet,7,27.249097374447768,Primary ML
KIT,set4_features_metadata,AE_ENet,8,20.113639906154976,Primary ML
KIT,set4_features_metadata,AE_ENet,9,11.246048922981535,Primary ML
KIT,set4_features_metadata,AE_ENet,10,39.623988960162784,Primary ML
KIT,set4_features_metadata,GPR,1,17.763290431391475,Primary ML
KIT,set4_features_metadata,GPR,2,28.6907923816666,Primary ML
KIT,set4_features_metadata,GPR,3,31.32843335714976,Primary ML
KIT,set4_features_metadata,GPR,4,34.21118630961306,Primary ML
KIT,set4_features_metadata,GPR,5,17.72336930373912,Primary ML
KIT,set4_features_metadata,GPR,6,16.386346350966647,Primary ML
KIT,set4_features_metadata,GPR,7,33.94138978588544,Primary ML
KIT,set4_features_metadata,GPR,8,20.673531839815627,Primary ML
KIT,set4_features_metadata,GPR,9,38.48527330245772,Primary ML
KIT,set4_features_metadata,GPR,10,11.377667059860007,Primary ML
KIT,set4_features_metadata,RF,1,24.62276404863163,Primary ML
KIT,set4_features_metadata,RF,2,17.02580989627558,Primary ML
KIT,set4_features_metadata,RF,3,12.8951610083939,Primary ML
KIT,set4_features_metadata,RF,4,19.1038209203358,Primary ML
KIT,set4_features_metadata,RF,5,27.02294191199798,Primary ML
KIT,set4_features_metadata,RF,6,27.72298434604889,Primary ML
KIT,set4_features_metadata,RF,7,20.82496202482457,Primary ML
KIT,set4_features_metadata,RF,8,28.084963320638355,Primary ML
KIT,set4_features_metadata,RF,9,15.491189824734244,Primary ML
KIT,set4_features_metadata,RF,10,26.241033494787324,Primary ML
KIT,set5_features_metadata_corr95,AE_ENet,1,22.38330039469011,Primary ML
KIT,set5_features_metadata_corr95,AE_ENet,2,30.00938196313849,Primary ML
KIT,set5_features_metadata_corr95,AE_ENet,3,18.240653883997275,Primary ML
KIT,set5_features_metadata_corr95,AE_ENet,4,17.97517581459592,Primary ML
KIT,set5_features_metadata_corr95,AE_ENet,5,38.2467024965714,Primary ML
KIT,set5_features_metadata_corr95,AE_ENet,6,41.98478278869358,Primary ML
KIT,set5_features_metadata_corr95,AE_ENet,7,33.41717338852545,Primary ML
KIT,set5_features_metadata_corr95,AE_ENet,8,23.81840237493353,Primary ML
KIT,set5_features_metadata_corr95,AE_ENet,9,17.97319078573744,Primary ML
KIT,set5_features_metadata_corr95,AE_ENet,10,44.90912191740805,Primary ML
KIT,set5_features_metadata_corr95,GPR,1,19.39571196577455,Primary ML
KIT,set5_features_metadata_corr95,GPR,2,28.92159409531026,Primary ML
KIT,set5_features_metadata_corr95,GPR,3,33.979153993290524,Primary ML
KIT,set5_features_metadata_corr95,GPR,4,34.14049967222969,Primary ML
KIT,set5_features_metadata_corr95,GPR,5,14.935245329051128,Primary ML
KIT,set5_features_metadata_corr95,GPR,6,14.459016641680384,Primary ML
KIT,set5_features_metadata_corr95,GPR,7,35.51436723007051,Primary ML
KIT,set5_features_metadata_corr95,GPR,8,20.32544441421516,Primary ML
KIT,set5_features_metadata_corr95,GPR,9,39.77690557187778,Primary ML
KIT,set5_features_metadata_corr95,GPR,10,13.201555477824613,Primary ML
KIT,set5_features_metadata_corr95,RF,1,22.770241366995748,Primary ML
KIT,set5_features_metadata_corr95,RF,2,29.1900513189415,Primary ML
KIT,set5_features_metadata_corr95,RF,3,18.65590017528529,Primary ML
KIT,set5_features_metadata_corr95,RF,4,34.94397447858508,Primary ML
KIT,set5_features_metadata_corr95,RF,5,16.33056809866665,Primary ML
KIT,set5_features_metadata_corr95,RF,6,20.8241490837137,Primary ML
KIT,set5_features_metadata_corr95,RF,7,30.469880328356755,Primary ML
KIT,set5_features_metadata_corr95,RF,8,29.36694175102348,Primary ML
KIT,set5_features_metadata_corr95,RF,9,30.59054035708646,Primary ML
KIT,set5_features_metadata_corr95,RF,10,31.711857487550706,Primary ML
LSD_Primary,set1_dQn_m,AE_ENet,1,41.59732634205533,Primary ML
LSD_Primary,set1_dQn_m,AE_ENet,2,29.665530455816885,Primary ML
LSD_Primary,set1_dQn_m,AE_ENet,3,23.745064303037747,Primary ML
LSD_Primary,set1_dQn_m,AE_ENet,4,29.159111117871223,Primary ML
LSD_Primary,set1_dQn_m,AE_ENet,5,58.16375898939873,Primary ML
LSD_Primary,set1_dQn_m,AE_ENet,6,45.3726033811045,Primary ML
LSD_Primary,set1_dQn_m,AE_ENet,7,42.49373285703246,Primary ML
LSD_Primary,set1_dQn_m,AE_ENet,8,40.61063634146565,Primary ML
LSD_Primary,set1_dQn_m,AE_ENet,9,26.5759865638507,Primary ML
LSD_Primary,set1_dQn_m,AE_ENet,10,30.418805699207603,Primary ML
LSD_Primary,set1_dQn_m,GPR,1,25.948504670039743,Primary ML
LSD_Primary,set1_dQn_m,GPR,2,27.29916194458487,Primary ML
LSD_Primary,set1_dQn_m,GPR,3,17.056595612013034,Primary ML
LSD_Primary,set1_dQn_m,GPR,4,19.511315247657336,Primary ML
LSD_Primary,set1_dQn_m,GPR,5,31.909032112045,Primary ML
LSD_Primary,set1_dQn_m,GPR,6,31.28788210330856,Primary ML
LSD_Primary,set1_dQn_m,GPR,7,31.01928275982024,Primary ML
LSD_Primary,set1_dQn_m,GPR,8,26.791771599711065,Primary ML
LSD_Primary,set1_dQn_m,GPR,9,16.6759301263713,Primary ML
LSD_Primary,set1_dQn_m,GPR,10,73.58547641407495,Primary ML
LSD_Primary,set1_dQn_m,RF,1,23.03826341159525,Primary ML
LSD_Primary,set1_dQn_m,RF,2,18.04417107564136,Primary ML
LSD_Primary,set1_dQn_m,RF,3,11.595427017621889,Primary ML
LSD_Primary,set1_dQn_m,RF,4,38.749836238468696,Primary ML
LSD_Primary,set1_dQn_m,RF,5,38.67820811374569,Primary ML
LSD_Primary,set1_dQn_m,RF,6,25.177678578805857,Primary ML
LSD_Primary,set1_dQn_m,RF,7,12.690506609495353,Primary ML
LSD_Primary,set1_dQn_m,RF,8,39.079824165630605,Primary ML
LSD_Primary,set1_dQn_m,RF,9,12.171882650771153,Primary ML
LSD_Primary,set1_dQn_m,RF,10,19.485227706254687,Primary ML
LSD_Primary,set2_early_soh,AE_ENet,1,39.865657711343374,Primary ML
LSD_Primary,set2_early_soh,AE_ENet,2,31.88316115303007,Primary ML
LSD_Primary,set2_early_soh,AE_ENet,3,40.98677466427581,Primary ML
LSD_Primary,set2_early_soh,AE_ENet,4,47.76398654483428,Primary ML
LSD_Primary,set2_early_soh,AE_ENet,5,38.61786035565965,Primary ML
LSD_Primary,set2_early_soh,AE_ENet,6,28.100842611219385,Primary ML
LSD_Primary,set2_early_soh,AE_ENet,7,38.81822798834607,Primary ML
LSD_Primary,set2_early_soh,AE_ENet,8,39.51618734856712,Primary ML
LSD_Primary,set2_early_soh,AE_ENet,9,33.62331274121928,Primary ML
LSD_Primary,set2_early_soh,AE_ENet,10,31.0457255834396,Primary ML
LSD_Primary,set2_early_soh,GPR,1,35.30526758302657,Primary ML
LSD_Primary,set2_early_soh,GPR,2,34.13854491975978,Primary ML
LSD_Primary,set2_early_soh,GPR,3,48.034353739081766,Primary ML
LSD_Primary,set2_early_soh,GPR,4,46.013375990176215,Primary ML
LSD_Primary,set2_early_soh,GPR,5,38.2694711578526,Primary ML
LSD_Primary,set2_early_soh,GPR,6,29.125752840149875,Primary ML
LSD_Primary,set2_early_soh,GPR,7,34.99586924946012,Primary ML
LSD_Primary,set2_early_soh,GPR,8,59.78991492376594,Primary ML
LSD_Primary,set2_early_soh,GPR,9,36.53055509643341,Primary ML
LSD_Primary,set2_early_soh,GPR,10,33.67322477783964,Primary ML
LSD_Primary,set2_early_soh,RF,1,34.581696467942365,Primary ML
LSD_Primary,set2_early_soh,RF,2,38.08447015844655,Primary ML
LSD_Primary,set2_early_soh,RF,3,59.37100264039456,Primary ML
LSD_Primary,set2_early_soh,RF,4,56.45690678644206,Primary ML
LSD_Primary,set2_early_soh,RF,5,60.303144278408126,Primary ML
LSD_Primary,set2_early_soh,RF,6,31.476293361119332,Primary ML
LSD_Primary,set2_early_soh,RF,7,38.184100867138746,Primary ML
LSD_Primary,set2_early_soh,RF,8,60.47458128027471,Primary ML
LSD_Primary,set2_early_soh,RF,9,42.97610910789037,Primary ML
LSD_Primary,set2_early_soh,RF,10,34.225040239183095,Primary ML
LSD_Primary,set3_features,AE_ENet,1,21.004126480021508,Primary ML
LSD_Primary,set3_features,AE_ENet,2,24.77399284164824,Primary ML
LSD_Primary,set3_features,AE_ENet,3,20.915996174986415,Primary ML
LSD_Primary,set3_features,AE_ENet,4,32.39205230959762,Primary ML
LSD_Primary,set3_features,AE_ENet,5,24.68617558825665,Primary ML
LSD_Primary,set3_features,AE_ENet,6,41.732844660327366,Primary ML
LSD_Primary,set3_features,AE_ENet,7,42.07849221440505,Primary ML
LSD_Primary,set3_features,AE_ENet,8,35.078566580234515,Primary ML
LSD_Primary,set3_features,AE_ENet,9,24.47324847607886,Primary ML
LSD_Primary,set3_features,AE_ENet,10,321.39302886335173,Primary ML
LSD_Primary,set3_features,GPR,1,45.68572802209113,Primary ML
LSD_Primary,set3_features,GPR,2,21.43473094069221,Primary ML
LSD_Primary,set3_features,GPR,3,21.133394589512854,Primary ML
LSD_Primary,set3_features,GPR,4,21.172303825669967,Primary ML
LSD_Primary,set3_features,GPR,5,48.65379289250063,Primary ML
LSD_Primary,set3_features,GPR,6,44.255445466633056,Primary ML
LSD_Primary,set3_features,GPR,7,49.93942292581763,Primary ML
LSD_Primary,set3_features,GPR,8,53.2048891370801,Primary ML
LSD_Primary,set3_features,GPR,9,26.59841931204148,Primary ML
LSD_Primary,set3_features,GPR,10,81.7999061581472,Primary ML
LSD_Primary,set3_features,RF,1,24.55846692784154,Primary ML
LSD_Primary,set3_features,RF,2,22.68283258620034,Primary ML
LSD_Primary,set3_features,RF,3,26.68380867446881,Primary ML
LSD_Primary,set3_features,RF,4,26.13414324190621,Primary ML
LSD_Primary,set3_features,RF,5,28.226493379655945,Primary ML
LSD_Primary,set3_features,RF,6,27.981452224784068,Primary ML
LSD_Primary,set3_features,RF,7,17.351790890681276,Primary ML
LSD_Primary,set3_features,RF,8,29.5617266601694,Primary ML
LSD_Primary,set3_features,RF,9,34.32988485385562,Primary ML
LSD_Primary,set3_features,RF,10,17.29424654116943,Primary ML
LSD_Primary,set4_features_metadata,AE_ENet,1,20.5617963595195,Primary ML
LSD_Primary,set4_features_metadata,AE_ENet,2,22.504106283097485,Primary ML
LSD_Primary,set4_features_metadata,AE_ENet,3,16.324667870198244,Primary ML
LSD_Primary,set4_features_metadata,AE_ENet,4,30.511214504923526,Primary ML
LSD_Primary,set4_features_metadata,AE_ENet,5,26.842617061446123,Primary ML
LSD_Primary,set4_features_metadata,AE_ENet,6,30.351661743472494,Primary ML
LSD_Primary,set4_features_metadata,AE_ENet,7,38.18044507287097,Primary ML
LSD_Primary,set4_features_metadata,AE_ENet,8,30.049392234979145,Primary ML
LSD_Primary,set4_features_metadata,AE_ENet,9,18.07922511972115,Primary ML
LSD_Primary,set4_features_metadata,AE_ENet,10,113.89639123524724,Primary ML
LSD_Primary,set4_features_metadata,GPR,1,96.25833266550316,Primary ML
LSD_Primary,set4_features_metadata,GPR,2,25.75351188658826,Primary ML
LSD_Primary,set4_features_metadata,GPR,3,18.2194240250937,Primary ML
LSD_Primary,set4_features_metadata,GPR,4,47.6814464990692,Primary ML
LSD_Primary,set4_features_metadata,GPR,5,88.50006304586256,Primary ML
LSD_Primary,set4_features_metadata,GPR,6,96.52859973698222,Primary ML
LSD_Primary,set4_features_metadata,GPR,7,47.38417713425463,Primary ML
LSD_Primary,set4_features_metadata,GPR,8,103.4371379251875,Primary ML
LSD_Primary,set4_features_metadata,GPR,9,41.272229992190525,Primary ML
LSD_Primary,set4_features_metadata,GPR,10,74.3805676349357,Primary ML
LSD_Primary,set4_features_metadata,RF,1,26.02311862720901,Primary ML
LSD_Primary,set4_features_metadata,RF,2,22.41272408071531,Primary ML
LSD_Primary,set4_features_metadata,RF,3,26.74844636813325,Primary ML
LSD_Primary,set4_features_metadata,RF,4,28.46946622617878,Primary ML
LSD_Primary,set4_features_metadata,RF,5,26.33208178538257,Primary ML
LSD_Primary,set4_features_metadata,RF,6,27.33199495889333,Primary ML
LSD_Primary,set4_features_metadata,RF,7,17.373282509225533,Primary ML
LSD_Primary,set4_features_metadata,RF,8,30.31157056543169,Primary ML
LSD_Primary,set4_features_metadata,RF,9,36.001894025721285,Primary ML
LSD_Primary,set4_features_metadata,RF,10,18.24615395994514,Primary ML
LSD_Primary,set5_features_metadata_corr95,AE_ENet,1,20.422641527820502,Primary ML
LSD_Primary,set5_features_metadata_corr95,AE_ENet,2,20.921981444162537,Primary ML
LSD_Primary,set5_features_metadata_corr95,AE_ENet,3,16.327473291675982,Primary ML
LSD_Primary,set5_features_metadata_corr95,AE_ENet,4,33.30083285855822,Primary ML
LSD_Primary,set5_features_metadata_corr95,AE_ENet,5,25.843413165984195,Primary ML
LSD_Primary,set5_features_metadata_corr95,AE_ENet,6,27.246778260952965,Primary ML
LSD_Primary,set5_features_metadata_corr95,AE_ENet,7,39.37647760646274,Primary ML
LSD_Primary,set5_features_metadata_corr95,AE_ENet,8,30.19777693191018,Primary ML
LSD_Primary,set5_features_metadata_corr95,AE_ENet,9,21.320709432014727,Primary ML
LSD_Primary,set5_features_metadata_corr95,AE_ENet,10,67.1285523207267,Primary ML
LSD_Primary,set5_features_metadata_corr95,GPR,1,97.7357476378708,Primary ML
LSD_Primary,set5_features_metadata_corr95,GPR,2,26.08568488548476,Primary ML
LSD_Primary,set5_features_metadata_corr95,GPR,3,23.343362393586904,Primary ML
LSD_Primary,set5_features_metadata_corr95,GPR,4,48.854688013083354,Primary ML
LSD_Primary,set5_features_metadata_corr95,GPR,5,92.80651440573756,Primary ML
LSD_Primary,set5_features_metadata_corr95,GPR,6,98.77424805728222,Primary ML
LSD_Primary,set5_features_metadata_corr95,GPR,7,57.02580127910933,Primary ML
LSD_Primary,set5_features_metadata_corr95,GPR,8,106.7628870533188,Primary ML
LSD_Primary,set5_features_metadata_corr95,GPR,9,41.59512348754863,Primary ML
LSD_Primary,set5_features_metadata_corr95,GPR,10,83.35336549150081,Primary ML
LSD_Primary,set5_features_metadata_corr95,RF,1,26.13401415377627,Primary ML
LSD_Primary,set5_features_metadata_corr95,RF,2,22.36068012259653,Primary ML
LSD_Primary,set5_features_metadata_corr95,RF,3,27.074719599318964,Primary ML
LSD_Primary,set5_features_metadata_corr95,RF,4,25.65356705731583,Primary ML
LSD_Primary,set5_features_metadata_corr95,RF,5,25.671721158952455,Primary ML
LSD_Primary,set5_features_metadata_corr95,RF,6,26.3625490517505,Primary ML
LSD_Primary,set5_features_metadata_corr95,RF,7,17.660173461397047,Primary ML
LSD_Primary,set5_features_metadata_corr95,RF,8,28.78339179248381,Primary ML
LSD_Primary,set5_features_metadata_corr95,RF,9,37.02672592093525,Primary ML
LSD_Primary,set5_features_metadata_corr95,RF,10,17.12320366653142,Primary ML
LSD_Second,set1_dQn_m,AE_ENet,1,26.418801068020265,Primary ML
LSD_Second,set1_dQn_m,AE_ENet,2,12.975722399681302,Primary ML
LSD_Second,set1_dQn_m,AE_ENet,3,20.57605435424617,Primary ML
LSD_Second,set1_dQn_m,AE_ENet,4,18.08616570918024,Primary ML
LSD_Second,set1_dQn_m,AE_ENet,5,26.18761393410148,Primary ML
LSD_Second,set1_dQn_m,AE_ENet,6,21.02522046649904,Primary ML
LSD_Second,set1_dQn_m,AE_ENet,7,22.192940657273702,Primary ML
LSD_Second,set1_dQn_m,AE_ENet,8,28.858349571569494,Primary ML
LSD_Second,set1_dQn_m,AE_ENet,9,21.53585519388728,Primary ML
LSD_Second,set1_dQn_m,AE_ENet,10,30.2409122567776,Primary ML
LSD_Second,set1_dQn_m,GPR,1,16.174022119379426,Primary ML
LSD_Second,set1_dQn_m,GPR,2,10.238237642836854,Primary ML
LSD_Second,set1_dQn_m,GPR,3,11.285176359058664,Primary ML
LSD_Second,set1_dQn_m,GPR,4,17.836658313944298,Primary ML
LSD_Second,set1_dQn_m,GPR,5,21.102620053558734,Primary ML
LSD_Second,set1_dQn_m,GPR,6,13.723353005138538,Primary ML
LSD_Second,set1_dQn_m,GPR,7,24.593377959425272,Primary ML
LSD_Second,set1_dQn_m,GPR,8,18.08143890357264,Primary ML
LSD_Second,set1_dQn_m,GPR,9,12.333332463536545,Primary ML
LSD_Second,set1_dQn_m,GPR,10,24.056552033551547,Primary ML
LSD_Second,set1_dQn_m,RF,1,22.562875567935208,Primary ML
LSD_Second,set1_dQn_m,RF,2,12.75581389831792,Primary ML
LSD_Second,set1_dQn_m,RF,3,17.869445592290973,Primary ML
LSD_Second,set1_dQn_m,RF,4,19.610289798045848,Primary ML
LSD_Second,set1_dQn_m,RF,5,25.29763911990292,Primary ML
LSD_Second,set1_dQn_m,RF,6,17.05043444837394,Primary ML
LSD_Second,set1_dQn_m,RF,7,28.73220884120163,Primary ML
LSD_Second,set1_dQn_m,RF,8,26.219970593237125,Primary ML
LSD_Second,set1_dQn_m,RF,9,18.59122440981641,Primary ML
LSD_Second,set1_dQn_m,RF,10,29.03537976399189,Primary ML
LSD_Second,set2_early_soh,AE_ENet,1,25.15793185242967,Primary ML
LSD_Second,set2_early_soh,AE_ENet,2,39.157204562751154,Primary ML
LSD_Second,set2_early_soh,AE_ENet,3,31.79571003266289,Primary ML
LSD_Second,set2_early_soh,AE_ENet,4,29.748387978192877,Primary ML
LSD_Second,set2_early_soh,AE_ENet,5,29.374315030765125,Primary ML
LSD_Second,set2_early_soh,AE_ENet,6,36.72001329284533,Primary ML
LSD_Second,set2_early_soh,AE_ENet,7,40.3966968422639,Primary ML
LSD_Second,set2_early_soh,AE_ENet,8,30.25257615426068,Primary ML
LSD_Second,set2_early_soh,AE_ENet,9,31.0743941323374,Primary ML
LSD_Second,set2_early_soh,AE_ENet,10,40.67754383874537,Primary ML
LSD_Second,set2_early_soh,GPR,1,19.410144780099056,Primary ML
LSD_Second,set2_early_soh,GPR,2,51.59908816323787,Primary ML
LSD_Second,set2_early_soh,GPR,3,31.716334871027147,Primary ML
LSD_Second,set2_early_soh,GPR,4,32.93881939409159,Primary ML
LSD_Second,set2_early_soh,GPR,5,30.63225901060976,Primary ML
LSD_Second,set2_early_soh,GPR,6,44.4552334182735,Primary ML
LSD_Second,set2_early_soh,GPR,7,42.61991869806616,Primary ML
LSD_Second,set2_early_soh,GPR,8,30.507013196979443,Primary ML
LSD_Second,set2_early_soh,GPR,9,31.69374738528172,Primary ML
LSD_Second,set2_early_soh,GPR,10,30.720845748749586,Primary ML
LSD_Second,set2_early_soh,RF,1,37.17235244937532,Primary ML
LSD_Second,set2_early_soh,RF,2,86.36629567522778,Primary ML
LSD_Second,set2_early_soh,RF,3,45.193718342981775,Primary ML
LSD_Second,set2_early_soh,RF,4,57.97612060359633,Primary ML
LSD_Second,set2_early_soh,RF,5,35.70511750061794,Primary ML
LSD_Second,set2_early_soh,RF,6,61.63153857968749,Primary ML
LSD_Second,set2_early_soh,RF,7,56.05080402801349,Primary ML
LSD_Second,set2_early_soh,RF,8,31.204191775200023,Primary ML
LSD_Second,set2_early_soh,RF,9,43.03791823709571,Primary ML
LSD_Second,set2_early_soh,RF,10,48.10640462963962,Primary ML
LSD_Second,set3_features,AE_ENet,1,35.07970397556296,Primary ML
LSD_Second,set3_features,AE_ENet,2,11.531222610773266,Primary ML
LSD_Second,set3_features,AE_ENet,3,18.076394290856797,Primary ML
LSD_Second,set3_features,AE_ENet,4,19.32440352624618,Primary ML
LSD_Second,set3_features,AE_ENet,5,20.565284040292003,Primary ML
LSD_Second,set3_features,AE_ENet,6,16.267380259186822,Primary ML
LSD_Second,set3_features,AE_ENet,7,22.174890625252324,Primary ML
LSD_Second,set3_features,AE_ENet,8,17.38941728530336,Primary ML
LSD_Second,set3_features,AE_ENet,9,18.013897260601723,Primary ML
LSD_Second,set3_features,AE_ENet,10,27.5086577744574,Primary ML
LSD_Second,set3_features,GPR,1,18.165887143581077,Primary ML
LSD_Second,set3_features,GPR,2,10.316173764348347,Primary ML
LSD_Second,set3_features,GPR,3,14.407145962907956,Primary ML
LSD_Second,set3_features,GPR,4,19.2159305594528,Primary ML
LSD_Second,set3_features,GPR,5,15.74726704145934,Primary ML
LSD_Second,set3_features,GPR,6,16.613013134461532,Primary ML
LSD_Second,set3_features,GPR,7,17.711734126070553,Primary ML
LSD_Second,set3_features,GPR,8,22.024205634695573,Primary ML
LSD_Second,set3_features,GPR,9,15.935440836575296,Primary ML
LSD_Second,set3_features,GPR,10,23.72445385381941,Primary ML
LSD_Second,set3_features,RF,1,45.883462801918846,Primary ML
LSD_Second,set3_features,RF,2,18.092743565863863,Primary ML
LSD_Second,set3_features,RF,3,21.20972352563456,Primary ML
LSD_Second,set3_features,RF,4,14.331807302356369,Primary ML
LSD_Second,set3_features,RF,5,24.494299210633177,Primary ML
LSD_Second,set3_features,RF,6,19.40347861187459,Primary ML
LSD_Second,set3_features,RF,7,40.541232223473976,Primary ML
LSD_Second,set3_features,RF,8,25.80463045750157,Primary ML
LSD_Second,set3_features,RF,9,21.069304463128635,Primary ML
LSD_Second,set3_features,RF,10,39.55086991075624,Primary ML
LSD_Second,set4_features_metadata,AE_ENet,1,33.80782604156345,Primary ML
LSD_Second,set4_features_metadata,AE_ENet,2,16.020410012234727,Primary ML
LSD_Second,set4_features_metadata,AE_ENet,3,22.194457134900954,Primary ML
LSD_Second,set4_features_metadata,AE_ENet,4,21.06929760286876,Primary ML
LSD_Second,set4_features_metadata,AE_ENet,5,19.53589084338796,Primary ML
LSD_Second,set4_features_metadata,AE_ENet,6,14.658410383773404,Primary ML
LSD_Second,set4_features_metadata,AE_ENet,7,21.6361942583105,Primary ML
LSD_Second,set4_features_metadata,AE_ENet,8,22.515828894818384,Primary ML
LSD_Second,set4_features_metadata,AE_ENet,9,20.333271444677678,Primary ML
LSD_Second,set4_features_metadata,AE_ENet,10,23.51766789993742,Primary ML
LSD_Second,set4_features_metadata,GPR,1,16.804028560670456,Primary ML
LSD_Second,set4_features_metadata,GPR,2,20.893417129007695,Primary ML
LSD_Second,set4_features_metadata,GPR,3,14.974516181039736,Primary ML
LSD_Second,set4_features_metadata,GPR,4,19.804809792592177,Primary ML
LSD_Second,set4_features_metadata,GPR,5,17.689772347324332,Primary ML
LSD_Second,set4_features_metadata,GPR,6,14.170858290235353,Primary ML
LSD_Second,set4_features_metadata,GPR,7,23.88062748270145,Primary ML
LSD_Second,set4_features_metadata,GPR,8,18.42652246344593,Primary ML
LSD_Second,set4_features_metadata,GPR,9,15.87610687622458,Primary ML
LSD_Second,set4_features_metadata,GPR,10,20.478702264644237,Primary ML
LSD_Second,set4_features_metadata,RF,1,44.694170792071056,Primary ML
LSD_Second,set4_features_metadata,RF,2,17.66841551584631,Primary ML
LSD_Second,set4_features_metadata,RF,3,19.70591281140973,Primary ML
LSD_Second,set4_features_metadata,RF,4,14.699656165735316,Primary ML
LSD_Second,set4_features_metadata,RF,5,24.68907595513821,Primary ML
LSD_Second,set4_features_metadata,RF,6,18.865108234508888,Primary ML
LSD_Second,set4_features_metadata,RF,7,41.16318099758132,Primary ML
LSD_Second,set4_features_metadata,RF,8,25.616562368667218,Primary ML
LSD_Second,set4_features_metadata,RF,9,19.712597607538545,Primary ML
LSD_Second,set4_features_metadata,RF,10,39.21162571027215,Primary ML
LSD_Second,set5_features_metadata_corr95,AE_ENet,1,36.868418718435386,Primary ML
LSD_Second,set5_features_metadata_corr95,AE_ENet,2,18.045787073511804,Primary ML
LSD_Second,set5_features_metadata_corr95,AE_ENet,3,20.81233809578573,Primary ML
LSD_Second,set5_features_metadata_corr95,AE_ENet,4,19.67975911806136,Primary ML
LSD_Second,set5_features_metadata_corr95,AE_ENet,5,19.953393085913795,Primary ML
LSD_Second,set5_features_metadata_corr95,AE_ENet,6,13.295154914528398,Primary ML
LSD_Second,set5_features_metadata_corr95,AE_ENet,7,21.101524179952865,Primary ML
LSD_Second,set5_features_metadata_corr95,AE_ENet,8,23.961311854425983,Primary ML
LSD_Second,set5_features_metadata_corr95,AE_ENet,9,19.924885527495203,Primary ML
LSD_Second,set5_features_metadata_corr95,AE_ENet,10,23.238720318861493,Primary ML
LSD_Second,set5_features_metadata_corr95,GPR,1,16.768506642710797,Primary ML
LSD_Second,set5_features_metadata_corr95,GPR,2,21.696946188039103,Primary ML
LSD_Second,set5_features_metadata_corr95,GPR,3,13.779716391480562,Primary ML
LSD_Second,set5_features_metadata_corr95,GPR,4,19.6203849108308,Primary ML
LSD_Second,set5_features_metadata_corr95,GPR,5,17.814736834709713,Primary ML
LSD_Second,set5_features_metadata_corr95,GPR,6,14.190081180598929,Primary ML
LSD_Second,set5_features_metadata_corr95,GPR,7,23.260943809093646,Primary ML
LSD_Second,set5_features_metadata_corr95,GPR,8,18.191625584084115,Primary ML
LSD_Second,set5_features_metadata_corr95,GPR,9,14.413346257639395,Primary ML
LSD_Second,set5_features_metadata_corr95,GPR,10,20.281585069195064,Primary ML
LSD_Second,set5_features_metadata_corr95,RF,1,43.3359729767339,Primary ML
LSD_Second,set5_features_metadata_corr95,RF,2,17.42649112164876,Primary ML
LSD_Second,set5_features_metadata_corr95,RF,3,20.170325982006297,Primary ML
LSD_Second,set5_features_metadata_corr95,RF,4,14.221421793573082,Primary ML
LSD_Second,set5_features_metadata_corr95,RF,5,24.152592199513805,Primary ML
LSD_Second,set5_features_metadata_corr95,RF,6,18.822886496163704,Primary ML
LSD_Second,set5_features_metadata_corr95,RF,7,44.27567143917064,Primary ML
LSD_Second,set5_features_metadata_corr95,RF,8,25.15984725159971,Primary ML
LSD_Second,set5_features_metadata_corr95,RF,9,20.3496481389298,Primary ML
LSD_Second,set5_features_metadata_corr95,RF,10,40.362698672644456,Primary ML
MIT,set1_dQn_m,AE_ENet,1,60.75170691839607,Primary ML
MIT,set1_dQn_m,AE_ENet,2,11.990063483590031,Primary ML
MIT,set1_dQn_m,AE_ENet,3,14.191484653510818,Primary ML
MIT,set1_dQn_m,AE_ENet,4,17.941684325186237,Primary ML
MIT,set1_dQn_m,AE_ENet,5,9.593750357055956,Primary ML
MIT,set1_dQn_m,AE_ENet,6,13.164707084864151,Primary ML
MIT,set1_dQn_m,AE_ENet,7,11.573134465159908,Primary ML
MIT,set1_dQn_m,AE_ENet,8,10.69999296972608,Primary ML
MIT,set1_dQn_m,AE_ENet,9,10.74742750599528,Primary ML
MIT,set1_dQn_m,AE_ENet,10,8.207647031721224,Primary ML
MIT,set1_dQn_m,GPR,1,16.91026606509311,Primary ML
MIT,set1_dQn_m,GPR,2,10.893303640702472,Primary ML
MIT,set1_dQn_m,GPR,3,10.680857105968158,Primary ML
MIT,set1_dQn_m,GPR,4,13.312950440997188,Primary ML
MIT,set1_dQn_m,GPR,5,9.128916746849638,Primary ML
MIT,set1_dQn_m,GPR,6,9.130620652324977,Primary ML
MIT,set1_dQn_m,GPR,7,9.284350748721437,Primary ML
MIT,set1_dQn_m,GPR,8,7.651764784717317,Primary ML
MIT,set1_dQn_m,GPR,9,6.147158205388116,Primary ML
MIT,set1_dQn_m,GPR,10,7.200233547146338,Primary ML
MIT,set1_dQn_m,RF,1,21.930036809470284,Primary ML
MIT,set1_dQn_m,RF,2,12.44118298454523,Primary ML
MIT,set1_dQn_m,RF,3,14.303282313125132,Primary ML
MIT,set1_dQn_m,RF,4,17.9576687103673,Primary ML
MIT,set1_dQn_m,RF,5,10.854425470348664,Primary ML
MIT,set1_dQn_m,RF,6,17.92442886097113,Primary ML
MIT,set1_dQn_m,RF,7,14.779936738735604,Primary ML
MIT,set1_dQn_m,RF,8,13.60414501016253,Primary ML
MIT,set1_dQn_m,RF,9,10.953668684913552,Primary ML
MIT,set1_dQn_m,RF,10,10.590785908205792,Primary ML
MIT,set2_early_soh,AE_ENet,1,15.55804396574364,Primary ML
MIT,set2_early_soh,AE_ENet,2,12.851995166563762,Primary ML
MIT,set2_early_soh,AE_ENet,3,20.898256264811145,Primary ML
MIT,set2_early_soh,AE_ENet,4,13.653922961240823,Primary ML
MIT,set2_early_soh,AE_ENet,5,13.205094320688191,Primary ML
MIT,set2_early_soh,AE_ENet,6,22.66983250499482,Primary ML
MIT,set2_early_soh,AE_ENet,7,14.86444435217537,Primary ML
MIT,set2_early_soh,AE_ENet,8,18.54014786953223,Primary ML
MIT,set2_early_soh,AE_ENet,9,20.28668638148861,Primary ML
MIT,set2_early_soh,AE_ENet,10,13.674189223074924,Primary ML
MIT,set2_early_soh,GPR,1,63.6771066322561,Primary ML
MIT,set2_early_soh,GPR,2,10.764516559737398,Primary ML
MIT,set2_early_soh,GPR,3,14.197444041096803,Primary ML
MIT,set2_early_soh,GPR,4,13.976657758874849,Primary ML
MIT,set2_early_soh,GPR,5,9.63745260260491,Primary ML
MIT,set2_early_soh,GPR,6,19.6766608049646,Primary ML
MIT,set2_early_soh,GPR,7,11.626438481051537,Primary ML
MIT,set2_early_soh,GPR,8,13.809249753564876,Primary ML
MIT,set2_early_soh,GPR,9,16.93016426356342,Primary ML
MIT,set2_early_soh,GPR,10,11.585569692745407,Primary ML
MIT,set2_early_soh,RF,1,41.07744866856712,Primary ML
MIT,set2_early_soh,RF,2,22.40575638948091,Primary ML
MIT,set2_early_soh,RF,3,14.551767857262291,Primary ML
MIT,set2_early_soh,RF,4,15.248917282020203,Primary ML
MIT,set2_early_soh,RF,5,16.95448225787369,Primary ML
MIT,set2_early_soh,RF,6,12.549016177763534,Primary ML
MIT,set2_early_soh,RF,7,17.877764286950757,Primary ML
MIT,set2_early_soh,RF,8,17.83288945122293,Primary ML
MIT,set2_early_soh,RF,9,14.175523008120916,Primary ML
MIT,set2_early_soh,RF,10,20.277053087585976,Primary ML
MIT,set3_features,AE_ENet,1,14.773600809151022,Primary ML
MIT,set3_features,AE_ENet,2,10.170604423888586,Primary ML
MIT,set3_features,AE_ENet,3,12.55961410258008,Primary ML
MIT,set3_features,AE_ENet,4,10.42011579184509,Primary ML
MIT,set3_features,AE_ENet,5,12.09063722054047,Primary ML
MIT,set3_features,AE_ENet,6,15.731654036250632,Primary ML
MIT,set3_features,AE_ENet,7,10.800444477153556,Primary ML
MIT,set3_features,AE_ENet,8,14.391178770845636,Primary ML
MIT,set3_features,AE_ENet,9,12.964411425806812,Primary ML
MIT,set3_features,AE_ENet,10,10.719947366160772,Primary ML
MIT,set3_features,GPR,1,20.106143053427765,Primary ML
MIT,set3_features,GPR,2,12.00899183955939,Primary ML
MIT,set3_features,GPR,3,22.42316688838817,Primary ML
MIT,set3_features,GPR,4,9.03360753202288,Primary ML
MIT,set3_features,GPR,5,12.838097862360016,Primary ML
MIT,set3_features,GPR,6,14.19483676457106,Primary ML
MIT,set3_features,GPR,7,10.706858440345721,Primary ML
MIT,set3_features,GPR,8,14.27619712043925,Primary ML
MIT,set3_features,GPR,9,12.425078924605751,Primary ML
MIT,set3_features,GPR,10,10.42779083364328,Primary ML
MIT,set3_features,RF,1,20.484621158396443,Primary ML
MIT,set3_features,RF,2,13.787613368419548,Primary ML
MIT,set3_features,RF,3,13.692554984570032,Primary ML
MIT,set3_features,RF,4,13.870243216196096,Primary ML
MIT,set3_features,RF,5,12.573158830621205,Primary ML
MIT,set3_features,RF,6,14.006576441559035,Primary ML
MIT,set3_features,RF,7,13.483492523587435,Primary ML
MIT,set3_features,RF,8,12.530766679908002,Primary ML
MIT,set3_features,RF,9,11.79601514744662,Primary ML
MIT,set3_features,RF,10,9.527713912639117,Primary ML
MIT,set4_features_metadata,AE_ENet,1,14.93210769440673,Primary ML
MIT,set4_features_metadata,AE_ENet,2,9.936158313004766,Primary ML
MIT,set4_features_metadata,AE_ENet,3,12.70162500346625,Primary ML
MIT,set4_features_metadata,AE_ENet,4,10.084684176658998,Primary ML
MIT,set4_features_metadata,AE_ENet,5,11.771259289672448,Primary ML
MIT,set4_features_metadata,AE_ENet,6,16.932362355461745,Primary ML
MIT,set4_features_metadata,AE_ENet,7,10.743357253318749,Primary ML
MIT,set4_features_metadata,AE_ENet,8,14.003631759744254,Primary ML
MIT,set4_features_metadata,AE_ENet,9,13.248052251041992,Primary ML
MIT,set4_features_metadata,AE_ENet,10,11.202343572170363,Primary ML
MIT,set4_features_metadata,GPR,1,19.664564024779285,Primary ML
MIT,set4_features_metadata,GPR,2,12.717509830104794,Primary ML
MIT,set4_features_metadata,GPR,3,18.873832726529223,Primary ML
MIT,set4_features_metadata,GPR,4,8.222585358970907,Primary ML
MIT,set4_features_metadata,GPR,5,11.610252475640651,Primary ML
MIT,set4_features_metadata,GPR,6,14.2426667547435,Primary ML
MIT,set4_features_metadata,GPR,7,11.090519618960604,Primary ML
MIT,set4_features_metadata,GPR,8,12.465038307769676,Primary ML
MIT,set4_features_metadata,GPR,9,11.40356028927016,Primary ML
MIT,set4_features_metadata,GPR,10,10.323880197230222,Primary ML
MIT,set4_features_metadata,RF,1,19.996542927348315,Primary ML
MIT,set4_features_metadata,RF,2,13.129118626667594,Primary ML
MIT,set4_features_metadata,RF,3,12.260999553884218,Primary ML
MIT,set4_features_metadata,RF,4,12.538855625716696,Primary ML
MIT,set4_features_metadata,RF,5,11.912980732856244,Primary ML
MIT,set4_features_metadata,RF,6,14.231074133217623,Primary ML
MIT,set4_features_metadata,RF,7,12.938194928506244,Primary ML
MIT,set4_features_metadata,RF,8,11.627941152409514,Primary ML
MIT,set4_features_metadata,RF,9,10.856452183579986,Primary ML
MIT,set4_features_metadata,RF,10,9.311220945324932,Primary ML
MIT,set5_features_metadata_corr95,AE_ENet,1,15.0131186641671,Primary ML
MIT,set5_features_metadata_corr95,AE_ENet,2,9.737541743820056,Primary ML
MIT,set5_features_metadata_corr95,AE_ENet,3,12.859782380059809,Primary ML
MIT,set5_features_metadata_corr95,AE_ENet,4,9.831024893833256,Primary ML
MIT,set5_features_metadata_corr95,AE_ENet,5,11.27444618020584,Primary ML
MIT,set5_features_metadata_corr95,AE_ENet,6,16.93432533711126,Primary ML
MIT,set5_features_metadata_corr95,AE_ENet,7,10.657555672564795,Primary ML
MIT,set5_features_metadata_corr95,AE_ENet,8,13.825955277697629,Primary ML
MIT,set5_features_metadata_corr95,AE_ENet,9,13.39001827987875,Primary ML
MIT,set5_features_metadata_corr95,AE_ENet,10,11.341662301093764,Primary ML
MIT,set5_features_metadata_corr95,GPR,1,18.305054904722038,Primary ML
MIT,set5_features_metadata_corr95,GPR,2,13.152763409969007,Primary ML
MIT,set5_features_metadata_corr95,GPR,3,12.17251784832251,Primary ML
MIT,set5_features_metadata_corr95,GPR,4,8.663390063476035,Primary ML
MIT,set5_features_metadata_corr95,GPR,5,11.959781275991462,Primary ML
MIT,set5_features_metadata_corr95,GPR,6,14.587724857718593,Primary ML
MIT,set5_features_metadata_corr95,GPR,7,11.308169057259752,Primary ML
MIT,set5_features_metadata_corr95,GPR,8,12.14796916438998,Primary ML
MIT,set5_features_metadata_corr95,GPR,9,10.792794541628735,Primary ML
MIT,set5_features_metadata_corr95,GPR,10,9.810460365477988,Primary ML
MIT,set5_features_metadata_corr95,RF,1,19.75813234747563,Primary ML
MIT,set5_features_metadata_corr95,RF,2,11.80088968308373,Primary ML
MIT,set5_features_metadata_corr95,RF,3,11.677351426838756,Primary ML
MIT,set5_features_metadata_corr95,RF,4,12.356504852577716,Primary ML
MIT,set5_features_metadata_corr95,RF,5,11.872628109668767,Primary ML
MIT,set5_features_metadata_corr95,RF,6,14.196366457270203,Primary ML
MIT,set5_features_metadata_corr95,RF,7,12.70696885014407,Primary ML
MIT,set5_features_metadata_corr95,RF,8,11.377231970468472,Primary ML
MIT,set5_features_metadata_corr95,RF,9,10.8068620522693,Primary ML
MIT,set5_features_metadata_corr95,RF,10,9.313413978785652,Primary ML
TRI_Tesla,set1_dQn_m,AE_ENet,1,31.32275445545392,Primary ML
TRI_Tesla,set1_dQn_m,AE_ENet,2,19.570289133444327,Primary ML
TRI_Tesla,set1_dQn_m,AE_ENet,3,27.622559395532942,Primary ML
TRI_Tesla,set1_dQn_m,AE_ENet,4,37.4489980071618,Primary ML
TRI_Tesla,set1_dQn_m,AE_ENet,5,15.48014355088234,Primary ML
TRI_Tesla,set1_dQn_m,AE_ENet,6,21.29292355804044,Primary ML
TRI_Tesla,set1_dQn_m,AE_ENet,7,33.07102561886182,Primary ML
TRI_Tesla,set1_dQn_m,AE_ENet,8,32.60245042193927,Primary ML
TRI_Tesla,set1_dQn_m,AE_ENet,9,23.336887828660505,Primary ML
TRI_Tesla,set1_dQn_m,AE_ENet,10,19.01365362602721,Primary ML
TRI_Tesla,set1_dQn_m,GPR,1,21.99568830298372,Primary ML
TRI_Tesla,set1_dQn_m,GPR,2,14.005567139981617,Primary ML
TRI_Tesla,set1_dQn_m,GPR,3,22.19213062107027,Primary ML
TRI_Tesla,set1_dQn_m,GPR,4,29.29540415425476,Primary ML
TRI_Tesla,set1_dQn_m,GPR,5,18.96917657259517,Primary ML
TRI_Tesla,set1_dQn_m,GPR,6,18.546393201381743,Primary ML
TRI_Tesla,set1_dQn_m,GPR,7,23.6021324641138,Primary ML
TRI_Tesla,set1_dQn_m,GPR,8,21.594075008673144,Primary ML
TRI_Tesla,set1_dQn_m,GPR,9,17.902586340178665,Primary ML
TRI_Tesla,set1_dQn_m,GPR,10,19.735586581881535,Primary ML
TRI_Tesla,set1_dQn_m,RF,1,24.562378445210793,Primary ML
TRI_Tesla,set1_dQn_m,RF,2,16.558986055864164,Primary ML
TRI_Tesla,set1_dQn_m,RF,3,28.637895909724925,Primary ML
TRI_Tesla,set1_dQn_m,RF,4,32.824809212940025,Primary ML
TRI_Tesla,set1_dQn_m,RF,5,19.537223766160302,Primary ML
TRI_Tesla,set1_dQn_m,RF,6,24.131314443017857,Primary ML
TRI_Tesla,set1_dQn_m,RF,7,29.674831196002994,Primary ML
TRI_Tesla,set1_dQn_m,RF,8,25.661858823760877,Primary ML
TRI_Tesla,set1_dQn_m,RF,9,19.70680964305289,Primary ML
TRI_Tesla,set1_dQn_m,RF,10,16.163648859206678,Primary ML
TRI_Tesla,set2_early_soh,AE_ENet,1,39.96757559545336,Primary ML
TRI_Tesla,set2_early_soh,AE_ENet,2,28.17067073004884,Primary ML
TRI_Tesla,set2_early_soh,AE_ENet,3,35.82433945834646,Primary ML
TRI_Tesla,set2_early_soh,AE_ENet,4,68.71515454662979,Primary ML
TRI_Tesla,set2_early_soh,AE_ENet,5,21.40622688311648,Primary ML
TRI_Tesla,set2_early_soh,AE_ENet,6,35.20393203058099,Primary ML
TRI_Tesla,set2_early_soh,AE_ENet,7,46.24268660125948,Primary ML
TRI_Tesla,set2_early_soh,AE_ENet,8,46.8752006480928,Primary ML
TRI_Tesla,set2_early_soh,AE_ENet,9,31.683527005174323,Primary ML
TRI_Tesla,set2_early_soh,AE_ENet,10,17.368564497633198,Primary ML
TRI_Tesla,set2_early_soh,GPR,1,20.093300672831184,Primary ML
TRI_Tesla,set2_early_soh,GPR,2,18.44504330957335,Primary ML
TRI_Tesla,set2_early_soh,GPR,3,21.114127474784507,Primary ML
TRI_Tesla,set2_early_soh,GPR,4,33.388076244773714,Primary ML
TRI_Tesla,set2_early_soh,GPR,5,16.93994414946083,Primary ML
TRI_Tesla,set2_early_soh,GPR,6,21.22989351489512,Primary ML
TRI_Tesla,set2_early_soh,GPR,7,28.40181312820288,Primary ML
TRI_Tesla,set2_early_soh,GPR,8,26.08581782842847,Primary ML
TRI_Tesla,set2_early_soh,GPR,9,28.086055075002324,Primary ML
TRI_Tesla,set2_early_soh,GPR,10,24.778143827891693,Primary ML
TRI_Tesla,set2_early_soh,RF,1,23.65256121711669,Primary ML
TRI_Tesla,set2_early_soh,RF,2,21.657119723107638,Primary ML
TRI_Tesla,set2_early_soh,RF,3,29.20872486343621,Primary ML
TRI_Tesla,set2_early_soh,RF,4,41.77446887595109,Primary ML
TRI_Tesla,set2_early_soh,RF,5,19.519655684655312,Primary ML
TRI_Tesla,set2_early_soh,RF,6,28.613624338691967,Primary ML
TRI_Tesla,set2_early_soh,RF,7,30.594703148416,Primary ML
TRI_Tesla,set2_early_soh,RF,8,30.75090950625499,Primary ML
TRI_Tesla,set2_early_soh,RF,9,25.251524837134248,Primary ML
TRI_Tesla,set2_early_soh,RF,10,18.450596381817856,Primary ML
TRI_Tesla,set3_features,AE_ENet,1,24.425334399250783,Primary ML
TRI_Tesla,set3_features,AE_ENet,2,16.033911086746038,Primary ML
TRI_Tesla,set3_features,AE_ENet,3,27.399449799701774,Primary ML
TRI_Tesla,set3_features,AE_ENet,4,31.640842267240146,Primary ML
TRI_Tesla,set3_features,AE_ENet,5,17.35677398564891,Primary ML
TRI_Tesla,set3_features,AE_ENet,6,21.84223468389721,Primary ML
TRI_Tesla,set3_features,AE_ENet,7,29.164075492868665,Primary ML
TRI_Tesla,set3_features,AE_ENet,8,25.83530549984089,Primary ML
TRI_Tesla,set3_features,AE_ENet,9,22.336051317169968,Primary ML
TRI_Tesla,set3_features,AE_ENet,10,19.138769610259537,Primary ML
TRI_Tesla,set3_features,GPR,1,22.410432916134123,Primary ML
TRI_Tesla,set3_features,GPR,2,14.54120302383962,Primary ML
TRI_Tesla,set3_features,GPR,3,27.029035737275287,Primary ML
TRI_Tesla,set3_features,GPR,4,31.09274725893804,Primary ML
TRI_Tesla,set3_features,GPR,5,21.338783445383054,Primary ML
TRI_Tesla,set3_features,GPR,6,20.908233774475217,Primary ML
TRI_Tesla,set3_features,GPR,7,29.331506024945035,Primary ML
TRI_Tesla,set3_features,GPR,8,27.286472845983106,Primary ML
TRI_Tesla,set3_features,GPR,9,19.975756984185768,Primary ML
TRI_Tesla,set3_features,GPR,10,28.19992208826476,Primary ML
TRI_Tesla,set3_features,RF,1,24.19533002504483,Primary ML
TRI_Tesla,set3_features,RF,2,12.944436083184693,Primary ML
TRI_Tesla,set3_features,RF,3,28.54931405103773,Primary ML
TRI_Tesla,set3_features,RF,4,36.48598841597068,Primary ML
TRI_Tesla,set3_features,RF,5,17.22993812799817,Primary ML
TRI_Tesla,set3_features,RF,6,24.739615927015727,Primary ML
TRI_Tesla,set3_features,RF,7,31.412512795992765,Primary ML
TRI_Tesla,set3_features,RF,8,29.628344905543884,Primary ML
TRI_Tesla,set3_features,RF,9,17.753835690155707,Primary ML
TRI_Tesla,set3_features,RF,10,19.42251347185097,Primary ML
TRI_Tesla,set4_features_metadata,AE_ENet,1,16.048482116116013,Primary ML
TRI_Tesla,set4_features_metadata,AE_ENet,2,18.526243485170205,Primary ML
TRI_Tesla,set4_features_metadata,AE_ENet,3,16.38845964941886,Primary ML
TRI_Tesla,set4_features_metadata,AE_ENet,4,16.941678202878542,Primary ML
TRI_Tesla,set4_features_metadata,AE_ENet,5,18.810097336465898,Primary ML
TRI_Tesla,set4_features_metadata,AE_ENet,6,18.30701027065934,Primary ML
TRI_Tesla,set4_features_metadata,AE_ENet,7,18.68673234488608,Primary ML
TRI_Tesla,set4_features_metadata,AE_ENet,8,16.087245657562793,Primary ML
TRI_Tesla,set4_features_metadata,AE_ENet,9,19.26958062882232,Primary ML
TRI_Tesla,set4_features_metadata,AE_ENet,10,16.932738299508532,Primary ML
TRI_Tesla,set4_features_metadata,GPR,1,14.799744317918895,Primary ML
TRI_Tesla,set4_features_metadata,GPR,2,15.76434229238379,Primary ML
TRI_Tesla,set4_features_metadata,GPR,3,16.735960204428896,Primary ML
TRI_Tesla,set4_features_metadata,GPR,4,31.63056501332058,Primary ML
TRI_Tesla,set4_features_metadata,GPR,5,22.885180554953013,Primary ML
TRI_Tesla,set4_features_metadata,GPR,6,13.04364402791444,Primary ML
TRI_Tesla,set4_features_metadata,GPR,7,17.565578969555517,Primary ML
TRI_Tesla,set4_features_metadata,GPR,8,18.120058085190774,Primary ML
TRI_Tesla,set4_features_metadata,GPR,9,17.514822661954316,Primary ML
TRI_Tesla,set4_features_metadata,GPR,10,14.821371311915232,Primary ML
TRI_Tesla,set4_features_metadata,RF,1,21.944173034924567,Primary ML
TRI_Tesla,set4_features_metadata,RF,2,13.79401051017617,Primary ML
TRI_Tesla,set4_features_metadata,RF,3,26.501453627181508,Primary ML
TRI_Tesla,set4_features_metadata,RF,4,34.35769669338846,Primary ML
TRI_Tesla,set4_features_metadata,RF,5,15.57628643921415,Primary ML
TRI_Tesla,set4_features_metadata,RF,6,23.107619846130053,Primary ML
TRI_Tesla,set4_features_metadata,RF,7,31.587350263686776,Primary ML
TRI_Tesla,set4_features_metadata,RF,8,28.975590294410885,Primary ML
TRI_Tesla,set4_features_metadata,RF,9,17.766680557113666,Primary ML
TRI_Tesla,set4_features_metadata,RF,10,18.628748402909803,Primary ML
TRI_Tesla,set5_features_metadata_corr95,AE_ENet,1,16.525416975032467,Primary ML
TRI_Tesla,set5_features_metadata_corr95,AE_ENet,2,18.71459307496912,Primary ML
TRI_Tesla,set5_features_metadata_corr95,AE_ENet,3,16.806076090604993,Primary ML
TRI_Tesla,set5_features_metadata_corr95,AE_ENet,4,17.734571719903485,Primary ML
TRI_Tesla,set5_features_metadata_corr95,AE_ENet,5,19.411001149278047,Primary ML
TRI_Tesla,set5_features_metadata_corr95,AE_ENet,6,19.274302747258485,Primary ML
TRI_Tesla,set5_features_metadata_corr95,AE_ENet,7,17.2392984008093,Primary ML
TRI_Tesla,set5_features_metadata_corr95,AE_ENet,8,16.465997286351033,Primary ML
TRI_Tesla,set5_features_metadata_corr95,AE_ENet,9,20.47104988942701,Primary ML
TRI_Tesla,set5_features_metadata_corr95,AE_ENet,10,16.887828988611954,Primary ML
TRI_Tesla,set5_features_metadata_corr95,GPR,1,12.086061810536936,Primary ML
TRI_Tesla,set5_features_metadata_corr95,GPR,2,13.79773755540954,Primary ML
TRI_Tesla,set5_features_metadata_corr95,GPR,3,14.884477796849184,Primary ML
TRI_Tesla,set5_features_metadata_corr95,GPR,4,25.54591756697,Primary ML
TRI_Tesla,set5_features_metadata_corr95,GPR,5,23.13031692786659,Primary ML
TRI_Tesla,set5_features_metadata_corr95,GPR,6,13.287951714549475,Primary ML
TRI_Tesla,set5_features_metadata_corr95,GPR,7,15.002732460823662,Primary ML
TRI_Tesla,set5_features_metadata_corr95,GPR,8,15.023606587804151,Primary ML
TRI_Tesla,set5_features_metadata_corr95,GPR,9,15.25122968758204,Primary ML
TRI_Tesla,set5_features_metadata_corr95,GPR,10,12.281055307014384,Primary ML
TRI_Tesla,set5_features_metadata_corr95,RF,1,22.433850684307384,Primary ML
TRI_Tesla,set5_features_metadata_corr95,RF,2,13.502137904836417,Primary ML
TRI_Tesla,set5_features_metadata_corr95,RF,3,25.351316283816665,Primary ML
TRI_Tesla,set5_features_metadata_corr95,RF,4,31.051716927275283,Primary ML
TRI_Tesla,set5_features_metadata_corr95,RF,5,16.948224400470142,Primary ML
TRI_Tesla,set5_features_metadata_corr95,RF,6,23.445623544273115,Primary ML
TRI_Tesla,set5_features_metadata_corr95,RF,7,29.003227591207327,Primary ML
TRI_Tesla,set5_features_metadata_corr95,RF,8,31.363732231234557,Primary ML
TRI_Tesla,set5_features_metadata_corr95,RF,9,18.3419221917592,Primary ML
TRI_Tesla,set5_features_metadata_corr95,RF,10,17.207427255791554,Primary ML
Formation,set1_dQn_m,CNN,1,14.002248340902232,Deep learning
Formation,set1_dQn_m,TabNet,1,11.56970955787872,Deep learning
Formation,set1_dQn_m,DeepVAE,1,12.912110145257152,Deep learning
Formation,set1_dQn_m,MLP,1,14.4746400008049,Deep learning
Formation,set1_dQn_m,CNN,2,20.30386963527852,Deep learning
Formation,set1_dQn_m,TabNet,2,23.952327105803157,Deep learning
Formation,set1_dQn_m,DeepVAE,2,13.917743457851884,Deep learning
Formation,set1_dQn_m,MLP,2,14.41599816640584,Deep learning
Formation,set1_dQn_m,CNN,3,12.897929421678969,Deep learning
Formation,set1_dQn_m,TabNet,3,14.972890727640936,Deep learning
Formation,set1_dQn_m,DeepVAE,3,10.208077147337049,Deep learning
Formation,set1_dQn_m,MLP,3,9.93326505600093,Deep learning
Formation,set1_dQn_m,CNN,4,12.048285652594132,Deep learning
Formation,set1_dQn_m,TabNet,4,20.667449474212443,Deep learning
Formation,set1_dQn_m,DeepVAE,4,10.216527672369493,Deep learning
Formation,set1_dQn_m,MLP,4,10.173906680348162,Deep learning
Formation,set1_dQn_m,CNN,5,17.59057620105382,Deep learning
Formation,set1_dQn_m,TabNet,5,20.71021049824429,Deep learning
Formation,set1_dQn_m,DeepVAE,5,10.531864144428138,Deep learning
Formation,set1_dQn_m,MLP,5,11.347863011447323,Deep learning
Formation,set1_dQn_m,CNN,6,15.884642971405016,Deep learning
Formation,set1_dQn_m,TabNet,6,16.84136689005024,Deep learning
Formation,set1_dQn_m,DeepVAE,6,9.089707731959988,Deep learning
Formation,set1_dQn_m,MLP,6,8.447524812776818,Deep learning
Formation,set1_dQn_m,CNN,7,17.44374287628472,Deep learning
Formation,set1_dQn_m,TabNet,7,15.578425688861902,Deep learning
Formation,set1_dQn_m,DeepVAE,7,13.098418153729114,Deep learning
Formation,set1_dQn_m,MLP,7,13.480689174074364,Deep learning
Formation,set1_dQn_m,CNN,8,18.55954276859617,Deep learning
Formation,set1_dQn_m,TabNet,8,18.447118911858908,Deep learning
Formation,set1_dQn_m,DeepVAE,8,11.10655371731401,Deep learning
Formation,set1_dQn_m,MLP,8,12.609144260727623,Deep learning
Formation,set1_dQn_m,CNN,9,17.385790006643546,Deep learning
Formation,set1_dQn_m,TabNet,9,21.154177923444685,Deep learning
Formation,set1_dQn_m,DeepVAE,9,9.34411009166332,Deep learning
Formation,set1_dQn_m,MLP,9,9.824882249103377,Deep learning
Formation,set1_dQn_m,CNN,10,15.7924348703831,Deep learning
Formation,set1_dQn_m,TabNet,10,19.81599179417385,Deep learning
Formation,set1_dQn_m,DeepVAE,10,14.826440410865258,Deep learning
Formation,set1_dQn_m,MLP,10,15.39641530342381,Deep learning
HUST,set1_dQn_m,CNN,1,11.933393812151316,Deep learning
HUST,set1_dQn_m,TabNet,1,13.253510699687943,Deep learning
HUST,set1_dQn_m,DeepVAE,1,7.623530786408364,Deep learning
HUST,set1_dQn_m,MLP,1,8.291882698974327,Deep learning
HUST,set1_dQn_m,CNN,2,15.331181634450695,Deep learning
HUST,set1_dQn_m,TabNet,2,21.68896090800266,Deep learning
HUST,set1_dQn_m,DeepVAE,2,12.885410429100434,Deep learning
HUST,set1_dQn_m,MLP,2,11.575666577370471,Deep learning
HUST,set1_dQn_m,CNN,3,26.463880812965407,Deep learning
HUST,set1_dQn_m,TabNet,3,14.938189003428011,Deep learning
HUST,set1_dQn_m,DeepVAE,3,11.915447200547716,Deep learning
HUST,set1_dQn_m,MLP,3,10.944442417014592,Deep learning
HUST,set1_dQn_m,CNN,4,12.892478108862973,Deep learning
HUST,set1_dQn_m,TabNet,4,13.38248468518774,Deep learning
HUST,set1_dQn_m,DeepVAE,4,8.429448829286732,Deep learning
HUST,set1_dQn_m,MLP,4,7.306843179456686,Deep learning
HUST,set1_dQn_m,CNN,5,13.647114797941551,Deep learning
HUST,set1_dQn_m,TabNet,5,16.59924855637434,Deep learning
HUST,set1_dQn_m,DeepVAE,5,10.35518303843924,Deep learning
HUST,set1_dQn_m,MLP,5,14.108622237538508,Deep learning
HUST,set1_dQn_m,CNN,6,25.84227036829621,Deep learning
HUST,set1_dQn_m,TabNet,6,11.650365763112926,Deep learning
HUST,set1_dQn_m,DeepVAE,6,10.33964271593502,Deep learning
HUST,set1_dQn_m,MLP,6,11.186493872058085,Deep learning
HUST,set1_dQn_m,CNN,7,30.06049461527614,Deep learning
HUST,set1_dQn_m,TabNet,7,23.14907869562309,Deep learning
HUST,set1_dQn_m,DeepVAE,7,15.780278597332943,Deep learning
HUST,set1_dQn_m,MLP,7,15.436982187861153,Deep learning
HUST,set1_dQn_m,CNN,8,13.967930909276996,Deep learning
HUST,set1_dQn_m,TabNet,8,18.81728735203443,Deep learning
HUST,set1_dQn_m,DeepVAE,8,12.56608107628888,Deep learning
HUST,set1_dQn_m,MLP,8,12.27479278782993,Deep learning
HUST,set1_dQn_m,CNN,9,11.481767106681644,Deep learning
HUST,set1_dQn_m,TabNet,9,12.82312661883704,Deep learning
HUST,set1_dQn_m,DeepVAE,9,8.199898066817115,Deep learning
HUST,set1_dQn_m,MLP,9,8.903507660835059,Deep learning
HUST,set1_dQn_m,CNN,10,21.52056173460681,Deep learning
HUST,set1_dQn_m,TabNet,10,21.34132224054809,Deep learning
HUST,set1_dQn_m,DeepVAE,10,18.34017720546597,Deep learning
HUST,set1_dQn_m,MLP,10,20.839681250091463,Deep learning
ISU_ILCC,set1_dQn_m,CNN,1,27.21046502184209,Deep learning
ISU_ILCC,set1_dQn_m,TabNet,1,26.83203440907765,Deep learning
ISU_ILCC,set1_dQn_m,DeepVAE,1,21.26998532103489,Deep learning
ISU_ILCC,set1_dQn_m,MLP,1,21.39680472303452,Deep learning
ISU_ILCC,set1_dQn_m,CNN,2,24.39365016170345,Deep learning
ISU_ILCC,set1_dQn_m,TabNet,2,29.870413920483635,Deep learning
ISU_ILCC,set1_dQn_m,DeepVAE,2,19.861136556591607,Deep learning
ISU_ILCC,set1_dQn_m,MLP,2,21.20519353867244,Deep learning
ISU_ILCC,set1_dQn_m,CNN,3,33.755193250216145,Deep learning
ISU_ILCC,set1_dQn_m,TabNet,3,33.566519013435176,Deep learning
ISU_ILCC,set1_dQn_m,DeepVAE,3,23.487603232052432,Deep learning
ISU_ILCC,set1_dQn_m,MLP,3,24.70346440234873,Deep learning
ISU_ILCC,set1_dQn_m,CNN,4,34.17394512074122,Deep learning
ISU_ILCC,set1_dQn_m,TabNet,4,29.196031998282,Deep learning
ISU_ILCC,set1_dQn_m,DeepVAE,4,27.91338018517048,Deep learning
ISU_ILCC,set1_dQn_m,MLP,4,30.31695060578806,Deep learning
ISU_ILCC,set1_dQn_m,CNN,5,33.36215432614309,Deep learning
ISU_ILCC,set1_dQn_m,TabNet,5,41.292366639505865,Deep learning
ISU_ILCC,set1_dQn_m,DeepVAE,5,20.551335644064107,Deep learning
ISU_ILCC,set1_dQn_m,MLP,5,19.93050512556579,Deep learning
ISU_ILCC,set1_dQn_m,CNN,6,26.85573179045205,Deep learning
ISU_ILCC,set1_dQn_m,TabNet,6,36.68643944098225,Deep learning
ISU_ILCC,set1_dQn_m,DeepVAE,6,22.79823735905372,Deep learning
ISU_ILCC,set1_dQn_m,MLP,6,21.62401513729019,Deep learning
ISU_ILCC,set1_dQn_m,CNN,7,36.84411676265469,Deep learning
ISU_ILCC,set1_dQn_m,TabNet,7,35.10862480912209,Deep learning
ISU_ILCC,set1_dQn_m,DeepVAE,7,25.991668890446316,Deep learning
ISU_ILCC,set1_dQn_m,MLP,7,26.85653345383799,Deep learning
ISU_ILCC,set1_dQn_m,CNN,8,40.70599868131485,Deep learning
ISU_ILCC,set1_dQn_m,TabNet,8,59.75433996796291,Deep learning
ISU_ILCC,set1_dQn_m,DeepVAE,8,21.79247206686178,Deep learning
ISU_ILCC,set1_dQn_m,MLP,8,24.16650548492259,Deep learning
ISU_ILCC,set1_dQn_m,CNN,9,28.38238804047763,Deep learning
ISU_ILCC,set1_dQn_m,TabNet,9,56.6868002372586,Deep learning
ISU_ILCC,set1_dQn_m,DeepVAE,9,21.565112906466275,Deep learning
ISU_ILCC,set1_dQn_m,MLP,9,22.256104457900857,Deep learning
ISU_ILCC,set1_dQn_m,CNN,10,33.97767898383353,Deep learning
ISU_ILCC,set1_dQn_m,TabNet,10,38.903689941812544,Deep learning
ISU_ILCC,set1_dQn_m,DeepVAE,10,21.460224366433103,Deep learning
ISU_ILCC,set1_dQn_m,MLP,10,23.912754319292358,Deep learning
KIT,set1_dQn_m,CNN,1,32.17928224043378,Deep learning
KIT,set1_dQn_m,TabNet,1,37.51277417562969,Deep learning
KIT,set1_dQn_m,DeepVAE,1,22.6959067389432,Deep learning
KIT,set1_dQn_m,MLP,1,19.426116569564027,Deep learning
KIT,set1_dQn_m,CNN,2,33.254647337751486,Deep learning
KIT,set1_dQn_m,TabNet,2,32.247224996142926,Deep learning
KIT,set1_dQn_m,DeepVAE,2,25.31367942585755,Deep learning
KIT,set1_dQn_m,MLP,2,29.37198183911414,Deep learning
KIT,set1_dQn_m,CNN,3,17.30119010032867,Deep learning
KIT,set1_dQn_m,TabNet,3,31.13064984197196,Deep learning
KIT,set1_dQn_m,DeepVAE,3,11.498722207257634,Deep learning
KIT,set1_dQn_m,MLP,3,14.659383804066554,Deep learning
KIT,set1_dQn_m,CNN,4,21.753884634524184,Deep learning
KIT,set1_dQn_m,TabNet,4,27.83820334313382,Deep learning
KIT,set1_dQn_m,DeepVAE,4,14.924904666668514,Deep learning
KIT,set1_dQn_m,MLP,4,13.76692927057782,Deep learning
KIT,set1_dQn_m,CNN,5,32.006730821501286,Deep learning
KIT,set1_dQn_m,TabNet,5,53.95866882878868,Deep learning
KIT,set1_dQn_m,DeepVAE,5,24.377225491413,Deep learning
KIT,set1_dQn_m,MLP,5,30.59418252896977,Deep learning
KIT,set1_dQn_m,CNN,6,35.103183600180834,Deep learning
KIT,set1_dQn_m,TabNet,6,27.71762584535472,Deep learning
KIT,set1_dQn_m,DeepVAE,6,38.51761787078073,Deep learning
KIT,set1_dQn_m,MLP,6,32.42854971916999,Deep learning
KIT,set1_dQn_m,CNN,7,29.223005424114728,Deep learning
KIT,set1_dQn_m,TabNet,7,34.40406017787574,Deep learning
KIT,set1_dQn_m,DeepVAE,7,31.763863773046097,Deep learning
KIT,set1_dQn_m,MLP,7,26.47432784663909,Deep learning
KIT,set1_dQn_m,CNN,8,49.033115998215166,Deep learning
KIT,set1_dQn_m,TabNet,8,46.653988028823896,Deep learning
KIT,set1_dQn_m,DeepVAE,8,20.120124475422735,Deep learning
KIT,set1_dQn_m,MLP,8,19.36822098391714,Deep learning
KIT,set1_dQn_m,CNN,9,23.58798549759824,Deep learning
KIT,set1_dQn_m,TabNet,9,26.42382958233235,Deep learning
KIT,set1_dQn_m,DeepVAE,9,14.479084073562989,Deep learning
KIT,set1_dQn_m,MLP,9,15.163154920193373,Deep learning
KIT,set1_dQn_m,CNN,10,38.33720811662376,Deep learning
KIT,set1_dQn_m,TabNet,10,48.364064940564575,Deep learning
KIT,set1_dQn_m,DeepVAE,10,44.01118801717448,Deep learning
KIT,set1_dQn_m,MLP,10,37.52898403339714,Deep learning
LSD_Primary,set1_dQn_m,CNN,1,28.123950925678358,Deep learning
LSD_Primary,set1_dQn_m,TabNet,1,299.91629365850866,Deep learning
LSD_Primary,set1_dQn_m,DeepVAE,1,29.294214488897463,Deep learning
LSD_Primary,set1_dQn_m,MLP,1,24.81988297748713,Deep learning
LSD_Primary,set1_dQn_m,CNN,2,28.310057743298223,Deep learning
LSD_Primary,set1_dQn_m,TabNet,2,41.6385204556038,Deep learning
LSD_Primary,set1_dQn_m,DeepVAE,2,27.06993972550585,Deep learning
LSD_Primary,set1_dQn_m,MLP,2,26.78752523804924,Deep learning
LSD_Primary,set1_dQn_m,CNN,3,22.946452535551,Deep learning
LSD_Primary,set1_dQn_m,TabNet,3,33.93293483550432,Deep learning
LSD_Primary,set1_dQn_m,DeepVAE,3,21.86186559401714,Deep learning
LSD_Primary,set1_dQn_m,MLP,3,26.062154459487,Deep learning
LSD_Primary,set1_dQn_m,CNN,4,33.404977571703256,Deep learning
LSD_Primary,set1_dQn_m,TabNet,4,87.92454178812807,Deep learning
LSD_Primary,set1_dQn_m,DeepVAE,4,16.438241319498914,Deep learning
LSD_Primary,set1_dQn_m,MLP,4,14.1350629834691,Deep learning
LSD_Primary,set1_dQn_m,CNN,5,28.44873092390712,Deep learning
LSD_Primary,set1_dQn_m,TabNet,5,163.56011664584742,Deep learning
LSD_Primary,set1_dQn_m,DeepVAE,5,30.634191355645275,Deep learning
LSD_Primary,set1_dQn_m,MLP,5,25.09140446494669,Deep learning
LSD_Primary,set1_dQn_m,CNN,6,21.13679150117561,Deep learning
LSD_Primary,set1_dQn_m,TabNet,6,32.68748611307396,Deep learning
LSD_Primary,set1_dQn_m,DeepVAE,6,24.25262882816121,Deep learning
LSD_Primary,set1_dQn_m,MLP,6,23.140176715860267,Deep learning
LSD_Primary,set1_dQn_m,CNN,7,30.52010104819597,Deep learning
LSD_Primary,set1_dQn_m,TabNet,7,159.6498151689823,Deep learning
LSD_Primary,set1_dQn_m,DeepVAE,7,18.53747198111089,Deep learning
LSD_Primary,set1_dQn_m,MLP,7,22.210614071746896,Deep learning
LSD_Primary,set1_dQn_m,CNN,8,24.58887702615781,Deep learning
LSD_Primary,set1_dQn_m,TabNet,8,642.9563715274642,Deep learning
LSD_Primary,set1_dQn_m,DeepVAE,8,23.863770277011277,Deep learning
LSD_Primary,set1_dQn_m,MLP,8,23.580603589869416,Deep learning
LSD_Primary,set1_dQn_m,CNN,9,30.43079582415987,Deep learning
LSD_Primary,set1_dQn_m,TabNet,9,36.585018802220176,Deep learning
LSD_Primary,set1_dQn_m,DeepVAE,9,17.01014104708539,Deep learning
LSD_Primary,set1_dQn_m,MLP,9,17.917170210824114,Deep learning
LSD_Primary,set1_dQn_m,CNN,10,101.78074574026684,Deep learning
LSD_Primary,set1_dQn_m,TabNet,10,57.3814267133651,Deep learning
LSD_Primary,set1_dQn_m,DeepVAE,10,16.48493483578534,Deep learning
LSD_Primary,set1_dQn_m,MLP,10,17.499096153576417,Deep learning
LSD_Second,set1_dQn_m,CNN,1,18.76786037782335,Deep learning
LSD_Second,set1_dQn_m,TabNet,1,29.82608545862985,Deep learning
LSD_Second,set1_dQn_m,DeepVAE,1,14.315369601065097,Deep learning
LSD_Second,set1_dQn_m,MLP,1,13.56238544096884,Deep learning
LSD_Second,set1_dQn_m,CNN,2,45.76250007202039,Deep learning
LSD_Second,set1_dQn_m,TabNet,2,38.3990967150417,Deep learning
LSD_Second,set1_dQn_m,DeepVAE,2,13.43074619071266,Deep learning
LSD_Second,set1_dQn_m,MLP,2,10.84072303489753,Deep learning
LSD_Second,set1_dQn_m,CNN,3,35.766649166418766,Deep learning
LSD_Second,set1_dQn_m,TabNet,3,28.047568202933387,Deep learning
LSD_Second,set1_dQn_m,DeepVAE,3,14.824288336089245,Deep learning
LSD_Second,set1_dQn_m,MLP,3,14.388124575491082,Deep learning
LSD_Second,set1_dQn_m,CNN,4,30.825545025180677,Deep learning
LSD_Second,set1_dQn_m,TabNet,4,26.548871751971557,Deep learning
LSD_Second,set1_dQn_m,DeepVAE,4,19.14416012102324,Deep learning
LSD_Second,set1_dQn_m,MLP,4,21.332827830081133,Deep learning
LSD_Second,set1_dQn_m,CNN,5,28.639235879774816,Deep learning
LSD_Second,set1_dQn_m,TabNet,5,32.73465890095395,Deep learning
LSD_Second,set1_dQn_m,DeepVAE,5,21.69243127562333,Deep learning
LSD_Second,set1_dQn_m,MLP,5,20.53751439492842,Deep learning
LSD_Second,set1_dQn_m,CNN,6,24.934243315020865,Deep learning
LSD_Second,set1_dQn_m,TabNet,6,33.22295061600107,Deep learning
LSD_Second,set1_dQn_m,DeepVAE,6,14.241547910863558,Deep learning
LSD_Second,set1_dQn_m,MLP,6,13.35266388898296,Deep learning
LSD_Second,set1_dQn_m,CNN,7,30.077363972483383,Deep learning
LSD_Second,set1_dQn_m,TabNet,7,39.199662307538766,Deep learning
LSD_Second,set1_dQn_m,DeepVAE,7,30.34954538451603,Deep learning
LSD_Second,set1_dQn_m,MLP,7,31.65765054676461,Deep learning
LSD_Second,set1_dQn_m,CNN,8,28.90328982890064,Deep learning
LSD_Second,set1_dQn_m,TabNet,8,34.51817396887525,Deep learning
LSD_Second,set1_dQn_m,DeepVAE,8,17.85822659304533,Deep learning
LSD_Second,set1_dQn_m,MLP,8,21.48633089224744,Deep learning
LSD_Second,set1_dQn_m,CNN,9,49.07128628250656,Deep learning
LSD_Second,set1_dQn_m,TabNet,9,32.54190365389492,Deep learning
LSD_Second,set1_dQn_m,DeepVAE,9,16.456292927033424,Deep learning
LSD_Second,set1_dQn_m,MLP,9,16.67612792733481,Deep learning
LSD_Second,set1_dQn_m,CNN,10,29.75159250486251,Deep learning
LSD_Second,set1_dQn_m,TabNet,10,29.785268599676044,Deep learning
LSD_Second,set1_dQn_m,DeepVAE,10,27.844180785627493,Deep learning
LSD_Second,set1_dQn_m,MLP,10,26.74340395353747,Deep learning
MIT,set1_dQn_m,CNN,1,16.722348516282622,Deep learning
MIT,set1_dQn_m,TabNet,1,23.244850404243948,Deep learning
MIT,set1_dQn_m,DeepVAE,1,20.88390367637657,Deep learning
MIT,set1_dQn_m,MLP,1,18.55166164012726,Deep learning
MIT,set1_dQn_m,CNN,2,17.872739074786118,Deep learning
MIT,set1_dQn_m,TabNet,2,22.319222265045937,Deep learning
MIT,set1_dQn_m,DeepVAE,2,8.781140738838893,Deep learning
MIT,set1_dQn_m,MLP,2,8.368855491025162,Deep learning
MIT,set1_dQn_m,CNN,3,18.859856841484152,Deep learning
MIT,set1_dQn_m,TabNet,3,33.45949422786992,Deep learning
MIT,set1_dQn_m,DeepVAE,3,13.046827881282738,Deep learning
MIT,set1_dQn_m,MLP,3,13.258295301318832,Deep learning
MIT,set1_dQn_m,CNN,4,16.728535741465357,Deep learning
MIT,set1_dQn_m,TabNet,4,22.86318097536472,Deep learning
MIT,set1_dQn_m,DeepVAE,4,12.075973027791475,Deep learning
MIT,set1_dQn_m,MLP,4,13.472642297198664,Deep learning
MIT,set1_dQn_m,CNN,5,14.3563687007996,Deep learning
MIT,set1_dQn_m,TabNet,5,26.601804935352604,Deep learning
MIT,set1_dQn_m,DeepVAE,5,9.489099881997868,Deep learning
MIT,set1_dQn_m,MLP,5,10.500717821241038,Deep learning
MIT,set1_dQn_m,CNN,6,22.03154978473899,Deep learning
MIT,set1_dQn_m,TabNet,6,22.728086039388337,Deep learning
MIT,set1_dQn_m,DeepVAE,6,14.272402652326392,Deep learning
MIT,set1_dQn_m,MLP,6,13.38918898384003,Deep learning
MIT,set1_dQn_m,CNN,7,16.848948067505447,Deep learning
MIT,set1_dQn_m,TabNet,7,21.32282007434053,Deep learning
MIT,set1_dQn_m,DeepVAE,7,9.08024273127219,Deep learning
MIT,set1_dQn_m,MLP,7,9.953864193661342,Deep learning
MIT,set1_dQn_m,CNN,8,15.966641799411626,Deep learning
MIT,set1_dQn_m,TabNet,8,42.66130213096934,Deep learning
MIT,set1_dQn_m,DeepVAE,8,9.309134544933864,Deep learning
MIT,set1_dQn_m,MLP,8,9.36432842062091,Deep learning
MIT,set1_dQn_m,CNN,9,13.13750606163879,Deep learning
MIT,set1_dQn_m,TabNet,9,16.8089901405166,Deep learning
MIT,set1_dQn_m,DeepVAE,9,13.492949542144991,Deep learning
MIT,set1_dQn_m,MLP,9,11.564704053164329,Deep learning
MIT,set1_dQn_m,CNN,10,12.031707703292954,Deep learning
MIT,set1_dQn_m,TabNet,10,42.10479280399797,Deep learning
MIT,set1_dQn_m,DeepVAE,10,9.920149036970376,Deep learning
MIT,set1_dQn_m,MLP,10,7.525992774268649,Deep learning
TRI_Tesla,set1_dQn_m,CNN,1,28.217967141984182,Deep learning
TRI_Tesla,set1_dQn_m,TabNet,1,49.51709661524069,Deep learning
TRI_Tesla,set1_dQn_m,DeepVAE,1,22.98384033308105,Deep learning
TRI_Tesla,set1_dQn_m,MLP,1,24.918706235791607,Deep learning
TRI_Tesla,set1_dQn_m,CNN,2,18.94526604081463,Deep learning
TRI_Tesla,set1_dQn_m,TabNet,2,38.87938961757793,Deep learning
TRI_Tesla,set1_dQn_m,DeepVAE,2,14.892573857185006,Deep learning
TRI_Tesla,set1_dQn_m,MLP,2,14.814982419611372,Deep learning
TRI_Tesla,set1_dQn_m,CNN,3,26.87589691052177,Deep learning
TRI_Tesla,set1_dQn_m,TabNet,3,47.34929382850016,Deep learning
TRI_Tesla,set1_dQn_m,DeepVAE,3,24.362041119571703,Deep learning
TRI_Tesla,set1_dQn_m,MLP,3,24.81603799427632,Deep learning
TRI_Tesla,set1_dQn_m,CNN,4,38.98009944527103,Deep learning
TRI_Tesla,set1_dQn_m,TabNet,4,130.1918033450498,Deep learning
TRI_Tesla,set1_dQn_m,DeepVAE,4,31.04631225735856,Deep learning
TRI_Tesla,set1_dQn_m,MLP,4,32.05428896830163,Deep learning
TRI_Tesla,set1_dQn_m,CNN,5,18.65621076437657,Deep learning
TRI_Tesla,set1_dQn_m,TabNet,5,46.47269895895626,Deep learning
TRI_Tesla,set1_dQn_m,DeepVAE,5,15.070315024922218,Deep learning
TRI_Tesla,set1_dQn_m,MLP,5,15.13037868862643,Deep learning
TRI_Tesla,set1_dQn_m,CNN,6,23.793503473723256,Deep learning
TRI_Tesla,set1_dQn_m,TabNet,6,55.64826293578924,Deep learning
TRI_Tesla,set1_dQn_m,DeepVAE,6,22.10508967122573,Deep learning
TRI_Tesla,set1_dQn_m,MLP,6,22.451984387475257,Deep learning
TRI_Tesla,set1_dQn_m,CNN,7,32.4137237913737,Deep learning
TRI_Tesla,set1_dQn_m,TabNet,7,51.12308688095628,Deep learning
TRI_Tesla,set1_dQn_m,DeepVAE,7,26.142614788426048,Deep learning
TRI_Tesla,set1_dQn_m,MLP,7,25.306363104029177,Deep learning
TRI_Tesla,set1_dQn_m,CNN,8,27.276847843244777,Deep learning
TRI_Tesla,set1_dQn_m,TabNet,8,57.692016030603234,Deep learning
TRI_Tesla,set1_dQn_m,DeepVAE,8,22.412974693880248,Deep learning
TRI_Tesla,set1_dQn_m,MLP,8,22.975340666317795,Deep learning
TRI_Tesla,set1_dQn_m,CNN,9,17.464277210214885,Deep learning
TRI_Tesla,set1_dQn_m,TabNet,9,142.2557621126914,Deep learning
TRI_Tesla,set1_dQn_m,DeepVAE,9,17.80835856631551,Deep learning
TRI_Tesla,set1_dQn_m,MLP,9,17.766465931967065,Deep learning
TRI_Tesla,set1_dQn_m,CNN,10,20.605417658563105,Deep learning
TRI_Tesla,set1_dQn_m,TabNet,10,21.59861179217848,Deep learning
TRI_Tesla,set1_dQn_m,DeepVAE,10,22.330045267516297,Deep learning
TRI_Tesla,set1_dQn_m,MLP,10,21.496029804308275,Deep learning
Formation,set2_early_soh,CNN,1,17.811585812135583,Deep learning
Formation,set2_early_soh,TabNet,1,20.066345954711416,Deep learning
Formation,set2_early_soh,DeepVAE,1,17.313052543356353,Deep learning
Formation,set2_early_soh,MLP,1,16.374377696876543,Deep learning
Formation,set2_early_soh,CNN,2,24.24597999232021,Deep learning
Formation,set2_early_soh,TabNet,2,23.05753290507332,Deep learning
Formation,set2_early_soh,DeepVAE,2,24.863098662120297,Deep learning
Formation,set2_early_soh,MLP,2,23.11333990689056,Deep learning
Formation,set2_early_soh,CNN,3,14.263932264705822,Deep learning
Formation,set2_early_soh,TabNet,3,16.83213202980659,Deep learning
Formation,set2_early_soh,DeepVAE,3,15.81900206616566,Deep learning
Formation,set2_early_soh,MLP,3,15.87347120087759,Deep learning
Formation,set2_early_soh,CNN,4,14.34637303102603,Deep learning
Formation,set2_early_soh,TabNet,4,20.752437794358418,Deep learning
Formation,set2_early_soh,DeepVAE,4,14.748680127156865,Deep learning
Formation,set2_early_soh,MLP,4,12.873165844347456,Deep learning
Formation,set2_early_soh,CNN,5,14.865177325677404,Deep learning
Formation,set2_early_soh,TabNet,5,18.04903972147602,Deep learning
Formation,set2_early_soh,DeepVAE,5,15.341541069989638,Deep learning
Formation,set2_early_soh,MLP,5,13.798890161178251,Deep learning
Formation,set2_early_soh,CNN,6,15.444789430443787,Deep learning
Formation,set2_early_soh,TabNet,6,19.72411187207599,Deep learning
Formation,set2_early_soh,DeepVAE,6,12.663470210996408,Deep learning
Formation,set2_early_soh,MLP,6,13.619998632943176,Deep learning
Formation,set2_early_soh,CNN,7,15.176921902195378,Deep learning
Formation,set2_early_soh,TabNet,7,18.02275755051408,Deep learning
Formation,set2_early_soh,DeepVAE,7,15.891136116278435,Deep learning
Formation,set2_early_soh,MLP,7,18.23177663391214,Deep learning
Formation,set2_early_soh,CNN,8,17.816965780979878,Deep learning
Formation,set2_early_soh,TabNet,8,18.94355609355022,Deep learning
Formation,set2_early_soh,DeepVAE,8,16.597751707164065,Deep learning
Formation,set2_early_soh,MLP,8,15.28515974969507,Deep learning
Formation,set2_early_soh,CNN,9,16.500144392121342,Deep learning
Formation,set2_early_soh,TabNet,9,22.60575921176481,Deep learning
Formation,set2_early_soh,DeepVAE,9,18.2840359191104,Deep learning
Formation,set2_early_soh,MLP,9,17.200718374482406,Deep learning
Formation,set2_early_soh,CNN,10,18.297940723467097,Deep learning
Formation,set2_early_soh,TabNet,10,18.68191499805534,Deep learning
Formation,set2_early_soh,DeepVAE,10,17.31536713528976,Deep learning
Formation,set2_early_soh,MLP,10,16.486391062145977,Deep learning
HUST,set2_early_soh,CNN,1,11.12088801768485,Deep learning
HUST,set2_early_soh,TabNet,1,14.936884440047574,Deep learning
HUST,set2_early_soh,DeepVAE,1,12.329141519567898,Deep learning
HUST,set2_early_soh,MLP,1,14.498046057431152,Deep learning
HUST,set2_early_soh,CNN,2,21.90370790221744,Deep learning
HUST,set2_early_soh,TabNet,2,21.84519815079905,Deep learning
HUST,set2_early_soh,DeepVAE,2,21.121738786665585,Deep learning
HUST,set2_early_soh,MLP,2,20.720414642870463,Deep learning
HUST,set2_early_soh,CNN,3,25.594732613698252,Deep learning
HUST,set2_early_soh,TabNet,3,16.890851342058568,Deep learning
HUST,set2_early_soh,DeepVAE,3,25.488764263264752,Deep learning
HUST,set2_early_soh,MLP,3,24.854983241115995,Deep learning
HUST,set2_early_soh,CNN,4,10.695059054789873,Deep learning
HUST,set2_early_soh,TabNet,4,13.254830921681489,Deep learning
HUST,set2_early_soh,DeepVAE,4,13.114740628928,Deep learning
HUST,set2_early_soh,MLP,4,14.946917213659146,Deep learning
HUST,set2_early_soh,CNN,5,19.14040573320804,Deep learning
HUST,set2_early_soh,TabNet,5,21.52747008519916,Deep learning
HUST,set2_early_soh,DeepVAE,5,20.972676743378823,Deep learning
HUST,set2_early_soh,MLP,5,20.120138638043287,Deep learning
HUST,set2_early_soh,CNN,6,26.942493195180838,Deep learning
HUST,set2_early_soh,TabNet,6,17.684843079530506,Deep learning
HUST,set2_early_soh,DeepVAE,6,22.09537133125704,Deep learning
HUST,set2_early_soh,MLP,6,28.57373363093264,Deep learning
HUST,set2_early_soh,CNN,7,35.32739863924399,Deep learning
HUST,set2_early_soh,TabNet,7,28.927557606925063,Deep learning
HUST,set2_early_soh,DeepVAE,7,29.221861930529773,Deep learning
HUST,set2_early_soh,MLP,7,41.404528497139935,Deep learning
HUST,set2_early_soh,CNN,8,30.812500048960057,Deep learning
HUST,set2_early_soh,TabNet,8,19.911806614046608,Deep learning
HUST,set2_early_soh,DeepVAE,8,29.07487770580644,Deep learning
HUST,set2_early_soh,MLP,8,31.616748247256982,Deep learning
HUST,set2_early_soh,CNN,9,15.281471056562165,Deep learning
HUST,set2_early_soh,TabNet,9,15.700301808883356,Deep learning
HUST,set2_early_soh,DeepVAE,9,15.608222332690795,Deep learning
HUST,set2_early_soh,MLP,9,14.942495151520353,Deep learning
HUST,set2_early_soh,CNN,10,23.70319829785254,Deep learning
HUST,set2_early_soh,TabNet,10,24.921179334645306,Deep learning
HUST,set2_early_soh,DeepVAE,10,27.346618559642742,Deep learning
HUST,set2_early_soh,MLP,10,26.1252944355942,Deep learning
ISU_ILCC,set2_early_soh,CNN,1,34.51397032441625,Deep learning
ISU_ILCC,set2_early_soh,TabNet,1,31.22110157463571,Deep learning
ISU_ILCC,set2_early_soh,DeepVAE,1,33.389569406622385,Deep learning
ISU_ILCC,set2_early_soh,MLP,1,31.608529579186893,Deep learning
ISU_ILCC,set2_early_soh,CNN,2,25.55900331892442,Deep learning
ISU_ILCC,set2_early_soh,TabNet,2,32.77775551260299,Deep learning
ISU_ILCC,set2_early_soh,DeepVAE,2,27.72467100179811,Deep learning
ISU_ILCC,set2_early_soh,MLP,2,25.098644892155512,Deep learning
ISU_ILCC,set2_early_soh,CNN,3,39.968158490164015,Deep learning
ISU_ILCC,set2_early_soh,TabNet,3,31.759583900377425,Deep learning
ISU_ILCC,set2_early_soh,DeepVAE,3,40.09125033160827,Deep learning
ISU_ILCC,set2_early_soh,MLP,3,39.63158113811349,Deep learning
ISU_ILCC,set2_early_soh,CNN,4,33.939173743462135,Deep learning
ISU_ILCC,set2_early_soh,TabNet,4,28.00763339572518,Deep learning
ISU_ILCC,set2_early_soh,DeepVAE,4,26.3903148989955,Deep learning
ISU_ILCC,set2_early_soh,MLP,4,30.85832388255335,Deep learning
ISU_ILCC,set2_early_soh,CNN,5,46.64964806315179,Deep learning
ISU_ILCC,set2_early_soh,TabNet,5,40.10857978060815,Deep learning
ISU_ILCC,set2_early_soh,DeepVAE,5,39.39022804273182,Deep learning
ISU_ILCC,set2_early_soh,MLP,5,37.6881580295413,Deep learning
ISU_ILCC,set2_early_soh,CNN,6,34.51675522627687,Deep learning
ISU_ILCC,set2_early_soh,TabNet,6,35.843211526311755,Deep learning
ISU_ILCC,set2_early_soh,DeepVAE,6,32.45720198211347,Deep learning
ISU_ILCC,set2_early_soh,MLP,6,34.073457155091575,Deep learning
ISU_ILCC,set2_early_soh,CNN,7,36.29074949388762,Deep learning
ISU_ILCC,set2_early_soh,TabNet,7,34.46474661130821,Deep learning
ISU_ILCC,set2_early_soh,DeepVAE,7,30.81087450572681,Deep learning
ISU_ILCC,set2_early_soh,MLP,7,32.95108875570568,Deep learning
ISU_ILCC,set2_early_soh,CNN,8,32.47781442854472,Deep learning
ISU_ILCC,set2_early_soh,TabNet,8,75.54046176492676,Deep learning
ISU_ILCC,set2_early_soh,DeepVAE,8,32.96069694480815,Deep learning
ISU_ILCC,set2_early_soh,MLP,8,33.78719295335395,Deep learning
ISU_ILCC,set2_early_soh,CNN,9,35.18291381127534,Deep learning
ISU_ILCC,set2_early_soh,TabNet,9,34.255835695355735,Deep learning
ISU_ILCC,set2_early_soh,DeepVAE,9,41.638503937482646,Deep learning
ISU_ILCC,set2_early_soh,MLP,9,45.78494560820038,Deep learning
ISU_ILCC,set2_early_soh,CNN,10,32.68675990468543,Deep learning
ISU_ILCC,set2_early_soh,TabNet,10,36.56338842695435,Deep learning
ISU_ILCC,set2_early_soh,DeepVAE,10,30.982304996897675,Deep learning
ISU_ILCC,set2_early_soh,MLP,10,38.82597466875317,Deep learning
KIT,set2_early_soh,CNN,1,29.407220311341987,Deep learning
KIT,set2_early_soh,TabNet,1,38.4903274500896,Deep learning
KIT,set2_early_soh,DeepVAE,1,26.873929173509246,Deep learning
KIT,set2_early_soh,MLP,1,21.596799732688368,Deep learning
KIT,set2_early_soh,CNN,2,25.32352096568235,Deep learning
KIT,set2_early_soh,TabNet,2,32.26053503188804,Deep learning
KIT,set2_early_soh,DeepVAE,2,23.78196344597273,Deep learning
KIT,set2_early_soh,MLP,2,25.054881767102007,Deep learning
KIT,set2_early_soh,CNN,3,37.99669214294995,Deep learning
KIT,set2_early_soh,TabNet,3,30.684519078388472,Deep learning
KIT,set2_early_soh,DeepVAE,3,10.463257551166963,Deep learning
KIT,set2_early_soh,MLP,3,20.576511514069377,Deep learning
KIT,set2_early_soh,CNN,4,21.863183205939173,Deep learning
KIT,set2_early_soh,TabNet,4,31.273605583826104,Deep learning
KIT,set2_early_soh,DeepVAE,4,15.911900318149108,Deep learning
KIT,set2_early_soh,MLP,4,28.59246208112621,Deep learning
KIT,set2_early_soh,CNN,5,32.38919158166545,Deep learning
KIT,set2_early_soh,TabNet,5,41.90775756718647,Deep learning
KIT,set2_early_soh,DeepVAE,5,26.405118483179265,Deep learning
KIT,set2_early_soh,MLP,5,29.232162389886625,Deep learning
KIT,set2_early_soh,CNN,6,41.14091269880703,Deep learning
KIT,set2_early_soh,TabNet,6,31.996320975422957,Deep learning
KIT,set2_early_soh,DeepVAE,6,38.5306041653684,Deep learning
KIT,set2_early_soh,MLP,6,39.04623599605736,Deep learning
KIT,set2_early_soh,CNN,7,30.082156612876062,Deep learning
KIT,set2_early_soh,TabNet,7,27.906913299907423,Deep learning
KIT,set2_early_soh,DeepVAE,7,24.343164656409776,Deep learning
KIT,set2_early_soh,MLP,7,22.24529030559447,Deep learning
KIT,set2_early_soh,CNN,8,29.54940711586889,Deep learning
KIT,set2_early_soh,TabNet,8,54.232156041148095,Deep learning
KIT,set2_early_soh,DeepVAE,8,26.516690293743363,Deep learning
KIT,set2_early_soh,MLP,8,24.11211440435153,Deep learning
KIT,set2_early_soh,CNN,9,23.268322896294627,Deep learning
KIT,set2_early_soh,TabNet,9,36.93198205970079,Deep learning
KIT,set2_early_soh,DeepVAE,9,22.53077117263085,Deep learning
KIT,set2_early_soh,MLP,9,30.24122756585032,Deep learning
KIT,set2_early_soh,CNN,10,83.76659279845397,Deep learning
KIT,set2_early_soh,TabNet,10,34.721825780273285,Deep learning
KIT,set2_early_soh,DeepVAE,10,101.77614659363684,Deep learning
KIT,set2_early_soh,MLP,10,113.3828812369759,Deep learning
LSD_Primary,set2_early_soh,CNN,1,36.29444493489722,Deep learning
LSD_Primary,set2_early_soh,TabNet,1,42.576129125514015,Deep learning
LSD_Primary,set2_early_soh,DeepVAE,1,42.17285251906917,Deep learning
LSD_Primary,set2_early_soh,MLP,1,40.7310157351083,Deep learning
LSD_Primary,set2_early_soh,CNN,2,34.597104361266084,Deep learning
LSD_Primary,set2_early_soh,TabNet,2,43.81476183329317,Deep learning
LSD_Primary,set2_early_soh,DeepVAE,2,38.08206129471719,Deep learning
LSD_Primary,set2_early_soh,MLP,2,48.31197349615002,Deep learning
LSD_Primary,set2_early_soh,CNN,3,66.05192028392415,Deep learning
LSD_Primary,set2_early_soh,TabNet,3,27.62859058550212,Deep learning
LSD_Primary,set2_early_soh,DeepVAE,3,66.97168655810363,Deep learning
LSD_Primary,set2_early_soh,MLP,3,65.9889803092803,Deep learning
LSD_Primary,set2_early_soh,CNN,4,50.60106326236016,Deep learning
LSD_Primary,set2_early_soh,TabNet,4,100.40615217979048,Deep learning
LSD_Primary,set2_early_soh,DeepVAE,4,38.80295326804511,Deep learning
LSD_Primary,set2_early_soh,MLP,4,37.73355808593143,Deep learning
LSD_Primary,set2_early_soh,CNN,5,35.61259760300544,Deep learning
LSD_Primary,set2_early_soh,TabNet,5,73.02175445841237,Deep learning
LSD_Primary,set2_early_soh,DeepVAE,5,44.26188551867526,Deep learning
LSD_Primary,set2_early_soh,MLP,5,54.55128111979312,Deep learning
LSD_Primary,set2_early_soh,CNN,6,42.30675595920081,Deep learning
LSD_Primary,set2_early_soh,TabNet,6,65.27325813512626,Deep learning
LSD_Primary,set2_early_soh,DeepVAE,6,42.12779448895239,Deep learning
LSD_Primary,set2_early_soh,MLP,6,55.37796401945057,Deep learning
LSD_Primary,set2_early_soh,CNN,7,33.96527456794292,Deep learning
LSD_Primary,set2_early_soh,TabNet,7,425.710227852629,Deep learning
LSD_Primary,set2_early_soh,DeepVAE,7,34.74940180242445,Deep learning
LSD_Primary,set2_early_soh,MLP,7,35.21164538117807,Deep learning
LSD_Primary,set2_early_soh,CNN,8,61.92012618248791,Deep learning
LSD_Primary,set2_early_soh,TabNet,8,222.33969915913988,Deep learning
LSD_Primary,set2_early_soh,DeepVAE,8,49.277787912253615,Deep learning
LSD_Primary,set2_early_soh,MLP,8,47.313358157357065,Deep learning
LSD_Primary,set2_early_soh,CNN,9,60.6377773757415,Deep learning
LSD_Primary,set2_early_soh,TabNet,9,35.888907175525965,Deep learning
LSD_Primary,set2_early_soh,DeepVAE,9,52.23971073870284,Deep learning
LSD_Primary,set2_early_soh,MLP,9,60.47016703662999,Deep learning
LSD_Primary,set2_early_soh,CNN,10,30.244272382040403,Deep learning
LSD_Primary,set2_early_soh,TabNet,10,158.39607664991428,Deep learning
LSD_Primary,set2_early_soh,DeepVAE,10,34.01780453898467,Deep learning
LSD_Primary,set2_early_soh,MLP,10,41.54600465211589,Deep learning
LSD_Second,set2_early_soh,CNN,1,24.147167619001607,Deep learning
LSD_Second,set2_early_soh,TabNet,1,13.765299280551138,Deep learning
LSD_Second,set2_early_soh,DeepVAE,1,32.43340129357629,Deep learning
LSD_Second,set2_early_soh,MLP,1,35.50038984465244,Deep learning
LSD_Second,set2_early_soh,CNN,2,51.614011866467,Deep learning
LSD_Second,set2_early_soh,TabNet,2,38.34015708116383,Deep learning
LSD_Second,set2_early_soh,DeepVAE,2,57.84135381038664,Deep learning
LSD_Second,set2_early_soh,MLP,2,56.80940412563032,Deep learning
LSD_Second,set2_early_soh,CNN,3,37.20786832183822,Deep learning
LSD_Second,set2_early_soh,TabNet,3,30.07871152558569,Deep learning
LSD_Second,set2_early_soh,DeepVAE,3,47.8131974723482,Deep learning
LSD_Second,set2_early_soh,MLP,3,39.54170037876625,Deep learning
LSD_Second,set2_early_soh,CNN,4,45.02253333930935,Deep learning
LSD_Second,set2_early_soh,TabNet,4,31.454486214872425,Deep learning
LSD_Second,set2_early_soh,DeepVAE,4,40.64672408701297,Deep learning
LSD_Second,set2_early_soh,MLP,4,40.6693399670161,Deep learning
LSD_Second,set2_early_soh,CNN,5,32.34605636388939,Deep learning
LSD_Second,set2_early_soh,TabNet,5,37.43092438259845,Deep learning
LSD_Second,set2_early_soh,DeepVAE,5,25.26772242673815,Deep learning
LSD_Second,set2_early_soh,MLP,5,27.77901466604169,Deep learning
LSD_Second,set2_early_soh,CNN,6,63.90519605712068,Deep learning
LSD_Second,set2_early_soh,TabNet,6,34.6075022666913,Deep learning
LSD_Second,set2_early_soh,DeepVAE,6,48.58064828404181,Deep learning
LSD_Second,set2_early_soh,MLP,6,52.97985729129488,Deep learning
LSD_Second,set2_early_soh,CNN,7,42.78379305710934,Deep learning
LSD_Second,set2_early_soh,TabNet,7,43.50298270437945,Deep learning
LSD_Second,set2_early_soh,DeepVAE,7,40.48190467266698,Deep learning
LSD_Second,set2_early_soh,MLP,7,50.6178414316435,Deep learning
LSD_Second,set2_early_soh,CNN,8,29.508894513830235,Deep learning
LSD_Second,set2_early_soh,TabNet,8,29.7243790808715,Deep learning
LSD_Second,set2_early_soh,DeepVAE,8,40.33932658487925,Deep learning
LSD_Second,set2_early_soh,MLP,8,36.011104157425365,Deep learning
LSD_Second,set2_early_soh,CNN,9,36.84634762595762,Deep learning
LSD_Second,set2_early_soh,TabNet,9,30.844119792725262,Deep learning
LSD_Second,set2_early_soh,DeepVAE,9,40.24832511535838,Deep learning
LSD_Second,set2_early_soh,MLP,9,36.72706024279432,Deep learning
LSD_Second,set2_early_soh,CNN,10,36.817515876512914,Deep learning
LSD_Second,set2_early_soh,TabNet,10,33.30461491638623,Deep learning
LSD_Second,set2_early_soh,DeepVAE,10,34.15590025598237,Deep learning
LSD_Second,set2_early_soh,MLP,10,38.01690185032632,Deep learning
MIT,set2_early_soh,CNN,1,18.766845121452185,Deep learning
MIT,set2_early_soh,TabNet,1,21.62783280211625,Deep learning
MIT,set2_early_soh,DeepVAE,1,12.152652758287791,Deep learning
MIT,set2_early_soh,MLP,1,8.36278058147707,Deep learning
MIT,set2_early_soh,CNN,2,17.72339630768445,Deep learning
MIT,set2_early_soh,TabNet,2,37.061174552152,Deep learning
MIT,set2_early_soh,DeepVAE,2,7.804208492461899,Deep learning
MIT,set2_early_soh,MLP,2,6.365070362052207,Deep learning
MIT,set2_early_soh,CNN,3,24.011867953522756,Deep learning
MIT,set2_early_soh,TabNet,3,36.34816252585259,Deep learning
MIT,set2_early_soh,DeepVAE,3,7.7729595012620765,Deep learning
MIT,set2_early_soh,MLP,3,6.921683092161716,Deep learning
MIT,set2_early_soh,CNN,4,22.399710469387237,Deep learning
MIT,set2_early_soh,TabNet,4,37.787893892810345,Deep learning
MIT,set2_early_soh,DeepVAE,4,6.6270589837141625,Deep learning
MIT,set2_early_soh,MLP,4,7.421921427279804,Deep learning
MIT,set2_early_soh,CNN,5,17.87681457398836,Deep learning
MIT,set2_early_soh,TabNet,5,31.478200252137,Deep learning
MIT,set2_early_soh,DeepVAE,5,7.331028860992594,Deep learning
MIT,set2_early_soh,MLP,5,6.333551993780315,Deep learning
MIT,set2_early_soh,CNN,6,23.018965367147786,Deep learning
MIT,set2_early_soh,TabNet,6,30.974717887810733,Deep learning
MIT,set2_early_soh,DeepVAE,6,7.596681134944537,Deep learning
MIT,set2_early_soh,MLP,6,6.856368639509496,Deep learning
MIT,set2_early_soh,CNN,7,20.325974423444308,Deep learning
MIT,set2_early_soh,TabNet,7,32.58121210864005,Deep learning
MIT,set2_early_soh,DeepVAE,7,8.017655883143343,Deep learning
MIT,set2_early_soh,MLP,7,9.529901935247114,Deep learning
MIT,set2_early_soh,CNN,8,17.505411863214533,Deep learning
MIT,set2_early_soh,TabNet,8,51.269233074336206,Deep learning
MIT,set2_early_soh,DeepVAE,8,7.203330842403774,Deep learning
MIT,set2_early_soh,MLP,8,7.39131633711567,Deep learning
MIT,set2_early_soh,CNN,9,17.670141994879835,Deep learning
MIT,set2_early_soh,TabNet,9,30.181472094151207,Deep learning
MIT,set2_early_soh,DeepVAE,9,5.113615600719691,Deep learning
MIT,set2_early_soh,MLP,9,5.282163360310381,Deep learning
MIT,set2_early_soh,CNN,10,22.304983134723148,Deep learning
MIT,set2_early_soh,TabNet,10,28.755862276452053,Deep learning
MIT,set2_early_soh,DeepVAE,10,6.781087770012527,Deep learning
MIT,set2_early_soh,MLP,10,7.013612945090092,Deep learning
TRI_Tesla,set2_early_soh,CNN,1,18.011515128918155,Deep learning
TRI_Tesla,set2_early_soh,TabNet,1,49.77250464177758,Deep learning
TRI_Tesla,set2_early_soh,DeepVAE,1,14.84142434647244,Deep learning
TRI_Tesla,set2_early_soh,MLP,1,18.040755059704384,Deep learning
TRI_Tesla,set2_early_soh,CNN,2,13.142967134048485,Deep learning
TRI_Tesla,set2_early_soh,TabNet,2,33.18620276703142,Deep learning
TRI_Tesla,set2_early_soh,DeepVAE,2,14.9195307963669,Deep learning
TRI_Tesla,set2_early_soh,MLP,2,15.265760757834505,Deep learning
TRI_Tesla,set2_early_soh,CNN,3,15.906949219958976,Deep learning
TRI_Tesla,set2_early_soh,TabNet,3,78.7749994498114,Deep learning
TRI_Tesla,set2_early_soh,DeepVAE,3,17.35063181640697,Deep learning
TRI_Tesla,set2_early_soh,MLP,3,19.71402697838221,Deep learning
TRI_Tesla,set2_early_soh,CNN,4,27.00436520221477,Deep learning
TRI_Tesla,set2_early_soh,TabNet,4,99.92786046324127,Deep learning
TRI_Tesla,set2_early_soh,DeepVAE,4,22.854136434595137,Deep learning
TRI_Tesla,set2_early_soh,MLP,4,25.555323651299084,Deep learning
TRI_Tesla,set2_early_soh,CNN,5,15.025252692587165,Deep learning
TRI_Tesla,set2_early_soh,TabNet,5,64.97885422015244,Deep learning
TRI_Tesla,set2_early_soh,DeepVAE,5,15.138166384335284,Deep learning
TRI_Tesla,set2_early_soh,MLP,5,14.148245648206508,Deep learning
TRI_Tesla,set2_early_soh,CNN,6,18.694385187803903,Deep learning
TRI_Tesla,set2_early_soh,TabNet,6,47.260395054752045,Deep learning
TRI_Tesla,set2_early_soh,DeepVAE,6,16.302189652945685,Deep learning
TRI_Tesla,set2_early_soh,MLP,6,17.1938737322469,Deep learning
TRI_Tesla,set2_early_soh,CNN,7,18.430737738476463,Deep learning
TRI_Tesla,set2_early_soh,TabNet,7,50.353624538543926,Deep learning
TRI_Tesla,set2_early_soh,DeepVAE,7,15.52052469523352,Deep learning
TRI_Tesla,set2_early_soh,MLP,7,17.50736792061886,Deep learning
TRI_Tesla,set2_early_soh,CNN,8,21.471048453872065,Deep learning
TRI_Tesla,set2_early_soh,TabNet,8,44.21770736673093,Deep learning
TRI_Tesla,set2_early_soh,DeepVAE,8,23.66595218362553,Deep learning
TRI_Tesla,set2_early_soh,MLP,8,20.68586474619454,Deep learning
TRI_Tesla,set2_early_soh,CNN,9,21.06649268649633,Deep learning
TRI_Tesla,set2_early_soh,TabNet,9,52.919886732419656,Deep learning
TRI_Tesla,set2_early_soh,DeepVAE,9,20.90424159996917,Deep learning
TRI_Tesla,set2_early_soh,MLP,9,23.968621493784138,Deep learning
TRI_Tesla,set2_early_soh,CNN,10,15.714103916749696,Deep learning
TRI_Tesla,set2_early_soh,TabNet,10,32.799233540113285,Deep learning
TRI_Tesla,set2_early_soh,DeepVAE,10,16.854258061091784,Deep learning
TRI_Tesla,set2_early_soh,MLP,10,13.899102608069176,Deep learning
Formation,set3_features,CNN,1,11.588259333822446,Deep learning
Formation,set3_features,TabNet,1,12.745742502169682,Deep learning
Formation,set3_features,DeepVAE,1,11.895906087810786,Deep learning
Formation,set3_features,MLP,1,10.26553907400659,Deep learning
Formation,set3_features,CNN,2,14.003756218555491,Deep learning
Formation,set3_features,TabNet,2,18.96881339353424,Deep learning
Formation,set3_features,DeepVAE,2,13.525617384191952,Deep learning
Formation,set3_features,MLP,2,12.3613467196808,Deep learning
Formation,set3_features,CNN,3,8.302095011020864,Deep learning
Formation,set3_features,TabNet,3,15.332711544451229,Deep learning
Formation,set3_features,DeepVAE,3,10.934766980693254,Deep learning
Formation,set3_features,MLP,3,11.312702334238736,Deep learning
Formation,set3_features,CNN,4,14.92345829308146,Deep learning
Formation,set3_features,TabNet,4,15.718167518619744,Deep learning
Formation,set3_features,DeepVAE,4,12.484993809927705,Deep learning
Formation,set3_features,MLP,4,11.31720950875302,Deep learning
Formation,set3_features,CNN,5,14.394563496885944,Deep learning
Formation,set3_features,TabNet,5,16.852111656071656,Deep learning
Formation,set3_features,DeepVAE,5,12.306126076311074,Deep learning
Formation,set3_features,MLP,5,12.065360819256943,Deep learning
Formation,set3_features,CNN,6,10.237268224953649,Deep learning
Formation,set3_features,TabNet,6,16.10837618571338,Deep learning
Formation,set3_features,DeepVAE,6,11.403855929136522,Deep learning
Formation,set3_features,MLP,6,10.872849570206425,Deep learning
Formation,set3_features,CNN,7,15.79721093642979,Deep learning
Formation,set3_features,TabNet,7,19.797354503147385,Deep learning
Formation,set3_features,DeepVAE,7,10.793940718729182,Deep learning
Formation,set3_features,MLP,7,12.148813188630468,Deep learning
Formation,set3_features,CNN,8,8.66116999433296,Deep learning
Formation,set3_features,TabNet,8,15.764380607480122,Deep learning
Formation,set3_features,DeepVAE,8,11.233545937566964,Deep learning
Formation,set3_features,MLP,8,11.907527766098776,Deep learning
Formation,set3_features,CNN,9,11.617478884682876,Deep learning
Formation,set3_features,TabNet,9,18.605869267210483,Deep learning
Formation,set3_features,DeepVAE,9,8.43313489231789,Deep learning
Formation,set3_features,MLP,9,9.590660314936262,Deep learning
Formation,set3_features,CNN,10,9.266549841854792,Deep learning
Formation,set3_features,TabNet,10,18.98851580947836,Deep learning
Formation,set3_features,DeepVAE,10,11.907400745536815,Deep learning
Formation,set3_features,MLP,10,11.338441398501027,Deep learning
HUST,set3_features,CNN,1,10.53802674005254,Deep learning
HUST,set3_features,TabNet,1,10.132745589305724,Deep learning
HUST,set3_features,DeepVAE,1,15.035437681875456,Deep learning
HUST,set3_features,MLP,1,12.42035019624342,Deep learning
HUST,set3_features,CNN,2,13.584581949047791,Deep learning
HUST,set3_features,TabNet,2,17.9240761499471,Deep learning
HUST,set3_features,DeepVAE,2,12.664461945653397,Deep learning
HUST,set3_features,MLP,2,13.433446277670464,Deep learning
HUST,set3_features,CNN,3,19.333350278001102,Deep learning
HUST,set3_features,TabNet,3,12.329619830184129,Deep learning
HUST,set3_features,DeepVAE,3,10.058360977725812,Deep learning
HUST,set3_features,MLP,3,10.273282465654674,Deep learning
HUST,set3_features,CNN,4,10.054740443697789,Deep learning
HUST,set3_features,TabNet,4,12.795767710001137,Deep learning
HUST,set3_features,DeepVAE,4,11.122919048449312,Deep learning
HUST,set3_features,MLP,4,11.787493056310415,Deep learning
HUST,set3_features,CNN,5,14.86281750075778,Deep learning
HUST,set3_features,TabNet,5,17.938538262722236,Deep learning
HUST,set3_features,DeepVAE,5,18.77928953419235,Deep learning
HUST,set3_features,MLP,5,17.404863961622354,Deep learning
HUST,set3_features,CNN,6,19.03556833163321,Deep learning
HUST,set3_features,TabNet,6,15.952873789610214,Deep learning
HUST,set3_features,DeepVAE,6,8.61327127806175,Deep learning
HUST,set3_features,MLP,6,7.522042236542342,Deep learning
HUST,set3_features,CNN,7,12.465824607779446,Deep learning
HUST,set3_features,TabNet,7,20.82515330198825,Deep learning
HUST,set3_features,DeepVAE,7,12.834798551693629,Deep learning
HUST,set3_features,MLP,7,13.180344336251292,Deep learning
HUST,set3_features,CNN,8,28.877531596053053,Deep learning
HUST,set3_features,TabNet,8,20.88590684348071,Deep learning
HUST,set3_features,DeepVAE,8,16.991238805224857,Deep learning
HUST,set3_features,MLP,8,18.33037375287668,Deep learning
HUST,set3_features,CNN,9,12.094294707501046,Deep learning
HUST,set3_features,TabNet,9,13.773965595171772,Deep learning
HUST,set3_features,DeepVAE,9,10.345671086292937,Deep learning
HUST,set3_features,MLP,9,10.38310004372951,Deep learning
HUST,set3_features,CNN,10,15.374142707561052,Deep learning
HUST,set3_features,TabNet,10,17.819503202840277,Deep learning
HUST,set3_features,DeepVAE,10,12.384835679734186,Deep learning
HUST,set3_features,MLP,10,12.667974979806912,Deep learning
ISU_ILCC,set3_features,CNN,1,21.582831395714987,Deep learning
ISU_ILCC,set3_features,TabNet,1,26.766670164305168,Deep learning
ISU_ILCC,set3_features,DeepVAE,1,20.52401592299448,Deep learning
ISU_ILCC,set3_features,MLP,1,22.392698693289443,Deep learning
ISU_ILCC,set3_features,CNN,2,25.3378475441314,Deep learning
ISU_ILCC,set3_features,TabNet,2,25.11633376294292,Deep learning
ISU_ILCC,set3_features,DeepVAE,2,19.78691253194275,Deep learning
ISU_ILCC,set3_features,MLP,2,23.195939799256664,Deep learning
ISU_ILCC,set3_features,CNN,3,20.04264065669834,Deep learning
ISU_ILCC,set3_features,TabNet,3,30.23266673108893,Deep learning
ISU_ILCC,set3_features,DeepVAE,3,20.756567607965724,Deep learning
ISU_ILCC,set3_features,MLP,3,19.736254604920862,Deep learning
ISU_ILCC,set3_features,CNN,4,16.64014533762195,Deep learning
ISU_ILCC,set3_features,TabNet,4,37.11022600076452,Deep learning
ISU_ILCC,set3_features,DeepVAE,4,19.75066234201971,Deep learning
ISU_ILCC,set3_features,MLP,4,19.126695190810302,Deep learning
ISU_ILCC,set3_features,CNN,5,32.91911983144031,Deep learning
ISU_ILCC,set3_features,TabNet,5,38.38251689340404,Deep learning
ISU_ILCC,set3_features,DeepVAE,5,23.810572520377598,Deep learning
ISU_ILCC,set3_features,MLP,5,20.546291565692947,Deep learning
ISU_ILCC,set3_features,CNN,6,28.982452295849576,Deep learning
ISU_ILCC,set3_features,TabNet,6,34.68075962823088,Deep learning
ISU_ILCC,set3_features,DeepVAE,6,32.15508553667129,Deep learning
ISU_ILCC,set3_features,MLP,6,33.428588956115505,Deep learning
ISU_ILCC,set3_features,CNN,7,23.955273894605035,Deep learning
ISU_ILCC,set3_features,TabNet,7,39.15006866467781,Deep learning
ISU_ILCC,set3_features,DeepVAE,7,28.15607916927115,Deep learning
ISU_ILCC,set3_features,MLP,7,29.182477709439787,Deep learning
ISU_ILCC,set3_features,CNN,8,30.25821720384793,Deep learning
ISU_ILCC,set3_features,TabNet,8,45.25126825012137,Deep learning
ISU_ILCC,set3_features,DeepVAE,8,45.39610532639941,Deep learning
ISU_ILCC,set3_features,MLP,8,31.933751698298607,Deep learning
ISU_ILCC,set3_features,CNN,9,29.84063871525153,Deep learning
ISU_ILCC,set3_features,TabNet,9,28.180767277188476,Deep learning
ISU_ILCC,set3_features,DeepVAE,9,25.19799891628133,Deep learning
ISU_ILCC,set3_features,MLP,9,28.90181067113535,Deep learning
ISU_ILCC,set3_features,CNN,10,25.849628396614865,Deep learning
ISU_ILCC,set3_features,TabNet,10,34.26437724106859,Deep learning
ISU_ILCC,set3_features,DeepVAE,10,31.050015530894548,Deep learning
ISU_ILCC,set3_features,MLP,10,28.968799269004403,Deep learning
KIT,set3_features,CNN,1,26.29325798191651,Deep learning
KIT,set3_features,TabNet,1,46.99512975333487,Deep learning
KIT,set3_features,DeepVAE,1,27.15922973695409,Deep learning
KIT,set3_features,MLP,1,20.766647643888604,Deep learning
KIT,set3_features,CNN,2,18.939130836267275,Deep learning
KIT,set3_features,TabNet,2,27.89185599696116,Deep learning
KIT,set3_features,DeepVAE,2,23.321803093603016,Deep learning
KIT,set3_features,MLP,2,22.174991004048277,Deep learning
KIT,set3_features,CNN,3,13.940180094676393,Deep learning
KIT,set3_features,TabNet,3,37.83282589475681,Deep learning
KIT,set3_features,DeepVAE,3,9.981453341308312,Deep learning
KIT,set3_features,MLP,3,12.839045156883664,Deep learning
KIT,set3_features,CNN,4,14.632607248834232,Deep learning
KIT,set3_features,TabNet,4,26.54151196722551,Deep learning
KIT,set3_features,DeepVAE,4,10.52460267749916,Deep learning
KIT,set3_features,MLP,4,14.818818941906354,Deep learning
KIT,set3_features,CNN,5,29.88135025434646,Deep learning
KIT,set3_features,TabNet,5,26.8735792508878,Deep learning
KIT,set3_features,DeepVAE,5,29.313883551394014,Deep learning
KIT,set3_features,MLP,5,23.945409496312084,Deep learning
KIT,set3_features,CNN,6,21.11161909204537,Deep learning
KIT,set3_features,TabNet,6,22.648661075804373,Deep learning
KIT,set3_features,DeepVAE,6,28.50587024158873,Deep learning
KIT,set3_features,MLP,6,31.44396754532725,Deep learning
KIT,set3_features,CNN,7,21.782104210733685,Deep learning
KIT,set3_features,TabNet,7,30.218501295804888,Deep learning
KIT,set3_features,DeepVAE,7,23.14864143915024,Deep learning
KIT,set3_features,MLP,7,26.20423228061436,Deep learning
KIT,set3_features,CNN,8,25.774140190682328,Deep learning
KIT,set3_features,TabNet,8,36.38838773846831,Deep learning
KIT,set3_features,DeepVAE,8,17.785818896575474,Deep learning
KIT,set3_features,MLP,8,21.675911522615053,Deep learning
KIT,set3_features,CNN,9,31.920508968621974,Deep learning
KIT,set3_features,TabNet,9,27.913946109268924,Deep learning
KIT,set3_features,DeepVAE,9,9.456202886522997,Deep learning
KIT,set3_features,MLP,9,11.37878451092694,Deep learning
KIT,set3_features,CNN,10,35.1138403925865,Deep learning
KIT,set3_features,TabNet,10,32.95937664219967,Deep learning
KIT,set3_features,DeepVAE,10,33.39336775147301,Deep learning
KIT,set3_features,MLP,10,24.28983792949214,Deep learning
LSD_Primary,set3_features,CNN,1,45.22282066682301,Deep learning
LSD_Primary,set3_features,TabNet,1,51.3081699389089,Deep learning
LSD_Primary,set3_features,DeepVAE,1,32.35325107383397,Deep learning
LSD_Primary,set3_features,MLP,1,32.370813244395165,Deep learning
LSD_Primary,set3_features,CNN,2,34.63871970381046,Deep learning
LSD_Primary,set3_features,TabNet,2,39.06421195429545,Deep learning
LSD_Primary,set3_features,DeepVAE,2,32.682889236268025,Deep learning
LSD_Primary,set3_features,MLP,2,29.68264512677264,Deep learning
LSD_Primary,set3_features,CNN,3,21.77481991305687,Deep learning
LSD_Primary,set3_features,TabNet,3,34.254143307339795,Deep learning
LSD_Primary,set3_features,DeepVAE,3,25.80204612416381,Deep learning
LSD_Primary,set3_features,MLP,3,27.73596288485075,Deep learning
LSD_Primary,set3_features,CNN,4,32.6890717323501,Deep learning
LSD_Primary,set3_features,TabNet,4,58.66106439353042,Deep learning
LSD_Primary,set3_features,DeepVAE,4,20.344458637065937,Deep learning
LSD_Primary,set3_features,MLP,4,23.849975933214605,Deep learning
LSD_Primary,set3_features,CNN,5,46.091353514999874,Deep learning
LSD_Primary,set3_features,TabNet,5,650.8057882730719,Deep learning
LSD_Primary,set3_features,DeepVAE,5,28.646465068190253,Deep learning
LSD_Primary,set3_features,MLP,5,24.77628882628255,Deep learning
LSD_Primary,set3_features,CNN,6,35.91430774635314,Deep learning
LSD_Primary,set3_features,TabNet,6,105.34941833281076,Deep learning
LSD_Primary,set3_features,DeepVAE,6,16.84237665881491,Deep learning
LSD_Primary,set3_features,MLP,6,21.674815587079685,Deep learning
LSD_Primary,set3_features,CNN,7,14.478753276190842,Deep learning
LSD_Primary,set3_features,TabNet,7,424.2895032599997,Deep learning
LSD_Primary,set3_features,DeepVAE,7,38.54266998833428,Deep learning
LSD_Primary,set3_features,MLP,7,58.35881754523208,Deep learning
LSD_Primary,set3_features,CNN,8,371.0101415017054,Deep learning
LSD_Primary,set3_features,TabNet,8,57.70587922994075,Deep learning
LSD_Primary,set3_features,DeepVAE,8,16.7570953720515,Deep learning
LSD_Primary,set3_features,MLP,8,22.039468241323988,Deep learning
LSD_Primary,set3_features,CNN,9,27.876089337599176,Deep learning
LSD_Primary,set3_features,TabNet,9,34.523471955580675,Deep learning
LSD_Primary,set3_features,DeepVAE,9,29.931405302953383,Deep learning
LSD_Primary,set3_features,MLP,9,34.52525610124593,Deep learning
LSD_Primary,set3_features,CNN,10,548.9770097882252,Deep learning
LSD_Primary,set3_features,TabNet,10,91.0777170873226,Deep learning
LSD_Primary,set3_features,DeepVAE,10,161.3947743944169,Deep learning
LSD_Primary,set3_features,MLP,10,144.21980383693528,Deep learning
LSD_Second,set3_features,CNN,1,17.89046919205494,Deep learning
LSD_Second,set3_features,TabNet,1,26.1493024504375,Deep learning
LSD_Second,set3_features,DeepVAE,1,17.1586350924929,Deep learning
LSD_Second,set3_features,MLP,1,18.49489690556694,Deep learning
LSD_Second,set3_features,CNN,2,11.970311574288528,Deep learning
LSD_Second,set3_features,TabNet,2,46.33776876358064,Deep learning
LSD_Second,set3_features,DeepVAE,2,13.666527604252735,Deep learning
LSD_Second,set3_features,MLP,2,13.71871180551364,Deep learning
LSD_Second,set3_features,CNN,3,14.17823948974348,Deep learning
LSD_Second,set3_features,TabNet,3,31.956877785421373,Deep learning
LSD_Second,set3_features,DeepVAE,3,12.267504804151026,Deep learning
LSD_Second,set3_features,MLP,3,13.09342296502036,Deep learning
LSD_Second,set3_features,CNN,4,19.327129084048977,Deep learning
LSD_Second,set3_features,TabNet,4,24.79637431614584,Deep learning
LSD_Second,set3_features,DeepVAE,4,23.986764944122683,Deep learning
LSD_Second,set3_features,MLP,4,17.040037259326056,Deep learning
LSD_Second,set3_features,CNN,5,22.28398568483949,Deep learning
LSD_Second,set3_features,TabNet,5,37.45643660166992,Deep learning
LSD_Second,set3_features,DeepVAE,5,19.73429585444764,Deep learning
LSD_Second,set3_features,MLP,5,16.56341371839161,Deep learning
LSD_Second,set3_features,CNN,6,16.11006397739184,Deep learning
LSD_Second,set3_features,TabNet,6,35.52866097181285,Deep learning
LSD_Second,set3_features,DeepVAE,6,18.227405361772067,Deep learning
LSD_Second,set3_features,MLP,6,16.68592614773418,Deep learning
LSD_Second,set3_features,CNN,7,19.733550239161172,Deep learning
LSD_Second,set3_features,TabNet,7,35.33225966581221,Deep learning
LSD_Second,set3_features,DeepVAE,7,26.18745399508699,Deep learning
LSD_Second,set3_features,MLP,7,25.560879375052917,Deep learning
LSD_Second,set3_features,CNN,8,23.214617172250108,Deep learning
LSD_Second,set3_features,TabNet,8,31.404702753024736,Deep learning
LSD_Second,set3_features,DeepVAE,8,27.833238058281832,Deep learning
LSD_Second,set3_features,MLP,8,31.949864620910077,Deep learning
LSD_Second,set3_features,CNN,9,14.923021743058689,Deep learning
LSD_Second,set3_features,TabNet,9,40.38724994311238,Deep learning
LSD_Second,set3_features,DeepVAE,9,12.2346669903528,Deep learning
LSD_Second,set3_features,MLP,9,15.028082522332628,Deep learning
LSD_Second,set3_features,CNN,10,31.37955686202149,Deep learning
LSD_Second,set3_features,TabNet,10,44.261942595831535,Deep learning
LSD_Second,set3_features,DeepVAE,10,32.4657685010241,Deep learning
LSD_Second,set3_features,MLP,10,29.397967387714846,Deep learning
MIT,set3_features,CNN,1,15.291236358691116,Deep learning
MIT,set3_features,TabNet,1,27.443721189206084,Deep learning
MIT,set3_features,DeepVAE,1,13.816719473322264,Deep learning
MIT,set3_features,MLP,1,13.081130480499892,Deep learning
MIT,set3_features,CNN,2,11.85940179849696,Deep learning
MIT,set3_features,TabNet,2,24.04661292119456,Deep learning
MIT,set3_features,DeepVAE,2,11.161983135652548,Deep learning
MIT,set3_features,MLP,2,11.140010394963909,Deep learning
MIT,set3_features,CNN,3,11.670875972149448,Deep learning
MIT,set3_features,TabNet,3,24.69948522671204,Deep learning
MIT,set3_features,DeepVAE,3,12.383211463414614,Deep learning
MIT,set3_features,MLP,3,11.97470882889968,Deep learning
MIT,set3_features,CNN,4,10.762928787520904,Deep learning
MIT,set3_features,TabNet,4,22.953060484250223,Deep learning
MIT,set3_features,DeepVAE,4,8.904759289166224,Deep learning
MIT,set3_features,MLP,4,10.265658150443077,Deep learning
MIT,set3_features,CNN,5,13.357743728202871,Deep learning
MIT,set3_features,TabNet,5,17.944441356263095,Deep learning
MIT,set3_features,DeepVAE,5,12.493710304489696,Deep learning
MIT,set3_features,MLP,5,13.638199194957554,Deep learning
MIT,set3_features,CNN,6,16.842941229477656,Deep learning
MIT,set3_features,TabNet,6,22.921524212087075,Deep learning
MIT,set3_features,DeepVAE,6,16.319332638702196,Deep learning
MIT,set3_features,MLP,6,16.907569506897147,Deep learning
MIT,set3_features,CNN,7,11.053765475586756,Deep learning
MIT,set3_features,TabNet,7,18.390198740661305,Deep learning
MIT,set3_features,DeepVAE,7,9.555801693557797,Deep learning
MIT,set3_features,MLP,7,9.051694809758398,Deep learning
MIT,set3_features,CNN,8,11.518606074002562,Deep learning
MIT,set3_features,TabNet,8,19.053851461600075,Deep learning
MIT,set3_features,DeepVAE,8,12.357991551287496,Deep learning
MIT,set3_features,MLP,8,11.268927845572074,Deep learning
MIT,set3_features,CNN,9,13.477198387977912,Deep learning
MIT,set3_features,TabNet,9,17.349084901758523,Deep learning
MIT,set3_features,DeepVAE,9,11.283410297799042,Deep learning
MIT,set3_features,MLP,9,10.559496499298469,Deep learning
MIT,set3_features,CNN,10,9.719881863285666,Deep learning
MIT,set3_features,TabNet,10,24.313646144055216,Deep learning
MIT,set3_features,DeepVAE,10,11.519657213317338,Deep learning
MIT,set3_features,MLP,10,12.330126394880937,Deep learning
TRI_Tesla,set3_features,CNN,1,31.34863171161381,Deep learning
TRI_Tesla,set3_features,TabNet,1,60.35302839881781,Deep learning
TRI_Tesla,set3_features,DeepVAE,1,25.91841795526158,Deep learning
TRI_Tesla,set3_features,MLP,1,26.81294328027158,Deep learning
TRI_Tesla,set3_features,CNN,2,16.124287875215238,Deep learning
TRI_Tesla,set3_features,TabNet,2,42.116789369472976,Deep learning
TRI_Tesla,set3_features,DeepVAE,2,20.24563705864159,Deep learning
TRI_Tesla,set3_features,MLP,2,28.024976291537477,Deep learning
TRI_Tesla,set3_features,CNN,3,28.91210609271849,Deep learning
TRI_Tesla,set3_features,TabNet,3,55.29427689763728,Deep learning
TRI_Tesla,set3_features,DeepVAE,3,26.03643859246736,Deep learning
TRI_Tesla,set3_features,MLP,3,27.273264537063547,Deep learning
TRI_Tesla,set3_features,CNN,4,40.00141793463352,Deep learning
TRI_Tesla,set3_features,TabNet,4,124.72669044305972,Deep learning
TRI_Tesla,set3_features,DeepVAE,4,34.22849390891483,Deep learning
TRI_Tesla,set3_features,MLP,4,38.54342868391275,Deep learning
TRI_Tesla,set3_features,CNN,5,26.72347900233622,Deep learning
TRI_Tesla,set3_features,TabNet,5,46.8159867378467,Deep learning
TRI_Tesla,set3_features,DeepVAE,5,21.034062232965507,Deep learning
TRI_Tesla,set3_features,MLP,5,19.19822271689505,Deep learning
TRI_Tesla,set3_features,CNN,6,18.5456886864788,Deep learning
TRI_Tesla,set3_features,TabNet,6,41.49173503800207,Deep learning
TRI_Tesla,set3_features,DeepVAE,6,16.379578871400902,Deep learning
TRI_Tesla,set3_features,MLP,6,17.200012081222113,Deep learning
TRI_Tesla,set3_features,CNN,7,34.83357248651306,Deep learning
TRI_Tesla,set3_features,TabNet,7,48.32174982740065,Deep learning
TRI_Tesla,set3_features,DeepVAE,7,33.475852084009844,Deep learning
TRI_Tesla,set3_features,MLP,7,39.55155330212112,Deep learning
TRI_Tesla,set3_features,CNN,8,32.40750614728775,Deep learning
TRI_Tesla,set3_features,TabNet,8,130.1469419813271,Deep learning
TRI_Tesla,set3_features,DeepVAE,8,25.95688655493906,Deep learning
TRI_Tesla,set3_features,MLP,8,27.101232173360383,Deep learning
TRI_Tesla,set3_features,CNN,9,15.988851984281194,Deep learning
TRI_Tesla,set3_features,TabNet,9,56.22151704090892,Deep learning
TRI_Tesla,set3_features,DeepVAE,9,12.351632641395472,Deep learning
TRI_Tesla,set3_features,MLP,9,13.33943008506434,Deep learning
TRI_Tesla,set3_features,CNN,10,21.933262871744283,Deep learning
TRI_Tesla,set3_features,TabNet,10,55.47055886688922,Deep learning
TRI_Tesla,set3_features,DeepVAE,10,28.27194309726973,Deep learning
TRI_Tesla,set3_features,MLP,10,27.067530945964137,Deep learning
Formation,set4_features_metadata,CNN,1,13.65795752177507,Deep learning
Formation,set4_features_metadata,TabNet,1,14.883324815569466,Deep learning
Formation,set4_features_metadata,DeepVAE,1,12.07594230156234,Deep learning
Formation,set4_features_metadata,MLP,1,10.60140189698275,Deep learning
Formation,set4_features_metadata,CNN,2,12.548722642268345,Deep learning
Formation,set4_features_metadata,TabNet,2,26.17745758295833,Deep learning
Formation,set4_features_metadata,DeepVAE,2,13.48380423342671,Deep learning
Formation,set4_features_metadata,MLP,2,12.31430350832918,Deep learning
Formation,set4_features_metadata,CNN,3,13.788968255958975,Deep learning
Formation,set4_features_metadata,TabNet,3,11.09575168922191,Deep learning
Formation,set4_features_metadata,DeepVAE,3,12.186392746506783,Deep learning
Formation,set4_features_metadata,MLP,3,11.396444018943436,Deep learning
Formation,set4_features_metadata,CNN,4,14.23314642239793,Deep learning
Formation,set4_features_metadata,TabNet,4,22.63615080508416,Deep learning
Formation,set4_features_metadata,DeepVAE,4,10.048874050568802,Deep learning
Formation,set4_features_metadata,MLP,4,10.373420365278378,Deep learning
Formation,set4_features_metadata,CNN,5,14.485711763227036,Deep learning
Formation,set4_features_metadata,TabNet,5,19.235416827537595,Deep learning
Formation,set4_features_metadata,DeepVAE,5,13.391293743856822,Deep learning
Formation,set4_features_metadata,MLP,5,12.081577806672172,Deep learning
Formation,set4_features_metadata,CNN,6,12.584180498614217,Deep learning
Formation,set4_features_metadata,TabNet,6,15.007880347821404,Deep learning
Formation,set4_features_metadata,DeepVAE,6,10.514028155776671,Deep learning
Formation,set4_features_metadata,MLP,6,10.169850426583414,Deep learning
Formation,set4_features_metadata,CNN,7,13.535764230052322,Deep learning
Formation,set4_features_metadata,TabNet,7,22.025990801920614,Deep learning
Formation,set4_features_metadata,DeepVAE,7,11.828878008617432,Deep learning
Formation,set4_features_metadata,MLP,7,13.801889464400526,Deep learning
Formation,set4_features_metadata,CNN,8,11.824593083418184,Deep learning
Formation,set4_features_metadata,TabNet,8,18.635166889960185,Deep learning
Formation,set4_features_metadata,DeepVAE,8,8.94465922119024,Deep learning
Formation,set4_features_metadata,MLP,8,9.439099345085822,Deep learning
Formation,set4_features_metadata,CNN,9,11.661262882407264,Deep learning
Formation,set4_features_metadata,TabNet,9,20.210853806398017,Deep learning
Formation,set4_features_metadata,DeepVAE,9,10.501001645228817,Deep learning
Formation,set4_features_metadata,MLP,9,9.047077899980458,Deep learning
Formation,set4_features_metadata,CNN,10,13.884169553711956,Deep learning
Formation,set4_features_metadata,TabNet,10,16.4959196309711,Deep learning
Formation,set4_features_metadata,DeepVAE,10,9.5580386367678,Deep learning
Formation,set4_features_metadata,MLP,10,9.952651261683524,Deep learning
HUST,set4_features_metadata,CNN,1,10.333934687987217,Deep learning
HUST,set4_features_metadata,TabNet,1,11.152553089197292,Deep learning
HUST,set4_features_metadata,DeepVAE,1,12.053418201238456,Deep learning
HUST,set4_features_metadata,MLP,1,10.495316433130174,Deep learning
HUST,set4_features_metadata,CNN,2,14.642453363750912,Deep learning
HUST,set4_features_metadata,TabNet,2,22.150861092087112,Deep learning
HUST,set4_features_metadata,DeepVAE,2,10.355635204755584,Deep learning
HUST,set4_features_metadata,MLP,2,11.13019551699216,Deep learning
HUST,set4_features_metadata,CNN,3,23.705248006069784,Deep learning
HUST,set4_features_metadata,TabNet,3,14.09336807727414,Deep learning
HUST,set4_features_metadata,DeepVAE,3,12.226107854545909,Deep learning
HUST,set4_features_metadata,MLP,3,10.057851476667969,Deep learning
HUST,set4_features_metadata,CNN,4,10.81519747209375,Deep learning
HUST,set4_features_metadata,TabNet,4,13.283667619218257,Deep learning
HUST,set4_features_metadata,DeepVAE,4,11.917445168746646,Deep learning
HUST,set4_features_metadata,MLP,4,12.269168718857289,Deep learning
HUST,set4_features_metadata,CNN,5,14.815764246831565,Deep learning
HUST,set4_features_metadata,TabNet,5,17.62768442527815,Deep learning
HUST,set4_features_metadata,DeepVAE,5,14.137638093964858,Deep learning
HUST,set4_features_metadata,MLP,5,16.287871592692976,Deep learning
HUST,set4_features_metadata,CNN,6,18.078312900376496,Deep learning
HUST,set4_features_metadata,TabNet,6,19.84367668365171,Deep learning
HUST,set4_features_metadata,DeepVAE,6,9.858404019340492,Deep learning
HUST,set4_features_metadata,MLP,6,10.044512037887117,Deep learning
HUST,set4_features_metadata,CNN,7,19.33638669919705,Deep learning
HUST,set4_features_metadata,TabNet,7,24.381923502070837,Deep learning
HUST,set4_features_metadata,DeepVAE,7,13.162227856585748,Deep learning
HUST,set4_features_metadata,MLP,7,21.44103676773373,Deep learning
HUST,set4_features_metadata,CNN,8,31.886238734547614,Deep learning
HUST,set4_features_metadata,TabNet,8,17.627335261658143,Deep learning
HUST,set4_features_metadata,DeepVAE,8,21.330803770678852,Deep learning
HUST,set4_features_metadata,MLP,8,17.155720467351813,Deep learning
HUST,set4_features_metadata,CNN,9,7.881345375555425,Deep learning
HUST,set4_features_metadata,TabNet,9,12.59642528657782,Deep learning
HUST,set4_features_metadata,DeepVAE,9,11.123550885465209,Deep learning
HUST,set4_features_metadata,MLP,9,12.83591890145162,Deep learning
HUST,set4_features_metadata,CNN,10,13.58845529337712,Deep learning
HUST,set4_features_metadata,TabNet,10,26.039530657776627,Deep learning
HUST,set4_features_metadata,DeepVAE,10,9.717616549410549,Deep learning
HUST,set4_features_metadata,MLP,10,10.06704725927761,Deep learning
ISU_ILCC,set4_features_metadata,CNN,1,17.306336309636837,Deep learning
ISU_ILCC,set4_features_metadata,TabNet,1,25.59622084485616,Deep learning
ISU_ILCC,set4_features_metadata,DeepVAE,1,16.939020846947077,Deep learning
ISU_ILCC,set4_features_metadata,MLP,1,18.778766944410087,Deep learning
ISU_ILCC,set4_features_metadata,CNN,2,23.067616019925502,Deep learning
ISU_ILCC,set4_features_metadata,TabNet,2,23.58352803574718,Deep learning
ISU_ILCC,set4_features_metadata,DeepVAE,2,23.966024203142577,Deep learning
ISU_ILCC,set4_features_metadata,MLP,2,21.5459290156633,Deep learning
ISU_ILCC,set4_features_metadata,CNN,3,18.30510706942773,Deep learning
ISU_ILCC,set4_features_metadata,TabNet,3,19.673572582628992,Deep learning
ISU_ILCC,set4_features_metadata,DeepVAE,3,18.594962367322225,Deep learning
ISU_ILCC,set4_features_metadata,MLP,3,16.037774956945235,Deep learning
ISU_ILCC,set4_features_metadata,CNN,4,17.402966171509522,Deep learning
ISU_ILCC,set4_features_metadata,TabNet,4,22.5539995775046,Deep learning
ISU_ILCC,set4_features_metadata,DeepVAE,4,25.29334513517868,Deep learning
ISU_ILCC,set4_features_metadata,MLP,4,17.45352527192198,Deep learning
ISU_ILCC,set4_features_metadata,CNN,5,21.75379272961516,Deep learning
ISU_ILCC,set4_features_metadata,TabNet,5,37.61280849861454,Deep learning
ISU_ILCC,set4_features_metadata,DeepVAE,5,17.75336548979149,Deep learning
ISU_ILCC,set4_features_metadata,MLP,5,21.85607181388185,Deep learning
ISU_ILCC,set4_features_metadata,CNN,6,26.21359906926204,Deep learning
ISU_ILCC,set4_features_metadata,TabNet,6,29.26822870002233,Deep learning
ISU_ILCC,set4_features_metadata,DeepVAE,6,23.74833814828989,Deep learning
ISU_ILCC,set4_features_metadata,MLP,6,21.1329209883201,Deep learning
ISU_ILCC,set4_features_metadata,CNN,7,20.325727516338592,Deep learning
ISU_ILCC,set4_features_metadata,TabNet,7,32.597223363007764,Deep learning
ISU_ILCC,set4_features_metadata,DeepVAE,7,25.611226733956887,Deep learning
ISU_ILCC,set4_features_metadata,MLP,7,23.992834301265965,Deep learning
ISU_ILCC,set4_features_metadata,CNN,8,21.57277158152592,Deep learning
ISU_ILCC,set4_features_metadata,TabNet,8,41.07645606627812,Deep learning
ISU_ILCC,set4_features_metadata,DeepVAE,8,21.95174401877471,Deep learning
ISU_ILCC,set4_features_metadata,MLP,8,24.224798718781702,Deep learning
ISU_ILCC,set4_features_metadata,CNN,9,24.36314878991801,Deep learning
ISU_ILCC,set4_features_metadata,TabNet,9,23.33542354665964,Deep learning
ISU_ILCC,set4_features_metadata,DeepVAE,9,27.332490453918425,Deep learning
ISU_ILCC,set4_features_metadata,MLP,9,22.252270058951616,Deep learning
ISU_ILCC,set4_features_metadata,CNN,10,23.5178016382888,Deep learning
ISU_ILCC,set4_features_metadata,TabNet,10,36.69980114452458,Deep learning
ISU_ILCC,set4_features_metadata,DeepVAE,10,21.245354414302085,Deep learning
ISU_ILCC,set4_features_metadata,MLP,10,27.43246309039445,Deep learning
KIT,set4_features_metadata,CNN,1,26.639985078376466,Deep learning
KIT,set4_features_metadata,TabNet,1,34.66712818847751,Deep learning
KIT,set4_features_metadata,DeepVAE,1,14.856397559347728,Deep learning
KIT,set4_features_metadata,MLP,1,17.85352098381228,Deep learning
KIT,set4_features_metadata,CNN,2,21.045806127917984,Deep learning
KIT,set4_features_metadata,TabNet,2,28.556312450791165,Deep learning
KIT,set4_features_metadata,DeepVAE,2,27.486980758966634,Deep learning
KIT,set4_features_metadata,MLP,2,30.02433324838865,Deep learning
KIT,set4_features_metadata,CNN,3,19.999883238421997,Deep learning
KIT,set4_features_metadata,TabNet,3,43.46140992924696,Deep learning
KIT,set4_features_metadata,DeepVAE,3,48.622621748575575,Deep learning
KIT,set4_features_metadata,MLP,3,23.4028010522367,Deep learning
KIT,set4_features_metadata,CNN,4,15.124340978430816,Deep learning
KIT,set4_features_metadata,TabNet,4,34.483072995572314,Deep learning
KIT,set4_features_metadata,DeepVAE,4,29.65902317457451,Deep learning
KIT,set4_features_metadata,MLP,4,16.368473847638096,Deep learning
KIT,set4_features_metadata,CNN,5,28.404321657150188,Deep learning
KIT,set4_features_metadata,TabNet,5,45.19763073367217,Deep learning
KIT,set4_features_metadata,DeepVAE,5,27.634115316408668,Deep learning
KIT,set4_features_metadata,MLP,5,35.31853720915718,Deep learning
KIT,set4_features_metadata,CNN,6,19.1505890622092,Deep learning
KIT,set4_features_metadata,TabNet,6,29.682265018337567,Deep learning
KIT,set4_features_metadata,DeepVAE,6,31.020864104959102,Deep learning
KIT,set4_features_metadata,MLP,6,35.846953161217684,Deep learning
KIT,set4_features_metadata,CNN,7,20.84767271260565,Deep learning
KIT,set4_features_metadata,TabNet,7,27.7481959043474,Deep learning
KIT,set4_features_metadata,DeepVAE,7,32.31046196443298,Deep learning
KIT,set4_features_metadata,MLP,7,30.7933175221061,Deep learning
KIT,set4_features_metadata,CNN,8,44.47314483423021,Deep learning
KIT,set4_features_metadata,TabNet,8,45.80418458331826,Deep learning
KIT,set4_features_metadata,DeepVAE,8,21.22338095483377,Deep learning
KIT,set4_features_metadata,MLP,8,19.038410232205923,Deep learning
KIT,set4_features_metadata,CNN,9,15.460380096003425,Deep learning
KIT,set4_features_metadata,TabNet,9,30.325706126671506,Deep learning
KIT,set4_features_metadata,DeepVAE,9,41.6731033356179,Deep learning
KIT,set4_features_metadata,MLP,9,20.43224472659265,Deep learning
KIT,set4_features_metadata,CNN,10,26.73069681663705,Deep learning
KIT,set4_features_metadata,TabNet,10,28.41807971061934,Deep learning
KIT,set4_features_metadata,DeepVAE,10,24.93732771261938,Deep learning
KIT,set4_features_metadata,MLP,10,29.832947601715205,Deep learning
LSD_Primary,set4_features_metadata,CNN,1,29.962266280525142,Deep learning
LSD_Primary,set4_features_metadata,TabNet,1,65.40178328137713,Deep learning
LSD_Primary,set4_features_metadata,DeepVAE,1,32.88888868240033,Deep learning
LSD_Primary,set4_features_metadata,MLP,1,38.50119651241107,Deep learning
LSD_Primary,set4_features_metadata,CNN,2,20.51527562347917,Deep learning
LSD_Primary,set4_features_metadata,TabNet,2,19.890021817583516,Deep learning
LSD_Primary,set4_features_metadata,DeepVAE,2,13.606800762348742,Deep learning
LSD_Primary,set4_features_metadata,MLP,2,15.109509540838198,Deep learning
LSD_Primary,set4_features_metadata,CNN,3,27.916484766337224,Deep learning
LSD_Primary,set4_features_metadata,TabNet,3,27.74413335522577,Deep learning
LSD_Primary,set4_features_metadata,DeepVAE,3,24.794741196790923,Deep learning
LSD_Primary,set4_features_metadata,MLP,3,34.48303014636529,Deep learning
LSD_Primary,set4_features_metadata,CNN,4,49.43359829310508,Deep learning
LSD_Primary,set4_features_metadata,TabNet,4,85.61177981892183,Deep learning
LSD_Primary,set4_features_metadata,DeepVAE,4,42.880866338443866,Deep learning
LSD_Primary,set4_features_metadata,MLP,4,54.82295974392763,Deep learning
LSD_Primary,set4_features_metadata,CNN,5,30.25080957885825,Deep learning
LSD_Primary,set4_features_metadata,TabNet,5,155.46653311732103,Deep learning
LSD_Primary,set4_features_metadata,DeepVAE,5,99.60944248516942,Deep learning
LSD_Primary,set4_features_metadata,MLP,5,40.37423130974542,Deep learning
LSD_Primary,set4_features_metadata,CNN,6,26.067962397968365,Deep learning
LSD_Primary,set4_features_metadata,TabNet,6,128.3969637816434,Deep learning
LSD_Primary,set4_features_metadata,DeepVAE,6,106.84284284509478,Deep learning
LSD_Primary,set4_features_metadata,MLP,6,22.22274738988358,Deep learning
LSD_Primary,set4_features_metadata,CNN,7,26.656751406446052,Deep learning
LSD_Primary,set4_features_metadata,TabNet,7,122.9292213363706,Deep learning
LSD_Primary,set4_features_metadata,DeepVAE,7,75.91058179694033,Deep learning
LSD_Primary,set4_features_metadata,MLP,7,82.67193684208691,Deep learning
LSD_Primary,set4_features_metadata,CNN,8,81.92875658545178,Deep learning
LSD_Primary,set4_features_metadata,TabNet,8,136.7024060623874,Deep learning
LSD_Primary,set4_features_metadata,DeepVAE,8,29.89558415826457,Deep learning
LSD_Primary,set4_features_metadata,MLP,8,35.802774086765126,Deep learning
LSD_Primary,set4_features_metadata,CNN,9,28.21704528057864,Deep learning
LSD_Primary,set4_features_metadata,TabNet,9,47.19826282132841,Deep learning
LSD_Primary,set4_features_metadata,DeepVAE,9,24.793154249977967,Deep learning
LSD_Primary,set4_features_metadata,MLP,9,30.3375674368955,Deep learning
LSD_Primary,set4_features_metadata,CNN,10,295.6810561254944,Deep learning
LSD_Primary,set4_features_metadata,TabNet,10,57.65939883036422,Deep learning
LSD_Primary,set4_features_metadata,DeepVAE,10,22.727788891456367,Deep learning
LSD_Primary,set4_features_metadata,MLP,10,120.68368010533096,Deep learning
LSD_Second,set4_features_metadata,CNN,1,22.104964439123396,Deep learning
LSD_Second,set4_features_metadata,TabNet,1,25.6957211548745,Deep learning
LSD_Second,set4_features_metadata,DeepVAE,1,25.642271717055404,Deep learning
LSD_Second,set4_features_metadata,MLP,1,23.05187264655268,Deep learning
LSD_Second,set4_features_metadata,CNN,2,7.745471833465754,Deep learning
LSD_Second,set4_features_metadata,TabNet,2,31.94259206482457,Deep learning
LSD_Second,set4_features_metadata,DeepVAE,2,16.97066886570439,Deep learning
LSD_Second,set4_features_metadata,MLP,2,16.11108683424223,Deep learning
LSD_Second,set4_features_metadata,CNN,3,14.812850669543137,Deep learning
LSD_Second,set4_features_metadata,TabNet,3,27.598382277748037,Deep learning
LSD_Second,set4_features_metadata,DeepVAE,3,15.631639737324663,Deep learning
LSD_Second,set4_features_metadata,MLP,3,12.578102901387048,Deep learning
LSD_Second,set4_features_metadata,CNN,4,24.78587345873352,Deep learning
LSD_Second,set4_features_metadata,TabNet,4,29.156610279944427,Deep learning
LSD_Second,set4_features_metadata,DeepVAE,4,22.839489227474715,Deep learning
LSD_Second,set4_features_metadata,MLP,4,19.709600530931866,Deep learning
LSD_Second,set4_features_metadata,CNN,5,25.632562618501748,Deep learning
LSD_Second,set4_features_metadata,TabNet,5,28.343125307094525,Deep learning
LSD_Second,set4_features_metadata,DeepVAE,5,21.965475986237003,Deep learning
LSD_Second,set4_features_metadata,MLP,5,19.807166423627347,Deep learning
LSD_Second,set4_features_metadata,CNN,6,16.362775186536048,Deep learning
LSD_Second,set4_features_metadata,TabNet,6,29.689812153945542,Deep learning
LSD_Second,set4_features_metadata,DeepVAE,6,15.944435972490446,Deep learning
LSD_Second,set4_features_metadata,MLP,6,15.19864573088397,Deep learning
LSD_Second,set4_features_metadata,CNN,7,13.798823577417984,Deep learning
LSD_Second,set4_features_metadata,TabNet,7,28.728770318769243,Deep learning
LSD_Second,set4_features_metadata,DeepVAE,7,24.990107524922188,Deep learning
LSD_Second,set4_features_metadata,MLP,7,33.74618126900685,Deep learning
LSD_Second,set4_features_metadata,CNN,8,20.63094898825499,Deep learning
LSD_Second,set4_features_metadata,TabNet,8,43.75415664632273,Deep learning
LSD_Second,set4_features_metadata,DeepVAE,8,21.29900383966384,Deep learning
LSD_Second,set4_features_metadata,MLP,8,24.80009843357056,Deep learning
LSD_Second,set4_features_metadata,CNN,9,14.100561792258851,Deep learning
LSD_Second,set4_features_metadata,TabNet,9,30.938413192840866,Deep learning
LSD_Second,set4_features_metadata,DeepVAE,9,15.921096057768365,Deep learning
LSD_Second,set4_features_metadata,MLP,9,15.078241319427676,Deep learning
LSD_Second,set4_features_metadata,CNN,10,28.30985032815653,Deep learning
LSD_Second,set4_features_metadata,TabNet,10,43.48120204424299,Deep learning
LSD_Second,set4_features_metadata,DeepVAE,10,28.093506758992927,Deep learning
LSD_Second,set4_features_metadata,MLP,10,30.69547668673952,Deep learning
MIT,set4_features_metadata,CNN,1,19.092000670259264,Deep learning
MIT,set4_features_metadata,TabNet,1,31.45390891372044,Deep learning
MIT,set4_features_metadata,DeepVAE,1,14.497905774163874,Deep learning
MIT,set4_features_metadata,MLP,1,12.418051669586076,Deep learning
MIT,set4_features_metadata,CNN,2,13.788588356007558,Deep learning
MIT,set4_features_metadata,TabNet,2,21.429003695786854,Deep learning
MIT,set4_features_metadata,DeepVAE,2,12.207501074432685,Deep learning
MIT,set4_features_metadata,MLP,2,11.433220028814118,Deep learning
MIT,set4_features_metadata,CNN,3,13.425743027737823,Deep learning
MIT,set4_features_metadata,TabNet,3,25.237384063281965,Deep learning
MIT,set4_features_metadata,DeepVAE,3,12.649248352442646,Deep learning
MIT,set4_features_metadata,MLP,3,11.599361262128609,Deep learning
MIT,set4_features_metadata,CNN,4,9.416845693282244,Deep learning
MIT,set4_features_metadata,TabNet,4,17.720123922490814,Deep learning
MIT,set4_features_metadata,DeepVAE,4,8.636730817656447,Deep learning
MIT,set4_features_metadata,MLP,4,8.649399473193885,Deep learning
MIT,set4_features_metadata,CNN,5,15.285011130048742,Deep learning
MIT,set4_features_metadata,TabNet,5,17.51694374184977,Deep learning
MIT,set4_features_metadata,DeepVAE,5,13.263108680628086,Deep learning
MIT,set4_features_metadata,MLP,5,11.789595540177867,Deep learning
MIT,set4_features_metadata,CNN,6,16.84438729892796,Deep learning
MIT,set4_features_metadata,TabNet,6,17.933938951851975,Deep learning
MIT,set4_features_metadata,DeepVAE,6,16.990085446529285,Deep learning
MIT,set4_features_metadata,MLP,6,18.09587265639392,Deep learning
MIT,set4_features_metadata,CNN,7,11.478090772896156,Deep learning
MIT,set4_features_metadata,TabNet,7,25.428001138782697,Deep learning
MIT,set4_features_metadata,DeepVAE,7,10.38861899574303,Deep learning
MIT,set4_features_metadata,MLP,7,10.889255018810816,Deep learning
MIT,set4_features_metadata,CNN,8,13.66350203290697,Deep learning
MIT,set4_features_metadata,TabNet,8,30.5467721930918,Deep learning
MIT,set4_features_metadata,DeepVAE,8,11.51368339567968,Deep learning
MIT,set4_features_metadata,MLP,8,11.753635203286732,Deep learning
MIT,set4_features_metadata,CNN,9,11.413177148228074,Deep learning
MIT,set4_features_metadata,TabNet,9,13.871821565812557,Deep learning
MIT,set4_features_metadata,DeepVAE,9,8.884632556536893,Deep learning
MIT,set4_features_metadata,MLP,9,10.179038777912382,Deep learning
MIT,set4_features_metadata,CNN,10,14.648016971529016,Deep learning
MIT,set4_features_metadata,TabNet,10,33.84979975906937,Deep learning
MIT,set4_features_metadata,DeepVAE,10,7.383168771327417,Deep learning
MIT,set4_features_metadata,MLP,10,7.794678679338202,Deep learning
TRI_Tesla,set4_features_metadata,CNN,1,14.50705620729206,Deep learning
TRI_Tesla,set4_features_metadata,TabNet,1,73.69843973967613,Deep learning
TRI_Tesla,set4_features_metadata,DeepVAE,1,15.584277392409932,Deep learning
TRI_Tesla,set4_features_metadata,MLP,1,11.515108300624382,Deep learning
TRI_Tesla,set4_features_metadata,CNN,2,17.484828130172122,Deep learning
TRI_Tesla,set4_features_metadata,TabNet,2,29.90306441873437,Deep learning
TRI_Tesla,set4_features_metadata,DeepVAE,2,19.499954118334344,Deep learning
TRI_Tesla,set4_features_metadata,MLP,2,15.710281076280111,Deep learning
TRI_Tesla,set4_features_metadata,CNN,3,16.81187910480363,Deep learning
TRI_Tesla,set4_features_metadata,TabNet,3,44.371753061060325,Deep learning
TRI_Tesla,set4_features_metadata,DeepVAE,3,16.74224969534562,Deep learning
TRI_Tesla,set4_features_metadata,MLP,3,16.013429743382794,Deep learning
TRI_Tesla,set4_features_metadata,CNN,4,21.37746068751765,Deep learning
TRI_Tesla,set4_features_metadata,TabNet,4,91.11064313263368,Deep learning
TRI_Tesla,set4_features_metadata,DeepVAE,4,20.33400941403147,Deep learning
TRI_Tesla,set4_features_metadata,MLP,4,16.702686583912957,Deep learning
TRI_Tesla,set4_features_metadata,CNN,5,17.232386477606795,Deep learning
TRI_Tesla,set4_features_metadata,TabNet,5,34.035192956044085,Deep learning
TRI_Tesla,set4_features_metadata,DeepVAE,5,17.527143605855432,Deep learning
TRI_Tesla,set4_features_metadata,MLP,5,18.035331812144697,Deep learning
TRI_Tesla,set4_features_metadata,CNN,6,15.439974949883434,Deep learning
TRI_Tesla,set4_features_metadata,TabNet,6,70.85420902499939,Deep learning
TRI_Tesla,set4_features_metadata,DeepVAE,6,12.057112679105728,Deep learning
TRI_Tesla,set4_features_metadata,MLP,6,11.163930854812811,Deep learning
TRI_Tesla,set4_features_metadata,CNN,7,17.585563148937172,Deep learning
TRI_Tesla,set4_features_metadata,TabNet,7,40.879353933219306,Deep learning
TRI_Tesla,set4_features_metadata,DeepVAE,7,13.532594991627448,Deep learning
TRI_Tesla,set4_features_metadata,MLP,7,16.821192463873018,Deep learning
TRI_Tesla,set4_features_metadata,CNN,8,24.46460427628651,Deep learning
TRI_Tesla,set4_features_metadata,TabNet,8,48.6148898560902,Deep learning
TRI_Tesla,set4_features_metadata,DeepVAE,8,18.57713426657014,Deep learning
TRI_Tesla,set4_features_metadata,MLP,8,13.822536443065609,Deep learning
TRI_Tesla,set4_features_metadata,CNN,9,16.276375534383508,Deep learning
TRI_Tesla,set4_features_metadata,TabNet,9,62.82218282329433,Deep learning
TRI_Tesla,set4_features_metadata,DeepVAE,9,13.939933095825808,Deep learning
TRI_Tesla,set4_features_metadata,MLP,9,13.1216920786111,Deep learning
TRI_Tesla,set4_features_metadata,CNN,10,24.7107965679188,Deep learning
TRI_Tesla,set4_features_metadata,TabNet,10,55.4124556083149,Deep learning
TRI_Tesla,set4_features_metadata,DeepVAE,10,14.537246607689372,Deep learning
TRI_Tesla,set4_features_metadata,MLP,10,14.27701847306666,Deep learning
Formation,set5_features_metadata_corr95,CNN,1,15.355108424970645,Deep learning
Formation,set5_features_metadata_corr95,TabNet,1,12.788344023041168,Deep learning
Formation,set5_features_metadata_corr95,DeepVAE,1,11.703545992333142,Deep learning
Formation,set5_features_metadata_corr95,MLP,1,11.012067533586253,Deep learning
Formation,set5_features_metadata_corr95,CNN,2,12.96483353637295,Deep learning
Formation,set5_features_metadata_corr95,TabNet,2,29.118816761958374,Deep learning
Formation,set5_features_metadata_corr95,DeepVAE,2,13.02856605437938,Deep learning
Formation,set5_features_metadata_corr95,MLP,2,13.77888837409163,Deep learning
Formation,set5_features_metadata_corr95,CNN,3,12.735266541693052,Deep learning
Formation,set5_features_metadata_corr95,TabNet,3,16.26759555179847,Deep learning
Formation,set5_features_metadata_corr95,DeepVAE,3,11.565618403651635,Deep learning
Formation,set5_features_metadata_corr95,MLP,3,10.643307350078365,Deep learning
Formation,set5_features_metadata_corr95,CNN,4,12.736767267732274,Deep learning
Formation,set5_features_metadata_corr95,TabNet,4,18.85902471562246,Deep learning
Formation,set5_features_metadata_corr95,DeepVAE,4,10.35020721542996,Deep learning
Formation,set5_features_metadata_corr95,MLP,4,10.40621046770476,Deep learning
Formation,set5_features_metadata_corr95,CNN,5,15.95987765486344,Deep learning
Formation,set5_features_metadata_corr95,TabNet,5,15.72792436859111,Deep learning
Formation,set5_features_metadata_corr95,DeepVAE,5,11.987578403349096,Deep learning
Formation,set5_features_metadata_corr95,MLP,5,11.869599212465005,Deep learning
Formation,set5_features_metadata_corr95,CNN,6,13.496862974537365,Deep learning
Formation,set5_features_metadata_corr95,TabNet,6,14.844399677391364,Deep learning
Formation,set5_features_metadata_corr95,DeepVAE,6,11.403446598153764,Deep learning
Formation,set5_features_metadata_corr95,MLP,6,10.80376134318853,Deep learning
Formation,set5_features_metadata_corr95,CNN,7,15.651489050911744,Deep learning
Formation,set5_features_metadata_corr95,TabNet,7,19.514232443159937,Deep learning
Formation,set5_features_metadata_corr95,DeepVAE,7,12.736709852202235,Deep learning
Formation,set5_features_metadata_corr95,MLP,7,11.785090941209155,Deep learning
Formation,set5_features_metadata_corr95,CNN,8,12.470166523329157,Deep learning
Formation,set5_features_metadata_corr95,TabNet,8,16.35726671101634,Deep learning
Formation,set5_features_metadata_corr95,DeepVAE,8,9.34839199290609,Deep learning
Formation,set5_features_metadata_corr95,MLP,8,9.029469450100876,Deep learning
Formation,set5_features_metadata_corr95,CNN,9,11.138651913448331,Deep learning
Formation,set5_features_metadata_corr95,TabNet,9,13.266358709464813,Deep learning
Formation,set5_features_metadata_corr95,DeepVAE,9,9.21741929188002,Deep learning
Formation,set5_features_metadata_corr95,MLP,9,8.422591179897697,Deep learning
Formation,set5_features_metadata_corr95,CNN,10,8.909702508237183,Deep learning
Formation,set5_features_metadata_corr95,TabNet,10,17.715740350547435,Deep learning
Formation,set5_features_metadata_corr95,DeepVAE,10,10.655223193114876,Deep learning
Formation,set5_features_metadata_corr95,MLP,10,10.797100179870244,Deep learning
HUST,set5_features_metadata_corr95,CNN,1,12.09815290291198,Deep learning
HUST,set5_features_metadata_corr95,TabNet,1,11.073551413389508,Deep learning
HUST,set5_features_metadata_corr95,DeepVAE,1,11.786647054909317,Deep learning
HUST,set5_features_metadata_corr95,MLP,1,10.231487928339751,Deep learning
HUST,set5_features_metadata_corr95,CNN,2,11.06698835191285,Deep learning
HUST,set5_features_metadata_corr95,TabNet,2,23.91793468371637,Deep learning
HUST,set5_features_metadata_corr95,DeepVAE,2,12.201249829497709,Deep learning
HUST,set5_features_metadata_corr95,MLP,2,12.580621385464076,Deep learning
HUST,set5_features_metadata_corr95,CNN,3,15.913744786198333,Deep learning
HUST,set5_features_metadata_corr95,TabNet,3,11.422545813645328,Deep learning
HUST,set5_features_metadata_corr95,DeepVAE,3,12.779385260054942,Deep learning
HUST,set5_features_metadata_corr95,MLP,3,13.04160429875556,Deep learning
HUST,set5_features_metadata_corr95,CNN,4,10.090931033252128,Deep learning
HUST,set5_features_metadata_corr95,TabNet,4,11.356665347734875,Deep learning
HUST,set5_features_metadata_corr95,DeepVAE,4,14.40402430000168,Deep learning
HUST,set5_features_metadata_corr95,MLP,4,14.389749220130806,Deep learning
HUST,set5_features_metadata_corr95,CNN,5,14.08976938951543,Deep learning
HUST,set5_features_metadata_corr95,TabNet,5,19.85647144263247,Deep learning
HUST,set5_features_metadata_corr95,DeepVAE,5,18.045685133291105,Deep learning
HUST,set5_features_metadata_corr95,MLP,5,15.681956587644963,Deep learning
HUST,set5_features_metadata_corr95,CNN,6,14.508201615954706,Deep learning
HUST,set5_features_metadata_corr95,TabNet,6,16.446555185738607,Deep learning
HUST,set5_features_metadata_corr95,DeepVAE,6,10.947017428761288,Deep learning
HUST,set5_features_metadata_corr95,MLP,6,11.35677819922589,Deep learning
HUST,set5_features_metadata_corr95,CNN,7,22.23542535826948,Deep learning
HUST,set5_features_metadata_corr95,TabNet,7,25.5374750377443,Deep learning
HUST,set5_features_metadata_corr95,DeepVAE,7,19.369898202879472,Deep learning
HUST,set5_features_metadata_corr95,MLP,7,18.837047066579355,Deep learning
HUST,set5_features_metadata_corr95,CNN,8,30.078516644664923,Deep learning
HUST,set5_features_metadata_corr95,TabNet,8,18.229127828693027,Deep learning
HUST,set5_features_metadata_corr95,DeepVAE,8,24.3431754975004,Deep learning
HUST,set5_features_metadata_corr95,MLP,8,17.21380977654306,Deep learning
HUST,set5_features_metadata_corr95,CNN,9,12.106787272559162,Deep learning
HUST,set5_features_metadata_corr95,TabNet,9,18.41161996549549,Deep learning
HUST,set5_features_metadata_corr95,DeepVAE,9,14.225834568124574,Deep learning
HUST,set5_features_metadata_corr95,MLP,9,12.059485601778132,Deep learning
HUST,set5_features_metadata_corr95,CNN,10,11.511243608679052,Deep learning
HUST,set5_features_metadata_corr95,TabNet,10,19.84065855098449,Deep learning
HUST,set5_features_metadata_corr95,DeepVAE,10,9.776955137113442,Deep learning
HUST,set5_features_metadata_corr95,MLP,10,10.292803831610184,Deep learning
ISU_ILCC,set5_features_metadata_corr95,CNN,1,17.74499328050128,Deep learning
ISU_ILCC,set5_features_metadata_corr95,TabNet,1,25.59622084485616,Deep learning
ISU_ILCC,set5_features_metadata_corr95,DeepVAE,1,16.939020846947077,Deep learning
ISU_ILCC,set5_features_metadata_corr95,MLP,1,18.778766944410087,Deep learning
ISU_ILCC,set5_features_metadata_corr95,CNN,2,22.22396653853331,Deep learning
ISU_ILCC,set5_features_metadata_corr95,TabNet,2,23.58352803574718,Deep learning
ISU_ILCC,set5_features_metadata_corr95,DeepVAE,2,23.966024203142577,Deep learning
ISU_ILCC,set5_features_metadata_corr95,MLP,2,21.5459290156633,Deep learning
ISU_ILCC,set5_features_metadata_corr95,CNN,3,17.293217629642495,Deep learning
ISU_ILCC,set5_features_metadata_corr95,TabNet,3,19.673572582628992,Deep learning
ISU_ILCC,set5_features_metadata_corr95,DeepVAE,3,18.594962367322225,Deep learning
ISU_ILCC,set5_features_metadata_corr95,MLP,3,16.037774956945235,Deep learning
ISU_ILCC,set5_features_metadata_corr95,CNN,4,17.713075438041482,Deep learning
ISU_ILCC,set5_features_metadata_corr95,TabNet,4,22.5539995775046,Deep learning
ISU_ILCC,set5_features_metadata_corr95,DeepVAE,4,25.29334513517868,Deep learning
ISU_ILCC,set5_features_metadata_corr95,MLP,4,17.45352527192198,Deep learning
ISU_ILCC,set5_features_metadata_corr95,CNN,5,21.394514145177517,Deep learning
ISU_ILCC,set5_features_metadata_corr95,TabNet,5,37.61280849861454,Deep learning
ISU_ILCC,set5_features_metadata_corr95,DeepVAE,5,17.75336548979149,Deep learning
ISU_ILCC,set5_features_metadata_corr95,MLP,5,21.85607181388185,Deep learning
ISU_ILCC,set5_features_metadata_corr95,CNN,6,24.75386139909061,Deep learning
ISU_ILCC,set5_features_metadata_corr95,TabNet,6,29.26822870002233,Deep learning
ISU_ILCC,set5_features_metadata_corr95,DeepVAE,6,23.74833814828989,Deep learning
ISU_ILCC,set5_features_metadata_corr95,MLP,6,21.1329209883201,Deep learning
ISU_ILCC,set5_features_metadata_corr95,CNN,7,18.788954128890488,Deep learning
ISU_ILCC,set5_features_metadata_corr95,TabNet,7,32.597223363007764,Deep learning
ISU_ILCC,set5_features_metadata_corr95,DeepVAE,7,25.611226733956887,Deep learning
ISU_ILCC,set5_features_metadata_corr95,MLP,7,23.992834301265965,Deep learning
ISU_ILCC,set5_features_metadata_corr95,CNN,8,22.034596020508456,Deep learning
ISU_ILCC,set5_features_metadata_corr95,TabNet,8,41.07645606627812,Deep learning
ISU_ILCC,set5_features_metadata_corr95,DeepVAE,8,21.95174401877471,Deep learning
ISU_ILCC,set5_features_metadata_corr95,MLP,8,24.224798718781702,Deep learning
ISU_ILCC,set5_features_metadata_corr95,CNN,9,22.979499665154847,Deep learning
ISU_ILCC,set5_features_metadata_corr95,TabNet,9,23.33542354665964,Deep learning
ISU_ILCC,set5_features_metadata_corr95,DeepVAE,9,27.332490453918425,Deep learning
ISU_ILCC,set5_features_metadata_corr95,MLP,9,22.252270058951616,Deep learning
ISU_ILCC,set5_features_metadata_corr95,CNN,10,25.47588682343091,Deep learning
ISU_ILCC,set5_features_metadata_corr95,TabNet,10,36.69980114452458,Deep learning
ISU_ILCC,set5_features_metadata_corr95,DeepVAE,10,21.245354414302085,Deep learning
ISU_ILCC,set5_features_metadata_corr95,MLP,10,27.43246309039445,Deep learning
KIT,set5_features_metadata_corr95,CNN,1,34.814939175935784,Deep learning
KIT,set5_features_metadata_corr95,TabNet,1,53.4675739468896,Deep learning
KIT,set5_features_metadata_corr95,DeepVAE,1,19.696663859319035,Deep learning
KIT,set5_features_metadata_corr95,MLP,1,14.775580042899891,Deep learning
KIT,set5_features_metadata_corr95,CNN,2,29.6078170728317,Deep learning
KIT,set5_features_metadata_corr95,TabNet,2,40.865067653493234,Deep learning
KIT,set5_features_metadata_corr95,DeepVAE,2,35.933804307735514,Deep learning
KIT,set5_features_metadata_corr95,MLP,2,31.2641024842265,Deep learning
KIT,set5_features_metadata_corr95,CNN,3,21.867142200279112,Deep learning
KIT,set5_features_metadata_corr95,TabNet,3,28.90160370771897,Deep learning
KIT,set5_features_metadata_corr95,DeepVAE,3,39.94731575508425,Deep learning
KIT,set5_features_metadata_corr95,MLP,3,43.20369493636076,Deep learning
KIT,set5_features_metadata_corr95,CNN,4,22.56040374781407,Deep learning
KIT,set5_features_metadata_corr95,TabNet,4,37.805722421127946,Deep learning
KIT,set5_features_metadata_corr95,DeepVAE,4,38.34790376370309,Deep learning
KIT,set5_features_metadata_corr95,MLP,4,36.3695618875086,Deep learning
KIT,set5_features_metadata_corr95,CNN,5,30.637733719409,Deep learning
KIT,set5_features_metadata_corr95,TabNet,5,53.99376066605137,Deep learning
KIT,set5_features_metadata_corr95,DeepVAE,5,30.56458662337141,Deep learning
KIT,set5_features_metadata_corr95,MLP,5,33.22659945174261,Deep learning
KIT,set5_features_metadata_corr95,CNN,6,36.20847970911908,Deep learning
KIT,set5_features_metadata_corr95,TabNet,6,89.26197845669448,Deep learning
KIT,set5_features_metadata_corr95,DeepVAE,6,37.41444689619471,Deep learning
KIT,set5_features_metadata_corr95,MLP,6,41.15411693117836,Deep learning
KIT,set5_features_metadata_corr95,CNN,7,30.526616989324,Deep learning
KIT,set5_features_metadata_corr95,TabNet,7,30.760754020724463,Deep learning
KIT,set5_features_metadata_corr95,DeepVAE,7,32.62846395321793,Deep learning
KIT,set5_features_metadata_corr95,MLP,7,37.31459844999017,Deep learning
KIT,set5_features_metadata_corr95,CNN,8,21.36950977203737,Deep learning
KIT,set5_features_metadata_corr95,TabNet,8,73.61300044591118,Deep learning
KIT,set5_features_metadata_corr95,DeepVAE,8,19.64109817324313,Deep learning
KIT,set5_features_metadata_corr95,MLP,8,18.630951764090963,Deep learning
KIT,set5_features_metadata_corr95,CNN,9,20.907934872276847,Deep learning
KIT,set5_features_metadata_corr95,TabNet,9,25.22050450862997,Deep learning
KIT,set5_features_metadata_corr95,DeepVAE,9,52.96947854831249,Deep learning
KIT,set5_features_metadata_corr95,MLP,9,45.51652170360189,Deep learning
KIT,set5_features_metadata_corr95,CNN,10,38.65029441104847,Deep learning
KIT,set5_features_metadata_corr95,TabNet,10,35.83077369823615,Deep learning
KIT,set5_features_metadata_corr95,DeepVAE,10,15.475953818555016,Deep learning
KIT,set5_features_metadata_corr95,MLP,10,36.38895296256219,Deep learning
LSD_Primary,set5_features_metadata_corr95,CNN,1,30.354220480409825,Deep learning
LSD_Primary,set5_features_metadata_corr95,TabNet,1,101.7145107571271,Deep learning
LSD_Primary,set5_features_metadata_corr95,DeepVAE,1,37.7163606415448,Deep learning
LSD_Primary,set5_features_metadata_corr95,MLP,1,32.59627197746526,Deep learning
LSD_Primary,set5_features_metadata_corr95,CNN,2,21.43779732183632,Deep learning
LSD_Primary,set5_features_metadata_corr95,TabNet,2,39.788193107379904,Deep learning
LSD_Primary,set5_features_metadata_corr95,DeepVAE,2,13.613605177907116,Deep learning
LSD_Primary,set5_features_metadata_corr95,MLP,2,13.130733896041738,Deep learning
LSD_Primary,set5_features_metadata_corr95,CNN,3,26.76925445217621,Deep learning
LSD_Primary,set5_features_metadata_corr95,TabNet,3,29.187799150798483,Deep learning
LSD_Primary,set5_features_metadata_corr95,DeepVAE,3,13.604826354370154,Deep learning
LSD_Primary,set5_features_metadata_corr95,MLP,3,22.68757275946805,Deep learning
LSD_Primary,set5_features_metadata_corr95,CNN,4,53.586767412513744,Deep learning
LSD_Primary,set5_features_metadata_corr95,TabNet,4,73.38231672829434,Deep learning
LSD_Primary,set5_features_metadata_corr95,DeepVAE,4,61.884108041281415,Deep learning
LSD_Primary,set5_features_metadata_corr95,MLP,4,61.31405784471695,Deep learning
LSD_Primary,set5_features_metadata_corr95,CNN,5,29.73058468847876,Deep learning
LSD_Primary,set5_features_metadata_corr95,TabNet,5,167.60007465957796,Deep learning
LSD_Primary,set5_features_metadata_corr95,DeepVAE,5,53.99851011657646,Deep learning
LSD_Primary,set5_features_metadata_corr95,MLP,5,62.50611082065659,Deep learning
LSD_Primary,set5_features_metadata_corr95,CNN,6,39.45516902255097,Deep learning
LSD_Primary,set5_features_metadata_corr95,TabNet,6,282.0576366604769,Deep learning
LSD_Primary,set5_features_metadata_corr95,DeepVAE,6,323.5983961453685,Deep learning
LSD_Primary,set5_features_metadata_corr95,MLP,6,69.97044027983894,Deep learning
LSD_Primary,set5_features_metadata_corr95,CNN,7,19.084606723476497,Deep learning
LSD_Primary,set5_features_metadata_corr95,TabNet,7,66.51464172092142,Deep learning
LSD_Primary,set5_features_metadata_corr95,DeepVAE,7,48.69053717157954,Deep learning
LSD_Primary,set5_features_metadata_corr95,MLP,7,64.98870407987883,Deep learning
LSD_Primary,set5_features_metadata_corr95,CNN,8,106.16110234450508,Deep learning
LSD_Primary,set5_features_metadata_corr95,TabNet,8,434.4149270435976,Deep learning
LSD_Primary,set5_features_metadata_corr95,DeepVAE,8,63.02158542494205,Deep learning
LSD_Primary,set5_features_metadata_corr95,MLP,8,46.06030286553087,Deep learning
LSD_Primary,set5_features_metadata_corr95,CNN,9,24.781885699179107,Deep learning
LSD_Primary,set5_features_metadata_corr95,TabNet,9,41.86257509550085,Deep learning
LSD_Primary,set5_features_metadata_corr95,DeepVAE,9,39.84057529824612,Deep learning
LSD_Primary,set5_features_metadata_corr95,MLP,9,31.20815575876426,Deep learning
LSD_Primary,set5_features_metadata_corr95,CNN,10,20.58077295691688,Deep learning
LSD_Primary,set5_features_metadata_corr95,TabNet,10,685.5659267601276,Deep learning
LSD_Primary,set5_features_metadata_corr95,DeepVAE,10,65.24482542981147,Deep learning
LSD_Primary,set5_features_metadata_corr95,MLP,10,19.30350689922849,Deep learning
LSD_Second,set5_features_metadata_corr95,CNN,1,23.55954646730432,Deep learning
LSD_Second,set5_features_metadata_corr95,TabNet,1,22.12880413667188,Deep learning
LSD_Second,set5_features_metadata_corr95,DeepVAE,1,27.97048318172642,Deep learning
LSD_Second,set5_features_metadata_corr95,MLP,1,23.997140256564823,Deep learning
LSD_Second,set5_features_metadata_corr95,CNN,2,11.592445404661175,Deep learning
LSD_Second,set5_features_metadata_corr95,TabNet,2,54.79890882218821,Deep learning
LSD_Second,set5_features_metadata_corr95,DeepVAE,2,25.382167953514436,Deep learning
LSD_Second,set5_features_metadata_corr95,MLP,2,14.297229977148382,Deep learning
LSD_Second,set5_features_metadata_corr95,CNN,3,13.223066077361027,Deep learning
LSD_Second,set5_features_metadata_corr95,TabNet,3,29.30094338582187,Deep learning
LSD_Second,set5_features_metadata_corr95,DeepVAE,3,16.067091737430033,Deep learning
LSD_Second,set5_features_metadata_corr95,MLP,3,12.805638954160592,Deep learning
LSD_Second,set5_features_metadata_corr95,CNN,4,21.62192601033939,Deep learning
LSD_Second,set5_features_metadata_corr95,TabNet,4,24.1722614848726,Deep learning
LSD_Second,set5_features_metadata_corr95,DeepVAE,4,14.531402190259152,Deep learning
LSD_Second,set5_features_metadata_corr95,MLP,4,18.77099746791357,Deep learning
LSD_Second,set5_features_metadata_corr95,CNN,5,26.955151667412565,Deep learning
LSD_Second,set5_features_metadata_corr95,TabNet,5,39.00561279160196,Deep learning
LSD_Second,set5_features_metadata_corr95,DeepVAE,5,24.343516681501445,Deep learning
LSD_Second,set5_features_metadata_corr95,MLP,5,19.507878652306,Deep learning
LSD_Second,set5_features_metadata_corr95,CNN,6,15.721518767981612,Deep learning
LSD_Second,set5_features_metadata_corr95,TabNet,6,41.02233702571221,Deep learning
LSD_Second,set5_features_metadata_corr95,DeepVAE,6,15.085119451470838,Deep learning
LSD_Second,set5_features_metadata_corr95,MLP,6,16.302489440867678,Deep learning
LSD_Second,set5_features_metadata_corr95,CNN,7,14.21336634440768,Deep learning
LSD_Second,set5_features_metadata_corr95,TabNet,7,40.06343731396602,Deep learning
LSD_Second,set5_features_metadata_corr95,DeepVAE,7,28.77636212378503,Deep learning
LSD_Second,set5_features_metadata_corr95,MLP,7,25.431180479209058,Deep learning
LSD_Second,set5_features_metadata_corr95,CNN,8,27.56401248289953,Deep learning
LSD_Second,set5_features_metadata_corr95,TabNet,8,27.31491625774093,Deep learning
LSD_Second,set5_features_metadata_corr95,DeepVAE,8,22.39417944095249,Deep learning
LSD_Second,set5_features_metadata_corr95,MLP,8,17.661448202688852,Deep learning
LSD_Second,set5_features_metadata_corr95,CNN,9,15.432902355897632,Deep learning
LSD_Second,set5_features_metadata_corr95,TabNet,9,25.431525520948806,Deep learning
LSD_Second,set5_features_metadata_corr95,DeepVAE,9,13.047821689498784,Deep learning
LSD_Second,set5_features_metadata_corr95,MLP,9,10.646130719067004,Deep learning
LSD_Second,set5_features_metadata_corr95,CNN,10,34.88150562882728,Deep learning
LSD_Second,set5_features_metadata_corr95,TabNet,10,26.25875905285725,Deep learning
LSD_Second,set5_features_metadata_corr95,DeepVAE,10,29.663719162582574,Deep learning
LSD_Second,set5_features_metadata_corr95,MLP,10,27.377463468296565,Deep learning
MIT,set5_features_metadata_corr95,CNN,1,16.37179210902369,Deep learning
MIT,set5_features_metadata_corr95,TabNet,1,21.52564358582339,Deep learning
MIT,set5_features_metadata_corr95,DeepVAE,1,14.115437535113406,Deep learning
MIT,set5_features_metadata_corr95,MLP,1,13.300405673373868,Deep learning
MIT,set5_features_metadata_corr95,CNN,2,13.543300308465357,Deep learning
MIT,set5_features_metadata_corr95,TabNet,2,42.00825080121071,Deep learning
MIT,set5_features_metadata_corr95,DeepVAE,2,12.967039059957978,Deep learning
MIT,set5_features_metadata_corr95,MLP,2,12.034490947292332,Deep learning
MIT,set5_features_metadata_corr95,CNN,3,29.36297802112827,Deep learning
MIT,set5_features_metadata_corr95,TabNet,3,21.279993253760043,Deep learning
MIT,set5_features_metadata_corr95,DeepVAE,3,10.031338209953258,Deep learning
MIT,set5_features_metadata_corr95,MLP,3,9.232328845301868,Deep learning
MIT,set5_features_metadata_corr95,CNN,4,11.178814647362284,Deep learning
MIT,set5_features_metadata_corr95,TabNet,4,20.524794637501845,Deep learning
MIT,set5_features_metadata_corr95,DeepVAE,4,8.594383642194597,Deep learning
MIT,set5_features_metadata_corr95,MLP,4,8.07469677068956,Deep learning
MIT,set5_features_metadata_corr95,CNN,5,11.679423014646185,Deep learning
MIT,set5_features_metadata_corr95,TabNet,5,26.470538187199725,Deep learning
MIT,set5_features_metadata_corr95,DeepVAE,5,10.321016858732742,Deep learning
MIT,set5_features_metadata_corr95,MLP,5,14.06143737291991,Deep learning
MIT,set5_features_metadata_corr95,CNN,6,20.055884795674665,Deep learning
MIT,set5_features_metadata_corr95,TabNet,6,23.577481478841168,Deep learning
MIT,set5_features_metadata_corr95,DeepVAE,6,16.7999722217462,Deep learning
MIT,set5_features_metadata_corr95,MLP,6,20.34859434627496,Deep learning
MIT,set5_features_metadata_corr95,CNN,7,15.431522366308409,Deep learning
MIT,set5_features_metadata_corr95,TabNet,7,18.0767868201837,Deep learning
MIT,set5_features_metadata_corr95,DeepVAE,7,10.960560487159638,Deep learning
MIT,set5_features_metadata_corr95,MLP,7,10.935625051111158,Deep learning
MIT,set5_features_metadata_corr95,CNN,8,14.719277570884088,Deep learning
MIT,set5_features_metadata_corr95,TabNet,8,24.68700465449804,Deep learning
MIT,set5_features_metadata_corr95,DeepVAE,8,11.408307350107712,Deep learning
MIT,set5_features_metadata_corr95,MLP,8,11.308613585995683,Deep learning
MIT,set5_features_metadata_corr95,CNN,9,10.592025765854029,Deep learning
MIT,set5_features_metadata_corr95,TabNet,9,18.952741416909586,Deep learning
MIT,set5_features_metadata_corr95,DeepVAE,9,7.553511745001716,Deep learning
MIT,set5_features_metadata_corr95,MLP,9,8.686116892696198,Deep learning
MIT,set5_features_metadata_corr95,CNN,10,11.621593125840416,Deep learning
MIT,set5_features_metadata_corr95,TabNet,10,27.40428819321424,Deep learning
MIT,set5_features_metadata_corr95,DeepVAE,10,9.343395304030706,Deep learning
MIT,set5_features_metadata_corr95,MLP,10,8.39795370061454,Deep learning
TRI_Tesla,set5_features_metadata_corr95,CNN,1,14.210055142258046,Deep learning
TRI_Tesla,set5_features_metadata_corr95,TabNet,1,73.42599840661049,Deep learning
TRI_Tesla,set5_features_metadata_corr95,DeepVAE,1,10.951026471404612,Deep learning
TRI_Tesla,set5_features_metadata_corr95,MLP,1,12.28205114784448,Deep learning
TRI_Tesla,set5_features_metadata_corr95,CNN,2,20.1477546035821,Deep learning
TRI_Tesla,set5_features_metadata_corr95,TabNet,2,31.509278125797955,Deep learning
TRI_Tesla,set5_features_metadata_corr95,DeepVAE,2,14.985961059568709,Deep learning
TRI_Tesla,set5_features_metadata_corr95,MLP,2,15.577967037301258,Deep learning
TRI_Tesla,set5_features_metadata_corr95,CNN,3,16.736561938329686,Deep learning
TRI_Tesla,set5_features_metadata_corr95,TabNet,3,37.835446498944286,Deep learning
TRI_Tesla,set5_features_metadata_corr95,DeepVAE,3,15.380946245427088,Deep learning
TRI_Tesla,set5_features_metadata_corr95,MLP,3,14.60102186084318,Deep learning
TRI_Tesla,set5_features_metadata_corr95,CNN,4,15.922646637887784,Deep learning
TRI_Tesla,set5_features_metadata_corr95,TabNet,4,104.03794146127898,Deep learning
TRI_Tesla,set5_features_metadata_corr95,DeepVAE,4,14.607477730120836,Deep learning
TRI_Tesla,set5_features_metadata_corr95,MLP,4,17.169063966263,Deep learning
TRI_Tesla,set5_features_metadata_corr95,CNN,5,15.655091824427322,Deep learning
TRI_Tesla,set5_features_metadata_corr95,TabNet,5,62.25394787289007,Deep learning
TRI_Tesla,set5_features_metadata_corr95,DeepVAE,5,22.910639300616687,Deep learning
TRI_Tesla,set5_features_metadata_corr95,MLP,5,29.143070423732127,Deep learning
TRI_Tesla,set5_features_metadata_corr95,CNN,6,16.88466796858525,Deep learning
TRI_Tesla,set5_features_metadata_corr95,TabNet,6,45.89127798176896,Deep learning
TRI_Tesla,set5_features_metadata_corr95,DeepVAE,6,11.575750012787507,Deep learning
TRI_Tesla,set5_features_metadata_corr95,MLP,6,12.76304485725444,Deep learning
TRI_Tesla,set5_features_metadata_corr95,CNN,7,13.894366734217018,Deep learning
TRI_Tesla,set5_features_metadata_corr95,TabNet,7,28.912117631996,Deep learning
TRI_Tesla,set5_features_metadata_corr95,DeepVAE,7,12.354792527225742,Deep learning
TRI_Tesla,set5_features_metadata_corr95,MLP,7,14.99988058150348,Deep learning
TRI_Tesla,set5_features_metadata_corr95,CNN,8,23.328302505182226,Deep learning
TRI_Tesla,set5_features_metadata_corr95,TabNet,8,71.46479314994623,Deep learning
TRI_Tesla,set5_features_metadata_corr95,DeepVAE,8,11.253793132265017,Deep learning
TRI_Tesla,set5_features_metadata_corr95,MLP,8,13.549218677475658,Deep learning
TRI_Tesla,set5_features_metadata_corr95,CNN,9,15.963030685719136,Deep learning
TRI_Tesla,set5_features_metadata_corr95,TabNet,9,42.65190732618163,Deep learning
TRI_Tesla,set5_features_metadata_corr95,DeepVAE,9,12.000616083551996,Deep learning
TRI_Tesla,set5_features_metadata_corr95,MLP,9,12.84906601475084,Deep learning
TRI_Tesla,set5_features_metadata_corr95,CNN,10,14.983704603361158,Deep learning
TRI_Tesla,set5_features_metadata_corr95,TabNet,10,28.21374544656549,Deep learning
TRI_Tesla,set5_features_metadata_corr95,DeepVAE,10,12.01415658970639,Deep learning
TRI_Tesla,set5_features_metadata_corr95,MLP,10,11.7143045492612,Deep learning
